{
"type": "FeatureCollection",
"name": "mzas_poly_22_va",
"crs": { "type": "name", "properties": { "name": "urn:ogc:def:crs:OGC:1.3:CRS84" } },
"features": [
{ "type": "Feature", "properties": { "FNODE_": 1, "TNODE_": 1, "LPOLY_": 2, "RPOLY_": 3, "LENGTH": 510.503, "M0080_": 1, "M0080_ID": 0 }, "geometry": { "type": "MultiLineString", "coordinates": [ [ [ -60.724925884227531, -27.551621480359383 ], [ -60.724922921624923, -27.551170302969222 ], [ -60.722842391534215, -27.55117662816831 ], [ -60.722845316094038, -27.551623293990083 ], [ -60.724925884227531, -27.551621480359383 ] ] ] } },
{ "type": "Feature", "properties": { "FNODE_": 2, "TNODE_": 2, "LPOLY_": 2, "RPOLY_": 4, "LENGTH": 503.006, "M0080_": 2, "M0080_ID": 0 }, "geometry": { "type": "MultiLineString", "coordinates": [ [ [ -60.72492979496851, -27.552217034469045 ], [ -60.72492706928788, -27.551801951307137 ], [ -60.722846497753473, -27.551803765020939 ], [ -60.72285430724849, -27.552223333818713 ], [ -60.72492979496851, -27.552217034469045 ] ] ] } },
{ "type": "Feature", "properties": { "FNODE_": 3, "TNODE_": 3, "LPOLY_": 2, "RPOLY_": 5, "LENGTH": 508.504, "M0080_": 3, "M0080_ID": 0 }, "geometry": { "type": "MultiLineString", "coordinates": [ [ [ -60.724933913227119, -27.552844170937874 ], [ -60.72493098006526, -27.552397505401171 ], [ -60.722855488952781, -27.552403804833617 ], [ -60.722863475841223, -27.552850444243607 ], [ -60.724933913227119, -27.552844170937874 ] ] ] } },
{ "type": "Feature", "properties": { "FNODE_": 4, "TNODE_": 4, "LPOLY_": 2, "RPOLY_": 6, "LENGTH": 499.001, "M0080_": 4, "M0080_ID": 0 }, "geometry": { "type": "MultiLineString", "coordinates": [ [ [ -60.724937764956408, -27.55343070139654 ], [ -60.724935098362174, -27.55302464185355 ], [ -60.722864657591998, -27.55303091524187 ], [ -60.722867316571453, -27.553436974970658 ], [ -60.724937764956408, -27.55343070139654 ] ] ] } },
{ "type": "Feature", "properties": { "FNODE_": 5, "TNODE_": 5, "LPOLY_": 2, "RPOLY_": 7, "LENGTH": 510.504, "M0080_": 5, "M0080_ID": 0 }, "geometry": { "type": "MultiLineString", "coordinates": [ [ [ -60.724941972363069, -27.554071373071146 ], [ -60.724938950127324, -27.553611172296836 ], [ -60.722868498357954, -27.553617445953552 ], [ -60.722876574142674, -27.554077620605288 ], [ -60.724941972363069, -27.554071373071146 ] ] ] } },
{ "type": "Feature", "properties": { "FNODE_": 6, "TNODE_": 6, "LPOLY_": 2, "RPOLY_": 15, "LENGTH": 702.532, "M0080_": 6, "M0080_ID": 0 }, "geometry": { "type": "MultiLineString", "coordinates": [ [ [ -60.697174293835062, -27.556374677740198 ], [ -60.697695712030814, -27.556372060671968 ], [ -60.697715961279712, -27.556371958998788 ], [ -60.697731148216313, -27.556371882741971 ], [ -60.697746335152864, -27.55637180648349 ], [ -60.697766584401499, -27.556371704802938 ], [ -60.698343687942973, -27.556368805666896 ], [ -60.698363937188468, -27.556368703899317 ], [ -60.698379124122539, -27.556368627571679 ], [ -60.698394311056518, -27.556368551242397 ], [ -60.698414560301771, -27.556368449467435 ], [ -60.698961289882959, -27.556365700428167 ], [ -60.698931098602046, -27.554795697024527 ], [ -60.697139008728406, -27.554795675277603 ], [ -60.697174293835062, -27.556374677740198 ] ] ] } },
{ "type": "Feature", "properties": { "FNODE_": 7, "TNODE_": 7, "LPOLY_": 2, "RPOLY_": 23, "LENGTH": 305.526, "M0080_": 7, "M0080_ID": 0 }, "geometry": { "type": "MultiLineString", "coordinates": [ [ [ -60.691880298734993, -27.556590639870322 ], [ -60.6928826396529, -27.556585645416924 ], [ -60.692864393907428, -27.556098446522494 ], [ -60.691877187765911, -27.556094341540572 ], [ -60.691880298734993, -27.556590639870322 ] ] ] } },
{ "type": "Feature", "properties": { "FNODE_": 8, "TNODE_": 8, "LPOLY_": 2, "RPOLY_": 21, "LENGTH": 1581.335, "M0080_": 8, "M0080_ID": 0 }, "geometry": { "type": "MultiLineString", "coordinates": [ [ [ -60.747091148237892, -27.556525850044078 ], [ -60.747167021114336, -27.55651641826481 ], [ -60.753180985141192, -27.556483950476739 ], [ -60.753165825071235, -27.555004126452712 ], [ -60.746757151408957, -27.555047737957043 ], [ -60.746764904472442, -27.556193722198145 ], [ -60.746760330617235, -27.556265937380751 ], [ -60.746770760373508, -27.55631100045531 ], [ -60.746796437961088, -27.556365005406565 ], [ -60.746827147306163, -27.55641447139606 ], [ -60.746867920143416, -27.556454859462946 ], [ -60.746918756473356, -27.55648616959849 ], [ -60.746974594028146, -27.55650842900522 ], [ -60.747030370532904, -27.556521664892756 ], [ -60.747091148237892, -27.556525850044078 ] ] ] } },
{ "type": "Feature", "properties": { "FNODE_": 9, "TNODE_": 9, "LPOLY_": 2, "RPOLY_": 14, "LENGTH": 1521.623, "M0080_": 9, "M0080_ID": 0 }, "geometry": { "type": "MultiLineString", "coordinates": [ [ [ -60.699184428124674, -27.557226358282033 ], [ -60.700753584373629, -27.557191382064151 ], [ -60.700749774604375, -27.556591313446951 ], [ -60.700754750989439, -27.556577752534569 ], [ -60.700759727373331, -27.556564191621977 ], [ -60.700769794718347, -27.556555116973573 ], [ -60.700784953024403, -27.556550528588232 ], [ -60.700800111329158, -27.556545940201264 ], [ -60.700815326926751, -27.556550375401208 ], [ -60.700830542525509, -27.556554810599476 ], [ -60.700840724456199, -27.556563783123021 ], [ -60.700845872718837, -27.556577292972971 ], [ -60.700851020982768, -27.556590802822679 ], [ -60.700854831302358, -27.557190871426887 ], [ -60.70260623042109, -27.55715495497352 ], [ -60.702573566612408, -27.556000064065788 ], [ -60.701738317373831, -27.556008796575014 ], [ -60.70172310181669, -27.556004361475086 ], [ -60.701707886260742, -27.555999926373484 ], [ -60.701697704314164, -27.555990953913078 ], [ -60.701692555977026, -27.555977444094992 ], [ -60.701687407641181, -27.555963934276669 ], [ -60.701692383883788, -27.555950373332166 ], [ -60.701697360125209, -27.555936812387458 ], [ -60.701707427335521, -27.555927737672807 ], [ -60.701722585514652, -27.555923149187102 ], [ -60.701737743692476, -27.555918560699755 ], [ -60.702572992248463, -27.555909828206609 ], [ -60.702540185885169, -27.554732378103363 ], [ -60.699133588141144, -27.554794678413295 ], [ -60.699164153832697, -27.556423335067276 ], [ -60.699164268150447, -27.556441382251066 ], [ -60.699164353888825, -27.556454917638877 ], [ -60.699164439627268, -27.556468453026657 ], [ -60.699164553945266, -27.556486500210308 ], [ -60.699184428124674, -27.557226358282033 ] ] ] } },
{ "type": "Feature", "properties": { "FNODE_": 10, "TNODE_": 10, "LPOLY_": 2, "RPOLY_": 24, "LENGTH": 248.017, "M0080_": 10, "M0080_ID": 0 }, "geometry": { "type": "MultiLineString", "coordinates": [ [ [ -60.69848585234044, -27.557234383580177 ], [ -60.698981934127019, -27.557227377049852 ], [ -60.698962432730696, -27.556546172273194 ], [ -60.6984815124096, -27.556548590541944 ], [ -60.69848585234044, -27.557234383580177 ] ] ] } },
{ "type": "Feature", "properties": { "FNODE_": 11, "TNODE_": 11, "LPOLY_": 2, "RPOLY_": 25, "LENGTH": 241.011, "M0080_": 11, "M0080_ID": 0 }, "geometry": { "type": "MultiLineString", "coordinates": [ [ [ -60.697837928419041, -27.55724666293538 ], [ -60.698283358297829, -27.557235401330278 ], [ -60.698279019624877, -27.556549608262493 ], [ -60.697833535461108, -27.556551846209171 ], [ -60.697837928419041, -27.55724666293538 ] ] ] } },
{ "type": "Feature", "properties": { "FNODE_": 12, "TNODE_": 12, "LPOLY_": 2, "RPOLY_": 26, "LENGTH": 243.017, "M0080_": 12, "M0080_ID": 0 }, "geometry": { "type": "MultiLineString", "coordinates": [ [ [ -60.697195038136513, -27.557254402074154 ], [ -60.697635434325861, -27.557247679741739 ], [ -60.697631042642406, -27.556552862985605 ], [ -60.697175433761508, -27.55655514965386 ], [ -60.697195038136513, -27.557254402074154 ] ] ] } },
{ "type": "Feature", "properties": { "FNODE_": 13, "TNODE_": 13, "LPOLY_": 2, "RPOLY_": 27, "LENGTH": 313.507, "M0080_": 13, "M0080_ID": 0 }, "geometry": { "type": "MultiLineString", "coordinates": [ [ [ -60.692892120459284, -27.557289461230702 ], [ -60.692884140773927, -27.556824770912442 ], [ -60.692883772572728, -27.556766117489783 ], [ -60.691881430016217, -27.556771111981373 ], [ -60.691884654225468, -27.557285457471878 ], [ -60.692892120459284, -27.557289461230702 ] ] ] } },
{ "type": "Feature", "properties": { "FNODE_": 14, "TNODE_": 14, "LPOLY_": 2, "RPOLY_": 28, "LENGTH": 412.037, "M0080_": 14, "M0080_ID": 0 }, "geometry": { "type": "MultiLineString", "coordinates": [ [ [ -60.716284893606925, -27.557901775455864 ], [ -60.71729736587956, -27.557896552478194 ], [ -60.717296329276422, -27.556958076609579 ], [ -60.716253433140679, -27.556954432428928 ], [ -60.716271606612359, -27.557414555577058 ], [ -60.716284893606925, -27.557901775455864 ] ] ] } },
{ "type": "Feature", "properties": { "FNODE_": 15, "TNODE_": 15, "LPOLY_": 2, "RPOLY_": 29, "LENGTH": 502.524, "M0080_": 15, "M0080_ID": 0 }, "geometry": { "type": "MultiLineString", "coordinates": [ [ [ -60.715069926520101, -27.557908033292481 ], [ -60.716082399119685, -27.557902819166252 ], [ -60.716069405735098, -27.557460717038978 ], [ -60.715608732579938, -27.557463090302953 ], [ -60.715593516299613, -27.557458656737186 ], [ -60.715578300020496, -27.557454223169731 ], [ -60.715568116833474, -27.557445251751453 ], [ -60.715562966738638, -27.557431742483452 ], [ -60.715557816645102, -27.557418233215213 ], [ -60.715562791232948, -27.557404671807678 ], [ -60.715567765819607, -27.557391110399966 ], [ -60.71557783199539, -27.557382034701238 ], [ -60.715592989760196, -27.557377444710397 ], [ -60.715608147523717, -27.557372854717936 ], [ -60.716068820302333, -27.557370481463032 ], [ -60.716050940390005, -27.556955476060551 ], [ -60.715063875764478, -27.556974094879926 ], [ -60.715069926520101, -27.557908033292481 ] ] ] } },
{ "type": "Feature", "properties": { "FNODE_": 16, "TNODE_": 16, "LPOLY_": 2, "RPOLY_": 32, "LENGTH": 250.519, "M0080_": 16, "M0080_ID": 0 }, "geometry": { "type": "MultiLineString", "coordinates": [ [ [ -60.698491334577724, -27.55810064837285 ], [ -60.698997516461048, -27.558089079023276 ], [ -60.698983077050364, -27.557407848871698 ], [ -60.698486994453013, -27.557414855420966 ], [ -60.698491334577724, -27.55810064837285 ] ] ] } },
{ "type": "Feature", "properties": { "FNODE_": 17, "TNODE_": 17, "LPOLY_": 2, "RPOLY_": 33, "LENGTH": 241.023, "M0080_": 17, "M0080_ID": 0 }, "geometry": { "type": "MultiLineString", "coordinates": [ [ [ -60.697843434101529, -27.558117439642526 ], [ -60.698288867491776, -27.558106177956017 ], [ -60.698284500079346, -27.557415873178865 ], [ -60.697839069472813, -27.557427134800836 ], [ -60.697843434101529, -27.558117439642526 ] ] ] } },
{ "type": "Feature", "properties": { "FNODE_": 18, "TNODE_": 18, "LPOLY_": 2, "RPOLY_": 34, "LENGTH": 241.016, "M0080_": 18, "M0080_ID": 0 }, "geometry": { "type": "MultiLineString", "coordinates": [ [ [ -60.697205658144938, -27.558134177091784 ], [ -60.697640966930287, -27.558122968282717 ], [ -60.69763657504862, -27.55742815161496 ], [ -60.697196178139507, -27.557434873964162 ], [ -60.697205658144938, -27.558134177091784 ] ] ] } },
{ "type": "Feature", "properties": { "FNODE_": 19, "TNODE_": 19, "LPOLY_": 2, "RPOLY_": 12, "LENGTH": 2264.634, "M0080_": 19, "M0080_ID": 0 }, "geometry": { "type": "MultiLineString", "coordinates": [ [ [ -60.705403337159247, -27.55835449402343 ], [ -60.706425796376415, -27.558326739840584 ], [ -60.706446045945967, -27.55832663688858 ], [ -60.706476420300056, -27.55832648245503 ], [ -60.706496669869331, -27.55832637949565 ], [ -60.707650692639248, -27.558288923428051 ], [ -60.707670942196479, -27.558288820297673 ], [ -60.70768612936434, -27.558288742947944 ], [ -60.707701316532116, -27.558288665596571 ], [ -60.707721566089091, -27.558288562458813 ], [ -60.708870757248569, -27.558287216341608 ], [ -60.708891006800137, -27.558287113033433 ], [ -60.708906193963735, -27.558287035550372 ], [ -60.708921381127276, -27.558286958065644 ], [ -60.708941630678574, -27.558286854750101 ], [ -60.711098090995357, -27.558257787621969 ], [ -60.711096230562326, -27.557969033494544 ], [ -60.710316596331893, -27.557968509275149 ], [ -60.710301380180219, -27.557964075127416 ], [ -60.710286164029718, -27.557959640978002 ], [ -60.71027598121605, -27.557950669165244 ], [ -60.710270831739287, -27.557937159690248 ], [ -60.71026568226381, -27.557923650214999 ], [ -60.710270657527772, -27.557910088985199 ], [ -60.710275632790562, -27.557896527755211 ], [ -60.710285699455788, -27.557887452431441 ], [ -60.710300857523357, -27.557882863012818 ], [ -60.710316015589648, -27.557878273592543 ], [ -60.711095649182681, -27.557878797827232 ], [ -60.711084482536442, -27.55693134915532 ], [ -60.711071775804818, -27.555744775760182 ], [ -60.710251659125738, -27.555744458111029 ], [ -60.710236443285247, -27.55574002394895 ], [ -60.710221227445942, -27.555735589785179 ], [ -60.710211044846922, -27.55572661796085 ], [ -60.710205895488286, -27.555713108477033 ], [ -60.71020074613093, -27.555699598992991 ], [ -60.71020572130918, -27.555686037762953 ], [ -60.710210696486229, -27.555672476532706 ], [ -60.7102207629584, -27.555663401214495 ], [ -60.710235920725587, -27.555658811807195 ], [ -60.710251078491474, -27.55565422239826 ], [ -60.711071194500128, -27.555654540063493 ], [ -60.711064509690594, -27.554616829466635 ], [ -60.705324325870841, -27.554704738686972 ], [ -60.70535212845467, -27.555886725068742 ], [ -60.705403337159247, -27.55835449402343 ] ] ] } },
{ "type": "Feature", "properties": { "FNODE_": 20, "TNODE_": 20, "LPOLY_": 2, "RPOLY_": 10, "LENGTH": 1535.568, "M0080_": 20, "M0080_ID": 0 }, "geometry": { "type": "MultiLineString", "coordinates": [ [ [ -60.717503233379283, -27.558414361341047 ], [ -60.719857064728672, -27.558375115062663 ], [ -60.719811834283036, -27.55454472240223 ], [ -60.717427594010509, -27.55456607607459 ], [ -60.717485177899675, -27.556415670098193 ], [ -60.718553321476655, -27.556410150689409 ], [ -60.718568537722511, -27.556414583932192 ], [ -60.718583753969568, -27.556419017173276 ], [ -60.71859393729973, -27.556427988368984 ], [ -60.718599087713095, -27.556441497520392 ], [ -60.718604238127753, -27.556455006671566 ], [ -60.71859926395625, -27.556468568181899 ], [ -60.718594289783546, -27.55648212969205 ], [ -60.71858422394137, -27.556491205604196 ], [ -60.718569066429616, -27.556495795917233 ], [ -60.718553908916583, -27.556500386228656 ], [ -60.717485764466552, -27.556505905658536 ], [ -60.717497942094397, -27.55682167783133 ], [ -60.717498030082339, -27.556835213164625 ], [ -60.717498147399681, -27.556853260275645 ], [ -60.717498235387772, -27.556866795608883 ], [ -60.717498323375921, -27.556880330942089 ], [ -60.717498440693539, -27.556898378052985 ], [ -60.717500241601293, -27.557954160099179 ], [ -60.717500358924589, -27.557972207207275 ], [ -60.717500446917128, -27.557985742538325 ], [ -60.717500534909718, -27.557999277869353 ], [ -60.717500652233284, -27.558017324977339 ], [ -60.717503233379283, -27.558414361341047 ] ] ] } },
{ "type": "Feature", "properties": { "FNODE_": 21, "TNODE_": 21, "LPOLY_": 2, "RPOLY_": 39, "LENGTH": 281.732, "M0080_": 21, "M0080_ID": 0 }, "geometry": { "type": "MultiLineString", "coordinates": [ [ [ -60.706601470694864, -27.558880814495168 ], [ -60.707598535417866, -27.558839644959122 ], [ -60.707586067545449, -27.558474241828094 ], [ -60.706568669856374, -27.558501978826143 ], [ -60.706601470694864, -27.558880814495168 ] ] ] } },
{ "type": "Feature", "properties": { "FNODE_": 22, "TNODE_": 22, "LPOLY_": 2, "RPOLY_": 11, "LENGTH": 2129.103, "M0080_": 22, "M0080_ID": 0 }, "geometry": { "type": "MultiLineString", "coordinates": [ [ [ -60.713867083639457, -27.559006105330806 ], [ -60.714874416490076, -27.558987390487651 ], [ -60.71486822099456, -27.55803089328241 ], [ -60.714868104101349, -27.558012846164043 ], [ -60.714868016431524, -27.557999310825245 ], [ -60.714867928761748, -27.557985775486422 ], [ -60.714867811868821, -27.557967728367942 ], [ -60.714860798491898, -27.556884901172683 ], [ -60.714860710827161, -27.556871365831665 ], [ -60.714865656256485, -27.556853292666521 ], [ -60.714875693221067, -27.556839705237454 ], [ -60.714885730183212, -27.55682611780767 ], [ -60.714895796365852, -27.556817042157537 ], [ -60.714910924860227, -27.556807940461344 ], [ -60.714926053352073, -27.556798838763523 ], [ -60.714946273378921, -27.556794222797794 ], [ -60.714961460317085, -27.556794144656813 ], [ -60.716115579620109, -27.556774665748289 ], [ -60.716135828862207, -27.556774561389609 ], [ -60.71615101579372, -27.556774483118666 ], [ -60.716166202725155, -27.55677440484606 ], [ -60.716186451966983, -27.556774300480011 ], [ -60.717295156432598, -27.556777605491991 ], [ -60.71728297939238, -27.556461833288264 ], [ -60.717225105693188, -27.554567121334053 ], [ -60.711368242708133, -27.554615274929009 ], [ -60.711375221148643, -27.555698103303051 ], [ -60.71138764032866, -27.556839558779131 ], [ -60.713731405653654, -27.556814004044373 ], [ -60.713746592598575, -27.556813926036103 ], [ -60.713766871035148, -27.556818333803967 ], [ -60.713782116335373, -27.556827279354689 ], [ -60.713797361638051, -27.55683622490368 ], [ -60.713807544626867, -27.556845196456312 ], [ -60.713817756796239, -27.556858679789535 ], [ -60.71382796896814, -27.55687216312193 ], [ -60.713833148003978, -27.556890184241205 ], [ -60.713833235542779, -27.556903719585236 ], [ -60.713867083639457, -27.559006105330806 ] ] ] } },
{ "type": "Feature", "properties": { "FNODE_": 23, "TNODE_": 23, "LPOLY_": 2, "RPOLY_": 30, "LENGTH": 890.551, "M0080_": 23, "M0080_ID": 0 }, "geometry": { "type": "MultiLineString", "coordinates": [ [ [ -60.71142211072484, -27.559045717015689 ], [ -60.712571192473277, -27.559026293017599 ], [ -60.712591442144152, -27.559026189167628 ], [ -60.712606629397229, -27.559026111278207 ], [ -60.712621816650262, -27.559026033387131 ], [ -60.712642066320853, -27.559025929529778 ], [ -60.713664587019061, -27.559007145556091 ], [ -60.713631326205991, -27.556994995318473 ], [ -60.711388803516719, -27.557020030128079 ], [ -60.711399681987686, -27.557922360883488 ], [ -60.711402415668843, -27.558346468478799 ], [ -60.71142211072484, -27.559045717015689 ] ] ] } },
{ "type": "Feature", "properties": { "FNODE_": 24, "TNODE_": 24, "LPOLY_": 2, "RPOLY_": 36, "LENGTH": 540.148, "M0080_": 24, "M0080_ID": 0 }, "geometry": { "type": "MultiLineString", "coordinates": [ [ [ -60.697232320897804, -27.559149229668563 ], [ -60.699024252820443, -27.559113154545901 ], [ -60.698998630876837, -27.558265039027216 ], [ -60.698441852751643, -27.558281374667406 ], [ -60.698426665554607, -27.55828145100676 ], [ -60.698406415958473, -27.558281552789961 ], [ -60.698391228761295, -27.558281629125439 ], [ -60.698376041564067, -27.558281705459251 ], [ -60.698355791967671, -27.55828180723509 ], [ -60.697793979727862, -27.558302677521791 ], [ -60.697778792525789, -27.558302753790375 ], [ -60.697743355720753, -27.558302931743963 ], [ -60.697728168518488, -27.55830300800703 ], [ -60.69770791891537, -27.558303109688524 ], [ -60.697206826709632, -27.558319160755143 ], [ -60.697232320897804, -27.559149229668563 ] ] ] } },
{ "type": "Feature", "properties": { "FNODE_": 25, "TNODE_": 25, "LPOLY_": 2, "RPOLY_": 16, "LENGTH": 1309.615, "M0080_": 25, "M0080_ID": 0 }, "geometry": { "type": "MultiLineString", "coordinates": [ [ [ -60.697029823287941, -27.559150245656795 ], [ -60.697003960207461, -27.558261523319477 ], [ -60.697003846234104, -27.558243476132091 ], [ -60.69700376075415, -27.558229940741516 ], [ -60.697003675274274, -27.558216405350926 ], [ -60.69700356130118, -27.558198358163434 ], [ -60.696993313278767, -27.557377236475464 ], [ -60.696993199311443, -27.557359189285737 ], [ -60.696993113836015, -27.557345653893424 ], [ -60.696993028360644, -27.557332118501083 ], [ -60.696992914393583, -27.557314071311247 ], [ -60.696972570538648, -27.556497512097483 ], [ -60.696972456578955, -27.556479464905401 ], [ -60.696972371109283, -27.556465929511297 ], [ -60.696972285639653, -27.556452394117176 ], [ -60.696972171680237, -27.556434346924977 ], [ -60.696936519101229, -27.55479669098257 ], [ -60.695174944140966, -27.554819050570224 ], [ -60.695273070806437, -27.559145511578219 ], [ -60.697029823287941, -27.559150245656795 ] ] ] } },
{ "type": "Feature", "properties": { "FNODE_": 26, "TNODE_": 26, "LPOLY_": 2, "RPOLY_": 17, "LENGTH": 1341.709, "M0080_": 26, "M0080_ID": 0 }, "geometry": { "type": "MultiLineString", "coordinates": [ [ [ -60.69316220191903, -27.559183129791748 ], [ -60.695070573118919, -27.559146524711085 ], [ -60.69497245438626, -27.554820063414155 ], [ -60.693028608856714, -27.554838795311156 ], [ -60.693066121195457, -27.555975618051587 ], [ -60.693066319503018, -27.556007200666212 ], [ -60.693066404492072, -27.556020736072441 ], [ -60.693066517810905, -27.556038783280695 ], [ -60.693085501041651, -27.556643288980396 ], [ -60.693085614366616, -27.556661336186973 ], [ -60.693085699360388, -27.556674871591873 ], [ -60.693085784354238, -27.556688406996745 ], [ -60.693085897679445, -27.556706454203201 ], [ -60.693086634295923, -27.55682376104399 ], [ -60.693094983154857, -27.557347104750622 ], [ -60.693095096484747, -27.557365151955331 ], [ -60.693095181482235, -27.557378687358828 ], [ -60.693095266479801, -27.557392222762303 ], [ -60.693095379809947, -27.557410269966887 ], [ -60.69316220191903, -27.559183129791748 ] ] ] } },
{ "type": "Feature", "properties": { "FNODE_": 27, "TNODE_": 27, "LPOLY_": 2, "RPOLY_": 18, "LENGTH": 1685.932, "M0080_": 27, "M0080_ID": 0 }, "geometry": { "type": "MultiLineString", "coordinates": [ [ [ -60.689902182726513, -27.559230938478169 ], [ -60.692959704071718, -27.55918413984967 ], [ -60.69289831579627, -27.557469908040918 ], [ -60.691784538172747, -27.557466433671642 ], [ -60.691769351066341, -27.557466509281316 ], [ -60.691749073313474, -27.55746209828925 ], [ -60.691733829653643, -27.557453150290225 ], [ -60.691718585996277, -27.557444202289467 ], [ -60.691708404708791, -27.557435229086362 ], [ -60.691698195147509, -27.557421744079999 ], [ -60.691687985588729, -27.55740825907283 ], [ -60.691682810123304, -27.557390237062677 ], [ -60.691682725298982, -27.557376701655148 ], [ -60.691678568979157, -27.556713466653758 ], [ -60.691678455884016, -27.556695419441933 ], [ -60.691678371062714, -27.55668188403304 ], [ -60.691678286241483, -27.556668348624129 ], [ -60.691678173146592, -27.556650301412194 ], [ -60.691674130073487, -27.556005113554448 ], [ -60.691674045255219, -27.555991578144209 ], [ -60.691678994464702, -27.555973505732183 ], [ -60.691689034245556, -27.555959919924742 ], [ -60.691699074023965, -27.55594633411658 ], [ -60.691709142074032, -27.555937260111136 ], [ -60.691724272420743, -27.555928160905079 ], [ -60.691739402764959, -27.555919061697384 ], [ -60.691759623680234, -27.555914449090285 ], [ -60.691774810573122, -27.555914373485578 ], [ -60.692863261051443, -27.555917974431534 ], [ -60.6928261189735, -27.554839805028305 ], [ -60.691029162023561, -27.554871312364167 ], [ -60.689902182726513, -27.559230938478169 ] ] ] } },
{ "type": "Feature", "properties": { "FNODE_": 28, "TNODE_": 28, "LPOLY_": 2, "RPOLY_": 13, "LENGTH": 2203.173, "M0080_": 28, "M0080_ID": 0 }, "geometry": { "type": "MultiLineString", "coordinates": [ [ [ -60.7028623823403, -27.559220126467473 ], [ -60.705104753134684, -27.559163645889605 ], [ -60.705100198773771, -27.558450783283089 ], [ -60.705048679735988, -27.555933384428428 ], [ -60.704299432822012, -27.555932672059097 ], [ -60.704284217179136, -27.555928237241321 ], [ -60.704269001537426, -27.555923802421841 ], [ -60.704258819394234, -27.555914830152794 ], [ -60.704253670749608, -27.555901320435261 ], [ -60.704248522106276, -27.555887810717465 ], [ -60.704253498028834, -27.555874249687019 ], [ -60.704258473950198, -27.555860688656402 ], [ -60.704268540938784, -27.555851613760144 ], [ -60.704283698994473, -27.555847024997174 ], [ -60.704298857048883, -27.555842436232567 ], [ -60.705048103350343, -27.555843148616471 ], [ -60.705020592209465, -27.554706280019388 ], [ -60.702742675151448, -27.554731354235468 ], [ -60.702775770937599, -27.555953922178535 ], [ -60.702808724128552, -27.557153930926766 ], [ -60.703790847227367, -27.557153471905519 ], [ -60.703806034251713, -27.557153394982773 ], [ -60.703826312388308, -27.557157804207517 ], [ -60.703841556956178, -27.55716675086278 ], [ -60.703856801526477, -27.557175697516314 ], [ -60.703866983756427, -27.55718466981164 ], [ -60.703877194761041, -27.557198153897076 ], [ -60.703887405768185, -27.557211637981677 ], [ -60.703892583206873, -27.557229659500798 ], [ -60.703892669527939, -27.557243194873347 ], [ -60.703892755849083, -27.55725673024585 ], [ -60.703887808597088, -27.557274803053524 ], [ -60.703877770222654, -27.557288389714181 ], [ -60.703867731845747, -27.557301976374141 ], [ -60.703857664694063, -27.557311051242571 ], [ -60.703842535191662, -27.55732015175305 ], [ -60.703827405686752, -27.557329252261891 ], [ -60.703807185059063, -27.557333866619743 ], [ -60.703791998009883, -27.557333943543071 ], [ -60.70280987330527, -27.557334402602454 ], [ -60.702816630723511, -27.557600572710005 ], [ -60.703793637893483, -27.557591115618411 ], [ -60.703808824978047, -27.557591038694255 ], [ -60.703829103195567, -27.557595447916793 ], [ -60.703844347824926, -27.557604394570063 ], [ -60.703859592456752, -27.557613341221593 ], [ -60.70386977472814, -27.557622313515409 ], [ -60.70387998577484, -27.557635797599026 ], [ -60.703890196824048, -27.557649281681815 ], [ -60.703895374285409, -27.557667303199324 ], [ -60.70389546060845, -27.557680838570992 ], [ -60.703895546931513, -27.557694373942642 ], [ -60.70389059966206, -27.557712446749647 ], [ -60.703880561249434, -27.557726033410411 ], [ -60.70387052283435, -27.557739620070464 ], [ -60.703860455643806, -27.557748694939256 ], [ -60.703845326082501, -27.557757795450584 ], [ -60.703830196518666, -27.557766895960295 ], [ -60.703809975811367, -27.557771510319768 ], [ -60.70379478870197, -27.55777158724452 ], [ -60.70282284230629, -27.557781018767979 ], [ -60.702829369958842, -27.55801109452592 ], [ -60.703796198456971, -27.557992664980016 ], [ -60.703811385596772, -27.557992588054542 ], [ -60.70383166388855, -27.557996997275076 ], [ -60.703846908574356, -27.558005943926499 ], [ -60.703862153262605, -27.558014890576203 ], [ -60.703872335572001, -27.558023862868612 ], [ -60.703882546657333, -27.558037346950563 ], [ -60.703892757745166, -27.558050831031697 ], [ -60.703897935227324, -27.558068852547706 ], [ -60.703898021552121, -27.558082387918596 ], [ -60.703898107876995, -27.55809592328945 ], [ -60.703893160591512, -27.55811399609583 ], [ -60.703883122143836, -27.558127582756672 ], [ -60.703873083693715, -27.558141169416803 ], [ -60.703863016467537, -27.558150244285951 ], [ -60.703847886852174, -27.558159344798053 ], [ -60.703832757234295, -27.558168445308539 ], [ -60.703812536453931, -27.558173059669503 ], [ -60.703797349289282, -27.558173136595556 ], [ -60.70283558160132, -27.558191540571901 ], [ -60.7028623823403, -27.559220126467473 ] ] ] } },
{ "type": "Feature", "properties": { "FNODE_": 29, "TNODE_": 29, "LPOLY_": 2, "RPOLY_": 31, "LENGTH": 1093.177, "M0080_": 29, "M0080_ID": 0 }, "geometry": { "type": "MultiLineString", "coordinates": [ [ [ -60.699232870378651, -27.559279046557464 ], [ -60.702659884844444, -27.559221150662875 ], [ -60.702632712588162, -27.558133911404109 ], [ -60.702632597695057, -27.558115864238143 ], [ -60.702632511525302, -27.558102328863637 ], [ -60.702632425355631, -27.558088793489102 ], [ -60.702632310462803, -27.558070746323025 ], [ -60.702619974059019, -27.557723389563989 ], [ -60.702619859169992, -27.557705342396904 ], [ -60.702619773003313, -27.557691807021563 ], [ -60.702619686836705, -27.557678271646189 ], [ -60.702619571947956, -27.557660224478987 ], [ -60.702607379266787, -27.557335426657026 ], [ -60.700805353739405, -27.557371598507114 ], [ -60.699185571379068, -27.557406830096085 ], [ -60.699200355034321, -27.558142201741333 ], [ -60.699200469366332, -27.558160248920501 ], [ -60.699200555115411, -27.558173784304863 ], [ -60.699200640864561, -27.558187319689186 ], [ -60.699200755196841, -27.558205366868243 ], [ -60.699227121884796, -27.559170788976065 ], [ -60.699227321982306, -27.559202371534738 ], [ -60.699227407738483, -27.559215906916982 ], [ -60.699227522080136, -27.559233954093262 ], [ -60.699232870378651, -27.559279046557464 ] ] ] } },
{ "type": "Feature", "properties": { "FNODE_": 30, "TNODE_": 30, "LPOLY_": 2, "RPOLY_": 38, "LENGTH": 401.104, "M0080_": 30, "M0080_ID": 0 }, "geometry": { "type": "MultiLineString", "coordinates": [ [ [ -60.707814687048675, -27.559388999871388 ], [ -60.708832034424532, -27.559352230035362 ], [ -60.708806105241869, -27.558468023485361 ], [ -60.707788534521306, -27.558468698693087 ], [ -60.70780137922354, -27.558892755011399 ], [ -60.707801494965601, -27.558910802155225 ], [ -60.707801581772223, -27.558924337513055 ], [ -60.707801668578902, -27.558937872870878 ], [ -60.707801784321234, -27.558955920014572 ], [ -60.707814687048675, -27.559388999871388 ] ] ] } },
{ "type": "Feature", "properties": { "FNODE_": 31, "TNODE_": 31, "LPOLY_": 2, "RPOLY_": 41, "LENGTH": 274.617, "M0080_": 31, "M0080_ID": 0 }, "geometry": { "type": "MultiLineString", "coordinates": [ [ [ -60.707617280827783, -27.559394517293601 ], [ -60.707604754931936, -27.559020090623438 ], [ -60.706607688583595, -27.55906126023363 ], [ -60.706614802011856, -27.559381571359065 ], [ -60.707617280827783, -27.559394517293601 ] ] ] } },
{ "type": "Feature", "properties": { "FNODE_": 32, "TNODE_": 32, "LPOLY_": 2, "RPOLY_": 20, "LENGTH": 2337.995, "M0080_": 32, "M0080_ID": 0 }, "geometry": { "type": "MultiLineString", "coordinates": [ [ [ -60.738377174559119, -27.559329208860248 ], [ -60.741733364020433, -27.559284261413026 ], [ -60.742096916091853, -27.559142450854271 ], [ -60.742122167363163, -27.559133292159419 ], [ -60.742137354531188, -27.55913321104207 ], [ -60.742152541699156, -27.559133129923076 ], [ -60.742172821597222, -27.55913753351324 ], [ -60.74238086515102, -27.559208612708943 ], [ -60.745479048043805, -27.559192024596346 ], [ -60.745430947053499, -27.555068394328597 ], [ -60.738328372956794, -27.555061194739107 ], [ -60.738377174559119, -27.559329208860248 ] ] ] } },
{ "type": "Feature", "properties": { "FNODE_": 33, "TNODE_": 33, "LPOLY_": 2, "RPOLY_": 53, "LENGTH": 263.04, "M0080_": 33, "M0080_ID": 0 }, "geometry": { "type": "MultiLineString", "coordinates": [ [ [ -60.706633167078081, -27.559877790650724 ], [ -60.707620289437848, -27.559863743002428 ], [ -60.707618437976883, -27.559574988723867 ], [ -60.706621019969937, -27.559562017083099 ], [ -60.706633167078081, -27.559877790650724 ] ] ] } },
{ "type": "Feature", "properties": { "FNODE_": 34, "TNODE_": 34, "LPOLY_": 2, "RPOLY_": 52, "LENGTH": 267.164, "M0080_": 34, "M0080_ID": 0 }, "geometry": { "type": "MultiLineString", "coordinates": [ [ [ -60.708805021176119, -27.559875751992703 ], [ -60.708828131112831, -27.559532727245511 ], [ -60.707820906968188, -27.559569445504636 ], [ -60.707822787896006, -27.559862711556093 ], [ -60.708805021176119, -27.559875751992703 ] ] ] } },
{ "type": "Feature", "properties": { "FNODE_": 35, "TNODE_": 35, "LPOLY_": 2, "RPOLY_": 35, "LENGTH": 983.639, "M0080_": 35, "M0080_ID": 0 }, "geometry": { "type": "MultiLineString", "coordinates": [ [ [ -60.715113982326464, -27.560019389427307 ], [ -60.716187135954719, -27.560000326158981 ], [ -60.716207385788294, -27.560000221778658 ], [ -60.716222573163421, -27.560000143491489 ], [ -60.716237760538469, -27.560000065202665 ], [ -60.716258010371774, -27.559999960814974 ], [ -60.717326100945549, -27.559980914853444 ], [ -60.717301529735394, -27.558537224820721 ], [ -60.717301412441806, -27.558519177713304 ], [ -60.71730132447167, -27.558505642382698 ], [ -60.717301236501598, -27.558492107052082 ], [ -60.717301119208287, -27.558474059944537 ], [ -60.717298538782785, -27.558077023566629 ], [ -60.716220254040181, -27.558082585825066 ], [ -60.716200004558488, -27.558082690200585 ], [ -60.716184817447143, -27.55808276848029 ], [ -60.716169630335742, -27.558082846758339 ], [ -60.716149351578025, -27.558078439348211 ], [ -60.716134164467114, -27.558078517622359 ], [ -60.715071095781838, -27.558088504468671 ], [ -60.715076913020688, -27.558986348499957 ], [ -60.71562877452255, -27.55899253114239 ], [ -60.715643961760918, -27.558992452921078 ], [ -60.715664240669028, -27.558996860401596 ], [ -60.715679486423248, -27.55900580573271 ], [ -60.715694732179919, -27.55901475106209 ], [ -60.715704915524888, -27.559023722466126 ], [ -60.715715128130711, -27.559037205647456 ], [ -60.715725340739034, -27.559050688827988 ], [ -60.715730520193738, -27.559068709863084 ], [ -60.715730607973349, -27.559082245197249 ], [ -60.715730695752988, -27.559095780531383 ], [ -60.715725750374382, -27.559113853720739 ], [ -60.715715713315767, -27.559127441208759 ], [ -60.715705676254728, -27.559141028696047 ], [ -60.715695609932695, -27.559150104404626 ], [ -60.715680481188627, -27.559159206188081 ], [ -60.715665352442059, -27.559168307969941 ], [ -60.71564513201519, -27.55917292404644 ], [ -60.715629944751981, -27.559173002268341 ], [ -60.715083144768833, -27.559166793594205 ], [ -60.715113982326464, -27.560019389427307 ] ] ] } },
{ "type": "Feature", "properties": { "FNODE_": 36, "TNODE_": 36, "LPOLY_": 2, "RPOLY_": 42, "LENGTH": 393.575, "M0080_": 36, "M0080_ID": 0 }, "geometry": { "type": "MultiLineString", "coordinates": [ [ [ -60.713873854417557, -27.560052838196626 ], [ -60.714911513129671, -27.560024943283114 ], [ -60.714880647907435, -27.559167835597247 ], [ -60.713868250988909, -27.559186576525921 ], [ -60.713873854417557, -27.560052838196626 ] ] ] } },
{ "type": "Feature", "properties": { "FNODE_": 37, "TNODE_": 37, "LPOLY_": 2, "RPOLY_": 43, "LENGTH": 382.533, "M0080_": 37, "M0080_ID": 0 }, "geometry": { "type": "MultiLineString", "coordinates": [ [ [ -60.712714695814789, -27.560081348661395 ], [ -60.713671385053857, -27.560058390247484 ], [ -60.713665754037457, -27.559187616759161 ], [ -60.712709043204505, -27.559206063213249 ], [ -60.712714695814789, -27.560081348661395 ] ] ] } },
{ "type": "Feature", "properties": { "FNODE_": 38, "TNODE_": 38, "LPOLY_": 2, "RPOLY_": 44, "LENGTH": 397.767, "M0080_": 38, "M0080_ID": 0 }, "geometry": { "type": "MultiLineString", "coordinates": [ [ [ -60.711509828722647, -27.56008752388545 ], [ -60.71251219717066, -27.560082387244488 ], [ -60.712506546166082, -27.559207101757853 ], [ -60.711433398934652, -27.559226136464648 ], [ -60.711509828722647, -27.56008752388545 ] ] ] } },
{ "type": "Feature", "properties": { "FNODE_": 39, "TNODE_": 39, "LPOLY_": 2, "RPOLY_": 54, "LENGTH": 258.648, "M0080_": 39, "M0080_ID": 0 }, "geometry": { "type": "MultiLineString", "coordinates": [ [ [ -60.708838264893259, -27.560322263667967 ], [ -60.708811242760234, -27.56005619753811 ], [ -60.707823945404186, -27.560043182966169 ], [ -60.70781558566047, -27.560318453437713 ], [ -60.708838264893259, -27.560322263667967 ] ] ] } },
{ "type": "Feature", "properties": { "FNODE_": 40, "TNODE_": 40, "LPOLY_": 2, "RPOLY_": 55, "LENGTH": 257.034, "M0080_": 40, "M0080_ID": 0 }, "geometry": { "type": "MultiLineString", "coordinates": [ [ [ -60.706631080191592, -27.560342530387572 ], [ -60.707618148848276, -27.56031945910652 ], [ -60.707621446614951, -27.560044214420383 ], [ -60.706634322641705, -27.560058262106853 ], [ -60.706631080191592, -27.560342530387572 ] ] ] } },
{ "type": "Feature", "properties": { "FNODE_": 41, "TNODE_": 41, "LPOLY_": 2, "RPOLY_": 40, "LENGTH": 596.332, "M0080_": 41, "M0080_ID": 0 }, "geometry": { "type": "MultiLineString", "coordinates": [ [ [ -60.705466795073647, -27.560361982644608 ], [ -60.706428580800846, -27.560343560113637 ], [ -60.706431448320934, -27.560000638602617 ], [ -60.706431332797543, -27.559982591456276 ], [ -60.70643124615507, -27.559969056096492 ], [ -60.706431159512668, -27.559955520736668 ], [ -60.706431043989539, -27.559937473590214 ], [ -60.70641814657408, -27.559504393538113 ], [ -60.706418031055307, -27.559486346390425 ], [ -60.706417944416295, -27.559472811029625 ], [ -60.706417857777339, -27.559459275668807 ], [ -60.706417742258829, -27.559441228521017 ], [ -60.706404844999547, -27.559008148434888 ], [ -60.706404729485378, -27.558990101285858 ], [ -60.706404556214331, -27.558963030562246 ], [ -60.706399378279656, -27.558945009150396 ], [ -60.706366202716239, -27.558507520185767 ], [ -60.705404490637136, -27.558534965567063 ], [ -60.705409046979725, -27.559247828118142 ], [ -60.705433132364938, -27.55984779309491 ], [ -60.705466795073647, -27.560361982644608 ] ] ] } },
{ "type": "Feature", "properties": { "FNODE_": 42, "TNODE_": 42, "LPOLY_": 2, "RPOLY_": 37, "LENGTH": 845.221, "M0080_": 42, "M0080_ID": 0 }, "geometry": { "type": "MultiLineString", "coordinates": [ [ [ -60.711218182814321, -27.560395828347236 ], [ -60.711211782805393, -27.56018831230238 ], [ -60.711119005089266, -27.559146531117211 ], [ -60.711099253780084, -27.558438258945436 ], [ -60.709008601087227, -27.558466990358902 ], [ -60.709034879729209, -27.559405338253978 ], [ -60.709034995675481, -27.559423385391646 ], [ -60.709035082635268, -27.559436920744879 ], [ -60.709035169595118, -27.559450456098052 ], [ -60.709035285541667, -27.559468503235607 ], [ -60.709002833959858, -27.559933397846006 ], [ -60.709002949903507, -27.559951444982456 ], [ -60.709003036861311, -27.559964980334726 ], [ -60.709003123819173, -27.559978515686989 ], [ -60.709003239763092, -27.559996562823294 ], [ -60.709040764139289, -27.560321230430834 ], [ -60.710149389253438, -27.560306544661685 ], [ -60.710169639169862, -27.560306441160233 ], [ -60.710184826607133, -27.560306363532195 ], [ -60.710200014044325, -27.560306285902506 ], [ -60.710220263960501, -27.560306182393667 ], [ -60.710235451397551, -27.560306104760102 ], [ -60.711218182814321, -27.560395828347236 ] ] ] } },
{ "type": "Feature", "properties": { "FNODE_": 43, "TNODE_": 43, "LPOLY_": 2, "RPOLY_": 61, "LENGTH": 265.529, "M0080_": 43, "M0080_ID": 0 }, "geometry": { "type": "MultiLineString", "coordinates": [ [ [ -60.709069091432688, -27.560790326754379 ], [ -60.710081533736201, -27.560776132290329 ], [ -60.710084738251261, -27.560487352331084 ], [ -60.709057111129589, -27.560501624276093 ], [ -60.709069091432688, -27.560790326754379 ] ] ] } },
{ "type": "Feature", "properties": { "FNODE_": 44, "TNODE_": 44, "LPOLY_": 2, "RPOLY_": 62, "LENGTH": 269.122, "M0080_": 44, "M0080_ID": 0 }, "geometry": { "type": "MultiLineString", "coordinates": [ [ [ -60.707849114953191, -27.560810083241122 ], [ -60.708866591327187, -27.560791360048931 ], [ -60.708854611553278, -27.560502657543235 ], [ -60.707821805669795, -27.56049889904595 ], [ -60.707849114953191, -27.560810083241122 ] ] ] } },
{ "type": "Feature", "properties": { "FNODE_": 45, "TNODE_": 45, "LPOLY_": 2, "RPOLY_": 63, "LENGTH": 267.646, "M0080_": 45, "M0080_ID": 0 }, "geometry": { "type": "MultiLineString", "coordinates": [ [ [ -60.706629195563423, -27.56083885259482 ], [ -60.707646614757905, -27.560811114758373 ], [ -60.707619306044293, -27.560499930512712 ], [ -60.706632235774627, -27.560523001831697 ], [ -60.706629195563423, -27.56083885259482 ] ] ] } },
{ "type": "Feature", "properties": { "FNODE_": 46, "TNODE_": 46, "LPOLY_": 2, "RPOLY_": 65, "LENGTH": 255.031, "M0080_": 46, "M0080_ID": 0 }, "geometry": { "type": "MultiLineString", "coordinates": [ [ [ -60.706426695261904, -27.560839882335156 ], [ -60.706429736052797, -27.560524031565627 ], [ -60.705473011248813, -27.560542428428896 ], [ -60.705479919680819, -27.560831157095919 ], [ -60.706426695261904, -27.560839882335156 ] ] ] } },
{ "type": "Feature", "properties": { "FNODE_": 47, "TNODE_": 47, "LPOLY_": 2, "RPOLY_": 45, "LENGTH": 715.104, "M0080_": 47, "M0080_ID": 0 }, "geometry": { "type": "MultiLineString", "coordinates": [ [ [ -60.697279103577429, -27.560944746417533 ], [ -60.699071207518912, -27.560931229125778 ], [ -60.699036206659727, -27.559401858439291 ], [ -60.699036092348535, -27.559383811262709 ], [ -60.699035920881954, -27.559356740497737 ], [ -60.69903580657104, -27.559338693321035 ], [ -60.699030458349412, -27.559293600848182 ], [ -60.697233461053578, -27.559329701507913 ], [ -60.697279103577429, -27.560944746417533 ] ] ] } },
{ "type": "Feature", "properties": { "FNODE_": 48, "TNODE_": 48, "LPOLY_": 2, "RPOLY_": 47, "LENGTH": 761.605, "M0080_": 48, "M0080_ID": 0 }, "geometry": { "type": "MultiLineString", "coordinates": [ [ [ -60.693240143887714, -27.56111385152996 ], [ -60.695093031084113, -27.561104594163432 ], [ -60.695071709739715, -27.559326996633565 ], [ -60.693173460329724, -27.559363551275389 ], [ -60.693197507621974, -27.559968031394924 ], [ -60.693240143887714, -27.56111385152996 ] ] ] } },
{ "type": "Feature", "properties": { "FNODE_": 49, "TNODE_": 49, "LPOLY_": 2, "RPOLY_": 56, "LENGTH": 391.065, "M0080_": 49, "M0080_ID": 0 }, "geometry": { "type": "MultiLineString", "coordinates": [ [ [ -60.716350837431584, -27.561041737507136 ], [ -60.717358275990328, -27.561036539641073 ], [ -60.717327273999686, -27.560161385886598 ], [ -60.716324993745374, -27.56018009260692 ], [ -60.716350837431584, -27.561041737507136 ] ] ] } },
{ "type": "Feature", "properties": { "FNODE_": 50, "TNODE_": 50, "LPOLY_": 2, "RPOLY_": 57, "LENGTH": 388.628, "M0080_": 50, "M0080_ID": 0 }, "geometry": { "type": "MultiLineString", "coordinates": [ [ [ -60.715161294529175, -27.561070425172325 ], [ -60.716148337186198, -27.561042781422763 ], [ -60.716122495079837, -27.560181136454926 ], [ -60.715120214233927, -27.560199834491005 ], [ -60.715161294529175, -27.561070425172325 ] ] ] } },
{ "type": "Feature", "properties": { "FNODE_": 51, "TNODE_": 51, "LPOLY_": 2, "RPOLY_": 58, "LENGTH": 396.147, "M0080_": 51, "M0080_ID": 0 }, "geometry": { "type": "MultiLineString", "coordinates": [ [ [ -60.713915975576079, -27.561085853481643 ], [ -60.714958794178401, -27.561071467355301 ], [ -60.71491774470681, -27.560205388362029 ], [ -60.713880084301685, -27.560233283353508 ], [ -60.713915975576079, -27.561085853481643 ] ] ] } },
{ "type": "Feature", "properties": { "FNODE_": 52, "TNODE_": 52, "LPOLY_": 2, "RPOLY_": 59, "LENGTH": 381.601, "M0080_": 52, "M0080_ID": 0 }, "geometry": { "type": "MultiLineString", "coordinates": [ [ [ -60.712721368554242, -27.561114546289296 ], [ -60.713713475141894, -27.561086893850227 ], [ -60.713677614607654, -27.560238835419582 ], [ -60.712715861333173, -27.560261819873947 ], [ -60.712721368554242, -27.561114546289296 ] ] ] } },
{ "type": "Feature", "properties": { "FNODE_": 53, "TNODE_": 53, "LPOLY_": 2, "RPOLY_": 60, "LENGTH": 384.007, "M0080_": 53, "M0080_ID": 0 }, "geometry": { "type": "MultiLineString", "coordinates": [ [ [ -60.711536740243744, -27.561120618080118 ], [ -60.712518868014612, -27.561115584917843 ], [ -60.712513362357974, -27.560262858464988 ], [ -60.711521117222787, -27.560267943295713 ], [ -60.711527634180442, -27.560493506437997 ], [ -60.711536740243744, -27.561120618080118 ] ] ] } },
{ "type": "Feature", "properties": { "FNODE_": 54, "TNODE_": 54, "LPOLY_": 2, "RPOLY_": 64, "LENGTH": 317.998, "M0080_": 54, "M0080_ID": 0 }, "geometry": { "type": "MultiLineString", "coordinates": [ [ [ -60.710281265370334, -27.561131553899497 ], [ -60.711232989335173, -27.561122173322879 ], [ -60.711224408391423, -27.56057627369616 ], [ -60.710287295823598, -27.560495340836674 ], [ -60.710284411271999, -27.560833750395432 ], [ -60.710284527429657, -27.560851797524496 ], [ -60.71028461454798, -27.560865332871256 ], [ -60.710284701666346, -27.560878868218001 ], [ -60.710284817824274, -27.560896915346941 ], [ -60.710281265370334, -27.561131553899497 ] ] ] } },
{ "type": "Feature", "properties": { "FNODE_": 55, "TNODE_": 55, "LPOLY_": 2, "RPOLY_": 66, "LENGTH": 247.488, "M0080_": 55, "M0080_ID": 0 }, "geometry": { "type": "MultiLineString", "coordinates": [ [ [ -60.7090871200203, -27.561232404011729 ], [ -60.710078822754731, -27.561141612536964 ], [ -60.710082694983022, -27.560956603588259 ], [ -60.709075313535351, -27.560970772255256 ], [ -60.7090871200203, -27.561232404011729 ] ] ] } },
{ "type": "Feature", "properties": { "FNODE_": 56, "TNODE_": 56, "LPOLY_": 2, "RPOLY_": 67, "LENGTH": 261.037, "M0080_": 56, "M0080_ID": 0 }, "geometry": { "type": "MultiLineString", "coordinates": [ [ [ -60.707862105077965, -27.56125669832435 ], [ -60.708884677069769, -27.561242460914528 ], [ -60.708872813099028, -27.560971805565092 ], [ -60.707855335064053, -27.560990528833628 ], [ -60.707862105077965, -27.56125669832435 ] ] ] } },
{ "type": "Feature", "properties": { "FNODE_": 57, "TNODE_": 57, "LPOLY_": 2, "RPOLY_": 49, "LENGTH": 1094.806, "M0080_": 57, "M0080_ID": 0 }, "geometry": { "type": "MultiLineString", "coordinates": [ [ [ -60.702880663220668, -27.561295524199835 ], [ -60.703989184969863, -27.561262840237223 ], [ -60.70400943508875, -27.561262737630283 ], [ -60.704039810266899, -27.561262583714303 ], [ -60.704060060385515, -27.561262481099966 ], [ -60.705178648623587, -27.561220712776485 ], [ -60.70517674578295, -27.560922934827584 ], [ -60.705168742594921, -27.560462758211308 ], [ -60.705129701660162, -27.5598989645964 ], [ -60.704005949185209, -27.559922710778363 ], [ -60.703990732999465, -27.559918275941047 ], [ -60.7039755168149, -27.559913841102027 ], [ -60.703965334319278, -27.559904868823025 ], [ -60.70396018551267, -27.559891359105112 ], [ -60.70395503670737, -27.559877849386968 ], [ -60.703960012834607, -27.559864288370743 ], [ -60.703964988960635, -27.559850727354309 ], [ -60.703975056330087, -27.559841652477235 ], [ -60.70399021494287, -27.55983706373841 ], [ -60.704005373554352, -27.559832474997972 ], [ -60.705129125111114, -27.559808728837552 ], [ -60.705110968604501, -27.559344091733323 ], [ -60.702863531705702, -27.559400598087382 ], [ -60.702880663220668, -27.561295524199835 ] ] ] } },
{ "type": "Feature", "properties": { "FNODE_": 58, "TNODE_": 58, "LPOLY_": 2, "RPOLY_": 50, "LENGTH": 1086.628, "M0080_": 58, "M0080_ID": 0 }, "geometry": { "type": "MultiLineString", "coordinates": [ [ [ -60.702678190646601, -27.561301060282034 ], [ -60.702661033878776, -27.559401622290608 ], [ -60.699239076264178, -27.559459492839654 ], [ -60.699274079970742, -27.560988863409879 ], [ -60.699274280097143, -27.561020445959972 ], [ -60.699274365865712, -27.561033981338536 ], [ -60.699274480223878, -27.561052028509906 ], [ -60.699296302805742, -27.561300075191397 ], [ -60.701569467093741, -27.561302151265231 ], [ -60.701589717230377, -27.561302049010777 ], [ -60.701604904832791, -27.56130197231802 ], [ -60.701620092435135, -27.561301895623583 ], [ -60.701640342571515, -27.561301793361771 ], [ -60.702678190646601, -27.561301060282034 ] ] ] } },
{ "type": "Feature", "properties": { "FNODE_": 59, "TNODE_": 59, "LPOLY_": 2, "RPOLY_": 69, "LENGTH": 241.813, "M0080_": 59, "M0080_ID": 0 }, "geometry": { "type": "MultiLineString", "coordinates": [ [ [ -60.706439679639097, -27.561286497657505 ], [ -60.706432913051096, -27.561020328034218 ], [ -60.705481073405366, -27.561011628572206 ], [ -60.705482429045439, -27.561223682550825 ], [ -60.706439679639097, -27.561286497657505 ] ] ] } },
{ "type": "Feature", "properties": { "FNODE_": 60, "TNODE_": 60, "LPOLY_": 2, "RPOLY_": 68, "LENGTH": 260.583, "M0080_": 60, "M0080_ID": 0 }, "geometry": { "type": "MultiLineString", "coordinates": [ [ [ -60.706647272178664, -27.561289953920316 ], [ -60.707659632996382, -27.561262241660422 ], [ -60.707652834537939, -27.560991560366148 ], [ -60.706635413683429, -27.561019298278637 ], [ -60.706647272178664, -27.561289953920316 ] ] ] } },
{ "type": "Feature", "properties": { "FNODE_": 61, "TNODE_": 61, "LPOLY_": 2, "RPOLY_": 71, "LENGTH": 442.013, "M0080_": 61, "M0080_ID": 0 }, "geometry": { "type": "MultiLineString", "coordinates": [ [ [ -60.693263766979776, -27.561650654499932 ], [ -60.695096412952765, -27.561641497965034 ], [ -60.695094167836238, -27.561285066034195 ], [ -60.69325140269585, -27.561294272951542 ], [ -60.693263766979776, -27.561650654499932 ] ] ] } },
{ "type": "Feature", "properties": { "FNODE_": 62, "TNODE_": 62, "LPOLY_": 2, "RPOLY_": 78, "LENGTH": 274.491, "M0080_": 62, "M0080_ID": 0 }, "geometry": { "type": "MultiLineString", "coordinates": [ [ [ -60.709110588239511, -27.561733108574998 ], [ -60.710092692946787, -27.561723580677583 ], [ -60.710079984015167, -27.561322083825498 ], [ -60.709098404725516, -27.561412823661815 ], [ -60.709110588239511, -27.561733108574998 ] ] ] } },
{ "type": "Feature", "properties": { "FNODE_": 63, "TNODE_": 63, "LPOLY_": 2, "RPOLY_": 80, "LENGTH": 281.117, "M0080_": 63, "M0080_ID": 0 }, "geometry": { "type": "MultiLineString", "coordinates": [ [ [ -60.704144256453823, -27.561762879061693 ], [ -60.705197123067435, -27.561734979389534 ], [ -60.705184950904226, -27.561414693920074 ], [ -60.705184864409347, -27.561401158559441 ], [ -60.70413205855089, -27.561438081656256 ], [ -60.704144256453823, -27.561762879061693 ] ] ] } },
{ "type": "Feature", "properties": { "FNODE_": 64, "TNODE_": 64, "LPOLY_": 2, "RPOLY_": 81, "LENGTH": 259.428, "M0080_": 64, "M0080_ID": 0 }, "geometry": { "type": "MultiLineString", "coordinates": [ [ [ -60.706468054001384, -27.56176461822059 ], [ -60.70645098891179, -27.56147142938806 ], [ -60.705488674171974, -27.56140864009738 ], [ -60.705500876059993, -27.561733437310366 ], [ -60.706468054001384, -27.56176461822059 ] ] ] } },
{ "type": "Feature", "properties": { "FNODE_": 65, "TNODE_": 65, "LPOLY_": 2, "RPOLY_": 82, "LENGTH": 274.077, "M0080_": 65, "M0080_ID": 0 }, "geometry": { "type": "MultiLineString", "coordinates": [ [ [ -60.707885654578583, -27.561770938549319 ], [ -60.708908115390138, -27.561738653745497 ], [ -60.708895961445776, -27.561422880587003 ], [ -60.707873387786016, -27.561437118110927 ], [ -60.707885654578583, -27.561770938549319 ] ] ] } },
{ "type": "Feature", "properties": { "FNODE_": 66, "TNODE_": 66, "LPOLY_": 2, "RPOLY_": 85, "LENGTH": 270.59, "M0080_": 66, "M0080_ID": 0 }, "geometry": { "type": "MultiLineString", "coordinates": [ [ [ -60.707683181556014, -27.561776481937027 ], [ -60.707670915374543, -27.561442661469531 ], [ -60.706653490371075, -27.561470399590657 ], [ -60.706670584890716, -27.561768100173467 ], [ -60.707683181556014, -27.561776481937027 ] ] ] } },
{ "type": "Feature", "properties": { "FNODE_": 67, "TNODE_": 67, "LPOLY_": 2, "RPOLY_": 72, "LENGTH": 386.575, "M0080_": 67, "M0080_ID": 0 }, "geometry": { "type": "MultiLineString", "coordinates": [ [ [ -60.716398103494825, -27.562083748894231 ], [ -60.71738018013145, -27.56206965765837 ], [ -60.717364511662623, -27.561216984506952 ], [ -60.716357071458027, -27.561222182449452 ], [ -60.716398103494825, -27.562083748894231 ] ] ] } },
{ "type": "Feature", "properties": { "FNODE_": 68, "TNODE_": 68, "LPOLY_": 2, "RPOLY_": 73, "LENGTH": 388.603, "M0080_": 68, "M0080_ID": 0 }, "geometry": { "type": "MultiLineString", "coordinates": [ [ [ -60.715162869418165, -27.562094624607038 ], [ -60.716195601339479, -27.562084792914948 ], [ -60.716154570881805, -27.561223226380431 ], [ -60.715167526614401, -27.561250870204212 ], [ -60.715162869418165, -27.562094624607038 ] ] ] } },
{ "type": "Feature", "properties": { "FNODE_": 69, "TNODE_": 69, "LPOLY_": 2, "RPOLY_": 74, "LENGTH": 391.563, "M0080_": 69, "M0080_ID": 0 }, "geometry": { "type": "MultiLineString", "coordinates": [ [ [ -60.713948001828427, -27.562123432394614 ], [ -60.714960367188098, -27.562095666827862 ], [ -60.714965025932806, -27.561251912402533 ], [ -60.713922205627682, -27.561266298607602 ], [ -60.713948001828427, -27.562123432394614 ] ] ] } },
{ "type": "Feature", "properties": { "FNODE_": 70, "TNODE_": 70, "LPOLY_": 2, "RPOLY_": 75, "LENGTH": 386.558, "M0080_": 70, "M0080_ID": 0 }, "geometry": { "type": "MultiLineString", "coordinates": [ [ [ -60.71273807934665, -27.56213415648352 ], [ -60.713745528674245, -27.56212898462384 ], [ -60.713719704862669, -27.561267338991524 ], [ -60.712722534134706, -27.561295017474752 ], [ -60.71273807934665, -27.56213415648352 ] ] ] } },
{ "type": "Feature", "properties": { "FNODE_": 71, "TNODE_": 71, "LPOLY_": 2, "RPOLY_": 79, "LENGTH": 382.511, "M0080_": 71, "M0080_ID": 0 }, "geometry": { "type": "MultiLineString", "coordinates": [ [ [ -60.729216735944178, -27.562057667691178 ], [ -60.730239308805935, -27.562043273013291 ], [ -60.730238997205795, -27.561231129260872 ], [ -60.729211369366709, -27.561245550362738 ], [ -60.729216735944178, -27.562057667691178 ] ] ] } },
{ "type": "Feature", "properties": { "FNODE_": 72, "TNODE_": 72, "LPOLY_": 2, "RPOLY_": 76, "LENGTH": 385.542, "M0080_": 72, "M0080_ID": 0 }, "geometry": { "type": "MultiLineString", "coordinates": [ [ [ -60.711533364401092, -27.56216740301349 ], [ -60.712535606069871, -27.562139706950891 ], [ -60.712520033263999, -27.561296056111246 ], [ -60.711537903887276, -27.561301089311993 ], [ -60.711533364401092, -27.56216740301349 ] ] ] } },
{ "type": "Feature", "properties": { "FNODE_": 73, "TNODE_": 73, "LPOLY_": 2, "RPOLY_": 77, "LENGTH": 379.041, "M0080_": 73, "M0080_ID": 0 }, "geometry": { "type": "MultiLineString", "coordinates": [ [ [ -60.710308340133963, -27.56219171907858 ], [ -60.711229639690792, -27.562173470083561 ], [ -60.711234152482071, -27.561302644566641 ], [ -60.710282426961321, -27.56131202518036 ], [ -60.710295572241719, -27.561781198725622 ], [ -60.710295688405878, -27.561799245852182 ], [ -60.710295775529076, -27.561812781197062 ], [ -60.71029586265233, -27.561826316541925 ], [ -60.71029597881676, -27.561844363668364 ], [ -60.710308340133963, -27.56219171907858 ] ] ] } },
{ "type": "Feature", "properties": { "FNODE_": 74, "TNODE_": 74, "LPOLY_": 2, "RPOLY_": 90, "LENGTH": 260.043, "M0080_": 74, "M0080_ID": 0 }, "geometry": { "type": "MultiLineString", "coordinates": [ [ [ -60.709108598916934, -27.562211383377861 ], [ -60.710105837511428, -27.5621927542275 ], [ -60.710093854258602, -27.561904051950457 ], [ -60.709116810499715, -27.561913554047432 ], [ -60.709108598916934, -27.562211383377861 ] ] ] } },
{ "type": "Feature", "properties": { "FNODE_": 75, "TNODE_": 75, "LPOLY_": 2, "RPOLY_": 91, "LENGTH": 262.578, "M0080_": 75, "M0080_ID": 0 }, "geometry": { "type": "MultiLineString", "coordinates": [ [ [ -60.707903736569371, -27.562222039551873 ], [ -60.708906096205588, -27.562212416778888 ], [ -60.708914337319953, -27.56191909923308 ], [ -60.70789187484052, -27.561951384113279 ], [ -60.707903736569371, -27.562222039551873 ] ] ] } },
{ "type": "Feature", "properties": { "FNODE_": 76, "TNODE_": 76, "LPOLY_": 2, "RPOLY_": 92, "LENGTH": 261.517, "M0080_": 76, "M0080_ID": 0 }, "geometry": { "type": "MultiLineString", "coordinates": [ [ [ -60.706678623456789, -27.562232788283051 ], [ -60.707696171215872, -27.562223096984567 ], [ -60.707689401487563, -27.561956927516118 ], [ -60.70667680316663, -27.561948545829221 ], [ -60.706678623456789, -27.562232788283051 ] ] ] } },
{ "type": "Feature", "properties": { "FNODE_": 77, "TNODE_": 77, "LPOLY_": 2, "RPOLY_": 88, "LENGTH": 259.585, "M0080_": 77, "M0080_ID": 0 }, "geometry": { "type": "MultiLineString", "coordinates": [ [ [ -60.706476120599632, -27.562233818143209 ], [ -60.706474271945979, -27.561945063891713 ], [ -60.705502029863069, -27.561913908762406 ], [ -60.705504077889948, -27.562234245578118 ], [ -60.706476120599632, -27.562233818143209 ] ] ] } },
{ "type": "Feature", "properties": { "FNODE_": 78, "TNODE_": 78, "LPOLY_": 2, "RPOLY_": 87, "LENGTH": 469.52, "M0080_": 78, "M0080_ID": 0 }, "geometry": { "type": "MultiLineString", "coordinates": [ [ [ -60.693293360032847, -27.562331809687841 ], [ -60.695100704366268, -27.562322779199224 ], [ -60.69509754973636, -27.561821969821725 ], [ -60.693275025901585, -27.561831075904042 ], [ -60.693293360032847, -27.562331809687841 ] ] ] } },
{ "type": "Feature", "properties": { "FNODE_": 79, "TNODE_": 79, "LPOLY_": 2, "RPOLY_": 89, "LENGTH": 281.631, "M0080_": 79, "M0080_ID": 0 }, "geometry": { "type": "MultiLineString", "coordinates": [ [ [ -60.704152658659105, -27.562286220752334 ], [ -60.705200352352385, -27.562240299476326 ], [ -60.705198276373835, -27.561915450853355 ], [ -60.704145408039778, -27.561943350565759 ], [ -60.704152658659105, -27.562286220752334 ] ] ] } },
{ "type": "Feature", "properties": { "FNODE_": 80, "TNODE_": 80, "LPOLY_": 2, "RPOLY_": 83, "LENGTH": 389.579, "M0080_": 80, "M0080_ID": 0 }, "geometry": { "type": "MultiLineString", "coordinates": [ [ [ -60.70291741853255, -27.562296987651489 ], [ -60.703950184375763, -27.562291758720338 ], [ -60.703942531444063, -27.561885723483119 ], [ -60.703942416318441, -27.561867676331996 ], [ -60.703942329974296, -27.561854140968617 ], [ -60.703942243630216, -27.561840605605209 ], [ -60.703942128504856, -27.561822558453954 ], [ -60.703929614601449, -27.561448131353913 ], [ -60.702886875258066, -27.561475970153804 ], [ -60.70291741853255, -27.562296987651489 ] ] ] } },
{ "type": "Feature", "properties": { "FNODE_": 81, "TNODE_": 81, "LPOLY_": 2, "RPOLY_": 103, "LENGTH": 275.519, "M0080_": 81, "M0080_ID": 0 }, "geometry": { "type": "MultiLineString", "coordinates": [ [ [ -60.707694465161815, -27.562746489684955 ], [ -60.707702391211129, -27.562403542550715 ], [ -60.706679779210425, -27.562413259676205 ], [ -60.706686979977881, -27.562747105990212 ], [ -60.707694465161815, -27.562746489684955 ] ] ] } },
{ "type": "Feature", "properties": { "FNODE_": 82, "TNODE_": 82, "LPOLY_": 2, "RPOLY_": 104, "LENGTH": 265.519, "M0080_": 82, "M0080_ID": 0 }, "geometry": { "type": "MultiLineString", "coordinates": [ [ [ -60.705522611824762, -27.562757535613162 ], [ -60.70648447617728, -27.562748135880202 ], [ -60.706477276022149, -27.562414289544254 ], [ -60.705510294303728, -27.562414691309339 ], [ -60.705522611824762, -27.562757535613162 ] ] ] } },
{ "type": "Feature", "properties": { "FNODE_": 83, "TNODE_": 83, "LPOLY_": 2, "RPOLY_": 105, "LENGTH": 278.655, "M0080_": 83, "M0080_ID": 0 }, "geometry": { "type": "MultiLineString", "coordinates": [ [ [ -60.704176047259459, -27.562777902915414 ], [ -60.705218856014739, -27.562759077792428 ], [ -60.70520656827037, -27.562420745230277 ], [ -60.704158872869208, -27.562466666583983 ], [ -60.704176047259459, -27.562777902915414 ] ] ] } },
{ "type": "Feature", "properties": { "FNODE_": 84, "TNODE_": 84, "LPOLY_": 2, "RPOLY_": 70, "LENGTH": 749.638, "M0080_": 84, "M0080_ID": 0 }, "geometry": { "type": "MultiLineString", "coordinates": [ [ [ -60.697286442507171, -27.562907402297984 ], [ -60.699108782465416, -27.562866660726968 ], [ -60.699099635610231, -27.561422887193103 ], [ -60.699099521278853, -27.561404840022018 ], [ -60.699099349781974, -27.561377769265295 ], [ -60.699094172911373, -27.561359747567284 ], [ -60.69907741329633, -27.561111675375763 ], [ -60.697280243896728, -27.561125218208417 ], [ -60.697286442507171, -27.562907402297984 ] ] ] } },
{ "type": "Feature", "properties": { "FNODE_": 85, "TNODE_": 85, "LPOLY_": 2, "RPOLY_": 46, "LENGTH": 1143.043, "M0080_": 85, "M0080_ID": 0 }, "geometry": { "type": "MultiLineString", "coordinates": [ [ [ -60.697083938003715, -27.562908418492231 ], [ -60.697077372165985, -27.561067580999289 ], [ -60.697077258167049, -27.561049533819482 ], [ -60.697077172667896, -27.561035998434594 ], [ -60.697077087168807, -27.561022463049678 ], [ -60.697076973170134, -27.561004415869753 ], [ -60.697030963112645, -27.559330717503904 ], [ -60.695274207758317, -27.559325983492965 ], [ -60.695295901914292, -27.56116223428781 ], [ -60.695296015622482, -27.561180281474162 ], [ -60.695296100903697, -27.561193816863899 ], [ -60.695296186184983, -27.561207352253614 ], [ -60.695296299893435, -27.561225399439856 ], [ -60.69529928477823, -27.561699138061776 ], [ -60.695299398489574, -27.561717185246724 ], [ -60.695299483773148, -27.561730720635424 ], [ -60.695299569056779, -27.561744256024078 ], [ -60.695299682768393, -27.561762303208916 ], [ -60.695303577454681, -27.562380419260904 ], [ -60.695303691170018, -27.562398466444083 ], [ -60.695303776456583, -27.562412001831422 ], [ -60.69530386174322, -27.562425537218733 ], [ -60.695303975458813, -27.562443584401787 ], [ -60.695306932101502, -27.562912811144407 ], [ -60.697083938003715, -27.562908418492231 ] ] ] } },
{ "type": "Feature", "properties": { "FNODE_": 86, "TNODE_": 86, "LPOLY_": 2, "RPOLY_": 106, "LENGTH": 450.056, "M0080_": 86, "M0080_ID": 0 }, "geometry": { "type": "MultiLineString", "coordinates": [ [ [ -60.693312488127638, -27.562958873756713 ], [ -60.695104427502748, -27.562913824453702 ], [ -60.695101841189789, -27.562503251038031 ], [ -60.693299556499703, -27.562512256332827 ], [ -60.69331234638716, -27.56293631477002 ], [ -60.693312488127638, -27.562958873756713 ] ] ] } },
{ "type": "Feature", "properties": { "FNODE_": 87, "TNODE_": 87, "LPOLY_": 2, "RPOLY_": 93, "LENGTH": 380.037, "M0080_": 87, "M0080_ID": 0 }, "geometry": { "type": "MultiLineString", "coordinates": [ [ [ -60.716419969799276, -27.56311235530077 ], [ -60.717396934316291, -27.563089266332124 ], [ -60.717381353378151, -27.56225012863511 ], [ -60.716404337698201, -27.562264193804971 ], [ -60.716419969799276, -27.56311235530077 ] ] ] } },
{ "type": "Feature", "properties": { "FNODE_": 88, "TNODE_": 88, "LPOLY_": 2, "RPOLY_": 96, "LENGTH": 385.0, "M0080_": 88, "M0080_ID": 0 }, "geometry": { "type": "MultiLineString", "coordinates": [ [ [ -60.730448440459249, -27.563043819493966 ], [ -60.731476144472332, -27.563038412442875 ], [ -60.731470701228922, -27.562217272118492 ], [ -60.730443004861783, -27.562222678981509 ], [ -60.730448440459249, -27.563043819493966 ] ] ] } },
{ "type": "Feature", "properties": { "FNODE_": 89, "TNODE_": 89, "LPOLY_": 2, "RPOLY_": 97, "LENGTH": 383.005, "M0080_": 89, "M0080_ID": 0 }, "geometry": { "type": "MultiLineString", "coordinates": [ [ [ -60.729223295399606, -27.563050255406775 ], [ -60.730245937171645, -27.563044884026358 ], [ -60.730240503080786, -27.562223743476885 ], [ -60.729217928547463, -27.562238138195593 ], [ -60.729223295399606, -27.563050255406775 ] ] ] } },
{ "type": "Feature", "properties": { "FNODE_": 90, "TNODE_": 90, "LPOLY_": 2, "RPOLY_": 94, "LENGTH": 394.531, "M0080_": 90, "M0080_ID": 0 }, "geometry": { "type": "MultiLineString", "coordinates": [ [ [ -60.715179749341011, -27.5631367928139 ], [ -60.716217465757367, -27.563113399389128 ], [ -60.716201835212011, -27.562265237841057 ], [ -60.715164039039976, -27.562275095670802 ], [ -60.715179749341011, -27.5631367928139 ] ] ] } },
{ "type": "Feature", "properties": { "FNODE_": 91, "TNODE_": 91, "LPOLY_": 2, "RPOLY_": 95, "LENGTH": 387.571, "M0080_": 91, "M0080_ID": 0 }, "geometry": { "type": "MultiLineString", "coordinates": [ [ [ -60.713979941335751, -27.563147475803593 ], [ -60.71497724519925, -27.563137835095471 ], [ -60.714961536478789, -27.562276137899598 ], [ -60.713949169464897, -27.562303903505562 ], [ -60.713979941335751, -27.563147475803593 ] ] ] } },
{ "type": "Feature", "properties": { "FNODE_": 92, "TNODE_": 92, "LPOLY_": 2, "RPOLY_": 98, "LENGTH": 387.035, "M0080_": 92, "M0080_ID": 0 }, "geometry": { "type": "MultiLineString", "coordinates": [ [ [ -60.712749728065511, -27.563153792493662 ], [ -60.713777437121287, -27.563148516336813 ], [ -60.713746695979886, -27.562309455742625 ], [ -60.712739245004975, -27.562314627641836 ], [ -60.712749728065511, -27.563153792493662 ] ] ] } },
{ "type": "Feature", "properties": { "FNODE_": 93, "TNODE_": 93, "LPOLY_": 2, "RPOLY_": 99, "LENGTH": 386.083, "M0080_": 93, "M0080_ID": 0 }, "geometry": { "type": "MultiLineString", "coordinates": [ [ [ -60.711529843264422, -27.5631916288939 ], [ -60.71254725291989, -27.563159343012604 ], [ -60.712536771397332, -27.562320178117037 ], [ -60.711534528090901, -27.562347874218307 ], [ -60.711529843264422, -27.5631916288939 ] ] ] } },
{ "type": "Feature", "properties": { "FNODE_": 94, "TNODE_": 94, "LPOLY_": 2, "RPOLY_": 100, "LENGTH": 367.019, "M0080_": 94, "M0080_ID": 0 }, "geometry": { "type": "MultiLineString", "coordinates": [ [ [ -60.710309783112002, -27.563202383913659 ], [ -60.71122611573572, -27.563197696008629 ], [ -60.711230802884181, -27.562353941300142 ], [ -60.710309501821563, -27.562372190330844 ], [ -60.710309783112002, -27.563202383913659 ] ] ] } },
{ "type": "Feature", "properties": { "FNODE_": 95, "TNODE_": 95, "LPOLY_": 2, "RPOLY_": 101, "LENGTH": 379.519, "M0080_": 95, "M0080_ID": 0 }, "geometry": { "type": "MultiLineString", "coordinates": [ [ [ -60.709120127143791, -27.56321748496811 ], [ -60.710107278634901, -27.563203419099519 ], [ -60.710106998867921, -27.562373225487672 ], [ -60.709109758643464, -27.562391854676623 ], [ -60.709120127143791, -27.56321748496811 ] ] ] } },
{ "type": "Feature", "properties": { "FNODE_": 96, "TNODE_": 96, "LPOLY_": 2, "RPOLY_": 102, "LENGTH": 385.587, "M0080_": 96, "M0080_ID": 0 }, "geometry": { "type": "MultiLineString", "coordinates": [ [ [ -60.707910393817194, -27.563259749724427 ], [ -60.708917651573145, -27.563223030202604 ], [ -60.708907255600998, -27.562392888085544 ], [ -60.70790489432602, -27.562402510897474 ], [ -60.707897345180875, -27.562804111214987 ], [ -60.707897460957874, -27.562822158348297 ], [ -60.707897547790694, -27.562835693698226 ], [ -60.707897634623578, -27.56284922904813 ], [ -60.707897750400832, -27.56286727618129 ], [ -60.707910393817194, -27.563259749724427 ] ] ] } },
{ "type": "Feature", "properties": { "FNODE_": 97, "TNODE_": 97, "LPOLY_": 2, "RPOLY_": 108, "LENGTH": 277.044, "M0080_": 97, "M0080_ID": 0 }, "geometry": { "type": "MultiLineString", "coordinates": [ [ [ -60.706675143949241, -27.563270550231334 ], [ -60.707707918066482, -27.563265293198327 ], [ -60.707695622601996, -27.562926961025124 ], [ -60.706688135770435, -27.562927577369692 ], [ -60.706675143949241, -27.563270550231334 ] ] ] } },
{ "type": "Feature", "properties": { "FNODE_": 98, "TNODE_": 98, "LPOLY_": 2, "RPOLY_": 109, "LENGTH": 265.046, "M0080_": 98, "M0080_ID": 0 }, "geometry": { "type": "MultiLineString", "coordinates": [ [ [ -60.70553107844875, -27.563289900592888 ], [ -60.70647263918756, -27.563271580122002 ], [ -60.706485631638714, -27.562928607267544 ], [ -60.705523765713586, -27.562938007037758 ], [ -60.70553107844875, -27.563289900592888 ] ] ] } },
{ "type": "Feature", "properties": { "FNODE_": 99, "TNODE_": 99, "LPOLY_": 2, "RPOLY_": 110, "LENGTH": 283.019, "M0080_": 99, "M0080_ID": 0 }, "geometry": { "type": "MultiLineString", "coordinates": [ [ [ -60.704184478599167, -27.563305756310577 ], [ -60.705227321173886, -27.563291442817988 ], [ -60.705220009406879, -27.562939549228819 ], [ -60.704182261554386, -27.562958348732117 ], [ -60.704184478599167, -27.563305756310577 ] ] ] } },
{ "type": "Feature", "properties": { "FNODE_": 100, "TNODE_": 100, "LPOLY_": 2, "RPOLY_": 107, "LENGTH": 392.156, "M0080_": 100, "M0080_ID": 0 }, "geometry": { "type": "MultiLineString", "coordinates": [ [ [ -60.702949370783784, -27.56333908264326 ], [ -60.703825003553611, -27.563303065935141 ], [ -60.703845254047621, -27.563302963345151 ], [ -60.703860441918046, -27.56330288640072 ], [ -60.703875629788392, -27.563302809454619 ], [ -60.70389588028214, -27.563302706857243 ], [ -60.703981973664064, -27.56330678257228 ], [ -60.703979383061984, -27.562900721746903 ], [ -60.703979267925369, -27.562882674598555 ], [ -60.70397918157299, -27.562869139237264 ], [ -60.703979095220653, -27.562855603875938 ], [ -60.703978980084322, -27.562837556727462 ], [ -60.703956398255464, -27.562472204567083 ], [ -60.702923630724882, -27.562477433575843 ], [ -60.702949370783784, -27.56333908264326 ] ] ] } },
{ "type": "Feature", "properties": { "FNODE_": 101, "TNODE_": 101, "LPOLY_": 2, "RPOLY_": 86, "LENGTH": 614.101, "M0080_": 101, "M0080_ID": 0 }, "geometry": { "type": "MultiLineString", "coordinates": [ [ [ -60.701729478544266, -27.563376833086057 ], [ -60.702746923202326, -27.563349130681889 ], [ -60.702720753736763, -27.562419804719831 ], [ -60.702720638808344, -27.562401757565347 ], [ -60.702720552612107, -27.562388222199452 ], [ -60.702720466415919, -27.56237468683354 ], [ -60.702720351487763, -27.562356639678917 ], [ -60.702684402353633, -27.561481506251106 ], [ -60.701707303090252, -27.561481932601151 ], [ -60.701718419317778, -27.562433894699545 ], [ -60.701729478544266, -27.563376833086057 ] ] ] } },
{ "type": "Feature", "properties": { "FNODE_": 102, "TNODE_": 102, "LPOLY_": 2, "RPOLY_": 84, "LENGTH": 1018.046, "M0080_": 102, "M0080_ID": 0 }, "geometry": { "type": "MultiLineString", "coordinates": [ [ [ -60.699334939982123, -27.563402442832427 ], [ -60.700382904860227, -27.563397163774027 ], [ -60.700403155386454, -27.563397061685411 ], [ -60.700418343281058, -27.563396985116995 ], [ -60.700433531175605, -27.563396908546927 ], [ -60.700453781701576, -27.563396806450925 ], [ -60.701527002056302, -27.563382367561129 ], [ -60.701516202704347, -27.562480035234838 ], [ -60.700731558744671, -27.562493018757131 ], [ -60.700716342325251, -27.562488583566967 ], [ -60.700701125907003, -27.562484148375098 ], [ -60.700690943429905, -27.562475175858857 ], [ -60.700685794894021, -27.562461666019324 ], [ -60.700680646359416, -27.562448156179556 ], [ -60.700685623000311, -27.562434595275917 ], [ -60.700690599640019, -27.56242103437209 ], [ -60.700700667513857, -27.562411959726241 ], [ -60.700715826621789, -27.562407371337255 ], [ -60.700730985728413, -27.562402782946638 ], [ -60.701515629046796, -27.562389799439362 ], [ -60.701504801394094, -27.56148295519025 ], [ -60.699302508985873, -27.561480521414595 ], [ -60.699311658517679, -27.56292429487382 ], [ -60.699311772891136, -27.562942342040138 ], [ -60.699311858671308, -27.562955877414851 ], [ -60.699311944451516, -27.562969412789538 ], [ -60.699312058825257, -27.562987459955739 ], [ -60.699334939982123, -27.563402442832427 ] ] ] } },
{ "type": "Feature", "properties": { "FNODE_": 103, "TNODE_": 103, "LPOLY_": 2, "RPOLY_": 48, "LENGTH": 2241.267, "M0080_": 103, "M0080_ID": 0 }, "geometry": { "type": "MultiLineString", "coordinates": [ [ [ -60.688485786828132, -27.563470166065542 ], [ -60.693153545232477, -27.563446956214495 ], [ -60.69312087378637, -27.563081652179228 ], [ -60.693120760424712, -27.56306360498948 ], [ -60.693120590382449, -27.563036534204755 ], [ -60.693115414399031, -27.563018512271626 ], [ -60.693115216018306, -27.562986929689202 ], [ -60.692624056829743, -27.562975843319997 ], [ -60.692598828683479, -27.562989504905268 ], [ -60.69258366913801, -27.56299409241587 ], [ -60.692568481273497, -27.562994168126824 ], [ -60.692553265091824, -27.56298973203808 ], [ -60.692538048911331, -27.562985295947644 ], [ -60.692101927705643, -27.562870158765236 ], [ -60.692086683260889, -27.562861210826089 ], [ -60.692076501434094, -27.562852237666647 ], [ -60.69207135392687, -27.562838727489439 ], [ -60.692066206420954, -27.562825217312007 ], [ -60.692071184143657, -27.562811656697829 ], [ -60.692076161865188, -27.562798096083469 ], [ -60.692086230495711, -27.562789022048676 ], [ -60.692101390035148, -27.562784434592363 ], [ -60.692116549573285, -27.562779847134404 ], [ -60.692131737409753, -27.562779771473384 ], [ -60.692532363333797, -27.56288606162515 ], [ -60.692520199386266, -27.562561262622168 ], [ -60.692525177041674, -27.562547701992461 ], [ -60.692530154695866, -27.562534141362573 ], [ -60.692540223264707, -27.562525067295653 ], [ -60.692555382748111, -27.562520479790642 ], [ -60.692570542230214, -27.562515892283987 ], [ -60.692585758346759, -27.562520328372319 ], [ -60.692600974464483, -27.562524764458971 ], [ -60.692611156302199, -27.562533737580164 ], [ -60.692616303859971, -27.562547247737005 ], [ -60.692621451419022, -27.562560757893589 ], [ -60.692633728945417, -27.562903604074332 ], [ -60.69310958660158, -27.562896718995045 ], [ -60.693091621550053, -27.562454638586342 ], [ -60.693091508196211, -27.562436591394842 ], [ -60.693091338165658, -27.562409520607513 ], [ -60.693091224812072, -27.562391473415893 ], [ -60.693067092255809, -27.561773458091359 ], [ -60.693066978909265, -27.561755410897995 ], [ -60.693066808889647, -27.561728340107859 ], [ -60.693066695543344, -27.56171029291437 ], [ -60.693043470079623, -27.561236655080243 ], [ -60.693043356739523, -27.561218607885394 ], [ -60.693043186729554, -27.561191537093034 ], [ -60.693043073389724, -27.561173489898071 ], [ -60.692995348314895, -27.560023183125381 ], [ -60.691699917573757, -27.560119877036552 ], [ -60.691684730101969, -27.560119952643674 ], [ -60.691669514352597, -27.560115516448366 ], [ -60.691654242050632, -27.560102056649846 ], [ -60.69164909473082, -27.560088546448391 ], [ -60.691643947412302, -27.560075036246694 ], [ -60.691648925071043, -27.560061475643625 ], [ -60.691653902728568, -27.5600479150404 ], [ -60.691663971148799, -27.560038841036615 ], [ -60.691679130331693, -27.560034253631162 ], [ -60.692994810015499, -27.5599374589336 ], [ -60.692970962151854, -27.559364561355789 ], [ -60.689852686299659, -27.559411661952801 ], [ -60.688485786828132, -27.563470166065542 ] ] ] } },
{ "type": "Feature", "properties": { "FNODE_": 104, "TNODE_": 104, "LPOLY_": 2, "RPOLY_": 113, "LENGTH": 453.685, "M0080_": 104, "M0080_ID": 0 }, "geometry": { "type": "MultiLineString", "coordinates": [ [ [ -60.693362049111151, -27.563594809763085 ], [ -60.695123793445092, -27.563576982391016 ], [ -60.695105564360929, -27.563094296277018 ], [ -60.693328809939466, -27.563139269854741 ], [ -60.693356334398636, -27.563491063700241 ], [ -60.693356419450296, -27.563504599091054 ], [ -60.693361680549948, -27.563536156403536 ], [ -60.693361765602425, -27.563549691794254 ], [ -60.693361879005828, -27.56356773898181 ], [ -60.693362049111151, -27.563594809763085 ] ] ] } },
{ "type": "Feature", "properties": { "FNODE_": 105, "TNODE_": 105, "LPOLY_": 2, "RPOLY_": 129, "LENGTH": 274.037, "M0080_": 105, "M0080_ID": 0 }, "geometry": { "type": "MultiLineString", "coordinates": [ [ [ -60.700532986601225, -27.563910767617177 ], [ -60.701545460090749, -27.56389663481184 ], [ -60.701533212079013, -27.563562813560917 ], [ -60.700520741648113, -27.563576946220692 ], [ -60.700532986601225, -27.563910767617177 ] ] ] } },
{ "type": "Feature", "properties": { "FNODE_": 106, "TNODE_": 106, "LPOLY_": 2, "RPOLY_": 130, "LENGTH": 269.528, "M0080_": 106, "M0080_ID": 0 }, "geometry": { "type": "MultiLineString", "coordinates": [ [ [ -60.69933316578102, -27.563921324291105 ], [ -60.700330480396978, -27.563911788577347 ], [ -60.700318236055949, -27.563577967151666 ], [ -60.699341146424025, -27.563582888996319 ], [ -60.69933316578102, -27.563921324291105 ] ] ] } },
{ "type": "Feature", "properties": { "FNODE_": 107, "TNODE_": 107, "LPOLY_": 2, "RPOLY_": 22, "LENGTH": 3373.951, "M0080_": 107, "M0080_ID": 0 }, "geometry": { "type": "MultiLineString", "coordinates": [ [ [ -60.74588492217287, -27.563814553894428 ], [ -60.753271247652521, -27.563774701728548 ], [ -60.753182216643033, -27.55666442014536 ], [ -60.747183429600504, -27.556696806519405 ], [ -60.747107556602067, -27.55670623830984 ], [ -60.747092369785172, -27.556706319963805 ], [ -60.747011342891795, -27.556702243675591 ], [ -60.74699106326819, -27.556697840785112 ], [ -60.746915007060608, -27.55668020198209 ], [ -60.746894727444577, -27.556675799077361 ], [ -60.746823641953448, -27.556644597768411 ], [ -60.74681345635917, -27.55663562868725 ], [ -60.746747372135012, -27.556595376633879 ], [ -60.746727062016973, -27.556586461955813 ], [ -60.746671010819945, -27.556532620210358 ], [ -60.746660764206474, -27.556514627620409 ], [ -60.746619838824913, -27.55645168074912 ], [ -60.74660962274627, -27.556438199903486 ], [ -60.74657879142098, -27.556370686869588 ], [ -60.746573637611931, -27.556357178822122 ], [ -60.746557993093788, -27.556289584185784 ], [ -60.74655784051167, -27.556267025441972 ], [ -60.746562383983068, -27.556190298514593 ], [ -60.746554663537893, -27.555048825969479 ], [ -60.745835922959913, -27.555066221282015 ], [ -60.745884648930073, -27.559280086061829 ], [ -60.74588492217287, -27.563814553894428 ] ] ] } },
{ "type": "Feature", "properties": { "FNODE_": 108, "TNODE_": 108, "LPOLY_": 2, "RPOLY_": 51, "LENGTH": 2382.086, "M0080_": 108, "M0080_ID": 0 }, "geometry": { "type": "MultiLineString", "coordinates": [ [ [ -60.738407665959272, -27.563886080065743 ], [ -60.740650099378733, -27.563829024327561 ], [ -60.740675412410909, -27.563828889378136 ], [ -60.740695662836529, -27.563828781415275 ], [ -60.740726038474747, -27.563828619465436 ], [ -60.740751351506397, -27.563828484502167 ], [ -60.741480397060982, -27.563829107330513 ], [ -60.742260098926018, -27.563833967609252 ], [ -60.743100521615645, -27.563833986831632 ], [ -60.743125834634881, -27.563833851435739 ], [ -60.743151147653947, -27.56383371603523 ], [ -60.743176460672842, -27.56383358063011 ], [ -60.743201773691538, -27.563833445220379 ], [ -60.745479914169032, -27.563816727716912 ], [ -60.74548026709347, -27.559372494513216 ], [ -60.742361829532271, -27.5593891909453 ], [ -60.7423466423298, -27.559389272087863 ], [ -60.742326362378925, -27.55938486852428 ], [ -60.742138628793022, -27.559322704600365 ], [ -60.741795265157833, -27.559455383664652 ], [ -60.741770013784873, -27.559464542301647 ], [ -60.741754826569981, -27.559464623379739 ], [ -60.738378382003077, -27.559509679064448 ], [ -60.738407665959272, -27.563886080065743 ] ] ] } },
{ "type": "Feature", "properties": { "FNODE_": 109, "TNODE_": 109, "LPOLY_": 2, "RPOLY_": 19, "LENGTH": 3481.276, "M0080_": 109, "M0080_ID": 0 }, "geometry": { "type": "MultiLineString", "coordinates": [ [ [ -60.735380403360466, -27.56392920846119 ], [ -60.735405716445754, -27.56392907447141 ], [ -60.735431029530851, -27.563928940477005 ], [ -60.735456342615784, -27.563928806478003 ], [ -60.735481655700525, -27.563928672474383 ], [ -60.738205161488075, -27.563887156228809 ], [ -60.738175493248143, -27.55945210220953 ], [ -60.738175372536716, -27.559434055188355 ], [ -60.738175282003205, -27.559420519922419 ], [ -60.738175191469772, -27.55940698465648 ], [ -60.738175070758622, -27.559388937635184 ], [ -60.738135948746645, -27.555053193174537 ], [ -60.730431351467857, -27.555107441426507 ], [ -60.730440690840886, -27.561108247228535 ], [ -60.730440810296074, -27.561126294276725 ], [ -60.730440899887512, -27.561139829562833 ], [ -60.730440989479035, -27.561153364848916 ], [ -60.730441108934485, -27.561171411896989 ], [ -60.730441810255826, -27.562042208526062 ], [ -60.731535317893048, -27.562036455195752 ], [ -60.731555568031425, -27.562036348571439 ], [ -60.731570755635126, -27.562036268601268 ], [ -60.731585943238763, -27.562036188629456 ], [ -60.731606223289468, -27.562040593758034 ], [ -60.731621470720071, -27.562049537302833 ], [ -60.731636718153119, -27.562058480845881 ], [ -60.731646903052713, -27.562067451047113 ], [ -60.731657117868714, -27.562080933007735 ], [ -60.73166733268723, -27.562094414967532 ], [ -60.731672514885936, -27.562112435347537 ], [ -60.73167260463223, -27.562125970627999 ], [ -60.731672694378567, -27.562139505908434 ], [ -60.731672814040436, -27.562157552948968 ], [ -60.731679036611872, -27.563095998991606 ], [ -60.731679156279647, -27.563114046029646 ], [ -60.731679246030573, -27.563127581308123 ], [ -60.73167933578155, -27.563141116586589 ], [ -60.731679455449601, -27.563159163624491 ], [ -60.73168466111818, -27.563944209727637 ], [ -60.735380403360466, -27.56392920846119 ] ] ] } },
{ "type": "Feature", "properties": { "FNODE_": 110, "TNODE_": 110, "LPOLY_": 2, "RPOLY_": 116, "LENGTH": 366.011, "M0080_": 110, "M0080_ID": 0 }, "geometry": { "type": "MultiLineString", "coordinates": [ [ [ -60.730444378264387, -27.563959760108631 ], [ -60.731482156234236, -27.563945276093776 ], [ -60.731477340820454, -27.563218882830697 ], [ -60.730449635126895, -27.56322428992312 ], [ -60.730444378264387, -27.563959760108631 ] ] ] } },
{ "type": "Feature", "properties": { "FNODE_": 111, "TNODE_": 111, "LPOLY_": 2, "RPOLY_": 117, "LENGTH": 364.507, "M0080_": 111, "M0080_ID": 0 }, "geometry": { "type": "MultiLineString", "coordinates": [ [ [ -60.72922937810371, -27.563970654796819 ], [ -60.730241873295725, -27.563960824667561 ], [ -60.730247131508172, -27.563225354463636 ], [ -60.729224488063927, -27.563230725885127 ], [ -60.72922937810371, -27.563970654796819 ] ] ] } },
{ "type": "Feature", "properties": { "FNODE_": 112, "TNODE_": 112, "LPOLY_": 2, "RPOLY_": 9, "LENGTH": 3495.984, "M0080_": 112, "M0080_ID": 0 }, "geometry": { "type": "MultiLineString", "coordinates": [ [ [ -60.723007642095276, -27.564039268344221 ], [ -60.723508813450898, -27.56403214734507 ], [ -60.724141613188031, -27.56402433851197 ], [ -60.724759195231407, -27.564012094264704 ], [ -60.72539199462706, -27.564004279739791 ], [ -60.726556310636148, -27.563984659840671 ], [ -60.727756094143317, -27.563969356320495 ], [ -60.728925620534191, -27.563972248868765 ], [ -60.728907023272846, -27.561156908979971 ], [ -60.728906874267231, -27.561134350162106 ], [ -60.728916850252098, -27.56111173822557 ], [ -60.728926826232986, -27.561089126288323 ], [ -60.728941894505368, -27.561070999553685 ], [ -60.728962025265226, -27.56105284625648 ], [ -60.728982185822517, -27.561039204720018 ], [ -60.72900743867099, -27.561030048381625 ], [ -60.729032691515158, -27.561020892038719 ], [ -60.729058003969314, -27.561020759218287 ], [ -60.729083316423299, -27.561020626393262 ], [ -60.72910868849555, -27.561029517090518 ], [ -60.729134060571795, -27.561038407783045 ], [ -60.729154399971215, -27.56105183680241 ], [ -60.729174769187523, -27.561069777582034 ], [ -60.730237802983808, -27.561050658771453 ], [ -60.73022886274051, -27.555108505652708 ], [ -60.725050209771332, -27.555135622985215 ], [ -60.724498456774953, -27.5551430127164 ], [ -60.724473145643074, -27.555143144680354 ], [ -60.724447775288489, -27.555134253095808 ], [ -60.724422404937897, -27.555125361506544 ], [ -60.723243977569297, -27.554522389730352 ], [ -60.722879469655105, -27.554519774463245 ], [ -60.722939334804224, -27.559022365321283 ], [ -60.722997139914973, -27.563209129400619 ], [ -60.723007642095276, -27.564039268344221 ] ] ] } },
{ "type": "Feature", "properties": { "FNODE_": 113, "TNODE_": 113, "LPOLY_": 2, "RPOLY_": 114, "LENGTH": 379.598, "M0080_": 113, "M0080_ID": 0 }, "geometry": { "type": "MultiLineString", "coordinates": [ [ [ -60.716416289147105, -27.564104997887828 ], [ -60.717443947565108, -27.564090670895901 ], [ -60.717403170248282, -27.563269711139927 ], [ -60.716421141527618, -27.563292826288418 ], [ -60.716416289147105, -27.564104997887828 ] ] ] } },
{ "type": "Feature", "properties": { "FNODE_": 114, "TNODE_": 114, "LPOLY_": 2, "RPOLY_": 115, "LENGTH": 384.092, "M0080_": 114, "M0080_ID": 0 }, "geometry": { "type": "MultiLineString", "coordinates": [ [ [ -60.715206521162308, -27.564142814530474 ], [ -60.716213812569244, -27.564110553779635 ], [ -60.716218637154547, -27.563293870384744 ], [ -60.715180919042233, -27.563317263849918 ], [ -60.715206521162308, -27.564142814530474 ] ] ] } },
{ "type": "Feature", "properties": { "FNODE_": 115, "TNODE_": 115, "LPOLY_": 2, "RPOLY_": 118, "LENGTH": 385.08, "M0080_": 115, "M0080_ID": 0 }, "geometry": { "type": "MultiLineString", "coordinates": [ [ [ -60.714001843944864, -27.564185106411269 ], [ -60.715004073648458, -27.564152880436939 ], [ -60.714978414569337, -27.563318306139465 ], [ -60.71398110907527, -27.563327946886655 ], [ -60.714001843944864, -27.564185106411269 ] ] ] } },
{ "type": "Feature", "properties": { "FNODE_": 116, "TNODE_": 116, "LPOLY_": 2, "RPOLY_": 132, "LENGTH": 460.029, "M0080_": 116, "M0080_ID": 0 }, "geometry": { "type": "MultiLineString", "coordinates": [ [ [ -60.693366415228581, -27.564289626445841 ], [ -60.695128056956747, -27.564253751636617 ], [ -60.695124930366987, -27.563757454196345 ], [ -60.693363183152591, -27.563775281635476 ], [ -60.693366415228581, -27.564289626445841 ] ] ] } },
{ "type": "Feature", "properties": { "FNODE_": 117, "TNODE_": 117, "LPOLY_": 2, "RPOLY_": 119, "LENGTH": 395.522, "M0080_": 117, "M0080_ID": 0 }, "geometry": { "type": "MultiLineString", "coordinates": [ [ [ -60.712766643893055, -27.564204984820176 ], [ -60.713799367014417, -27.564190658789006 ], [ -60.713778604529672, -27.563328987427845 ], [ -60.712750893793391, -27.563334263625006 ], [ -60.712766643893055, -27.564204984820176 ] ] ] } },
{ "type": "Feature", "properties": { "FNODE_": 118, "TNODE_": 118, "LPOLY_": 2, "RPOLY_": 120, "LENGTH": 390.582, "M0080_": 118, "M0080_ID": 0 }, "geometry": { "type": "MultiLineString", "coordinates": [ [ [ -60.711556756421345, -27.564224722608667 ], [ -60.712564137684289, -27.564206023621594 ], [ -60.712548418316921, -27.563339814151771 ], [ -60.711531006999117, -27.56337210007224 ], [ -60.711556756421345, -27.564224722608667 ] ] ] } },
{ "type": "Feature", "properties": { "FNODE_": 119, "TNODE_": 119, "LPOLY_": 2, "RPOLY_": 121, "LENGTH": 370.555, "M0080_": 119, "M0080_ID": 0 }, "geometry": { "type": "MultiLineString", "coordinates": [ [ [ -60.710336742947135, -27.564244501638765 ], [ -60.711252996969741, -27.564226278055926 ], [ -60.711227278973979, -27.563378167198746 ], [ -60.710310944851877, -27.563382855139601 ], [ -60.710336742947135, -27.564244501638765 ] ] ] } },
{ "type": "Feature", "properties": { "FNODE_": 120, "TNODE_": 120, "LPOLY_": 2, "RPOLY_": 122, "LENGTH": 384.564, "M0080_": 120, "M0080_ID": 0 }, "geometry": { "type": "MultiLineString", "coordinates": [ [ [ -60.709157201078092, -27.564259551449371 ], [ -60.710134236558766, -27.564245536899833 ], [ -60.710108440043641, -27.563383890333366 ], [ -60.709126349560826, -27.563397930399979 ], [ -60.709157201078092, -27.564259551449371 ] ] ] } },
{ "type": "Feature", "properties": { "FNODE_": 121, "TNODE_": 121, "LPOLY_": 2, "RPOLY_": 123, "LENGTH": 388.105, "M0080_": 121, "M0080_ID": 0 }, "geometry": { "type": "MultiLineString", "coordinates": [ [ [ -60.707932094677766, -27.564274823436676 ], [ -60.708954694610242, -27.564260584991704 ], [ -60.708923873659806, -27.563403475649636 ], [ -60.707916614261102, -27.56344019524656 ], [ -60.707932094677766, -27.564274823436676 ] ] ] } },
{ "type": "Feature", "properties": { "FNODE_": 122, "TNODE_": 122, "LPOLY_": 2, "RPOLY_": 124, "LENGTH": 390.507, "M0080_": 122, "M0080_ID": 0 }, "geometry": { "type": "MultiLineString", "coordinates": [ [ [ -60.706681616561703, -27.564281189821806 ], [ -60.707729588128124, -27.564275855193873 ], [ -60.707714138180023, -27.563445738735613 ], [ -60.706671237120979, -27.563451047348732 ], [ -60.706681616561703, -27.564281189821806 ] ] ] } },
{ "type": "Feature", "properties": { "FNODE_": 123, "TNODE_": 123, "LPOLY_": 2, "RPOLY_": 125, "LENGTH": 369.536, "M0080_": 123, "M0080_ID": 0 }, "geometry": { "type": "MultiLineString", "coordinates": [ [ [ -60.70554263210547, -27.564305026504453 ], [ -60.706479109945604, -27.564282219756567 ], [ -60.706468732027886, -27.563452077239898 ], [ -60.705532232377529, -27.563470372003319 ], [ -60.70554263210547, -27.564305026504453 ] ] ] } },
{ "type": "Feature", "properties": { "FNODE_": 124, "TNODE_": 124, "LPOLY_": 2, "RPOLY_": 126, "LENGTH": 439.148, "M0080_": 124, "M0080_ID": 0 }, "geometry": { "type": "MultiLineString", "coordinates": [ [ [ -60.703983589239094, -27.564353542687769 ], [ -60.705238929711733, -27.564315592376818 ], [ -60.70522847460596, -27.563471914240214 ], [ -60.704119816116048, -27.56348656134297 ], [ -60.704099565589566, -27.563486663973613 ], [ -60.704084377694628, -27.563486740944668 ], [ -60.704064127167953, -27.563486843570136 ], [ -60.704048910485142, -27.563482408750687 ], [ -60.704033722590623, -27.563482485716179 ], [ -60.703962845748748, -27.563482844866556 ], [ -60.703983589239094, -27.564353542687769 ] ] ] } },
{ "type": "Feature", "properties": { "FNODE_": 125, "TNODE_": 125, "LPOLY_": 2, "RPOLY_": 127, "LENGTH": 350.075, "M0080_": 125, "M0080_ID": 0 }, "geometry": { "type": "MultiLineString", "coordinates": [ [ [ -60.703781111150171, -27.564359080478791 ], [ -60.703760369254901, -27.563488382598187 ], [ -60.702950520492685, -27.563519554152773 ], [ -60.702965992125364, -27.56435869537675 ], [ -60.703781111150171, -27.564359080478791 ] ] ] } },
{ "type": "Feature", "properties": { "FNODE_": 126, "TNODE_": 126, "LPOLY_": 2, "RPOLY_": 128, "LENGTH": 385.096, "M0080_": 126, "M0080_ID": 0 }, "geometry": { "type": "MultiLineString", "coordinates": [ [ [ -60.701756213981689, -27.564396395025106 ], [ -60.702763513941058, -27.564364231685722 ], [ -60.702748072580619, -27.563529602199001 ], [ -60.701735688897358, -27.563557279070778 ], [ -60.701748339238883, -27.56395426533286 ], [ -60.701748540098684, -27.563985847852727 ], [ -60.701748626181555, -27.563999383218341 ], [ -60.701748740958806, -27.564017430372438 ], [ -60.701756213981689, -27.564396395025106 ] ] ] } },
{ "type": "Feature", "properties": { "FNODE_": 127, "TNODE_": 127, "LPOLY_": 2, "RPOLY_": 133, "LENGTH": 273.02, "M0080_": 127, "M0080_ID": 0 }, "geometry": { "type": "MultiLineString", "coordinates": [ [ [ -60.700536223470806, -27.564420599841849 ], [ -60.701553735626156, -27.564401929573176 ], [ -60.701546607530787, -27.56407710636131 ], [ -60.700534132386046, -27.56409123920546 ], [ -60.700536223470806, -27.564420599841849 ] ] ] } },
{ "type": "Feature", "properties": { "FNODE_": 128, "TNODE_": 128, "LPOLY_": 2, "RPOLY_": 134, "LENGTH": 268.52, "M0080_": 128, "M0080_ID": 0 }, "geometry": { "type": "MultiLineString", "coordinates": [ [ [ -60.699351613745691, -27.564435591982122 ], [ -60.700333716331045, -27.564421620824071 ], [ -60.700331625850644, -27.564092260173439 ], [ -60.699339372269066, -27.564101770441201 ], [ -60.699351613745691, -27.564435591982122 ] ] ] } },
{ "type": "Feature", "properties": { "FNODE_": 129, "TNODE_": 129, "LPOLY_": 2, "RPOLY_": 111, "LENGTH": 741.266, "M0080_": 129, "M0080_ID": 0 }, "geometry": { "type": "MultiLineString", "coordinates": [ [ [ -60.697354278300388, -27.564829146553734 ], [ -60.69914112529419, -27.564775046492748 ], [ -60.69914987842013, -27.564558429587674 ], [ -60.699149764065297, -27.564540382424916 ], [ -60.699149678299236, -27.564526847052825 ], [ -60.699149592533239, -27.564513311680706 ], [ -60.699149478178668, -27.564495264517845 ], [ -60.699131431361216, -27.564044161861819 ], [ -60.699131317011904, -27.564026114697661 ], [ -60.699131145488124, -27.563999043951352 ], [ -60.699131031139068, -27.563980996787066 ], [ -60.699138269138366, -27.563525254920727 ], [ -60.699138154790454, -27.563507207755244 ], [ -60.69913806902958, -27.56349367238111 ], [ -60.699137983268784, -27.563480137006945 ], [ -60.699137868921127, -27.563462089841355 ], [ -60.699114988487082, -27.563047106922195 ], [ -60.697292645554327, -27.563087848628768 ], [ -60.697354278300388, -27.564829146553734 ] ] ] } },
{ "type": "Feature", "properties": { "FNODE_": 130, "TNODE_": 130, "LPOLY_": 2, "RPOLY_": 112, "LENGTH": 741.66, "M0080_": 130, "M0080_ID": 0 }, "geometry": { "type": "MultiLineString", "coordinates": [ [ [ -60.695359744374002, -27.564866215582164 ], [ -60.69714670757228, -27.564830188317043 ], [ -60.697085078098993, -27.563088890239605 ], [ -60.695308069290824, -27.563093282959969 ], [ -60.695326583572275, -27.563621086980966 ], [ -60.695326668866073, -27.563634622365857 ], [ -60.695326782591252, -27.563652669545675 ], [ -60.6953268678852, -27.563666204930506 ], [ -60.695326953179205, -27.563679740315315 ], [ -60.695327066904646, -27.563697787495009 ], [ -60.695330848335644, -27.564297856193079 ], [ -60.695359744374002, -27.564866215582164 ] ] ] } },
{ "type": "Feature", "properties": { "FNODE_": 131, "TNODE_": 131, "LPOLY_": 2, "RPOLY_": 138, "LENGTH": 463.58, "M0080_": 131, "M0080_ID": 0 }, "geometry": { "type": "MultiLineString", "coordinates": [ [ [ -60.693370101033892, -27.56487615995459 ], [ -60.695157236192664, -27.564867229034338 ], [ -60.695128625436205, -27.564343987530989 ], [ -60.693366982268287, -27.564379862373521 ], [ -60.693370101033892, -27.56487615995459 ] ] ] } },
{ "type": "Feature", "properties": { "FNODE_": 132, "TNODE_": 132, "LPOLY_": 2, "RPOLY_": 168, "LENGTH": 255.554, "M0080_": 132, "M0080_ID": 0 }, "geometry": { "type": "MultiLineString", "coordinates": [ [ [ -60.700544036142787, -27.564853706084872 ], [ -60.701536324866595, -27.564848698877849 ], [ -60.701549820419686, -27.564582426674612 ], [ -60.700537369285748, -27.564601071416764 ], [ -60.700544036142787, -27.564853706084872 ] ] ] } },
{ "type": "Feature", "properties": { "FNODE_": 133, "TNODE_": 133, "LPOLY_": 2, "RPOLY_": 169, "LENGTH": 253.551, "M0080_": 133, "M0080_ID": 0 }, "geometry": { "type": "MultiLineString", "coordinates": [ [ [ -60.699339228164249, -27.564877823899298 ], [ -60.700341528208511, -27.564854727093184 ], [ -60.700334861814824, -27.564602092406787 ], [ -60.699347694935248, -27.564616089087615 ], [ -60.69933894219605, -27.564832705996231 ], [ -60.699339056583263, -27.564850753157501 ], [ -60.699339228164249, -27.564877823899298 ] ] ] } },
{ "type": "Feature", "properties": { "FNODE_": 134, "TNODE_": 134, "LPOLY_": 2, "RPOLY_": 164, "LENGTH": 274.558, "M0080_": 134, "M0080_ID": 0 }, "geometry": { "type": "MultiLineString", "coordinates": [ [ [ -60.705561513017422, -27.564882457780854 ], [ -60.706493048614476, -27.564877723694934 ], [ -60.706480265473587, -27.564462691104247 ], [ -60.705543786102929, -27.564485497888057 ], [ -60.705561513017422, -27.564882457780854 ] ] ] } },
{ "type": "Feature", "properties": { "FNODE_": 135, "TNODE_": 135, "LPOLY_": 2, "RPOLY_": 131, "LENGTH": 1274.25, "M0080_": 135, "M0080_ID": 0 }, "geometry": { "type": "MultiLineString", "coordinates": [ [ [ -60.687963604449088, -27.564979741062114 ], [ -60.693167592748708, -27.56487717050701 ], [ -60.693160308430478, -27.563717638780254 ], [ -60.693160195059313, -27.563699591592311 ], [ -60.693160110031016, -27.563686056201309 ], [ -60.693160025002776, -27.563672520810297 ], [ -60.693159911631867, -27.563654473622218 ], [ -60.693159741575727, -27.563627402840023 ], [ -60.688426161016118, -27.563650939176298 ], [ -60.687963604449088, -27.564979741062114 ] ] ] } },
{ "type": "Feature", "properties": { "FNODE_": 136, "TNODE_": 136, "LPOLY_": 2, "RPOLY_": 149, "LENGTH": 376.524, "M0080_": 136, "M0080_ID": 0 }, "geometry": { "type": "MultiLineString", "coordinates": [ [ [ -60.727884383257923, -27.564997401629846 ], [ -60.728942482092997, -27.564991853814206 ], [ -60.728927408874675, -27.564242954566552 ], [ -60.727864195052305, -27.564239505127869 ], [ -60.727884383257923, -27.564997401629846 ] ] ] } },
{ "type": "Feature", "properties": { "FNODE_": 137, "TNODE_": 137, "LPOLY_": 2, "RPOLY_": 150, "LENGTH": 366.521, "M0080_": 137, "M0080_ID": 0 }, "geometry": { "type": "MultiLineString", "coordinates": [ [ [ -60.726669370874923, -27.565008274151872 ], [ -60.727681876269358, -27.564998462494128 ], [ -60.72766168945374, -27.564240565935972 ], [ -60.726659346004141, -27.564254836117598 ], [ -60.726669370874923, -27.565008274151872 ] ] ] } },
{ "type": "Feature", "properties": { "FNODE_": 138, "TNODE_": 138, "LPOLY_": 2, "RPOLY_": 152, "LENGTH": 357.019, "M0080_": 138, "M0080_ID": 0 }, "geometry": { "type": "MultiLineString", "coordinates": [ [ [ -60.725499951765634, -27.565023409877604 ], [ -60.726466863811666, -27.565009333245559 ], [ -60.726456840323166, -27.564255895170106 ], [ -60.72549502718433, -27.564274456934132 ], [ -60.725499951765634, -27.565023409877604 ] ] ] } },
{ "type": "Feature", "properties": { "FNODE_": 139, "TNODE_": 139, "LPOLY_": 2, "RPOLY_": 153, "LENGTH": 250.004, "M0080_": 139, "M0080_ID": 0 }, "geometry": { "type": "MultiLineString", "coordinates": [ [ [ -60.724872179584438, -27.565026686824961 ], [ -60.725297444621994, -27.565024467267289 ], [ -60.725292521415007, -27.564275514290273 ], [ -60.72486222625821, -27.564282271957762 ], [ -60.724872179584438, -27.565026686824961 ] ] ] } },
{ "type": "Feature", "properties": { "FNODE_": 140, "TNODE_": 140, "LPOLY_": 2, "RPOLY_": 154, "LENGTH": 247.017, "M0080_": 140, "M0080_ID": 0 }, "geometry": { "type": "MultiLineString", "coordinates": [ [ [ -60.724249499593014, -27.565034446309006 ], [ -60.724669672406606, -27.565027743299719 ], [ -60.72465972044612, -27.564283328391848 ], [ -60.724244642725779, -27.564294516691483 ], [ -60.724249499593014, -27.565034446309006 ] ] ] } },
{ "type": "Feature", "properties": { "FNODE_": 141, "TNODE_": 141, "LPOLY_": 2, "RPOLY_": 156, "LENGTH": 247.52, "M0080_": 141, "M0080_ID": 0 }, "geometry": { "type": "MultiLineString", "coordinates": [ [ [ -60.72363188212784, -27.565042176633327 ], [ -60.724046992372976, -27.56503550187643 ], [ -60.724042136863496, -27.564295572225827 ], [ -60.723611841458151, -27.564302326023242 ], [ -60.72363188212784, -27.565042176633327 ] ] ] } },
{ "type": "Feature", "properties": { "FNODE_": 142, "TNODE_": 142, "LPOLY_": 2, "RPOLY_": 157, "LENGTH": 246.034, "M0080_": 142, "M0080_ID": 0 }, "geometry": { "type": "MultiLineString", "coordinates": [ [ [ -60.72299907646233, -27.565049983256156 ], [ -60.723429374865937, -27.565043231300791 ], [ -60.723409335553157, -27.564303380635511 ], [ -60.723009415922448, -27.564309974395165 ], [ -60.72299907646233, -27.565049983256156 ] ] ] } },
{ "type": "Feature", "properties": { "FNODE_": 143, "TNODE_": 143, "LPOLY_": 2, "RPOLY_": 8, "LENGTH": 3873.425, "M0080_": 143, "M0080_ID": 0 }, "geometry": { "type": "MultiLineString", "coordinates": [ [ [ -60.720589386154948, -27.565085062531654 ], [ -60.721267727134453, -27.56507251855917 ], [ -60.72128797787618, -27.565072413420669 ], [ -60.721303165932412, -27.565072334564867 ], [ -60.721318353988586, -27.565072255707413 ], [ -60.721338604730043, -27.565072150561544 ], [ -60.722072634980528, -27.565059313495517 ], [ -60.722639655538927, -27.565056365218506 ], [ -60.722659788069052, -27.565038212810922 ], [ -60.722679950143991, -27.565024572167779 ], [ -60.722695079084886, -27.565015469625376 ], [ -60.72270506596918, -27.564221319531036 ], [ -60.722704918212088, -27.564198760692051 ], [ -60.722704770455152, -27.564176201853009 ], [ -60.722704622698402, -27.564153643013885 ], [ -60.722704474941828, -27.564131084174686 ], [ -60.722693679518599, -27.563255827491304 ], [ -60.721018017338352, -27.563273557687211 ], [ -60.721002800048105, -27.563269124737008 ], [ -60.720987582759051, -27.563264691785136 ], [ -60.720977398594222, -27.563255720789414 ], [ -60.720972247553696, -27.563242211750971 ], [ -60.720967096514464, -27.563228702712291 ], [ -60.720972070677654, -27.563215141130023 ], [ -60.720977044839671, -27.563201579547574 ], [ -60.720987111079715, -27.563192503462822 ], [ -60.721002269397673, -27.563187912874696 ], [ -60.72101742771433, -27.563183322284928 ], [ -60.722693088524785, -27.563165592122179 ], [ -60.722635885851297, -27.559069063093109 ], [ -60.721613279192454, -27.559074377757451 ], [ -60.721598062463009, -27.559069944859157 ], [ -60.721582845734765, -27.559065511959183 ], [ -60.721572661918373, -27.559056540995236 ], [ -60.721567511013923, -27.5590430319684 ], [ -60.721562360110752, -27.559029522941312 ], [ -60.721567334023447, -27.559015961334644 ], [ -60.721572307934963, -27.559002399727749 ], [ -60.721582373750245, -27.558993323602714 ], [ -60.721597531469257, -27.558988732958397 ], [ -60.721612689186991, -27.558984142312461 ], [ -60.722635295009894, -27.55897882766844 ], [ -60.722575471861667, -27.554480748187061 ], [ -60.720014322444143, -27.554543673374454 ], [ -60.720059942582445, -27.558432718899763 ], [ -60.720060060326659, -27.558450765996461 ], [ -60.7200601486349, -27.558464301318953 ], [ -60.720060236943176, -27.558477836641426 ], [ -60.720055292302582, -27.558495909972422 ], [ -60.720045255838947, -27.558509497763168 ], [ -60.720035219372846, -27.558523085553194 ], [ -60.720025153469571, -27.558532161568383 ], [ -60.720010025177402, -27.558541263815655 ], [ -60.719994896882724, -27.558550366061326 ], [ -60.7199746767647, -27.558554982762736 ], [ -60.719959489600967, -27.558555061456236 ], [ -60.719944302437163, -27.558555140148069 ], [ -60.719924052885339, -27.558555245067929 ], [ -60.717504406644942, -27.558594832407874 ], [ -60.717528980539271, -27.560038522342005 ], [ -60.717529097877645, -27.560056569444583 ], [ -60.717529185881517, -27.560070104771484 ], [ -60.71752927388544, -27.560083640098359 ], [ -60.71752939122409, -27.560101687200817 ], [ -60.717566132048574, -27.561080585566071 ], [ -60.717566220060803, -27.561094120890861 ], [ -60.717566425422909, -27.561125703315287 ], [ -60.717566513435358, -27.561139238639974 ], [ -60.717566630785363, -27.561157285739554 ], [ -60.717583063618001, -27.562127264977065 ], [ -60.717583180975645, -27.562145312073998 ], [ -60.717583268993963, -27.56215884739666 ], [ -60.717583357012323, -27.562172382719297 ], [ -60.717583474370237, -27.562190429816127 ], [ -60.717599819698592, -27.563146873582074 ], [ -60.717599937064051, -27.563164920676286 ], [ -60.717600025088245, -27.563178455996923 ], [ -60.717600113112475, -27.563191991317527 ], [ -60.717600230478212, -27.563210038411619 ], [ -60.717646453346006, -27.564089624985922 ], [ -60.71874993332262, -27.564056848958419 ], [ -60.718770183889184, -27.56405674419047 ], [ -60.718785371814036, -27.564056665612554 ], [ -60.718800559738824, -27.564056587033001 ], [ -60.718820810305111, -27.564056482257669 ], [ -60.719959992799701, -27.564064119205199 ], [ -60.71997518072159, -27.564064040497218 ], [ -60.719995460724469, -27.56406844732124 ], [ -60.720010707529006, -27.564077392150509 ], [ -60.720025954335988, -27.564086336978033 ], [ -60.720036138503438, -27.56409530804244 ], [ -60.720046352115133, -27.564108790876574 ], [ -60.72005656572933, -27.564122273709867 ], [ -60.720061746145497, -27.564140294552402 ], [ -60.720061834475302, -27.564153829863809 ], [ -60.720075463612197, -27.564690678047434 ], [ -60.720083087997345, -27.565083175794051 ], [ -60.720589386154948, -27.565085062531654 ] ] ] } },
{ "type": "Feature", "properties": { "FNODE_": 144, "TNODE_": 144, "LPOLY_": 2, "RPOLY_": 143, "LENGTH": 476.02, "M0080_": 144, "M0080_ID": 0 }, "geometry": { "type": "MultiLineString", "coordinates": [ [ [ -60.718883319113637, -27.565102925065965 ], [ -60.719880580501545, -27.565084225290253 ], [ -60.719873251198997, -27.564736845221685 ], [ -60.719432798743696, -27.56473912680725 ], [ -60.719417581309422, -27.564734693686987 ], [ -60.719402363876313, -27.564730260565028 ], [ -60.719392179699433, -27.564721289455115 ], [ -60.719387028778826, -27.564707780358315 ], [ -60.719381877859554, -27.564694271261271 ], [ -60.719386852280699, -27.564680709733612 ], [ -60.719391826700658, -27.564667148205785 ], [ -60.719401893204662, -27.564658072232742 ], [ -60.719417051792647, -27.564653481813437 ], [ -60.71943221037931, -27.564648891392487 ], [ -60.719872662474472, -27.564646609815654 ], [ -60.719859917385428, -27.564245114709255 ], [ -60.718887800454382, -27.564236612582846 ], [ -60.718883319113637, -27.565102925065965 ] ] ] } },
{ "type": "Feature", "properties": { "FNODE_": 145, "TNODE_": 145, "LPOLY_": 2, "RPOLY_": 142, "LENGTH": 396.581, "M0080_": 145, "M0080_ID": 0 }, "geometry": { "type": "MultiLineString", "coordinates": [ [ [ -60.717643077362979, -27.565127384979824 ], [ -60.718680811528102, -27.565103972814079 ], [ -60.718685265071862, -27.564233148535504 ], [ -60.717652660436677, -27.564265557975109 ], [ -60.717643077362979, -27.565127384979824 ] ] ] } },
{ "type": "Feature", "properties": { "FNODE_": 146, "TNODE_": 146, "LPOLY_": 2, "RPOLY_": 145, "LENGTH": 392.018, "M0080_": 146, "M0080_ID": 0 }, "geometry": { "type": "MultiLineString", "coordinates": [ [ [ -60.716417905698407, -27.565133708415438 ], [ -60.717440569677386, -27.565128430921021 ], [ -60.717450183669811, -27.564271115673243 ], [ -60.716417460918827, -27.564285468849821 ], [ -60.716417905698407, -27.565133708415438 ] ] ] } },
{ "type": "Feature", "properties": { "FNODE_": 147, "TNODE_": 147, "LPOLY_": 2, "RPOLY_": 146, "LENGTH": 387.129, "M0080_": 147, "M0080_ID": 0 }, "geometry": { "type": "MultiLineString", "coordinates": [ [ [ -60.715218310329469, -27.565180496702698 ], [ -60.716215427234012, -27.565139264344683 ], [ -60.716214984010101, -27.564291024749483 ], [ -60.715207690957328, -27.564323285539299 ], [ -60.715218310329469, -27.565180496702698 ] ] ] } },
{ "type": "Feature", "properties": { "FNODE_": 148, "TNODE_": 148, "LPOLY_": 2, "RPOLY_": 155, "LENGTH": 384.589, "M0080_": 148, "M0080_ID": 0 }, "geometry": { "type": "MultiLineString", "coordinates": [ [ [ -60.714028722305457, -27.565209175506109 ], [ -60.715015831677036, -27.565186050886204 ], [ -60.715005243112884, -27.564333351453481 ], [ -60.714003011771709, -27.564365577466507 ], [ -60.714028722305457, -27.565209175506109 ] ] ] } },
{ "type": "Feature", "properties": { "FNODE_": 149, "TNODE_": 149, "LPOLY_": 2, "RPOLY_": 158, "LENGTH": 389.071, "M0080_": 149, "M0080_ID": 0 }, "geometry": { "type": "MultiLineString", "coordinates": [ [ [ -60.712803636207525, -27.565229002416601 ], [ -60.713826214309506, -27.565210216181857 ], [ -60.713800534510369, -27.564371129852073 ], [ -60.712772872364035, -27.564385429949549 ], [ -60.712803636207525, -27.565229002416601 ] ] ] } },
{ "type": "Feature", "properties": { "FNODE_": 150, "TNODE_": 150, "LPOLY_": 2, "RPOLY_": 159, "LENGTH": 381.818, "M0080_": 150, "M0080_ID": 0 }, "geometry": { "type": "MultiLineString", "coordinates": [ [ [ -60.711639301862981, -27.565248507342119 ], [ -60.712601128121058, -27.565230041307352 ], [ -60.712570365824398, -27.56438646876628 ], [ -60.711562982916746, -27.56440516782915 ], [ -60.711639301862981, -27.565248507342119 ] ] ] } },
{ "type": "Feature", "properties": { "FNODE_": 151, "TNODE_": 151, "LPOLY_": 2, "RPOLY_": 160, "LENGTH": 370.283, "M0080_": 151, "M0080_ID": 0 }, "geometry": { "type": "MultiLineString", "coordinates": [ [ [ -60.711330505981472, -27.565254600723623 ], [ -60.711259222968835, -27.564406723299367 ], [ -60.710342967450401, -27.564424946951064 ], [ -60.71037356750319, -27.565245961405573 ], [ -60.711330505981472, -27.565254600723623 ] ] ] } },
{ "type": "Feature", "properties": { "FNODE_": 152, "TNODE_": 152, "LPOLY_": 2, "RPOLY_": 161, "LENGTH": 385.632, "M0080_": 152, "M0080_ID": 0 }, "geometry": { "type": "MultiLineString", "coordinates": [ [ [ -60.709133436439807, -27.565288392531542 ], [ -60.710171088318717, -27.565251508534352 ], [ -60.710140460731139, -27.564425982227416 ], [ -60.709153298315229, -27.564440048535346 ], [ -60.709133436439807, -27.565288392531542 ] ] ] } },
{ "type": "Feature", "properties": { "FNODE_": 153, "TNODE_": 153, "LPOLY_": 2, "RPOLY_": 162, "LENGTH": 386.045, "M0080_": 153, "M0080_ID": 0 }, "geometry": { "type": "MultiLineString", "coordinates": [ [ [ -60.70794882029665, -27.56530345813497 ], [ -60.708930957072283, -27.56529393785533 ], [ -60.708950791515953, -27.564441082078204 ], [ -60.707933252581789, -27.564455294727825 ], [ -60.70794882029665, -27.56530345813497 ] ] ] } },
{ "type": "Feature", "properties": { "FNODE_": 154, "TNODE_": 154, "LPOLY_": 2, "RPOLY_": 163, "LENGTH": 396.046, "M0080_": 154, "M0080_ID": 0 }, "geometry": { "type": "MultiLineString", "coordinates": [ [ [ -60.706708571547573, -27.565327820512547 ], [ -60.707746311859921, -27.565304489951867 ], [ -60.707730745700992, -27.564456326492898 ], [ -60.706682772420848, -27.564461661161612 ], [ -60.706695845299656, -27.564921811550821 ], [ -60.706708571547573, -27.565327820512547 ] ] ] } },
{ "type": "Feature", "properties": { "FNODE_": 155, "TNODE_": 155, "LPOLY_": 2, "RPOLY_": 172, "LENGTH": 263.573, "M0080_": 155, "M0080_ID": 0 }, "geometry": { "type": "MultiLineString", "coordinates": [ [ [ -60.705589798312054, -27.565347042979859 ], [ -60.706506063011794, -27.565328850522477 ], [ -60.706493626403152, -27.564967959361361 ], [ -60.705567152742645, -27.564972667753427 ], [ -60.705589798312054, -27.565347042979859 ] ] ] } },
{ "type": "Feature", "properties": { "FNODE_": 156, "TNODE_": 156, "LPOLY_": 2, "RPOLY_": 165, "LENGTH": 439.165, "M0080_": 156, "M0080_ID": 0 }, "geometry": { "type": "MultiLineString", "coordinates": [ [ [ -60.704010374733826, -27.565377615442799 ], [ -60.705286064218633, -27.565353097223188 ], [ -60.705258097427418, -27.564938141568664 ], [ -60.705245145889705, -27.564496038072164 ], [ -60.703984740689059, -27.564534014130761 ], [ -60.704010374733826, -27.565377615442799 ] ] ] } },
{ "type": "Feature", "properties": { "FNODE_": 157, "TNODE_": 157, "LPOLY_": 2, "RPOLY_": 166, "LENGTH": 348.046, "M0080_": 157, "M0080_ID": 0 }, "geometry": { "type": "MultiLineString", "coordinates": [ [ [ -60.702992796928562, -27.565387280290039 ], [ -60.7038078659888, -27.565378641521512 ], [ -60.703782262269257, -27.564539551929514 ], [ -60.70296714191128, -27.564539166859131 ], [ -60.702992796928562, -27.565387280290039 ] ] ] } },
{ "type": "Feature", "properties": { "FNODE_": 158, "TNODE_": 158, "LPOLY_": 2, "RPOLY_": 175, "LENGTH": 279.623, "M0080_": 158, "M0080_ID": 0 }, "geometry": { "type": "MultiLineString", "coordinates": [ [ [ -60.701570229709723, -27.565403495405096 ], [ -60.701537472338117, -27.565029170402909 ], [ -60.700550244698086, -27.565034152119019 ], [ -60.70056271918537, -27.565404067748965 ], [ -60.701048740606396, -27.56540161601454 ], [ -60.701570229709723, -27.565403495405096 ] ] ] } },
{ "type": "Feature", "properties": { "FNODE_": 159, "TNODE_": 159, "LPOLY_": 2, "RPOLY_": 167, "LENGTH": 385.823, "M0080_": 159, "M0080_ID": 0 }, "geometry": { "type": "MultiLineString", "coordinates": [ [ [ -60.702279068206657, -27.565408937825218 ], [ -60.702299319093868, -27.565408835453365 ], [ -60.702314507259203, -27.565408758672547 ], [ -60.702329695424481, -27.565408681890045 ], [ -60.702349946311408, -27.565408579510819 ], [ -60.702790316860032, -27.565392816672471 ], [ -60.702764663396081, -27.56454470317583 ], [ -60.701752299106595, -27.564576892126215 ], [ -60.701734143073296, -27.564906354944224 ], [ -60.701734257852593, -27.564924402096029 ], [ -60.701734343937154, -27.564937937459856 ], [ -60.701734430021759, -27.564951472823655 ], [ -60.701734544801326, -27.564969519975332 ], [ -60.701777801319871, -27.565402447012918 ], [ -60.702279068206657, -27.565408937825218 ] ] ] } },
{ "type": "Feature", "properties": { "FNODE_": 160, "TNODE_": 160, "LPOLY_": 2, "RPOLY_": 176, "LENGTH": 283.077, "M0080_": 160, "M0080_ID": 0 }, "geometry": { "type": "MultiLineString", "coordinates": [ [ [ -60.699352899677699, -27.565437234901026 ], [ -60.69982364734178, -27.565421328538054 ], [ -60.69984389824193, -27.565421226524066 ], [ -60.699859086416964, -27.56542115001163 ], [ -60.699874274591942, -27.565421073497539 ], [ -60.699894525491821, -27.565420971476179 ], [ -60.700360210241818, -27.565405088803235 ], [ -60.70034773643291, -27.565035173142522 ], [ -60.699340314849444, -27.565049271928213 ], [ -60.699352899677699, -27.565437234901026 ] ] ] } },
{ "type": "Feature", "properties": { "FNODE_": 161, "TNODE_": 161, "LPOLY_": 2, "RPOLY_": 184, "LENGTH": 163.518, "M0080_": 161, "M0080_ID": 0 }, "geometry": { "type": "MultiLineString", "coordinates": [ [ [ -60.722116236959707, -27.56553283858727 ], [ -60.722617444782372, -27.565530232441304 ], [ -60.722605369147907, -27.565232508477848 ], [ -60.722114317588769, -27.565239573692022 ], [ -60.722116236959707, -27.56553283858727 ] ] ] } },
{ "type": "Feature", "properties": { "FNODE_": 162, "TNODE_": 162, "LPOLY_": 2, "RPOLY_": 185, "LENGTH": 187.526, "M0080_": 162, "M0080_ID": 0 }, "geometry": { "type": "MultiLineString", "coordinates": [ [ [ -60.721417613019227, -27.565540980148501 ], [ -60.722035233668898, -27.565533259612877 ], [ -60.722033314513233, -27.565239994712403 ], [ -60.721405599617405, -27.565252279555992 ], [ -60.721417613019227, -27.565540980148501 ] ] ] } },
{ "type": "Feature", "properties": { "FNODE_": 163, "TNODE_": 163, "LPOLY_": 2, "RPOLY_": 187, "LENGTH": 154.503, "M0080_": 163, "M0080_ID": 0 }, "geometry": { "type": "MultiLineString", "coordinates": [ [ [ -60.720086120900426, -27.565547888071723 ], [ -60.720551890060563, -27.56554547306288 ], [ -60.720550063240253, -27.565265743374724 ], [ -60.720084265815167, -27.565263646585219 ], [ -60.720086120900426, -27.565547888071723 ] ] ] } },
{ "type": "Feature", "properties": { "FNODE_": 164, "TNODE_": 164, "LPOLY_": 2, "RPOLY_": 186, "LENGTH": 177.055, "M0080_": 164, "M0080_ID": 0 }, "geometry": { "type": "MultiLineString", "coordinates": [ [ [ -60.720678487227325, -27.565549328309658 ], [ -60.721215104742775, -27.565542031605915 ], [ -60.721203091870287, -27.565253330985794 ], [ -60.720631066361193, -27.565265323218782 ], [ -60.720632893386828, -27.565545052901971 ], [ -60.720678487227325, -27.565549328309658 ] ] ] } },
{ "type": "Feature", "properties": { "FNODE_": 165, "TNODE_": 165, "LPOLY_": 2, "RPOLY_": 188, "LENGTH": 262.058, "M0080_": 165, "M0080_ID": 0 }, "geometry": { "type": "MultiLineString", "coordinates": [ [ [ -60.718876280337739, -27.565576713401921 ], [ -60.719883612551868, -27.565548937588588 ], [ -60.719881757988176, -27.565264696089447 ], [ -60.718884494970112, -27.565283395904284 ], [ -60.718876280337739, -27.565576713401921 ] ] ] } },
{ "type": "Feature", "properties": { "FNODE_": 166, "TNODE_": 166, "LPOLY_": 2, "RPOLY_": 135, "LENGTH": 448.003, "M0080_": 166, "M0080_ID": 0 }, "geometry": { "type": "MultiLineString", "coordinates": [ [ [ -60.740813912720505, -27.565605843740038 ], [ -60.741391059082588, -27.565602764884456 ], [ -60.741380963830643, -27.564100352632408 ], [ -60.740798732415641, -27.564098946537658 ], [ -60.740813912720505, -27.565605843740038 ] ] ] } },
{ "type": "Feature", "properties": { "FNODE_": 167, "TNODE_": 167, "LPOLY_": 2, "RPOLY_": 141, "LENGTH": 468.503, "M0080_": 167, "M0080_ID": 0 }, "geometry": { "type": "MultiLineString", "coordinates": [ [ [ -60.74237831326807, -27.565602004610604 ], [ -60.743071901158523, -27.565598296482275 ], [ -60.743056781173259, -27.564104935374637 ], [ -60.742363172312281, -27.564104131495185 ], [ -60.74237831326807, -27.565602004610604 ] ] ] } },
{ "type": "Feature", "properties": { "FNODE_": 168, "TNODE_": 168, "LPOLY_": 2, "RPOLY_": 137, "LENGTH": 447.012, "M0080_": 168, "M0080_ID": 0 }, "geometry": { "type": "MultiLineString", "coordinates": [ [ [ -60.74217580582981, -27.565603086622808 ], [ -60.742160667622315, -27.564105213431375 ], [ -60.741583468547525, -27.564099271832838 ], [ -60.74159356655634, -27.565601684016112 ], [ -60.74217580582981, -27.565603086622808 ] ] ] } },
{ "type": "Feature", "properties": { "FNODE_": 169, "TNODE_": 169, "LPOLY_": 2, "RPOLY_": 136, "LENGTH": 761.071, "M0080_": 169, "M0080_ID": 0 }, "geometry": { "type": "MultiLineString", "coordinates": [ [ [ -60.738439541570081, -27.565622996792474 ], [ -60.740611405203325, -27.565606923472085 ], [ -60.740606352901196, -27.564099972217647 ], [ -60.738409477555038, -27.564156785190811 ], [ -60.738439541570081, -27.565622996792474 ] ] ] } },
{ "type": "Feature", "properties": { "FNODE_": 170, "TNODE_": 170, "LPOLY_": 2, "RPOLY_": 195, "LENGTH": 287.605, "M0080_": 170, "M0080_ID": 0 }, "geometry": { "type": "MultiLineString", "coordinates": [ [ [ -60.709147070694968, -27.565834266264865 ], [ -60.710184785779667, -27.565806405630312 ], [ -60.710177312647154, -27.565431953832132 ], [ -60.709134596358631, -27.565468863749352 ], [ -60.709147070694968, -27.565834266264865 ] ] ] } },
{ "type": "Feature", "properties": { "FNODE_": 171, "TNODE_": 171, "LPOLY_": 2, "RPOLY_": 147, "LENGTH": 1037.659, "M0080_": 171, "M0080_ID": 0 }, "geometry": { "type": "MultiLineString", "coordinates": [ [ [ -60.731737220377227, -27.565762235021293 ], [ -60.735275508476747, -27.565662338587721 ], [ -60.7352809549417, -27.564200449688474 ], [ -60.731691518859542, -27.56421488859641 ], [ -60.731737220377227, -27.565762235021293 ] ] ] } },
{ "type": "Feature", "properties": { "FNODE_": 172, "TNODE_": 172, "LPOLY_": 2, "RPOLY_": 148, "LENGTH": 553.082, "M0080_": 172, "M0080_ID": 0 }, "geometry": { "type": "MultiLineString", "coordinates": [ [ [ -60.730476785765461, -27.565795939783197 ], [ -60.731534742073528, -27.565767813286502 ], [ -60.731489013479148, -27.564215954982146 ], [ -60.73044617032982, -27.564230465715131 ], [ -60.730476785765461, -27.565795939783197 ] ] ] } },
{ "type": "Feature", "properties": { "FNODE_": 173, "TNODE_": 173, "LPOLY_": 2, "RPOLY_": 178, "LENGTH": 340.513, "M0080_": 173, "M0080_ID": 0 }, "geometry": { "type": "MultiLineString", "coordinates": [ [ [ -60.726674779032535, -27.565829415025586 ], [ -60.727677136777977, -27.565815144459592 ], [ -60.727683066511325, -27.565178932983841 ], [ -60.726670559461354, -27.565188744681979 ], [ -60.726674779032535, -27.565829415025586 ] ] ] } },
{ "type": "Feature", "properties": { "FNODE_": 174, "TNODE_": 174, "LPOLY_": 2, "RPOLY_": 151, "LENGTH": 549.035, "M0080_": 174, "M0080_ID": 0 }, "geometry": { "type": "MultiLineString", "coordinates": [ [ [ -60.729261854862571, -27.565820370424248 ], [ -60.730274307291317, -27.565801516213618 ], [ -60.730243664864453, -27.564231530286257 ], [ -60.729231167189269, -27.564241360476331 ], [ -60.729246838866906, -27.565080494865395 ], [ -60.729261854862571, -27.565820370424248 ] ] ] } },
{ "type": "Feature", "properties": { "FNODE_": 175, "TNODE_": 175, "LPOLY_": 2, "RPOLY_": 177, "LENGTH": 354.033, "M0080_": 175, "M0080_ID": 0 }, "geometry": { "type": "MultiLineString", "coordinates": [ [ [ -60.728958122012301, -27.565826476425844 ], [ -60.728943674396461, -27.56517232425341 ], [ -60.727885573831067, -27.565177872111441 ], [ -60.727879645265624, -27.565814083573372 ], [ -60.728958122012301, -27.565826476425844 ] ] ] } },
{ "type": "Feature", "properties": { "FNODE_": 176, "TNODE_": 176, "LPOLY_": 2, "RPOLY_": 179, "LENGTH": 334.028, "M0080_": 176, "M0080_ID": 0 }, "geometry": { "type": "MultiLineString", "coordinates": [ [ [ -60.725510473276415, -27.565853548051223 ], [ -60.725930678724644, -27.56585135293356 ], [ -60.726472300169966, -27.565834985919089 ], [ -60.726468052066942, -27.565189803783767 ], [ -60.725501138440144, -27.565203880454174 ], [ -60.725510473276415, -27.565853548051223 ] ] ] } },
{ "type": "Feature", "properties": { "FNODE_": 177, "TNODE_": 177, "LPOLY_": 2, "RPOLY_": 180, "LENGTH": 227.509, "M0080_": 177, "M0080_ID": 0 }, "geometry": { "type": "MultiLineString", "coordinates": [ [ [ -60.724887759091004, -27.56585679871991 ], [ -60.725307964609684, -27.565854605485463 ], [ -60.725298630965369, -27.565204937851952 ], [ -60.724873365232362, -27.565207157426588 ], [ -60.724887759091004, -27.56585679871991 ] ] ] } },
{ "type": "Feature", "properties": { "FNODE_": 178, "TNODE_": 178, "LPOLY_": 2, "RPOLY_": 181, "LENGTH": 227.51, "M0080_": 178, "M0080_ID": 0 }, "geometry": { "type": "MultiLineString", "coordinates": [ [ [ -60.724254919364803, -27.56586009938578 ], [ -60.724685250390337, -27.56585785524658 ], [ -60.724670857723353, -27.565208213909429 ], [ -60.724250684222866, -27.56521491693535 ], [ -60.724254919364803, -27.56586009938578 ] ] ] } },
{ "type": "Feature", "properties": { "FNODE_": 179, "TNODE_": 179, "LPOLY_": 2, "RPOLY_": 182, "LENGTH": 224.522, "M0080_": 179, "M0080_ID": 0 }, "geometry": { "type": "MultiLineString", "coordinates": [ [ [ -60.723647452310452, -27.565872288844911 ], [ -60.724052410629682, -27.565861154990113 ], [ -60.724048176671687, -27.565215972510842 ], [ -60.723633065747933, -27.565222647284148 ], [ -60.723647452310452, -27.565872288844911 ] ] ] } },
{ "type": "Feature", "properties": { "FNODE_": 180, "TNODE_": 180, "LPOLY_": 2, "RPOLY_": 183, "LENGTH": 244.257, "M0080_": 180, "M0080_ID": 0 }, "geometry": { "type": "MultiLineString", "coordinates": [ [ [ -60.723444943525728, -27.565873343564213 ], [ -60.723430558154853, -27.56522370195967 ], [ -60.722964820212347, -27.565230638360205 ], [ -60.722944658136598, -27.565244279044325 ], [ -60.722924496055832, -27.565257919725596 ], [ -60.722899241716611, -27.565267074981062 ], [ -60.722921768744023, -27.565614375646224 ], [ -60.722923453791907, -27.565871546341423 ], [ -60.723444943525728, -27.565873343564213 ] ] ] } },
{ "type": "Feature", "properties": { "FNODE_": 181, "TNODE_": 181, "LPOLY_": 2, "RPOLY_": 211, "LENGTH": 284.548, "M0080_": 181, "M0080_ID": 0 }, "geometry": { "type": "MultiLineString", "coordinates": [ [ [ -60.719902568843985, -27.566126365384871 ], [ -60.719889882222063, -27.565733893910679 ], [ -60.718877485603208, -27.565761695998813 ], [ -60.718879837373848, -27.566122637636941 ], [ -60.719902568843985, -27.566126365384871 ] ] ] } },
{ "type": "Feature", "properties": { "FNODE_": 182, "TNODE_": 182, "LPOLY_": 2, "RPOLY_": 210, "LENGTH": 195.563, "M0080_": 182, "M0080_ID": 0 }, "geometry": { "type": "MultiLineString", "coordinates": [ [ [ -60.720641816536798, -27.566136068352243 ], [ -60.720634101595685, -27.56573003542816 ], [ -60.720588507681704, -27.565725760007432 ], [ -60.720092361463315, -27.565728332608813 ], [ -60.720105078251493, -27.566125315820216 ], [ -60.720641816536798, -27.566136068352243 ] ] ] } },
{ "type": "Feature", "properties": { "FNODE_": 183, "TNODE_": 183, "LPOLY_": 2, "RPOLY_": 209, "LENGTH": 190.519, "M0080_": 183, "M0080_ID": 0 }, "geometry": { "type": "MultiLineString", "coordinates": [ [ [ -60.721183558628333, -27.566137768990217 ], [ -60.721229123237833, -27.566137532443687 ], [ -60.721216284435094, -27.565722502340147 ], [ -60.72071510505598, -27.565729615216743 ], [ -60.720722820295045, -27.566135648130629 ], [ -60.721183558628333, -27.566137768990217 ] ] ] } },
{ "type": "Feature", "properties": { "FNODE_": 184, "TNODE_": 184, "LPOLY_": 2, "RPOLY_": 189, "LENGTH": 388.098, "M0080_": 184, "M0080_ID": 0 }, "geometry": { "type": "MultiLineString", "coordinates": [ [ [ -60.717680144770604, -27.566155912048043 ], [ -60.718677357305786, -27.566128197186099 ], [ -60.718674594757402, -27.565704090740816 ], [ -60.718674477203507, -27.56568604365745 ], [ -60.718674389038135, -27.565672508344896 ], [ -60.718674300872827, -27.565658973032324 ], [ -60.718674183319195, -27.565640925948848 ], [ -60.718674095154057, -27.565627390636209 ], [ -60.718681987053408, -27.565284443660413 ], [ -60.71764931389243, -27.565307829714179 ], [ -60.717680144770604, -27.566155912048043 ] ] ] } },
{ "type": "Feature", "properties": { "FNODE_": 185, "TNODE_": 185, "LPOLY_": 2, "RPOLY_": 208, "LENGTH": 214.032, "M0080_": 185, "M0080_ID": 0 }, "geometry": { "type": "MultiLineString", "coordinates": [ [ [ -60.722039249226953, -27.56614685997959 ], [ -60.722036414702202, -27.565713730314656 ], [ -60.721423855757784, -27.565721424584275 ], [ -60.721436695340692, -27.566136454653734 ], [ -60.722039249226953, -27.56614685997959 ] ] ] } },
{ "type": "Feature", "properties": { "FNODE_": 186, "TNODE_": 186, "LPOLY_": 2, "RPOLY_": 207, "LENGTH": 195.516, "M0080_": 186, "M0080_ID": 0 }, "geometry": { "type": "MultiLineString", "coordinates": [ [ [ -60.722616459945037, -27.566152882597034 ], [ -60.722620281565845, -27.565963362062078 ], [ -60.72261862676779, -27.565710703119947 ], [ -60.72211741812545, -27.565713309285847 ], [ -60.722120252968139, -27.566146438943054 ], [ -60.722616459945037, -27.566152882597034 ] ] ] } },
{ "type": "Feature", "properties": { "FNODE_": 187, "TNODE_": 187, "LPOLY_": 2, "RPOLY_": 190, "LENGTH": 393.11, "M0080_": 187, "M0080_ID": 0 }, "geometry": { "type": "MultiLineString", "coordinates": [ [ [ -60.7164602295259, -27.566193792326143 ], [ -60.717472631139366, -27.566166007769525 ], [ -60.717441743175392, -27.565308901815872 ], [ -60.716424140225946, -27.565314153242767 ], [ -60.7164602295259, -27.566193792326143 ] ] ] } },
{ "type": "Feature", "properties": { "FNODE_": 188, "TNODE_": 188, "LPOLY_": 2, "RPOLY_": 192, "LENGTH": 392.05, "M0080_": 188, "M0080_ID": 0 }, "geometry": { "type": "MultiLineString", "coordinates": [ [ [ -60.712820349289245, -27.566248611975379 ], [ -60.713863275396342, -27.566243256706848 ], [ -60.713832444608279, -27.565390661203896 ], [ -60.712804802126392, -27.565409473491911 ], [ -60.712820349289245, -27.566248611975379 ] ] ] } },
{ "type": "Feature", "properties": { "FNODE_": 189, "TNODE_": 189, "LPOLY_": 2, "RPOLY_": 193, "LENGTH": 375.584, "M0080_": 189, "M0080_ID": 0 }, "geometry": { "type": "MultiLineString", "coordinates": [ [ [ -60.711676342507445, -27.566281548832006 ], [ -60.712617868473664, -27.566254162702208 ], [ -60.712602293708755, -27.565410512390599 ], [ -60.711645528590914, -27.565428952528848 ], [ -60.711676342507445, -27.566281548832006 ] ] ] } },
{ "type": "Feature", "properties": { "FNODE_": 190, "TNODE_": 190, "LPOLY_": 2, "RPOLY_": 194, "LENGTH": 383.562, "M0080_": 190, "M0080_ID": 0 }, "geometry": { "type": "MultiLineString", "coordinates": [ [ [ -60.710395582347793, -27.566306151796905 ], [ -60.711372606492006, -27.566287616424901 ], [ -60.711341794918361, -27.565435020010813 ], [ -60.710379792162051, -27.565426406688196 ], [ -60.71038755647843, -27.565845976252099 ], [ -60.710395582347793, -27.566306151796905 ] ] ] } },
{ "type": "Feature", "properties": { "FNODE_": 191, "TNODE_": 191, "LPOLY_": 2, "RPOLY_": 212, "LENGTH": 294.546, "M0080_": 191, "M0080_ID": 0 }, "geometry": { "type": "MultiLineString", "coordinates": [ [ [ -60.709160299145573, -27.566316975034663 ], [ -60.710193072178228, -27.566307187214793 ], [ -60.710185337568717, -27.565892129433401 ], [ -60.709147621678447, -27.565919990086922 ], [ -60.709160299145573, -27.566316975034663 ] ] ] } },
{ "type": "Feature", "properties": { "FNODE_": 192, "TNODE_": 192, "LPOLY_": 2, "RPOLY_": 196, "LENGTH": 381.035, "M0080_": 192, "M0080_ID": 0 }, "geometry": { "type": "MultiLineString", "coordinates": [ [ [ -60.707970551309181, -27.566323043311559 ], [ -60.708957788901841, -27.566318008652296 ], [ -60.708944851244823, -27.565880417649797 ], [ -60.708932116660208, -27.565474409080931 ], [ -60.707949978278641, -27.565483929398727 ], [ -60.707970551309181, -27.566323043311559 ] ] ] } },
{ "type": "Feature", "properties": { "FNODE_": 193, "TNODE_": 193, "LPOLY_": 2, "RPOLY_": 197, "LENGTH": 384.863, "M0080_": 193, "M0080_ID": 0 }, "geometry": { "type": "MultiLineString", "coordinates": [ [ [ -60.706801227559872, -27.56635606906238 ], [ -60.707768069945367, -27.566328586976319 ], [ -60.70774746951075, -27.565484961223518 ], [ -60.706719852945284, -27.56550824031547 ], [ -60.706801227559872, -27.56635606906238 ] ] ] } },
{ "type": "Feature", "properties": { "FNODE_": 194, "TNODE_": 194, "LPOLY_": 2, "RPOLY_": 198, "LENGTH": 378.831, "M0080_": 194, "M0080_ID": 0 }, "geometry": { "type": "MultiLineString", "coordinates": [ [ [ -60.705596434681581, -27.56638475320462 ], [ -60.706593683275614, -27.566361636775653 ], [ -60.706512281357071, -27.565509296095065 ], [ -60.705596015161404, -27.565527488621072 ], [ -60.705596434681581, -27.56638475320462 ] ] ] } },
{ "type": "Feature", "properties": { "FNODE_": 195, "TNODE_": 195, "LPOLY_": 2, "RPOLY_": 199, "LENGTH": 441.031, "M0080_": 195, "M0080_ID": 0 }, "geometry": { "type": "MultiLineString", "coordinates": [ [ [ -60.70402709299934, -27.566410762917663 ], [ -60.705292697733263, -27.566390807515056 ], [ -60.70529228057211, -27.565533542887128 ], [ -60.704011526277732, -27.56555808685814 ], [ -60.70402709299934, -27.566410762917663 ] ] ] } },
{ "type": "Feature", "properties": { "FNODE_": 196, "TNODE_": 196, "LPOLY_": 2, "RPOLY_": 200, "LENGTH": 350.042, "M0080_": 196, "M0080_ID": 0 }, "geometry": { "type": "MultiLineString", "coordinates": [ [ [ -60.703019688704508, -27.566429400394796 ], [ -60.703824582358806, -27.566411789056044 ], [ -60.703809017201507, -27.565559112944708 ], [ -60.702993946808576, -27.565567751744638 ], [ -60.703019688704508, -27.566429400394796 ] ] ] } },
{ "type": "Feature", "properties": { "FNODE_": 197, "TNODE_": 197, "LPOLY_": 2, "RPOLY_": 201, "LENGTH": 264.536, "M0080_": 197, "M0080_ID": 0 }, "geometry": { "type": "MultiLineString", "coordinates": [ [ [ -60.702427344822411, -27.566432396725212 ], [ -60.702817177985885, -27.566430425065363 ], [ -60.702791466409131, -27.565573288134793 ], [ -60.702416881906878, -27.565584206447529 ], [ -60.702427344822411, -27.566432396725212 ] ] ] } },
{ "type": "Feature", "properties": { "FNODE_": 198, "TNODE_": 198, "LPOLY_": 2, "RPOLY_": 204, "LENGTH": 274.552, "M0080_": 198, "M0080_ID": 0 }, "geometry": { "type": "MultiLineString", "coordinates": [ [ [ -60.701804739030628, -27.566453591138316 ], [ -60.702224862789251, -27.566437932318919 ], [ -60.702214401428563, -27.565589741997634 ], [ -60.701784011943701, -27.56558289293962 ], [ -60.701804739030628, -27.566453591138316 ] ] ] } },
{ "type": "Feature", "properties": { "FNODE_": 199, "TNODE_": 199, "LPOLY_": 2, "RPOLY_": 202, "LENGTH": 292.537, "M0080_": 199, "M0080_ID": 0 }, "geometry": { "type": "MultiLineString", "coordinates": [ [ [ -60.701106191354839, -27.566475166047447 ], [ -60.701602256906064, -27.566459125825784 ], [ -60.70158150272497, -27.565583915780167 ], [ -60.701100514617984, -27.565581832055393 ], [ -60.701106191354839, -27.566475166047447 ] ] ] } },
{ "type": "Feature", "properties": { "FNODE_": 200, "TNODE_": 200, "LPOLY_": 2, "RPOLY_": 203, "LENGTH": 285.012, "M0080_": 200, "M0080_ID": 0 }, "geometry": { "type": "MultiLineString", "coordinates": [ [ [ -60.700569594782273, -27.566486896967881 ], [ -60.701004935913254, -27.566475677025785 ], [ -60.700999259996095, -27.565582343014388 ], [ -60.700563865091539, -27.565584539297276 ], [ -60.700569594782273, -27.566486896967881 ] ] ] } },
{ "type": "Feature", "properties": { "FNODE_": 201, "TNODE_": 201, "LPOLY_": 2, "RPOLY_": 205, "LENGTH": 276.017, "M0080_": 201, "M0080_ID": 0 }, "geometry": { "type": "MultiLineString", "coordinates": [ [ [ -60.70036708385161, -27.566487918068979 ], [ -60.700361384456308, -27.565590072148183 ], [ -60.699961485837385, -27.565601111457514 ], [ -60.699972158881472, -27.566485396578521 ], [ -60.70036708385161, -27.566487918068979 ] ] ] } },
{ "type": "Feature", "properties": { "FNODE_": 202, "TNODE_": 202, "LPOLY_": 2, "RPOLY_": 206, "LENGTH": 275.063, "M0080_": 202, "M0080_ID": 0 }, "geometry": { "type": "MultiLineString", "coordinates": [ [ [ -60.699379928713512, -27.56650642707762 ], [ -60.699769676544072, -27.566490928597521 ], [ -60.699759005121031, -27.565606643431515 ], [ -60.699354043606668, -27.565617706495239 ], [ -60.699379928713512, -27.56650642707762 ] ] ] } },
{ "type": "Feature", "properties": { "FNODE_": 203, "TNODE_": 203, "LPOLY_": 2, "RPOLY_": 218, "LENGTH": 281.017, "M0080_": 203, "M0080_ID": 0 }, "geometry": { "type": "MultiLineString", "coordinates": [ [ [ -60.726678374692618, -27.566375338299441 ], [ -60.72769092238611, -27.566370038097141 ], [ -60.727678327053489, -27.565995614928276 ], [ -60.726675967669308, -27.56600988553414 ], [ -60.726678374692618, -27.566375338299441 ] ] ] } },
{ "type": "Feature", "properties": { "FNODE_": 204, "TNODE_": 204, "LPOLY_": 2, "RPOLY_": 217, "LENGTH": 295.048, "M0080_": 204, "M0080_ID": 0 }, "geometry": { "type": "MultiLineString", "coordinates": [ [ [ -60.728971854442442, -27.566372346290493 ], [ -60.72895931438363, -27.566006946842727 ], [ -60.727880835872327, -27.565994554033932 ], [ -60.727893431891609, -27.566368977171209 ], [ -60.728971854442442, -27.566372346290493 ] ] ] } },
{ "type": "Feature", "properties": { "FNODE_": 205, "TNODE_": 205, "LPOLY_": 2, "RPOLY_": 170, "LENGTH": 743.616, "M0080_": 205, "M0080_ID": 0 }, "geometry": { "type": "MultiLineString", "coordinates": [ [ [ -60.697381671965182, -27.566760117114686 ], [ -60.698232134782309, -27.566742309374803 ], [ -60.698252385931802, -27.566742207588316 ], [ -60.698267574293837, -27.566742131246514 ], [ -60.698282762655808, -27.566742054903056 ], [ -60.698303013805045, -27.566741953109197 ], [ -60.699173784528611, -27.566733061391599 ], [ -60.699178218280089, -27.566633776546951 ], [ -60.699178103910526, -27.566615729389689 ], [ -60.699178018133431, -27.56660219402173 ], [ -60.699177932356392, -27.566588658653739 ], [ -60.699177817987106, -27.566570611496374 ], [ -60.699151162548155, -27.565560072524836 ], [ -60.699151048188249, -27.565542025364699 ], [ -60.699150962418393, -27.565528489994556 ], [ -60.699150876648581, -27.56551495462439 ], [ -60.699150762288937, -27.565496907464134 ], [ -60.699137434849888, -27.564991637913536 ], [ -60.699137320494991, -27.564973590751869 ], [ -60.69913723472888, -27.564960055380581 ], [ -60.697355418930911, -27.565009618240794 ], [ -60.697381671965182, -27.566760117114686 ] ] ] } },
{ "type": "Feature", "properties": { "FNODE_": 206, "TNODE_": 206, "LPOLY_": 2, "RPOLY_": 171, "LENGTH": 736.074, "M0080_": 206, "M0080_ID": 0 }, "geometry": { "type": "MultiLineString", "coordinates": [ [ [ -60.695417337726013, -27.566774476148055 ], [ -60.697179160395024, -27.56676113357808 ], [ -60.697152910572449, -27.565010634606697 ], [ -60.695365944456775, -27.565046662004661 ], [ -60.695417337726013, -27.566774476148055 ] ] ] } },
{ "type": "Feature", "properties": { "FNODE_": 207, "TNODE_": 207, "LPOLY_": 2, "RPOLY_": 173, "LENGTH": 750.163, "M0080_": 207, "M0080_ID": 0 }, "geometry": { "type": "MultiLineString", "coordinates": [ [ [ -60.693367303434954, -27.566847890344761 ], [ -60.695214854475296, -27.566780001541584 ], [ -60.695163435944529, -27.565047675471956 ], [ -60.693371235150252, -27.565056631793382 ], [ -60.693370680618955, -27.565774032574147 ], [ -60.693370794034543, -27.565792079755909 ], [ -60.693370879096292, -27.565805615142192 ], [ -60.693370964158113, -27.565819150528458 ], [ -60.693371077573957, -27.565837197710085 ], [ -60.693367303434954, -27.566847890344761 ] ] ] } },
{ "type": "Feature", "properties": { "FNODE_": 208, "TNODE_": 208, "LPOLY_": 2, "RPOLY_": 241, "LENGTH": 285.009, "M0080_": 208, "M0080_ID": 0 }, "geometry": { "type": "MultiLineString", "coordinates": [ [ [ -60.727896825294209, -27.566883317928681 ], [ -60.728975133628111, -27.566868639884991 ], [ -60.728973046863892, -27.566552816692642 ], [ -60.727894622548931, -27.566549447616804 ], [ -60.727896825294209, -27.566883317928681 ] ] ] } },
{ "type": "Feature", "properties": { "FNODE_": 209, "TNODE_": 209, "LPOLY_": 2, "RPOLY_": 242, "LENGTH": 275.005, "M0080_": 209, "M0080_ID": 0 }, "geometry": { "type": "MultiLineString", "coordinates": [ [ [ -60.726676729386348, -27.566894217440616 ], [ -60.72769431484484, -27.566884378877706 ], [ -60.727692112712262, -27.56655050855084 ], [ -60.726679563362836, -27.566555808793659 ], [ -60.726676729386348, -27.566894217440616 ] ] ] } },
{ "type": "Feature", "properties": { "FNODE_": 210, "TNODE_": 210, "LPOLY_": 2, "RPOLY_": 220, "LENGTH": 275.063, "M0080_": 210, "M0080_ID": 0 }, "geometry": { "type": "MultiLineString", "coordinates": [ [ [ -60.723674716892624, -27.566941471757495 ], [ -60.72406446121618, -27.566925905149091 ], [ -60.724053594978805, -27.56604162560285 ], [ -60.723648635997769, -27.566052759473539 ], [ -60.723674716892624, -27.566941471757495 ] ] ] } },
{ "type": "Feature", "properties": { "FNODE_": 211, "TNODE_": 211, "LPOLY_": 2, "RPOLY_": 221, "LENGTH": 302.556, "M0080_": 211, "M0080_ID": 0 }, "geometry": { "type": "MultiLineString", "coordinates": [ [ [ -60.722945737285222, -27.566954291175399 ], [ -60.723472235732942, -27.566947038319324 ], [ -60.723446126881854, -27.566053814200892 ], [ -60.722924636294984, -27.566052016998977 ], [ -60.722920815197824, -27.56624153752993 ], [ -60.722945737285222, -27.566954291175399 ] ] ] } },
{ "type": "Feature", "properties": { "FNODE_": 212, "TNODE_": 212, "LPOLY_": 2, "RPOLY_": 228, "LENGTH": 253.053, "M0080_": 212, "M0080_ID": 0 }, "geometry": { "type": "MultiLineString", "coordinates": [ [ [ -60.722136166517188, -27.567030692606952 ], [ -60.722642384810719, -27.567019036391091 ], [ -60.72261764196012, -27.56633335325953 ], [ -60.722121434171278, -27.566326909625509 ], [ -60.722136166517188, -27.567030692606952 ] ] ] } },
{ "type": "Feature", "properties": { "FNODE_": 213, "TNODE_": 213, "LPOLY_": 2, "RPOLY_": 226, "LENGTH": 317.073, "M0080_": 213, "M0080_ID": 0 }, "geometry": { "type": "MultiLineString", "coordinates": [ [ [ -60.72132621103281, -27.56704843636594 ], [ -60.721346462136943, -27.567048331212018 ], [ -60.721361650464971, -27.56704825234463 ], [ -60.721376838792935, -27.567048173475587 ], [ -60.721397089896776, -27.567048068314278 ], [ -60.722055162127091, -27.567031113665166 ], [ -60.722040430297611, -27.566327330665271 ], [ -60.721372059774069, -27.56631726713815 ], [ -60.721351808804229, -27.566317372293263 ], [ -60.721336620576793, -27.566317451157644 ], [ -60.721321432349285, -27.56631753002037 ], [ -60.721301181379161, -27.566317635168105 ], [ -60.721235365725569, -27.566317976877801 ], [ -60.721255302671786, -27.56704429261405 ], [ -60.72132621103281, -27.56704843636594 ] ] ] } },
{ "type": "Feature", "properties": { "FNODE_": 214, "TNODE_": 214, "LPOLY_": 2, "RPOLY_": 225, "LENGTH": 247.089, "M0080_": 214, "M0080_ID": 0 }, "geometry": { "type": "MultiLineString", "coordinates": [ [ [ -60.720744080166561, -27.567064993582822 ], [ -60.721169235479906, -27.567044739441329 ], [ -60.721144236357112, -27.566318449962861 ], [ -60.720723999211927, -27.56631611886904 ], [ -60.720744080166561, -27.567064993582822 ] ] ] } },
{ "type": "Feature", "properties": { "FNODE_": 215, "TNODE_": 215, "LPOLY_": 2, "RPOLY_": 224, "LENGTH": 272.569, "M0080_": 215, "M0080_ID": 0 }, "geometry": { "type": "MultiLineString", "coordinates": [ [ [ -60.720136664622466, -27.567086191358179 ], [ -60.720642854086762, -27.567070030652186 ], [ -60.720642995321185, -27.566316539093854 ], [ -60.720111318900763, -27.566305760340359 ], [ -60.720136664622466, -27.567086191358179 ] ] ] } },
{ "type": "Feature", "properties": { "FNODE_": 216, "TNODE_": 216, "LPOLY_": 2, "RPOLY_": 222, "LENGTH": 391.564, "M0080_": 216, "M0080_ID": 0 }, "geometry": { "type": "MultiLineString", "coordinates": [ [ [ -60.718906850093809, -27.56716023994235 ], [ -60.719939598977824, -27.567145867757535 ], [ -60.719908809162341, -27.566306809920416 ], [ -60.718881013275599, -27.566303108448913 ], [ -60.718906850093809, -27.56716023994235 ] ] ] } },
{ "type": "Feature", "properties": { "FNODE_": 217, "TNODE_": 217, "LPOLY_": 2, "RPOLY_": 223, "LENGTH": 387.599, "M0080_": 217, "M0080_ID": 0 }, "geometry": { "type": "MultiLineString", "coordinates": [ [ [ -60.717702054090843, -27.567189029182206 ], [ -60.718704368124882, -27.567165799566379 ], [ -60.718678503487205, -27.566304156235525 ], [ -60.717681318711726, -27.566336382906726 ], [ -60.717702054090843, -27.567189029182206 ] ] ] } },
{ "type": "Feature", "properties": { "FNODE_": 218, "TNODE_": 218, "LPOLY_": 2, "RPOLY_": 227, "LENGTH": 389.58, "M0080_": 218, "M0080_ID": 0 }, "geometry": { "type": "MultiLineString", "coordinates": [ [ [ -60.716482098141746, -27.56722239809239 ], [ -60.717499571966243, -27.567194587052192 ], [ -60.717478838149276, -27.566341940717358 ], [ -60.716466434925024, -27.56636972534919 ], [ -60.716482098141746, -27.56722239809239 ] ] ] } },
{ "type": "Feature", "properties": { "FNODE_": 219, "TNODE_": 219, "LPOLY_": 2, "RPOLY_": 191, "LENGTH": 852.853, "M0080_": 219, "M0080_ID": 0 }, "geometry": { "type": "MultiLineString", "coordinates": [ [ [ -60.714087631606262, -27.567270822500959 ], [ -60.71516580190869, -27.567233692681203 ], [ -60.715186053074234, -27.567233588424632 ], [ -60.71520124144832, -27.567233510230267 ], [ -60.715216429822341, -27.567233432034232 ], [ -60.71523668098763, -27.567233327770278 ], [ -60.716279615851867, -27.567227954186393 ], [ -60.716263573418559, -27.56631662834484 ], [ -60.71626345625593, -27.566298581253523 ], [ -60.716263368384062, -27.566285045935008 ], [ -60.716263280512237, -27.56627151061646 ], [ -60.7162631633499, -27.566253463525022 ], [ -60.716221661431135, -27.565319709187246 ], [ -60.715168882385612, -27.565365740090456 ], [ -60.71515369426853, -27.565365818276419 ], [ -60.715118255328441, -27.565366000703886 ], [ -60.715103067211139, -27.565366078884328 ], [ -60.715082787146812, -27.565361671347713 ], [ -60.715067599029993, -27.565361749524254 ], [ -60.714034952935137, -27.565389620512811 ], [ -60.714066164896337, -27.566300869016562 ], [ -60.714066369302039, -27.566332451441507 ], [ -60.71406645690459, -27.566345986766439 ], [ -60.714066573708081, -27.566364033866311 ], [ -60.714087631606262, -27.567270822500959 ] ] ] } },
{ "type": "Feature", "properties": { "FNODE_": 220, "TNODE_": 220, "LPOLY_": 2, "RPOLY_": 229, "LENGTH": 395.064, "M0080_": 220, "M0080_ID": 0 }, "geometry": { "type": "MultiLineString", "coordinates": [ [ [ -60.712857518154664, -27.567299699889375 ], [ -60.713885149023547, -27.567276375108555 ], [ -60.713864443098672, -27.566423727714071 ], [ -60.71282657804305, -27.566429057045784 ], [ -60.712857518154664, -27.567299699889375 ] ] ] } },
{ "type": "Feature", "properties": { "FNODE_": 221, "TNODE_": 221, "LPOLY_": 2, "RPOLY_": 230, "LENGTH": 379.567, "M0080_": 221, "M0080_ID": 0 }, "geometry": { "type": "MultiLineString", "coordinates": [ [ [ -60.711682978177222, -27.56731023399459 ], [ -60.712655006269998, -27.567300738930278 ], [ -60.712624096897031, -27.566434607787823 ], [ -60.71167750663458, -27.566462019924295 ], [ -60.711682978177222, -27.56731023399459 ] ] ] } },
{ "type": "Feature", "properties": { "FNODE_": 222, "TNODE_": 222, "LPOLY_": 2, "RPOLY_": 231, "LENGTH": 377.035, "M0080_": 222, "M0080_ID": 0 }, "geometry": { "type": "MultiLineString", "coordinates": [ [ [ -60.710422370129272, -27.567321198346125 ], [ -60.711379210239457, -27.567311789877593 ], [ -60.711373770122627, -27.566468087528943 ], [ -60.710396744381242, -27.566486622938815 ], [ -60.710422370129272, -27.567321198346125 ] ] ] } },
{ "type": "Feature", "properties": { "FNODE_": 223, "TNODE_": 223, "LPOLY_": 2, "RPOLY_": 232, "LENGTH": 391.039, "M0080_": 223, "M0080_ID": 0 }, "geometry": { "type": "MultiLineString", "coordinates": [ [ [ -60.709177007971071, -27.567341097284455 ], [ -60.710219858097801, -27.567322233838038 ], [ -60.710194233880493, -27.566487658364622 ], [ -60.709161459159048, -27.566497446224702 ], [ -60.709177007971071, -27.567341097284455 ] ] ] } },
{ "type": "Feature", "properties": { "FNODE_": 224, "TNODE_": 224, "LPOLY_": 2, "RPOLY_": 233, "LENGTH": 381.528, "M0080_": 224, "M0080_ID": 0 }, "geometry": { "type": "MultiLineString", "coordinates": [ [ [ -60.707997403658467, -27.567351626086651 ], [ -60.708974495848338, -27.567342130961688 ], [ -60.708958948584126, -27.566498479850232 ], [ -60.707971709376906, -27.566503514547982 ], [ -60.707997403658467, -27.567351626086651 ] ] ] } },
{ "type": "Feature", "properties": { "FNODE_": 225, "TNODE_": 225, "LPOLY_": 2, "RPOLY_": 234, "LENGTH": 379.086, "M0080_": 225, "M0080_ID": 0 }, "geometry": { "type": "MultiLineString", "coordinates": [ [ [ -60.706812851699254, -27.567380217761151 ], [ -60.707794891464623, -27.567352658044719 ], [ -60.707769227682178, -27.566509058220507 ], [ -60.706807446485207, -27.56653651458512 ], [ -60.706812851699254, -27.567380217761151 ] ] ] } },
{ "type": "Feature", "properties": { "FNODE_": 226, "TNODE_": 226, "LPOLY_": 2, "RPOLY_": 235, "LENGTH": 384.537, "M0080_": 226, "M0080_ID": 0 }, "geometry": { "type": "MultiLineString", "coordinates": [ [ [ -60.705613081601349, -27.567404364711329 ], [ -60.706610368298293, -27.567385759775085 ], [ -60.706604964631332, -27.566542056562792 ], [ -60.705597588869033, -27.566565224532063 ], [ -60.705613081601349, -27.567404364711329 ] ] ] } },
{ "type": "Feature", "properties": { "FNODE_": 227, "TNODE_": 227, "LPOLY_": 2, "RPOLY_": 236, "LENGTH": 436.53, "M0080_": 227, "M0080_ID": 0 }, "geometry": { "type": "MultiLineString", "coordinates": [ [ [ -60.704033599803275, -27.567430426196786 ], [ -60.705309313004804, -27.567405907326989 ], [ -60.705293851424209, -27.566571278854191 ], [ -60.704028244621142, -27.566591234305502 ], [ -60.704033599803275, -27.567430426196786 ] ] ] } },
{ "type": "Feature", "properties": { "FNODE_": 228, "TNODE_": 228, "LPOLY_": 2, "RPOLY_": 237, "LENGTH": 344.052, "M0080_": 228, "M0080_ID": 0 }, "geometry": { "type": "MultiLineString", "coordinates": [ [ [ -60.703041403398572, -27.567453498811794 ], [ -60.703831087291476, -27.567431452379491 ], [ -60.703825733649417, -27.566592260451735 ], [ -60.703020838679429, -27.566609871821285 ], [ -60.703041403398572, -27.567453498811794 ] ] ] } },
{ "type": "Feature", "properties": { "FNODE_": 229, "TNODE_": 229, "LPOLY_": 2, "RPOLY_": 238, "LENGTH": 388.06, "M0080_": 229, "M0080_ID": 0 }, "geometry": { "type": "MultiLineString", "coordinates": [ [ [ -60.701816288124867, -27.56747322932101 ], [ -60.702838919544263, -27.567459035334153 ], [ -60.702818327629615, -27.566610896499672 ], [ -60.702362677728395, -27.566613200946854 ], [ -60.702342426620419, -27.566613303332051 ], [ -60.702327238289378, -27.566613380119009 ], [ -60.702312049958252, -27.566613456904307 ], [ -60.702291798850013, -27.566613559282125 ], [ -60.701805887019468, -27.566634062611282 ], [ -60.701816288124867, -27.56747322932101 ] ] ] } },
{ "type": "Feature", "properties": { "FNODE_": 230, "TNODE_": 230, "LPOLY_": 2, "RPOLY_": 239, "LENGTH": 383.069, "M0080_": 230, "M0080_ID": 0 }, "geometry": { "type": "MultiLineString", "coordinates": [ [ [ -60.701613775437956, -27.567474252272955 ], [ -60.701603404563954, -27.566639597306452 ], [ -60.701056710398852, -27.566655893047248 ], [ -60.70057580353383, -27.566667342956297 ], [ -60.700606246010096, -27.567474825284418 ], [ -60.701613775437956, -27.567474252272955 ] ] ] } },
{ "type": "Feature", "properties": { "FNODE_": 231, "TNODE_": 231, "LPOLY_": 2, "RPOLY_": 240, "LENGTH": 378.152, "M0080_": 231, "M0080_ID": 0 }, "geometry": { "type": "MultiLineString", "coordinates": [ [ [ -60.699401466651381, -27.567507967738003 ], [ -60.700403761911247, -27.567480358260077 ], [ -60.700373292272239, -27.566668364072562 ], [ -60.699907487707861, -27.56666619973128 ], [ -60.699887236579492, -27.566666301758765 ], [ -60.699872048233154, -27.566666378277446 ], [ -60.699856859886744, -27.566666454794468 ], [ -60.699836608758105, -27.566666556814575 ], [ -60.699381072738674, -27.566686898642995 ], [ -60.699376667769599, -27.566790695279035 ], [ -60.699376782172493, -27.566808742435057 ], [ -60.699376867974728, -27.566822277802039 ], [ -60.699376953777019, -27.566835813169014 ], [ -60.699377068180169, -27.566853860324926 ], [ -60.699401466651381, -27.567507967738003 ] ] ] } },
{ "type": "Feature", "properties": { "FNODE_": 232, "TNODE_": 232, "LPOLY_": 2, "RPOLY_": 247, "LENGTH": 298.009, "M0080_": 232, "M0080_ID": 0 }, "geometry": { "type": "MultiLineString", "coordinates": [ [ [ -60.727900546233819, -27.567447288013252 ], [ -60.72897382710407, -27.567437148161908 ], [ -60.728976326080065, -27.567049110274102 ], [ -60.727898015983115, -27.56706378836077 ], [ -60.727900546233819, -27.567447288013252 ] ] ] } },
{ "type": "Feature", "properties": { "FNODE_": 233, "TNODE_": 233, "LPOLY_": 2, "RPOLY_": 248, "LENGTH": 286.003, "M0080_": 233, "M0080_ID": 0 }, "geometry": { "type": "MultiLineString", "coordinates": [ [ [ -60.726680444091009, -27.567458187677389 ], [ -60.727698034749473, -27.567448348987618 ], [ -60.727695505202561, -27.567064849317905 ], [ -60.726677918080078, -27.567074687921416 ], [ -60.726680444091009, -27.567458187677389 ] ] ] } },
{ "type": "Feature", "properties": { "FNODE_": 234, "TNODE_": 234, "LPOLY_": 2, "RPOLY_": 243, "LENGTH": 331.058, "M0080_": 234, "M0080_ID": 0 }, "geometry": { "type": "MultiLineString", "coordinates": [ [ [ -60.699200068979202, -27.567684946928708 ], [ -60.699204817266626, -27.567635291771548 ], [ -60.69920470288784, -27.567617244617004 ], [ -60.69920458850919, -27.567599197462417 ], [ -60.699204416941377, -27.567572126730443 ], [ -60.699179991021836, -27.566913507478215 ], [ -60.698369972422014, -27.566922093857045 ], [ -60.698374770545591, -27.567680074518123 ], [ -60.699200068979202, -27.567684946928708 ] ] ] } },
{ "type": "Feature", "properties": { "FNODE_": 235, "TNODE_": 235, "LPOLY_": 2, "RPOLY_": 244, "LENGTH": 322.565, "M0080_": 235, "M0080_ID": 0 }, "geometry": { "type": "MultiLineString", "coordinates": [ [ [ -60.697407912450814, -27.56770749148335 ], [ -60.698172285882315, -27.56768560424991 ], [ -60.69816746059729, -27.566923111766553 ], [ -60.697382812734105, -27.566940588750526 ], [ -60.697407912450814, -27.56770749148335 ] ] ] } },
{ "type": "Feature", "properties": { "FNODE_": 236, "TNODE_": 236, "LPOLY_": 2, "RPOLY_": 251, "LENGTH": 207.541, "M0080_": 236, "M0080_ID": 0 }, "geometry": { "type": "MultiLineString", "coordinates": [ [ [ -60.722140537284233, -27.567698434021001 ], [ -60.722651821443193, -27.567686751394668 ], [ -60.72263344134867, -27.567199559702182 ], [ -60.722137347790742, -27.567211163265799 ], [ -60.722140537284233, -27.567698434021001 ] ] ] } },
{ "type": "Feature", "properties": { "FNODE_": 237, "TNODE_": 237, "LPOLY_": 2, "RPOLY_": 252, "LENGTH": 223.058, "M0080_": 237, "M0080_ID": 0 }, "geometry": { "type": "MultiLineString", "coordinates": [ [ [ -60.721477398292009, -27.567715415443267 ], [ -60.722049406793793, -27.567698907721567 ], [ -60.722056343268157, -27.567211584327225 ], [ -60.721464086156686, -27.567228197204862 ], [ -60.721477398292009, -27.567715415443267 ] ] ] } },
{ "type": "Feature", "properties": { "FNODE_": 238, "TNODE_": 238, "LPOLY_": 2, "RPOLY_": 253, "LENGTH": 209.619, "M0080_": 238, "M0080_ID": 0 }, "geometry": { "type": "MultiLineString", "coordinates": [ [ [ -60.72076363093899, -27.567732656394913 ], [ -60.721274915524539, -27.567720978830895 ], [ -60.72125648250519, -27.567224763307632 ], [ -60.721215980231236, -27.567224973587546 ], [ -60.720745288639876, -27.567249976063977 ], [ -60.72076363093899, -27.567732656394913 ] ] ] } },
{ "type": "Feature", "properties": { "FNODE_": 239, "TNODE_": 239, "LPOLY_": 2, "RPOLY_": 254, "LENGTH": 211.099, "M0080_": 239, "M0080_ID": 0 }, "geometry": { "type": "MultiLineString", "coordinates": [ [ [ -60.720130838777642, -27.567744962016018 ], [ -60.720677563200773, -27.567733102927825 ], [ -60.720649095705724, -27.567250475105944 ], [ -60.720137842628162, -27.567266662095175 ], [ -60.720130838777642, -27.567744962016018 ] ] ] } },
{ "type": "Feature", "properties": { "FNODE_": 240, "TNODE_": 240, "LPOLY_": 2, "RPOLY_": 263, "LENGTH": 272.063, "M0080_": 240, "M0080_ID": 0 }, "geometry": { "type": "MultiLineString", "coordinates": [ [ [ -60.709200420547134, -27.56783277780578 ], [ -60.710222994972341, -27.567809505857664 ], [ -60.710221019894014, -27.567502704960454 ], [ -60.70918323087357, -27.567521542601327 ], [ -60.709200420547134, -27.56783277780578 ] ] ] } },
{ "type": "Feature", "properties": { "FNODE_": 241, "TNODE_": 241, "LPOLY_": 2, "RPOLY_": 264, "LENGTH": 262.55, "M0080_": 241, "M0080_ID": 0 }, "geometry": { "type": "MultiLineString", "coordinates": [ [ [ -60.70801574815777, -27.567843332708712 ], [ -60.708997907522928, -27.567833811534054 ], [ -60.708980718419902, -27.56752257629384 ], [ -60.708003624633719, -27.567532071492369 ], [ -60.70801574815777, -27.567843332708712 ] ] ] } },
{ "type": "Feature", "properties": { "FNODE_": 242, "TNODE_": 242, "LPOLY_": 2, "RPOLY_": 213, "LENGTH": 886.081, "M0080_": 242, "M0080_ID": 0 }, "geometry": { "type": "MultiLineString", "coordinates": [ [ [ -60.740884357238095, -27.567802767951168 ], [ -60.743096673586514, -27.567772903687271 ], [ -60.743073116602993, -27.565778766331601 ], [ -60.742313712554463, -27.565782826177301 ], [ -60.74229346177767, -27.565782934383048 ], [ -60.742278273694986, -27.565783015535406 ], [ -60.742263085612244, -27.565783096686108 ], [ -60.74224283483516, -27.565783204884472 ], [ -60.741528964547634, -27.565782505243199 ], [ -60.741508713767281, -27.565782613334552 ], [ -60.741493525681939, -27.565782694401125 ], [ -60.741478337596533, -27.565782775466047 ], [ -60.741458086815904, -27.565782883550014 ], [ -60.740815124472157, -27.565786313681649 ], [ -60.740884357238095, -27.567802767951168 ] ] ] } },
{ "type": "Feature", "properties": { "FNODE_": 243, "TNODE_": 243, "LPOLY_": 2, "RPOLY_": 144, "LENGTH": 1341.595, "M0080_": 243, "M0080_ID": 0 }, "geometry": { "type": "MultiLineString", "coordinates": [ [ [ -60.735604466662302, -27.567921065255291 ], [ -60.736368859035046, -27.567903479704579 ], [ -60.737366109542251, -27.567880142220698 ], [ -60.738231756998736, -27.5678620089252 ], [ -60.738237848999447, -27.56574589034604 ], [ -60.738237728245522, -27.565727843341463 ], [ -60.738237637680157, -27.565714308088005 ], [ -60.738237547114842, -27.565700772834514 ], [ -60.738237426361209, -27.565682725829824 ], [ -60.738206972587115, -27.564157861366205 ], [ -60.735584712706945, -27.564198841709601 ], [ -60.735579841781899, -27.565746453866009 ], [ -60.735604466662302, -27.567921065255291 ] ] ] } },
{ "type": "Feature", "properties": { "FNODE_": 244, "TNODE_": 244, "LPOLY_": 2, "RPOLY_": 215, "LENGTH": 1152.621, "M0080_": 244, "M0080_ID": 0 }, "geometry": { "type": "MultiLineString", "coordinates": [ [ [ -60.731756796511995, -27.56795041049909 ], [ -60.732252951437097, -27.567947796048522 ], [ -60.73279970436937, -27.567940401009889 ], [ -60.732819955585533, -27.567940294180303 ], [ -60.73283514399759, -27.567940214056179 ], [ -60.732850332409576, -27.567940133930403 ], [ -60.732870583625484, -27.567940027093449 ], [ -60.73530069865086, -27.567922673476598 ], [ -60.735276711172595, -27.565842808753526 ], [ -60.731738417290877, -27.565942705327782 ], [ -60.731756796511995, -27.56795041049909 ] ] ] } },
{ "type": "Feature", "properties": { "FNODE_": 245, "TNODE_": 245, "LPOLY_": 2, "RPOLY_": 275, "LENGTH": 277.531, "M0080_": 245, "M0080_ID": 0 }, "geometry": { "type": "MultiLineString", "coordinates": [ [ [ -60.72670423184406, -27.567994981361537 ], [ -60.727701576199181, -27.567985248489276 ], [ -60.727699225141798, -27.56762881941302 ], [ -60.726686695616429, -27.567638631659484 ], [ -60.72670423184406, -27.567994981361537 ] ] ] } },
{ "type": "Feature", "properties": { "FNODE_": 246, "TNODE_": 246, "LPOLY_": 2, "RPOLY_": 216, "LENGTH": 889.577, "M0080_": 246, "M0080_ID": 0 }, "geometry": { "type": "MultiLineString", "coordinates": [ [ [ -60.729286295629166, -27.567985961811655 ], [ -60.730394961268388, -27.567966601308118 ], [ -60.730415212500262, -27.567966494829001 ], [ -60.730430400924106, -27.567966414967721 ], [ -60.73044558934788, -27.567966335104771 ], [ -60.730465840579477, -27.567966228618275 ], [ -60.731022719508715, -27.567958787325718 ], [ -60.731554284278452, -27.567951477112601 ], [ -60.731535968570974, -27.565952795358832 ], [ -60.730412195172043, -27.565981267951784 ], [ -60.730391944304529, -27.565981374423426 ], [ -60.730376756153838, -27.565981454275224 ], [ -60.730361568003048, -27.56598153412537 ], [ -60.73034131713527, -27.565981640589637 ], [ -60.729263077552226, -27.566005352589119 ], [ -60.729276215073881, -27.56646098718565 ], [ -60.729279495640974, -27.56695728074012 ], [ -60.729278190695581, -27.567525788982355 ], [ -60.729286295629166, -27.567985961811655 ] ] ] } },
{ "type": "Feature", "properties": { "FNODE_": 247, "TNODE_": 247, "LPOLY_": 2, "RPOLY_": 274, "LENGTH": 293.009, "M0080_": 247, "M0080_ID": 0 }, "geometry": { "type": "MultiLineString", "coordinates": [ [ [ -60.728982527009144, -27.56798755622113 ], [ -60.728975019582705, -27.5676176185363 ], [ -60.727901736957349, -27.56762775843054 ], [ -60.7279040886689, -27.567984187490776 ], [ -60.728982527009144, -27.56798755622113 ] ] ] } },
{ "type": "Feature", "properties": { "FNODE_": 248, "TNODE_": 248, "LPOLY_": 2, "RPOLY_": 219, "LENGTH": 1225.861, "M0080_": 248, "M0080_ID": 0 }, "geometry": { "type": "MultiLineString", "coordinates": [ [ [ -60.725357641880386, -27.568020066878262 ], [ -60.725377893144795, -27.568019961133249 ], [ -60.725393081593026, -27.568019881822554 ], [ -60.7254082700412, -27.568019802510214 ], [ -60.725428521305332, -27.56801969675783 ], [ -60.725975246015324, -27.568007816803554 ], [ -60.726501719300501, -27.567996040611348 ], [ -60.726484183726186, -27.567639690871161 ], [ -60.725957712137266, -27.567651466964755 ], [ -60.725942523741658, -27.567651546336204 ], [ -60.725922242860094, -27.567647140399881 ], [ -60.725906995091606, -27.567638196242712 ], [ -60.725891747325569, -27.567629252083808 ], [ -60.725881562359177, -27.567620281468642 ], [ -60.725871347709266, -27.567606799090271 ], [ -60.725861133061862, -27.567593316711065 ], [ -60.725855951527841, -27.567575296115006 ], [ -60.725855862474354, -27.567561760827626 ], [ -60.725855773420953, -27.567548225540204 ], [ -60.725860717476237, -27.567530152036582 ], [ -60.725870754007232, -27.56751656384121 ], [ -60.72588079053579, -27.56750297564512 ], [ -60.725890856747704, -27.56749389921082 ], [ -60.725905985748909, -27.567484796320514 ], [ -60.725921114747599, -27.56747569342857 ], [ -60.725941336221688, -27.567471075840917 ], [ -60.725956524592476, -27.567470996470067 ], [ -60.726477932531672, -27.567459246873586 ], [ -60.726475407224562, -27.567075747100407 ], [ -60.725948878948429, -27.567078499584454 ], [ -60.725933690631663, -27.567078578953421 ], [ -60.725913409856325, -27.56707417301341 ], [ -60.725898162168853, -27.567065228853004 ], [ -60.725882914483833, -27.56705628469085 ], [ -60.725872729572174, -27.567047314073271 ], [ -60.725862514978061, -27.567033831692097 ], [ -60.725852300386471, -27.567020349310098 ], [ -60.725847118883067, -27.567002328711702 ], [ -60.725847029832842, -27.56698879342316 ], [ -60.725846940782695, -27.566975258134601 ], [ -60.725851884816031, -27.566957184630279 ], [ -60.725861921297721, -27.566943596435422 ], [ -60.725871957776967, -27.566930008239844 ], [ -60.725882023938489, -27.566920931806436 ], [ -60.725897152863013, -27.566911828917831 ], [ -60.725912281785014, -27.566902726027632 ], [ -60.725932503155072, -27.566898108442889 ], [ -60.725947691446997, -27.566898029074519 ], [ -60.726474218862009, -27.566895276611518 ], [ -60.726477053459767, -27.566556867956773 ], [ -60.725940372476465, -27.566555161548511 ], [ -60.72592518423172, -27.566555240915168 ], [ -60.725904903553399, -27.566550834971725 ], [ -60.725889655939959, -27.566541890808299 ], [ -60.72587440832897, -27.56653294664315 ], [ -60.725864223467319, -27.566523976023326 ], [ -60.725854008924252, -27.566510493639566 ], [ -60.725843794383707, -27.566497011254977 ], [ -60.725838612908326, -27.566478990654414 ], [ -60.725838523861142, -27.566465455364824 ], [ -60.725838434814008, -27.56645192007522 ], [ -60.725843378827356, -27.566433846570281 ], [ -60.725853415264076, -27.566420258375913 ], [ -60.725863451698338, -27.566406670180843 ], [ -60.725873517813859, -27.566397593748274 ], [ -60.725888646668395, -27.5663884908613 ], [ -60.725903775520393, -27.566379387972706 ], [ -60.72592399679543, -27.566374770390691 ], [ -60.725939185015349, -27.566374691024638 ], [ -60.726475865120726, -27.566376397454452 ], [ -60.726473488475833, -27.566015456435608 ], [ -60.725936928869672, -27.566031797016223 ], [ -60.725461032761572, -27.566034282994064 ], [ -60.725445814921116, -27.56602985054306 ], [ -60.725425593687248, -27.566034468054863 ], [ -60.725410405512434, -27.566034547363863 ], [ -60.725395217337564, -27.566034626671211 ], [ -60.725374966437634, -27.566034732411755 ], [ -60.724838287908362, -27.566033021696217 ], [ -60.724823099731765, -27.56603310094102 ], [ -60.724802878469042, -27.566037718362665 ], [ -60.724787690291699, -27.566037797603613 ], [ -60.72477250211427, -27.566037876842881 ], [ -60.724752221573517, -27.566033470728108 ], [ -60.724737033396579, -27.566033549963493 ], [ -60.724256104045104, -27.566040569990438 ], [ -60.724267327329954, -27.566978990663216 ], [ -60.724267445805147, -27.566997037720935 ], [ -60.724267534661614, -27.567010573014208 ], [ -60.724267623518145, -27.567024108307439 ], [ -60.724267741993629, -27.567042155365044 ], [ -60.72427923227059, -27.568021181772593 ], [ -60.725357641880386, -27.568020066878262 ] ] ] } },
{ "type": "Feature", "properties": { "FNODE_": 249, "TNODE_": 249, "LPOLY_": 2, "RPOLY_": 249, "LENGTH": 283.062, "M0080_": 249, "M0080_ID": 0 }, "geometry": { "type": "MultiLineString", "coordinates": [ [ [ -60.723661657285234, -27.568037936075829 ], [ -60.724076749182274, -27.568026749252265 ], [ -60.724065645638611, -27.567106375733665 ], [ -60.723675900678323, -27.567121942357243 ], [ -60.723661657285234, -27.568037936075829 ] ] ] } },
{ "type": "Feature", "properties": { "FNODE_": 250, "TNODE_": 250, "LPOLY_": 2, "RPOLY_": 250, "LENGTH": 306.576, "M0080_": 250, "M0080_ID": 0 }, "geometry": { "type": "MultiLineString", "coordinates": [ [ [ -60.722968198874739, -27.568064106420159 ], [ -60.72345920370033, -27.568048014420977 ], [ -60.723473419187712, -27.567127508927026 ], [ -60.722936794322763, -27.567134814498065 ], [ -60.722956151417961, -27.567770894383678 ], [ -60.722968198874739, -27.568064106420159 ] ] ] } },
{ "type": "Feature", "properties": { "FNODE_": 251, "TNODE_": 251, "LPOLY_": 2, "RPOLY_": 277, "LENGTH": 165.92, "M0080_": 251, "M0080_ID": 0 }, "geometry": { "type": "MultiLineString", "coordinates": [ [ [ -60.722102928921394, -27.568140797628718 ], [ -60.722507895827185, -27.568129668117429 ], [ -60.722669699318402, -27.568097243037943 ], [ -60.722658066405302, -27.56786719567863 ], [ -60.722101216092305, -27.567879115204899 ], [ -60.722102928921394, -27.568140797628718 ] ] ] } },
{ "type": "Feature", "properties": { "FNODE_": 252, "TNODE_": 252, "LPOLY_": 2, "RPOLY_": 278, "LENGTH": 161.55, "M0080_": 252, "M0080_ID": 0 }, "geometry": { "type": "MultiLineString", "coordinates": [ [ [ -60.721475227049069, -27.568157594864342 ], [ -60.721505604009607, -27.568157437093937 ], [ -60.721525855316493, -27.56815733190998 ], [ -60.722001672413924, -27.568141323939333 ], [ -60.72199995982497, -27.567879641509684 ], [ -60.721478578522358, -27.567895886110581 ], [ -60.721475227049069, -27.568157594864342 ] ] ] } },
{ "type": "Feature", "properties": { "FNODE_": 253, "TNODE_": 253, "LPOLY_": 2, "RPOLY_": 279, "LENGTH": 158.037, "M0080_": 253, "M0080_ID": 0 }, "geometry": { "type": "MultiLineString", "coordinates": [ [ [ -60.720771553015418, -27.568170271553953 ], [ -60.721277776799539, -27.568158620210117 ], [ -60.721276065926318, -27.567896937739302 ], [ -60.72076481000262, -27.567913127090183 ], [ -60.720771553015418, -27.568170271553953 ] ] ] } },
{ "type": "Feature", "properties": { "FNODE_": 254, "TNODE_": 254, "LPOLY_": 2, "RPOLY_": 280, "LENGTH": 162.521, "M0080_": 254, "M0080_ID": 0 }, "geometry": { "type": "MultiLineString", "coordinates": [ [ [ -60.720680422107705, -27.56817074436394 ], [ -60.720683804940101, -27.567913547361137 ], [ -60.720137079624422, -27.56792540649068 ], [ -60.720143732821128, -27.568169015709142 ], [ -60.720680422107705, -27.56817074436394 ] ] ] } },
{ "type": "Feature", "properties": { "FNODE_": 255, "TNODE_": 255, "LPOLY_": 2, "RPOLY_": 255, "LENGTH": 393.626, "M0080_": 255, "M0080_ID": 0 }, "geometry": { "type": "MultiLineString", "coordinates": [ [ [ -60.718928830126856, -27.56820238004979 ], [ -60.719941249107528, -27.568174577169518 ], [ -60.719929121343377, -27.567867829416823 ], [ -60.719929003573441, -27.567849782344076 ], [ -60.719928826918746, -27.567822711734852 ], [ -60.719928709149087, -27.567804664661985 ], [ -60.719928620821918, -27.567791129357296 ], [ -60.719945751127035, -27.567312776957301 ], [ -60.718908026091576, -27.567340710726288 ], [ -60.718928830126856, -27.56820238004979 ] ] ] } },
{ "type": "Feature", "properties": { "FNODE_": 256, "TNODE_": 256, "LPOLY_": 2, "RPOLY_": 256, "LENGTH": 385.554, "M0080_": 256, "M0080_ID": 0 }, "geometry": { "type": "MultiLineString", "coordinates": [ [ [ -60.717728938828522, -27.568208584684253 ], [ -60.718726316854493, -27.568203427972339 ], [ -60.718705543791721, -27.567346270358204 ], [ -60.717703228119319, -27.567369500013172 ], [ -60.717728938828522, -27.568208584684253 ] ] ] } },
{ "type": "Feature", "properties": { "FNODE_": 257, "TNODE_": 257, "LPOLY_": 2, "RPOLY_": 257, "LENGTH": 383.076, "M0080_": 257, "M0080_ID": 0 }, "geometry": { "type": "MultiLineString", "coordinates": [ [ [ -60.717526425491378, -27.568209630857893 ], [ -60.717500745663799, -27.567375057891038 ], [ -60.71648327017639, -27.567402868970788 ], [ -60.716508766503907, -27.568210371640752 ], [ -60.717526425491378, -27.568209630857893 ] ] ] } },
{ "type": "Feature", "properties": { "FNODE_": 258, "TNODE_": 258, "LPOLY_": 2, "RPOLY_": 258, "LENGTH": 378.625, "M0080_": 258, "M0080_ID": 0 }, "geometry": { "type": "MultiLineString", "coordinates": [ [ [ -60.715309167021999, -27.568261673099556 ], [ -60.716306282404069, -27.568215927807294 ], [ -60.716280787555569, -27.567408425072657 ], [ -60.715303667379651, -27.567413459816787 ], [ -60.715309167021999, -27.568261673099556 ] ] ] } },
{ "type": "Feature", "properties": { "FNODE_": 259, "TNODE_": 259, "LPOLY_": 2, "RPOLY_": 259, "LENGTH": 385.055, "M0080_": 259, "M0080_ID": 0 }, "geometry": { "type": "MultiLineString", "coordinates": [ [ [ -60.715106682725796, -27.568267227520327 ], [ -60.715101184638854, -27.567419014200663 ], [ -60.714088799726582, -27.56745129347264 ], [ -60.714083930722829, -27.568263464837436 ], [ -60.715106682725796, -27.568267227520327 ] ] ] } },
{ "type": "Feature", "properties": { "FNODE_": 260, "TNODE_": 260, "LPOLY_": 2, "RPOLY_": 260, "LENGTH": 379.532, "M0080_": 260, "M0080_ID": 0 }, "geometry": { "type": "MultiLineString", "coordinates": [ [ [ -60.712863844429506, -27.568278755112672 ], [ -60.713881417123325, -27.568264505699482 ], [ -60.713886316812939, -27.567456846088078 ], [ -60.71286374706952, -27.567480144928762 ], [ -60.712863844429506, -27.568278755112672 ] ] ] } },
{ "type": "Feature", "properties": { "FNODE_": 261, "TNODE_": 261, "LPOLY_": 2, "RPOLY_": 261, "LENGTH": 372.037, "M0080_": 261, "M0080_ID": 0 }, "geometry": { "type": "MultiLineString", "coordinates": [ [ [ -60.711694502407042, -27.568311822409051 ], [ -60.712661359893808, -27.568284305971758 ], [ -60.712661234853918, -27.567481183984988 ], [ -60.711684142366124, -27.567490705059889 ], [ -60.711694502407042, -27.568311822409051 ] ] ] } },
{ "type": "Feature", "properties": { "FNODE_": 262, "TNODE_": 262, "LPOLY_": 2, "RPOLY_": 262, "LENGTH": 372.559, "M0080_": 262, "M0080_ID": 0 }, "geometry": { "type": "MultiLineString", "coordinates": [ [ [ -60.710449187680801, -27.568340756510889 ], [ -60.711390789900072, -27.56832240192178 ], [ -60.711380373931533, -27.56749226095479 ], [ -60.710423532256677, -27.567501669460619 ], [ -60.710425885597772, -27.567867123452949 ], [ -60.710426001813289, -27.567885170563187 ], [ -60.710426088974991, -27.567898705895828 ], [ -60.710426176136785, -27.567912241228438 ], [ -60.710426292352572, -27.567930288338562 ], [ -60.710449187680801, -27.568340756510889 ] ] ] } },
{ "type": "Feature", "properties": { "FNODE_": 263, "TNODE_": 263, "LPOLY_": 2, "RPOLY_": 281, "LENGTH": 278.562, "M0080_": 263, "M0080_ID": 0 }, "geometry": { "type": "MultiLineString", "coordinates": [ [ [ -60.709218915561152, -27.568347043024964 ], [ -60.710246673779068, -27.568341792077039 ], [ -60.710229219629277, -27.567989951082861 ], [ -60.709206643534699, -27.568013223107688 ], [ -60.709218915561152, -27.568347043024964 ] ] ] } },
{ "type": "Feature", "properties": { "FNODE_": 264, "TNODE_": 264, "LPOLY_": 2, "RPOLY_": 282, "LENGTH": 271.026, "M0080_": 264, "M0080_ID": 0 }, "geometry": { "type": "MultiLineString", "coordinates": [ [ [ -60.708019107015254, -27.568366699161611 ], [ -60.709016401593786, -27.568348076797889 ], [ -60.709004130179551, -27.568014256851239 ], [ -60.708016906374255, -27.56802380390387 ], [ -60.708019107015254, -27.568366699161611 ] ] ] } },
{ "type": "Feature", "properties": { "FNODE_": 265, "TNODE_": 265, "LPOLY_": 2, "RPOLY_": 265, "LENGTH": 383.618, "M0080_": 265, "M0080_ID": 0 }, "geometry": { "type": "MultiLineString", "coordinates": [ [ [ -60.706804253768262, -27.568408981127476 ], [ -60.707816621906915, -27.568372242965978 ], [ -60.70781401663357, -27.567966182772992 ], [ -60.707813900844904, -27.567948135652756 ], [ -60.707813814003472, -27.567934600312519 ], [ -60.707813727162119, -27.567921064972289 ], [ -60.70781361137373, -27.567903017851922 ], [ -60.707801141055064, -27.567537615246053 ], [ -60.706814036831105, -27.567565200796601 ], [ -60.706804253768262, -27.568408981127476 ] ] ] } },
{ "type": "Feature", "properties": { "FNODE_": 266, "TNODE_": 266, "LPOLY_": 2, "RPOLY_": 266, "LENGTH": 383.049, "M0080_": 266, "M0080_ID": 0 }, "geometry": { "type": "MultiLineString", "coordinates": [ [ [ -60.705629815626374, -27.568437511407343 ], [ -60.706601768479459, -27.568414523163487 ], [ -60.706611524193399, -27.567566231036992 ], [ -60.705614235866058, -27.567584836011644 ], [ -60.705629815626374, -27.568437511407343 ] ] ] } },
{ "type": "Feature", "properties": { "FNODE_": 267, "TNODE_": 267, "LPOLY_": 2, "RPOLY_": 267, "LENGTH": 440.57, "M0080_": 267, "M0080_ID": 0 }, "geometry": { "type": "MultiLineString", "coordinates": [ [ [ -60.70407062807935, -27.568472494282158 ], [ -60.705326101878349, -27.56844807767698 ], [ -60.705310466772687, -27.567586378639085 ], [ -60.704039814306569, -27.567610871899337 ], [ -60.70407062807935, -27.568472494282158 ] ] ] } },
{ "type": "Feature", "properties": { "FNODE_": 268, "TNODE_": 268, "LPOLY_": 2, "RPOLY_": 268, "LENGTH": 347.081, "M0080_": 268, "M0080_ID": 0 }, "geometry": { "type": "MultiLineString", "coordinates": [ [ [ -60.703068210334621, -27.568482083228417 ], [ -60.703868113656377, -27.568473520554413 ], [ -60.703837301463821, -27.567611898097251 ], [ -60.703042553459056, -27.567633970210807 ], [ -60.703068210334621, -27.568482083228417 ] ] ] } },
{ "type": "Feature", "properties": { "FNODE_": 269, "TNODE_": 269, "LPOLY_": 2, "RPOLY_": 269, "LENGTH": 389.559, "M0080_": 269, "M0080_ID": 0 }, "geometry": { "type": "MultiLineString", "coordinates": [ [ [ -60.701843083652363, -27.568501814184042 ], [ -60.702865695850363, -27.568483108039707 ], [ -60.702840069273819, -27.567639506740885 ], [ -60.701817436182324, -27.567653700767032 ], [ -60.701843083652363, -27.568501814184042 ] ] ] } },
{ "type": "Feature", "properties": { "FNODE_": 270, "TNODE_": 270, "LPOLY_": 2, "RPOLY_": 270, "LENGTH": 389.533, "M0080_": 270, "M0080_ID": 0 }, "geometry": { "type": "MultiLineString", "coordinates": [ [ [ -60.700622990491233, -27.568516997020783 ], [ -60.701640569078585, -27.568502837210065 ], [ -60.7016149231642, -27.567654723726786 ], [ -60.700607392088287, -27.567655296777229 ], [ -60.700622990491233, -27.568516997020783 ] ] ] } },
{ "type": "Feature", "properties": { "FNODE_": 271, "TNODE_": 271, "LPOLY_": 2, "RPOLY_": 271, "LENGTH": 384.584, "M0080_": 271, "M0080_ID": 0 }, "geometry": { "type": "MultiLineString", "coordinates": [ [ [ -60.700420475836573, -27.568518018268708 ], [ -60.700404907658502, -27.567660829760587 ], [ -60.699402610760458, -27.567688439276516 ], [ -60.699397891163237, -27.567742606226826 ], [ -60.699398005574217, -27.567760653380297 ], [ -60.699398091382541, -27.567774188745364 ], [ -60.699398177190901, -27.567787724110406 ], [ -60.699398291602158, -27.567805771263764 ], [ -60.699423062402225, -27.568518531820093 ], [ -60.700420475836573, -27.568518018268708 ] ] ] } },
{ "type": "Feature", "properties": { "FNODE_": 272, "TNODE_": 272, "LPOLY_": 2, "RPOLY_": 276, "LENGTH": 518.382, "M0080_": 272, "M0080_ID": 0 }, "geometry": { "type": "MultiLineString", "coordinates": [ [ [ -60.697409067376753, -27.56869108711955 ], [ -60.699220604885596, -27.568528574894941 ], [ -60.699196149929584, -27.567865443952819 ], [ -60.69831009608199, -27.567860876957898 ], [ -60.698289844727427, -27.567860978756588 ], [ -60.698274656211431, -27.567861055103663 ], [ -60.698259467695365, -27.567861131449092 ], [ -60.698239216340539, -27.567861233240397 ], [ -60.697414116149439, -27.567887937676225 ], [ -60.697409067376753, -27.56869108711955 ] ] ] } },
{ "type": "Feature", "properties": { "FNODE_": 273, "TNODE_": 273, "LPOLY_": 2, "RPOLY_": 245, "LENGTH": 736.574, "M0080_": 273, "M0080_ID": 0 }, "geometry": { "type": "MultiLineString", "coordinates": [ [ [ -60.695465035622945, -27.568718881159541 ], [ -60.697206609291953, -27.568701127267946 ], [ -60.697211260348979, -27.567834812740241 ], [ -60.697211146295345, -27.567816765578531 ], [ -60.69721106075518, -27.567803230207229 ], [ -60.697210975215071, -27.567789694835884 ], [ -60.697210861161707, -27.567771647674061 ], [ -60.697180300832748, -27.56694160522169 ], [ -60.69541847528258, -27.566954947859045 ], [ -60.695465035622945, -27.568718881159541 ] ] ] } },
{ "type": "Feature", "properties": { "FNODE_": 274, "TNODE_": 274, "LPOLY_": 2, "RPOLY_": 246, "LENGTH": 752.747, "M0080_": 274, "M0080_ID": 0 }, "geometry": { "type": "MultiLineString", "coordinates": [ [ [ -60.693419886365007, -27.568769712465301 ], [ -60.695262520374705, -27.568719894895175 ], [ -60.695215991700906, -27.566960473260202 ], [ -60.69336843764178, -27.567028362132437 ], [ -60.693413575676672, -27.568571218822836 ], [ -60.693413689112745, -27.568589265997183 ], [ -60.693413774189885, -27.568602801377892 ], [ -60.693413859267075, -27.568616336758573 ], [ -60.693413972703425, -27.568634383932782 ], [ -60.693419886365007, -27.568769712465301 ] ] ] } },
{ "type": "Feature", "properties": { "FNODE_": 275, "TNODE_": 275, "LPOLY_": 2, "RPOLY_": 174, "LENGTH": 2977.741, "M0080_": 275, "M0080_ID": 0 }, "geometry": { "type": "MultiLineString", "coordinates": [ [ [ -60.691127670473556, -27.568984172818983 ], [ -60.691274324878016, -27.568956371481491 ], [ -60.691617866387581, -27.56883735115305 ], [ -60.691885096009763, -27.568660054922027 ], [ -60.691514713710923, -27.568535564968769 ], [ -60.691499468518813, -27.568526616985924 ], [ -60.691484223329155, -27.56851766900137 ], [ -60.691474041017671, -27.568508695813705 ], [ -60.691463830428667, -27.568495210829756 ], [ -60.691453619842171, -27.568481725844997 ], [ -60.69144844385356, -27.568463703863475 ], [ -60.691448359018054, -27.568450168476861 ], [ -60.691448274182605, -27.568436633090215 ], [ -60.691453223940371, -27.568418560707467 ], [ -60.691463264846377, -27.568404974919176 ], [ -60.691473305749945, -27.568391389130198 ], [ -60.691483374930897, -27.568382315136073 ], [ -60.691498506979663, -27.568373215939094 ], [ -60.691513639025906, -27.568364116740497 ], [ -60.691533862220126, -27.568359504132399 ], [ -60.691549050826495, -27.568359428521035 ], [ -60.691564239432822, -27.568359352908022 ], [ -60.691584519191778, -27.568363763883539 ], [ -60.692081755882889, -27.568532741080155 ], [ -60.692096972816486, -27.568537177203332 ], [ -60.692112189751263, -27.568541613324804 ], [ -60.69212737838086, -27.568541537649754 ], [ -60.693210692052354, -27.568513576243564 ], [ -60.693165953753429, -27.567033884549652 ], [ -60.691490249368265, -27.567055771513655 ], [ -60.691475060941166, -27.567055847115306 ], [ -60.691454781427858, -27.567051436118483 ], [ -60.69143953644835, -27.567042488123313 ], [ -60.691424291471293, -27.56703354012642 ], [ -60.691414109304361, -27.567024566929863 ], [ -60.691403898864117, -27.567011081936002 ], [ -60.691393688426409, -27.566997596941306 ], [ -60.691388512522792, -27.566979574952267 ], [ -60.691388427699984, -27.56696603956259 ], [ -60.691388342877239, -27.566952504172885 ], [ -60.691393292583896, -27.56693443178947 ], [ -60.691403333366537, -27.566920846004987 ], [ -60.69141337414672, -27.566907260219804 ], [ -60.691423443200044, -27.566898186230492 ], [ -60.691438575053169, -27.566889087041751 ], [ -60.691453706903772, -27.566879987851394 ], [ -60.691473929830046, -27.566875375255982 ], [ -60.691489118232298, -27.56687529965491 ], [ -60.693164819877552, -27.566853412754377 ], [ -60.69316893601961, -27.565896861638773 ], [ -60.692277947824074, -27.565910328315361 ], [ -60.692262759557174, -27.565910404000238 ], [ -60.692242480226646, -27.565905993114399 ], [ -60.692227235345683, -27.565897045202476 ], [ -60.692211990467172, -27.565888097288827 ], [ -60.692201808345381, -27.565879124147777 ], [ -60.692191597919461, -27.565865639209413 ], [ -60.692181387496049, -27.565852154270242 ], [ -60.692176211522494, -27.565834132308986 ], [ -60.69217612660718, -27.565820596919327 ], [ -60.69217604169193, -27.565807061529643 ], [ -60.692180991221861, -27.565788989118509 ], [ -60.692191031805194, -27.565775403278579 ], [ -60.692201072386055, -27.565761817437924 ], [ -60.692211141270917, -27.565752743393134 ], [ -60.692226272902168, -27.565743644121188 ], [ -60.69224140453089, -27.565734544847619 ], [ -60.692261627212723, -27.565729932141224 ], [ -60.692276815454775, -27.56572985645693 ], [ -60.693167802193628, -27.565716389814057 ], [ -60.693168726533912, -27.565057642353519 ], [ -60.687898942420944, -27.565165050809778 ], [ -60.687340714626025, -27.566580051064147 ], [ -60.68792791401372, -27.566563608714198 ], [ -60.687943130517318, -27.566568045301686 ], [ -60.687958347022096, -27.566572481887487 ], [ -60.687968528871217, -27.56658145534384 ], [ -60.687973676064736, -27.566594965671836 ], [ -60.687978823259542, -27.566608475999594 ], [ -60.687973844869902, -27.566622036472126 ], [ -60.687968866479082, -27.566635596944462 ], [ -60.687958797159297, -27.566644670688472 ], [ -60.687943636910489, -27.566649257703062 ], [ -60.687928476660367, -27.566653844716008 ], [ -60.687310900018126, -27.5666704373694 ], [ -60.687306620771899, -27.567608941935809 ], [ -60.688901358346136, -27.567592018805776 ], [ -60.68888101434549, -27.566766434943098 ], [ -60.688511430034893, -27.566768267152895 ], [ -60.688496213482082, -27.566763830628716 ], [ -60.688480996930437, -27.566759394102835 ], [ -60.688470815023763, -27.566750420685334 ], [ -60.688465667762088, -27.566736910377305 ], [ -60.688460520501728, -27.566723400069034 ], [ -60.688465498835413, -27.566709839580263 ], [ -60.688470477167932, -27.566696279091328 ], [ -60.688480546449384, -27.566687205310977 ], [ -60.688495706679717, -27.566682618238133 ], [ -60.688510866908743, -27.566678031163644 ], [ -60.688880450917125, -27.566676198960842 ], [ -60.688873726036491, -27.566410027911346 ], [ -60.688873641524239, -27.566396492513377 ], [ -60.688878591622071, -27.566378420211038 ], [ -60.688888632669546, -27.566364834602492 ], [ -60.688898673714569, -27.566351248993264 ], [ -60.68890874292925, -27.566342175182651 ], [ -60.688923874920896, -27.566333076264709 ], [ -60.688939006910019, -27.566323977345167 ], [ -60.688959229848493, -27.566319365115415 ], [ -60.688974418182283, -27.566319289790666 ], [ -60.688989606516017, -27.566319214464247 ], [ -60.689009885803785, -27.56632362582571 ], [ -60.6890251304917, -27.56633257409386 ], [ -60.68904037518206, -27.566341522360283 ], [ -60.689050557095612, -27.566350495736415 ], [ -60.689060767189169, -27.566363980910921 ], [ -60.689070977285233, -27.566377466084607 ], [ -60.689076152781752, -27.566395488168993 ], [ -60.689076237318829, -27.566409023566393 ], [ -60.68908324448438, -27.566720312586551 ], [ -60.689104209976314, -27.567645155960829 ], [ -60.689590439864581, -27.567674326716364 ], [ -60.690239273647947, -27.567797438615468 ], [ -60.690254490410005, -27.567801874944163 ], [ -60.690670971206757, -27.568011865939734 ], [ -60.690686216261653, -27.568020814016698 ], [ -60.690966481768967, -27.568308184215443 ], [ -60.690971629412509, -27.56832169442081 ], [ -60.69113055689148, -27.56863673936758 ], [ -60.691135732837203, -27.568654761361298 ], [ -60.691127670473556, -27.568984172818983 ] ] ] } },
{ "type": "Feature", "properties": { "FNODE_": 276, "TNODE_": 276, "LPOLY_": 2, "RPOLY_": 305, "LENGTH": 281.572, "M0080_": 276, "M0080_ID": 0 }, "geometry": { "type": "MultiLineString", "coordinates": [ [ [ -60.70924776860511, -27.568897350726498 ], [ -60.710260227131016, -27.568874130020799 ], [ -60.710252898525404, -27.56852223728616 ], [ -60.709225138627914, -27.568527488311663 ], [ -60.70924776860511, -27.568897350726498 ] ] ] } },
{ "type": "Feature", "properties": { "FNODE_": 277, "TNODE_": 277, "LPOLY_": 2, "RPOLY_": 285, "LENGTH": 665.026, "M0080_": 277, "M0080_ID": 0 }, "geometry": { "type": "MultiLineString", "coordinates": [ [ [ -60.732943624135849, -27.569027012744847 ], [ -60.735287634461869, -27.569001089485866 ], [ -60.735301901503448, -27.568103143582633 ], [ -60.732937599062346, -27.568120150054384 ], [ -60.732943624135849, -27.569027012744847 ] ] ] } },
{ "type": "Feature", "properties": { "FNODE_": 278, "TNODE_": 278, "LPOLY_": 2, "RPOLY_": 286, "LENGTH": 287.014, "M0080_": 278, "M0080_ID": 0 }, "geometry": { "type": "MultiLineString", "coordinates": [ [ [ -60.732295578797611, -27.569030430527778 ], [ -60.732741109979919, -27.569028081126721 ], [ -60.732735086570806, -27.568121218395213 ], [ -60.732304777438159, -27.568127999395053 ], [ -60.732295578797611, -27.569030430527778 ] ] ] } },
{ "type": "Feature", "properties": { "FNODE_": 279, "TNODE_": 279, "LPOLY_": 2, "RPOLY_": 287, "LENGTH": 287.515, "M0080_": 279, "M0080_ID": 0 }, "geometry": { "type": "MultiLineString", "coordinates": [ [ [ -60.731758946093244, -27.569037770346817 ], [ -60.732194321703204, -27.569030964283328 ], [ -60.732203521172217, -27.568128533141255 ], [ -60.731757993568962, -27.568130880747926 ], [ -60.731758946093244, -27.569037770346817 ] ] ] } },
{ "type": "Feature", "properties": { "FNODE_": 280, "TNODE_": 280, "LPOLY_": 2, "RPOLY_": 291, "LENGTH": 395.539, "M0080_": 280, "M0080_ID": 0 }, "geometry": { "type": "MultiLineString", "coordinates": [ [ [ -60.727734003461563, -27.569063426511679 ], [ -60.727702766624461, -27.568165718900573 ], [ -60.726710483460131, -27.568175425327404 ], [ -60.726726464199395, -27.569064189255922 ], [ -60.727734003461563, -27.569063426511679 ] ] ] } },
{ "type": "Feature", "properties": { "FNODE_": 281, "TNODE_": 281, "LPOLY_": 2, "RPOLY_": 288, "LENGTH": 501.49, "M0080_": 281, "M0080_ID": 0 }, "geometry": { "type": "MultiLineString", "coordinates": [ [ [ -60.730533794590571, -27.569053242615372 ], [ -60.731556431863829, -27.569038837002058 ], [ -60.731555481004207, -27.568131947369594 ], [ -60.731074543516932, -27.568138991169896 ], [ -60.731077324119063, -27.568558584543823 ], [ -60.731072350981897, -27.568572146458251 ], [ -60.731067377843544, -27.568585708372488 ], [ -60.731057311969252, -27.568594785174191 ], [ -60.731042153358928, -27.568599376862267 ], [ -60.731026994747289, -27.568603968548715 ], [ -60.731011776341063, -27.568599536720303 ], [ -60.730996557936017, -27.56859510489021 ], [ -60.730986372472529, -27.568586134660332 ], [ -60.730981219950671, -27.568572626031791 ], [ -60.730976067430106, -27.568559117403012 ], [ -60.730973287213011, -27.568139524019614 ], [ -60.730532852135134, -27.568146352814651 ], [ -60.730533794590571, -27.569053242615372 ] ] ] } },
{ "type": "Feature", "properties": { "FNODE_": 282, "TNODE_": 282, "LPOLY_": 2, "RPOLY_": 289, "LENGTH": 405.012, "M0080_": 282, "M0080_ID": 0 }, "geometry": { "type": "MultiLineString", "coordinates": [ [ [ -60.7292933942472, -27.569059760309834 ], [ -60.730331280277269, -27.56905430748516 ], [ -60.730330339486471, -27.568147417650913 ], [ -60.72928748864674, -27.568166432159206 ], [ -60.7292933942472, -27.569059760309834 ] ] ] } },
{ "type": "Feature", "properties": { "FNODE_": 283, "TNODE_": 283, "LPOLY_": 2, "RPOLY_": 290, "LENGTH": 409.037, "M0080_": 283, "M0080_ID": 0 }, "geometry": { "type": "MultiLineString", "coordinates": [ [ [ -60.728989622671016, -27.56906135479182 ], [ -60.728983719529886, -27.568168026580874 ], [ -60.727905279425379, -27.568164657893977 ], [ -60.727936517908923, -27.56906236542784 ], [ -60.728989622671016, -27.56906135479182 ] ] ] } },
{ "type": "Feature", "properties": { "FNODE_": 284, "TNODE_": 284, "LPOLY_": 2, "RPOLY_": 292, "LENGTH": 398.068, "M0080_": 284, "M0080_ID": 0 }, "geometry": { "type": "MultiLineString", "coordinates": [ [ [ -60.725516617901526, -27.569097584876005 ], [ -60.726523979407865, -27.569069760336649 ], [ -60.726507970585629, -27.568176484592684 ], [ -60.725976433617838, -27.568188287283533 ], [ -60.725495524729453, -27.568199823541139 ], [ -60.725516617901526, -27.569097584876005 ] ] ] } },
{ "type": "Feature", "properties": { "FNODE_": 285, "TNODE_": 285, "LPOLY_": 2, "RPOLY_": 293, "LENGTH": 402.017, "M0080_": 285, "M0080_ID": 0 }, "geometry": { "type": "MultiLineString", "coordinates": [ [ [ -60.724286400653696, -27.569113028512824 ], [ -60.725314103280596, -27.569098642433396 ], [ -60.725293011755511, -27.568200881036176 ], [ -60.724280417099472, -27.568201652320127 ], [ -60.724286400653696, -27.569113028512824 ] ] ] } },
{ "type": "Feature", "properties": { "FNODE_": 286, "TNODE_": 286, "LPOLY_": 2, "RPOLY_": 294, "LENGTH": 417.071, "M0080_": 286, "M0080_ID": 0 }, "geometry": { "type": "MultiLineString", "coordinates": [ [ [ -60.722980269322441, -27.569133368298786 ], [ -60.72408388594917, -27.569114084277363 ], [ -60.724077933680199, -27.56820721980775 ], [ -60.723612242426761, -27.568223182145591 ], [ -60.723597053944552, -27.568223261262119 ], [ -60.723566676979921, -27.568223419490188 ], [ -60.723546425670037, -27.568223524971877 ], [ -60.723526174360032, -27.568223630450621 ], [ -60.722974444390275, -27.568244550669821 ], [ -60.722980269322441, -27.569133368298786 ] ] ] } },
{ "type": "Feature", "properties": { "FNODE_": 287, "TNODE_": 287, "LPOLY_": 2, "RPOLY_": 295, "LENGTH": 398.895, "M0080_": 287, "M0080_ID": 0 }, "geometry": { "type": "MultiLineString", "coordinates": [ [ [ -60.721613441771225, -27.569163034961676 ], [ -60.722676526674142, -27.569139460744495 ], [ -60.722670911073372, -27.568282225412979 ], [ -60.722539454759577, -27.568309980735616 ], [ -60.722519203429208, -27.568310086067875 ], [ -60.722053481860108, -27.568321531426573 ], [ -60.721592822991411, -27.568332948926752 ], [ -60.721613441771225, -27.569163034961676 ] ] ] } },
{ "type": "Feature", "properties": { "FNODE_": 288, "TNODE_": 288, "LPOLY_": 2, "RPOLY_": 296, "LENGTH": 429.593, "M0080_": 288, "M0080_ID": 0 }, "geometry": { "type": "MultiLineString", "coordinates": [ [ [ -60.720180825231161, -27.56919754119841 ], [ -60.721410926855214, -27.569164086831353 ], [ -60.721390339101049, -27.568338512503747 ], [ -60.721365024925099, -27.568338643959333 ], [ -60.721344773584214, -27.568338749120475 ], [ -60.720727166585839, -27.5683509786518 ], [ -60.720149973729669, -27.568349460171422 ], [ -60.720180825231161, -27.56919754119841 ] ] ] } },
{ "type": "Feature", "properties": { "FNODE_": 289, "TNODE_": 289, "LPOLY_": 2, "RPOLY_": 297, "LENGTH": 389.129, "M0080_": 289, "M0080_ID": 0 }, "geometry": { "type": "MultiLineString", "coordinates": [ [ [ -60.718960818952219, -27.569226420510351 ], [ -60.719978310187862, -27.569198590980836 ], [ -60.719947460241741, -27.568350509879235 ], [ -60.718929976810394, -27.568378339036922 ], [ -60.718960818952219, -27.569226420510351 ] ] ] } },
{ "type": "Feature", "properties": { "FNODE_": 290, "TNODE_": 290, "LPOLY_": 2, "RPOLY_": 299, "LENGTH": 385.027, "M0080_": 290, "M0080_ID": 0 }, "geometry": { "type": "MultiLineString", "coordinates": [ [ [ -60.717745727883901, -27.56923270411199 ], [ -60.718753240922595, -27.569227494711608 ], [ -60.718727492609077, -27.568383898736332 ], [ -60.717730112951848, -27.568389055487639 ], [ -60.717745727883901, -27.56923270411199 ] ] ] } },
{ "type": "Feature", "properties": { "FNODE_": 291, "TNODE_": 291, "LPOLY_": 2, "RPOLY_": 298, "LENGTH": 389.517, "M0080_": 291, "M0080_ID": 0 }, "geometry": { "type": "MultiLineString", "coordinates": [ [ [ -60.716525632150422, -27.569248026743288 ], [ -60.717543212667607, -27.569233750345763 ], [ -60.717527599283493, -27.568390101669284 ], [ -60.716509938631368, -27.568390842492398 ], [ -60.716525632150422, -27.569248026743288 ] ] ] } },
{ "type": "Feature", "properties": { "FNODE_": 292, "TNODE_": 292, "LPOLY_": 2, "RPOLY_": 300, "LENGTH": 384.641, "M0080_": 292, "M0080_ID": 0 }, "geometry": { "type": "MultiLineString", "coordinates": [ [ [ -60.715320812241949, -27.569276795766594 ], [ -60.71632311685179, -27.56924907119895 ], [ -60.716307454200589, -27.568396398666806 ], [ -60.715310337189706, -27.568442143997292 ], [ -60.715320812241949, -27.569276795766594 ] ] ] } },
{ "type": "Feature", "properties": { "FNODE_": 293, "TNODE_": 293, "LPOLY_": 2, "RPOLY_": 301, "LENGTH": 389.008, "M0080_": 293, "M0080_ID": 0 }, "geometry": { "type": "MultiLineString", "coordinates": [ [ [ -60.714090589400605, -27.569292149166369 ], [ -60.715118326084585, -27.569282350238893 ], [ -60.715107852562546, -27.568447698425906 ], [ -60.714085098886379, -27.56844393578346 ], [ -60.714090589400605, -27.569292149166369 ] ] ] } },
{ "type": "Feature", "properties": { "FNODE_": 294, "TNODE_": 294, "LPOLY_": 2, "RPOLY_": 302, "LENGTH": 392.566, "M0080_": 294, "M0080_ID": 0 }, "geometry": { "type": "MultiLineString", "coordinates": [ [ [ -60.712870666669005, -27.569334510358573 ], [ -60.713888103110321, -27.569297701846981 ], [ -60.713882584955641, -27.56844497665346 ], [ -60.712865010597987, -27.568459226106363 ], [ -60.712870666669005, -27.569334510358573 ] ] ] } },
{ "type": "Feature", "properties": { "FNODE_": 295, "TNODE_": 295, "LPOLY_": 2, "RPOLY_": 303, "LENGTH": 383.039, "M0080_": 295, "M0080_ID": 0 }, "geometry": { "type": "MultiLineString", "coordinates": [ [ [ -60.711706289034773, -27.569354016653449 ], [ -60.712668180197205, -27.569340061263425 ], [ -60.712662525731332, -27.568464776973268 ], [ -60.711695666664326, -27.568492293447868 ], [ -60.711706289034773, -27.569354016653449 ] ] ] } },
{ "type": "Feature", "properties": { "FNODE_": 296, "TNODE_": 296, "LPOLY_": 2, "RPOLY_": 304, "LENGTH": 377.603, "M0080_": 296, "M0080_ID": 0 }, "geometry": { "type": "MultiLineString", "coordinates": [ [ [ -60.710466141679753, -27.569400972290488 ], [ -60.711402544566809, -27.569360084468912 ], [ -60.711391953661085, -27.568502872972253 ], [ -60.710455412758094, -27.568521201704716 ], [ -60.710463032575824, -27.568918212185118 ], [ -60.710466141679753, -27.569400972290488 ] ] ] } },
{ "type": "Feature", "properties": { "FNODE_": 297, "TNODE_": 297, "LPOLY_": 2, "RPOLY_": 320, "LENGTH": 295.523, "M0080_": 297, "M0080_ID": 0 }, "geometry": { "type": "MultiLineString", "coordinates": [ [ [ -60.709256138340159, -27.569411667554576 ], [ -60.710263654881715, -27.569406519694628 ], [ -60.710260808099086, -27.568964365561634 ], [ -60.709248348745639, -27.568987586286877 ], [ -60.709256138340159, -27.569411667554576 ] ] ] } },
{ "type": "Feature", "properties": { "FNODE_": 298, "TNODE_": 298, "LPOLY_": 2, "RPOLY_": 306, "LENGTH": 394.558, "M0080_": 298, "M0080_ID": 0 }, "geometry": { "type": "MultiLineString", "coordinates": [ [ [ -60.708030916859222, -27.569417917921282 ], [ -60.709053622420136, -27.569412701418401 ], [ -60.709045572614713, -27.568948014120959 ], [ -60.709022624329592, -27.568528522099879 ], [ -60.708020265262981, -27.568547170343031 ], [ -60.708030916859222, -27.569417917921282 ] ] ] } },
{ "type": "Feature", "properties": { "FNODE_": 299, "TNODE_": 299, "LPOLY_": 2, "RPOLY_": 307, "LENGTH": 390.599, "M0080_": 299, "M0080_ID": 0 }, "geometry": { "type": "MultiLineString", "coordinates": [ [ [ -60.706821028229044, -27.569446639099681 ], [ -60.707828400873971, -27.569418949999182 ], [ -60.707817779823699, -27.568552714155167 ], [ -60.706805410030789, -27.568589452355244 ], [ -60.706821028229044, -27.569446639099681 ] ] ] } },
{ "type": "Feature", "properties": { "FNODE_": 300, "TNODE_": 300, "LPOLY_": 2, "RPOLY_": 308, "LENGTH": 378.581, "M0080_": 300, "M0080_ID": 0 }, "geometry": { "type": "MultiLineString", "coordinates": [ [ [ -60.70566680181107, -27.569470555066349 ], [ -60.706618512138029, -27.569447669414785 ], [ -60.706602924411044, -27.56859499439901 ], [ -60.705636032834541, -27.568617956962594 ], [ -60.70566680181107, -27.569470555066349 ] ] ] } },
{ "type": "Feature", "properties": { "FNODE_": 301, "TNODE_": 301, "LPOLY_": 2, "RPOLY_": 309, "LENGTH": 435.565, "M0080_": 301, "M0080_ID": 0 }, "geometry": { "type": "MultiLineString", "coordinates": [ [ [ -60.70409226698375, -27.569483056697969 ], [ -60.705363027528961, -27.56947209790556 ], [ -60.705332289744526, -27.568624011472803 ], [ -60.704076842741998, -27.568652939953946 ], [ -60.70409226698375, -27.569483056697969 ] ] ] } },
{ "type": "Feature", "properties": { "FNODE_": 302, "TNODE_": 302, "LPOLY_": 2, "RPOLY_": 311, "LENGTH": 347.033, "M0080_": 302, "M0080_ID": 0 }, "geometry": { "type": "MultiLineString", "coordinates": [ [ [ -60.703069703450048, -27.56951079560616 ], [ -60.703889779495213, -27.569488594819184 ], [ -60.703874327988053, -27.568653966241428 ], [ -60.703069360489231, -27.56866255459968 ], [ -60.703069703450048, -27.56951079560616 ] ] ] } },
{ "type": "Feature", "properties": { "FNODE_": 303, "TNODE_": 303, "LPOLY_": 2, "RPOLY_": 312, "LENGTH": 390.534, "M0080_": 303, "M0080_ID": 0 }, "geometry": { "type": "MultiLineString", "coordinates": [ [ [ -60.70185474858107, -27.569539499193809 ], [ -60.702867215824249, -27.569516332238596 ], [ -60.702866845673739, -27.568663579418811 ], [ -60.70184423180384, -27.568682285602307 ], [ -60.70185474858107, -27.569539499193809 ] ] ] } },
{ "type": "Feature", "properties": { "FNODE_": 304, "TNODE_": 304, "LPOLY_": 2, "RPOLY_": 313, "LENGTH": 388.551, "M0080_": 304, "M0080_ID": 0 }, "geometry": { "type": "MultiLineString", "coordinates": [ [ [ -60.70065998717542, -27.56955906644702 ], [ -60.701652232102944, -27.56954052227217 ], [ -60.701641716898834, -27.56868330863615 ], [ -60.700629199522098, -27.568697442950715 ], [ -60.70065998717542, -27.56955906644702 ] ] ] } },
{ "type": "Feature", "properties": { "FNODE_": 305, "TNODE_": 305, "LPOLY_": 2, "RPOLY_": 314, "LENGTH": 389.055, "M0080_": 305, "M0080_ID": 0 }, "geometry": { "type": "MultiLineString", "coordinates": [ [ [ -60.699449950535481, -27.569565164549843 ], [ -60.700452407695188, -27.569560113313958 ], [ -60.700421621661704, -27.568698489741632 ], [ -60.699424206595772, -27.568699003331538 ], [ -60.699449950535481, -27.569565164549843 ] ] ] } },
{ "type": "Feature", "properties": { "FNODE_": 306, "TNODE_": 306, "LPOLY_": 2, "RPOLY_": 319, "LENGTH": 440.649, "M0080_": 306, "M0080_ID": 0 }, "geometry": { "type": "MultiLineString", "coordinates": [ [ [ -60.752148590365557, -27.569903436123887 ], [ -60.753399057877232, -27.569887635784433 ], [ -60.753370641195417, -27.568692136308474 ], [ -60.753345789273254, -27.568759949597851 ], [ -60.753335756066605, -27.568773539711461 ], [ -60.753320752465918, -27.568800692481009 ], [ -60.75326073799053, -27.56890930354345 ], [ -60.753240702333429, -27.56894099549169 ], [ -60.753220697470361, -27.568977199170739 ], [ -60.753195629764562, -27.569013430298387 ], [ -60.753170531239057, -27.56904514968803 ], [ -60.753155558364817, -27.569076814173847 ], [ -60.753145525106568, -27.569090404274167 ], [ -60.753020032177879, -27.569249001134626 ], [ -60.753009968090431, -27.569258079491796 ], [ -60.752984807864522, -27.569280775381628 ], [ -60.752964741267022, -27.569307955557658 ], [ -60.752929547712931, -27.56934424152475 ], [ -60.752899386190023, -27.569375988308771 ], [ -60.752874225914589, -27.569398684179177 ], [ -60.75284406436095, -27.569430430951577 ], [ -60.752808839939142, -27.5694622051553 ], [ -60.752773615497063, -27.569493979350359 ], [ -60.752713199906644, -27.569543937645079 ], [ -60.752703135767057, -27.569553015980681 ], [ -60.752672881770877, -27.569571227515642 ], [ -60.752647721404273, -27.569593923346225 ], [ -60.752637657254738, -27.569603001677208 ], [ -60.752602371156428, -27.569625752362423 ], [ -60.752572147903138, -27.569648475609824 ], [ -60.752541924637356, -27.569671198850841 ], [ -60.752431034082981, -27.569743989967254 ], [ -60.752385652937946, -27.569771307180549 ], [ -60.752350335962213, -27.56978954606932 ], [ -60.752320081841958, -27.569807757529272 ], [ -60.752304954778054, -27.56981686325685 ], [ -60.752264574905453, -27.569835129543737 ], [ -60.752234289992074, -27.569848829251367 ], [ -60.752199003730617, -27.569871579836541 ], [ -60.752183845883614, -27.569876173817104 ], [ -60.752148590365557, -27.569903436123887 ] ] ] } },
{ "type": "Feature", "properties": { "FNODE_": 307, "TNODE_": 307, "LPOLY_": 2, "RPOLY_": 139, "LENGTH": 2673.277, "M0080_": 307, "M0080_ID": 0 }, "geometry": { "type": "MultiLineString", "coordinates": [ [ [ -60.74590630795592, -27.569973191207737 ], [ -60.751232241160849, -27.569912906761996 ], [ -60.751277807021118, -27.569912660329464 ], [ -60.751465133329482, -27.569911647060909 ], [ -60.751480321948648, -27.569911564892941 ], [ -60.751515762059782, -27.569911373161183 ], [ -60.751546139297631, -27.569911208812506 ], [ -60.751581456449919, -27.5698929701251 ], [ -60.751632023687094, -27.5698836727138 ], [ -60.751672465173101, -27.569874430077757 ], [ -60.751945245116183, -27.569782715706086 ], [ -60.752061321938001, -27.569727944497604 ], [ -60.752096669704279, -27.569714217415907 ], [ -60.752126923837366, -27.569696006004143 ], [ -60.752167303683414, -27.569677739757456 ], [ -60.752207683515884, -27.569659473499243 ], [ -60.752232874755478, -27.569641289480707 ], [ -60.752278286654615, -27.569618484051311 ], [ -60.75231357281956, -27.56959573344712 ], [ -60.752414399145238, -27.569532020739508 ], [ -60.752439590321238, -27.569513836684401 ], [ -60.752474845643398, -27.569486574306161 ], [ -60.752510131725053, -27.569463823653251 ], [ -60.752535292091579, -27.569441127847202 ], [ -60.752545356235288, -27.569432049523545 ], [ -60.752575610215636, -27.569413838016352 ], [ -60.752630962953532, -27.569363907211841 ], [ -60.75266618739704, -27.569332133052381 ], [ -60.752691347701401, -27.56930943721888 ], [ -60.752721540052967, -27.569282202212847 ], [ -60.752746669548188, -27.569254994635681 ], [ -60.752776831083693, -27.569223247884061 ], [ -60.752801991340505, -27.56920055203112 ], [ -60.752827090007898, -27.569168832705948 ], [ -60.752837154102778, -27.569159754361781 ], [ -60.752862314332759, -27.569137058498242 ], [ -60.752977774097893, -27.56899205186436 ], [ -60.752992747012755, -27.56896038739653 ], [ -60.753002780278699, -27.568946797306872 ], [ -60.753022846803219, -27.568919617125442 ], [ -60.753037881291284, -27.568896976120605 ], [ -60.753057886201134, -27.568860772466564 ], [ -60.753077921897415, -27.568829080543548 ], [ -60.753137936513141, -27.568720469556148 ], [ -60.753157972161667, -27.56868877762194 ], [ -60.753182854988566, -27.568625476097374 ], [ -60.753207891809325, -27.568584733237831 ], [ -60.753217832601187, -27.568557607931446 ], [ -60.753227742583249, -27.568525970890434 ], [ -60.753242622948882, -27.568480771194508 ], [ -60.753257564915103, -27.568444594964806 ], [ -60.753267474876331, -27.568412957920884 ], [ -60.753282386018604, -27.568372269954551 ], [ -60.753287233167867, -27.568340660362921 ], [ -60.75330699143462, -27.568268362801902 ], [ -60.753311838572998, -27.568236753209181 ], [ -60.753316808942053, -27.568223190552253 ], [ -60.753321656075954, -27.568191580959081 ], [ -60.753326503207298, -27.568159971365649 ], [ -60.753331473571315, -27.568146408708145 ], [ -60.753336320698175, -27.568114799114266 ], [ -60.753341167822484, -27.568083189520131 ], [ -60.753356171324953, -27.568056036747645 ], [ -60.753355955657142, -27.568024454609045 ], [ -60.753355555132138, -27.56796580206553 ], [ -60.75327309570352, -27.56404540593994 ], [ -60.745886752106607, -27.564085258562745 ], [ -60.74590630795592, -27.569973191207737 ] ] ] } },
{ "type": "Feature", "properties": { "FNODE_": 308, "TNODE_": 308, "LPOLY_": 2, "RPOLY_": 140, "LENGTH": 1740.068, "M0080_": 308, "M0080_ID": 0 }, "geometry": { "type": "MultiLineString", "coordinates": [ [ [ -60.743354796777247, -27.570013940235842 ], [ -60.744428037352549, -27.569994657029742 ], [ -60.745501277346271, -27.569975365538252 ], [ -60.745481743109359, -27.564087432410144 ], [ -60.743249160589357, -27.564103906301469 ], [ -60.743274803672612, -27.565655865862936 ], [ -60.743274925250027, -27.5656739128471 ], [ -60.743275016433174, -27.565687448085189 ], [ -60.74327510761637, -27.565700983323261 ], [ -60.74327522919409, -27.565719030307299 ], [ -60.74329958014048, -27.567830472934702 ], [ -60.7432997017332, -27.56784851991311 ], [ -60.743299792927793, -27.567862055146897 ], [ -60.743299884122465, -27.567875590380638 ], [ -60.743300005715476, -27.567893637358939 ], [ -60.743354796777247, -27.570013940235842 ] ] ] } },
{ "type": "Feature", "properties": { "FNODE_": 309, "TNODE_": 309, "LPOLY_": 2, "RPOLY_": 283, "LENGTH": 899.085, "M0080_": 309, "M0080_ID": 0 }, "geometry": { "type": "MultiLineString", "coordinates": [ [ [ -60.740899477496079, -27.570054129385518 ], [ -60.742028502195659, -27.570048102882279 ], [ -60.743152281285617, -27.5700150238305 ], [ -60.743097889183822, -27.567953373479071 ], [ -60.740885569218136, -27.567983237832813 ], [ -60.740899477496079, -27.570054129385518 ] ] ] } },
{ "type": "Feature", "properties": { "FNODE_": 310, "TNODE_": 310, "LPOLY_": 2, "RPOLY_": 214, "LENGTH": 1383.099, "M0080_": 310, "M0080_ID": 0 }, "geometry": { "type": "MultiLineString", "coordinates": [ [ [ -60.738464376734697, -27.570089655758743 ], [ -60.73959834431642, -27.570065575095036 ], [ -60.740696961817804, -27.570055209402206 ], [ -60.74068266355355, -27.567925665041074 ], [ -60.740682542388541, -27.567907618052157 ], [ -60.740682451514836, -27.56789408281043 ], [ -60.740682360641202, -27.56788054756867 ], [ -60.74068223947647, -27.567862500579622 ], [ -60.740612616623821, -27.56578739342195 ], [ -60.738440749439064, -27.565803466830594 ], [ -60.738434661354709, -27.567919585325029 ], [ -60.73843478215209, -27.567937632323105 ], [ -60.738434872750211, -27.567951167571639 ], [ -60.738434963348389, -27.567964702820131 ], [ -60.738435084146047, -27.567982749818093 ], [ -60.738464376734697, -27.570089655758743 ] ] ] } },
{ "type": "Feature", "properties": { "FNODE_": 311, "TNODE_": 311, "LPOLY_": 2, "RPOLY_": 284, "LENGTH": 1384.035, "M0080_": 311, "M0080_ID": 0 }, "geometry": { "type": "MultiLineString", "coordinates": [ [ [ -60.735613995128624, -27.570109291634147 ], [ -60.738261860879646, -27.570090732226735 ], [ -60.738232964642748, -27.568042478913615 ], [ -60.737417943814592, -27.568060343498757 ], [ -60.737419003173478, -27.568976255659404 ], [ -60.737414030804004, -27.568989817785226 ], [ -60.73740905843335, -27.569003379910868 ], [ -60.737398993054896, -27.569012457162163 ], [ -60.73738383466857, -27.569017049538004 ], [ -60.737368676280951, -27.569021641912215 ], [ -60.737353457578976, -27.569017210784978 ], [ -60.737338238878188, -27.569012779656045 ], [ -60.737328052871014, -27.569003809902547 ], [ -60.737322899557562, -27.568990301525595 ], [ -60.737317746245402, -27.568976793148394 ], [ -60.737316687727123, -27.568060880970588 ], [ -60.736420691699401, -27.568083681385811 ], [ -60.736426685157369, -27.568981519869407 ], [ -60.7364217126648, -27.56899508196209 ], [ -60.736416740171045, -27.569008644054595 ], [ -60.736406674708682, -27.569017721235571 ], [ -60.736391516277664, -27.569022313503936 ], [ -60.736376357845351, -27.569026905770691 ], [ -60.736361139179827, -27.569022474533956 ], [ -60.736345920515475, -27.569018043295532 ], [ -60.736335734586724, -27.569009073467715 ], [ -60.736330581393624, -27.568995565051587 ], [ -60.736325428201816, -27.5689820566352 ], [ -60.736319435567765, -27.568084218131197 ], [ -60.735605639927833, -27.56809702359676 ], [ -60.735592007133704, -27.569089716269126 ], [ -60.735613995128624, -27.570109291634147 ] ] ] } },
{ "type": "Feature", "properties": { "FNODE_": 312, "TNODE_": 312, "LPOLY_": 2, "RPOLY_": 321, "LENGTH": 904.115, "M0080_": 312, "M0080_ID": 0 }, "geometry": { "type": "MultiLineString", "coordinates": [ [ [ -60.73178155711151, -27.570156605622689 ], [ -60.732885210703465, -27.570141763259564 ], [ -60.734120559311918, -27.570135240015308 ], [ -60.735310221092575, -27.570110899993423 ], [ -60.735288837348214, -27.569181559564409 ], [ -60.73287900598195, -27.569207830176865 ], [ -60.732858754533375, -27.569207937019559 ], [ -60.732843565946879, -27.569208017149634 ], [ -60.732828377360306, -27.569208097278072 ], [ -60.732808095940563, -27.569203692358968 ], [ -60.732792907354479, -27.569203772483505 ], [ -60.732246148161217, -27.569211167615819 ], [ -60.731760143209044, -27.569218240567302 ], [ -60.73178155711151, -27.570156605622689 ] ] ] } },
{ "type": "Feature", "properties": { "FNODE_": 313, "TNODE_": 313, "LPOLY_": 2, "RPOLY_": 322, "LENGTH": 409.521, "M0080_": 313, "M0080_ID": 0 }, "geometry": { "type": "MultiLineString", "coordinates": [ [ [ -60.730551270525226, -27.57016308144431 ], [ -60.731579040829274, -27.570157672350614 ], [ -60.731557628648403, -27.569219307230707 ], [ -60.730534989702981, -27.569233712884913 ], [ -60.730551270525226, -27.57016308144431 ] ] ] } },
{ "type": "Feature", "properties": { "FNODE_": 314, "TNODE_": 314, "LPOLY_": 2, "RPOLY_": 330, "LENGTH": 433.052, "M0080_": 314, "M0080_ID": 0 }, "geometry": { "type": "MultiLineString", "coordinates": [ [ [ -60.720177356267293, -27.570217252978715 ], [ -60.721427838963415, -27.570201740313582 ], [ -60.721412107049467, -27.569344557463651 ], [ -60.72018200341482, -27.569378011878783 ], [ -60.720177356267293, -27.570217252978715 ] ] ] } },
{ "type": "Feature", "properties": { "FNODE_": 315, "TNODE_": 315, "LPOLY_": 2, "RPOLY_": 331, "LENGTH": 382.579, "M0080_": 315, "M0080_ID": 0 }, "geometry": { "type": "MultiLineString", "coordinates": [ [ [ -60.718992749785457, -27.570241437267239 ], [ -60.719974839351906, -27.570218302791702 ], [ -60.719979488040259, -27.569379061669235 ], [ -60.718967058028447, -27.569406865034342 ], [ -60.718992749785457, -27.570241437267239 ] ] ] } },
{ "type": "Feature", "properties": { "FNODE_": 316, "TNODE_": 316, "LPOLY_": 2, "RPOLY_": 326, "LENGTH": 414.036, "M0080_": 316, "M0080_ID": 0 }, "geometry": { "type": "MultiLineString", "coordinates": [ [ [ -60.72930594394203, -27.57019218490381 ], [ -60.730348754175367, -27.570164146378918 ], [ -60.730332475058454, -27.569234777762844 ], [ -60.729294587330827, -27.569240230629184 ], [ -60.72930594394203, -27.57019218490381 ] ] ] } },
{ "type": "Feature", "properties": { "FNODE_": 317, "TNODE_": 317, "LPOLY_": 2, "RPOLY_": 324, "LENGTH": 423.014, "M0080_": 317, "M0080_ID": 0 }, "geometry": { "type": "MultiLineString", "coordinates": [ [ [ -60.727928891343247, -27.570208431816848 ], [ -60.729002199064965, -27.570198291230938 ], [ -60.728990815257816, -27.56924182512336 ], [ -60.72793770877302, -27.569242835801706 ], [ -60.727928891343247, -27.570208431816848 ] ] ] } },
{ "type": "Feature", "properties": { "FNODE_": 318, "TNODE_": 318, "LPOLY_": 2, "RPOLY_": 327, "LENGTH": 410.01, "M0080_": 318, "M0080_ID": 0 }, "geometry": { "type": "MultiLineString", "coordinates": [ [ [ -60.724293717560023, -27.570227433891183 ], [ -60.72531136406149, -27.570222123955329 ], [ -60.725315289856617, -27.569279112911513 ], [ -60.72428758554927, -27.569293499031701 ], [ -60.724293717560023, -27.570227433891183 ] ] ] } },
{ "type": "Feature", "properties": { "FNODE_": 319, "TNODE_": 319, "LPOLY_": 2, "RPOLY_": 332, "LENGTH": 388.065, "M0080_": 319, "M0080_ID": 0 }, "geometry": { "type": "MultiLineString", "coordinates": [ [ [ -60.717767639120531, -27.570265820758319 ], [ -60.718790232772868, -27.570242485354111 ], [ -60.718759479659582, -27.569407939251349 ], [ -60.717746902085807, -27.569413174888101 ], [ -60.717767639120531, -27.570265820758319 ] ] ] } },
{ "type": "Feature", "properties": { "FNODE_": 320, "TNODE_": 320, "LPOLY_": 2, "RPOLY_": 323, "LENGTH": 414.527, "M0080_": 320, "M0080_ID": 0 }, "geometry": { "type": "MultiLineString", "coordinates": [ [ [ -60.726718914229352, -27.570223791100478 ], [ -60.727726374791693, -27.570209492930044 ], [ -60.727735193994434, -27.569243896893667 ], [ -60.726727653084104, -27.569244659678322 ], [ -60.726718914229352, -27.570223791100478 ] ] ] } },
{ "type": "Feature", "properties": { "FNODE_": 321, "TNODE_": 321, "LPOLY_": 2, "RPOLY_": 325, "LENGTH": 411.052, "M0080_": 321, "M0080_ID": 0 }, "geometry": { "type": "MultiLineString", "coordinates": [ [ [ -60.726516397595091, -27.57022485045028 ], [ -60.726525167961633, -27.569250230767036 ], [ -60.725517804808788, -27.569278055346047 ], [ -60.725513880744948, -27.570221066362386 ], [ -60.726516397595091, -27.57022485045028 ] ] ] } },
{ "type": "Feature", "properties": { "FNODE_": 322, "TNODE_": 322, "LPOLY_": 2, "RPOLY_": 329, "LENGTH": 408.148, "M0080_": 322, "M0080_ID": 0 }, "geometry": { "type": "MultiLineString", "coordinates": [ [ [ -60.722693894052355, -27.570244790306738 ], [ -60.72267770893751, -27.569319931326984 ], [ -60.721614622296713, -27.56934350558592 ], [ -60.721630385298525, -27.570205200147893 ], [ -60.722693894052355, -27.570244790306738 ] ] ] } },
{ "type": "Feature", "properties": { "FNODE_": 323, "TNODE_": 323, "LPOLY_": 2, "RPOLY_": 333, "LENGTH": 390.519, "M0080_": 323, "M0080_ID": 0 }, "geometry": { "type": "MultiLineString", "coordinates": [ [ [ -60.716537376804446, -27.570276684260449 ], [ -60.717565122008665, -27.570266867060013 ], [ -60.71754438653825, -27.569414221129865 ], [ -60.716526804357159, -27.569428497567305 ], [ -60.716537376804446, -27.570276684260449 ] ] ] } },
{ "type": "Feature", "properties": { "FNODE_": 324, "TNODE_": 324, "LPOLY_": 2, "RPOLY_": 328, "LENGTH": 424.534, "M0080_": 324, "M0080_ID": 0 }, "geometry": { "type": "MultiLineString", "coordinates": [ [ [ -60.722997728453912, -27.57025223305638 ], [ -60.724091200810079, -27.570228489705553 ], [ -60.724085070513517, -27.569294554804298 ], [ -60.722981452082372, -27.569313838869306 ], [ -60.722997728453912, -27.57025223305638 ] ] ] } },
{ "type": "Feature", "properties": { "FNODE_": 325, "TNODE_": 325, "LPOLY_": 2, "RPOLY_": 334, "LENGTH": 382.55, "M0080_": 325, "M0080_ID": 0 }, "geometry": { "type": "MultiLineString", "coordinates": [ [ [ -60.715342583762663, -27.570291866135975 ], [ -60.716334859617987, -27.570277728768982 ], [ -60.71632431802432, -27.569434053801682 ], [ -60.715322011735246, -27.569461778409199 ], [ -60.715342583762663, -27.570291866135975 ] ] ] } },
{ "type": "Feature", "properties": { "FNODE_": 326, "TNODE_": 326, "LPOLY_": 2, "RPOLY_": 335, "LENGTH": 391.579, "M0080_": 326, "M0080_ID": 0 }, "geometry": { "type": "MultiLineString", "coordinates": [ [ [ -60.714107461922488, -27.570334316603059 ], [ -60.715140095745021, -27.570297420674557 ], [ -60.715119495990862, -27.569462821117643 ], [ -60.714091757626107, -27.569472620085396 ], [ -60.714107461922488, -27.570334316603059 ] ] ] } },
{ "type": "Feature", "properties": { "FNODE_": 327, "TNODE_": 327, "LPOLY_": 2, "RPOLY_": 336, "LENGTH": 389.083, "M0080_": 327, "M0080_ID": 0 }, "geometry": { "type": "MultiLineString", "coordinates": [ [ [ -60.712892444833443, -27.570354093304111 ], [ -60.713904973721775, -27.570339869343684 ], [ -60.713889271004845, -27.569478172773849 ], [ -60.712871832900959, -27.569514981324545 ], [ -60.712892444833443, -27.570354093304111 ] ] ] } },
{ "type": "Feature", "properties": { "FNODE_": 328, "TNODE_": 328, "LPOLY_": 2, "RPOLY_": 337, "LENGTH": 376.019, "M0080_": 328, "M0080_ID": 0 }, "geometry": { "type": "MultiLineString", "coordinates": [ [ [ -60.711712809411843, -27.570364654255513 ], [ -60.712689927343526, -27.570355132501572 ], [ -60.712669346098188, -27.569520532237224 ], [ -60.711707453362891, -27.569534487664701 ], [ -60.711712809411843, -27.570364654255513 ] ] ] } },
{ "type": "Feature", "properties": { "FNODE_": 329, "TNODE_": 329, "LPOLY_": 2, "RPOLY_": 338, "LENGTH": 366.604, "M0080_": 329, "M0080_ID": 0 }, "geometry": { "type": "MultiLineString", "coordinates": [ [ [ -60.710462350472874, -27.570384591293671 ], [ -60.711409033065749, -27.570366210361954 ], [ -60.711403708398358, -27.569540555491951 ], [ -60.710467303981467, -27.569581443349218 ], [ -60.710462350472874, -27.570384591293671 ] ] ] } },
{ "type": "Feature", "properties": { "FNODE_": 330, "TNODE_": 330, "LPOLY_": 2, "RPOLY_": 339, "LENGTH": 375.507, "M0080_": 330, "M0080_ID": 0 }, "geometry": { "type": "MultiLineString", "coordinates": [ [ [ -60.709262462230392, -27.570395235024122 ], [ -60.710259832819844, -27.570385626949449 ], [ -60.710264816852444, -27.569586990761149 ], [ -60.709257298662969, -27.569592138660429 ], [ -60.709262462230392, -27.570395235024122 ] ] ] } },
{ "type": "Feature", "properties": { "FNODE_": 331, "TNODE_": 331, "LPOLY_": 2, "RPOLY_": 340, "LENGTH": 379.518, "M0080_": 331, "M0080_ID": 0 }, "geometry": { "type": "MultiLineString", "coordinates": [ [ [ -60.708052476581067, -27.570410431786676 ], [ -60.709059944505057, -27.570396268931017 ], [ -60.709054782411705, -27.569593172532162 ], [ -60.708032075178025, -27.569598389074898 ], [ -60.708052476581067, -27.570410431786676 ] ] ] } },
{ "type": "Feature", "properties": { "FNODE_": 332, "TNODE_": 332, "LPOLY_": 2, "RPOLY_": 341, "LENGTH": 377.058, "M0080_": 332, "M0080_ID": 0 }, "geometry": { "type": "MultiLineString", "coordinates": [ [ [ -60.706842461438583, -27.570421106235468 ], [ -60.70784995877473, -27.57041146393011 ], [ -60.707829558861512, -27.569599421160696 ], [ -60.706822184570001, -27.569627110299816 ], [ -60.706842461438583, -27.570421106235468 ] ] ] } },
{ "type": "Feature", "properties": { "FNODE_": 333, "TNODE_": 333, "LPOLY_": 2, "RPOLY_": 342, "LENGTH": 368.631, "M0080_": 333, "M0080_ID": 0 }, "geometry": { "type": "MultiLineString", "coordinates": [ [ [ -60.705678272116543, -27.57047214469296 ], [ -60.706639972461801, -27.57042664839485 ], [ -60.706619668147738, -27.569628140622797 ], [ -60.705672990316103, -27.569646488809997 ], [ -60.705678272116543, -27.57047214469296 ] ] ] } },
{ "type": "Feature", "properties": { "FNODE_": 334, "TNODE_": 334, "LPOLY_": 2, "RPOLY_": 343, "LENGTH": 432.527, "M0080_": 334, "M0080_ID": 0 }, "geometry": { "type": "MultiLineString", "coordinates": [ [ [ -60.704124032408721, -27.570493567629068 ], [ -60.705374523927638, -27.570478199389484 ], [ -60.705369244399215, -27.569652543453124 ], [ -60.704098481777599, -27.569663502340987 ], [ -60.704124032408721, -27.570493567629068 ] ] ] } },
{ "type": "Feature", "properties": { "FNODE_": 335, "TNODE_": 335, "LPOLY_": 2, "RPOLY_": 344, "LENGTH": 347.093, "M0080_": 335, "M0080_ID": 0 }, "geometry": { "type": "MultiLineString", "coordinates": [ [ [ -60.703096396571105, -27.570521332568713 ], [ -60.70392154306905, -27.570499105830429 ], [ -60.703895993958561, -27.569669040477326 ], [ -60.703070853657394, -27.569691266950635 ], [ -60.703096396571105, -27.570521332568713 ] ] ] } },
{ "type": "Feature", "properties": { "FNODE_": 336, "TNODE_": 336, "LPOLY_": 2, "RPOLY_": 346, "LENGTH": 375.035, "M0080_": 336, "M0080_ID": 0 }, "geometry": { "type": "MultiLineString", "coordinates": [ [ [ -60.701668642846052, -27.570528551972771 ], [ -60.701653379992877, -27.569720993670835 ], [ -60.700661133443042, -27.569739537883617 ], [ -60.70065093095635, -27.570524665191311 ], [ -60.701668642846052, -27.570528551972771 ] ] ] } },
{ "type": "Feature", "properties": { "FNODE_": 337, "TNODE_": 337, "LPOLY_": 2, "RPOLY_": 345, "LENGTH": 382.549, "M0080_": 337, "M0080_ID": 0 }, "geometry": { "type": "MultiLineString", "coordinates": [ [ [ -60.702893907093689, -27.570526869273845 ], [ -60.702868365700603, -27.569696803590787 ], [ -60.701855896802257, -27.569719970584654 ], [ -60.701871161137255, -27.570527528836831 ], [ -60.702893907093689, -27.570526869273845 ] ] ] } },
{ "type": "Feature", "properties": { "FNODE_": 338, "TNODE_": 338, "LPOLY_": 2, "RPOLY_": 347, "LENGTH": 376.618, "M0080_": 338, "M0080_ID": 0 }, "geometry": { "type": "MultiLineString", "coordinates": [ [ [ -60.699461421649758, -27.570575779300512 ], [ -60.700448441266474, -27.57053019833377 ], [ -60.700458616545866, -27.569740559228705 ], [ -60.699451094823907, -27.569745636033048 ], [ -60.699461421649758, -27.570575779300512 ] ] ] } },
{ "type": "Feature", "properties": { "FNODE_": 339, "TNODE_": 339, "LPOLY_": 2, "RPOLY_": 315, "LENGTH": 759.339, "M0080_": 339, "M0080_ID": 0 }, "geometry": { "type": "MultiLineString", "coordinates": [ [ [ -60.697436350431332, -27.570604009414666 ], [ -60.69925893176589, -27.570581310711678 ], [ -60.699248206075794, -27.569688002380254 ], [ -60.699248091679941, -27.569669955231213 ], [ -60.699248005883128, -27.569656419869407 ], [ -60.699247920086371, -27.569642884507569 ], [ -60.699247805690788, -27.569624837358418 ], [ -60.69922174874845, -27.568709046413922 ], [ -60.697410208284126, -27.568871558704139 ], [ -60.697436350431332, -27.570604009414666 ] ] ] } },
{ "type": "Feature", "properties": { "FNODE_": 340, "TNODE_": 340, "LPOLY_": 2, "RPOLY_": 317, "LENGTH": 856.776, "M0080_": 340, "M0080_ID": 0 }, "geometry": { "type": "MultiLineString", "coordinates": [ [ [ -60.695705100407558, -27.570657810342425 ], [ -60.696312628255718, -27.570650254328548 ], [ -60.696915035981583, -27.570633697482812 ], [ -60.69723386032522, -27.57060953787644 ], [ -60.697207749868603, -27.568881598860063 ], [ -60.695466173351527, -27.568899352818146 ], [ -60.695468761906106, -27.570113049947885 ], [ -60.696039992140172, -27.569970318907988 ], [ -60.696055180953792, -27.569970242799883 ], [ -60.696070398236714, -27.569974678480254 ], [ -60.696085615520836, -27.569979114158922 ], [ -60.696095798338114, -27.569988086997231 ], [ -60.696100946688631, -27.570001596996239 ], [ -60.696106095040456, -27.570015106995026 ], [ -60.696101117512598, -27.570028667736675 ], [ -60.696096139983538, -27.570042228478133 ], [ -60.696086071041442, -27.570051302800309 ], [ -60.696070910686238, -27.570055890702058 ], [ -60.6954693308058, -27.570203285759586 ], [ -60.695472118452656, -27.570645441219877 ], [ -60.695705100407558, -27.570657810342425 ] ] ] } },
{ "type": "Feature", "properties": { "FNODE_": 341, "TNODE_": 341, "LPOLY_": 2, "RPOLY_": 318, "LENGTH": 747.623, "M0080_": 341, "M0080_ID": 0 }, "geometry": { "type": "MultiLineString", "coordinates": [ [ [ -60.693452220007821, -27.570691635107234 ], [ -60.694459609636766, -27.570664042696293 ], [ -60.695269571230632, -27.570641943240386 ], [ -60.695266670649048, -27.570181740597782 ], [ -60.695263657772038, -27.568900366561532 ], [ -60.693421020750478, -27.568950184201007 ], [ -60.693452220007821, -27.570691635107234 ] ] ] } },
{ "type": "Feature", "properties": { "FNODE_": 342, "TNODE_": 342, "LPOLY_": 2, "RPOLY_": 310, "LENGTH": 719.075, "M0080_": 342, "M0080_ID": 0 }, "geometry": { "type": "MultiLineString", "coordinates": [ [ [ -60.69225229503791, -27.570697620191524 ], [ -60.693249701051542, -27.570692645975008 ], [ -60.693218136420931, -27.568892541648616 ], [ -60.693218023015376, -27.568874494474322 ], [ -60.693217937961279, -27.568860959093591 ], [ -60.693217852907225, -27.568847423712818 ], [ -60.693217739501939, -27.56882937653841 ], [ -60.693211826083271, -27.56869404799393 ], [ -60.692194328142882, -27.568721681493923 ], [ -60.692232660980864, -27.569989344296367 ], [ -60.692607318733899, -27.569987476745638 ], [ -60.692622535889335, -27.569991912806234 ], [ -60.692637753045936, -27.569996348865136 ], [ -60.692647935590244, -27.570005321961315 ], [ -60.692653083522302, -27.570018832095858 ], [ -60.692658231455646, -27.570032342230174 ], [ -60.692653253500318, -27.570045902856048 ], [ -60.692648275543796, -27.570059463481748 ], [ -60.692638206310725, -27.570068537559202 ], [ -60.692623045801014, -27.570073125087312 ], [ -60.692607885290023, -27.570077712613795 ], [ -60.692233227230574, -27.570079580171676 ], [ -60.69225229503791, -27.570697620191524 ] ] ] } },
{ "type": "Feature", "properties": { "FNODE_": 343, "TNODE_": 343, "LPOLY_": 2, "RPOLY_": 316, "LENGTH": 553.219, "M0080_": 343, "M0080_ID": 0 }, "geometry": { "type": "MultiLineString", "coordinates": [ [ [ -60.691219476203919, -27.57070727540437 ], [ -60.69204977601914, -27.570698629310147 ], [ -60.692030426303234, -27.570035471302322 ], [ -60.691997441660298, -27.56881290113736 ], [ -60.691730211859074, -27.568990197584114 ], [ -60.691704982240232, -27.569003859022615 ], [ -60.691341216974031, -27.569127492156678 ], [ -60.691326056535537, -27.569132079542467 ], [ -60.691179401912784, -27.569159880937939 ], [ -60.691219476203919, -27.57070727540437 ] ] ] } },
{ "type": "Feature", "properties": { "FNODE_": 344, "TNODE_": 344, "LPOLY_": 2, "RPOLY_": 272, "LENGTH": 983.863, "M0080_": 344, "M0080_ID": 0 }, "geometry": { "type": "MultiLineString", "coordinates": [ [ [ -60.689113418179048, -27.570740299133362 ], [ -60.690181594033334, -27.570716948096958 ], [ -60.691016957123161, -27.570708283017606 ], [ -60.69097643351077, -27.569088699711958 ], [ -60.690976348730935, -27.569075164325216 ], [ -60.690981298592625, -27.569057091958964 ], [ -60.690991339613859, -27.569043506203919 ], [ -60.691001380632635, -27.569029920448159 ], [ -60.691011449910256, -27.569020846487295 ], [ -60.691026582085513, -27.569011747340227 ], [ -60.691034531703934, -27.568664288700965 ], [ -60.690880752089683, -27.568362753850103 ], [ -60.690615759962057, -27.568088843360222 ], [ -60.690209432896062, -27.567883313692597 ], [ -60.689580878210364, -27.567764612936177 ], [ -60.689079543939329, -27.567749052891021 ], [ -60.689113418179048, -27.570740299133362 ] ] ] } },
{ "type": "Feature", "properties": { "FNODE_": 345, "TNODE_": 345, "LPOLY_": 2, "RPOLY_": 273, "LENGTH": 1222.075, "M0080_": 345, "M0080_ID": 0 }, "geometry": { "type": "MultiLineString", "coordinates": [ [ [ -60.687341711908772, -27.570803220458679 ], [ -60.688349048798067, -27.570766648725524 ], [ -60.688344882001367, -27.570098902738668 ], [ -60.68834986049216, -27.57008534225756 ], [ -60.688354838981788, -27.570071781776267 ], [ -60.688364908574663, -27.570062708002876 ], [ -60.688380069270764, -27.570058120936306 ], [ -60.688395229965558, -27.570053533868084 ], [ -60.688410446971403, -27.57005797039303 ], [ -60.688425663978443, -27.570062406916279 ], [ -60.688435846193443, -27.570071380327327 ], [ -60.688440993616474, -27.570084890627246 ], [ -60.688446141040785, -27.57009840092692 ], [ -60.688450308450328, -27.570766146899587 ], [ -60.688910927125121, -27.570745815473796 ], [ -60.688902485283563, -27.567772490744503 ], [ -60.687307745101513, -27.567789413934651 ], [ -60.687330913976105, -27.56988283867274 ], [ -60.687771361879996, -27.569876146686529 ], [ -60.687786578837688, -27.569880583280835 ], [ -60.687801795796574, -27.56988501987345 ], [ -60.687811977945159, -27.569893993331682 ], [ -60.687817125283537, -27.569907503656605 ], [ -60.687822272623194, -27.569921013981293 ], [ -60.687817294074044, -27.569934574444876 ], [ -60.687812315523722, -27.569948134908252 ], [ -60.687802245894687, -27.569957208642386 ], [ -60.687787085186905, -27.569961795646144 ], [ -60.687771924477801, -27.569966382648268 ], [ -60.687331476213799, -27.569973074642753 ], [ -60.687340924737235, -27.570676890115699 ], [ -60.687341711908772, -27.570803220458679 ] ] ] } },
{ "type": "Feature", "properties": { "FNODE_": 346, "TNODE_": 346, "LPOLY_": 2, "RPOLY_": 350, "LENGTH": 292.565, "M0080_": 346, "M0080_ID": 0 }, "geometry": { "type": "MultiLineString", "coordinates": [ [ [ -60.74213434341042, -27.570728835306102 ], [ -60.743151838482497, -27.570700835870941 ], [ -60.743154135391407, -27.570290240168784 ], [ -60.742131581202862, -27.570318266597091 ], [ -60.74213434341042, -27.570728835306102 ] ] ] } },
{ "type": "Feature", "properties": { "FNODE_": 347, "TNODE_": 347, "LPOLY_": 2, "RPOLY_": 351, "LENGTH": 295.508, "M0080_": 347, "M0080_ID": 0 }, "geometry": { "type": "MultiLineString", "coordinates": [ [ [ -60.740909207146387, -27.57074891117124 ], [ -60.74193185689623, -27.570734428891424 ], [ -60.741929065096308, -27.570319348419467 ], [ -60.74090129568139, -27.570324834117525 ], [ -60.740909207146387, -27.57074891117124 ] ] ] } },
{ "type": "Feature", "properties": { "FNODE_": 348, "TNODE_": 348, "LPOLY_": 2, "RPOLY_": 352, "LENGTH": 290.505, "M0080_": 348, "M0080_ID": 0 }, "geometry": { "type": "MultiLineString", "coordinates": [ [ [ -60.740706690193079, -27.570749991227082 ], [ -60.740698779506246, -27.57032591414659 ], [ -60.739701417433452, -27.570335740729337 ], [ -60.739704200853375, -27.570750821409852 ], [ -60.740706690193079, -27.570749991227082 ] ] ] } },
{ "type": "Feature", "properties": { "FNODE_": 349, "TNODE_": 349, "LPOLY_": 2, "RPOLY_": 353, "LENGTH": 294.036, "M0080_": 349, "M0080_ID": 0 }, "geometry": { "type": "MultiLineString", "coordinates": [ [ [ -60.73847903316809, -27.570766364105513 ], [ -60.739501683841318, -27.570751899709023 ], [ -60.739498901183275, -27.570336819009562 ], [ -60.738466188947264, -27.570360360638524 ], [ -60.73847903316809, -27.570766364105513 ] ] ] } },
{ "type": "Feature", "properties": { "FNODE_": 350, "TNODE_": 350, "LPOLY_": 2, "RPOLY_": 356, "LENGTH": 332.02, "M0080_": 350, "M0080_ID": 0 }, "geometry": { "type": "MultiLineString", "coordinates": [ [ [ -60.733002320875919, -27.571002920433035 ], [ -60.734014849566201, -27.570988549812352 ], [ -60.734021102553228, -27.570406480269718 ], [ -60.732988267576054, -27.570411934192187 ], [ -60.733002320875919, -27.571002920433035 ] ] ] } },
{ "type": "Feature", "properties": { "FNODE_": 351, "TNODE_": 351, "LPOLY_": 2, "RPOLY_": 380, "LENGTH": 308.601, "M0080_": 351, "M0080_ID": 0 }, "geometry": { "type": "MultiLineString", "coordinates": [ [ [ -60.700640470534402, -27.571269186349056 ], [ -60.701703555310594, -27.571241260409735 ], [ -60.701675427767348, -27.570799233454409 ], [ -60.700642524468577, -27.570795423382741 ], [ -60.700640470534402, -27.571269186349056 ] ] ] } },
{ "type": "Feature", "properties": { "FNODE_": 352, "TNODE_": 352, "LPOLY_": 2, "RPOLY_": 381, "LENGTH": 294.67, "M0080_": 352, "M0080_ID": 0 }, "geometry": { "type": "MultiLineString", "coordinates": [ [ [ -60.699486308340688, -27.57130658668817 ], [ -60.700438008127314, -27.571279231286173 ], [ -60.700445097252512, -27.570800930991716 ], [ -60.699468201162652, -27.570846460988786 ], [ -60.699486308340688, -27.57130658668817 ] ] ] } },
{ "type": "Feature", "properties": { "FNODE_": 353, "TNODE_": 353, "LPOLY_": 2, "RPOLY_": 392, "LENGTH": 287.535, "M0080_": 353, "M0080_ID": 0 }, "geometry": { "type": "MultiLineString", "coordinates": [ [ [ -60.742138107391767, -27.571288291529431 ], [ -60.743160792151905, -27.571278311849756 ], [ -60.743153054321304, -27.570881305584376 ], [ -60.742135557586089, -27.570909305060539 ], [ -60.742138107391767, -27.571288291529431 ] ] ] } },
{ "type": "Feature", "properties": { "FNODE_": 354, "TNODE_": 354, "LPOLY_": 2, "RPOLY_": 393, "LENGTH": 284.005, "M0080_": 354, "M0080_ID": 0 }, "geometry": { "type": "MultiLineString", "coordinates": [ [ [ -60.74091287400249, -27.571294832314035 ], [ -60.741935589504685, -27.571289373396262 ], [ -60.741933070740913, -27.57091489865401 ], [ -60.740910419318809, -27.570929380975301 ], [ -60.74091287400249, -27.571294832314035 ] ] ] } },
{ "type": "Feature", "properties": { "FNODE_": 355, "TNODE_": 355, "LPOLY_": 2, "RPOLY_": 394, "LENGTH": 280.015, "M0080_": 355, "M0080_ID": 0 }, "geometry": { "type": "MultiLineString", "coordinates": [ [ [ -60.740710356047124, -27.571295912394842 ], [ -60.740707902034245, -27.570930461039399 ], [ -60.739705411054537, -27.570931291263115 ], [ -60.73969773584593, -27.57129679662469 ], [ -60.740710356047124, -27.571295912394842 ] ] ] } },
{ "type": "Feature", "properties": { "FNODE_": 356, "TNODE_": 356, "LPOLY_": 2, "RPOLY_": 395, "LENGTH": 284.051, "M0080_": 356, "M0080_ID": 0 }, "geometry": { "type": "MultiLineString", "coordinates": [ [ [ -60.738477715664352, -27.571325847706007 ], [ -60.739495217831241, -27.571297874934025 ], [ -60.739502893711226, -27.570932369570532 ], [ -60.738480241365714, -27.570946834008357 ], [ -60.738477715664352, -27.571325847706007 ] ] ] } },
{ "type": "Feature", "properties": { "FNODE_": 357, "TNODE_": 357, "LPOLY_": 2, "RPOLY_": 355, "LENGTH": 422.078, "M0080_": 357, "M0080_ID": 0 }, "geometry": { "type": "MultiLineString", "coordinates": [ [ [ -60.734229895665898, -27.571348366115778 ], [ -60.735298059522599, -27.571324668186215 ], [ -60.735312025566799, -27.570381605064842 ], [ -60.734223619181357, -27.570405409972789 ], [ -60.73421766757135, -27.571032597021841 ], [ -60.734229895665898, -27.571348366115778 ] ] ] } },
{ "type": "Feature", "properties": { "FNODE_": 358, "TNODE_": 358, "LPOLY_": 2, "RPOLY_": 396, "LENGTH": 258.514, "M0080_": 358, "M0080_ID": 0 }, "geometry": { "type": "MultiLineString", "coordinates": [ [ [ -60.734022314347818, -27.571349463210147 ], [ -60.734015450017623, -27.571078784852201 ], [ -60.73300292049948, -27.571093155493202 ], [ -60.733004599460294, -27.571345813655384 ], [ -60.734022314347818, -27.571349463210147 ] ] ] } },
{ "type": "Feature", "properties": { "FNODE_": 359, "TNODE_": 359, "LPOLY_": 2, "RPOLY_": 357, "LENGTH": 406.032, "M0080_": 359, "M0080_ID": 0 }, "geometry": { "type": "MultiLineString", "coordinates": [ [ [ -60.731794671523801, -27.571370240889291 ], [ -60.732802081050352, -27.571346882208609 ], [ -60.732800102823994, -27.571049106503004 ], [ -60.732785750879813, -27.570413002688387 ], [ -60.731788415849586, -27.570427284234377 ], [ -60.731794671523801, -27.571370240889291 ] ] ] } },
{ "type": "Feature", "properties": { "FNODE_": 360, "TNODE_": 360, "LPOLY_": 2, "RPOLY_": 360, "LENGTH": 658.559, "M0080_": 360, "M0080_ID": 0 }, "geometry": { "type": "MultiLineString", "coordinates": [ [ [ -60.730463261507353, -27.571399808400614 ], [ -60.730483513369172, -27.57139970189936 ], [ -60.730498702265464, -27.571399622021485 ], [ -60.730513891161685, -27.571399542141943 ], [ -60.73053414302322, -27.57139943563331 ], [ -60.73159215301412, -27.571371307679438 ], [ -60.73158589907073, -27.570428350981924 ], [ -60.73045180490346, -27.570434319312838 ], [ -60.729307733688543, -27.570462890336167 ], [ -60.729313938336524, -27.571401335752491 ], [ -60.730463261507353, -27.571399808400614 ] ] ] } },
{ "type": "Feature", "properties": { "FNODE_": 361, "TNODE_": 361, "LPOLY_": 2, "RPOLY_": 363, "LENGTH": 418.007, "M0080_": 361, "M0080_ID": 0 }, "geometry": { "type": "MultiLineString", "coordinates": [ [ [ -60.727946966812667, -27.571413018209832 ], [ -60.729010160313827, -27.571402930403668 ], [ -60.72900398806658, -27.570468996681388 ], [ -60.727930677711839, -27.570479137331667 ], [ -60.727946966812667, -27.571413018209832 ] ] ] } },
{ "type": "Feature", "properties": { "FNODE_": 362, "TNODE_": 362, "LPOLY_": 2, "RPOLY_": 364, "LENGTH": 405.015, "M0080_": 362, "M0080_ID": 0 }, "geometry": { "type": "MultiLineString", "coordinates": [ [ [ -60.72673691704415, -27.571419354385135 ], [ -60.727744448050515, -27.571414079391936 ], [ -60.727728160663389, -27.570480198457037 ], [ -60.726720697629922, -27.570494496687576 ], [ -60.72673691704415, -27.571419354385135 ] ] ] } },
{ "type": "Feature", "properties": { "FNODE_": 363, "TNODE_": 363, "LPOLY_": 2, "RPOLY_": 367, "LENGTH": 423.543, "M0080_": 363, "M0080_ID": 0 }, "geometry": { "type": "MultiLineString", "coordinates": [ [ [ -60.724109352860232, -27.571451124448274 ], [ -60.724092977762822, -27.570499195450306 ], [ -60.722999502725152, -27.570522938865725 ], [ -60.723010568835441, -27.571438800421728 ], [ -60.724109352860232, -27.571451124448274 ] ] ] } },
{ "type": "Feature", "properties": { "FNODE_": 364, "TNODE_": 364, "LPOLY_": 2, "RPOLY_": 359, "LENGTH": 423.674, "M0080_": 364, "M0080_ID": 0 }, "geometry": { "type": "MultiLineString", "coordinates": [ [ [ -60.721623431315649, -27.571464061369014 ], [ -60.722706790284334, -27.571440381290365 ], [ -60.722695697136402, -27.570520007898267 ], [ -60.721632156210859, -27.570475906040858 ], [ -60.721623431315649, -27.571464061369014 ] ] ] } },
{ "type": "Feature", "properties": { "FNODE_": 365, "TNODE_": 365, "LPOLY_": 2, "RPOLY_": 358, "LENGTH": 459.588, "M0080_": 365, "M0080_ID": 0 }, "geometry": { "type": "MultiLineString", "coordinates": [ [ [ -60.720231112008115, -27.571471287665002 ], [ -60.721420912175887, -27.571465113333815 ], [ -60.721429609378468, -27.570472446218787 ], [ -60.720184186550092, -27.570487932708541 ], [ -60.720231112008115, -27.571471287665002 ] ] ] } },
{ "type": "Feature", "properties": { "FNODE_": 366, "TNODE_": 366, "LPOLY_": 2, "RPOLY_": 361, "LENGTH": 412.113, "M0080_": 366, "M0080_ID": 0 }, "geometry": { "type": "MultiLineString", "coordinates": [ [ [ -60.719026122516333, -27.571477530431896 ], [ -60.720028592792914, -27.571472337600188 ], [ -60.7199816691381, -27.570488982540954 ], [ -60.718999577165576, -27.570512117109867 ], [ -60.719026122516333, -27.571477530431896 ] ] ] } },
{ "type": "Feature", "properties": { "FNODE_": 367, "TNODE_": 367, "LPOLY_": 2, "RPOLY_": 365, "LENGTH": 408.541, "M0080_": 367, "M0080_ID": 0 }, "geometry": { "type": "MultiLineString", "coordinates": [ [ [ -60.725521981962707, -27.571452777027734 ], [ -60.726534427932947, -27.571424925562603 ], [ -60.726518180498779, -27.570495556049515 ], [ -60.725515661188261, -27.570491772022034 ], [ -60.725521981962707, -27.571452777027734 ] ] ] } },
{ "type": "Feature", "properties": { "FNODE_": 368, "TNODE_": 368, "LPOLY_": 2, "RPOLY_": 366, "LENGTH": 412.01, "M0080_": 368, "M0080_ID": 0 }, "geometry": { "type": "MultiLineString", "coordinates": [ [ [ -60.725319463018401, -27.57145383467585 ], [ -60.725313144007913, -27.570492829627106 ], [ -60.724295495009635, -27.570498139623847 ], [ -60.724311871853907, -27.571450068564495 ], [ -60.725319463018401, -27.57145383467585 ] ] ] } },
{ "type": "Feature", "properties": { "FNODE_": 369, "TNODE_": 369, "LPOLY_": 2, "RPOLY_": 362, "LENGTH": 416.099, "M0080_": 369, "M0080_ID": 0 }, "geometry": { "type": "MultiLineString", "coordinates": [ [ [ -60.717811182832492, -27.571510885683036 ], [ -60.718823632637765, -27.57148309037747 ], [ -60.718797059656382, -27.570513165216131 ], [ -60.717779526438719, -27.570536474555698 ], [ -60.717811182832492, -27.571510885683036 ] ] ] } },
{ "type": "Feature", "properties": { "FNODE_": 370, "TNODE_": 370, "LPOLY_": 2, "RPOLY_": 368, "LENGTH": 427.061, "M0080_": 370, "M0080_ID": 0 }, "geometry": { "type": "MultiLineString", "coordinates": [ [ [ -60.716550704579127, -27.571548977159129 ], [ -60.717608722141122, -27.57152095562779 ], [ -60.717577008830503, -27.570537520884137 ], [ -60.716539135224316, -27.570547390453889 ], [ -60.716550704579127, -27.571548977159129 ] ] ] } },
{ "type": "Feature", "properties": { "FNODE_": 371, "TNODE_": 371, "LPOLY_": 2, "RPOLY_": 369, "LENGTH": 415.058, "M0080_": 371, "M0080_ID": 0 }, "geometry": { "type": "MultiLineString", "coordinates": [ [ [ -60.715386304965016, -27.571568514728533 ], [ -60.71634818505752, -27.571550021731319 ], [ -60.716336617540968, -27.570548434974413 ], [ -60.715349402195699, -27.5705625463264 ], [ -60.715386304965016, -27.571568514728533 ] ] ] } },
{ "type": "Feature", "properties": { "FNODE_": 372, "TNODE_": 372, "LPOLY_": 2, "RPOLY_": 370, "LENGTH": 430.134, "M0080_": 372, "M0080_ID": 0 }, "geometry": { "type": "MultiLineString", "coordinates": [ [ [ -60.714105514298936, -27.571597664800777 ], [ -60.715183785355904, -27.571569557603816 ], [ -60.715146913682069, -27.570568100884145 ], [ -60.714109214383804, -27.570605022938196 ], [ -60.714105514298936, -27.571597664800777 ] ] ] } },
{ "type": "Feature", "properties": { "FNODE_": 373, "TNODE_": 373, "LPOLY_": 2, "RPOLY_": 371, "LENGTH": 420.034, "M0080_": 373, "M0080_ID": 0 }, "geometry": { "type": "MultiLineString", "coordinates": [ [ [ -60.712890512457207, -27.571621953517415 ], [ -60.713902994579612, -27.571598705809794 ], [ -60.71390672568662, -27.570610575690583 ], [ -60.712894194314686, -27.570624799710277 ], [ -60.712890512457207, -27.571621953517415 ] ] ] } },
{ "type": "Feature", "properties": { "FNODE_": 374, "TNODE_": 374, "LPOLY_": 2, "RPOLY_": 372, "LENGTH": 415.028, "M0080_": 374, "M0080_ID": 0 }, "geometry": { "type": "MultiLineString", "coordinates": [ [ [ -60.711716013809237, -27.571646024086579 ], [ -60.712687992639594, -27.571622992755909 ], [ -60.712691676327871, -27.570625838919632 ], [ -60.711714555999109, -27.570635360730847 ], [ -60.711716013809237, -27.571646024086579 ] ] ] } },
{ "type": "Feature", "properties": { "FNODE_": 375, "TNODE_": 375, "LPOLY_": 2, "RPOLY_": 375, "LENGTH": 421.016, "M0080_": 375, "M0080_ID": 0 }, "geometry": { "type": "MultiLineString", "coordinates": [ [ [ -60.708045367657597, -27.571669295223952 ], [ -60.709073157088945, -27.571664052378249 ], [ -60.709061684584704, -27.570666975561174 ], [ -60.708054214189474, -27.570681138475397 ], [ -60.708045367657597, -27.571669295223952 ] ] ] } },
{ "type": "Feature", "properties": { "FNODE_": 376, "TNODE_": 376, "LPOLY_": 2, "RPOLY_": 373, "LENGTH": 410.525, "M0080_": 376, "M0080_ID": 0 }, "geometry": { "type": "MultiLineString", "coordinates": [ [ [ -60.710470603350132, -27.571665935527612 ], [ -60.711412233934745, -27.571647580266369 ], [ -60.711410778907691, -27.570636916855122 ], [ -60.710464093993068, -27.570655297841846 ], [ -60.710470603350132, -27.571665935527612 ] ] ] } },
{ "type": "Feature", "properties": { "FNODE_": 377, "TNODE_": 377, "LPOLY_": 2, "RPOLY_": 374, "LENGTH": 419.008, "M0080_": 377, "M0080_ID": 0 }, "geometry": { "type": "MultiLineString", "coordinates": [ [ [ -60.710268083345092, -27.571666971239608 ], [ -60.710261575843155, -27.570656333509511 ], [ -60.709264202806914, -27.570665941642432 ], [ -60.709275677141157, -27.571663018408465 ], [ -60.710268083345092, -27.571666971239608 ] ] ] } },
{ "type": "Feature", "properties": { "FNODE_": 378, "TNODE_": 378, "LPOLY_": 2, "RPOLY_": 376, "LENGTH": 415.562, "M0080_": 378, "M0080_ID": 0 }, "geometry": { "type": "MultiLineString", "coordinates": [ [ [ -60.706875958396019, -27.571697810864418 ], [ -60.707842847539851, -27.571670327400252 ], [ -60.707851695886248, -27.570682170630661 ], [ -60.706849259037732, -27.570691787231087 ], [ -60.706875958396019, -27.571697810864418 ] ] ] } },
{ "type": "Feature", "properties": { "FNODE_": 379, "TNODE_": 379, "LPOLY_": 2, "RPOLY_": 377, "LENGTH": 411.649, "M0080_": 379, "M0080_ID": 0 }, "geometry": { "type": "MultiLineString", "coordinates": [ [ [ -60.705696393416261, -27.571721856336087 ], [ -60.706673438174661, -27.571698841336804 ], [ -60.706646769564948, -27.570697329409473 ], [ -60.705680003903325, -27.570742851518244 ], [ -60.705696393416261, -27.571721856336087 ] ] ] } },
{ "type": "Feature", "properties": { "FNODE_": 380, "TNODE_": 380, "LPOLY_": 2, "RPOLY_": 378, "LENGTH": 464.03, "M0080_": 380, "M0080_ID": 0 }, "geometry": { "type": "MultiLineString", "coordinates": [ [ [ -60.704147256726706, -27.571752277696813 ], [ -60.705392641789359, -27.571727911135593 ], [ -60.705376254969487, -27.570748906232282 ], [ -60.704130823348613, -27.570764248879691 ], [ -60.704147256726706, -27.571752277696813 ] ] ] } },
{ "type": "Feature", "properties": { "FNODE_": 381, "TNODE_": 381, "LPOLY_": 2, "RPOLY_": 379, "LENGTH": 377.048, "M0080_": 381, "M0080_ID": 0 }, "geometry": { "type": "MultiLineString", "coordinates": [ [ [ -60.703134654416658, -27.571757407224641 ], [ -60.703944736286118, -27.571753304192828 ], [ -60.703928333512927, -27.570769787100023 ], [ -60.703108247961595, -27.570791988288256 ], [ -60.703134654416658, -27.571757407224641 ] ] ] } },
{ "type": "Feature", "properties": { "FNODE_": 382, "TNODE_": 382, "LPOLY_": 2, "RPOLY_": 382, "LENGTH": 414.255, "M0080_": 382, "M0080_ID": 0 }, "geometry": { "type": "MultiLineString", "coordinates": [ [ [ -60.701950024222292, -27.571781446536022 ], [ -60.702932133922531, -27.571758432244522 ], [ -60.702905757988624, -27.570797525019707 ], [ -60.701877946555193, -27.570798210299376 ], [ -60.701911424996624, -27.571285329451122 ], [ -60.701911511126184, -27.571298864802039 ], [ -60.701911712095395, -27.57133044728738 ], [ -60.701911798225161, -27.571343982638204 ], [ -60.701911913064926, -27.571362029772587 ], [ -60.701950024222292, -27.571781446536022 ] ] ] } },
{ "type": "Feature", "properties": { "FNODE_": 383, "TNODE_": 383, "LPOLY_": 2, "RPOLY_": 385, "LENGTH": 294.036, "M0080_": 383, "M0080_ID": 0 }, "geometry": { "type": "MultiLineString", "coordinates": [ [ [ -60.696436853145713, -27.571881388929597 ], [ -60.696846958162681, -27.571879332125501 ], [ -60.696820578159119, -27.570909399201099 ], [ -60.69642065967674, -27.570920428672128 ], [ -60.696436853145713, -27.571881388929597 ] ] ] } },
{ "type": "Feature", "properties": { "FNODE_": 384, "TNODE_": 384, "LPOLY_": 2, "RPOLY_": 386, "LENGTH": 294.539, "M0080_": 384, "M0080_ID": 0 }, "geometry": { "type": "MultiLineString", "coordinates": [ [ [ -60.695834438489733, -27.571897943825682 ], [ -60.69623436061201, -27.571886915977501 ], [ -60.696218140428201, -27.570921443875246 ], [ -60.695808067377229, -27.570928010547121 ], [ -60.695834438489733, -27.571897943825682 ] ] ] } },
{ "type": "Feature", "properties": { "FNODE_": 385, "TNODE_": 385, "LPOLY_": 2, "RPOLY_": 397, "LENGTH": 306.579, "M0080_": 385, "M0080_ID": 0 }, "geometry": { "type": "MultiLineString", "coordinates": [ [ [ -60.700664734783544, -27.571900734047794 ], [ -60.70141898145831, -27.571874367727379 ], [ -60.701752710167199, -27.571805003168215 ], [ -60.701714829364157, -27.571421680608271 ], [ -60.700646679854209, -27.571449632203805 ], [ -60.700664734783544, -27.571900734047794 ] ] ] } },
{ "type": "Feature", "properties": { "FNODE_": 386, "TNODE_": 386, "LPOLY_": 2, "RPOLY_": 384, "LENGTH": 423.728, "M0080_": 386, "M0080_ID": 0 }, "geometry": { "type": "MultiLineString", "coordinates": [ [ [ -60.694609441571558, -27.571944682435969 ], [ -60.695140889087369, -27.571914952225484 ], [ -60.695631945875036, -27.571903469996453 ], [ -60.69560551963685, -27.570924513067446 ], [ -60.695367474143367, -27.570912169134001 ], [ -60.694572699550434, -27.570934193247751 ], [ -60.694609441571558, -27.571944682435969 ] ] ] } },
{ "type": "Feature", "properties": { "FNODE_": 387, "TNODE_": 387, "LPOLY_": 2, "RPOLY_": 398, "LENGTH": 288.055, "M0080_": 387, "M0080_ID": 0 }, "geometry": { "type": "MultiLineString", "coordinates": [ [ [ -60.699490228066495, -27.571924701338624 ], [ -60.700457179548259, -27.571906292788054 ], [ -60.700444217117045, -27.571459677155861 ], [ -60.699487452773269, -27.571487058124717 ], [ -60.699490228066495, -27.571924701338624 ] ] ] } },
{ "type": "Feature", "properties": { "FNODE_": 388, "TNODE_": 388, "LPOLY_": 2, "RPOLY_": 387, "LENGTH": 402.103, "M0080_": 388, "M0080_ID": 0 }, "geometry": { "type": "MultiLineString", "coordinates": [ [ [ -60.693495603168707, -27.571954759857768 ], [ -60.694401885737754, -27.571950232134636 ], [ -60.694370180197005, -27.570935205757209 ], [ -60.693458984794496, -27.570962317356479 ], [ -60.693495603168707, -27.571954759857768 ] ] ] } },
{ "type": "Feature", "properties": { "FNODE_": 389, "TNODE_": 389, "LPOLY_": 2, "RPOLY_": 388, "LENGTH": 541.157, "M0080_": 389, "M0080_ID": 0 }, "geometry": { "type": "MultiLineString", "coordinates": [ [ [ -60.692219860541627, -27.571983683024655 ], [ -60.692690581044594, -27.571958776731851 ], [ -60.69268752106305, -27.571471503170258 ], [ -60.692692499074418, -27.571457942544804 ], [ -60.692697477084607, -27.571444381919182 ], [ -60.692707546435685, -27.571435307836996 ], [ -60.692722707127572, -27.571430720297169 ], [ -60.692737867818174, -27.571426132755697 ], [ -60.692753085178346, -27.571430568797339 ], [ -60.692768302539683, -27.571435004837291 ], [ -60.692778485229908, -27.571443977919419 ], [ -60.692783633249064, -27.571457488044821 ], [ -60.692788781269527, -27.571470998169968 ], [ -60.692791841698309, -27.571958271721158 ], [ -60.693293081895312, -27.571955770831281 ], [ -60.693256465341577, -27.570963328243213 ], [ -60.692253993894234, -27.570968327785138 ], [ -60.692219860541627, -27.571983683024655 ] ] ] } },
{ "type": "Feature", "properties": { "FNODE_": 390, "TNODE_": 390, "LPOLY_": 2, "RPOLY_": 389, "LENGTH": 418.052, "M0080_": 390, "M0080_ID": 0 }, "geometry": { "type": "MultiLineString", "coordinates": [ [ [ -60.690979473443406, -27.571998882804831 ], [ -60.692017367466406, -27.571989203931889 ], [ -60.692051474378559, -27.57096933691534 ], [ -60.691211046547785, -27.570978033445027 ], [ -60.69116805223733, -27.571388833440306 ], [ -60.691163130580939, -27.571411417602434 ], [ -60.691153089372349, -27.571425003368862 ], [ -60.690972205883924, -27.571646988074299 ], [ -60.690979473443406, -27.571998882804831 ] ] ] } },
{ "type": "Feature", "properties": { "FNODE_": 391, "TNODE_": 391, "LPOLY_": 2, "RPOLY_": 390, "LENGTH": 846.336, "M0080_": 391, "M0080_ID": 0 }, "geometry": { "type": "MultiLineString", "coordinates": [ [ [ -60.689668400678656, -27.572046006036512 ], [ -60.689688652838562, -27.572045905480614 ], [ -60.689708904998355, -27.572045804921743 ], [ -60.689739283237877, -27.572045654077908 ], [ -60.690265726414083, -27.572024991218644 ], [ -60.690776980236421, -27.572004401905346 ], [ -60.690769769831149, -27.571661530740862 ], [ -60.68971668949807, -27.571671275657998 ], [ -60.689701472218914, -27.571666839282212 ], [ -60.689686254940945, -27.571662402904746 ], [ -60.68967607247648, -27.571653429591954 ], [ -60.689670924825606, -27.571639919344943 ], [ -60.689665777176018, -27.571626409097682 ], [ -60.68967075556796, -27.571612848573896 ], [ -60.689675733958708, -27.571599288049921 ], [ -60.689685803577284, -27.571590214182187 ], [ -60.689700964423615, -27.571585626969608 ], [ -60.689716125268653, -27.571581039755376 ], [ -60.690784393791574, -27.571571219322344 ], [ -60.690970312287099, -27.571344697874959 ], [ -60.691008526969597, -27.570979041055057 ], [ -60.690238980708685, -27.570987379075817 ], [ -60.690240279391254, -27.571194921644882 ], [ -60.69023530108749, -27.571208482188272 ], [ -60.690230322782519, -27.57122204273147 ], [ -60.690220253242565, -27.571231116637726 ], [ -60.690205092467529, -27.571235703905938 ], [ -60.690189931691194, -27.571240291172508 ], [ -60.690174714454074, -27.571235854847568 ], [ -60.690159497218104, -27.571231418520924 ], [ -60.690149314756539, -27.571222445242253 ], [ -60.690144167069434, -27.571208935012649 ], [ -60.690139019383629, -27.57119542478279 ], [ -60.690137720891535, -27.570987882209298 ], [ -60.689084731377093, -27.571011157606986 ], [ -60.689079837492258, -27.571038253500127 ], [ -60.689136770664575, -27.571236496233514 ], [ -60.689141946418033, -27.571254518298566 ], [ -60.689158460281028, -27.571466497345714 ], [ -60.689202516398936, -27.572034782621614 ], [ -60.689668400678656, -27.572046006036512 ] ] ] } },
{ "type": "Feature", "properties": { "FNODE_": 392, "TNODE_": 392, "LPOLY_": 2, "RPOLY_": 391, "LENGTH": 682.98, "M0080_": 392, "M0080_ID": 0 }, "geometry": { "type": "MultiLineString", "coordinates": [ [ [ -60.687303960288517, -27.572057725646115 ], [ -60.688103864716609, -27.5720447414649 ], [ -60.688102175967359, -27.571774033676046 ], [ -60.688107154559077, -27.571760473204954 ], [ -60.688112133149602, -27.571746912733673 ], [ -60.688122202912616, -27.57173783897689 ], [ -60.688137363848057, -27.571733251933519 ], [ -60.688152524782211, -27.571728664888507 ], [ -60.688167742011558, -27.57173310143493 ], [ -60.688182959242077, -27.571737537979672 ], [ -60.688193141595519, -27.571746511403887 ], [ -60.688198289071913, -27.571760021708684 ], [ -60.688203436549614, -27.571773532013243 ], [ -60.688205125547313, -27.572044239796334 ], [ -60.688999994794784, -27.572035787338756 ], [ -60.688961312717154, -27.571517106622665 ], [ -60.688632216632797, -27.571518738538551 ], [ -60.688616999415714, -27.571514302042665 ], [ -60.688601782199811, -27.571509865545099 ], [ -60.688591599836116, -27.571500892150748 ], [ -60.688586452324692, -27.571487381860685 ], [ -60.688581304814569, -27.57147387157038 ], [ -60.688586283334281, -27.571460311082859 ], [ -60.688591261852807, -27.571446750595129 ], [ -60.688601331548774, -27.571437676804447 ], [ -60.688616492422106, -27.571433089709686 ], [ -60.688631653294145, -27.571428502613301 ], [ -60.688950623084665, -27.571426920927902 ], [ -60.688939538960859, -27.571273570085744 ], [ -60.688882549767094, -27.571066303673849 ], [ -60.688877345888862, -27.571043769801392 ], [ -60.688877261359529, -27.571030234412468 ], [ -60.688882239823847, -27.571016673914503 ], [ -60.688406431026564, -27.571037080541274 ], [ -60.687287705745391, -27.57107420390113 ], [ -60.687303960288517, -27.572057725646115 ] ] ] } },
{ "type": "Feature", "properties": { "FNODE_": 393, "TNODE_": 393, "LPOLY_": 2, "RPOLY_": 399, "LENGTH": 340.619, "M0080_": 393, "M0080_ID": 0 }, "geometry": { "type": "MultiLineString", "coordinates": [ [ [ -60.741807411844484, -27.571804415236038 ], [ -60.742313617830746, -27.571788175207136 ], [ -60.742333869709817, -27.571788066976822 ], [ -60.74234905861902, -27.571787985802157 ], [ -60.74236424752818, -27.571787904625829 ], [ -60.742384499406953, -27.571787796388136 ], [ -60.743154131511091, -27.571792704652836 ], [ -60.743162008035199, -27.571458781547825 ], [ -60.742073503182723, -27.571469112910965 ], [ -60.742053251361028, -27.571469221102163 ], [ -60.742038062494686, -27.571469302243614 ], [ -60.742022873628287, -27.571469383383427 ], [ -60.742002591456497, -27.571464979823674 ], [ -60.741987402590574, -27.571465060959579 ], [ -60.741815262105533, -27.571465980383856 ], [ -60.741807411844484, -27.571804415236038 ] ] ] } },
{ "type": "Feature", "properties": { "FNODE_": 394, "TNODE_": 394, "LPOLY_": 2, "RPOLY_": 400, "LENGTH": 233.541, "M0080_": 394, "M0080_ID": 0 }, "geometry": { "type": "MultiLineString", "coordinates": [ [ [ -60.740916450044196, -27.571827218180104 ], [ -60.741706152421003, -27.571804955974581 ], [ -60.741714002992886, -27.571466521122034 ], [ -60.740914086209024, -27.571475302103778 ], [ -60.740916450044196, -27.571827218180104 ] ] ] } },
{ "type": "Feature", "properties": { "FNODE_": 395, "TNODE_": 395, "LPOLY_": 2, "RPOLY_": 401, "LENGTH": 277.514, "M0080_": 395, "M0080_ID": 0 }, "geometry": { "type": "MultiLineString", "coordinates": [ [ [ -60.73971655546088, -27.571838125241541 ], [ -60.74071396140917, -27.571832810029928 ], [ -60.740711567922403, -27.571476382192817 ], [ -60.739704009023107, -27.571477239502304 ], [ -60.73971655546088, -27.571838125241541 ] ] ] } },
{ "type": "Feature", "properties": { "FNODE_": 396, "TNODE_": 396, "LPOLY_": 2, "RPOLY_": 402, "LENGTH": 281.576, "M0080_": 396, "M0080_ID": 0 }, "geometry": { "type": "MultiLineString", "coordinates": [ [ [ -60.738491436119503, -27.57186269177441 ], [ -60.73951403645323, -27.571839203597747 ], [ -60.739501490677426, -27.571478317827268 ], [ -60.738478923888543, -27.571506317594363 ], [ -60.738491436119503, -27.57186269177441 ] ] ] } },
{ "type": "Feature", "properties": { "FNODE_": 397, "TNODE_": 397, "LPOLY_": 2, "RPOLY_": 403, "LENGTH": 302.035, "M0080_": 397, "M0080_ID": 0 }, "geometry": { "type": "MultiLineString", "coordinates": [ [ [ -60.735302119767283, -27.571933754477115 ], [ -60.735299262544792, -27.571505138203953 ], [ -60.734231096941741, -27.571528836176235 ], [ -60.734243895791685, -27.571930328517713 ], [ -60.735302119767283, -27.571933754477115 ] ] ] } },
{ "type": "Feature", "properties": { "FNODE_": 398, "TNODE_": 398, "LPOLY_": 2, "RPOLY_": 349, "LENGTH": 1240.542, "M0080_": 398, "M0080_ID": 0 }, "geometry": { "type": "MultiLineString", "coordinates": [ [ [ -60.743360390210263, -27.572346565232081 ], [ -60.744408338510546, -27.572327417213508 ], [ -60.744404836885252, -27.571808567030793 ], [ -60.744409808507434, -27.571795004674591 ], [ -60.744414780128452, -27.571781442318205 ], [ -60.744424845163948, -27.571772364568492 ], [ -60.744440003613889, -27.571767771424355 ], [ -60.744455162062522, -27.571763178278584 ], [ -60.744470381412121, -27.57176760861288 ], [ -60.7444856007629, -27.571772038945483 ], [ -60.744495787600322, -27.571781008154041 ], [ -60.744500941924485, -27.571794516239624 ], [ -60.74450609624995, -27.571808024324966 ], [ -60.744509598351449, -27.572326874495747 ], [ -60.745527168109923, -27.572307880865928 ], [ -60.74550310681775, -27.57024606999012 ], [ -60.744480493166066, -27.570265090208188 ], [ -60.744478779745378, -27.570761408925165 ], [ -60.744473808175158, -27.570774971284756 ], [ -60.744468836603751, -27.570788533644162 ], [ -60.744458771659708, -27.5707976113965 ], [ -60.744443613342938, -27.570802204540676 ], [ -60.744428455024853, -27.570806797683204 ], [ -60.744413235810377, -27.570802367341056 ], [ -60.74439801659706, -27.570797936997206 ], [ -60.744387829860209, -27.57078896777827 ], [ -60.744382675599837, -27.57077545968535 ], [ -60.74437752134078, -27.570761951592182 ], [ -60.744379235217068, -27.570265632867493 ], [ -60.743356620984514, -27.570284644818521 ], [ -60.743354720082969, -27.57075389316423 ], [ -60.743354841699805, -27.570771940134808 ], [ -60.743354932912503, -27.570785475362729 ], [ -60.743355024125293, -27.570799010590608 ], [ -60.743355145742399, -27.570817057561076 ], [ -60.743363705230792, -27.571335880846821 ], [ -60.743935757430755, -27.571323794442193 ], [ -60.743950976699843, -27.571328224835291 ], [ -60.743966195970089, -27.571332655226694 ], [ -60.743976382724767, -27.571341624475544 ], [ -60.743981536963929, -27.571355132582912 ], [ -60.743986691204363, -27.571368640690043 ], [ -60.743981719547691, -27.571382203032574 ], [ -60.743976747889832, -27.571395765374927 ], [ -60.743966682850228, -27.571404843092708 ], [ -60.743951524428809, -27.571409436184833 ], [ -60.743936366006089, -27.571414029275324 ], [ -60.743364130905888, -27.571399045238248 ], [ -60.74335704553976, -27.571850273636805 ], [ -60.743357167162628, -27.57186832060453 ], [ -60.743357258379874, -27.571881855830302 ], [ -60.743357349597176, -27.571895391056032 ], [ -60.743357471220335, -27.57191343802365 ], [ -60.743360390210263, -27.572346565232081 ] ] ] } },
{ "type": "Feature", "properties": { "FNODE_": 399, "TNODE_": 399, "LPOLY_": 2, "RPOLY_": 445, "LENGTH": 222.019, "M0080_": 399, "M0080_ID": 0 }, "geometry": { "type": "MultiLineString", "coordinates": [ [ [ -60.742464240125706, -27.572351358309675 ], [ -60.743157870436512, -27.572347648919024 ], [ -60.74315534741006, -27.571973174337813 ], [ -60.742451532759404, -27.571967914309237 ], [ -60.742464240125706, -27.572351358309675 ] ] ] } },
{ "type": "Feature", "properties": { "FNODE_": 400, "TNODE_": 400, "LPOLY_": 2, "RPOLY_": 444, "LENGTH": 344.089, "M0080_": 400, "M0080_ID": 0 }, "geometry": { "type": "MultiLineString", "coordinates": [ [ [ -60.742261720301919, -27.572352440690256 ], [ -60.742248983278479, -27.571964484914492 ], [ -60.741763058726015, -27.571985128319248 ], [ -60.740917662284012, -27.57200768795586 ], [ -60.740924998261022, -27.57234604176562 ], [ -60.742261720301919, -27.572352440690256 ] ] ] } },
{ "type": "Feature", "properties": { "FNODE_": 401, "TNODE_": 401, "LPOLY_": 2, "RPOLY_": 447, "LENGTH": 274.541, "M0080_": 401, "M0080_ID": 0 }, "geometry": { "type": "MultiLineString", "coordinates": [ [ [ -60.73970999981227, -27.572370565136229 ], [ -60.739892267789578, -27.572369594354647 ], [ -60.740722478376291, -27.572347121901878 ], [ -60.74071517331798, -27.572013279813806 ], [ -60.739717765738156, -27.572018595066037 ], [ -60.73970999981227, -27.572370565136229 ] ] ] } },
{ "type": "Feature", "properties": { "FNODE_": 402, "TNODE_": 402, "LPOLY_": 2, "RPOLY_": 448, "LENGTH": 275.064, "M0080_": 402, "M0080_ID": 0 }, "geometry": { "type": "MultiLineString", "coordinates": [ [ [ -60.738515161943624, -27.57238143497327 ], [ -60.739507479826784, -27.572371643501992 ], [ -60.739515246399243, -27.572019673430489 ], [ -60.738497707379544, -27.572043134729995 ], [ -60.738515161943624, -27.57238143497327 ] ] ] } },
{ "type": "Feature", "properties": { "FNODE_": 403, "TNODE_": 403, "LPOLY_": 2, "RPOLY_": 442, "LENGTH": 396.656, "M0080_": 403, "M0080_ID": 0 }, "geometry": { "type": "MultiLineString", "coordinates": [ [ [ -60.68765204445868, -27.572665114197051 ], [ -60.689003799513578, -27.572644879710534 ], [ -60.689006185154938, -27.572216234043704 ], [ -60.688155621061036, -27.572224962491234 ], [ -60.687375967544348, -27.572237846774563 ], [ -60.68765204445868, -27.572665114197051 ] ] ] } },
{ "type": "Feature", "properties": { "FNODE_": 404, "TNODE_": 404, "LPOLY_": 2, "RPOLY_": 354, "LENGTH": 979.681, "M0080_": 404, "M0080_ID": 0 }, "geometry": { "type": "MultiLineString", "coordinates": [ [ [ -60.73561936473557, -27.572432896619851 ], [ -60.736743352123824, -27.572426939411184 ], [ -60.736763604145672, -27.572426831990686 ], [ -60.736778793161989, -27.572426751423386 ], [ -60.736793982178241, -27.572426670854412 ], [ -60.736814234199798, -27.572426563426539 ], [ -60.737320504542957, -27.572419365022451 ], [ -60.737771111912934, -27.572416972346897 ], [ -60.738312672083538, -27.572387023344156 ], [ -60.738289732370895, -27.571985585516309 ], [ -60.738289611576469, -27.571967538528153 ], [ -60.738289430385031, -27.571940468045835 ], [ -60.738289309590868, -27.571922421057565 ], [ -60.738276012866962, -27.57144874141845 ], [ -60.738275892077539, -27.571430694428848 ], [ -60.738275801485528, -27.571417159186616 ], [ -60.738275710893603, -27.571403623944363 ], [ -60.738275590104443, -27.571385576954647 ], [ -60.73827733137999, -27.570889257809608 ], [ -60.738277210593196, -27.570871210818556 ], [ -60.73827712000319, -27.57085767557524 ], [ -60.738277029413254, -27.5708441403319 ], [ -60.738276908626752, -27.570826093340731 ], [ -60.738263672595338, -27.570361437118848 ], [ -60.735615800348157, -27.57037999668713 ], [ -60.735602438660017, -27.571413294791878 ], [ -60.735606199711782, -27.571977263535786 ], [ -60.73561936473557, -27.572432896619851 ] ] ] } },
{ "type": "Feature", "properties": { "FNODE_": 405, "TNODE_": 405, "LPOLY_": 2, "RPOLY_": 446, "LENGTH": 305.586, "M0080_": 405, "M0080_ID": 0 }, "geometry": { "type": "MultiLineString", "coordinates": [ [ [ -60.734222034594339, -27.572449313700329 ], [ -60.735315584301127, -27.57243450511524 ], [ -60.735302721295874, -27.572023989478584 ], [ -60.734244496454522, -27.572020563540679 ], [ -60.734222034594339, -27.572449313700329 ] ] ] } },
{ "type": "Feature", "properties": { "FNODE_": 406, "TNODE_": 406, "LPOLY_": 2, "RPOLY_": 406, "LENGTH": 395.57, "M0080_": 406, "M0080_ID": 0 }, "geometry": { "type": "MultiLineString", "coordinates": [ [ [ -60.731609550754072, -27.572467610533455 ], [ -60.731593349975746, -27.571551777846011 ], [ -60.730601156912243, -27.571579559665793 ], [ -60.730601861569525, -27.572450354973768 ], [ -60.731609550754072, -27.572467610533455 ] ] ] } },
{ "type": "Feature", "properties": { "FNODE_": 407, "TNODE_": 407, "LPOLY_": 2, "RPOLY_": 407, "LENGTH": 410.045, "M0080_": 407, "M0080_ID": 0 }, "geometry": { "type": "MultiLineString", "coordinates": [ [ [ -60.729321097918756, -27.57248415722751 ], [ -60.730399341022803, -27.572451420063199 ], [ -60.730398637964214, -27.571580624723339 ], [ -60.729315131572477, -27.571581806010172 ], [ -60.729321097918756, -27.57248415722751 ] ] ] } },
{ "type": "Feature", "properties": { "FNODE_": 408, "TNODE_": 408, "LPOLY_": 2, "RPOLY_": 409, "LENGTH": 401.536, "M0080_": 408, "M0080_ID": 0 }, "geometry": { "type": "MultiLineString", "coordinates": [ [ [ -60.726733895567733, -27.572497717700756 ], [ -60.727776877555009, -27.572492256848665 ], [ -60.727745638719391, -27.571594549712412 ], [ -60.726738106064964, -27.571599824745917 ], [ -60.726733895567733, -27.572497717700756 ] ] ] } },
{ "type": "Feature", "properties": { "FNODE_": 409, "TNODE_": 409, "LPOLY_": 2, "RPOLY_": 408, "LENGTH": 407.534, "M0080_": 409, "M0080_ID": 0 }, "geometry": { "type": "MultiLineString", "coordinates": [ [ [ -60.729017346734551, -27.572490263707891 ], [ -60.729011353052876, -27.571583400673532 ], [ -60.727948157812818, -27.571593488522204 ], [ -60.727979398295176, -27.572491195581211 ], [ -60.729017346734551, -27.572490263707891 ] ] ] } },
{ "type": "Feature", "properties": { "FNODE_": 410, "TNODE_": 410, "LPOLY_": 2, "RPOLY_": 404, "LENGTH": 408.599, "M0080_": 410, "M0080_ID": 0 }, "geometry": { "type": "MultiLineString", "coordinates": [ [ [ -60.73300196906407, -27.572473805203316 ], [ -60.734019514213749, -27.572450384067757 ], [ -60.734041676613188, -27.571976516412199 ], [ -60.734028578251518, -27.571529906524074 ], [ -60.733005798731412, -27.571526283765532 ], [ -60.73300196906407, -27.572473805203316 ] ] ] } },
{ "type": "Feature", "properties": { "FNODE_": 411, "TNODE_": 411, "LPOLY_": 2, "RPOLY_": 405, "LENGTH": 403.541, "M0080_": 411, "M0080_ID": 0 }, "geometry": { "type": "MultiLineString", "coordinates": [ [ [ -60.73279944858308, -27.57247487379281 ], [ -60.7328032799902, -27.571527352326918 ], [ -60.731795868816704, -27.57155071104772 ], [ -60.731812071275698, -27.572466543679027 ], [ -60.73279944858308, -27.57247487379281 ] ] ] } },
{ "type": "Feature", "properties": { "FNODE_": 412, "TNODE_": 412, "LPOLY_": 2, "RPOLY_": 412, "LENGTH": 398.576, "M0080_": 412, "M0080_ID": 0 }, "geometry": { "type": "MultiLineString", "coordinates": [ [ [ -60.725508763214982, -27.572522169912578 ], [ -60.726531374759475, -27.572498777152557 ], [ -60.726535616622762, -27.571605395931364 ], [ -60.725523168997547, -27.571633247436356 ], [ -60.725508763214982, -27.572522169912578 ] ] ] } },
{ "type": "Feature", "properties": { "FNODE_": 413, "TNODE_": 413, "LPOLY_": 2, "RPOLY_": 413, "LENGTH": 396.03, "M0080_": 413, "M0080_ID": 0 }, "geometry": { "type": "MultiLineString", "coordinates": [ [ [ -60.724308826672534, -27.572528432278975 ], [ -60.725306242306729, -27.572523227579058 ], [ -60.725320649721951, -27.571634305092548 ], [ -60.724313056908819, -27.571630539021609 ], [ -60.724308826672534, -27.572528432278975 ] ] ] } },
{ "type": "Feature", "properties": { "FNODE_": 414, "TNODE_": 414, "LPOLY_": 2, "RPOLY_": 410, "LENGTH": 414.12, "M0080_": 414, "M0080_ID": 0 }, "geometry": { "type": "MultiLineString", "coordinates": [ [ [ -60.723063440816368, -27.572552968542816 ], [ -60.724106305698889, -27.572529488196235 ], [ -60.724110537583861, -27.57163159491347 ], [ -60.723016814744746, -27.571619244577498 ], [ -60.723063440816368, -27.572552968542816 ] ] ] } },
{ "type": "Feature", "properties": { "FNODE_": 415, "TNODE_": 415, "LPOLY_": 2, "RPOLY_": 411, "LENGTH": 425.807, "M0080_": 415, "M0080_ID": 0 }, "geometry": { "type": "MultiLineString", "coordinates": [ [ [ -60.721681588505099, -27.572614298083579 ], [ -60.722759718328767, -27.572563573110322 ], [ -60.722713035697147, -27.571620825469275 ], [ -60.721629674959544, -27.571644505629958 ], [ -60.721681588505099, -27.572614298083579 ] ] ] } },
{ "type": "Feature", "properties": { "FNODE_": 416, "TNODE_": 416, "LPOLY_": 2, "RPOLY_": 414, "LENGTH": 457.61, "M0080_": 416, "M0080_ID": 0 }, "geometry": { "type": "MultiLineString", "coordinates": [ [ [ -60.720243834706558, -27.572644320352207 ], [ -60.721479096768007, -27.572619861936992 ], [ -60.72142715548879, -27.571645557610182 ], [ -60.72023735337639, -27.571651732031924 ], [ -60.720243834706558, -27.572644320352207 ] ] ] } },
{ "type": "Feature", "properties": { "FNODE_": 417, "TNODE_": 417, "LPOLY_": 2, "RPOLY_": 415, "LENGTH": 422.531, "M0080_": 417, "M0080_ID": 0 }, "geometry": { "type": "MultiLineString", "coordinates": [ [ [ -60.719033945839591, -27.572677660278423 ], [ -60.720041342791369, -27.572649882111897 ], [ -60.720034833830191, -27.571652781982504 ], [ -60.719027298924999, -27.571658001098889 ], [ -60.719033945839591, -27.572677660278423 ] ] ] } },
{ "type": "Feature", "properties": { "FNODE_": 418, "TNODE_": 418, "LPOLY_": 2, "RPOLY_": 416, "LENGTH": 423.569, "M0080_": 418, "M0080_ID": 0 }, "geometry": { "type": "MultiLineString", "coordinates": [ [ [ -60.717839215744611, -27.572706399414706 ], [ -60.718831453759798, -27.572683220276467 ], [ -60.718824808715411, -27.57166356105235 ], [ -60.717812357255134, -27.571691356397345 ], [ -60.717839215744611, -27.572706399414706 ] ] ] } },
{ "type": "Feature", "properties": { "FNODE_": 419, "TNODE_": 419, "LPOLY_": 2, "RPOLY_": 417, "LENGTH": 428.24, "M0080_": 419, "M0080_ID": 0 }, "geometry": { "type": "MultiLineString", "coordinates": [ [ [ -60.716624232611707, -27.572735232773958 ], [ -60.717636694155274, -27.572707445905735 ], [ -60.717609866880608, -27.57169691458186 ], [ -60.716556910628285, -27.571724910035048 ], [ -60.716624232611707, -27.572735232773958 ] ] ] } },
{ "type": "Feature", "properties": { "FNODE_": 420, "TNODE_": 420, "LPOLY_": 2, "RPOLY_": 418, "LENGTH": 417.712, "M0080_": 420, "M0080_ID": 0 }, "geometry": { "type": "MultiLineString", "coordinates": [ [ [ -60.715419316150857, -27.572754979822491 ], [ -60.716421710915455, -27.572736277494592 ], [ -60.716354420085082, -27.571730466391632 ], [ -60.715387475423356, -27.571748985537276 ], [ -60.715419316150857, -27.572754979822491 ] ] ] } },
{ "type": "Feature", "properties": { "FNODE_": 421, "TNODE_": 421, "LPOLY_": 2, "RPOLY_": 419, "LENGTH": 427.903, "M0080_": 421, "M0080_ID": 0 }, "geometry": { "type": "MultiLineString", "coordinates": [ [ [ -60.714209365176728, -27.572779254230568 ], [ -60.715216794364906, -27.572756022787086 ], [ -60.715184955482968, -27.571750028420528 ], [ -60.714116808665551, -27.571778083600702 ], [ -60.714209365176728, -27.572779254230568 ] ] ] } },
{ "type": "Feature", "properties": { "FNODE_": 422, "TNODE_": 422, "LPOLY_": 2, "RPOLY_": 422, "LENGTH": 399.083, "M0080_": 422, "M0080_ID": 0 }, "geometry": { "type": "MultiLineString", "coordinates": [ [ [ -60.710503242043004, -27.572802773255592 ], [ -60.711449945368464, -27.572784391659919 ], [ -60.711418460901655, -27.571828025298494 ], [ -60.710471765770997, -27.571846406527307 ], [ -60.710503242043004, -27.572802773255592 ] ] ] } },
{ "type": "Feature", "properties": { "FNODE_": 423, "TNODE_": 423, "LPOLY_": 2, "RPOLY_": 420, "LENGTH": 424.487, "M0080_": 423, "M0080_ID": 0 }, "geometry": { "type": "MultiLineString", "coordinates": [ [ [ -60.712958850695955, -27.572794702475534 ], [ -60.71400178024539, -27.572780321458183 ], [ -60.713909225614096, -27.571779150654439 ], [ -60.71289674183857, -27.571802398438223 ], [ -60.712958850695955, -27.572794702475534 ] ] ] } },
{ "type": "Feature", "properties": { "FNODE_": 424, "TNODE_": 424, "LPOLY_": 2, "RPOLY_": 421, "LENGTH": 411.212, "M0080_": 424, "M0080_ID": 0 }, "geometry": { "type": "MultiLineString", "coordinates": [ [ [ -60.712756328728226, -27.572795741854218 ], [ -60.712694221689958, -27.571803437692036 ], [ -60.711722212160886, -27.571821957322012 ], [ -60.711758791421026, -27.572782809394461 ], [ -60.712756328728226, -27.572795741854218 ] ] ] } },
{ "type": "Feature", "properties": { "FNODE_": 425, "TNODE_": 425, "LPOLY_": 2, "RPOLY_": 424, "LENGTH": 417.526, "M0080_": 425, "M0080_ID": 0 }, "geometry": { "type": "MultiLineString", "coordinates": [ [ [ -60.70571411131678, -27.572908402841733 ], [ -60.7066912243885, -27.572894411080672 ], [ -60.706674594384836, -27.571879312484164 ], [ -60.705697519163621, -27.571897815741377 ], [ -60.70571411131678, -27.572908402841733 ] ] ] } },
{ "type": "Feature", "properties": { "FNODE_": 426, "TNODE_": 426, "LPOLY_": 2, "RPOLY_": 425, "LENGTH": 468.074, "M0080_": 426, "M0080_ID": 0 }, "geometry": { "type": "MultiLineString", "coordinates": [ [ [ -60.704180175979239, -27.57294325948282 ], [ -60.70541035642551, -27.572914457740133 ], [ -60.705393795905493, -27.571908382332126 ], [ -60.704148408806518, -27.571932748941151 ], [ -60.704180175979239, -27.57294325948282 ] ] ] } },
{ "type": "Feature", "properties": { "FNODE_": 427, "TNODE_": 427, "LPOLY_": 2, "RPOLY_": 426, "LENGTH": 385.532, "M0080_": 427, "M0080_ID": 0 }, "geometry": { "type": "MultiLineString", "coordinates": [ [ [ -60.70315237354265, -27.572948466347277 ], [ -60.703977653353462, -27.572944286067514 ], [ -60.70394588803466, -27.571933775445025 ], [ -60.703135804840059, -27.571937878508198 ], [ -60.70315237354265, -27.572948466347277 ] ] ] } },
{ "type": "Feature", "properties": { "FNODE_": 428, "TNODE_": 428, "LPOLY_": 2, "RPOLY_": 427, "LENGTH": 417.557, "M0080_": 428, "M0080_ID": 0 }, "geometry": { "type": "MultiLineString", "coordinates": [ [ [ -60.701967759283079, -27.572977017826602 ], [ -60.70294985086251, -27.572949491433629 ], [ -60.702933284014641, -27.571938903535923 ], [ -60.701961298754512, -27.571961866692099 ], [ -60.701967759283079, -27.572977017826602 ] ] ] } },
{ "type": "Feature", "properties": { "FNODE_": 429, "TNODE_": 429, "LPOLY_": 2, "RPOLY_": 428, "LENGTH": 425.012, "M0080_": 429, "M0080_ID": 0 }, "geometry": { "type": "MultiLineString", "coordinates": [ [ [ -60.700712261163872, -27.573005916818914 ], [ -60.701765236498986, -27.57297804118679 ], [ -60.701758921356166, -27.571985448924991 ], [ -60.701460604609821, -27.572050122749349 ], [ -60.701440381191368, -27.572054736805146 ], [ -60.700670944202763, -27.572081179883764 ], [ -60.700712261163872, -27.573005916818914 ] ] ] } },
{ "type": "Feature", "properties": { "FNODE_": 430, "TNODE_": 430, "LPOLY_": 2, "RPOLY_": 459, "LENGTH": 129.04, "M0080_": 430, "M0080_ID": 0 }, "geometry": { "type": "MultiLineString", "coordinates": [ [ [ -60.736872670128989, -27.572836837057704 ], [ -60.737277651721321, -27.572825664185469 ], [ -60.737271080802131, -27.572600103680205 ], [ -60.736881258935874, -27.572606684190383 ], [ -60.736872670128989, -27.572836837057704 ] ] ] } },
{ "type": "Feature", "properties": { "FNODE_": 431, "TNODE_": 431, "LPOLY_": 2, "RPOLY_": 435, "LENGTH": 402.603, "M0080_": 431, "M0080_ID": 0 }, "geometry": { "type": "MultiLineString", "coordinates": [ [ [ -60.699497295333025, -27.573039112283386 ], [ -60.700509766926771, -27.573011450133464 ], [ -60.700468451658885, -27.572086713107282 ], [ -60.699491372535547, -27.572105172758931 ], [ -60.699497295333025, -27.573039112283386 ] ] ] } },
{ "type": "Feature", "properties": { "FNODE_": 432, "TNODE_": 432, "LPOLY_": 2, "RPOLY_": 429, "LENGTH": 303.035, "M0080_": 432, "M0080_ID": 0 }, "geometry": { "type": "MultiLineString", "coordinates": [ [ [ -60.697077201751881, -27.57306030267786 ], [ -60.69747212186175, -27.573058320175008 ], [ -60.697455576621387, -27.572043218920783 ], [ -60.697050591104272, -27.572054275701039 ], [ -60.697077201751881, -27.57306030267786 ] ] ] } },
{ "type": "Feature", "properties": { "FNODE_": 433, "TNODE_": 433, "LPOLY_": 2, "RPOLY_": 383, "LENGTH": 912.721, "M0080_": 433, "M0080_ID": 0 }, "geometry": { "type": "MultiLineString", "coordinates": [ [ [ -60.698327810526692, -27.57305853268679 ], [ -60.69929477232769, -27.573040132043776 ], [ -60.699288479398724, -27.572047539265402 ], [ -60.699288364984817, -27.572029492122638 ], [ -60.699288279174461, -27.57201595676554 ], [ -60.699288193364147, -27.572002421408424 ], [ -60.699288078950502, -27.571984374265551 ], [ -60.699284589385528, -27.57143393638529 ], [ -60.699284474975244, -27.571415889240921 ], [ -60.699284389167588, -27.571402353882629 ], [ -60.699284303360002, -27.571388818524287 ], [ -60.699284188949981, -27.571370771379812 ], [ -60.699265710782747, -27.570851992418838 ], [ -60.697341865421393, -27.570875199675751 ], [ -60.697023040340653, -27.570899359542892 ], [ -60.697049479142663, -27.571878315973247 ], [ -60.697520254787271, -27.571862416915607 ], [ -60.69754050687974, -27.571862315215572 ], [ -60.697555695949006, -27.571862238938596 ], [ -60.69757088501823, -27.571862162659968 ], [ -60.697591137110422, -27.57186206095253 ], [ -60.698138029228232, -27.571872849096817 ], [ -60.698168435923236, -27.57187720819736 ], [ -60.69818368210872, -27.571886155425403 ], [ -60.698198928296662, -27.571895102651713 ], [ -60.698209111462774, -27.571904075326163 ], [ -60.698219323190123, -27.571917559786634 ], [ -60.69822953492001, -27.571931044246277 ], [ -60.698234712186554, -27.571949065942697 ], [ -60.698327810526692, -27.57305853268679 ] ] ] } },
{ "type": "Feature", "properties": { "FNODE_": 434, "TNODE_": 434, "LPOLY_": 2, "RPOLY_": 430, "LENGTH": 305.807, "M0080_": 434, "M0080_ID": 0 }, "geometry": { "type": "MultiLineString", "coordinates": [ [ [ -60.698125287435069, -27.573059550742741 ], [ -60.698037910856719, -27.572053829480986 ], [ -60.697658126412776, -27.572046713662925 ], [ -60.697674644979358, -27.573057303071401 ], [ -60.698125287435069, -27.573059550742741 ] ] ] } },
{ "type": "Feature", "properties": { "FNODE_": 435, "TNODE_": 435, "LPOLY_": 2, "RPOLY_": 431, "LENGTH": 303.049, "M0080_": 435, "M0080_ID": 0 }, "geometry": { "type": "MultiLineString", "coordinates": [ [ [ -60.696469660762716, -27.573067862277796 ], [ -60.696874678602953, -27.573061318910501 ], [ -60.696848098304962, -27.572059803648891 ], [ -60.696437992617135, -27.57206186046869 ], [ -60.696469660762716, -27.573067862277796 ] ] ] } },
{ "type": "Feature", "properties": { "FNODE_": 436, "TNODE_": 436, "LPOLY_": 2, "RPOLY_": 432, "LENGTH": 302.048, "M0080_": 436, "M0080_ID": 0 }, "geometry": { "type": "MultiLineString", "coordinates": [ [ [ -60.695851993467215, -27.573075469951803 ], [ -60.69626713757367, -27.573068877624909 ], [ -60.696235499752419, -27.572067387524253 ], [ -60.695835576976371, -27.572078415387505 ], [ -60.695851993467215, -27.573075469951803 ] ] ] } },
{ "type": "Feature", "properties": { "FNODE_": 437, "TNODE_": 437, "LPOLY_": 2, "RPOLY_": 433, "LENGTH": 309.043, "M0080_": 437, "M0080_ID": 0 }, "geometry": { "type": "MultiLineString", "coordinates": [ [ [ -60.695198969763588, -27.573096787639283 ], [ -60.695649498693491, -27.573080996187141 ], [ -60.695633084030661, -27.572083941565911 ], [ -60.695197719840024, -27.572095145082606 ], [ -60.695198969763588, -27.573096787639283 ] ] ] } },
{ "type": "Feature", "properties": { "FNODE_": 438, "TNODE_": 438, "LPOLY_": 2, "RPOLY_": 434, "LENGTH": 310.109, "M0080_": 438, "M0080_ID": 0 }, "geometry": { "type": "MultiLineString", "coordinates": [ [ [ -60.69465215683767, -27.57309952339936 ], [ -60.695097708116457, -27.573097294423896 ], [ -60.695096487544468, -27.572100163639103 ], [ -60.694615641094593, -27.572125128724679 ], [ -60.69465215683767, -27.57309952339936 ] ] ] } },
{ "type": "Feature", "properties": { "FNODE_": 439, "TNODE_": 439, "LPOLY_": 2, "RPOLY_": 436, "LENGTH": 397.576, "M0080_": 439, "M0080_ID": 0 }, "geometry": { "type": "MultiLineString", "coordinates": [ [ [ -60.693528208986244, -27.573114163728036 ], [ -60.694449633512207, -27.573100536097645 ], [ -60.694413147960752, -27.572130653127207 ], [ -60.693496737831602, -27.572135231507801 ], [ -60.693528208986244, -27.573114163728036 ] ] ] } },
{ "type": "Feature", "properties": { "FNODE_": 440, "TNODE_": 440, "LPOLY_": 2, "RPOLY_": 437, "LENGTH": 317.538, "M0080_": 440, "M0080_ID": 0 }, "geometry": { "type": "MultiLineString", "coordinates": [ [ [ -60.693325685585577, -27.573115174788089 ], [ -60.693294216226903, -27.572136242489041 ], [ -60.692792975209962, -27.572138743398028 ], [ -60.692799068015781, -27.573108778580078 ], [ -60.693325685585577, -27.573115174788089 ] ] ] } },
{ "type": "Feature", "properties": { "FNODE_": 441, "TNODE_": 441, "LPOLY_": 2, "RPOLY_": 438, "LENGTH": 308.111, "M0080_": 441, "M0080_ID": 0 }, "geometry": { "type": "MultiLineString", "coordinates": [ [ [ -60.692227052585046, -27.573129678227012 ], [ -60.692697806306064, -27.573109283615377 ], [ -60.692691714390605, -27.572139248412586 ], [ -60.692215930076017, -27.572164179954388 ], [ -60.692227052585046, -27.573129678227012 ] ] ] } },
{ "type": "Feature", "properties": { "FNODE_": 442, "TNODE_": 442, "LPOLY_": 2, "RPOLY_": 439, "LENGTH": 417.551, "M0080_": 442, "M0080_ID": 0 }, "geometry": { "type": "MultiLineString", "coordinates": [ [ [ -60.691012052848563, -27.57315828774394 ], [ -60.691568936087478, -27.573146492306069 ], [ -60.692024557407748, -27.573135199182463 ], [ -60.692013436669292, -27.572169700861846 ], [ -60.690980603991832, -27.572179354549881 ], [ -60.691012052848563, -27.57315828774394 ] ] ] } },
{ "type": "Feature", "properties": { "FNODE_": 443, "TNODE_": 443, "LPOLY_": 2, "RPOLY_": 454, "LENGTH": 218.013, "M0080_": 443, "M0080_ID": 0 }, "geometry": { "type": "MultiLineString", "coordinates": [ [ [ -60.743166642089591, -27.572898054309729 ], [ -60.743159086370291, -27.572528118589421 ], [ -60.742465454924826, -27.572531828008429 ], [ -60.742472947577255, -27.572892740327784 ], [ -60.743166642089591, -27.572898054309729 ] ] ] } },
{ "type": "Feature", "properties": { "FNODE_": 444, "TNODE_": 444, "LPOLY_": 2, "RPOLY_": 452, "LENGTH": 345.047, "M0080_": 444, "M0080_ID": 0 }, "geometry": { "type": "MultiLineString", "coordinates": [ [ [ -60.740949069075043, -27.572914413467124 ], [ -60.741754028965978, -27.57290109329977 ], [ -60.741774281051931, -27.572900985147029 ], [ -60.741789470116323, -27.572900904030565 ], [ -60.741804659180637, -27.572900822912409 ], [ -60.74182491126632, -27.572900714752301 ], [ -60.742270426759887, -27.572893822740568 ], [ -60.742262934769755, -27.572532910397264 ], [ -60.740931273546806, -27.572526484520115 ], [ -60.740949069075043, -27.572914413467124 ] ] ] } },
{ "type": "Feature", "properties": { "FNODE_": 445, "TNODE_": 445, "LPOLY_": 2, "RPOLY_": 440, "LENGTH": 306.603, "M0080_": 445, "M0080_ID": 0 }, "geometry": { "type": "MultiLineString", "coordinates": [ [ [ -60.690348872771118, -27.573175121236716 ], [ -60.690809557517007, -27.573163806930033 ], [ -60.690778110453834, -27.572184873657971 ], [ -60.690322549308995, -27.572205186212948 ], [ -60.690348872771118, -27.573175121236716 ] ] ] } },
{ "type": "Feature", "properties": { "FNODE_": 446, "TNODE_": 446, "LPOLY_": 2, "RPOLY_": 453, "LENGTH": 240.57, "M0080_": 446, "M0080_ID": 0 }, "geometry": { "type": "MultiLineString", "coordinates": [ [ [ -60.739956776960241, -27.572928727075439 ], [ -60.740746548147889, -27.572915493658922 ], [ -60.740728753331062, -27.572527564672026 ], [ -60.739944108456569, -27.572549794452097 ], [ -60.739956776960241, -27.572928727075439 ] ] ] } },
{ "type": "Feature", "properties": { "FNODE_": 447, "TNODE_": 447, "LPOLY_": 2, "RPOLY_": 458, "LENGTH": 145.009, "M0080_": 447, "M0080_ID": 0 }, "geometry": { "type": "MultiLineString", "coordinates": [ [ [ -60.737379696409207, -27.572942432088606 ], [ -60.737405011551161, -27.572942297694258 ], [ -60.737420200636258, -27.572942217055434 ], [ -60.737435389721291, -27.572942136414941 ], [ -60.737450578806268, -27.572942055772792 ], [ -60.737465767891152, -27.572941975128987 ], [ -60.737729015175915, -27.572936065292126 ], [ -60.737726751927646, -27.572597684259922 ], [ -60.737372341057139, -27.572599566160417 ], [ -60.737379032833111, -27.57284317364649 ], [ -60.737379123320558, -27.572856708888672 ], [ -60.737379213808062, -27.57287024413084 ], [ -60.737379304295644, -27.572883779372976 ], [ -60.737379394783289, -27.572897314615098 ], [ -60.737379696409207, -27.572942432088606 ] ] ] } },
{ "type": "Feature", "properties": { "FNODE_": 448, "TNODE_": 448, "LPOLY_": 2, "RPOLY_": 441, "LENGTH": 290.84, "M0080_": 448, "M0080_ID": 0 }, "geometry": { "type": "MultiLineString", "coordinates": [ [ [ -60.689893279208135, -27.573190920663354 ], [ -60.690247610948006, -27.573175624486954 ], [ -60.690221288375724, -27.57220568942774 ], [ -60.689811266217333, -27.57222126207688 ], [ -60.689893279208135, -27.573190920663354 ] ] ] } },
{ "type": "Feature", "properties": { "FNODE_": 449, "TNODE_": 449, "LPOLY_": 2, "RPOLY_": 455, "LENGTH": 348.102, "M0080_": 449, "M0080_ID": 0 }, "geometry": { "type": "MultiLineString", "coordinates": [ [ [ -60.738518998460798, -27.572954426760521 ], [ -60.739344211389842, -27.572941012867251 ], [ -60.739364463494198, -27.572940905065721 ], [ -60.739379652572367, -27.572940824212637 ], [ -60.739394841650473, -27.57294074335789 ], [ -60.739415093754552, -27.572940635548985 ], [ -60.739855516462171, -27.572929266485129 ], [ -60.739842848306068, -27.572550333845751 ], [ -60.739660549772658, -27.572546792823079 ], [ -60.739645360749705, -27.572546873705811 ], [ -60.739625138972954, -27.572551493292188 ], [ -60.739609949949234, -27.572551574171069 ], [ -60.739594760925456, -27.572551655048279 ], [ -60.739574508893632, -27.572551762881989 ], [ -60.738521433292895, -27.572561877913081 ], [ -60.738518998460798, -27.572954426760521 ] ] ] } },
{ "type": "Feature", "properties": { "FNODE_": 450, "TNODE_": 450, "LPOLY_": 2, "RPOLY_": 443, "LENGTH": 302.807, "M0080_": 450, "M0080_ID": 0 }, "geometry": { "type": "MultiLineString", "coordinates": [ [ [ -60.689225035546876, -27.573207773944286 ], [ -60.689690783723123, -27.573196438220421 ], [ -60.689608772504592, -27.572226779482623 ], [ -60.689208735281525, -27.572219741106743 ], [ -60.68920660415445, -27.572688992916873 ], [ -60.689225035546876, -27.573207773944286 ] ] ] } },
{ "type": "Feature", "properties": { "FNODE_": 451, "TNODE_": 451, "LPOLY_": 2, "RPOLY_": 461, "LENGTH": 287.041, "M0080_": 451, "M0080_ID": 0 }, "geometry": { "type": "MultiLineString", "coordinates": [ [ [ -60.735623005673482, -27.572978818282433 ], [ -60.736665899733914, -27.572959755354301 ], [ -60.736670420359204, -27.572878517036475 ], [ -60.736678738387518, -27.572607758440441 ], [ -60.735620568340067, -27.572613366595746 ], [ -60.735623005673482, -27.572978818282433 ] ] ] } },
{ "type": "Feature", "properties": { "FNODE_": 452, "TNODE_": 452, "LPOLY_": 2, "RPOLY_": 450, "LENGTH": 341.071, "M0080_": 452, "M0080_ID": 0 }, "geometry": { "type": "MultiLineString", "coordinates": [ [ [ -60.688004886040055, -27.573222846921261 ], [ -60.689022539975035, -27.573213290528248 ], [ -60.689004363185781, -27.572735115612868 ], [ -60.687708300846836, -27.572755074390653 ], [ -60.688004886040055, -27.573222846921261 ] ] ] } },
{ "type": "Feature", "properties": { "FNODE_": 453, "TNODE_": 453, "LPOLY_": 2, "RPOLY_": 456, "LENGTH": 215.865, "M0080_": 453, "M0080_ID": 0 }, "geometry": { "type": "MultiLineString", "coordinates": [ [ [ -60.737917645139639, -27.573129075303214 ], [ -60.738322688026194, -27.573126922857991 ], [ -60.738317383380789, -27.573090855800658 ], [ -60.73831729277731, -27.573077320561797 ], [ -60.738317171972781, -27.57305927357659 ], [ -60.738316990766165, -27.573032203098709 ], [ -60.738316869961892, -27.573014156113405 ], [ -60.738318943102314, -27.572567466299461 ], [ -60.737828012170034, -27.572597146408 ], [ -60.737830275728882, -27.572935527432495 ], [ -60.737850527839143, -27.57293541985171 ], [ -60.737865716921775, -27.572935339164193 ], [ -60.737880936187445, -27.572939770221833 ], [ -60.737896155454308, -27.572944201277782 ], [ -60.73790634187845, -27.572953170976529 ], [ -60.737911495459961, -27.572966679319176 ], [ -60.737916649042745, -27.572980187661585 ], [ -60.737916739596685, -27.572993722901863 ], [ -60.737916830150702, -27.57300725814212 ], [ -60.737917645139639, -27.573129075303214 ] ] ] } },
{ "type": "Feature", "properties": { "FNODE_": 454, "TNODE_": 454, "LPOLY_": 2, "RPOLY_": 497, "LENGTH": 334.525, "M0080_": 454, "M0080_ID": 0 }, "geometry": { "type": "MultiLineString", "coordinates": [ [ [ -60.741909713126532, -27.573464249902095 ], [ -60.743175444298764, -27.573452971395973 ], [ -60.743167858066137, -27.573078523965453 ], [ -60.742408343046492, -27.573073561831329 ], [ -60.742388090931769, -27.573073670077125 ], [ -60.742372901845663, -27.573073751259546 ], [ -60.742357712759471, -27.573073832440294 ], [ -60.742337460644471, -27.5730739406787 ], [ -60.741897007462683, -27.573080805876433 ], [ -60.741909713126532, -27.573464249902095 ] ] ] } },
{ "type": "Feature", "properties": { "FNODE_": 455, "TNODE_": 455, "LPOLY_": 2, "RPOLY_": 451, "LENGTH": 640.061, "M0080_": 455, "M0080_ID": 0 }, "geometry": { "type": "MultiLineString", "coordinates": [ [ [ -60.745565292338881, -27.573453699520726 ], [ -60.745533450916199, -27.572488323264896 ], [ -60.744460186492745, -27.572507615481353 ], [ -60.743361606475311, -27.5725270348942 ], [ -60.743369558172283, -27.572955623226093 ], [ -60.743369679802932, -27.572973670190891 ], [ -60.743369771025982, -27.57298720541446 ], [ -60.743369862249111, -27.573000740638008 ], [ -60.743369983880022, -27.573018787602688 ], [ -60.743377966101114, -27.573451887643539 ], [ -60.745565292338881, -27.573453699520726 ] ] ] } },
{ "type": "Feature", "properties": { "FNODE_": 456, "TNODE_": 456, "LPOLY_": 2, "RPOLY_": 499, "LENGTH": 232.025, "M0080_": 456, "M0080_ID": 0 }, "geometry": { "type": "MultiLineString", "coordinates": [ [ [ -60.740957920752599, -27.573478354398908 ], [ -60.741707191233949, -27.573465331514267 ], [ -60.741694486273552, -27.573081887456279 ], [ -60.740955344455543, -27.573094856204495 ], [ -60.740957920752599, -27.573478354398908 ] ] ] } },
{ "type": "Feature", "properties": { "FNODE_": 457, "TNODE_": 457, "LPOLY_": 2, "RPOLY_": 500, "LENGTH": 334.519, "M0080_": 457, "M0080_ID": 0 }, "geometry": { "type": "MultiLineString", "coordinates": [ [ [ -60.73948460346984, -27.573490718041544 ], [ -60.740755398790419, -27.573479434623884 ], [ -60.740752823197369, -27.573095936411921 ], [ -60.739907357355143, -27.573109466577911 ], [ -60.739482123040382, -27.573120754955113 ], [ -60.73948460346984, -27.573490718041544 ] ] ] } },
{ "type": "Feature", "properties": { "FNODE_": 458, "TNODE_": 458, "LPOLY_": 2, "RPOLY_": 501, "LENGTH": 230.012, "M0080_": 458, "M0080_ID": 0 }, "geometry": { "type": "MultiLineString", "coordinates": [ [ [ -60.738532779936037, -27.573500294183674 ], [ -60.7392820814174, -27.573491796118869 ], [ -60.739279601667093, -27.573121833015549 ], [ -60.738525269872071, -27.573134869684633 ], [ -60.738525481340353, -27.573166451906868 ], [ -60.738532779936037, -27.573500294183674 ] ] ] } },
{ "type": "Feature", "properties": { "FNODE_": 459, "TNODE_": 459, "LPOLY_": 2, "RPOLY_": 504, "LENGTH": 144.516, "M0080_": 459, "M0080_ID": 0 }, "geometry": { "type": "MultiLineString", "coordinates": [ [ [ -60.737920210878912, -27.573512573759238 ], [ -60.738330257822454, -27.573501370873597 ], [ -60.7383232920563, -27.57321715778253 ], [ -60.737918248838433, -27.57321931023597 ], [ -60.737920210878912, -27.573512573759238 ] ] ] } },
{ "type": "Feature", "properties": { "FNODE_": 460, "TNODE_": 460, "LPOLY_": 2, "RPOLY_": 488, "LENGTH": 176.551, "M0080_": 460, "M0080_ID": 0 }, "geometry": { "type": "MultiLineString", "coordinates": [ [ [ -60.737479815659931, -27.573528448481525 ], [ -60.73782401285235, -27.573513084799739 ], [ -60.737827053745669, -27.573210770881829 ], [ -60.737826902839409, -27.573188212148267 ], [ -60.737826812295729, -27.573174676908096 ], [ -60.737826721752121, -27.573161141667892 ], [ -60.737826631208577, -27.573147606427657 ], [ -60.737825816319535, -27.573025789264388 ], [ -60.737795438129034, -27.573025950629528 ], [ -60.737780249033705, -27.573026031309617 ], [ -60.737765059938297, -27.573026111988042 ], [ -60.737749870842833, -27.573026192664795 ], [ -60.737486623345177, -27.573032102545298 ], [ -60.737479815659931, -27.573528448481525 ] ] ] } },
{ "type": "Feature", "properties": { "FNODE_": 461, "TNODE_": 461, "LPOLY_": 2, "RPOLY_": 480, "LENGTH": 233.283, "M0080_": 461, "M0080_ID": 0 }, "geometry": { "type": "MultiLineString", "coordinates": [ [ [ -60.736877312042047, -27.573531646202383 ], [ -60.737378554554631, -27.573528986096296 ], [ -60.737385362695676, -27.573032640156146 ], [ -60.737329669337271, -27.573032935810645 ], [ -60.737314450079289, -27.573028504692466 ], [ -60.737299230822515, -27.573024073572594 ], [ -60.737289044439962, -27.57301510382857 ], [ -60.737283890931728, -27.57300159546147 ], [ -60.737278737424781, -27.572988087094146 ], [ -60.7372782548888, -27.572915899135211 ], [ -60.736868209937164, -27.57292709887539 ], [ -60.73686374973984, -27.573017360691878 ], [ -60.736863870306387, -27.573035407683122 ], [ -60.736863960731363, -27.573048942926501 ], [ -60.736864051156388, -27.573062478169867 ], [ -60.736864171723191, -27.573080525160975 ], [ -60.736877312042047, -27.573531646202383 ] ] ] } },
{ "type": "Feature", "properties": { "FNODE_": 462, "TNODE_": 462, "LPOLY_": 2, "RPOLY_": 503, "LENGTH": 291.539, "M0080_": 462, "M0080_ID": 0 }, "geometry": { "type": "MultiLineString", "coordinates": [ [ [ -60.735636923288638, -27.573547245014826 ], [ -60.736259649271808, -27.573539433573455 ], [ -60.736674789795238, -27.573532720479758 ], [ -60.736662042039335, -27.573140252126493 ], [ -60.735624209311858, -27.573159288244003 ], [ -60.735636923288638, -27.573547245014826 ] ] ] } },
{ "type": "Feature", "properties": { "FNODE_": 463, "TNODE_": 463, "LPOLY_": 2, "RPOLY_": 462, "LENGTH": 421.53, "M0080_": 463, "M0080_ID": 0 }, "geometry": { "type": "MultiLineString", "coordinates": [ [ [ -60.735333139786412, -27.573548853608273 ], [ -60.735319855383686, -27.573075173551874 ], [ -60.735316787408706, -27.572614975103431 ], [ -60.734218172895858, -27.572629810495485 ], [ -60.734239458900056, -27.573545615544077 ], [ -60.735333139786412, -27.573548853608273 ] ] ] } },
{ "type": "Feature", "properties": { "FNODE_": 464, "TNODE_": 464, "LPOLY_": 2, "RPOLY_": 465, "LENGTH": 413.041, "M0080_": 464, "M0080_ID": 0 }, "geometry": { "type": "MultiLineString", "coordinates": [ [ [ -60.72795631558953, -27.573596735206845 ], [ -60.729034689514357, -27.573582055446249 ], [ -60.729018539540462, -27.572670733949213 ], [ -60.727975526376312, -27.572671692399727 ], [ -60.72795631558953, -27.573596735206845 ] ] ] } },
{ "type": "Feature", "properties": { "FNODE_": 465, "TNODE_": 465, "LPOLY_": 2, "RPOLY_": 460, "LENGTH": 419.045, "M0080_": 465, "M0080_ID": 0 }, "geometry": { "type": "MultiLineString", "coordinates": [ [ [ -60.73040687011801, -27.573588382160018 ], [ -60.730400565964594, -27.572636402004459 ], [ -60.729322291221308, -27.57266462745676 ], [ -60.729338473536671, -27.573580460625777 ], [ -60.73040687011801, -27.573588382160018 ] ] ] } },
{ "type": "Feature", "properties": { "FNODE_": 466, "TNODE_": 466, "LPOLY_": 2, "RPOLY_": 466, "LENGTH": 405.572, "M0080_": 466, "M0080_ID": 0 }, "geometry": { "type": "MultiLineString", "coordinates": [ [ [ -60.726771646410583, -27.573616474737484 ], [ -60.727753792818504, -27.573597796479692 ], [ -60.727773005304563, -27.572672753667916 ], [ -60.726740147666433, -27.572678161543351 ], [ -60.726771646410583, -27.573616474737484 ] ] ] } },
{ "type": "Feature", "properties": { "FNODE_": 467, "TNODE_": 467, "LPOLY_": 2, "RPOLY_": 463, "LENGTH": 406.097, "M0080_": 467, "M0080_ID": 0 }, "geometry": { "type": "MultiLineString", "coordinates": [ [ [ -60.733019501195919, -27.573588154437665 ], [ -60.73403696653407, -27.573551197726299 ], [ -60.734015652183714, -27.572630880863702 ], [ -60.733003168388379, -27.572654275284258 ], [ -60.733019501195919, -27.573588154437665 ] ] ] } },
{ "type": "Feature", "properties": { "FNODE_": 468, "TNODE_": 468, "LPOLY_": 2, "RPOLY_": 467, "LENGTH": 406.65, "M0080_": 468, "M0080_ID": 0 }, "geometry": { "type": "MultiLineString", "coordinates": [ [ [ -60.725566664907184, -27.573627286448904 ], [ -60.726569123549929, -27.57361753428377 ], [ -60.726537626527161, -27.572679221010631 ], [ -60.725515013312965, -27.572702613848289 ], [ -60.725566664907184, -27.573627286448904 ] ] ] } },
{ "type": "Feature", "properties": { "FNODE_": 469, "TNODE_": 469, "LPOLY_": 2, "RPOLY_": 468, "LENGTH": 404.13, "M0080_": 469, "M0080_ID": 0 }, "geometry": { "type": "MultiLineString", "coordinates": [ [ [ -60.725364141972484, -27.573628344238696 ], [ -60.725312492073705, -27.572703671530231 ], [ -60.724310011776765, -27.572708902708179 ], [ -60.724331156314747, -27.573615687333955 ], [ -60.725364141972484, -27.573628344238696 ] ] ] } },
{ "type": "Feature", "properties": { "FNODE_": 470, "TNODE_": 470, "LPOLY_": 2, "RPOLY_": 464, "LENGTH": 406.521, "M0080_": 470, "M0080_ID": 0 }, "geometry": { "type": "MultiLineString", "coordinates": [ [ [ -60.731809458871872, -27.573599047013879 ], [ -60.732817008646578, -27.5735937348439 ], [ -60.732800647576099, -27.572655343881916 ], [ -60.731813268652836, -27.572647013808258 ], [ -60.731809458871872, -27.573599047013879 ] ] ] } },
{ "type": "Feature", "properties": { "FNODE_": 471, "TNODE_": 471, "LPOLY_": 2, "RPOLY_": 457, "LENGTH": 409.556, "M0080_": 471, "M0080_ID": 0 }, "geometry": { "type": "MultiLineString", "coordinates": [ [ [ -60.731606936270772, -27.573600113904707 ], [ -60.731610747799927, -27.572648080670849 ], [ -60.730603056965826, -27.572630825152284 ], [ -60.730609392751909, -27.57358731701931 ], [ -60.731606936270772, -27.573600113904707 ] ] ] } },
{ "type": "Feature", "properties": { "FNODE_": 472, "TNODE_": 472, "LPOLY_": 2, "RPOLY_": 469, "LENGTH": 410.578, "M0080_": 472, "M0080_ID": 0 }, "geometry": { "type": "MultiLineString", "coordinates": [ [ [ -60.723065594624487, -27.573653864744347 ], [ -60.724128662967338, -27.573621255082212 ], [ -60.72410749047183, -27.57270995863351 ], [ -60.723069686919267, -27.572733412664601 ], [ -60.723065594624487, -27.573653864744347 ] ] ] } },
{ "type": "Feature", "properties": { "FNODE_": 473, "TNODE_": 473, "LPOLY_": 2, "RPOLY_": 470, "LENGTH": 422.661, "M0080_": 473, "M0080_ID": 0 }, "geometry": { "type": "MultiLineString", "coordinates": [ [ [ -60.721709427738745, -27.573773715937744 ], [ -60.722761928239279, -27.573673492896233 ], [ -60.722765963936105, -27.572744017255015 ], [ -60.72168783235459, -27.572794742309192 ], [ -60.721709427738745, -27.573773715937744 ] ] ] } },
{ "type": "Feature", "properties": { "FNODE_": 474, "TNODE_": 474, "LPOLY_": 2, "RPOLY_": 471, "LENGTH": 465.12, "M0080_": 474, "M0080_ID": 0 }, "geometry": { "type": "MultiLineString", "coordinates": [ [ [ -60.721370407638986, -27.573807060497632 ], [ -60.72151208550541, -27.573792788859169 ], [ -60.721485340286954, -27.572800306177893 ], [ -60.720245013165858, -27.572824790940508 ], [ -60.720261562136749, -27.573808303053355 ], [ -60.721370407638986, -27.573807060497632 ] ] ] } },
{ "type": "Feature", "properties": { "FNODE_": 475, "TNODE_": 475, "LPOLY_": 2, "RPOLY_": 472, "LENGTH": 412.07, "M0080_": 475, "M0080_ID": 0 }, "geometry": { "type": "MultiLineString", "coordinates": [ [ [ -60.719071795219918, -27.57382349146544 ], [ -60.72005903863213, -27.573809353114594 ], [ -60.720042520919648, -27.572830352708088 ], [ -60.719040185366275, -27.572858104704121 ], [ -60.719071795219918, -27.57382349146544 ] ] ] } },
{ "type": "Feature", "properties": { "FNODE_": 476, "TNODE_": 476, "LPOLY_": 2, "RPOLY_": 473, "LENGTH": 412.086, "M0080_": 476, "M0080_ID": 0 }, "geometry": { "type": "MultiLineString", "coordinates": [ [ [ -60.717856800368544, -27.573852335830935 ], [ -60.718869271634375, -27.573824539792511 ], [ -60.718837692955944, -27.572863664717445 ], [ -60.717840390272784, -27.57288687009682 ], [ -60.717856800368544, -27.573852335830935 ] ] ] } },
{ "type": "Feature", "properties": { "FNODE_": 477, "TNODE_": 477, "LPOLY_": 2, "RPOLY_": 474, "LENGTH": 413.037, "M0080_": 477, "M0080_ID": 0 }, "geometry": { "type": "MultiLineString", "coordinates": [ [ [ -60.716631561176712, -27.573863174755541 ], [ -60.717654306032898, -27.573857894154074 ], [ -60.717637868352149, -27.572887916595867 ], [ -60.716630468204016, -27.572915677381449 ], [ -60.716631561176712, -27.573863174755541 ] ] ] } },
{ "type": "Feature", "properties": { "FNODE_": 478, "TNODE_": 478, "LPOLY_": 2, "RPOLY_": 475, "LENGTH": 409.055, "M0080_": 478, "M0080_ID": 0 }, "geometry": { "type": "MultiLineString", "coordinates": [ [ [ -60.715441909488788, -27.573896379166737 ], [ -60.716429066716643, -27.573868731293839 ], [ -60.716427946176744, -27.572916722117441 ], [ -60.715420486722202, -27.572935450599104 ], [ -60.715441909488788, -27.573896379166737 ] ] ] } },
{ "type": "Feature", "properties": { "FNODE_": 479, "TNODE_": 479, "LPOLY_": 2, "RPOLY_": 476, "LENGTH": 411.044, "M0080_": 479, "M0080_ID": 0 }, "geometry": { "type": "MultiLineString", "coordinates": [ [ [ -60.715244477963694, -27.573901907900453 ], [ -60.715217964604953, -27.572936493571667 ], [ -60.714215596824907, -27.572959699020274 ], [ -60.714221673726541, -27.573898147226245 ], [ -60.715244477963694, -27.573901907900453 ] ] ] } },
{ "type": "Feature", "properties": { "FNODE_": 480, "TNODE_": 480, "LPOLY_": 2, "RPOLY_": 479, "LENGTH": 416.095, "M0080_": 480, "M0080_ID": 0 }, "geometry": { "type": "MultiLineString", "coordinates": [ [ [ -60.71299663706808, -27.57394053649616 ], [ -60.714019178996928, -27.573903700254426 ], [ -60.714013074609788, -27.572960740236976 ], [ -60.712965080301011, -27.572975147359678 ], [ -60.71299663706808, -27.57394053649616 ] ] ] } },
{ "type": "Feature", "properties": { "FNODE_": 481, "TNODE_": 481, "LPOLY_": 2, "RPOLY_": 477, "LENGTH": 414.756, "M0080_": 481, "M0080_ID": 0 }, "geometry": { "type": "MultiLineString", "coordinates": [ [ [ -60.711832356469387, -27.573982603614052 ], [ -60.712794171314684, -27.573950599512148 ], [ -60.712762558002247, -27.572976186753678 ], [ -60.711765019062817, -27.572963254369835 ], [ -60.711832356469387, -27.573982603614052 ] ] ] } },
{ "type": "Feature", "properties": { "FNODE_": 482, "TNODE_": 482, "LPOLY_": 2, "RPOLY_": 478, "LENGTH": 415.766, "M0080_": 482, "M0080_ID": 0 }, "geometry": { "type": "MultiLineString", "coordinates": [ [ [ -60.710571788494498, -27.5740116178434 ], [ -60.711523565274966, -27.573993209651277 ], [ -60.711461235563959, -27.572964810725033 ], [ -60.710514530694248, -27.572983192426356 ], [ -60.710571788494498, -27.5740116178434 ] ] ] } },
{ "type": "Feature", "properties": { "FNODE_": 483, "TNODE_": 483, "LPOLY_": 2, "RPOLY_": 423, "LENGTH": 1720.278, "M0080_": 483, "M0080_ID": 0 }, "geometry": { "type": "MultiLineString", "coordinates": [ [ [ -60.706921401870595, -27.574048292473737 ], [ -60.707620082486727, -27.574040222794608 ], [ -60.708035228692829, -27.574033595238458 ], [ -60.709209725284495, -27.574005043534413 ], [ -60.709559108797741, -27.574007771043885 ], [ -60.710369264187172, -27.574012653783761 ], [ -60.710312008272702, -27.572984228247794 ], [ -60.709542422972156, -27.572988161676673 ], [ -60.709527233787028, -27.572988239267229 ], [ -60.709506952517501, -27.572983830943606 ], [ -60.709491705288904, -27.572974884979956 ], [ -60.709476458062753, -27.572965939014587 ], [ -60.709466273899423, -27.57295696718657 ], [ -60.709456060717258, -27.572943483582566 ], [ -60.709445847537644, -27.572929999977728 ], [ -60.709440668399239, -27.572911978736879 ], [ -60.709440581339891, -27.572898443411123 ], [ -60.709440494280578, -27.572884908085332 ], [ -60.709445441257863, -27.572866835124167 ], [ -60.709455480309288, -27.572853248077671 ], [ -60.709465519358297, -27.572839661030457 ], [ -60.709475587425942, -27.572830585757835 ], [ -60.709490718546064, -27.572821484622803 ], [ -60.70950584966365, -27.572812383486166 ], [ -60.70952607285512, -27.572807768260205 ], [ -60.709541262015414, -27.572807690670238 ], [ -60.71030071995218, -27.572803809054339 ], [ -60.710269245434702, -27.571847442247204 ], [ -60.709276837606943, -27.571843489455055 ], [ -60.709280028943525, -27.572339784808754 ], [ -60.709280115981109, -27.572353320136077 ], [ -60.70927516899765, -27.572371393092759 ], [ -60.709265129966148, -27.572384980126753 ], [ -60.709255090932182, -27.57239856716004 ], [ -60.709245022884609, -27.572407642416842 ], [ -60.709229891799538, -27.572416743524961 ], [ -60.709214760711966, -27.572425844631457 ], [ -60.709194537576053, -27.572430459811258 ], [ -60.70917934846657, -27.572430537362354 ], [ -60.70916415935703, -27.57243061491177 ], [ -60.709143878203804, -27.572426206532562 ], [ -60.709128631081867, -27.572417260526347 ], [ -60.709113383962396, -27.572408314518398 ], [ -60.709103199880524, -27.572399342661523 ], [ -60.709092986795397, -27.572385859027925 ], [ -60.709082773712773, -27.572372375393517 ], [ -60.709077594661721, -27.572354354136095 ], [ -60.709077507648985, -27.572340818808168 ], [ -60.70907431722344, -27.571844523432734 ], [ -60.708046526110842, -27.571849766318497 ], [ -60.708039730654164, -27.572368672306343 ], [ -60.708039817539671, -27.572382207637251 ], [ -60.708034870350751, -27.572400280553524 ], [ -60.708024831161772, -27.572413867500739 ], [ -60.708014791970356, -27.57242745444724 ], [ -60.708004723816003, -27.572436529616066 ], [ -60.707989592621487, -27.572445630591027 ], [ -60.70797446142447, -27.572454731564356 ], [ -60.707954238227096, -27.572459346564635 ], [ -60.707939049109555, -27.572459423980167 ], [ -60.707923859991958, -27.572459501394047 ], [ -60.707903578878678, -27.572455092832907 ], [ -60.707888331850079, -27.572446146688748 ], [ -60.70787308482393, -27.572437200542868 ], [ -60.70786290083808, -27.572428228593242 ], [ -60.70785268789966, -27.572414744865704 ], [ -60.707842474963748, -27.57240126113734 ], [ -60.707837296112807, -27.572383239829946 ], [ -60.707837209252155, -27.572369704498456 ], [ -60.707844005661819, -27.571850798502709 ], [ -60.706877114937456, -27.571878282003905 ], [ -60.706893746804106, -27.572893380541341 ], [ -60.707612614457602, -27.572876184411182 ], [ -60.707627803633606, -27.572876107030261 ], [ -60.707648084814636, -27.57288051563015 ], [ -60.707663331885243, -27.57288946179936 ], [ -60.707678578958308, -27.572898407966836 ], [ -60.707688762973802, -27.57290737992885 ], [ -60.707698975939522, -27.572920863667004 ], [ -60.707709188907749, -27.572934347404349 ], [ -60.707714367765895, -27.572952368714997 ], [ -60.707714454613637, -27.572965904045724 ], [ -60.707714541461428, -27.572979439376422 ], [ -60.707709594194448, -27.572997512281066 ], [ -60.707699554912232, -27.573011099205385 ], [ -60.707689515627557, -27.573024686128988 ], [ -60.707679447392529, -27.573033761274996 ], [ -60.70766431608957, -27.573042862215772 ], [ -60.707649184784088, -27.573051963154938 ], [ -60.707628961463094, -27.573056578109764 ], [ -60.707613772262228, -27.573056655491282 ], [ -60.706894903433415, -27.573073851649081 ], [ -60.706921401870595, -27.574048292473737 ] ] ] } },
{ "type": "Feature", "properties": { "FNODE_": 484, "TNODE_": 484, "LPOLY_": 2, "RPOLY_": 481, "LENGTH": 403.625, "M0080_": 484, "M0080_ID": 0 }, "geometry": { "type": "MultiLineString", "coordinates": [ [ [ -60.706718877335682, -27.574049323092979 ], [ -60.706692380686505, -27.573074882196266 ], [ -60.705720329087285, -27.573088848270604 ], [ -60.70577201724997, -27.574045113765155 ], [ -60.706718877335682, -27.574049323092979 ] ] ] } },
{ "type": "Feature", "properties": { "FNODE_": 485, "TNODE_": 485, "LPOLY_": 2, "RPOLY_": 482, "LENGTH": 461.157, "M0080_": 485, "M0080_ID": 0 }, "geometry": { "type": "MultiLineString", "coordinates": [ [ [ -60.704187463774062, -27.57408473981975 ], [ -60.705468259235595, -27.574051168847777 ], [ -60.705416573699949, -27.573094903191731 ], [ -60.704181328171231, -27.573123730694949 ], [ -60.704187463774062, -27.57408473981975 ] ] ] } },
{ "type": "Feature", "properties": { "FNODE_": 486, "TNODE_": 486, "LPOLY_": 2, "RPOLY_": 483, "LENGTH": 377.043, "M0080_": 486, "M0080_ID": 0 }, "geometry": { "type": "MultiLineString", "coordinates": [ [ [ -60.703180047005347, -27.574112403308973 ], [ -60.703984967850808, -27.574090278233868 ], [ -60.703978805214142, -27.573124757287484 ], [ -60.703153524053263, -27.573128937599201 ], [ -60.703180047005347, -27.574112403308973 ] ] ] } },
{ "type": "Feature", "properties": { "FNODE_": 487, "TNODE_": 487, "LPOLY_": 2, "RPOLY_": 484, "LENGTH": 415.575, "M0080_": 487, "M0080_ID": 0 }, "geometry": { "type": "MultiLineString", "coordinates": [ [ [ -60.701965041526222, -27.574141108787316 ], [ -60.702977550946237, -27.574117940256151 ], [ -60.702951001041825, -27.57312996269339 ], [ -60.701968907856902, -27.573157489123727 ], [ -60.701965041526222, -27.574141108787316 ] ] ] } },
{ "type": "Feature", "properties": { "FNODE_": 488, "TNODE_": 488, "LPOLY_": 2, "RPOLY_": 485, "LENGTH": 421.559, "M0080_": 488, "M0080_ID": 0 }, "geometry": { "type": "MultiLineString", "coordinates": [ [ [ -60.700734817123625, -27.574165368497408 ], [ -60.70176251660461, -27.574142132183184 ], [ -60.701766413447693, -27.573163024274287 ], [ -60.700718499428731, -27.573190874405221 ], [ -60.700734817123625, -27.574165368497408 ] ] ] } },
{ "type": "Feature", "properties": { "FNODE_": 489, "TNODE_": 489, "LPOLY_": 2, "RPOLY_": 486, "LENGTH": 411.579, "M0080_": 489, "M0080_ID": 0 }, "geometry": { "type": "MultiLineString", "coordinates": [ [ [ -60.69953991935386, -27.574171391687024 ], [ -60.700532292104029, -27.574166390100373 ], [ -60.7005159761977, -27.573191895951268 ], [ -60.699503502951124, -27.573219558176476 ], [ -60.69953991935386, -27.574171391687024 ] ] ] } },
{ "type": "Feature", "properties": { "FNODE_": 490, "TNODE_": 490, "LPOLY_": 2, "RPOLY_": 487, "LENGTH": 403.577, "M0080_": 490, "M0080_ID": 0 }, "geometry": { "type": "MultiLineString", "coordinates": [ [ [ -60.698355233174098, -27.574190889040683 ], [ -60.699337394271382, -27.574172411547988 ], [ -60.69930097961474, -27.573220577952039 ], [ -60.698334016234433, -27.573238978667117 ], [ -60.698355233174098, -27.574190889040683 ] ] ] } },
{ "type": "Feature", "properties": { "FNODE_": 491, "TNODE_": 491, "LPOLY_": 2, "RPOLY_": 489, "LENGTH": 303.557, "M0080_": 491, "M0080_ID": 0 }, "geometry": { "type": "MultiLineString", "coordinates": [ [ [ -60.697702203628971, -27.574212218607734 ], [ -60.698152736564161, -27.574196418960369 ], [ -60.698131492811761, -27.573239996738234 ], [ -60.697675786532926, -27.573237774532313 ], [ -60.697702203628971, -27.574212218607734 ] ] ] } },
{ "type": "Feature", "properties": { "FNODE_": 492, "TNODE_": 492, "LPOLY_": 2, "RPOLY_": 490, "LENGTH": 295.54, "M0080_": 492, "M0080_ID": 0 }, "geometry": { "type": "MultiLineString", "coordinates": [ [ [ -60.697104811182967, -27.574224242020744 ], [ -60.697499706924944, -27.574217747576618 ], [ -60.697473263084021, -27.573238791643682 ], [ -60.697078342328091, -27.573240774161679 ], [ -60.697104811182967, -27.574224242020744 ] ] ] } },
{ "type": "Feature", "properties": { "FNODE_": 493, "TNODE_": 493, "LPOLY_": 2, "RPOLY_": 491, "LENGTH": 298.552, "M0080_": 493, "M0080_ID": 0 }, "geometry": { "type": "MultiLineString", "coordinates": [ [ [ -60.696497292280512, -27.57423631364566 ], [ -60.696902285898105, -27.574225258333009 ], [ -60.696875818847857, -27.573241790402093 ], [ -60.696470800345253, -27.5732483337848 ], [ -60.696497292280512, -27.57423631364566 ] ] ] } },
{ "type": "Feature", "properties": { "FNODE_": 494, "TNODE_": 494, "LPOLY_": 2, "RPOLY_": 492, "LENGTH": 300.575, "M0080_": 494, "M0080_ID": 0 }, "geometry": { "type": "MultiLineString", "coordinates": [ [ [ -60.695894864785011, -27.574252869035785 ], [ -60.696294795430966, -27.574241840859681 ], [ -60.696268276824924, -27.573249349139669 ], [ -60.695858195128416, -27.573255916117201 ], [ -60.695894864785011, -27.574252869035785 ] ] ] } },
{ "type": "Feature", "properties": { "FNODE_": 495, "TNODE_": 495, "LPOLY_": 2, "RPOLY_": 493, "LENGTH": 420.08, "M0080_": 495, "M0080_ID": 0 }, "geometry": { "type": "MultiLineString", "coordinates": [ [ [ -60.694674762822125, -27.574277024379114 ], [ -60.695186111190118, -27.574269954030353 ], [ -60.695692367854463, -27.574258395372564 ], [ -60.695655700024126, -27.573261442367542 ], [ -60.695154539453064, -27.573277487258284 ], [ -60.694658356539328, -27.573279969653896 ], [ -60.694674762822125, -27.574277024379114 ] ] ] } },
{ "type": "Feature", "properties": { "FNODE_": 496, "TNODE_": 496, "LPOLY_": 2, "RPOLY_": 494, "LENGTH": 481.521, "M0080_": 496, "M0080_ID": 0 }, "geometry": { "type": "MultiLineString", "coordinates": [ [ [ -60.693535670306531, -27.574300764533881 ], [ -60.694254550826088, -27.574283637338528 ], [ -60.694247499698498, -27.573967837403607 ], [ -60.694252477622342, -27.57395427672855 ], [ -60.694257455544971, -27.57394071605329 ], [ -60.694267524988241, -27.573931641859421 ], [ -60.694282685952039, -27.573927054145837 ], [ -60.694297846914537, -27.573922466430613 ], [ -60.694313064680237, -27.57392690229225 ], [ -60.694328282447138, -27.573931338152203 ], [ -60.694338465496791, -27.573940311110167 ], [ -60.694343613829318, -27.573953821167265 ], [ -60.694348762163116, -27.573967331224122 ], [ -60.694355813580493, -27.574283131148587 ], [ -60.694472237335603, -27.574278037150016 ], [ -60.694455832882831, -27.573280982367301 ], [ -60.693529343758385, -27.573294635346691 ], [ -60.693535670306531, -27.574300764533881 ] ] ] } },
{ "type": "Feature", "properties": { "FNODE_": 497, "TNODE_": 497, "LPOLY_": 2, "RPOLY_": 495, "LENGTH": 556.578, "M0080_": 497, "M0080_ID": 0 }, "geometry": { "type": "MultiLineString", "coordinates": [ [ [ -60.692229550040992, -27.574334351755322 ], [ -60.693333173090089, -27.574306287434684 ], [ -60.693326820026407, -27.573295646414479 ], [ -60.692800201594672, -27.573289250226772 ], [ -60.692793136078201, -27.57377657415746 ], [ -60.692788157981241, -27.573790134783717 ], [ -60.692783179883065, -27.57380369540979 ], [ -60.692773110326627, -27.57381276949825 ], [ -60.692757949311812, -27.573817357048004 ], [ -60.69274278829571, -27.573821944596105 ], [ -60.692727570603758, -27.573817508560921 ], [ -60.692712352912999, -27.573813072524029 ], [ -60.692702170004857, -27.573804099444025 ], [ -60.692697021879425, -27.57379058932197 ], [ -60.692691873755287, -27.573777079199665 ], [ -60.692698939719293, -27.573289755265936 ], [ -60.692228185229027, -27.57331014989504 ], [ -60.692229550040992, -27.574334351755322 ] ] ] } },
{ "type": "Feature", "properties": { "FNODE_": 498, "TNODE_": 498, "LPOLY_": 2, "RPOLY_": 511, "LENGTH": 140.015, "M0080_": 498, "M0080_ID": 0 }, "geometry": { "type": "MultiLineString", "coordinates": [ [ [ -60.736319168177502, -27.574112130319048 ], [ -60.736344483593989, -27.574111996112748 ], [ -60.736359672843776, -27.574111915586752 ], [ -60.73637486209352, -27.574111835059103 ], [ -60.7363900513432, -27.574111754529774 ], [ -60.736405240592802, -27.574111673998804 ], [ -60.736688743104793, -27.574105658701779 ], [ -60.736681660949571, -27.573803398480965 ], [ -60.73631208703388, -27.573809870059886 ], [ -60.736319168177502, -27.574112130319048 ] ] ] } },
{ "type": "Feature", "properties": { "FNODE_": 499, "TNODE_": 499, "LPOLY_": 2, "RPOLY_": 496, "LENGTH": 538.026, "M0080_": 499, "M0080_ID": 0 }, "geometry": { "type": "MultiLineString", "coordinates": [ [ [ -60.691029698207529, -27.574358374170888 ], [ -60.692027024344185, -27.57433536096292 ], [ -60.692025689720673, -27.573315670858083 ], [ -60.6916206986227, -27.57332671189959 ], [ -60.691623754132578, -27.573813985441078 ], [ -60.691618775889268, -27.573827546028024 ], [ -60.691613797644777, -27.573841106614783 ], [ -60.691603727986809, -27.573850180620237 ], [ -60.691588566915293, -27.57385476804329 ], [ -60.691573405842497, -27.573859355464716 ], [ -60.691558188189418, -27.573854919300658 ], [ -60.691542970537526, -27.573850483134901 ], [ -60.691532787719041, -27.573841509967515 ], [ -60.691527639733991, -27.57382799979958 ], [ -60.691522491750241, -27.573814489631417 ], [ -60.691519436687642, -27.57332721607953 ], [ -60.691013183505994, -27.573338759457602 ], [ -60.691029698207529, -27.574358374170888 ] ] ] } },
{ "type": "Feature", "properties": { "FNODE_": 500, "TNODE_": 500, "LPOLY_": 2, "RPOLY_": 498, "LENGTH": 402.565, "M0080_": 500, "M0080_ID": 0 }, "geometry": { "type": "MultiLineString", "coordinates": [ [ [ -60.68992086936575, -27.574363886391687 ], [ -60.690827172415204, -27.57435938162984 ], [ -60.690810659585125, -27.573339766858297 ], [ -60.690304434449672, -27.57335581944869 ], [ -60.689899471137231, -27.573371367270759 ], [ -60.68992086936575, -27.574363886391687 ] ] ] } },
{ "type": "Feature", "properties": { "FNODE_": 501, "TNODE_": 501, "LPOLY_": 2, "RPOLY_": 502, "LENGTH": 528.648, "M0080_": 501, "M0080_ID": 0 }, "geometry": { "type": "MultiLineString", "coordinates": [ [ [ -60.68896913870109, -27.57439117025401 ], [ -60.689495621480347, -27.57437502190685 ], [ -60.68949423940721, -27.574153944019102 ], [ -60.689499217927313, -27.574140383503885 ], [ -60.689504196446222, -27.574126822988497 ], [ -60.689514266305189, -27.574117749131993 ], [ -60.689529427504091, -27.574113161933301 ], [ -60.689544588701708, -27.574108574732975 ], [ -60.689559806314122, -27.574113011118342 ], [ -60.689575023927709, -27.574117447502022 ], [ -60.689585206616243, -27.574126420815038 ], [ -60.689590354379767, -27.574139931058497 ], [ -60.689595502144577, -27.574153441301711 ], [ -60.689596884420666, -27.574374519184744 ], [ -60.689718371730706, -27.574369404027454 ], [ -60.689696975321617, -27.573376884842769 ], [ -60.689175560453258, -27.573393008746137 ], [ -60.689160371146208, -27.57339308411062 ], [ -60.689140118736681, -27.573393184594021 ], [ -60.689124929429475, -27.573393259954639 ], [ -60.689109740122227, -27.573393335313575 ], [ -60.689089487712451, -27.573393435789605 ], [ -60.688142715587766, -27.573402641543382 ], [ -60.68896913870109, -27.57439117025401 ] ] ] } },
{ "type": "Feature", "properties": { "FNODE_": 502, "TNODE_": 502, "LPOLY_": 2, "RPOLY_": 506, "LENGTH": 346.537, "M0080_": 502, "M0080_ID": 0 }, "geometry": { "type": "MultiLineString", "coordinates": [ [ [ -60.741919601721726, -27.574181589857034 ], [ -60.742400533559241, -27.574169996266448 ], [ -60.743185189113461, -27.574147752396627 ], [ -60.743182331390059, -27.5737236487651 ], [ -60.741916597114248, -27.573734927394742 ], [ -60.741919601721726, -27.574181589857034 ] ] ] } },
{ "type": "Feature", "properties": { "FNODE_": 503, "TNODE_": 503, "LPOLY_": 2, "RPOLY_": 507, "LENGTH": 247.007, "M0080_": 503, "M0080_ID": 0 }, "geometry": { "type": "MultiLineString", "coordinates": [ [ [ -60.74096267945874, -27.574186698066409 ], [ -60.741717078512494, -27.574182671509444 ], [ -60.741714074725003, -27.573736009026685 ], [ -60.74095973934589, -27.573749058993833 ], [ -60.74096267945874, -27.574186698066409 ] ] ] } },
{ "type": "Feature", "properties": { "FNODE_": 504, "TNODE_": 504, "LPOLY_": 2, "RPOLY_": 508, "LENGTH": 348.506, "M0080_": 504, "M0080_ID": 0 }, "geometry": { "type": "MultiLineString", "coordinates": [ [ [ -60.739484289633097, -27.574199088900428 ], [ -60.740041228796088, -27.574196122596799 ], [ -60.740061481127682, -27.574196014689139 ], [ -60.740076670376297, -27.57419593375645 ], [ -60.740091859624869, -27.574195852822115 ], [ -60.740112111956186, -27.574195744907072 ], [ -60.740760156196153, -27.574187778323793 ], [ -60.740757216886749, -27.573750139231191 ], [ -60.739486418448202, -27.573761422726296 ], [ -60.739484289633097, -27.574199088900428 ] ] ] } },
{ "type": "Feature", "properties": { "FNODE_": 505, "TNODE_": 505, "LPOLY_": 2, "RPOLY_": 509, "LENGTH": 245.516, "M0080_": 505, "M0080_ID": 0 }, "geometry": { "type": "MultiLineString", "coordinates": [ [ [ -60.738527396901851, -27.574208692080809 ], [ -60.739281766280016, -27.574200167002711 ], [ -60.739283895898808, -27.57376250081597 ], [ -60.738534592579136, -27.57377099892631 ], [ -60.738527396901851, -27.574208692080809 ] ] ] } },
{ "type": "Feature", "properties": { "FNODE_": 506, "TNODE_": 506, "LPOLY_": 2, "RPOLY_": 539, "LENGTH": 43.437, "M0080_": 506, "M0080_ID": 0 }, "geometry": { "type": "MultiLineString", "coordinates": [ [ [ -60.736183549075598, -27.574275277871987 ], [ -60.736325315619631, -27.574274526391619 ], [ -60.736319770593795, -27.574202365271557 ], [ -60.736299458003828, -27.574193449138441 ], [ -60.736284298862032, -27.574198041405708 ], [ -60.736269139718914, -27.574202633671334 ], [ -60.736253950456316, -27.57420271418767 ], [ -60.736238761193654, -27.574202794702348 ], [ -60.736183097345297, -27.574207601656362 ], [ -60.736183549075598, -27.574275277871987 ] ] ] } },
{ "type": "Feature", "properties": { "FNODE_": 507, "TNODE_": 507, "LPOLY_": 2, "RPOLY_": 513, "LENGTH": 244.29, "M0080_": 507, "M0080_ID": 0 }, "geometry": { "type": "MultiLineString", "coordinates": [ [ [ -60.735642761290755, -27.574422524209769 ], [ -60.736088253693474, -27.574411140154879 ], [ -60.736082769036209, -27.574348002519354 ], [ -60.736082678702104, -27.574334467276106 ], [ -60.736082588368063, -27.574320932032848 ], [ -60.736082498034108, -27.574307396789553 ], [ -60.736082407700195, -27.574293861546241 ], [ -60.736081534475638, -27.574163020859455 ], [ -60.736086507227704, -27.574149458783594 ], [ -60.736091479978562, -27.574135896707549 ], [ -60.73610154592415, -27.574126819546414 ], [ -60.73611670506434, -27.574122227299085 ], [ -60.736131864203223, -27.574117635050143 ], [ -60.736217906509857, -27.57411266709812 ], [ -60.736210825643553, -27.573810406828393 ], [ -60.735643791898738, -27.573817923116554 ], [ -60.735642761290755, -27.574422524209769 ] ] ] } },
{ "type": "Feature", "properties": { "FNODE_": 508, "TNODE_": 508, "LPOLY_": 2, "RPOLY_": 520, "LENGTH": 291.759, "M0080_": 508, "M0080_ID": 0 }, "geometry": { "type": "MultiLineString", "coordinates": [ [ [ -60.724150754326317, -27.574672415949916 ], [ -60.724135503355186, -27.573891934296043 ], [ -60.723274926402908, -27.573918977839543 ], [ -60.724150754326317, -27.574672415949916 ] ] ] } },
{ "type": "Feature", "properties": { "FNODE_": 509, "TNODE_": 509, "LPOLY_": 2, "RPOLY_": 348, "LENGTH": 2472.145, "M0080_": 509, "M0080_ID": 0 }, "geometry": { "type": "MultiLineString", "coordinates": [ [ [ -60.745993855778778, -27.574683147592193 ], [ -60.748165893740605, -27.574666952665709 ], [ -60.748186146121199, -27.574666843571737 ], [ -60.748201335406563, -27.57466676174932 ], [ -60.748216524691877, -27.574666679925244 ], [ -60.748236777072172, -27.574666570823897 ], [ -60.74956327707087, -27.574654906521587 ], [ -60.749583529442774, -27.574654797223918 ], [ -60.749598718721607, -27.574654715248723 ], [ -60.749613908000384, -27.574654633271876 ], [ -60.749634160372004, -27.574654523966814 ], [ -60.750920216454197, -27.574652088782024 ], [ -60.750940468819273, -27.574651979286521 ], [ -60.750955658093005, -27.574651897162955 ], [ -60.750970847366666, -27.574651815037718 ], [ -60.750991099731458, -27.574651705534833 ], [ -60.753517612165751, -27.574642533620647 ], [ -60.753400906722, -27.570158339749582 ], [ -60.751279650662575, -27.570183364425784 ], [ -60.751234084690516, -27.570183610861143 ], [ -60.745908138421129, -27.57024389563469 ], [ -60.745932756491875, -27.572386917592546 ], [ -60.745976283690723, -27.573582337966482 ], [ -60.745993855778778, -27.574683147592193 ] ] ] } },
{ "type": "Feature", "properties": { "FNODE_": 510, "TNODE_": 510, "LPOLY_": 2, "RPOLY_": 510, "LENGTH": 494.58, "M0080_": 510, "M0080_ID": 0 }, "geometry": { "type": "MultiLineString", "coordinates": [ [ [ -60.73690564301895, -27.574740686967044 ], [ -60.738333440182089, -27.574733104337472 ], [ -60.738320625877449, -27.574331612831067 ], [ -60.738320505065914, -27.574313565849138 ], [ -60.738320323848832, -27.574286495376167 ], [ -60.738320203037603, -27.574268448394125 ], [ -60.738320112429236, -27.57425491315756 ], [ -60.738332069968585, -27.573772075628565 ], [ -60.737876454421787, -27.573783520621735 ], [ -60.737436058112095, -27.573799395225969 ], [ -60.736884183693043, -27.573802324183902 ], [ -60.736891567844651, -27.574149701854211 ], [ -60.73690564301895, -27.574740686967044 ] ] ] } },
{ "type": "Feature", "properties": { "FNODE_": 511, "TNODE_": 511, "LPOLY_": 2, "RPOLY_": 505, "LENGTH": 650.026, "M0080_": 511, "M0080_ID": 0 }, "geometry": { "type": "MultiLineString", "coordinates": [ [ [ -60.743391513487296, -27.574710636133609 ], [ -60.744236990645781, -27.574697084527298 ], [ -60.744257243050079, -27.574696976006067 ], [ -60.744272432353213, -27.574696894613226 ], [ -60.744287621656291, -27.574696813218694 ], [ -60.744307874060297, -27.574696704690094 ], [ -60.745588807882555, -27.574685322518828 ], [ -60.745572185292787, -27.573724376655392 ], [ -60.743374727574398, -27.57372261918848 ], [ -60.743388077110694, -27.574200809489689 ], [ -60.7433881987508, -27.574218856451179 ], [ -60.743388289980956, -27.574232391672268 ], [ -60.743388381211169, -27.574245926893326 ], [ -60.743388502851559, -27.574263973854709 ], [ -60.743391513487296, -27.574710636133609 ] ] ] } },
{ "type": "Feature", "properties": { "FNODE_": 512, "TNODE_": 512, "LPOLY_": 2, "RPOLY_": 541, "LENGTH": 218.776, "M0080_": 512, "M0080_ID": 0 }, "geometry": { "type": "MultiLineString", "coordinates": [ [ [ -60.736196837457257, -27.574748957689302 ], [ -60.736703118553478, -27.57474176132893 ], [ -60.736689345823272, -27.574195893646841 ], [ -60.73642609542879, -27.574201801571924 ], [ -60.73642687868724, -27.574319107005611 ], [ -60.736421905970197, -27.574332669092666 ], [ -60.736416933251967, -27.574346231179536 ], [ -60.736406867313356, -27.574355308363128 ], [ -60.736391708154208, -27.574359900642357 ], [ -60.736376548993782, -27.574364492919962 ], [ -60.736184151385139, -27.574365512825125 ], [ -60.73618963610145, -27.57442865045536 ], [ -60.736189726449041, -27.574442185698071 ], [ -60.736189816796688, -27.574455720940783 ], [ -60.736189907144407, -27.574469256183455 ], [ -60.736189997492168, -27.574482791426103 ], [ -60.736196837457257, -27.574748957689302 ] ] ] } },
{ "type": "Feature", "properties": { "FNODE_": 513, "TNODE_": 513, "LPOLY_": 2, "RPOLY_": 552, "LENGTH": 228.529, "M0080_": 513, "M0080_ID": 0 }, "geometry": { "type": "MultiLineString", "coordinates": [ [ [ -60.742454869742588, -27.574720158055868 ], [ -60.743188989374353, -27.574711719951186 ], [ -60.743186405184922, -27.57432822201913 ], [ -60.742452379220516, -27.57435019528404 ], [ -60.742454869742588, -27.574720158055868 ] ] ] } },
{ "type": "Feature", "properties": { "FNODE_": 514, "TNODE_": 514, "LPOLY_": 2, "RPOLY_": 554, "LENGTH": 353.524, "M0080_": 514, "M0080_ID": 0 }, "geometry": { "type": "MultiLineString", "coordinates": [ [ [ -60.742044758279441, -27.574722349715259 ], [ -60.742065010698468, -27.574722241513587 ], [ -60.742080200012644, -27.574722160360395 ], [ -60.742095389326778, -27.574722079205532 ], [ -60.742115641745535, -27.574721970996482 ], [ -60.742353607657243, -27.574720699318906 ], [ -60.742351117474747, -27.574350736538594 ], [ -60.741854995574734, -27.574362411102637 ], [ -60.741834743220821, -27.574362519272391 ], [ -60.741819553955317, -27.574362600397773 ], [ -60.741804364689735, -27.574362681521492 ], [ -60.741784112335544, -27.574362789683871 ], [ -60.740963891895703, -27.574367167778949 ], [ -60.740976412704008, -27.574723541425435 ], [ -60.742044758279441, -27.574722349715259 ] ] ] } },
{ "type": "Feature", "properties": { "FNODE_": 515, "TNODE_": 515, "LPOLY_": 2, "RPOLY_": 557, "LENGTH": 194.536, "M0080_": 515, "M0080_ID": 0 }, "geometry": { "type": "MultiLineString", "coordinates": [ [ [ -60.740191691741352, -27.574736749417088 ], [ -60.740773888456339, -27.57472462172213 ], [ -60.740761368301825, -27.574368248044578 ], [ -60.740179143185593, -27.574375863907186 ], [ -60.740191691741352, -27.574736749417088 ] ] ] } },
{ "type": "Feature", "properties": { "FNODE_": 516, "TNODE_": 516, "LPOLY_": 2, "RPOLY_": 558, "LENGTH": 364.099, "M0080_": 516, "M0080_ID": 0 }, "geometry": { "type": "MultiLineString", "coordinates": [ [ [ -60.739989167433428, -27.57473782857009 ], [ -60.739976619539732, -27.574376943028927 ], [ -60.739434838483191, -27.574375316484055 ], [ -60.739419649207655, -27.57437539734704 ], [ -60.739399427087264, -27.574380016906108 ], [ -60.739384237810974, -27.574380097765221 ], [ -60.739369048534613, -27.574380178622679 ], [ -60.739348796166034, -27.574380286430049 ], [ -60.738528605355349, -27.574389161892213 ], [ -60.738541027666393, -27.574732000676537 ], [ -60.739989167433428, -27.57473782857009 ] ] ] } },
{ "type": "Feature", "properties": { "FNODE_": 517, "TNODE_": 517, "LPOLY_": 2, "RPOLY_": 559, "LENGTH": 142.103, "M0080_": 517, "M0080_ID": 0 }, "geometry": { "type": "MultiLineString", "coordinates": [ [ [ -60.735665330966022, -27.574769821539046 ], [ -60.736095575202164, -27.574749494390577 ], [ -60.736088855928529, -27.574501375108195 ], [ -60.735648426264099, -27.574512732355362 ], [ -60.735665330966022, -27.574769821539046 ] ] ] } },
{ "type": "Feature", "properties": { "FNODE_": 518, "TNODE_": 518, "LPOLY_": 2, "RPOLY_": 512, "LENGTH": 431.579, "M0080_": 518, "M0080_ID": 0 }, "geometry": { "type": "MultiLineString", "coordinates": [ [ [ -60.734257905083702, -27.574795316685218 ], [ -60.735361574180921, -27.574775942008259 ], [ -60.735339366432484, -27.57448278559238 ], [ -60.735340007651509, -27.57381953173952 ], [ -60.734246324081816, -27.573816293781864 ], [ -60.734257905083702, -27.574795316685218 ] ] ] } },
{ "type": "Feature", "properties": { "FNODE_": 519, "TNODE_": 519, "LPOLY_": 2, "RPOLY_": 514, "LENGTH": 413.081, "M0080_": 519, "M0080_ID": 0 }, "geometry": { "type": "MultiLineString", "coordinates": [ [ [ -60.733047819916237, -27.57480170855403 ], [ -60.734055380397272, -27.57479638718851 ], [ -60.734043831219793, -27.573821875983541 ], [ -60.733021300314739, -27.573858859512789 ], [ -60.733047819916237, -27.57480170855403 ] ] ] } },
{ "type": "Feature", "properties": { "FNODE_": 520, "TNODE_": 520, "LPOLY_": 2, "RPOLY_": 522, "LENGTH": 407.043, "M0080_": 520, "M0080_ID": 0 }, "geometry": { "type": "MultiLineString", "coordinates": [ [ [ -60.731842857347729, -27.574817086707338 ], [ -60.732845295163074, -27.574802777293165 ], [ -60.732818807268856, -27.573864439931096 ], [ -60.731816318099085, -27.573869725485601 ], [ -60.731842857347729, -27.574817086707338 ] ] ] } },
{ "type": "Feature", "properties": { "FNODE_": 521, "TNODE_": 521, "LPOLY_": 2, "RPOLY_": 519, "LENGTH": 410.55, "M0080_": 521, "M0080_ID": 0 }, "geometry": { "type": "MultiLineString", "coordinates": [ [ [ -60.730632771286714, -27.574823457541058 ], [ -60.73164033251166, -27.574818153690114 ], [ -60.731613795001316, -27.573870792396054 ], [ -60.730611185955631, -27.573858022240518 ], [ -60.730632771286714, -27.574823457541058 ] ] ] } },
{ "type": "Feature", "properties": { "FNODE_": 522, "TNODE_": 522, "LPOLY_": 2, "RPOLY_": 515, "LENGTH": 425.051, "M0080_": 522, "M0080_ID": 0 }, "geometry": { "type": "MultiLineString", "coordinates": [ [ [ -60.729377146549254, -27.574834568891134 ], [ -60.730430246384145, -27.574824522759673 ], [ -60.730408662824793, -27.573859087393444 ], [ -60.729345326699971, -27.573851139337808 ], [ -60.729377146549254, -27.574834568891134 ] ] ] } },
{ "type": "Feature", "properties": { "FNODE_": 523, "TNODE_": 523, "LPOLY_": 2, "RPOLY_": 516, "LENGTH": 431.053, "M0080_": 523, "M0080_ID": 0 }, "geometry": { "type": "MultiLineString", "coordinates": [ [ [ -60.72907335907545, -27.574836163862759 ], [ -60.729041541932617, -27.573852734187632 ], [ -60.727958102282635, -27.573867440587911 ], [ -60.727984757308576, -27.574837361966782 ], [ -60.72907335907545, -27.574836163862759 ] ] ] } },
{ "type": "Feature", "properties": { "FNODE_": 524, "TNODE_": 524, "LPOLY_": 2, "RPOLY_": 518, "LENGTH": 413.558, "M0080_": 524, "M0080_ID": 0 }, "geometry": { "type": "MultiLineString", "coordinates": [ [ [ -60.724364650044393, -27.574860800971724 ], [ -60.725356993954335, -27.574851110150597 ], [ -60.725370985392026, -27.573899023333063 ], [ -60.724337997198674, -27.573886366528473 ], [ -60.724364650044393, -27.574860800971724 ] ] ] } },
{ "type": "Feature", "properties": { "FNODE_": 525, "TNODE_": 525, "LPOLY_": 2, "RPOLY_": 517, "LENGTH": 413.57, "M0080_": 525, "M0080_ID": 0 }, "geometry": { "type": "MultiLineString", "coordinates": [ [ [ -60.726754506664172, -27.574857340436431 ], [ -60.727782232260843, -27.574838423324906 ], [ -60.727755579014627, -27.57386850187293 ], [ -60.726773430197682, -27.573887180189146 ], [ -60.726754506664172, -27.574857340436431 ] ] ] } },
{ "type": "Feature", "properties": { "FNODE_": 526, "TNODE_": 526, "LPOLY_": 2, "RPOLY_": 521, "LENGTH": 409.561, "M0080_": 526, "M0080_ID": 0 }, "geometry": { "type": "MultiLineString", "coordinates": [ [ [ -60.726551981524317, -27.574858400001478 ], [ -60.726570906840067, -27.573888239747571 ], [ -60.725573508823409, -27.57389796552377 ], [ -60.725559519134563, -27.574850052328177 ], [ -60.726551981524317, -27.574858400001478 ] ] ] } },
{ "type": "Feature", "properties": { "FNODE_": 527, "TNODE_": 527, "LPOLY_": 2, "RPOLY_": 529, "LENGTH": 285.853, "M0080_": 527, "M0080_ID": 0 }, "geometry": { "type": "MultiLineString", "coordinates": [ [ [ -60.723109111619777, -27.57488539095371 ], [ -60.723944439746376, -27.574867503769294 ], [ -60.723078796974519, -27.574123035187522 ], [ -60.723109111619777, -27.57488539095371 ] ] ] } },
{ "type": "Feature", "properties": { "FNODE_": 528, "TNODE_": 528, "LPOLY_": 2, "RPOLY_": 523, "LENGTH": 453.237, "M0080_": 528, "M0080_ID": 0 }, "geometry": { "type": "MultiLineString", "coordinates": [ [ [ -60.721509249562914, -27.574907246773876 ], [ -60.722805323583067, -27.57488697221919 ], [ -60.722768765280655, -27.573944172239681 ], [ -60.721630248605187, -27.574053866120487 ], [ -60.721483507324336, -27.574068164185174 ], [ -60.721509249562914, -27.574907246773876 ] ] ] } },
{ "type": "Feature", "properties": { "FNODE_": 529, "TNODE_": 529, "LPOLY_": 2, "RPOLY_": 526, "LENGTH": 388.062, "M0080_": 529, "M0080_ID": 0 }, "geometry": { "type": "MultiLineString", "coordinates": [ [ [ -60.717864083152371, -27.574971253794793 ], [ -60.718881627821879, -27.574943431306085 ], [ -60.718876128551912, -27.574099731269357 ], [ -60.717858591659471, -27.57412755357279 ], [ -60.717864083152371, -27.574971253794793 ] ] ] } },
{ "type": "Feature", "properties": { "FNODE_": 530, "TNODE_": 530, "LPOLY_": 2, "RPOLY_": 524, "LENGTH": 389.703, "M0080_": 530, "M0080_ID": 0 }, "geometry": { "type": "MultiLineString", "coordinates": [ [ [ -60.720309610148107, -27.574963104480478 ], [ -60.721306753603805, -27.574912810454958 ], [ -60.721286105506984, -27.574078213270028 ], [ -60.720268393060636, -27.574078982631953 ], [ -60.720309610148107, -27.574963104480478 ] ] ] } },
{ "type": "Feature", "properties": { "FNODE_": 531, "TNODE_": 531, "LPOLY_": 2, "RPOLY_": 525, "LENGTH": 390.612, "M0080_": 531, "M0080_ID": 0 }, "geometry": { "type": "MultiLineString", "coordinates": [ [ [ -60.720107084525218, -27.574964154652129 ], [ -60.720065869059319, -27.574080032712605 ], [ -60.719078623226935, -27.574094171157714 ], [ -60.71908415346136, -27.574942382921961 ], [ -60.720107084525218, -27.574964154652129 ] ] ] } },
{ "type": "Feature", "properties": { "FNODE_": 532, "TNODE_": 532, "LPOLY_": 2, "RPOLY_": 527, "LENGTH": 390.064, "M0080_": 532, "M0080_ID": 0 }, "geometry": { "type": "MultiLineString", "coordinates": [ [ [ -60.716669386314891, -27.575009006870701 ], [ -60.717661616122847, -27.574981323932601 ], [ -60.717656067461633, -27.57412860014157 ], [ -60.716638383202188, -27.574133854680252 ], [ -60.716669386314891, -27.575009006870701 ] ] ] } },
{ "type": "Feature", "properties": { "FNODE_": 533, "TNODE_": 533, "LPOLY_": 2, "RPOLY_": 528, "LENGTH": 390.601, "M0080_": 533, "M0080_ID": 0 }, "geometry": { "type": "MultiLineString", "coordinates": [ [ [ -60.715464532845566, -27.57504229008018 ], [ -60.716466889755516, -27.575014563503181 ], [ -60.716435888246025, -27.574139411237706 ], [ -60.715448728599817, -27.574167059204015 ], [ -60.715464532845566, -27.57504229008018 ] ] ] } },
{ "type": "Feature", "properties": { "FNODE_": 534, "TNODE_": 534, "LPOLY_": 2, "RPOLY_": 530, "LENGTH": 397.516, "M0080_": 534, "M0080_ID": 0 }, "geometry": { "type": "MultiLineString", "coordinates": [ [ [ -60.714234245763549, -27.575057645959635 ], [ -60.715262006861813, -27.575043333190099 ], [ -60.715246233481295, -27.574172614029241 ], [ -60.714223426733582, -27.574168853415685 ], [ -60.714234245763549, -27.575057645959635 ] ] ] } },
{ "type": "Feature", "properties": { "FNODE_": 535, "TNODE_": 535, "LPOLY_": 2, "RPOLY_": 531, "LENGTH": 393.088, "M0080_": 535, "M0080_ID": 0 }, "geometry": { "type": "MultiLineString", "coordinates": [ [ [ -60.713029273846836, -27.575072860985852 ], [ -60.714031719697132, -27.575058687276211 ], [ -60.714020931507378, -27.574174406455647 ], [ -60.713003450185688, -27.574211216765445 ], [ -60.713029273846836, -27.575072860985852 ] ] ] } },
{ "type": "Feature", "properties": { "FNODE_": 536, "TNODE_": 536, "LPOLY_": 2, "RPOLY_": 532, "LENGTH": 378.076, "M0080_": 536, "M0080_ID": 0 }, "geometry": { "type": "MultiLineString", "coordinates": [ [ [ -60.711859743437607, -27.575087883917703 ], [ -60.712826747699218, -27.575073900546016 ], [ -60.712806047051515, -27.574221253816631 ], [ -60.711839166735821, -27.574253283992785 ], [ -60.711859743437607, -27.575087883917703 ] ] ] } },
{ "type": "Feature", "properties": { "FNODE_": 537, "TNODE_": 537, "LPOLY_": 2, "RPOLY_": 533, "LENGTH": 373.557, "M0080_": 537, "M0080_ID": 0 }, "geometry": { "type": "MultiLineString", "coordinates": [ [ [ -60.710599162848958, -27.575116898629293 ], [ -60.711555983202331, -27.575093952361868 ], [ -60.711535437903208, -27.574263864121594 ], [ -60.710578595671976, -27.57428229834116 ], [ -60.710599162848958, -27.575116898629293 ] ] ] } },
{ "type": "Feature", "properties": { "FNODE_": 538, "TNODE_": 538, "LPOLY_": 2, "RPOLY_": 534, "LENGTH": 398.086, "M0080_": 538, "M0080_ID": 0 }, "geometry": { "type": "MultiLineString", "coordinates": [ [ [ -60.709353828846524, -27.575154847883677 ], [ -60.710396694636579, -27.575126958193422 ], [ -60.710376070867937, -27.574283334300791 ], [ -60.709560850369542, -27.574278477503945 ], [ -60.709322854662652, -27.574275181207913 ], [ -60.709353828846524, -27.575154847883677 ] ] ] } },
{ "type": "Feature", "properties": { "FNODE_": 539, "TNODE_": 539, "LPOLY_": 2, "RPOLY_": 535, "LENGTH": 385.611, "M0080_": 539, "M0080_ID": 0 }, "geometry": { "type": "MultiLineString", "coordinates": [ [ [ -60.709151302386431, -27.575155882087564 ], [ -60.709120329816457, -27.574276215336358 ], [ -60.70813822900044, -27.574303785548938 ], [ -60.708148622431864, -27.575133926398276 ], [ -60.709151302386431, -27.575155882087564 ] ] ] } },
{ "type": "Feature", "properties": { "FNODE_": 540, "TNODE_": 540, "LPOLY_": 2, "RPOLY_": 536, "LENGTH": 386.115, "M0080_": 540, "M0080_ID": 0 }, "geometry": { "type": "MultiLineString", "coordinates": [ [ [ -60.706943850033305, -27.575180671089147 ], [ -60.707946095957283, -27.57513495884416 ], [ -60.707935704049703, -27.574304817951138 ], [ -60.707621819301913, -27.574310929367176 ], [ -60.706928200097259, -27.574318973317354 ], [ -60.706943850033305, -27.575180671089147 ] ] ] } },
{ "type": "Feature", "properties": { "FNODE_": 541, "TNODE_": 541, "LPOLY_": 2, "RPOLY_": 537, "LENGTH": 383.527, "M0080_": 541, "M0080_ID": 0 }, "geometry": { "type": "MultiLineString", "coordinates": [ [ [ -60.705774374184216, -27.575204666366904 ], [ -60.706741352332259, -27.575186213556371 ], [ -60.706725675065627, -27.574320003955798 ], [ -60.70577881265654, -27.574315794718025 ], [ -60.705774374184216, -27.575204666366904 ] ] ] } },
{ "type": "Feature", "properties": { "FNODE_": 542, "TNODE_": 542, "LPOLY_": 2, "RPOLY_": 538, "LENGTH": 445.065, "M0080_": 542, "M0080_ID": 0 }, "geometry": { "type": "MultiLineString", "coordinates": [ [ [ -60.704214975870002, -27.575221605503753 ], [ -60.705470584117521, -27.575206209735835 ], [ -60.705475053897693, -27.574321849829229 ], [ -60.704189192167753, -27.574355446591227 ], [ -60.704214975870002, -27.575221605503753 ] ] ] } },
{ "type": "Feature", "properties": { "FNODE_": 543, "TNODE_": 543, "LPOLY_": 2, "RPOLY_": 540, "LENGTH": 350.537, "M0080_": 543, "M0080_ID": 0 }, "geometry": { "type": "MultiLineString", "coordinates": [ [ [ -60.703187152210376, -27.575226813020439 ], [ -60.70401244906234, -27.575222632217017 ], [ -60.703991758878729, -27.574360959354387 ], [ -60.703181772928559, -27.57438311013809 ], [ -60.703187152210376, -27.575226813020439 ] ] ] } },
{ "type": "Feature", "properties": { "FNODE_": 544, "TNODE_": 544, "LPOLY_": 2, "RPOLY_": 556, "LENGTH": 215.233, "M0080_": 544, "M0080_ID": 0 }, "geometry": { "type": "MultiLineString", "coordinates": [ [ [ -60.689734282288867, -27.575294271314188 ], [ -60.68972504314565, -27.574626551100636 ], [ -60.689553008590416, -27.574645453023606 ], [ -60.689193580641522, -27.574656260842804 ], [ -60.689734282288867, -27.575294271314188 ] ] ] } },
{ "type": "Feature", "properties": { "FNODE_": 545, "TNODE_": 545, "LPOLY_": 2, "RPOLY_": 542, "LENGTH": 383.553, "M0080_": 545, "M0080_ID": 0 }, "geometry": { "type": "MultiLineString", "coordinates": [ [ [ -60.701992358441785, -27.575250904643543 ], [ -60.702984625348378, -27.575227838235232 ], [ -60.702979276372851, -27.574388647096836 ], [ -60.701971827604815, -27.574411790097038 ], [ -60.701992358441785, -27.575250904643543 ] ] ] } },
{ "type": "Feature", "properties": { "FNODE_": 546, "TNODE_": 546, "LPOLY_": 2, "RPOLY_": 543, "LENGTH": 387.629, "M0080_": 546, "M0080_ID": 0 }, "geometry": { "type": "MultiLineString", "coordinates": [ [ [ -60.700782403050098, -27.575279574419845 ], [ -60.701789831483545, -27.575251928117034 ], [ -60.701769302186484, -27.574412813512005 ], [ -60.700741600187072, -27.574436049922447 ], [ -60.700782403050098, -27.575279574419845 ] ] ] } },
{ "type": "Feature", "properties": { "FNODE_": 547, "TNODE_": 547, "LPOLY_": 2, "RPOLY_": 544, "LENGTH": 388.608, "M0080_": 547, "M0080_ID": 0 }, "geometry": { "type": "MultiLineString", "coordinates": [ [ [ -60.699567412222514, -27.57531277095201 ], [ -60.700579904646887, -27.575285107912414 ], [ -60.700539074670743, -27.574437071544509 ], [ -60.699546699486632, -27.57444207322466 ], [ -60.699567412222514, -27.57531277095201 ] ] ] } },
{ "type": "Feature", "properties": { "FNODE_": 548, "TNODE_": 548, "LPOLY_": 2, "RPOLY_": 545, "LENGTH": 393.579, "M0080_": 548, "M0080_ID": 0 }, "geometry": { "type": "MultiLineString", "coordinates": [ [ [ -60.69834738580218, -27.575350494110669 ], [ -60.699364913655991, -27.575318302675292 ], [ -60.699344173907427, -27.574443093104698 ], [ -60.698356947261296, -27.574461596146726 ], [ -60.69834738580218, -27.575350494110669 ] ] ] } },
{ "type": "Feature", "properties": { "FNODE_": 549, "TNODE_": 549, "LPOLY_": 2, "RPOLY_": 546, "LENGTH": 399.077, "M0080_": 549, "M0080_ID": 0 }, "geometry": { "type": "MultiLineString", "coordinates": [ [ [ -60.697132307405532, -27.575370134011312 ], [ -60.698144887063705, -27.575356024057459 ], [ -60.698154450154775, -27.574467126077909 ], [ -60.697612808073913, -27.57448789531048 ], [ -60.69710652220364, -27.574494949197735 ], [ -60.697132307405532, -27.575370134011312 ] ] ] } },
{ "type": "Feature", "properties": { "FNODE_": 550, "TNODE_": 550, "LPOLY_": 2, "RPOLY_": 547, "LENGTH": 275.027, "M0080_": 550, "M0080_ID": 0 }, "geometry": { "type": "MultiLineString", "coordinates": [ [ [ -60.696504500962533, -27.575377795648841 ], [ -60.696929780017747, -27.575371150402415 ], [ -60.6969090880756, -27.574500451903525 ], [ -60.696499030303372, -27.574511532643999 ], [ -60.696504500962533, -27.575377795648841 ] ] ] } },
{ "type": "Feature", "properties": { "FNODE_": 551, "TNODE_": 551, "LPOLY_": 2, "RPOLY_": 548, "LENGTH": 267.521, "M0080_": 551, "M0080_ID": 0 }, "geometry": { "type": "MultiLineString", "coordinates": [ [ [ -60.695917199858997, -27.575385251502411 ], [ -60.696301973533572, -27.5753788111248 ], [ -60.696296532948949, -27.574517059869677 ], [ -60.695901664453118, -27.574528062700971 ], [ -60.695917199858997, -27.575385251502411 ] ] ] } },
{ "type": "Feature", "properties": { "FNODE_": 552, "TNODE_": 552, "LPOLY_": 2, "RPOLY_": 549, "LENGTH": 271.018, "M0080_": 552, "M0080_ID": 0 }, "geometry": { "type": "MultiLineString", "coordinates": [ [ [ -60.695294427861214, -27.575388370516499 ], [ -60.695714672391041, -27.575386266122273 ], [ -60.695699138558481, -27.574529077269244 ], [ -60.695289080475234, -27.574540154441507 ], [ -60.695294427861214, -27.575388370516499 ] ] ] } },
{ "type": "Feature", "properties": { "FNODE_": 553, "TNODE_": 553, "LPOLY_": 2, "RPOLY_": 550, "LENGTH": 266.518, "M0080_": 553, "M0080_ID": 0 }, "geometry": { "type": "MultiLineString", "coordinates": [ [ [ -60.694702063312334, -27.575395846580466 ], [ -60.695091900360701, -27.575389384228401 ], [ -60.695086554532011, -27.574541168117001 ], [ -60.694681531031875, -27.574547706370705 ], [ -60.694702063312334, -27.575395846580466 ] ] ] } },
{ "type": "Feature", "properties": { "FNODE_": 554, "TNODE_": 554, "LPOLY_": 2, "RPOLY_": 553, "LENGTH": 379.543, "M0080_": 554, "M0080_ID": 0 }, "geometry": { "type": "MultiLineString", "coordinates": [ [ [ -60.691056820419242, -27.575454638798 ], [ -60.692044086691268, -27.575440699254354 ], [ -60.692028722910202, -27.57460606842762 ], [ -60.691036457484515, -27.574629056501248 ], [ -60.691056820419242, -27.575454638798 ] ] ] } },
{ "type": "Feature", "properties": { "FNODE_": 555, "TNODE_": 555, "LPOLY_": 2, "RPOLY_": 555, "LENGTH": 366.052, "M0080_": 555, "M0080_ID": 0 }, "geometry": { "type": "MultiLineString", "coordinates": [ [ [ -60.6899430302676, -27.575478223757607 ], [ -60.690854292615057, -27.575455646333271 ], [ -60.690833931195449, -27.57463006397915 ], [ -60.689922506317565, -27.574625570389806 ], [ -60.6899430302676, -27.575478223757607 ] ] ] } },
{ "type": "Feature", "properties": { "FNODE_": 556, "TNODE_": 556, "LPOLY_": 2, "RPOLY_": 567, "LENGTH": 386.506, "M0080_": 556, "M0080_ID": 0 }, "geometry": { "type": "MultiLineString", "coordinates": [ [ [ -60.738347915900313, -27.575382741784377 ], [ -60.73833971146292, -27.574913547228093 ], [ -60.736906848846168, -27.574921156830666 ], [ -60.736915017043948, -27.575385839844163 ], [ -60.738347915900313, -27.575382741784377 ] ] ] } },
{ "type": "Feature", "properties": { "FNODE_": 557, "TNODE_": 557, "LPOLY_": 2, "RPOLY_": 580, "LENGTH": 266.552, "M0080_": 557, "M0080_ID": 0 }, "geometry": { "type": "MultiLineString", "coordinates": [ [ [ -60.725383062728469, -27.575735308934238 ], [ -60.725358180890616, -27.575031580477503 ], [ -60.724573424070549, -27.575040188540765 ], [ -60.725383062728469, -27.575735308934238 ] ] ] } },
{ "type": "Feature", "properties": { "FNODE_": 558, "TNODE_": 558, "LPOLY_": 2, "RPOLY_": 604, "LENGTH": 163.63, "M0080_": 558, "M0080_ID": 0 }, "geometry": { "type": "MultiLineString", "coordinates": [ [ [ -60.696928024134372, -27.575894542941285 ], [ -60.696930920464723, -27.575551621831853 ], [ -60.696495514326188, -27.575558317875657 ], [ -60.69646724360819, -27.575892342379589 ], [ -60.696928024134372, -27.575894542941285 ] ] ] } },
{ "type": "Feature", "properties": { "FNODE_": 559, "TNODE_": 559, "LPOLY_": 2, "RPOLY_": 605, "LENGTH": 144.632, "M0080_": 559, "M0080_ID": 0 }, "geometry": { "type": "MultiLineString", "coordinates": [ [ [ -60.695925508650802, -27.575899569803877 ], [ -60.696264715232779, -27.575893357818611 ], [ -60.696292986565354, -27.575559333344621 ], [ -60.695918338649783, -27.575565722970413 ], [ -60.695925508650802, -27.575899569803877 ] ] ] } },
{ "type": "Feature", "properties": { "FNODE_": 560, "TNODE_": 560, "LPOLY_": 2, "RPOLY_": 609, "LENGTH": 356.538, "M0080_": 560, "M0080_ID": 0 }, "geometry": { "type": "MultiLineString", "coordinates": [ [ [ -60.73693313079518, -27.575823398620415 ], [ -60.738350725029299, -27.575802334034684 ], [ -60.738348520008927, -27.575472976679087 ], [ -60.736915619980323, -27.575476074767995 ], [ -60.73693313079518, -27.575823398620415 ] ] ] } },
{ "type": "Feature", "properties": { "FNODE_": 561, "TNODE_": 561, "LPOLY_": 2, "RPOLY_": 569, "LENGTH": 402.035, "M0080_": 561, "M0080_ID": 0 }, "geometry": { "type": "MultiLineString", "coordinates": [ [ [ -60.743226695506316, -27.575798886704415 ], [ -60.743195268592409, -27.574892162466814 ], [ -60.742405453523489, -27.574900898336246 ], [ -60.742182676564411, -27.574902088945382 ], [ -60.742193781818784, -27.57579989832103 ], [ -60.743226695506316, -27.575798886704415 ] ] ] } },
{ "type": "Feature", "properties": { "FNODE_": 562, "TNODE_": 562, "LPOLY_": 2, "RPOLY_": 570, "LENGTH": 399.005, "M0080_": 562, "M0080_ID": 0 }, "geometry": { "type": "MultiLineString", "coordinates": [ [ [ -60.740978654953665, -27.575810898296499 ], [ -60.741991255650575, -27.575800980431477 ], [ -60.741980152044299, -27.574903171007307 ], [ -60.740977625191121, -27.574904011123454 ], [ -60.740978654953665, -27.575810898296499 ] ] ] } },
{ "type": "Feature", "properties": { "FNODE_": 563, "TNODE_": 563, "LPOLY_": 2, "RPOLY_": 564, "LENGTH": 444.501, "M0080_": 563, "M0080_ID": 0 }, "geometry": { "type": "MultiLineString", "coordinates": [ [ [ -60.744381124620212, -27.575797216190558 ], [ -60.745596280757589, -27.575790698191636 ], [ -60.745590027914687, -27.574865792028568 ], [ -60.744374912417008, -27.574876821511175 ], [ -60.744381124620212, -27.575797216190558 ] ] ] } },
{ "type": "Feature", "properties": { "FNODE_": 564, "TNODE_": 564, "LPOLY_": 2, "RPOLY_": 565, "LENGTH": 354.039, "M0080_": 564, "M0080_ID": 0 }, "geometry": { "type": "MultiLineString", "coordinates": [ [ [ -60.744178598557625, -27.575798301490284 ], [ -60.744172388044241, -27.574877906768609 ], [ -60.743392729925432, -27.574891105733002 ], [ -60.743424158461281, -27.575797829894036 ], [ -60.744178598557625, -27.575798301490284 ] ] ] } },
{ "type": "Feature", "properties": { "FNODE_": 565, "TNODE_": 565, "LPOLY_": 2, "RPOLY_": 571, "LENGTH": 313.05, "M0080_": 565, "M0080_ID": 0 }, "geometry": { "type": "MultiLineString", "coordinates": [ [ [ -60.740224305202027, -27.575823944546038 ], [ -60.74077612870942, -27.575811978635556 ], [ -60.740775100612112, -27.574905091428398 ], [ -60.740192902945147, -27.574917219146847 ], [ -60.740224305202027, -27.575823944546038 ] ] ] } },
{ "type": "Feature", "properties": { "FNODE_": 566, "TNODE_": 566, "LPOLY_": 2, "RPOLY_": 572, "LENGTH": 415.021, "M0080_": 566, "M0080_ID": 0 }, "geometry": { "type": "MultiLineString", "coordinates": [ [ [ -60.734275150452447, -27.575864547651424 ], [ -60.735368733995784, -27.575849737995007 ], [ -60.735367840606585, -27.574956385126942 ], [ -60.734259106581341, -27.57497578665496 ], [ -60.734275150452447, -27.575864547651424 ] ] ] } },
{ "type": "Feature", "properties": { "FNODE_": 567, "TNODE_": 567, "LPOLY_": 2, "RPOLY_": 573, "LENGTH": 397.045, "M0080_": 567, "M0080_ID": 0 }, "geometry": { "type": "MultiLineString", "coordinates": [ [ [ -60.733075299855123, -27.575888933449178 ], [ -60.734072623803407, -27.57586561821795 ], [ -60.734056581563564, -27.574976857166426 ], [ -60.733049019434162, -27.574982178572601 ], [ -60.733075299855123, -27.575888933449178 ] ] ] } },
{ "type": "Feature", "properties": { "FNODE_": 568, "TNODE_": 568, "LPOLY_": 2, "RPOLY_": 574, "LENGTH": 396.557, "M0080_": 568, "M0080_ID": 0 }, "geometry": { "type": "MultiLineString", "coordinates": [ [ [ -60.732872773106784, -27.575890002267045 ], [ -60.73284649434968, -27.57498324731991 ], [ -60.731844054894822, -27.574997556774239 ], [ -60.731865082604763, -27.575877268243353 ], [ -60.732872773106784, -27.575890002267045 ] ] ] } },
{ "type": "Feature", "properties": { "FNODE_": 569, "TNODE_": 569, "LPOLY_": 2, "RPOLY_": 575, "LENGTH": 398.536, "M0080_": 569, "M0080_ID": 0 }, "geometry": { "type": "MultiLineString", "coordinates": [ [ [ -60.730629788623489, -27.575901819681651 ], [ -60.731662555822929, -27.575878335296171 ], [ -60.731641529727426, -27.574998623765165 ], [ -60.730633966854143, -27.575003927656649 ], [ -60.730629788623489, -27.575901819681651 ] ] ] } },
{ "type": "Feature", "properties": { "FNODE_": 570, "TNODE_": 570, "LPOLY_": 2, "RPOLY_": 576, "LENGTH": 406.007, "M0080_": 570, "M0080_ID": 0 }, "geometry": { "type": "MultiLineString", "coordinates": [ [ [ -60.729379184944179, -27.575908392898004 ], [ -60.73042726174063, -27.575902884934141 ], [ -60.730431441620233, -27.575004992883393 ], [ -60.729378340062688, -27.575015039057043 ], [ -60.729379184944179, -27.575908392898004 ] ] ] } },
{ "type": "Feature", "properties": { "FNODE_": 571, "TNODE_": 571, "LPOLY_": 2, "RPOLY_": 579, "LENGTH": 396.136, "M0080_": 571, "M0080_ID": 0 }, "geometry": { "type": "MultiLineString", "coordinates": [ [ [ -60.72659962046842, -27.575941009704231 ], [ -60.726558233553199, -27.575038843794559 ], [ -60.725565769539806, -27.575030496197456 ], [ -60.725596962611263, -27.575923691949342 ], [ -60.72659962046842, -27.575941009704231 ] ] ] } },
{ "type": "Feature", "properties": { "FNODE_": 572, "TNODE_": 572, "LPOLY_": 2, "RPOLY_": 577, "LENGTH": 416.021, "M0080_": 572, "M0080_ID": 0 }, "geometry": { "type": "MultiLineString", "coordinates": [ [ [ -60.727992024016217, -27.575938230246319 ], [ -60.729075424339484, -27.575914499684867 ], [ -60.729074552091909, -27.575016634040846 ], [ -60.727985948543868, -27.575017832188607 ], [ -60.727992024016217, -27.575938230246319 ] ] ] } },
{ "type": "Feature", "properties": { "FNODE_": 573, "TNODE_": 573, "LPOLY_": 2, "RPOLY_": 578, "LENGTH": 400.574, "M0080_": 573, "M0080_ID": 0 }, "geometry": { "type": "MultiLineString", "coordinates": [ [ [ -60.727789496947317, -27.575939291653921 ], [ -60.727783423164801, -27.575018893554855 ], [ -60.726760759024096, -27.575037784214029 ], [ -60.726802147594086, -27.575939950031554 ], [ -60.727789496947317, -27.575939291653921 ] ] ] } },
{ "type": "Feature", "properties": { "FNODE_": 574, "TNODE_": 574, "LPOLY_": 2, "RPOLY_": 592, "LENGTH": 275.164, "M0080_": 574, "M0080_ID": 0 }, "geometry": { "type": "MultiLineString", "coordinates": [ [ [ -60.724366787809515, -27.575957184781181 ], [ -60.725181841276765, -27.575934883872325 ], [ -60.724361957533716, -27.575221768105717 ], [ -60.724366787809515, -27.575957184781181 ] ] ] } },
{ "type": "Feature", "properties": { "FNODE_": 575, "TNODE_": 575, "LPOLY_": 2, "RPOLY_": 560, "LENGTH": 447.011, "M0080_": 575, "M0080_ID": 0 }, "geometry": { "type": "MultiLineString", "coordinates": [ [ [ -60.749713017852642, -27.575827192005438 ], [ -60.750872416807148, -27.575811905002304 ], [ -60.750855624913115, -27.574832913915134 ], [ -60.749701207336344, -27.574834638045871 ], [ -60.749713017852642, -27.575827192005438 ] ] ] } },
{ "type": "Feature", "properties": { "FNODE_": 576, "TNODE_": 576, "LPOLY_": 2, "RPOLY_": 561, "LENGTH": 455.508, "M0080_": 576, "M0080_ID": 0 }, "geometry": { "type": "MultiLineString", "coordinates": [ [ [ -60.748320682873818, -27.575839212669287 ], [ -60.749510491981745, -27.575828285080728 ], [ -60.749498683287477, -27.574835731067843 ], [ -60.748303821778968, -27.574846685622454 ], [ -60.748320682873818, -27.575839212669287 ] ] ] } },
{ "type": "Feature", "properties": { "FNODE_": 577, "TNODE_": 577, "LPOLY_": 2, "RPOLY_": 581, "LENGTH": 409.017, "M0080_": 577, "M0080_ID": 0 }, "geometry": { "type": "MultiLineString", "coordinates": [ [ [ -60.723116270510168, -27.575977236897458 ], [ -60.724164290168623, -27.575962752662125 ], [ -60.724158276257207, -27.575046865584493 ], [ -60.723115358021658, -27.57506583500934 ], [ -60.723116270510168, -27.575977236897458 ] ] ] } },
{ "type": "Feature", "properties": { "FNODE_": 578, "TNODE_": 578, "LPOLY_": 2, "RPOLY_": 582, "LENGTH": 454.042, "M0080_": 578, "M0080_ID": 0 }, "geometry": { "type": "MultiLineString", "coordinates": [ [ [ -60.721546712703969, -27.57598991175697 ], [ -60.722812479466569, -27.575978818236045 ], [ -60.722811569488385, -27.575067416297973 ], [ -60.721515493350886, -27.575087690951019 ], [ -60.721546712703969, -27.57598991175697 ] ] ] } },
{ "type": "Feature", "properties": { "FNODE_": 579, "TNODE_": 579, "LPOLY_": 2, "RPOLY_": 583, "LENGTH": 396.194, "M0080_": 579, "M0080_ID": 0 }, "geometry": { "type": "MultiLineString", "coordinates": [ [ [ -60.72033172463528, -27.576023289971097 ], [ -60.721344214761366, -27.575995475529851 ], [ -60.721312997061212, -27.57509325464742 ], [ -60.720315851979862, -27.575143548747604 ], [ -60.72033172463528, -27.576023289971097 ] ] ] } },
{ "type": "Feature", "properties": { "FNODE_": 580, "TNODE_": 580, "LPOLY_": 2, "RPOLY_": 584, "LENGTH": 400.57, "M0080_": 580, "M0080_ID": 0 }, "geometry": { "type": "MultiLineString", "coordinates": [ [ [ -60.719111525287175, -27.576034124966654 ], [ -60.720129197066576, -27.576024340212037 ], [ -60.720113326025917, -27.575144598934667 ], [ -60.719085330138192, -27.575122853496612 ], [ -60.719111525287175, -27.576034124966654 ] ] ] } },
{ "type": "Feature", "properties": { "FNODE_": 581, "TNODE_": 581, "LPOLY_": 2, "RPOLY_": 585, "LENGTH": 400.083, "M0080_": 581, "M0080_ID": 0 }, "geometry": { "type": "MultiLineString", "coordinates": [ [ [ -60.717896359265069, -27.576040411310228 ], [ -60.718908997644192, -27.576035173428767 ], [ -60.718882804167372, -27.575123901888734 ], [ -60.717865257834269, -27.575151724417065 ], [ -60.717896359265069, -27.576040411310228 ] ] ] } },
{ "type": "Feature", "properties": { "FNODE_": 582, "TNODE_": 582, "LPOLY_": 2, "RPOLY_": 586, "LENGTH": 390.128, "M0080_": 582, "M0080_ID": 0 }, "geometry": { "type": "MultiLineString", "coordinates": [ [ [ -60.716706655425035, -27.576069115218584 ], [ -60.717693831556446, -27.576041458000699 ], [ -60.717662790473959, -27.575161794562629 ], [ -60.7166756221987, -27.575189451413674 ], [ -60.716706655425035, -27.576069115218584 ] ] ] } },
{ "type": "Feature", "properties": { "FNODE_": 583, "TNODE_": 583, "LPOLY_": 2, "RPOLY_": 587, "LENGTH": 396.629, "M0080_": 583, "M0080_ID": 0 }, "geometry": { "type": "MultiLineString", "coordinates": [ [ [ -60.71548159614931, -27.576111526834023 ], [ -60.716504156923484, -27.576074671941566 ], [ -60.716473125308724, -27.575195008061417 ], [ -60.715465703604679, -27.575222760795551 ], [ -60.71548159614931, -27.576111526834023 ] ] ] } },
{ "type": "Feature", "properties": { "FNODE_": 584, "TNODE_": 584, "LPOLY_": 2, "RPOLY_": 588, "LENGTH": 401.02, "M0080_": 584, "M0080_ID": 0 }, "geometry": { "type": "MultiLineString", "coordinates": [ [ [ -60.714251326368668, -27.57613139485689 ], [ -60.715279097465476, -27.576117081773358 ], [ -60.7152631772896, -27.575223803913431 ], [ -60.714235414510334, -27.575238116723138 ], [ -60.714251326368668, -27.57613139485689 ] ] ] } },
{ "type": "Feature", "properties": { "FNODE_": 585, "TNODE_": 585, "LPOLY_": 2, "RPOLY_": 589, "LENGTH": 393.144, "M0080_": 585, "M0080_ID": 0 }, "geometry": { "type": "MultiLineString", "coordinates": [ [ [ -60.713086935870066, -27.576159937599868 ], [ -60.714048798331291, -27.576132436235582 ], [ -60.714032888112584, -27.575239158047687 ], [ -60.713035503784539, -27.575253305803468 ], [ -60.713086935870066, -27.576159937599868 ] ] ] } },
{ "type": "Feature", "properties": { "FNODE_": 586, "TNODE_": 586, "LPOLY_": 2, "RPOLY_": 590, "LENGTH": 400.197, "M0080_": 586, "M0080_ID": 0 }, "geometry": { "type": "MultiLineString", "coordinates": [ [ [ -60.711882155383115, -27.576206725295101 ], [ -60.712884436893489, -27.576165489051466 ], [ -60.712832977305858, -27.575254345378958 ], [ -60.71186090830053, -27.575268354773918 ], [ -60.711882155383115, -27.576206725295101 ] ] ] } },
{ "type": "Feature", "properties": { "FNODE_": 587, "TNODE_": 587, "LPOLY_": 2, "RPOLY_": 591, "LENGTH": 393.556, "M0080_": 587, "M0080_ID": 0 }, "geometry": { "type": "MultiLineString", "coordinates": [ [ [ -60.711578362958505, -27.576208282074465 ], [ -60.711557147568513, -27.575274423229846 ], [ -60.710600354720832, -27.575301881306796 ], [ -60.710606139821429, -27.576199723987941 ], [ -60.711578362958505, -27.576208282074465 ] ] ] } },
{ "type": "Feature", "properties": { "FNODE_": 588, "TNODE_": 588, "LPOLY_": 2, "RPOLY_": 595, "LENGTH": 405.572, "M0080_": 588, "M0080_ID": 0 }, "geometry": { "type": "MultiLineString", "coordinates": [ [ [ -60.709350638161226, -27.576233213475678 ], [ -60.710403640560948, -27.576205271825991 ], [ -60.710397857107488, -27.575307429106054 ], [ -60.70936005278201, -27.575335292977378 ], [ -60.709350638161226, -27.576233213475678 ] ] ] } },
{ "type": "Feature", "properties": { "FNODE_": 589, "TNODE_": 589, "LPOLY_": 2, "RPOLY_": 593, "LENGTH": 394.618, "M0080_": 589, "M0080_ID": 0 }, "geometry": { "type": "MultiLineString", "coordinates": [ [ [ -60.709148109720793, -27.57623424771203 ], [ -60.709157525990847, -27.575336327196545 ], [ -60.708154844394606, -27.575314371583627 ], [ -60.708196196933194, -27.576234592893279 ], [ -60.709148109720793, -27.57623424771203 ] ] ] } },
{ "type": "Feature", "properties": { "FNODE_": 590, "TNODE_": 590, "LPOLY_": 2, "RPOLY_": 594, "LENGTH": 402.224, "M0080_": 590, "M0080_ID": 0 }, "geometry": { "type": "MultiLineString", "coordinates": [ [ [ -60.706976107211311, -27.576263368433001 ], [ -60.707993668439549, -27.576235625446333 ], [ -60.707952317588969, -27.575315404044769 ], [ -60.706945006856991, -27.575361142135474 ], [ -60.706976107211311, -27.576263368433001 ] ] ] } },
{ "type": "Feature", "properties": { "FNODE_": 591, "TNODE_": 591, "LPOLY_": 2, "RPOLY_": 596, "LENGTH": 391.595, "M0080_": 591, "M0080_ID": 0 }, "geometry": { "type": "MultiLineString", "coordinates": [ [ [ -60.705806648774605, -27.576291875970309 ], [ -60.706773607526173, -27.576268910983671 ], [ -60.706742508824881, -27.575366684610461 ], [ -60.705775529095476, -27.575385137458213 ], [ -60.705806648774605, -27.576291875970309 ] ] ] } },
{ "type": "Feature", "properties": { "FNODE_": 592, "TNODE_": 592, "LPOLY_": 2, "RPOLY_": 597, "LENGTH": 452.049, "M0080_": 592, "M0080_ID": 0 }, "geometry": { "type": "MultiLineString", "coordinates": [ [ [ -60.704232103065841, -27.576317916330627 ], [ -60.705502884578237, -27.576297931242568 ], [ -60.705471738531777, -27.575386680838939 ], [ -60.704216128230456, -27.575402076655305 ], [ -60.704232103065841, -27.576317916330627 ] ] ] } },
{ "type": "Feature", "properties": { "FNODE_": 593, "TNODE_": 593, "LPOLY_": 2, "RPOLY_": 598, "LENGTH": 362.05, "M0080_": 593, "M0080_ID": 0 }, "geometry": { "type": "MultiLineString", "coordinates": [ [ [ -60.704029574245766, -27.576318943106326 ], [ -60.704013601091468, -27.575403103376427 ], [ -60.703193366068973, -27.575407258577439 ], [ -60.703224435770942, -27.576309486282746 ], [ -60.704029574245766, -27.576318943106326 ] ] ] } },
{ "type": "Feature", "properties": { "FNODE_": 594, "TNODE_": 594, "LPOLY_": 2, "RPOLY_": 599, "LENGTH": 400.133, "M0080_": 594, "M0080_ID": 0 }, "geometry": { "type": "MultiLineString", "coordinates": [ [ [ -60.702019618728123, -27.57635167674761 ], [ -60.703021935683836, -27.576315023368132 ], [ -60.702990838875898, -27.575408283807441 ], [ -60.701993507166819, -27.575431375880619 ], [ -60.702019618728123, -27.57635167674761 ] ] ] } },
{ "type": "Feature", "properties": { "FNODE_": 595, "TNODE_": 595, "LPOLY_": 2, "RPOLY_": 600, "LENGTH": 401.556, "M0080_": 595, "M0080_ID": 0 }, "geometry": { "type": "MultiLineString", "coordinates": [ [ [ -60.700804473368102, -27.576362325404144 ], [ -60.701817118461861, -27.576357212078772 ], [ -60.701790979877238, -27.575432399361929 ], [ -60.700788612981412, -27.575460020156292 ], [ -60.700804473368102, -27.576362325404144 ] ] ] } },
{ "type": "Feature", "properties": { "FNODE_": 596, "TNODE_": 596, "LPOLY_": 2, "RPOLY_": 601, "LENGTH": 398.042, "M0080_": 596, "M0080_ID": 0 }, "geometry": { "type": "MultiLineString", "coordinates": [ [ [ -60.700601944317306, -27.576363347183374 ], [ -60.700586085586885, -27.57546104188172 ], [ -60.699568528363486, -27.575488730498112 ], [ -60.699584207054926, -27.57636396537146 ], [ -60.700601944317306, -27.576363347183374 ] ] ] } },
{ "type": "Feature", "properties": { "FNODE_": 597, "TNODE_": 597, "LPOLY_": 2, "RPOLY_": 602, "LENGTH": 391.114, "M0080_": 597, "M0080_ID": 0 }, "geometry": { "type": "MultiLineString", "coordinates": [ [ [ -60.69837930157103, -27.576392588941488 ], [ -60.699381677948203, -27.57636498537142 ], [ -60.699366058085019, -27.575498774012235 ], [ -60.698348528567792, -27.575530965486042 ], [ -60.69837930157103, -27.576392588941488 ] ] ] } },
{ "type": "Feature", "properties": { "FNODE_": 598, "TNODE_": 598, "LPOLY_": 2, "RPOLY_": 603, "LENGTH": 394.687, "M0080_": 598, "M0080_ID": 0 }, "geometry": { "type": "MultiLineString", "coordinates": [ [ [ -60.697159319606477, -27.57643932545562 ], [ -60.69817680092288, -27.576398118969401 ], [ -60.698146029498233, -27.575536495440488 ], [ -60.69713344818387, -27.575550605432991 ], [ -60.697130923242419, -27.575952179743187 ], [ -60.697131037322379, -27.575970226884063 ], [ -60.697131122882404, -27.575983762239694 ], [ -60.697131208442507, -27.575997297595286 ], [ -60.697131322522715, -27.576015344736042 ], [ -60.697159319606477, -27.57643932545562 ] ] ] } },
{ "type": "Feature", "properties": { "FNODE_": 599, "TNODE_": 599, "LPOLY_": 2, "RPOLY_": 611, "LENGTH": 281.568, "M0080_": 599, "M0080_ID": 0 }, "geometry": { "type": "MultiLineString", "coordinates": [ [ [ -60.696956818769927, -27.576444853707351 ], [ -60.696934227820961, -27.576074988950428 ], [ -60.696392435059749, -27.576073194640426 ], [ -60.696372182189151, -27.5760732961873 ], [ -60.696356992536131, -27.576073372345547 ], [ -60.696341802883055, -27.576073448502104 ], [ -60.6963215500122, -27.576073550041627 ], [ -60.695926647480043, -27.576080041258194 ], [ -60.695939080112154, -27.576445445197269 ], [ -60.696956818769927, -27.576444853707351 ] ] ] } },
{ "type": "Feature", "properties": { "FNODE_": 600, "TNODE_": 600, "LPOLY_": 2, "RPOLY_": 606, "LENGTH": 395.137, "M0080_": 600, "M0080_ID": 0 }, "geometry": { "type": "MultiLineString", "coordinates": [ [ [ -60.694744298531923, -27.576473986521467 ], [ -60.695736550698257, -27.576446459884817 ], [ -60.695723748723651, -27.576022402690651 ], [ -60.695723634873737, -27.576004355544494 ], [ -60.695723549486353, -27.575990820184849 ], [ -60.695723464099046, -27.575977284825171 ], [ -60.695723350249388, -27.575959237678909 ], [ -60.695715810850466, -27.575566737598027 ], [ -60.695229744088905, -27.575569171499602 ], [ -60.695209491305832, -27.575569272875267 ], [ -60.695194301718495, -27.575569348905063 ], [ -60.695179112131065, -27.575569424933214 ], [ -60.695158859347735, -27.575569526301493 ], [ -60.694703200115271, -27.575576318094836 ], [ -60.694710536966078, -27.575937235783769 ], [ -60.694710735912835, -27.575968818296609 ], [ -60.694710821175825, -27.575982353659199 ], [ -60.694710934859906, -27.576000400809303 ], [ -60.694744298531923, -27.576473986521467 ] ] ] } },
{ "type": "Feature", "properties": { "FNODE_": 601, "TNODE_": 601, "LPOLY_": 2, "RPOLY_": 610, "LENGTH": 297.618, "M0080_": 601, "M0080_ID": 0 }, "geometry": { "type": "MultiLineString", "coordinates": [ [ [ -60.693493792078172, -27.576498283900644 ], [ -60.694541769014151, -27.57647499946782 ], [ -60.694513838795764, -27.576060041612521 ], [ -60.693481055454129, -27.576083249921382 ], [ -60.693493792078172, -27.576498283900644 ] ] ] } },
{ "type": "Feature", "properties": { "FNODE_": 602, "TNODE_": 602, "LPOLY_": 2, "RPOLY_": 551, "LENGTH": 963.892, "M0080_": 602, "M0080_ID": 0 }, "geometry": { "type": "MultiLineString", "coordinates": [ [ [ -60.693291262462019, -27.576499295024373 ], [ -60.693277959350155, -27.575994025235314 ], [ -60.693277874262982, -27.575980489868599 ], [ -60.693282824029382, -27.57596241743942 ], [ -60.693292865372257, -27.575948831525054 ], [ -60.693302906712674, -27.575935245609973 ], [ -60.693312976414383, -27.575926171483108 ], [ -60.693328109328228, -27.575917072080358 ], [ -60.693343242239536, -27.575907972675985 ], [ -60.693363466727014, -27.575903359782433 ], [ -60.693378656366285, -27.575903283952005 ], [ -60.694507639068547, -27.575879595421778 ], [ -60.694500302889743, -27.575518677706839 ], [ -60.69450018924244, -27.575500630554696 ], [ -60.694500104007034, -27.575487095190553 ], [ -60.694500018771706, -27.575473559826385 ], [ -60.694499905124687, -27.575455512674107 ], [ -60.694479005048642, -27.574548719160614 ], [ -60.694311949507451, -27.574554066278864 ], [ -60.693486769424034, -27.574576236511291 ], [ -60.693484458099093, -27.575013905370302 ], [ -60.693479480035371, -27.575027466018401 ], [ -60.693474501970456, -27.575041026666334 ], [ -60.693464432361445, -27.57505010080434 ], [ -60.69344927120823, -27.575054688431337 ], [ -60.693434110053722, -27.575059276056702 ], [ -60.693418892163841, -27.5750548401017 ], [ -60.693403674275125, -27.575050404145003 ], [ -60.69339349119533, -27.575041431120397 ], [ -60.693388342924536, -27.575027921028965 ], [ -60.69338319465502, -27.57501441093731 ], [ -60.693385506381851, -27.574576742072615 ], [ -60.692231249104026, -27.574605059208455 ], [ -60.692246982571689, -27.575498343257607 ], [ -60.69224709585027, -27.575516390418386 ], [ -60.692247180809275, -27.575529925788942 ], [ -60.692247265768337, -27.575543461159469 ], [ -60.692247379047195, -27.575561508320131 ], [ -60.692283592497873, -27.576490785607628 ], [ -60.693291262462019, -27.576499295024373 ] ] ] } },
{ "type": "Feature", "properties": { "FNODE_": 603, "TNODE_": 603, "LPOLY_": 2, "RPOLY_": 607, "LENGTH": 389.09, "M0080_": 603, "M0080_ID": 0 }, "geometry": { "type": "MultiLineString", "coordinates": [ [ [ -60.69109384372257, -27.576514758524731 ], [ -60.692081062843535, -27.576491794966451 ], [ -60.692050282348632, -27.575621145640948 ], [ -60.691063014463495, -27.575635085257908 ], [ -60.69109384372257, -27.576514758524731 ] ] ] } },
{ "type": "Feature", "properties": { "FNODE_": 604, "TNODE_": 604, "LPOLY_": 2, "RPOLY_": 608, "LENGTH": 311.479, "M0080_": 604, "M0080_ID": 0 }, "geometry": { "type": "MultiLineString", "coordinates": [ [ [ -60.690734353410299, -27.576516546855622 ], [ -60.690886250729392, -27.576515791336352 ], [ -60.690855423124724, -27.575636117993227 ], [ -60.690035268756354, -27.575653730899297 ], [ -60.690734353410299, -27.576516546855622 ] ] ] } },
{ "type": "Feature", "properties": { "FNODE_": 605, "TNODE_": 605, "LPOLY_": 2, "RPOLY_": 449, "LENGTH": 1303.828, "M0080_": 605, "M0080_ID": 0 }, "geometry": { "type": "MultiLineString", "coordinates": [ [ [ -60.68784852835276, -27.576566964512658 ], [ -60.687868781350566, -27.576566864206981 ], [ -60.687883971098856, -27.576566788975789 ], [ -60.687919413844611, -27.576566613429883 ], [ -60.688420619171623, -27.576555106154441 ], [ -60.688440872164804, -27.576555005765382 ], [ -60.688456061909626, -27.576554930471662 ], [ -60.688471251654391, -27.576554855176258 ], [ -60.688491504647303, -27.576554754779821 ], [ -60.689078813205207, -27.576547330206083 ], [ -60.689099066194153, -27.576547229721083 ], [ -60.689114255935799, -27.576547154355382 ], [ -60.689129445677381, -27.576547078988032 ], [ -60.689149698666071, -27.576546978495646 ], [ -60.689924318952841, -27.576534108861757 ], [ -60.689944571935747, -27.576534008253507 ], [ -60.689959761672867, -27.576533932795385 ], [ -60.689974951409923, -27.576533857335594 ], [ -60.689995204392567, -27.576533756719968 ], [ -60.690491345936486, -27.576522267132184 ], [ -60.689797354543707, -27.57566393656537 ], [ -60.689787143474248, -27.575650451480342 ], [ -60.689776932407284, -27.575636966394494 ], [ -60.689766749561187, -27.575627993100301 ], [ -60.689746327439011, -27.57560102292452 ], [ -60.689731053179223, -27.575587562979354 ], [ -60.688950633490258, -27.574671001939155 ], [ -60.688940422617627, -27.574657516786374 ], [ -60.68890495231107, -27.574653180787728 ], [ -60.688879580146846, -27.5746442827623 ], [ -60.688859242966359, -27.57463084782697 ], [ -60.688838877611616, -27.574612901094529 ], [ -60.688823575421395, -27.57459492924907 ], [ -60.688813308215217, -27.574572420498257 ], [ -60.688803041013294, -27.574549911746537 ], [ -60.688802900125317, -27.574527352775998 ], [ -60.688802759237497, -27.574504793805385 ], [ -60.687899714732865, -27.573408357164869 ], [ -60.687889504107424, -27.573394871927913 ], [ -60.687879293484478, -27.573381386690144 ], [ -60.687869111002072, -27.573372413247306 ], [ -60.687858900383716, -27.573358928007906 ], [ -60.687848689767904, -27.573345442767685 ], [ -60.68783845101791, -27.573327445730843 ], [ -60.687475399407077, -27.572756227312279 ], [ -60.68731177848813, -27.57249985669889 ], [ -60.687402906129108, -27.576560146902192 ], [ -60.68784852835276, -27.576566964512658 ] ] ] } },
{ "type": "Feature", "properties": { "FNODE_": 606, "TNODE_": 606, "LPOLY_": 2, "RPOLY_": 623, "LENGTH": 271.171, "M0080_": 606, "M0080_ID": 0 }, "geometry": { "type": "MultiLineString", "coordinates": [ [ [ -60.726610569467582, -27.576834310900107 ], [ -60.726605872679578, -27.576121453464577 ], [ -60.725805770344458, -27.576107589318319 ], [ -60.726610569467582, -27.576834310900107 ] ] ] } },
{ "type": "Feature", "properties": { "FNODE_": 607, "TNODE_": 607, "LPOLY_": 2, "RPOLY_": 617, "LENGTH": 433.013, "M0080_": 607, "M0080_ID": 0 }, "geometry": { "type": "MultiLineString", "coordinates": [ [ [ -60.744403440345295, -27.576852881463815 ], [ -60.745608481711571, -27.576846417404738 ], [ -60.745597500859255, -27.575971167672343 ], [ -60.744382342733822, -27.575977685721075 ], [ -60.744403440345295, -27.576852881463815 ] ] ] } },
{ "type": "Feature", "properties": { "FNODE_": 608, "TNODE_": 608, "LPOLY_": 2, "RPOLY_": 615, "LENGTH": 344.515, "M0080_": 608, "M0080_ID": 0 }, "geometry": { "type": "MultiLineString", "coordinates": [ [ [ -60.743431305841405, -27.576858088548729 ], [ -60.744200912345171, -27.576853966834193 ], [ -60.744179816339901, -27.575978771029096 ], [ -60.743430438169881, -27.575978272362239 ], [ -60.743431305841405, -27.576858088548729 ] ] ] } },
{ "type": "Feature", "properties": { "FNODE_": 609, "TNODE_": 609, "LPOLY_": 2, "RPOLY_": 613, "LENGTH": 399.003, "M0080_": 609, "M0080_ID": 0 }, "geometry": { "type": "MultiLineString", "coordinates": [ [ [ -60.742200947736073, -27.576864669011702 ], [ -60.743228777786932, -27.576859172501788 ], [ -60.743227911731012, -27.575979356282293 ], [ -60.742194996353355, -27.575980367941234 ], [ -60.742200947736073, -27.576864669011702 ] ] ] } },
{ "type": "Feature", "properties": { "FNODE_": 610, "TNODE_": 610, "LPOLY_": 2, "RPOLY_": 614, "LENGTH": 395.511, "M0080_": 610, "M0080_ID": 0 }, "geometry": { "type": "MultiLineString", "coordinates": [ [ [ -60.740995965868073, -27.57688012699294 ], [ -60.741998419612898, -27.576865751170928 ], [ -60.741992469853805, -27.575981450059949 ], [ -60.740979867500442, -27.575991367966171 ], [ -60.740995965868073, -27.57688012699294 ] ] ] } },
{ "type": "Feature", "properties": { "FNODE_": 611, "TNODE_": 611, "LPOLY_": 2, "RPOLY_": 616, "LENGTH": 306.525, "M0080_": 611, "M0080_ID": 0 }, "geometry": { "type": "MultiLineString", "coordinates": [ [ [ -60.740236545603103, -27.576893200464376 ], [ -60.740793437661161, -27.576881207395669 ], [ -60.740777340924886, -27.575992448313471 ], [ -60.740225516515132, -27.57600441424621 ], [ -60.740236545603103, -27.576893200464376 ] ] ] } },
{ "type": "Feature", "properties": { "FNODE_": 612, "TNODE_": 612, "LPOLY_": 2, "RPOLY_": 568, "LENGTH": 648.108, "M0080_": 612, "M0080_ID": 0 }, "geometry": { "type": "MultiLineString", "coordinates": [ [ [ -60.736763214429558, -27.576916181241188 ], [ -60.736736481286137, -27.575946263347802 ], [ -60.73673636072553, -27.575928216363621 ], [ -60.736736179884836, -27.575901145887265 ], [ -60.736736059324528, -27.57588309890297 ], [ -60.736712822917788, -27.575436543453304 ], [ -60.736704324049356, -27.574922231200777 ], [ -60.736147410915066, -27.574929695943457 ], [ -60.735671597887773, -27.574950264634492 ], [ -60.735673125764571, -27.575938364143617 ], [ -60.735679656903251, -27.576917413199872 ], [ -60.736763214429558, -27.576916181241188 ] ] ] } },
{ "type": "Feature", "properties": { "FNODE_": 613, "TNODE_": 613, "LPOLY_": 2, "RPOLY_": 566, "LENGTH": 729.056, "M0080_": 613, "M0080_ID": 0 }, "geometry": { "type": "MultiLineString", "coordinates": [ [ [ -60.738560684296992, -27.576911146236572 ], [ -60.739639147706967, -27.576905407022746 ], [ -60.73965940053791, -27.576905299163982 ], [ -60.739674590161037, -27.576905218267978 ], [ -60.739689779784101, -27.576905137370311 ], [ -60.739710032614752, -27.576905029504164 ], [ -60.740034017337351, -27.576894279760225 ], [ -60.740022596310695, -27.57594684083934 ], [ -60.740022475212363, -27.575928793868549 ], [ -60.740022384388709, -27.575915258640425 ], [ -60.74002229356509, -27.575901723412297 ], [ -60.740022172467064, -27.575883676441386 ], [ -60.739990378305897, -27.574918298308098 ], [ -60.738542236169046, -27.574912470473791 ], [ -60.738550743604414, -27.575426782446741 ], [ -60.738553644153441, -27.575859909907916 ], [ -60.738553765011048, -27.57587795688487 ], [ -60.738553855654338, -27.575891492117549 ], [ -60.738553946297692, -27.575905027350213 ], [ -60.738554067155576, -27.575923074327047 ], [ -60.738560684296992, -27.576911146236572 ] ] ] } },
{ "type": "Feature", "properties": { "FNODE_": 614, "TNODE_": 614, "LPOLY_": 2, "RPOLY_": 612, "LENGTH": 481.03, "M0080_": 614, "M0080_ID": 0 }, "geometry": { "type": "MultiLineString", "coordinates": [ [ [ -60.737639180097815, -27.576916043532091 ], [ -60.738358155921539, -27.576912223089376 ], [ -60.73835193327551, -27.575982803811875 ], [ -60.736939399892272, -27.576003841589777 ], [ -60.736965742885197, -27.576915106713933 ], [ -60.737639180097815, -27.576916043532091 ] ] ] } },
{ "type": "Feature", "properties": { "FNODE_": 615, "TNODE_": 615, "LPOLY_": 2, "RPOLY_": 621, "LENGTH": 397.541, "M0080_": 615, "M0080_ID": 0 }, "geometry": { "type": "MultiLineString", "coordinates": [ [ [ -60.730641846362957, -27.576957542991082 ], [ -60.731649427082118, -27.576952238697576 ], [ -60.731663753128984, -27.576058805342779 ], [ -60.730630984240811, -27.576082289769321 ], [ -60.730641846362957, -27.576957542991082 ] ] ] } },
{ "type": "Feature", "properties": { "FNODE_": 616, "TNODE_": 616, "LPOLY_": 2, "RPOLY_": 618, "LENGTH": 415.023, "M0080_": 616, "M0080_ID": 0 }, "geometry": { "type": "MultiLineString", "coordinates": [ [ [ -60.734282360102704, -27.576947367227813 ], [ -60.735375894207017, -27.576923533813961 ], [ -60.735369937364915, -27.576030207892273 ], [ -60.734276352032865, -27.576045017592676 ], [ -60.734282360102704, -27.576947367227813 ] ] ] } },
{ "type": "Feature", "properties": { "FNODE_": 617, "TNODE_": 617, "LPOLY_": 2, "RPOLY_": 619, "LENGTH": 395.02, "M0080_": 617, "M0080_ID": 0 }, "geometry": { "type": "MultiLineString", "coordinates": [ [ [ -60.733082377764568, -27.57695370631702 ], [ -60.73407983146555, -27.576948437843427 ], [ -60.734073825052484, -27.576046088167377 ], [ -60.733076499473441, -27.576069403438385 ], [ -60.733082377764568, -27.57695370631702 ] ] ] } },
{ "type": "Feature", "properties": { "FNODE_": 618, "TNODE_": 618, "LPOLY_": 2, "RPOLY_": 620, "LENGTH": 398.045, "M0080_": 618, "M0080_ID": 0 }, "geometry": { "type": "MultiLineString", "coordinates": [ [ [ -60.732879849061234, -27.576954775183083 ], [ -60.732873972393755, -27.576070472264416 ], [ -60.731866280242173, -27.576057738281804 ], [ -60.731851955836618, -27.576951171625772 ], [ -60.732879849061234, -27.576954775183083 ] ] ] } },
{ "type": "Feature", "properties": { "FNODE_": 619, "TNODE_": 619, "LPOLY_": 2, "RPOLY_": 622, "LENGTH": 405.532, "M0080_": 619, "M0080_ID": 0 }, "geometry": { "type": "MultiLineString", "coordinates": [ [ [ -60.729381283314837, -27.576991240244936 ], [ -60.730439347425801, -27.57696312005033 ], [ -60.730428457026591, -27.576083355029962 ], [ -60.729380378515415, -27.576088863035903 ], [ -60.729381283314837, -27.576991240244936 ] ] ] } },
{ "type": "Feature", "properties": { "FNODE_": 620, "TNODE_": 620, "LPOLY_": 2, "RPOLY_": 625, "LENGTH": 411.53, "M0080_": 620, "M0080_ID": 0 }, "geometry": { "type": "MultiLineString", "coordinates": [ [ [ -60.728009238883374, -27.577011974743975 ], [ -60.729077519728996, -27.576997347093158 ], [ -60.729076617413995, -27.576094969834848 ], [ -60.727993215319103, -27.576118700439245 ], [ -60.728009238883374, -27.577011974743975 ] ] ] } },
{ "type": "Feature", "properties": { "FNODE_": 621, "TNODE_": 621, "LPOLY_": 2, "RPOLY_": 627, "LENGTH": 393.509, "M0080_": 621, "M0080_ID": 0 }, "geometry": { "type": "MultiLineString", "coordinates": [ [ [ -60.726819410351112, -27.577022718410714 ], [ -60.72780670984347, -27.577013036214609 ], [ -60.727790687918855, -27.576119761854965 ], [ -60.726808400136314, -27.576120393776417 ], [ -60.726819410351112, -27.577022718410714 ] ] ] } },
{ "type": "Feature", "properties": { "FNODE_": 622, "TNODE_": 622, "LPOLY_": 2, "RPOLY_": 629, "LENGTH": 408.037, "M0080_": 622, "M0080_ID": 0 }, "geometry": { "type": "MultiLineString", "coordinates": [ [ [ -60.723128374697986, -27.577051009269198 ], [ -60.7241967167365, -27.577045442660236 ], [ -60.72416547520929, -27.576143223007861 ], [ -60.72311745383665, -27.576157707284686 ], [ -60.723128374697986, -27.577051009269198 ] ] ] } },
{ "type": "Feature", "properties": { "FNODE_": 623, "TNODE_": 623, "LPOLY_": 2, "RPOLY_": 639, "LENGTH": 277.926, "M0080_": 623, "M0080_ID": 0 }, "geometry": { "type": "MultiLineString", "coordinates": [ [ [ -60.725604354250308, -27.577047119423895 ], [ -60.726409348323436, -27.577033887581251 ], [ -60.725594333562768, -27.576293682489418 ], [ -60.725604354250308, -27.577047119423895 ] ] ] } },
{ "type": "Feature", "properties": { "FNODE_": 624, "TNODE_": 624, "LPOLY_": 2, "RPOLY_": 624, "LENGTH": 404.568, "M0080_": 624, "M0080_ID": 0 }, "geometry": { "type": "MultiLineString", "coordinates": [ [ [ -60.725401825037601, -27.57704817738902 ], [ -60.725390589001989, -27.576109758363316 ], [ -60.724367973181252, -27.576137655118956 ], [ -60.724399245998328, -27.577044386452464 ], [ -60.725401825037601, -27.57704817738902 ] ] ] } },
{ "type": "Feature", "properties": { "FNODE_": 625, "TNODE_": 625, "LPOLY_": 2, "RPOLY_": 630, "LENGTH": 447.55, "M0080_": 625, "M0080_ID": 0 }, "geometry": { "type": "MultiLineString", "coordinates": [ [ [ -60.721584235880172, -27.577081600069501 ], [ -60.722824610269868, -27.577057102450091 ], [ -60.722813662296026, -27.576159288635342 ], [ -60.721552956657227, -27.576170355902185 ], [ -60.721584235880172, -27.577081600069501 ] ] ] } },
{ "type": "Feature", "properties": { "FNODE_": 626, "TNODE_": 626, "LPOLY_": 2, "RPOLY_": 626, "LENGTH": 435.508, "M0080_": 626, "M0080_ID": 0 }, "geometry": { "type": "MultiLineString", "coordinates": [ [ [ -60.750885098351901, -27.576930786977396 ], [ -60.750873645543372, -27.575992374264516 ], [ -60.749714244692512, -27.576007661315288 ], [ -60.749725595623332, -27.576932539121881 ], [ -60.750885098351901, -27.576930786977396 ] ] ] } },
{ "type": "Feature", "properties": { "FNODE_": 627, "TNODE_": 627, "LPOLY_": 2, "RPOLY_": 628, "LENGTH": 440.503, "M0080_": 627, "M0080_ID": 0 }, "geometry": { "type": "MultiLineString", "coordinates": [ [ [ -60.748328183496014, -27.576944587468372 ], [ -60.749523067723217, -27.576933632255692 ], [ -60.749511718490282, -27.57600875439892 ], [ -60.748321907435994, -27.576019682036378 ], [ -60.748328183496014, -27.576944587468372 ] ] ] } },
{ "type": "Feature", "properties": { "FNODE_": 628, "TNODE_": 628, "LPOLY_": 2, "RPOLY_": 631, "LENGTH": 402.087, "M0080_": 628, "M0080_ID": 0 }, "geometry": { "type": "MultiLineString", "coordinates": [ [ [ -60.720358991445501, -27.577096984313215 ], [ -60.721381706423919, -27.577082652173814 ], [ -60.721350428872988, -27.576171407928985 ], [ -60.720332873938148, -27.576199248705695 ], [ -60.720358991445501, -27.577096984313215 ] ] ] } },
{ "type": "Feature", "properties": { "FNODE_": 629, "TNODE_": 629, "LPOLY_": 2, "RPOLY_": 632, "LENGTH": 398.554, "M0080_": 629, "M0080_ID": 0 }, "geometry": { "type": "MultiLineString", "coordinates": [ [ [ -60.719143843467819, -27.577107793556181 ], [ -60.720156461906292, -27.57709803463143 ], [ -60.720130375507523, -27.576204810717034 ], [ -60.719112702063363, -27.576214595511836 ], [ -60.719143843467819, -27.577107793556181 ] ] ] } },
{ "type": "Feature", "properties": { "FNODE_": 630, "TNODE_": 630, "LPOLY_": 2, "RPOLY_": 633, "LENGTH": 402.082, "M0080_": 630, "M0080_ID": 0 }, "geometry": { "type": "MultiLineString", "coordinates": [ [ [ -60.717923778614718, -27.577141177164961 ], [ -60.718941343268234, -27.577113353866039 ], [ -60.718910174089011, -27.576215643981953 ], [ -60.71789753405313, -27.576220881903438 ], [ -60.717923778614718, -27.577141177164961 ] ] ] } },
{ "type": "Feature", "properties": { "FNODE_": 631, "TNODE_": 631, "LPOLY_": 2, "RPOLY_": 634, "LENGTH": 401.068, "M0080_": 631, "M0080_ID": 0 }, "geometry": { "type": "MultiLineString", "coordinates": [ [ [ -60.716708717367325, -27.577165500409709 ], [ -60.71772127824967, -27.57714673569809 ], [ -60.717695006013152, -27.576221928601903 ], [ -60.716712891471261, -27.576249559730257 ], [ -60.716708717367325, -27.577165500409709 ] ] ] } },
{ "type": "Feature", "properties": { "FNODE_": 632, "TNODE_": 632, "LPOLY_": 2, "RPOLY_": 635, "LENGTH": 399.659, "M0080_": 632, "M0080_ID": 0 }, "geometry": { "type": "MultiLineString", "coordinates": [ [ [ -60.715529156613812, -27.577198653971493 ], [ -60.716506216853936, -27.5771710571731 ], [ -60.716510392639123, -27.576255116468477 ], [ -60.715487830196331, -27.576291971437652 ], [ -60.715529156613812, -27.577198653971493 ] ] ] } },
{ "type": "Feature", "properties": { "FNODE_": 633, "TNODE_": 633, "LPOLY_": 2, "RPOLY_": 636, "LENGTH": 406.116, "M0080_": 633, "M0080_ID": 0 }, "geometry": { "type": "MultiLineString", "coordinates": [ [ [ -60.714288806673331, -27.5772275982591 ], [ -60.715326655938988, -27.577204209017165 ], [ -60.715285331181896, -27.57629752639221 ], [ -60.714257558405805, -27.57631183955337 ], [ -60.714288806673331, -27.5772275982591 ] ] ] } },
{ "type": "Feature", "properties": { "FNODE_": 634, "TNODE_": 634, "LPOLY_": 2, "RPOLY_": 640, "LENGTH": 387.645, "M0080_": 634, "M0080_ID": 0 }, "geometry": { "type": "MultiLineString", "coordinates": [ [ [ -60.71066372068443, -27.577277778330384 ], [ -60.711615612953779, -27.577272904295981 ], [ -60.711584590632015, -27.576388726971537 ], [ -60.710612365904261, -27.576380168958845 ], [ -60.71066372068443, -27.577277778330384 ] ] ] } },
{ "type": "Feature", "properties": { "FNODE_": 635, "TNODE_": 635, "LPOLY_": 2, "RPOLY_": 641, "LENGTH": 407.145, "M0080_": 635, "M0080_ID": 0 }, "geometry": { "type": "MultiLineString", "coordinates": [ [ [ -60.710461190383505, -27.577278814517399 ], [ -60.710409866313178, -27.57638571681208 ], [ -60.709351798975021, -27.576413684400542 ], [ -60.709372560808376, -27.577279867190931 ], [ -60.710461190383505, -27.577278814517399 ] ] ] } },
{ "type": "Feature", "properties": { "FNODE_": 636, "TNODE_": 636, "LPOLY_": 2, "RPOLY_": 637, "LENGTH": 401.195, "M0080_": 636, "M0080_ID": 0 }, "geometry": { "type": "MultiLineString", "coordinates": [ [ [ -60.713073917955484, -27.577278960346359 ], [ -60.714086305839736, -27.577233151498316 ], [ -60.714055030037315, -27.576312880947405 ], [ -60.713093166005855, -27.576340382383904 ], [ -60.713073917955484, -27.577278960346359 ] ] ] } },
{ "type": "Feature", "properties": { "FNODE_": 637, "TNODE_": 637, "LPOLY_": 2, "RPOLY_": 638, "LENGTH": 394.655, "M0080_": 637, "M0080_ID": 0 }, "geometry": { "type": "MultiLineString", "coordinates": [ [ [ -60.712866353668936, -27.577284537805756 ], [ -60.712885603486512, -27.576345959839365 ], [ -60.711888383553244, -27.576387170169191 ], [ -60.711919437435114, -27.57727585914996 ], [ -60.712866353668936, -27.577284537805756 ] ] ] } },
{ "type": "Feature", "properties": { "FNODE_": 638, "TNODE_": 638, "LPOLY_": 2, "RPOLY_": 642, "LENGTH": 381.661, "M0080_": 638, "M0080_ID": 0 }, "geometry": { "type": "MultiLineString", "coordinates": [ [ [ -60.708248777953557, -27.577326209813588 ], [ -60.709170059460945, -27.577285413267944 ], [ -60.709149270203241, -27.576414718644802 ], [ -60.708207482298953, -27.576415012227489 ], [ -60.708248777953557, -27.577326209813588 ] ] ] } },
{ "type": "Feature", "properties": { "FNODE_": 639, "TNODE_": 639, "LPOLY_": 2, "RPOLY_": 643, "LENGTH": 407.133, "M0080_": 639, "M0080_ID": 0 }, "geometry": { "type": "MultiLineString", "coordinates": [ [ [ -60.70700338878585, -27.577359626689251 ], [ -60.708046276425762, -27.577331754254566 ], [ -60.708004953474493, -27.576416044803192 ], [ -60.706982327364138, -27.576443813676565 ], [ -60.70700338878585, -27.577359626689251 ] ] ] } },
{ "type": "Feature", "properties": { "FNODE_": 640, "TNODE_": 640, "LPOLY_": 2, "RPOLY_": 644, "LENGTH": 393.049, "M0080_": 640, "M0080_ID": 0 }, "geometry": { "type": "MultiLineString", "coordinates": [ [ [ -60.706800858173885, -27.577360657541618 ], [ -60.706779798433089, -27.576444844466813 ], [ -60.705807803792041, -27.576472347032094 ], [ -60.705813463532792, -27.57735665516638 ], [ -60.706800858173885, -27.577360657541618 ] ] ] } },
{ "type": "Feature", "properties": { "FNODE_": 641, "TNODE_": 641, "LPOLY_": 2, "RPOLY_": 645, "LENGTH": 446.693, "M0080_": 641, "M0080_ID": 0 }, "geometry": { "type": "MultiLineString", "coordinates": [ [ [ -60.70427963929685, -27.577418584703402 ], [ -60.705509696405379, -27.577362710507519 ], [ -60.705504039098891, -27.576478402316027 ], [ -60.704238318736657, -27.576498361779652 ], [ -60.70427963929685, -27.577418584703402 ] ] ] } },
{ "type": "Feature", "properties": { "FNODE_": 642, "TNODE_": 642, "LPOLY_": 2, "RPOLY_": 646, "LENGTH": 363.148, "M0080_": 642, "M0080_ID": 0 }, "geometry": { "type": "MultiLineString", "coordinates": [ [ [ -60.704077137263496, -27.577424123363571 ], [ -60.70403578958549, -27.576499388570575 ], [ -60.703235713022508, -27.576489906171052 ], [ -60.703277053991251, -27.577414641328815 ], [ -60.704077137263496, -27.577424123363571 ] ] ] } },
{ "type": "Feature", "properties": { "FNODE_": 643, "TNODE_": 643, "LPOLY_": 2, "RPOLY_": 647, "LENGTH": 406.651, "M0080_": 643, "M0080_ID": 0 }, "geometry": { "type": "MultiLineString", "coordinates": [ [ [ -60.702026569272789, -27.577443527480014 ], [ -60.70307452311549, -27.577415666749339 ], [ -60.703033212605241, -27.576495443278908 ], [ -60.702020767551495, -27.576532147955017 ], [ -60.702026569272789, -27.577443527480014 ] ] ] } },
{ "type": "Feature", "properties": { "FNODE_": 644, "TNODE_": 644, "LPOLY_": 2, "RPOLY_": 650, "LENGTH": 401.0, "M0080_": 644, "M0080_ID": 0 }, "geometry": { "type": "MultiLineString", "coordinates": [ [ [ -60.700811383213242, -27.577449664638841 ], [ -60.701824038289566, -27.577444551078052 ], [ -60.701818266954149, -27.576537683293875 ], [ -60.700805620203553, -27.57654279665832 ], [ -60.700811383213242, -27.577449664638841 ] ] ] } },
{ "type": "Feature", "properties": { "FNODE_": 645, "TNODE_": 645, "LPOLY_": 2, "RPOLY_": 648, "LENGTH": 405.082, "M0080_": 645, "M0080_ID": 0 }, "geometry": { "type": "MultiLineString", "coordinates": [ [ [ -60.699611615588879, -27.577491808905783 ], [ -60.700608880830032, -27.577455198246014 ], [ -60.700603090821424, -27.576543818445355 ], [ -60.699585351893646, -27.576544436672755 ], [ -60.699611615588879, -27.577491808905783 ] ] ] } },
{ "type": "Feature", "properties": { "FNODE_": 646, "TNODE_": 646, "LPOLY_": 2, "RPOLY_": 649, "LENGTH": 409.555, "M0080_": 646, "M0080_ID": 0 }, "geometry": { "type": "MultiLineString", "coordinates": [ [ [ -60.698386387526718, -27.577511511216862 ], [ -60.699409113027201, -27.577497340766001 ], [ -60.699382822455554, -27.57654545668051 ], [ -60.698380444439458, -27.576573060288538 ], [ -60.698386387526718, -27.577511511216862 ] ] ] } },
{ "type": "Feature", "properties": { "FNODE_": 647, "TNODE_": 647, "LPOLY_": 2, "RPOLY_": 651, "LENGTH": 402.581, "M0080_": 647, "M0080_ID": 0 }, "geometry": { "type": "MultiLineString", "coordinates": [ [ [ -60.697176263054693, -27.577517591124003 ], [ -60.698183856260769, -27.577512529509086 ], [ -60.698177943460223, -27.576578590324122 ], [ -60.697165523722731, -27.576619771432821 ], [ -60.697176263054693, -27.577517591124003 ] ] ] } },
{ "type": "Feature", "properties": { "FNODE_": 648, "TNODE_": 648, "LPOLY_": 2, "RPOLY_": 656, "LENGTH": 390.651, "M0080_": 648, "M0080_ID": 0 }, "geometry": { "type": "MultiLineString", "coordinates": [ [ [ -60.691571204605445, -27.577545614532536 ], [ -60.692163524583265, -27.577529128030889 ], [ -60.692092321909975, -27.57667221609136 ], [ -60.691029152400041, -27.576695557660987 ], [ -60.691008899392095, -27.576695658427923 ], [ -60.690993709636082, -27.576695734001191 ], [ -60.690978519879998, -27.57669580957279 ], [ -60.690958238603443, -27.576691398541698 ], [ -60.690943048847856, -27.57669147410941 ], [ -60.690877226572916, -27.576691801550322 ], [ -60.691571204605445, -27.577545614532536 ] ] ] } },
{ "type": "Feature", "properties": { "FNODE_": 649, "TNODE_": 649, "LPOLY_": 2, "RPOLY_": 652, "LENGTH": 400.042, "M0080_": 649, "M0080_ID": 0 }, "geometry": { "type": "MultiLineString", "coordinates": [ [ [ -60.695971315386146, -27.577541682257191 ], [ -60.696973731725258, -27.577518607651825 ], [ -60.696963022555543, -27.576625299699575 ], [ -60.695945282233517, -27.576625891265685 ], [ -60.695971315386146, -27.577541682257191 ] ] ] } },
{ "type": "Feature", "properties": { "FNODE_": 650, "TNODE_": 650, "LPOLY_": 2, "RPOLY_": 653, "LENGTH": 399.058, "M0080_": 650, "M0080_ID": 0 }, "geometry": { "type": "MultiLineString", "coordinates": [ [ [ -60.695768783960496, -27.577542697028779 ], [ -60.695742752488528, -27.576626905968389 ], [ -60.694750498702142, -27.576654432678566 ], [ -60.694745971674799, -27.577543305327733 ], [ -60.695768783960496, -27.577542697028779 ] ] ] } },
{ "type": "Feature", "properties": { "FNODE_": 651, "TNODE_": 651, "LPOLY_": 2, "RPOLY_": 654, "LENGTH": 401.05, "M0080_": 651, "M0080_ID": 0 }, "geometry": { "type": "MultiLineString", "coordinates": [ [ [ -60.693520712799142, -27.57755845295021 ], [ -60.694543440193364, -27.577544318312565 ], [ -60.694547968853286, -27.576655445640025 ], [ -60.693494926957172, -27.576678755432649 ], [ -60.693520712799142, -27.57755845295021 ] ] ] } },
{ "type": "Feature", "properties": { "FNODE_": 652, "TNODE_": 652, "LPOLY_": 2, "RPOLY_": 658, "LENGTH": 331.016, "M0080_": 652, "M0080_ID": 0 }, "geometry": { "type": "MultiLineString", "coordinates": [ [ [ -60.689222401112197, -27.577647529134971 ], [ -60.689865383406037, -27.577635312930791 ], [ -60.689859625689614, -27.576714907488061 ], [ -60.689216648758979, -27.576727123569036 ], [ -60.689222401112197, -27.577647529134971 ] ] ] } },
{ "type": "Feature", "properties": { "FNODE_": 653, "TNODE_": 653, "LPOLY_": 2, "RPOLY_": 659, "LENGTH": 292.508, "M0080_": 653, "M0080_ID": 0 }, "geometry": { "type": "MultiLineString", "coordinates": [ [ [ -60.688574298964596, -27.577650743883684 ], [ -60.689019869202625, -27.577648534068775 ], [ -60.689014118539411, -27.576728128463674 ], [ -60.688558453677288, -27.576734900189884 ], [ -60.688574298964596, -27.577650743883684 ] ] ] } },
{ "type": "Feature", "properties": { "FNODE_": 654, "TNODE_": 654, "LPOLY_": 2, "RPOLY_": 661, "LENGTH": 277.527, "M0080_": 654, "M0080_ID": 0 }, "geometry": { "type": "MultiLineString", "coordinates": [ [ [ -60.687981921149117, -27.577658191512526 ], [ -60.688371767021444, -27.577651747872519 ], [ -60.688355923415379, -27.57673590412502 ], [ -60.687986361953996, -27.576746759132352 ], [ -60.687981921149117, -27.577658191512526 ] ] ] } },
{ "type": "Feature", "properties": { "FNODE_": 655, "TNODE_": 655, "LPOLY_": 2, "RPOLY_": 660, "LENGTH": 277.033, "M0080_": 655, "M0080_ID": 0 }, "geometry": { "type": "MultiLineString", "coordinates": [ [ [ -60.687424986298147, -27.577665461189842 ], [ -60.687779389167034, -27.577659194637796 ], [ -60.687783803507365, -27.576743250440039 ], [ -60.687404002920999, -27.576736106870751 ], [ -60.687424986298147, -27.577665461189842 ] ] ] } },
{ "type": "Feature", "properties": { "FNODE_": 656, "TNODE_": 656, "LPOLY_": 2, "RPOLY_": 664, "LENGTH": 289.023, "M0080_": 656, "M0080_ID": 0 }, "geometry": { "type": "MultiLineString", "coordinates": [ [ [ -60.742219993821699, -27.577437578774862 ], [ -60.743242765979758, -27.577432109115446 ], [ -60.743229994069814, -27.577039642052029 ], [ -60.742207225548526, -27.577045111545964 ], [ -60.742219993821699, -27.577437578774862 ] ] ] } },
{ "type": "Feature", "properties": { "FNODE_": 657, "TNODE_": 657, "LPOLY_": 2, "RPOLY_": 677, "LENGTH": 262.049, "M0080_": 657, "M0080_ID": 0 }, "geometry": { "type": "MultiLineString", "coordinates": [ [ [ -60.72781752004758, -27.577883778218784 ], [ -60.727807900897517, -27.577193506387047 ], [ -60.727028192459272, -27.577202102078356 ], [ -60.72781752004758, -27.577883778218784 ] ] ] } },
{ "type": "Feature", "properties": { "FNODE_": 658, "TNODE_": 658, "LPOLY_": 2, "RPOLY_": 709, "LENGTH": 294.512, "M0080_": 658, "M0080_ID": 0 }, "geometry": { "type": "MultiLineString", "coordinates": [ [ [ -60.74223358214374, -27.577951862936249 ], [ -60.743246202156399, -27.577941935538949 ], [ -60.743243374146047, -27.577522343883437 ], [ -60.742220601151274, -27.577527813563737 ], [ -60.74223358214374, -27.577951862936249 ] ] ] } },
{ "type": "Feature", "properties": { "FNODE_": 659, "TNODE_": 659, "LPOLY_": 2, "RPOLY_": 665, "LENGTH": 401.551, "M0080_": 659, "M0080_ID": 0 }, "geometry": { "type": "MultiLineString", "coordinates": [ [ [ -60.741003241818547, -27.577962944768828 ], [ -60.742036115278594, -27.577952918129665 ], [ -60.742017768228884, -27.577483778379154 ], [ -60.74199963388277, -27.577046220771436 ], [ -60.740997178498297, -27.577060596634119 ], [ -60.741003241818547, -27.577962944768828 ] ] ] } },
{ "type": "Feature", "properties": { "FNODE_": 660, "TNODE_": 660, "LPOLY_": 2, "RPOLY_": 662, "LENGTH": 441.512, "M0080_": 660, "M0080_ID": 0 }, "geometry": { "type": "MultiLineString", "coordinates": [ [ [ -60.744405808320316, -27.577953772492378 ], [ -60.745620896694071, -27.577933718602672 ], [ -60.745609701887929, -27.57702688685751 ], [ -60.744404658550067, -27.577033350965976 ], [ -60.744405808320316, -27.577953772492378 ] ] ] } },
{ "type": "Feature", "properties": { "FNODE_": 661, "TNODE_": 661, "LPOLY_": 2, "RPOLY_": 663, "LENGTH": 352.538, "M0080_": 661, "M0080_ID": 0 }, "geometry": { "type": "MultiLineString", "coordinates": [ [ [ -60.744203278298563, -27.577954857905969 ], [ -60.744202130218589, -27.577034436344654 ], [ -60.743432522455656, -27.577038558090688 ], [ -60.74344559925138, -27.577476142503418 ], [ -60.743448732198516, -27.577940851521436 ], [ -60.744203278298563, -27.577954857905969 ] ] ] } },
{ "type": "Feature", "properties": { "FNODE_": 662, "TNODE_": 662, "LPOLY_": 2, "RPOLY_": 668, "LENGTH": 320.505, "M0080_": 662, "M0080_ID": 0 }, "geometry": { "type": "MultiLineString", "coordinates": [ [ [ -60.736978012383489, -27.577993386858203 ], [ -60.737590666881935, -27.577990134444786 ], [ -60.737589755048397, -27.577096782216387 ], [ -60.736966948922138, -27.577095576518598 ], [ -60.736978012383489, -27.577993386858203 ] ] ] } },
{ "type": "Feature", "properties": { "FNODE_": 663, "TNODE_": 663, "LPOLY_": 2, "RPOLY_": 671, "LENGTH": 331.003, "M0080_": 663, "M0080_ID": 0 }, "geometry": { "type": "MultiLineString", "coordinates": [ [ [ -60.73836537577283, -27.577990529763479 ], [ -60.738359364236878, -27.577092692837422 ], [ -60.737691019424567, -27.57709624438381 ], [ -60.737691932078384, -27.577989596595554 ], [ -60.73836537577283, -27.577990529763479 ] ] ] } },
{ "type": "Feature", "properties": { "FNODE_": 664, "TNODE_": 664, "LPOLY_": 2, "RPOLY_": 667, "LENGTH": 416.518, "M0080_": 664, "M0080_ID": 0 }, "geometry": { "type": "MultiLineString", "coordinates": [ [ [ -60.735671751077248, -27.578009336224522 ], [ -60.736775481948186, -27.577994461441911 ], [ -60.736764420135145, -27.577096651054077 ], [ -60.735680860835778, -27.577097883056766 ], [ -60.735671751077248, -27.578009336224522 ] ] ] } },
{ "type": "Feature", "properties": { "FNODE_": 665, "TNODE_": 665, "LPOLY_": 2, "RPOLY_": 666, "LENGTH": 400.56, "M0080_": 665, "M0080_ID": 0 }, "geometry": { "type": "MultiLineString", "coordinates": [ [ [ -60.739793275074199, -27.577991954790235 ], [ -60.740800711623429, -27.577964025221085 ], [ -60.740794649960023, -27.577061677045105 ], [ -60.740171935198454, -27.577074020942465 ], [ -60.740151682338883, -27.577074128876564 ], [ -60.740136492694134, -27.577074209825199 ], [ -60.7401213030493, -27.577074290772181 ], [ -60.740101050189452, -27.57707439869889 ], [ -60.739777064948491, -27.577085148609214 ], [ -60.739793275074199, -27.577991954790235 ] ] ] } },
{ "type": "Feature", "properties": { "FNODE_": 666, "TNODE_": 666, "LPOLY_": 2, "RPOLY_": 670, "LENGTH": 401.01, "M0080_": 666, "M0080_ID": 0 }, "geometry": { "type": "MultiLineString", "coordinates": [ [ [ -60.739590744770318, -27.577993033479146 ], [ -60.739574536309171, -27.577086227241946 ], [ -60.738561892943714, -27.577091615976375 ], [ -60.738567906128232, -27.577989452861502 ], [ -60.739590744770318, -27.577993033479146 ] ] ] } },
{ "type": "Feature", "properties": { "FNODE_": 667, "TNODE_": 667, "LPOLY_": 2, "RPOLY_": 669, "LENGTH": 412.066, "M0080_": 667, "M0080_ID": 0 }, "geometry": { "type": "MultiLineString", "coordinates": [ [ [ -60.734314856439092, -27.578025541032591 ], [ -60.735367955286776, -27.578010945132984 ], [ -60.735377097642775, -27.577104003683033 ], [ -60.734283561750217, -27.57712783714063 ], [ -60.734314856439092, -27.578025541032591 ] ] ] } },
{ "type": "Feature", "properties": { "FNODE_": 668, "TNODE_": 668, "LPOLY_": 2, "RPOLY_": 675, "LENGTH": 398.541, "M0080_": 668, "M0080_ID": 0 }, "geometry": { "type": "MultiLineString", "coordinates": [ [ [ -60.733099732565371, -27.578040984308281 ], [ -60.734112325823389, -27.578026611733986 ], [ -60.734081032781702, -27.577128907764422 ], [ -60.733083577448738, -27.577134176278271 ], [ -60.733099732565371, -27.578040984308281 ] ] ] } },
{ "type": "Feature", "properties": { "FNODE_": 669, "TNODE_": 669, "LPOLY_": 2, "RPOLY_": 672, "LENGTH": 402.093, "M0080_": 669, "M0080_ID": 0 }, "geometry": { "type": "MultiLineString", "coordinates": [ [ [ -60.731904861168701, -27.578056310226081 ], [ -60.732897201866081, -27.578042053238306 ], [ -60.732881048414043, -27.577135245152487 ], [ -60.731858216734196, -27.577131614956055 ], [ -60.731904861168701, -27.578056310226081 ] ] ] } },
{ "type": "Feature", "properties": { "FNODE_": 670, "TNODE_": 670, "LPOLY_": 2, "RPOLY_": 676, "LENGTH": 407.529, "M0080_": 670, "M0080_ID": 0 }, "geometry": { "type": "MultiLineString", "coordinates": [ [ [ -60.729099808852496, -27.578071064505163 ], [ -60.729078712861813, -27.57717781721491 ], [ -60.728010430268789, -27.577192444908309 ], [ -60.728031428254944, -27.578072157265801 ], [ -60.729099808852496, -27.578071064505163 ] ] ] } },
{ "type": "Feature", "properties": { "FNODE_": 671, "TNODE_": 671, "LPOLY_": 2, "RPOLY_": 673, "LENGTH": 408.594, "M0080_": 671, "M0080_ID": 0 }, "geometry": { "type": "MultiLineString", "coordinates": [ [ [ -60.730664419745189, -27.578071865620597 ], [ -60.731702330387037, -27.578057377414275 ], [ -60.731655687648626, -27.577132682043402 ], [ -60.730643042053636, -27.577138013050835 ], [ -60.730664419745189, -27.578071865620597 ] ] ] } },
{ "type": "Feature", "properties": { "FNODE_": 672, "TNODE_": 672, "LPOLY_": 2, "RPOLY_": 674, "LENGTH": 411.557, "M0080_": 672, "M0080_ID": 0 }, "geometry": { "type": "MultiLineString", "coordinates": [ [ [ -60.730461888878779, -27.578072931000509 ], [ -60.730440542785381, -27.577143590118094 ], [ -60.729382476944416, -27.577171710354602 ], [ -60.729403605235213, -27.578069469303987 ], [ -60.730461888878779, -27.578072931000509 ] ] ] } },
{ "type": "Feature", "properties": { "FNODE_": 673, "TNODE_": 673, "LPOLY_": 2, "RPOLY_": 695, "LENGTH": 273.108, "M0080_": 673, "M0080_ID": 0 }, "geometry": { "type": "MultiLineString", "coordinates": [ [ [ -60.726801349709341, -27.578123719118544 ], [ -60.72761632903125, -27.578087868367469 ], [ -60.726811692487438, -27.577388223579394 ], [ -60.726801349709341, -27.578123719118544 ] ] ] } },
{ "type": "Feature", "properties": { "FNODE_": 674, "TNODE_": 674, "LPOLY_": 2, "RPOLY_": 682, "LENGTH": 427.018, "M0080_": 674, "M0080_ID": 0 }, "geometry": { "type": "MultiLineString", "coordinates": [ [ [ -60.749743022447184, -27.578006276604643 ], [ -60.750907568984829, -27.577999984983975 ], [ -60.750886327167294, -27.57711125621001 ], [ -60.749726822541398, -27.577113008402456 ], [ -60.749743022447184, -27.578006276604643 ] ] ] } },
{ "type": "Feature", "properties": { "FNODE_": 675, "TNODE_": 675, "LPOLY_": 2, "RPOLY_": 683, "LENGTH": 434.012, "M0080_": 675, "M0080_ID": 0 }, "geometry": { "type": "MultiLineString", "coordinates": [ [ [ -60.748345596721634, -27.578018325394972 ], [ -60.749540492576003, -27.578007369802933 ], [ -60.749524294309921, -27.577114101544641 ], [ -60.748329408127972, -27.577125056806441 ], [ -60.748345596721634, -27.578018325394972 ] ] ] } },
{ "type": "Feature", "properties": { "FNODE_": 676, "TNODE_": 676, "LPOLY_": 2, "RPOLY_": 678, "LENGTH": 398.531, "M0080_": 676, "M0080_ID": 0 }, "geometry": { "type": "MultiLineString", "coordinates": [ [ [ -60.725621665063066, -27.578138911515552 ], [ -60.726598848301528, -27.578129290621924 ], [ -60.726613066564397, -27.577213298367369 ], [ -60.725605541702102, -27.577227589683808 ], [ -60.725621665063066, -27.578138911515552 ] ] ] } },
{ "type": "Feature", "properties": { "FNODE_": 677, "TNODE_": 677, "LPOLY_": 2, "RPOLY_": 679, "LENGTH": 404.541, "M0080_": 677, "M0080_ID": 0 }, "geometry": { "type": "MultiLineString", "coordinates": [ [ [ -60.724381161185697, -27.578145387307181 ], [ -60.725419133846081, -27.57813996954436 ], [ -60.725403012158019, -27.577228647657016 ], [ -60.724400431477939, -27.577224856760676 ], [ -60.724381161185697, -27.578145387307181 ] ] ] } },
{ "type": "Feature", "properties": { "FNODE_": 678, "TNODE_": 678, "LPOLY_": 2, "RPOLY_": 680, "LENGTH": 411.535, "M0080_": 678, "M0080_ID": 0 }, "geometry": { "type": "MultiLineString", "coordinates": [ [ [ -60.724178629901104, -27.578146443527288 ], [ -60.724197901884743, -27.577225912976523 ], [ -60.72312955809825, -27.577231479628022 ], [ -60.723135534437809, -27.578142854867728 ], [ -60.724178629901104, -27.578146443527288 ] ] ] } },
{ "type": "Feature", "properties": { "FNODE_": 679, "TNODE_": 679, "LPOLY_": 2, "RPOLY_": 681, "LENGTH": 444.025, "M0080_": 679, "M0080_ID": 0 }, "geometry": { "type": "MultiLineString", "coordinates": [ [ [ -60.721601418342821, -27.578159858140896 ], [ -60.722831737429999, -27.578144436362404 ], [ -60.722825793173357, -27.57723757282087 ], [ -60.721585416755111, -27.577262070489105 ], [ -60.721601418342821, -27.578159858140896 ] ] ] } },
{ "type": "Feature", "properties": { "FNODE_": 680, "TNODE_": 680, "LPOLY_": 2, "RPOLY_": 684, "LENGTH": 401.541, "M0080_": 680, "M0080_ID": 0 }, "geometry": { "type": "MultiLineString", "coordinates": [ [ [ -60.720381284172298, -27.57818424002167 ], [ -60.721398886907146, -27.578160910308007 ], [ -60.721382886967511, -27.577263122601455 ], [ -60.720360170316198, -27.577277454781186 ], [ -60.720381284172298, -27.57818424002167 ] ] ] } },
{ "type": "Feature", "properties": { "FNODE_": 681, "TNODE_": 681, "LPOLY_": 2, "RPOLY_": 685, "LENGTH": 400.519, "M0080_": 681, "M0080_ID": 0 }, "geometry": { "type": "MultiLineString", "coordinates": [ [ [ -60.720178752637366, -27.578185290410396 ], [ -60.720157640445635, -27.577278505107429 ], [ -60.719145020350581, -27.577288264072163 ], [ -60.719161002084412, -27.57818605238128 ], [ -60.720178752637366, -27.578185290410396 ] ] ] } },
{ "type": "Feature", "properties": { "FNODE_": 682, "TNODE_": 682, "LPOLY_": 2, "RPOLY_": 686, "LENGTH": 397.546, "M0080_": 682, "M0080_ID": 0 }, "geometry": { "type": "MultiLineString", "coordinates": [ [ [ -60.71794080782108, -27.578201389309207 ], [ -60.718958470491735, -27.578187100990618 ], [ -60.718942519819898, -27.577293824389912 ], [ -60.717924953502624, -27.577321647728468 ], [ -60.71794080782108, -27.578201389309207 ] ] ] } },
{ "type": "Feature", "properties": { "FNODE_": 683, "TNODE_": 683, "LPOLY_": 2, "RPOLY_": 687, "LENGTH": 393.125, "M0080_": 683, "M0080_ID": 0 }, "geometry": { "type": "MultiLineString", "coordinates": [ [ [ -60.716756202645975, -27.578239091430863 ], [ -60.71773830551173, -27.578206947903393 ], [ -60.717722452806463, -27.57732720626948 ], [ -60.716714953521894, -27.577345944891771 ], [ -60.716756202645975, -27.578239091430863 ] ] ] } },
{ "type": "Feature", "properties": { "FNODE_": 684, "TNODE_": 684, "LPOLY_": 2, "RPOLY_": 703, "LENGTH": 205.919, "M0080_": 684, "M0080_ID": 0 }, "geometry": { "type": "MultiLineString", "coordinates": [ [ [ -60.692184010271511, -27.578372756808946 ], [ -60.692169720632322, -27.577709574352546 ], [ -60.691703953852631, -27.577720918727156 ], [ -60.692184010271511, -27.578372756808946 ] ] ] } },
{ "type": "Feature", "properties": { "FNODE_": 685, "TNODE_": 685, "LPOLY_": 2, "RPOLY_": 688, "LENGTH": 395.12, "M0080_": 685, "M0080_ID": 0 }, "geometry": { "type": "MultiLineString", "coordinates": [ [ [ -60.715520846339885, -27.578258997271842 ], [ -60.716553700166322, -27.578244648300092 ], [ -60.71651245267789, -27.577351501670403 ], [ -60.715535390842611, -27.577379098542295 ], [ -60.715520846339885, -27.578258997271842 ] ] ] } },
{ "type": "Feature", "properties": { "FNODE_": 686, "TNODE_": 686, "LPOLY_": 2, "RPOLY_": 689, "LENGTH": 401.615, "M0080_": 686, "M0080_ID": 0 }, "geometry": { "type": "MultiLineString", "coordinates": [ [ [ -60.714275479623431, -27.578296991282066 ], [ -60.715318343718359, -27.578264552341519 ], [ -60.715332889837157, -27.577384653603204 ], [ -60.714295038876529, -27.577408042923299 ], [ -60.714275479623431, -27.578296991282066 ] ] ] } },
{ "type": "Feature", "properties": { "FNODE_": 687, "TNODE_": 687, "LPOLY_": 2, "RPOLY_": 690, "LENGTH": 389.167, "M0080_": 687, "M0080_ID": 0 }, "geometry": { "type": "MultiLineString", "coordinates": [ [ [ -60.713105915449518, -27.578312025345483 ], [ -60.714072976826088, -27.578302544538211 ], [ -60.714092537712297, -27.577413596177735 ], [ -60.713075084913775, -27.577459431097864 ], [ -60.713105915449518, -27.578312025345483 ] ] ] } },
{ "type": "Feature", "properties": { "FNODE_": 688, "TNODE_": 688, "LPOLY_": 2, "RPOLY_": 694, "LENGTH": 378.578, "M0080_": 688, "M0080_ID": 0 }, "geometry": { "type": "MultiLineString", "coordinates": [ [ [ -60.711946535588439, -27.578336021191756 ], [ -60.712898320054435, -27.578313091120283 ], [ -60.712867520287844, -27.577465008565273 ], [ -60.711925665768213, -27.577456303992527 ], [ -60.711946535588439, -27.578336021191756 ] ] ] } },
{ "type": "Feature", "properties": { "FNODE_": 689, "TNODE_": 689, "LPOLY_": 2, "RPOLY_": 692, "LENGTH": 389.545, "M0080_": 689, "M0080_ID": 0 }, "geometry": { "type": "MultiLineString", "coordinates": [ [ [ -60.710680912777292, -27.57837408682882 ], [ -60.711642795535738, -27.578346601761371 ], [ -60.711621840789746, -27.577453349161637 ], [ -60.710669946964195, -27.577458223267975 ], [ -60.710680912777292, -27.57837408682882 ] ] ] } },
{ "type": "Feature", "properties": { "FNODE_": 690, "TNODE_": 690, "LPOLY_": 2, "RPOLY_": 691, "LENGTH": 411.756, "M0080_": 690, "M0080_ID": 0 }, "geometry": { "type": "MultiLineString", "coordinates": [ [ [ -60.710478409532747, -27.578379634849387 ], [ -60.710467416332172, -27.577459259470285 ], [ -60.709378784976863, -27.577460312226133 ], [ -60.709455534060879, -27.578371328086074 ], [ -60.710478409532747, -27.578379634849387 ] ] ] } },
{ "type": "Feature", "properties": { "FNODE_": 691, "TNODE_": 691, "LPOLY_": 2, "RPOLY_": 693, "LENGTH": 390.883, "M0080_": 691, "M0080_ID": 0 }, "geometry": { "type": "MultiLineString", "coordinates": [ [ [ -60.708235392323097, -27.578395603346156 ], [ -60.709253001698507, -27.578372362548958 ], [ -60.709176283298802, -27.57746585831832 ], [ -60.708255000288688, -27.577506654932499 ], [ -60.708235392323097, -27.578395603346156 ] ] ] } },
{ "type": "Feature", "properties": { "FNODE_": 692, "TNODE_": 692, "LPOLY_": 2, "RPOLY_": 696, "LENGTH": 398.578, "M0080_": 692, "M0080_ID": 0 }, "geometry": { "type": "MultiLineString", "coordinates": [ [ [ -60.707020284180906, -27.578415330345443 ], [ -60.70803285986257, -27.578396636030618 ], [ -60.708052498430256, -27.577512199388629 ], [ -60.707004545814073, -27.577540097676607 ], [ -60.707020284180906, -27.578415330345443 ] ] ] } },
{ "type": "Feature", "properties": { "FNODE_": 693, "TNODE_": 693, "LPOLY_": 2, "RPOLY_": 697, "LENGTH": 388.547, "M0080_": 693, "M0080_ID": 0 }, "geometry": { "type": "MultiLineString", "coordinates": [ [ [ -60.705850716315624, -27.578430303347933 ], [ -60.706817751630879, -27.57841636125865 ], [ -60.706802014870739, -27.577541128536847 ], [ -60.705819681888222, -27.577537100468312 ], [ -60.705850716315624, -27.578430303347933 ] ] ] } },
{ "type": "Feature", "properties": { "FNODE_": 694, "TNODE_": 694, "LPOLY_": 2, "RPOLY_": 698, "LENGTH": 442.71, "M0080_": 694, "M0080_ID": 0 }, "geometry": { "type": "MultiLineString", "coordinates": [ [ [ -60.704281318686675, -27.578474366200833 ], [ -60.705546946235842, -27.578436358824959 ], [ -60.705515914264645, -27.577543155832192 ], [ -60.704285855149834, -27.577599030119284 ], [ -60.704281318686675, -27.578474366200833 ] ] ] } },
{ "type": "Feature", "properties": { "FNODE_": 695, "TNODE_": 695, "LPOLY_": 2, "RPOLY_": 699, "LENGTH": 354.545, "M0080_": 695, "M0080_ID": 0 }, "geometry": { "type": "MultiLineString", "coordinates": [ [ [ -60.703289051846212, -27.578501954180862 ], [ -60.704078814715793, -27.578479904898831 ], [ -60.704083352785844, -27.577604568794559 ], [ -60.70328326820426, -27.577595086820306 ], [ -60.703289051846212, -27.578501954180862 ] ] ] } },
{ "type": "Feature", "properties": { "FNODE_": 696, "TNODE_": 696, "LPOLY_": 2, "RPOLY_": 700, "LENGTH": 406.046, "M0080_": 696, "M0080_ID": 0 }, "geometry": { "type": "MultiLineString", "coordinates": [ [ [ -60.702048595285206, -27.578517254138553 ], [ -60.703086518974104, -27.578502979655973 ], [ -60.7030807369974, -27.577596112256046 ], [ -60.702027718160828, -27.577623998658751 ], [ -60.702048595285206, -27.578517254138553 ] ] ] } },
{ "type": "Feature", "properties": { "FNODE_": 697, "TNODE_": 697, "LPOLY_": 2, "RPOLY_": 701, "LENGTH": 400.062, "M0080_": 697, "M0080_ID": 0 }, "geometry": { "type": "MultiLineString", "coordinates": [ [ [ -60.700838604099147, -27.578545925057998 ], [ -60.701846062331036, -27.578518277805287 ], [ -60.701825186846222, -27.577625022264616 ], [ -60.700812530112977, -27.577630135864474 ], [ -60.700838604099147, -27.578545925057998 ] ] ] } },
{ "type": "Feature", "properties": { "FNODE_": 698, "TNODE_": 698, "LPOLY_": 2, "RPOLY_": 702, "LENGTH": 396.093, "M0080_": 698, "M0080_ID": 0 }, "geometry": { "type": "MultiLineString", "coordinates": [ [ [ -60.70063607103971, -27.578546946961225 ], [ -60.70061002739866, -27.577635669479328 ], [ -60.699612760527309, -27.577672280176703 ], [ -60.699618256380063, -27.578538542211209 ], [ -60.70063607103971, -27.578546946961225 ] ] ] } },
{ "type": "Feature", "properties": { "FNODE_": 699, "TNODE_": 699, "LPOLY_": 2, "RPOLY_": 704, "LENGTH": 390.558, "M0080_": 699, "M0080_ID": 0 }, "geometry": { "type": "MultiLineString", "coordinates": [ [ [ -60.698423425247334, -27.578562603799764 ], [ -60.69941572328127, -27.578539562334626 ], [ -60.699410257634504, -27.577677812044605 ], [ -60.698392593750889, -27.577691957073274 ], [ -60.698423425247334, -27.578562603799764 ] ] ] } },
{ "type": "Feature", "properties": { "FNODE_": 700, "TNODE_": 700, "LPOLY_": 2, "RPOLY_": 655, "LENGTH": 682.78, "M0080_": 700, "M0080_ID": 0 }, "geometry": { "type": "MultiLineString", "coordinates": [ [ [ -60.692392994832517, -27.578592799611773 ], [ -60.692803125157845, -27.578590754289657 ], [ -60.692796332733096, -27.578315560494858 ], [ -60.692801311020474, -27.57830199987335 ], [ -60.692806289306645, -27.578288439251651 ], [ -60.692816359260462, -27.57827936515914 ], [ -60.69283152088186, -27.578274777594711 ], [ -60.692846682501958, -27.578270190028629 ], [ -60.692861900817007, -27.578274626036578 ], [ -60.69287711913325, -27.57827906204281 ], [ -60.69288730247699, -27.578288035096399 ], [ -60.692892450848269, -27.578301545198432 ], [ -60.692897599220885, -27.578315055300216 ], [ -60.692904391898189, -27.578590249085433 ], [ -60.693334775515211, -27.578588101143836 ], [ -60.693318947119927, -27.577681282419409 ], [ -60.693318833655525, -27.57766323526835 ], [ -60.693318748557274, -27.577649699905034 ], [ -60.693318663459095, -27.577636164541687 ], [ -60.693318549994956, -27.577618117390511 ], [ -60.693292397009643, -27.576679766564109 ], [ -60.692294851895134, -27.576671206710049 ], [ -60.69236631108182, -27.577568724615777 ], [ -60.69236639606288, -27.577582259981991 ], [ -60.692371657644912, -27.577613817261323 ], [ -60.692371742626783, -27.577627352627438 ], [ -60.692371855936031, -27.577645399782206 ], [ -60.692392994832517, -27.578592799611773 ] ] ] } },
{ "type": "Feature", "properties": { "FNODE_": 701, "TNODE_": 701, "LPOLY_": 2, "RPOLY_": 705, "LENGTH": 395.542, "M0080_": 701, "M0080_ID": 0 }, "geometry": { "type": "MultiLineString", "coordinates": [ [ [ -60.697193092976988, -27.578577809484148 ], [ -60.698220892052618, -27.578563622181619 ], [ -60.698190062153799, -27.577692975380664 ], [ -60.697177404009039, -27.577698062488157 ], [ -60.697193092976988, -27.578577809484148 ] ] ] } },
{ "type": "Feature", "properties": { "FNODE_": 702, "TNODE_": 702, "LPOLY_": 2, "RPOLY_": 706, "LENGTH": 393.537, "M0080_": 702, "M0080_ID": 0 }, "geometry": { "type": "MultiLineString", "coordinates": [ [ [ -60.69596270316282, -27.578583980705321 ], [ -60.696990559701163, -27.578578826072381 ], [ -60.696974872348221, -27.577699079023748 ], [ -60.695972454369823, -27.577722153667075 ], [ -60.69596270316282, -27.578583980705321 ] ] ] } },
{ "type": "Feature", "properties": { "FNODE_": 703, "TNODE_": 703, "LPOLY_": 2, "RPOLY_": 707, "LENGTH": 390.525, "M0080_": 703, "M0080_ID": 0 }, "geometry": { "type": "MultiLineString", "coordinates": [ [ [ -60.694767756302262, -27.578589963722465 ], [ -60.695760169822556, -27.578584995499547 ], [ -60.695769922612776, -27.577723168446408 ], [ -60.694747108653317, -27.577723776784591 ], [ -60.694767756302262, -27.578589963722465 ] ] ] } },
{ "type": "Feature", "properties": { "FNODE_": 704, "TNODE_": 704, "LPOLY_": 2, "RPOLY_": 708, "LENGTH": 392.527, "M0080_": 704, "M0080_ID": 0 }, "geometry": { "type": "MultiLineString", "coordinates": [ [ [ -60.694565222899556, -27.57859097677434 ], [ -60.694544576840492, -27.577724789777175 ], [ -60.693521847773297, -27.577738924453627 ], [ -60.693537308965539, -27.578587089886366 ], [ -60.694565222899556, -27.57859097677434 ] ] ] } },
{ "type": "Feature", "properties": { "FNODE_": 705, "TNODE_": 705, "LPOLY_": 2, "RPOLY_": 710, "LENGTH": 315.027, "M0080_": 705, "M0080_ID": 0 }, "geometry": { "type": "MultiLineString", "coordinates": [ [ [ -60.68923901362632, -27.57868519088834 ], [ -60.689856713470341, -27.578677612046192 ], [ -60.689866512402084, -27.577815784571801 ], [ -60.689223529056619, -27.577828000800139 ], [ -60.68923901362632, -27.57868519088834 ] ] ] } },
{ "type": "Feature", "properties": { "FNODE_": 706, "TNODE_": 706, "LPOLY_": 2, "RPOLY_": 711, "LENGTH": 279.508, "M0080_": 706, "M0080_ID": 0 }, "geometry": { "type": "MultiLineString", "coordinates": [ [ [ -60.68858080686401, -27.578692967826548 ], [ -60.689036479811733, -27.578686195881055 ], [ -60.689020996815628, -27.577829005741616 ], [ -60.688575425848555, -27.577831215573408 ], [ -60.68858080686401, -27.578692967826548 ] ] ] } },
{ "type": "Feature", "properties": { "FNODE_": 707, "TNODE_": 707, "LPOLY_": 2, "RPOLY_": 712, "LENGTH": 267.503, "M0080_": 707, "M0080_ID": 0 }, "geometry": { "type": "MultiLineString", "coordinates": [ [ [ -60.687988395302895, -27.578695903792102 ], [ -60.688378273007046, -27.5786939718597 ], [ -60.688372893574019, -27.57783221956992 ], [ -60.687983047064023, -27.577838663224583 ], [ -60.687988395302895, -27.578695903792102 ] ] ] } },
{ "type": "Feature", "properties": { "FNODE_": 708, "TNODE_": 708, "LPOLY_": 2, "RPOLY_": 713, "LENGTH": 258.028, "M0080_": 708, "M0080_ID": 0 }, "geometry": { "type": "MultiLineString", "coordinates": [ [ [ -60.687451708605117, -27.57870307333793 ], [ -60.687785861415271, -27.578696906961451 ], [ -60.687780514750543, -27.577839666357509 ], [ -60.687426111302003, -27.577845932922848 ], [ -60.687451708605117, -27.57870307333793 ] ] ] } },
{ "type": "Feature", "properties": { "FNODE_": 709, "TNODE_": 709, "LPOLY_": 2, "RPOLY_": 725, "LENGTH": 276.609, "M0080_": 709, "M0080_ID": 0 }, "geometry": { "type": "MultiLineString", "coordinates": [ [ [ -60.729100592440943, -27.578955394497363 ], [ -60.729101002076227, -27.578251534598117 ], [ -60.728250340884053, -27.578251485907661 ], [ -60.729100592440943, -27.578955394497363 ] ] ] } },
{ "type": "Feature", "properties": { "FNODE_": 710, "TNODE_": 710, "LPOLY_": 2, "RPOLY_": 716, "LENGTH": 448.015, "M0080_": 710, "M0080_ID": 0 }, "geometry": { "type": "MultiLineString", "coordinates": [ [ [ -60.745638619553176, -27.579057086320361 ], [ -60.745622116947104, -27.578114188026678 ], [ -60.744407026585932, -27.578134241965831 ], [ -60.744413270375169, -27.579059147942836 ], [ -60.745638619553176, -27.579057086320361 ] ] ] } },
{ "type": "Feature", "properties": { "FNODE_": 711, "TNODE_": 711, "LPOLY_": 2, "RPOLY_": 715, "LENGTH": 357.034, "M0080_": 711, "M0080_ID": 0 }, "geometry": { "type": "MultiLineString", "coordinates": [ [ [ -60.74345636717041, -27.579073297637624 ], [ -60.744210738323687, -27.579060233407219 ], [ -60.744204496232811, -27.57813532738772 ], [ -60.743449948897243, -27.578121321034534 ], [ -60.74345636717041, -27.579073297637624 ] ] ] } },
{ "type": "Feature", "properties": { "FNODE_": 712, "TNODE_": 712, "LPOLY_": 2, "RPOLY_": 714, "LENGTH": 409.017, "M0080_": 712, "M0080_ID": 0 }, "geometry": { "type": "MultiLineString", "coordinates": [ [ [ -60.742261457859847, -27.579084201117308 ], [ -60.743253835048847, -27.579074381707105 ], [ -60.74324738811444, -27.578117893322347 ], [ -60.742239860115582, -27.578132305438757 ], [ -60.742261457859847, -27.579084201117308 ] ] ] } },
{ "type": "Feature", "properties": { "FNODE_": 713, "TNODE_": 713, "LPOLY_": 2, "RPOLY_": 717, "LENGTH": 414.523, "M0080_": 713, "M0080_ID": 0 }, "geometry": { "type": "MultiLineString", "coordinates": [ [ [ -60.74102601128503, -27.579090798720863 ], [ -60.742058925663287, -27.579085283444684 ], [ -60.742037329666239, -27.578133387700372 ], [ -60.741004454516457, -27.578143414381564 ], [ -60.74102601128503, -27.579090798720863 ] ] ] } },
{ "type": "Feature", "properties": { "FNODE_": 714, "TNODE_": 714, "LPOLY_": 2, "RPOLY_": 718, "LENGTH": 407.548, "M0080_": 714, "M0080_ID": 0 }, "geometry": { "type": "MultiLineString", "coordinates": [ [ [ -60.740823479019575, -27.579091879246871 ], [ -60.740801923989949, -27.578144494842086 ], [ -60.73979448579351, -27.578172424451662 ], [ -60.739795567059886, -27.579088334882382 ], [ -60.740823479019575, -27.579091879246871 ] ] ] } },
{ "type": "Feature", "properties": { "FNODE_": 715, "TNODE_": 715, "LPOLY_": 2, "RPOLY_": 721, "LENGTH": 405.517, "M0080_": 715, "M0080_ID": 0 }, "geometry": { "type": "MultiLineString", "coordinates": [ [ [ -60.738585496736043, -27.579103799398851 ], [ -60.739425945572222, -27.579090303345264 ], [ -60.739593034742526, -27.579089413613989 ], [ -60.739591955158225, -27.578173503148822 ], [ -60.738569114842122, -27.578169922573014 ], [ -60.738585496736043, -27.579103799398851 ] ] ] } },
{ "type": "Feature", "properties": { "FNODE_": 716, "TNODE_": 716, "LPOLY_": 2, "RPOLY_": 719, "LENGTH": 484.011, "M0080_": 716, "M0080_ID": 0 }, "geometry": { "type": "MultiLineString", "coordinates": [ [ [ -60.736980487456819, -27.579121349750828 ], [ -60.738382964334853, -27.579104876366401 ], [ -60.738366584155344, -27.578170999483223 ], [ -60.737642506678064, -27.578170335278642 ], [ -60.736979218495776, -27.578173856634347 ], [ -60.736980487456819, -27.579121349750828 ] ] ] } },
{ "type": "Feature", "properties": { "FNODE_": 717, "TNODE_": 717, "LPOLY_": 2, "RPOLY_": 740, "LENGTH": 289.632, "M0080_": 717, "M0080_ID": 0 }, "geometry": { "type": "MultiLineString", "coordinates": [ [ [ -60.728924808028907, -27.579172888844788 ], [ -60.728028747925727, -27.578433124075367 ], [ -60.728043759752261, -27.579172998477475 ], [ -60.728924808028907, -27.579172888844788 ] ] ] } },
{ "type": "Feature", "properties": { "FNODE_": 718, "TNODE_": 718, "LPOLY_": 2, "RPOLY_": 734, "LENGTH": 398.043, "M0080_": 718, "M0080_ID": 0 }, "geometry": { "type": "MultiLineString", "coordinates": [ [ [ -60.724403286540451, -27.57920105914792 ], [ -60.725446243414041, -27.57918207931457 ], [ -60.725420321049903, -27.57832043978329 ], [ -60.724382346691172, -27.578325857587508 ], [ -60.724403286540451, -27.57920105914792 ] ] ] } },
{ "type": "Feature", "properties": { "FNODE_": 719, "TNODE_": 719, "LPOLY_": 2, "RPOLY_": 729, "LENGTH": 400.537, "M0080_": 719, "M0080_ID": 0 }, "geometry": { "type": "MultiLineString", "coordinates": [ [ [ -60.723162770380064, -27.579207524285835 ], [ -60.724200753318023, -27.579202115437379 ], [ -60.724179815075189, -27.578326913815673 ], [ -60.723136717904701, -27.578323325197893 ], [ -60.723162770380064, -27.579207524285835 ] ] ] } },
{ "type": "Feature", "properties": { "FNODE_": 720, "TNODE_": 720, "LPOLY_": 2, "RPOLY_": 731, "LENGTH": 425.003, "M0080_": 720, "M0080_ID": 0 }, "geometry": { "type": "MultiLineString", "coordinates": [ [ [ -60.749755325222758, -27.579071017787687 ], [ -60.750909756413257, -27.579064780595584 ], [ -60.750908797892819, -27.578180454187848 ], [ -60.749744249449741, -27.578186745856605 ], [ -60.749755325222758, -27.579071017787687 ] ] ] } },
{ "type": "Feature", "properties": { "FNODE_": 721, "TNODE_": 721, "LPOLY_": 2, "RPOLY_": 732, "LENGTH": 432.002, "M0080_": 721, "M0080_ID": 0 }, "geometry": { "type": "MultiLineString", "coordinates": [ [ [ -60.748352792093236, -27.579078582519983 ], [ -60.749552793396703, -27.579072111042628 ], [ -60.74954171924719, -27.578187839063233 ], [ -60.748346821437949, -27.578198794704409 ], [ -60.748352792093236, -27.579078582519983 ] ] ] } },
{ "type": "Feature", "properties": { "FNODE_": 722, "TNODE_": 722, "LPOLY_": 2, "RPOLY_": 720, "LENGTH": 427.035, "M0080_": 722, "M0080_ID": 0 }, "geometry": { "type": "MultiLineString", "coordinates": [ [ [ -60.735694526254889, -27.579146215600286 ], [ -60.73677795495005, -27.579122424378479 ], [ -60.736776687729098, -27.578174931226275 ], [ -60.735672955052671, -27.578189806053363 ], [ -60.735694526254889, -27.579146215600286 ] ] ] } },
{ "type": "Feature", "properties": { "FNODE_": 723, "TNODE_": 723, "LPOLY_": 2, "RPOLY_": 728, "LENGTH": 397.199, "M0080_": 723, "M0080_ID": 0 }, "geometry": { "type": "MultiLineString", "coordinates": [ [ [ -60.726859030724, -27.57919273989399 ], [ -60.727841226745156, -27.579174060074767 ], [ -60.727825084687055, -27.578262738992262 ], [ -60.726807602460866, -27.578304162804791 ], [ -60.726859030724, -27.57919273989399 ] ] ] } },
{ "type": "Feature", "properties": { "FNODE_": 724, "TNODE_": 724, "LPOLY_": 2, "RPOLY_": 733, "LENGTH": 390.146, "M0080_": 724, "M0080_ID": 0 }, "geometry": { "type": "MultiLineString", "coordinates": [ [ [ -60.726656497627239, -27.579193799764326 ], [ -60.726605100722431, -27.578309734323526 ], [ -60.725622852598285, -27.578319381746393 ], [ -60.725648776543729, -27.579181021209539 ], [ -60.726656497627239, -27.579193799764326 ] ] ] } },
{ "type": "Feature", "properties": { "FNODE_": 725, "TNODE_": 725, "LPOLY_": 2, "RPOLY_": 562, "LENGTH": 1428.063, "M0080_": 725, "M0080_ID": 0 }, "geometry": { "type": "MultiLineString", "coordinates": [ [ [ -60.753613585160217, -27.57905464661124 ], [ -60.753518845169083, -27.574823002803402 ], [ -60.751058148893733, -27.574831818914774 ], [ -60.751075342030362, -27.575869462449802 ], [ -60.751075464936967, -27.575887509375249 ], [ -60.751075557117012, -27.575901044569296 ], [ -60.751075649297107, -27.575914579763324 ], [ -60.751075772204011, -27.575932626688648 ], [ -60.751088025654916, -27.576988344356021 ], [ -60.751088148569451, -27.577006391278506 ], [ -60.751088240755422, -27.577019926470321 ], [ -60.751088332941457, -27.577033461662143 ], [ -60.751088455856269, -27.577051508584503 ], [ -60.75111049828044, -27.578057542281524 ], [ -60.751110621204226, -27.578075589201138 ], [ -60.751110713397139, -27.578089124390814 ], [ -60.751110805590137, -27.578102659580463 ], [ -60.751110928514215, -27.578120706499949 ], [ -60.75111228816278, -27.579063685362073 ], [ -60.753613585160217, -27.57905464661124 ] ] ] } },
{ "type": "Feature", "properties": { "FNODE_": 726, "TNODE_": 726, "LPOLY_": 2, "RPOLY_": 563, "LENGTH": 1354.518, "M0080_": 726, "M0080_ID": 0 }, "geometry": { "type": "MultiLineString", "coordinates": [ [ [ -60.746043988751111, -27.579100028276834 ], [ -60.748150260188204, -27.579079673729943 ], [ -60.748143893222078, -27.578141233345963 ], [ -60.748143770783443, -27.578123186414249 ], [ -60.748143678954534, -27.578109651215431 ], [ -60.748143587125696, -27.578096116016592 ], [ -60.748143464687345, -27.578078069084757 ], [ -60.748126481910582, -27.57706749537433 ], [ -60.748126359480381, -27.577049448439752 ], [ -60.748126267657803, -27.577035913238785 ], [ -60.748126175835282, -27.577022378037789 ], [ -60.748126053405372, -27.577004331103087 ], [ -60.748118983270807, -27.575962120543771 ], [ -60.748118860847583, -27.575944073606284 ], [ -60.748118769030249, -27.575930538403146 ], [ -60.74811867721295, -27.575917003199969 ], [ -60.748118554790004, -27.575898956262368 ], [ -60.748101297643146, -27.574847776607385 ], [ -60.745995076473562, -27.574863617085317 ], [ -60.74600194309334, -27.575878757895836 ], [ -60.746014147960906, -27.576934476982988 ], [ -60.746026566974159, -27.578021778051628 ], [ -60.746043988751111, -27.579100028276834 ] ] ] } },
{ "type": "Feature", "properties": { "FNODE_": 727, "TNODE_": 727, "LPOLY_": 2, "RPOLY_": 722, "LENGTH": 421.53, "M0080_": 727, "M0080_ID": 0 }, "geometry": { "type": "MultiLineString", "coordinates": [ [ [ -60.734327491004287, -27.579162474446687 ], [ -60.735395790649633, -27.579147797807881 ], [ -60.73536915876516, -27.578191414974114 ], [ -60.734316058194821, -27.578206010916059 ], [ -60.734327491004287, -27.579162474446687 ] ] ] } },
{ "type": "Feature", "properties": { "FNODE_": 728, "TNODE_": 728, "LPOLY_": 2, "RPOLY_": 723, "LENGTH": 413.012, "M0080_": 728, "M0080_ID": 0 }, "geometry": { "type": "MultiLineString", "coordinates": [ [ [ -60.733102227970534, -27.579177971530676 ], [ -60.734124958301109, -27.57916354520702 ], [ -60.734113527247743, -27.578207081625632 ], [ -60.733100932333365, -27.578221454240566 ], [ -60.733102227970534, -27.579177971530676 ] ] ] } },
{ "type": "Feature", "properties": { "FNODE_": 729, "TNODE_": 729, "LPOLY_": 2, "RPOLY_": 724, "LENGTH": 408.54, "M0080_": 729, "M0080_ID": 0 }, "geometry": { "type": "MultiLineString", "coordinates": [ [ [ -60.731912497419977, -27.579206806268687 ], [ -60.732899695183214, -27.579179040504773 ], [ -60.732898401302691, -27.578222523178766 ], [ -60.731911122259774, -27.578236753522607 ], [ -60.731912497419977, -27.579206806268687 ] ] ] } },
{ "type": "Feature", "properties": { "FNODE_": 730, "TNODE_": 730, "LPOLY_": 2, "RPOLY_": 726, "LENGTH": 419.508, "M0080_": 730, "M0080_ID": 0 }, "geometry": { "type": "MultiLineString", "coordinates": [ [ [ -60.730677076488085, -27.579217823590255 ], [ -60.731709964525706, -27.579207873508867 ], [ -60.731708591147012, -27.578237820726333 ], [ -60.730665615529411, -27.578252335650475 ], [ -60.730677076488085, -27.579217823590255 ] ] ] } },
{ "type": "Feature", "properties": { "FNODE_": 731, "TNODE_": 731, "LPOLY_": 2, "RPOLY_": 727, "LENGTH": 424.508, "M0080_": 731, "M0080_ID": 0 }, "geometry": { "type": "MultiLineString", "coordinates": [ [ [ -60.730418846948787, -27.579219181973183 ], [ -60.730474543517602, -27.579218889029242 ], [ -60.730463084331618, -27.57825340103852 ], [ -60.729404798955997, -27.578249939384754 ], [ -60.729406152069892, -27.579219992581027 ], [ -60.730418846948787, -27.579219181973183 ] ] ] } },
{ "type": "Feature", "properties": { "FNODE_": 732, "TNODE_": 732, "LPOLY_": 2, "RPOLY_": 730, "LENGTH": 1168.096, "M0080_": 732, "M0080_ID": 0 }, "geometry": { "type": "MultiLineString", "coordinates": [ [ [ -60.717937789864813, -27.57929328832623 ], [ -60.722858970441052, -27.579209105896101 ], [ -60.72283292039981, -27.578324906704637 ], [ -60.721536776476889, -27.578340670521108 ], [ -60.721516523300316, -27.578340775742326 ], [ -60.72150133341782, -27.578340854656286 ], [ -60.721486143535266, -27.578340933568587 ], [ -60.721465890358431, -27.578341038782415 ], [ -60.720316640278597, -27.578365051871835 ], [ -60.720296387092105, -27.578365156915194 ], [ -60.720281197202155, -27.578365235695781 ], [ -60.720266007312155, -27.578365314474709 ], [ -60.720245754125386, -27.578365419510689 ], [ -60.719096356175051, -27.578366863701579 ], [ -60.719076102982775, -27.578366968567011 ], [ -60.719060913088498, -27.578367047214144 ], [ -60.719045723194156, -27.578367125859621 ], [ -60.719025470001625, -27.578367230717653 ], [ -60.717941982789768, -27.578381859844473 ], [ -60.717937789864813, -27.57929328832623 ] ] ] } },
{ "type": "Feature", "properties": { "FNODE_": 733, "TNODE_": 733, "LPOLY_": 2, "RPOLY_": 735, "LENGTH": 389.584, "M0080_": 733, "M0080_ID": 0 }, "geometry": { "type": "MultiLineString", "coordinates": [ [ [ -60.716788499067142, -27.579312760654549 ], [ -60.717735256184163, -27.579294335190394 ], [ -60.717739480149298, -27.57838741844655 ], [ -60.716762438980993, -27.578419535880478 ], [ -60.716788499067142, -27.579312760654549 ] ] ] } },
{ "type": "Feature", "properties": { "FNODE_": 734, "TNODE_": 734, "LPOLY_": 2, "RPOLY_": 736, "LENGTH": 392.329, "M0080_": 734, "M0080_ID": 0 }, "geometry": { "type": "MultiLineString", "coordinates": [ [ [ -60.71658596529965, -27.579313805843409 ], [ -60.716559936170711, -27.578425092764942 ], [ -60.715532143961873, -27.578439415728045 ], [ -60.715613715223135, -27.579305283344056 ], [ -60.71658596529965, -27.579313805843409 ] ] ] } },
{ "type": "Feature", "properties": { "FNODE_": 735, "TNODE_": 735, "LPOLY_": 2, "RPOLY_": 737, "LENGTH": 413.156, "M0080_": 735, "M0080_ID": 0 }, "geometry": { "type": "MultiLineString", "coordinates": [ [ [ -60.714318170905287, -27.57941572710785 ], [ -60.714915529329659, -27.579394605634224 ], [ -60.71493578272915, -27.579394501371937 ], [ -60.714966133574308, -27.579389833207372 ], [ -60.714986386972704, -27.579389728937723 ], [ -60.715411269233179, -27.579319862115142 ], [ -60.715324577704358, -27.578444996899702 ], [ -60.714281711907034, -27.578477435918536 ], [ -60.714318170905287, -27.57941572710785 ] ] ] } },
{ "type": "Feature", "properties": { "FNODE_": 736, "TNODE_": 736, "LPOLY_": 2, "RPOLY_": 738, "LENGTH": 404.581, "M0080_": 736, "M0080_ID": 0 }, "geometry": { "type": "MultiLineString", "coordinates": [ [ [ -60.713391723411448, -27.579443048802624 ], [ -60.713411976826578, -27.579442944762388 ], [ -60.713427166887868, -27.579442866730279 ], [ -60.713442356949074, -27.579442788696504 ], [ -60.713462610363912, -27.579442684648896 ], [ -60.714115666058291, -27.579421280464256 ], [ -60.71407920877904, -27.578482989189926 ], [ -60.713107082511385, -27.578492496068872 ], [ -60.71310814641037, -27.579439993288382 ], [ -60.713391723411448, -27.579443048802624 ] ] ] } },
{ "type": "Feature", "properties": { "FNODE_": 737, "TNODE_": 737, "LPOLY_": 2, "RPOLY_": 739, "LENGTH": 397.04, "M0080_": 737, "M0080_ID": 0 }, "geometry": { "type": "MultiLineString", "coordinates": [ [ [ -60.711963915633632, -27.57945939973289 ], [ -60.712222117645382, -27.579453563884485 ], [ -60.712242371067589, -27.579453460014779 ], [ -60.712257561134187, -27.579453382110565 ], [ -60.712272751200736, -27.579453304204684 ], [ -60.71229300462268, -27.579453200327592 ], [ -60.712905612246217, -27.579441033114623 ], [ -60.712904550087373, -27.578493535860787 ], [ -60.711947700754159, -27.578516491960123 ], [ -60.711963915633632, -27.57945939973289 ] ] ] } },
{ "type": "Feature", "properties": { "FNODE_": 738, "TNODE_": 738, "LPOLY_": 2, "RPOLY_": 741, "LENGTH": 396.587, "M0080_": 738, "M0080_ID": 0 }, "geometry": { "type": "MultiLineString", "coordinates": [ [ [ -60.710703256067468, -27.579483904544556 ], [ -60.71129566898162, -27.579480871611199 ], [ -60.711315922412943, -27.579480767876504 ], [ -60.71133111248637, -27.579480690073545 ], [ -60.711346302559726, -27.57948061226892 ], [ -60.711366555990779, -27.579480508526849 ], [ -60.711660143372775, -27.579465468628403 ], [ -60.711643960204917, -27.578527072541391 ], [ -60.710682075873699, -27.578554557645909 ], [ -60.710703256067468, -27.579483904544556 ] ] ] } },
{ "type": "Feature", "properties": { "FNODE_": 739, "TNODE_": 739, "LPOLY_": 2, "RPOLY_": 742, "LENGTH": 411.577, "M0080_": 739, "M0080_ID": 0 }, "geometry": { "type": "MultiLineString", "coordinates": [ [ [ -60.709483189647486, -27.579521726302904 ], [ -60.710500750787894, -27.579489452635212 ], [ -60.71047957229802, -27.578560105674264 ], [ -60.709461758469011, -27.578551773085692 ], [ -60.709483189647486, -27.579521726302904 ] ] ] } },
{ "type": "Feature", "properties": { "FNODE_": 740, "TNODE_": 740, "LPOLY_": 2, "RPOLY_": 743, "LENGTH": 418.06, "M0080_": 740, "M0080_ID": 0 }, "geometry": { "type": "MultiLineString", "coordinates": [ [ [ -60.708258000812798, -27.579550539636021 ], [ -60.709280684194887, -27.579527272616811 ], [ -60.70925922577549, -27.578552807563867 ], [ -60.708236551418437, -27.578576074258454 ], [ -60.708258000812798, -27.579550539636021 ] ] ] } },
{ "type": "Feature", "properties": { "FNODE_": 741, "TNODE_": 741, "LPOLY_": 2, "RPOLY_": 746, "LENGTH": 468.586, "M0080_": 741, "M0080_ID": 0 }, "geometry": { "type": "MultiLineString", "coordinates": [ [ [ -60.704303914628007, -27.57963381567243 ], [ -60.70556964207276, -27.57960934317218 ], [ -60.705548100933513, -27.578616829841117 ], [ -60.704282471314976, -27.57865483726524 ], [ -60.704303914628007, -27.57963381567243 ] ] ] } },
{ "type": "Feature", "properties": { "FNODE_": 742, "TNODE_": 742, "LPOLY_": 2, "RPOLY_": 744, "LENGTH": 422.821, "M0080_": 742, "M0080_ID": 0 }, "geometry": { "type": "MultiLineString", "coordinates": [ [ [ -60.707048319415165, -27.579628894342409 ], [ -60.708055495203389, -27.579556084165421 ], [ -60.708034018626513, -27.578577106950803 ], [ -60.707021441288674, -27.578595801304704 ], [ -60.707048319415165, -27.579628894342409 ] ] ] } },
{ "type": "Feature", "properties": { "FNODE_": 743, "TNODE_": 743, "LPOLY_": 2, "RPOLY_": 745, "LENGTH": 421.538, "M0080_": 743, "M0080_ID": 0 }, "geometry": { "type": "MultiLineString", "coordinates": [ [ [ -60.705873704201466, -27.579648405329767 ], [ -60.706845813559418, -27.579634437111544 ], [ -60.706818908407243, -27.578596832225788 ], [ -60.705851871510106, -27.578610774352413 ], [ -60.705873704201466, -27.579648405329767 ] ] ] } },
{ "type": "Feature", "properties": { "FNODE_": 744, "TNODE_": 744, "LPOLY_": 2, "RPOLY_": 747, "LENGTH": 376.113, "M0080_": 744, "M0080_ID": 0 }, "geometry": { "type": "MultiLineString", "coordinates": [ [ [ -60.703296533575191, -27.579675016260893 ], [ -60.704101408530988, -27.579639354442225 ], [ -60.704079967012959, -27.578660375970976 ], [ -60.703290202851981, -27.578682425283116 ], [ -60.703296533575191, -27.579675016260893 ] ] ] } },
{ "type": "Feature", "properties": { "FNODE_": 745, "TNODE_": 745, "LPOLY_": 2, "RPOLY_": 748, "LENGTH": 423.024, "M0080_": 745, "M0080_ID": 0 }, "geometry": { "type": "MultiLineString", "coordinates": [ [ [ -60.703094027317412, -27.579680553563961 ], [ -60.703087669648482, -27.578683450766064 ], [ -60.702049744261707, -27.578697725288535 ], [ -60.702055920193487, -27.579667757638536 ], [ -60.703094027317412, -27.579680553563961 ] ] ] } },
{ "type": "Feature", "properties": { "FNODE_": 746, "TNODE_": 746, "LPOLY_": 2, "RPOLY_": 749, "LENGTH": 415.573, "M0080_": 746, "M0080_ID": 0 }, "geometry": { "type": "MultiLineString", "coordinates": [ [ [ -60.700830726254814, -27.579696505508664 ], [ -60.701853385126576, -27.579668781355146 ], [ -60.701847210976119, -27.578698748963088 ], [ -60.700839751096844, -27.578726396254083 ], [ -60.700830726254814, -27.579696505508664 ] ] ] } },
{ "type": "Feature", "properties": { "FNODE_": 747, "TNODE_": 747, "LPOLY_": 2, "RPOLY_": 750, "LENGTH": 415.537, "M0080_": 747, "M0080_ID": 0 }, "geometry": { "type": "MultiLineString", "coordinates": [ [ [ -60.699640889215438, -27.579711528684086 ], [ -60.700628191081854, -27.579697527439528 ], [ -60.700637217706017, -27.57872741816513 ], [ -60.699619401380289, -27.578719013454673 ], [ -60.699640889215438, -27.579711528684086 ] ] ] } },
{ "type": "Feature", "properties": { "FNODE_": 748, "TNODE_": 748, "LPOLY_": 2, "RPOLY_": 751, "LENGTH": 417.552, "M0080_": 748, "M0080_ID": 0 }, "geometry": { "type": "MultiLineString", "coordinates": [ [ [ -60.69842069989199, -27.579731206240343 ], [ -60.699438353963274, -27.579712548880309 ], [ -60.699416867950099, -27.578720033585871 ], [ -60.698429631631363, -27.578743049625178 ], [ -60.69842069989199, -27.579731206240343 ] ] ] } },
{ "type": "Feature", "properties": { "FNODE_": 749, "TNODE_": 749, "LPOLY_": 2, "RPOLY_": 752, "LENGTH": 424.051, "M0080_": 749, "M0080_ID": 0 }, "geometry": { "type": "MultiLineString", "coordinates": [ [ [ -60.697200595465333, -27.579764408431185 ], [ -60.697342370277418, -27.579763696607948 ], [ -60.698218193119885, -27.579736736439546 ], [ -60.698227098105512, -27.578744068022193 ], [ -60.697194234010254, -27.578758280820086 ], [ -60.697200595465333, -27.579764408431185 ] ] ] } },
{ "type": "Feature", "properties": { "FNODE_": 750, "TNODE_": 750, "LPOLY_": 2, "RPOLY_": 755, "LENGTH": 425.002, "M0080_": 750, "M0080_ID": 0 }, "geometry": { "type": "MultiLineString", "coordinates": [ [ [ -60.696998060010465, -27.579765425070487 ], [ -60.696991700403039, -27.578759297416077 ], [ -60.69596384218282, -27.578764452088425 ], [ -60.695975227324084, -27.579766042803644 ], [ -60.696998060010465, -27.579765425070487 ] ] ] } },
{ "type": "Feature", "properties": { "FNODE_": 751, "TNODE_": 751, "LPOLY_": 2, "RPOLY_": 756, "LENGTH": 419.051, "M0080_": 751, "M0080_ID": 0 }, "geometry": { "type": "MultiLineString", "coordinates": [ [ [ -60.694795599970568, -27.57979450909351 ], [ -60.695772691813339, -27.579767057656031 ], [ -60.695761308511152, -27.578765466890392 ], [ -60.694768893366984, -27.578770435151277 ], [ -60.694795599970568, -27.57979450909351 ] ] ] } },
{ "type": "Feature", "properties": { "FNODE_": 752, "TNODE_": 752, "LPOLY_": 2, "RPOLY_": 753, "LENGTH": 431.528, "M0080_": 752, "M0080_ID": 0 }, "geometry": { "type": "MultiLineString", "coordinates": [ [ [ -60.694593064356724, -27.579795522226593 ], [ -60.69456635963288, -27.578771448210897 ], [ -60.693538444016461, -27.578767561362408 ], [ -60.693555040791608, -27.579796198112213 ], [ -60.694593064356724, -27.579795522226593 ] ] ] } },
{ "type": "Feature", "properties": { "FNODE_": 753, "TNODE_": 753, "LPOLY_": 2, "RPOLY_": 754, "LENGTH": 343.83, "M0080_": 753, "M0080_ID": 0 }, "geometry": { "type": "MultiLineString", "coordinates": [ [ [ -60.693286709393568, -27.579802049839362 ], [ -60.693352533491385, -27.579801721222577 ], [ -60.693335910234708, -27.57876857262761 ], [ -60.692890335877735, -27.578770796371533 ], [ -60.692870082496661, -27.578770897416845 ], [ -60.692854892460787, -27.578770973198878 ], [ -60.692839702424848, -27.578771048979256 ], [ -60.692819449043498, -27.578771150017182 ], [ -60.692485268236155, -27.578772816716604 ], [ -60.693286709393568, -27.579802049839362 ] ] ] } },
{ "type": "Feature", "properties": { "FNODE_": 754, "TNODE_": 754, "LPOLY_": 2, "RPOLY_": 657, "LENGTH": 1627.572, "M0080_": 754, "M0080_ID": 0 }, "geometry": { "type": "MultiLineString", "coordinates": [ [ [ -60.687474324647809, -27.579894111308761 ], [ -60.693038631525958, -27.579807799978092 ], [ -60.692247319300648, -27.578778514906539 ], [ -60.69223710763854, -27.578765030018445 ], [ -60.692226895978919, -27.578751545129521 ], [ -60.692216712644139, -27.578742572027899 ], [ -60.692206529311001, -27.578733598925485 ], [ -60.692191225993184, -27.578715627482229 ], [ -60.692181014343817, -27.578702142589655 ], [ -60.691460887235337, -27.577717617168098 ], [ -60.69145067576931, -27.577704132216535 ], [ -60.691420069674713, -27.577668189146557 ], [ -60.691409858218321, -27.577654704191755 ], [ -60.690634218726288, -27.576697522083681 ], [ -60.690062155848779, -27.576713901360971 ], [ -60.69006828228548, -27.577692960045827 ], [ -60.690068395218098, -27.577711007209221 ], [ -60.690068479917628, -27.577724542581752 ], [ -60.690068564617214, -27.577738077954226 ], [ -60.69006867755008, -27.577756125117503 ], [ -60.690059811914438, -27.578766841661487 ], [ -60.690059896616717, -27.578780377031979 ], [ -60.69005494620361, -27.578798449351012 ], [ -60.690044904205017, -27.578812035037803 ], [ -60.690034862203973, -27.578825620723887 ], [ -60.690024791967744, -27.578834694619111 ], [ -60.69000965837818, -27.578843793670448 ], [ -60.68999452478608, -27.578852892720178 ], [ -60.689974299608203, -27.578857505133666 ], [ -60.689959109551097, -27.578857580599227 ], [ -60.689174318051343, -27.578865989183416 ], [ -60.689154064636881, -27.57886608968715 ], [ -60.689138874575953, -27.578866165063008 ], [ -60.689123684514982, -27.578866240437208 ], [ -60.689103431100236, -27.578866340933562 ], [ -60.688516110198449, -27.578873765834611 ], [ -60.68849585677976, -27.578873866242382 ], [ -60.688480666715641, -27.578873941546277 ], [ -60.688465476651501, -27.578874016848509 ], [ -60.68844522323252, -27.578874117248898 ], [ -60.687938859576818, -27.578872114506751 ], [ -60.687923669511171, -27.578872189749724 ], [ -60.687903444236234, -27.578876801863235 ], [ -60.687888254169827, -27.578876877102356 ], [ -60.687873064103371, -27.57887695233979 ], [ -60.687852810681349, -27.578877052653802 ], [ -60.687452833702274, -27.578883545042942 ], [ -60.687474324647809, -27.579894111308761 ] ] ] } },
{ "type": "Feature", "properties": { "FNODE_": 755, "TNODE_": 755, "LPOLY_": 2, "RPOLY_": 757, "LENGTH": 550.598, "M0080_": 755, "M0080_ID": 0 }, "geometry": { "type": "MultiLineString", "coordinates": [ [ [ -60.726858368990953, -27.579860505940655 ], [ -60.729101406047484, -27.579844236128814 ], [ -60.729103545804037, -27.579402057911786 ], [ -60.729103396642643, -27.579379499154175 ], [ -60.729103247481447, -27.57935694039649 ], [ -60.72797912796976, -27.57935381363842 ], [ -60.727958874636045, -27.579353919802642 ], [ -60.72794368463569, -27.57935399942388 ], [ -60.727928494635258, -27.579354079043451 ], [ -60.727908211517942, -27.579349673447556 ], [ -60.727893021517993, -27.579349753063234 ], [ -60.726865283672979, -27.579373183547098 ], [ -60.726858368990953, -27.579860505940655 ] ] ] } },
{ "type": "Feature", "properties": { "FNODE_": 756, "TNODE_": 756, "LPOLY_": 2, "RPOLY_": 758, "LENGTH": 323.167, "M0080_": 756, "M0080_ID": 0 }, "geometry": { "type": "MultiLineString", "coordinates": [ [ [ -60.72555214116192, -27.579885384078366 ], [ -60.726655834667689, -27.579861565833568 ], [ -60.726662750245076, -27.579374243432913 ], [ -60.725634774166679, -27.57936157078095 ], [ -60.72555214116192, -27.579885384078366 ] ] ] } },
{ "type": "Feature", "properties": { "FNODE_": 757, "TNODE_": 757, "LPOLY_": 2, "RPOLY_": 759, "LENGTH": 551.215, "M0080_": 757, "M0080_ID": 0 }, "geometry": { "type": "MultiLineString", "coordinates": [ [ [ -60.725349606734206, -27.579886442067263 ], [ -60.725432240704762, -27.57936262887192 ], [ -60.724338648731496, -27.579381872729016 ], [ -60.724318395376258, -27.579381978362459 ], [ -60.724303205359746, -27.579382057585601 ], [ -60.724288015343184, -27.579382136807091 ], [ -60.72426773235324, -27.579377730676782 ], [ -60.724252542337148, -27.57937780989436 ], [ -60.723169017285436, -27.579387968221241 ], [ -60.723187491849053, -27.57988869418147 ], [ -60.725349606734206, -27.579886442067263 ] ] ] } },
{ "type": "Feature", "properties": { "FNODE_": 758, "TNODE_": 758, "LPOLY_": 2, "RPOLY_": 777, "LENGTH": 193.57, "M0080_": 758, "M0080_ID": 0 }, "geometry": { "type": "MultiLineString", "coordinates": [ [ [ -60.711840739508695, -27.579987925527657 ], [ -60.712128478034842, -27.579851092829955 ], [ -60.71215874172006, -27.579832889970387 ], [ -60.712157459586749, -27.579634372171697 ], [ -60.711929637332396, -27.579640052171772 ], [ -60.711909471261855, -27.579653691301871 ], [ -60.711889305186297, -27.579667330429118 ], [ -60.711864046612014, -27.579676483739316 ], [ -60.711838788033454, -27.579685637044982 ], [ -60.711813471200124, -27.579685766809085 ], [ -60.71178815436663, -27.579685896568581 ], [ -60.711762779286659, -27.579677002786305 ], [ -60.71173740421068, -27.579668108999314 ], [ -60.711717005140535, -27.579645653952941 ], [ -60.711696751680691, -27.579645757746693 ], [ -60.711433514912208, -27.579656130334605 ], [ -60.711439538906944, -27.57980499276842 ], [ -60.711475098960946, -27.579822858267185 ], [ -60.711642830884102, -27.57992126105054 ], [ -60.711840739508695, -27.579987925527657 ] ] ] } },
{ "type": "Feature", "properties": { "FNODE_": 759, "TNODE_": 759, "LPOLY_": 2, "RPOLY_": 765, "LENGTH": 304.581, "M0080_": 759, "M0080_ID": 0 }, "geometry": { "type": "MultiLineString", "coordinates": [ [ [ -60.716798167074245, -27.580021081409754 ], [ -60.717760032284573, -27.579989041971004 ], [ -60.717741494221428, -27.579474779537207 ], [ -60.716789672205465, -27.579493231206573 ], [ -60.716798167074245, -27.580021081409754 ] ] ] } },
{ "type": "Feature", "properties": { "FNODE_": 760, "TNODE_": 760, "LPOLY_": 2, "RPOLY_": 766, "LENGTH": 316.598, "M0080_": 760, "M0080_ID": 0 }, "geometry": { "type": "MultiLineString", "coordinates": [ [ [ -60.71558813700117, -27.580045369313535 ], [ -60.716595661327545, -27.580026638400927 ], [ -60.716587138106561, -27.57949427640342 ], [ -60.715614886438438, -27.57948575394272 ], [ -60.71558813700117, -27.580045369313535 ] ] ] } },
{ "type": "Feature", "properties": { "FNODE_": 761, "TNODE_": 761, "LPOLY_": 2, "RPOLY_": 769, "LENGTH": 182.642, "M0080_": 761, "M0080_ID": 0 }, "geometry": { "type": "MultiLineString", "coordinates": [ [ [ -60.715076852722142, -27.580066050551348 ], [ -60.715385631106699, -27.580050924542117 ], [ -60.715412469390152, -27.579504844486532 ], [ -60.715058385659333, -27.579560811058371 ], [ -60.715076852722142, -27.580066050551348 ] ] ] } },
{ "type": "Feature", "properties": { "FNODE_": 762, "TNODE_": 762, "LPOLY_": 2, "RPOLY_": 772, "LENGTH": 398.103, "M0080_": 762, "M0080_ID": 0 }, "geometry": { "type": "MultiLineString", "coordinates": [ [ [ -60.731707412486415, -27.58034939927116 ], [ -60.731711760859412, -27.579478578444313 ], [ -60.730577603554579, -27.579489061350358 ], [ -60.730476336819393, -27.579489594039039 ], [ -60.730474232464722, -27.579936283914918 ], [ -60.731707412486415, -27.58034939927116 ] ] ] } },
{ "type": "Feature", "properties": { "FNODE_": 763, "TNODE_": 763, "LPOLY_": 2, "RPOLY_": 783, "LENGTH": 615.01, "M0080_": 763, "M0080_ID": 0 }, "geometry": { "type": "MultiLineString", "coordinates": [ [ [ -60.726859581097123, -27.580812512359298 ], [ -60.729117797877812, -27.58079165065352 ], [ -60.729102599363699, -27.580024706175607 ], [ -60.72685955863701, -27.580040976077168 ], [ -60.726859581097123, -27.580812512359298 ] ] ] } },
{ "type": "Feature", "properties": { "FNODE_": 764, "TNODE_": 764, "LPOLY_": 2, "RPOLY_": 761, "LENGTH": 1740.233, "M0080_": 764, "M0080_ID": 0 }, "geometry": { "type": "MultiLineString", "coordinates": [ [ [ -60.718013807890237, -27.580858529499846 ], [ -60.719122665893757, -27.580848280017616 ], [ -60.719118281534278, -27.580176027662947 ], [ -60.719118163835446, -27.580157980618957 ], [ -60.71911807556139, -27.580144445335947 ], [ -60.719117987287412, -27.580130910052894 ], [ -60.71911786958885, -27.580112863008786 ], [ -60.719111629239372, -27.579932418783891 ], [ -60.719111540966971, -27.579918883500412 ], [ -60.719116486638981, -27.579900810237042 ], [ -60.719126525101771, -27.579887222515566 ], [ -60.71913656356211, -27.579873634793401 ], [ -60.71914663144549, -27.579864558831702 ], [ -60.719161762693531, -27.579855456648971 ], [ -60.719176893939064, -27.579846354464618 ], [ -60.719197117975064, -27.579841737818203 ], [ -60.719212308072017, -27.579841659152315 ], [ -60.71922749816892, -27.579841580484761 ], [ -60.719247781060936, -27.579845987353192 ], [ -60.719263030018773, -27.57985493220388 ], [ -60.719278278979068, -27.579863877052819 ], [ -60.719288464574817, -27.579872848125181 ], [ -60.71929867960398, -27.57988633095772 ], [ -60.71930889463566, -27.579899813789467 ], [ -60.719314075733436, -27.579917834607436 ], [ -60.719314164030692, -27.5799313698903 ], [ -60.719320022084048, -27.580053161208749 ], [ -60.720509974037469, -27.580056016438984 ], [ -60.720525164159547, -27.580055937628952 ], [ -60.720545447138527, -27.580060344305966 ], [ -60.720560696228283, -27.580069289011288 ], [ -60.720575945320491, -27.580078233714882 ], [ -60.720586131039759, -27.580087204689381 ], [ -60.720596346245799, -27.580100687422647 ], [ -60.720606561454353, -27.580114170155102 ], [ -60.720611742773983, -27.580132190919866 ], [ -60.720611831231324, -27.580145726198445 ], [ -60.72061191968875, -27.580159261477025 ], [ -60.720606974252554, -27.58017733478853 ], [ -60.720596935949239, -27.580190922613468 ], [ -60.72058689764345, -27.58020451043771 ], [ -60.720576829850785, -27.580213586501731 ], [ -60.720561698674821, -27.580222688836884 ], [ -60.720546567496356, -27.58023179117043 ], [ -60.720526343450437, -27.580236408013395 ], [ -60.720511153303498, -27.580236486824045 ], [ -60.719321199402408, -27.580233631641171 ], [ -60.719325202366804, -27.580847231075978 ], [ -60.720504918139852, -27.580832091601948 ], [ -60.720525171778505, -27.580831986519541 ], [ -60.720540362007426, -27.580831907705807 ], [ -60.720555552236291, -27.580831828890418 ], [ -60.720575805874681, -27.580831723800628 ], [ -60.721649189493789, -27.580817126299802 ], [ -60.721669443124583, -27.580817021050578 ], [ -60.721684633347614, -27.580816942111728 ], [ -60.721699823570582, -27.580816863171204 ], [ -60.721720077201091, -27.580816757914604 ], [ -60.722904855234447, -27.58080157174961 ], [ -60.722884311183577, -27.579985022786989 ], [ -60.72286521684974, -27.579389549854668 ], [ -60.717944028233212, -27.57947373265765 ], [ -60.717967895010773, -27.58002857472977 ], [ -60.717967983143197, -27.580042110016425 ], [ -60.71796818878579, -27.580073692351885 ], [ -60.717968276918434, -27.580087227638455 ], [ -60.717968394428723, -27.580105274687192 ], [ -60.718013807890237, -27.580858529499846 ] ] ] } },
{ "type": "Feature", "properties": { "FNODE_": 765, "TNODE_": 765, "LPOLY_": 2, "RPOLY_": 786, "LENGTH": 344.134, "M0080_": 765, "M0080_ID": 0 }, "geometry": { "type": "MultiLineString", "coordinates": [ [ [ -60.717811271338064, -27.580859576529399 ], [ -60.717771333811228, -27.580169460127362 ], [ -60.71679934026367, -27.580201551942988 ], [ -60.716808656581748, -27.580855731450821 ], [ -60.717811271338064, -27.580859576529399 ] ] ] } },
{ "type": "Feature", "properties": { "FNODE_": 766, "TNODE_": 766, "LPOLY_": 2, "RPOLY_": 787, "LENGTH": 342.572, "M0080_": 766, "M0080_ID": 0 }, "geometry": { "type": "MultiLineString", "coordinates": [ [ [ -60.715613836891599, -27.580884453106023 ], [ -60.716606119981172, -27.580856776722726 ], [ -60.716596834185836, -27.580207108942023 ], [ -60.715589308211463, -27.580225839893959 ], [ -60.715613836891599, -27.580884453106023 ] ] ] } },
{ "type": "Feature", "properties": { "FNODE_": 767, "TNODE_": 767, "LPOLY_": 2, "RPOLY_": 788, "LENGTH": 203.569, "M0080_": 767, "M0080_ID": 0 }, "geometry": { "type": "MultiLineString", "coordinates": [ [ [ -60.715102431687079, -27.580887087451739 ], [ -60.715406236767457, -27.580885522720926 ], [ -60.715386801985844, -27.580231395130408 ], [ -60.715083086485492, -27.580246495079479 ], [ -60.715102431687079, -27.580887087451739 ] ] ] } },
{ "type": "Feature", "properties": { "FNODE_": 768, "TNODE_": 768, "LPOLY_": 2, "RPOLY_": 784, "LENGTH": 392.56, "M0080_": 768, "M0080_ID": 0 }, "geometry": { "type": "MultiLineString", "coordinates": [ [ [ -60.725543274563393, -27.580846467138755 ], [ -60.726657045025334, -27.580813572287536 ], [ -60.726657023982348, -27.58004203597817 ], [ -60.7255381385649, -27.580065933626614 ], [ -60.725543274563393, -27.580846467138755 ] ] ] } },
{ "type": "Feature", "properties": { "FNODE_": 769, "TNODE_": 769, "LPOLY_": 2, "RPOLY_": 785, "LENGTH": 590.63, "M0080_": 769, "M0080_ID": 0 }, "geometry": { "type": "MultiLineString", "coordinates": [ [ [ -60.725340738370015, -27.580847525148556 ], [ -60.72533560380495, -27.580066991601441 ], [ -60.72318867548875, -27.580069164464167 ], [ -60.723208689150567, -27.580804501711675 ], [ -60.724383695425018, -27.580843496739746 ], [ -60.724403949048401, -27.580843391091641 ], [ -60.724419139265876, -27.58084331185362 ], [ -60.7244545831064, -27.58084312695846 ], [ -60.725340738370015, -27.580847525148556 ] ] ] } },
{ "type": "Feature", "properties": { "FNODE_": 770, "TNODE_": 770, "LPOLY_": 2, "RPOLY_": 774, "LENGTH": 397.696, "M0080_": 770, "M0080_ID": 0 }, "geometry": { "type": "MultiLineString", "coordinates": [ [ [ -60.714368440594043, -27.580922448497624 ], [ -60.714899924206236, -27.580892642001142 ], [ -60.714880199910837, -27.580193396631884 ], [ -60.71488008290553, -27.580175349571167 ], [ -60.714879995151627, -27.580161814275606 ], [ -60.714879907397794, -27.580148278980005 ], [ -60.714879790392743, -27.580130231919181 ], [ -60.714855968357838, -27.579579900795238 ], [ -60.714324403365644, -27.579596171711053 ], [ -60.714368440594043, -27.580922448497624 ] ] ] } },
{ "type": "Feature", "properties": { "FNODE_": 771, "TNODE_": 771, "LPOLY_": 2, "RPOLY_": 775, "LENGTH": 411.083, "M0080_": 771, "M0080_ID": 0 }, "geometry": { "type": "MultiLineString", "coordinates": [ [ [ -60.713558380798105, -27.580940148885592 ], [ -60.71416593298575, -27.580928001978528 ], [ -60.714121927407561, -27.579606236848978 ], [ -60.713529601770858, -27.579622817151112 ], [ -60.713558380798105, -27.580940148885592 ] ] ] } },
{ "type": "Feature", "properties": { "FNODE_": 772, "TNODE_": 772, "LPOLY_": 2, "RPOLY_": 781, "LENGTH": 2325.927, "M0080_": 772, "M0080_ID": 0 }, "geometry": { "type": "MultiLineString", "coordinates": [ [ [ -60.69745160018639, -27.58102197526151 ], [ -60.703436240597121, -27.5809376468758 ], [ -60.703487879563291, -27.580301204314175 ], [ -60.703492770254158, -27.580274108007192 ], [ -60.70350281070202, -27.580260521379017 ], [ -60.703512851147444, -27.58024693475015 ], [ -60.703522920377104, -27.580237859896826 ], [ -60.703538053005801, -27.580228759391773 ], [ -60.703553185631989, -27.580219658885095 ], [ -60.703573410444207, -27.580215044500747 ], [ -60.70358860064421, -27.580214967542723 ], [ -60.705598712171856, -27.580195745226614 ], [ -60.705618965759477, -27.580195642320266 ], [ -60.705634155950129, -27.580195565138542 ], [ -60.705649346140731, -27.580195487955177 ], [ -60.70566959972809, -27.580195385041446 ], [ -60.708074480679677, -27.580147048861303 ], [ -60.708061717434596, -27.579736529239046 ], [ -60.706998842852208, -27.579809623047606 ], [ -60.706983652719202, -27.579809700377581 ], [ -60.706948238001601, -27.579814392580939 ], [ -60.706933047867778, -27.579814469905386 ], [ -60.706912794355901, -27.579814573002075 ], [ -60.705839415834788, -27.579829056448979 ], [ -60.705819248955933, -27.579842694709093 ], [ -60.705799082072055, -27.579856332966358 ], [ -60.705773822923071, -27.57986548517885 ], [ -60.705748563769802, -27.579874637386819 ], [ -60.705728310241675, -27.579874740310981 ], [ -60.704209439399641, -27.579905010085188 ], [ -60.703202084593244, -27.579950721810363 ], [ -60.701956375983762, -27.579938976217537 ], [ -60.700736242378177, -27.579967697716175 ], [ -60.699541338987586, -27.57998274564132 ], [ -60.69832621002157, -27.580002396917251 ], [ -60.697445321714518, -27.58002938323337 ], [ -60.69745160018639, -27.58102197526151 ] ] ] } },
{ "type": "Feature", "properties": { "FNODE_": 773, "TNODE_": 773, "LPOLY_": 2, "RPOLY_": 776, "LENGTH": 548.87, "M0080_": 773, "M0080_ID": 0 }, "geometry": { "type": "MultiLineString", "coordinates": [ [ [ -60.711943177853612, -27.580952950703665 ], [ -60.713355843898455, -27.580941189420351 ], [ -60.713327067289534, -27.5796238575983 ], [ -60.713043489821956, -27.579620801960861 ], [ -60.713023236372536, -27.579620905947969 ], [ -60.713008046285388, -27.579620983936369 ], [ -60.712992856198198, -27.579621061923099 ], [ -60.712972602748508, -27.579621165902822 ], [ -60.712359994139035, -27.57963333342979 ], [ -60.712361364080422, -27.579845386523402 ], [ -60.712356475592976, -27.579872483103035 ], [ -60.712341547792796, -27.579913166929988 ], [ -60.712331537626596, -27.579931265944676 ], [ -60.712321498310793, -27.579944853190796 ], [ -60.712311429846601, -27.57995392866836 ], [ -60.712245897359054, -27.579999383951538 ], [ -60.712230765502596, -27.580008485391705 ], [ -60.711953124346088, -27.580140754620206 ], [ -60.711943177853612, -27.580952950703665 ] ] ] } },
{ "type": "Feature", "properties": { "FNODE_": 774, "TNODE_": 774, "LPOLY_": 2, "RPOLY_": 778, "LENGTH": 469.975, "M0080_": 774, "M0080_ID": 0 }, "geometry": { "type": "MultiLineString", "coordinates": [ [ [ -60.710743320501521, -27.580986168221351 ], [ -60.711740669982966, -27.580958500651064 ], [ -60.711750647090341, -27.580150816322874 ], [ -60.711562894108418, -27.580088611605138 ], [ -60.711542582337252, -27.58007969184089 ], [ -60.711364694387576, -27.579976829045659 ], [ -60.711293545120625, -27.579936586215339 ], [ -60.711283360155377, -27.579927614544452 ], [ -60.711273175191771, -27.579918642872766 ], [ -60.711262961126828, -27.579905159431384 ], [ -60.711252747064428, -27.579891675989163 ], [ -60.71124759638068, -27.579878166614314 ], [ -60.711237178609679, -27.579833100787958 ], [ -60.711237062202386, -27.579815053711965 ], [ -60.711231009378551, -27.57966167949532 ], [ -60.710704419255286, -27.579664375331891 ], [ -60.710743320501521, -27.580986168221351 ] ] ] } },
{ "type": "Feature", "properties": { "FNODE_": 775, "TNODE_": 775, "LPOLY_": 2, "RPOLY_": 779, "LENGTH": 492.089, "M0080_": 775, "M0080_ID": 0 }, "geometry": { "type": "MultiLineString", "coordinates": [ [ [ -60.709512936434244, -27.580996971756562 ], [ -60.710540812467933, -27.580991716421231 ], [ -60.710501913644556, -27.579669923430362 ], [ -60.70948435084042, -27.579702197137092 ], [ -60.709512936434244, -27.580996971756562 ] ] ] } },
{ "type": "Feature", "properties": { "FNODE_": 776, "TNODE_": 776, "LPOLY_": 2, "RPOLY_": 780, "LENGTH": 484.585, "M0080_": 776, "M0080_ID": 0 }, "geometry": { "type": "MultiLineString", "coordinates": [ [ [ -60.708307898007284, -27.581012147039466 ], [ -60.709310399251933, -27.580998006393525 ], [ -60.709281845056672, -27.579707743458805 ], [ -60.708264223374677, -27.57973098469451 ], [ -60.708282369558432, -27.580191107948778 ], [ -60.708282456502609, -27.580204643263723 ], [ -60.708282659372585, -27.580236225665164 ], [ -60.708282746316968, -27.580249760980024 ], [ -60.708282862242896, -27.580267808066466 ], [ -60.708307898007284, -27.581012147039466 ] ] ] } },
{ "type": "Feature", "properties": { "FNODE_": 777, "TNODE_": 777, "LPOLY_": 2, "RPOLY_": 799, "LENGTH": 322.021, "M0080_": 777, "M0080_ID": 0 }, "geometry": { "type": "MultiLineString", "coordinates": [ [ [ -60.719126991551683, -27.581511508786324 ], [ -60.719123842928887, -27.581028750437223 ], [ -60.718020046532985, -27.581038973783457 ], [ -60.71803319968474, -27.581503632843116 ], [ -60.719126991551683, -27.581511508786324 ] ] ] } },
{ "type": "Feature", "properties": { "FNODE_": 778, "TNODE_": 778, "LPOLY_": 2, "RPOLY_": 792, "LENGTH": 333.514, "M0080_": 778, "M0080_ID": 0 }, "geometry": { "type": "MultiLineString", "coordinates": [ [ [ -60.721790420384821, -27.581506714737575 ], [ -60.722899283828426, -27.581496434980686 ], [ -60.722906038457438, -27.580982042019865 ], [ -60.721787082891929, -27.580996886124737 ], [ -60.721790420384821, -27.581506714737575 ] ] ] } },
{ "type": "Feature", "properties": { "FNODE_": 779, "TNODE_": 779, "LPOLY_": 2, "RPOLY_": 794, "LENGTH": 300.027, "M0080_": 779, "M0080_ID": 0 }, "geometry": { "type": "MultiLineString", "coordinates": [ [ [ -60.720630922111361, -27.581517248407067 ], [ -60.721587882810475, -27.581507767297474 ], [ -60.721584546253887, -27.58099793866193 ], [ -60.720642809719003, -27.581011852598113 ], [ -60.720630922111361, -27.581517248407067 ] ] ] } },
{ "type": "Feature", "properties": { "FNODE_": 780, "TNODE_": 780, "LPOLY_": 2, "RPOLY_": 795, "LENGTH": 328.035, "M0080_": 780, "M0080_ID": 0 }, "geometry": { "type": "MultiLineString", "coordinates": [ [ [ -60.720428384465869, -27.581518299276336 ], [ -60.72044027300236, -27.581012903467045 ], [ -60.719326379733367, -27.58102770148756 ], [ -60.719329529242763, -27.581510459815238 ], [ -60.720428384465869, -27.581518299276336 ] ] ] } },
{ "type": "Feature", "properties": { "FNODE_": 781, "TNODE_": 781, "LPOLY_": 2, "RPOLY_": 800, "LENGTH": 326.034, "M0080_": 781, "M0080_ID": 0 }, "geometry": { "type": "MultiLineString", "coordinates": [ [ [ -60.725552642895906, -27.581500645004503 ], [ -60.726656441767133, -27.581490361707591 ], [ -60.726658264124325, -27.580998554160299 ], [ -60.725544462106889, -27.581026937302372 ], [ -60.725552642895906, -27.581500645004503 ] ] ] } },
{ "type": "Feature", "properties": { "FNODE_": 782, "TNODE_": 782, "LPOLY_": 2, "RPOLY_": 802, "LENGTH": 269.01, "M0080_": 782, "M0080_ID": 0 }, "geometry": { "type": "MultiLineString", "coordinates": [ [ [ -60.724524795152007, -27.581510523291218 ], [ -60.725350105501363, -27.581501703050993 ], [ -60.7253419255821, -27.581027995320248 ], [ -60.724521593249989, -27.581023253762371 ], [ -60.724524795152007, -27.581510523291218 ] ] ] } },
{ "type": "Feature", "properties": { "FNODE_": 783, "TNODE_": 783, "LPOLY_": 2, "RPOLY_": 771, "LENGTH": 803.73, "M0080_": 783, "M0080_ID": 0 }, "geometry": { "type": "MultiLineString", "coordinates": [ [ [ -60.734165865797678, -27.581505007450669 ], [ -60.734126760559889, -27.579434249997629 ], [ -60.73300276107895, -27.579449210912937 ], [ -60.731914294250799, -27.579477511191907 ], [ -60.731910157115834, -27.580379914230594 ], [ -60.7330791129231, -27.581032486660813 ], [ -60.733094363132565, -27.581041429966294 ], [ -60.733109613344482, -27.581050373270017 ], [ -60.733135020369986, -27.581063774856936 ], [ -60.733150270588212, -27.581072718156051 ], [ -60.734165865797678, -27.581505007450669 ] ] ] } },
{ "type": "Feature", "properties": { "FNODE_": 784, "TNODE_": 784, "LPOLY_": 2, "RPOLY_": 797, "LENGTH": 388.573, "M0080_": 784, "M0080_ID": 0 }, "geometry": { "type": "MultiLineString", "coordinates": [ [ [ -60.716815490905944, -27.581906972111504 ], [ -60.717817938980168, -27.581883746391245 ], [ -60.717831455040759, -27.581626497480244 ], [ -60.717831337545313, -27.581608450434931 ], [ -60.717831249423767, -27.581594915150905 ], [ -60.7178311613023, -27.581581379866858 ], [ -60.717831043807116, -27.58156333282141 ], [ -60.717817509649649, -27.581040020828386 ], [ -60.716809829829963, -27.581036201961943 ], [ -60.716815490905944, -27.581906972111504 ] ] ] } },
{ "type": "Feature", "properties": { "FNODE_": 785, "TNODE_": 785, "LPOLY_": 2, "RPOLY_": 798, "LENGTH": 387.111, "M0080_": 785, "M0080_ID": 0 }, "geometry": { "type": "MultiLineString", "coordinates": [ [ [ -60.715651099197551, -27.581944561002093 ], [ -60.716612981699072, -27.58191252919227 ], [ -60.716607292897947, -27.581037247241845 ], [ -60.715620071611511, -27.581064897571402 ], [ -60.715651099197551, -27.581944561002093 ] ] ] } },
{ "type": "Feature", "properties": { "FNODE_": 786, "TNODE_": 786, "LPOLY_": 2, "RPOLY_": 801, "LENGTH": 402.868, "M0080_": 786, "M0080_ID": 0 }, "geometry": { "type": "MultiLineString", "coordinates": [ [ [ -60.714405778656889, -27.581996092242367 ], [ -60.714876622822104, -27.581984645371072 ], [ -60.714896876697495, -27.581984541105481 ], [ -60.714927257510368, -27.58198438470156 ], [ -60.714947511385496, -27.581984280428589 ], [ -60.715443555632319, -27.581954654237368 ], [ -60.715412471147893, -27.581065967202051 ], [ -60.715037777599278, -27.581067896969497 ], [ -60.715017523892882, -27.581068001252461 ], [ -60.715002333613022, -27.581068079462742 ], [ -60.714987143333069, -27.581068157671361 ], [ -60.714966860370453, -27.581063750182416 ], [ -60.714951670091004, -27.581063828387133 ], [ -60.714374673280624, -27.581102893056553 ], [ -60.714405778656889, -27.581996092242367 ] ] ] } },
{ "type": "Feature", "properties": { "FNODE_": 787, "TNODE_": 787, "LPOLY_": 2, "RPOLY_": 804, "LENGTH": 476.085, "M0080_": 787, "M0080_ID": 0 }, "geometry": { "type": "MultiLineString", "coordinates": [ [ [ -60.711970394518033, -27.582031159229629 ], [ -60.713387991875493, -27.581996812571063 ], [ -60.713357011499745, -27.581121660065556 ], [ -60.711944343143394, -27.581133421404143 ], [ -60.711970394518033, -27.582031159229629 ] ] ] } },
{ "type": "Feature", "properties": { "FNODE_": 788, "TNODE_": 788, "LPOLY_": 2, "RPOLY_": 805, "LENGTH": 396.129, "M0080_": 788, "M0080_ID": 0 }, "geometry": { "type": "MultiLineString", "coordinates": [ [ [ -60.710775618015937, -27.582068863050093 ], [ -60.711767884670515, -27.582036709253241 ], [ -60.71174183494157, -27.581138971359358 ], [ -60.710744483829139, -27.581166638968089 ], [ -60.710775618015937, -27.582068863050093 ] ] ] } },
{ "type": "Feature", "properties": { "FNODE_": 789, "TNODE_": 789, "LPOLY_": 2, "RPOLY_": 806, "LENGTH": 403.573, "M0080_": 789, "M0080_ID": 0 }, "geometry": { "type": "MultiLineString", "coordinates": [ [ [ -60.709550372464165, -27.582093176533022 ], [ -60.710573107997668, -27.582074411333661 ], [ -60.71054197546438, -27.58117218717576 ], [ -60.70951916118635, -27.581177416681346 ], [ -60.709550372464165, -27.582093176533022 ] ] ] } },
{ "type": "Feature", "properties": { "FNODE_": 790, "TNODE_": 790, "LPOLY_": 2, "RPOLY_": 790, "LENGTH": 753.301, "M0080_": 790, "M0080_ID": 0 }, "geometry": { "type": "MultiLineString", "coordinates": [ [ [ -60.705570475321167, -27.582113454844318 ], [ -60.705534042772278, -27.580376550622844 ], [ -60.703685956980195, -27.580394951145685 ], [ -60.70363915222611, -27.580995273891364 ], [ -60.703634203959098, -27.58101334664935 ], [ -60.703634376712436, -27.581040417303186 ], [ -60.703634491881481, -27.581058464405686 ], [ -60.703666518096924, -27.582109579759791 ], [ -60.705570475321167, -27.582113454844318 ] ] ] } },
{ "type": "Feature", "properties": { "FNODE_": 791, "TNODE_": 791, "LPOLY_": 2, "RPOLY_": 807, "LENGTH": 402.052, "M0080_": 791, "M0080_ID": 0 }, "geometry": { "type": "MultiLineString", "coordinates": [ [ [ -60.708335195108489, -27.582108404019205 ], [ -60.709347833269923, -27.582094211262309 ], [ -60.709316623672848, -27.581178451333596 ], [ -60.708314120789872, -27.581192592054943 ], [ -60.708335195108489, -27.582108404019205 ] ] ] } },
{ "type": "Feature", "properties": { "FNODE_": 792, "TNODE_": 792, "LPOLY_": 2, "RPOLY_": 760, "LENGTH": 2099.73, "M0080_": 792, "M0080_ID": 0 }, "geometry": { "type": "MultiLineString", "coordinates": [ [ [ -60.746048274849983, -27.581978595871306 ], [ -60.753678860766087, -27.581937392023818 ], [ -60.753614818551767, -27.579235115675338 ], [ -60.751047694536268, -27.579244510515842 ], [ -60.751027441328311, -27.579244620043713 ], [ -60.751012251422281, -27.57924470218769 ], [ -60.750997061516173, -27.579244784329994 ], [ -60.750976808307939, -27.579244893850483 ], [ -60.749705888587634, -27.579247248624391 ], [ -60.749690698676631, -27.579247330623819 ], [ -60.749670476135428, -27.579251951684459 ], [ -60.749655286223657, -27.579252033680032 ], [ -60.749640096311815, -27.57925211567396 ], [ -60.74961981242442, -27.579247713265925 ], [ -60.749604622513047, -27.579247795255945 ], [ -60.748288193900912, -27.579259406479903 ], [ -60.748267940677408, -27.579259515605433 ], [ -60.748252750759711, -27.579259597447638 ], [ -60.748237560841943, -27.579259679288175 ], [ -60.748217277004031, -27.579255276674189 ], [ -60.748202087086732, -27.579255358510839 ], [ -60.746045209757028, -27.579280497653098 ], [ -60.746048274849983, -27.581978595871306 ] ] ] } },
{ "type": "Feature", "properties": { "FNODE_": 793, "TNODE_": 793, "LPOLY_": 2, "RPOLY_": 764, "LENGTH": 735.009, "M0080_": 793, "M0080_ID": 0 }, "geometry": { "type": "MultiLineString", "coordinates": [ [ [ -60.739349406888188, -27.582023446777725 ], [ -60.739326494422336, -27.579361546954718 ], [ -60.738587309940115, -27.579374503919791 ], [ -60.738605050454851, -27.582022895920321 ], [ -60.739349406888188, -27.582023446777725 ] ] ] } },
{ "type": "Feature", "properties": { "FNODE_": 794, "TNODE_": 794, "LPOLY_": 2, "RPOLY_": 770, "LENGTH": 750.901, "M0080_": 794, "M0080_ID": 0 }, "geometry": { "type": "MultiLineString", "coordinates": [ [ [ -60.735420172942312, -27.582044310878004 ], [ -60.735397596026893, -27.579418502521783 ], [ -60.734329293760162, -27.579433179225024 ], [ -60.734368973758208, -27.581589659698526 ], [ -60.735420172942312, -27.582044310878004 ] ] ] } },
{ "type": "Feature", "properties": { "FNODE_": 795, "TNODE_": 795, "LPOLY_": 2, "RPOLY_": 762, "LENGTH": 1019.526, "M0080_": 795, "M0080_ID": 0 }, "geometry": { "type": "MultiLineString", "coordinates": [ [ [ -60.743476201929184, -27.582014949624877 ], [ -60.745643200162036, -27.581980771484609 ], [ -60.74564045006786, -27.579327790409689 ], [ -60.744364464745914, -27.579330123504562 ], [ -60.744339148177595, -27.579330259196098 ], [ -60.744313831609134, -27.579330394882998 ], [ -60.744288515040473, -27.579330530565301 ], [ -60.744263198471621, -27.579330666242988 ], [ -60.7434581923293, -27.57934400186085 ], [ -60.743476201929184, -27.582014949624877 ] ] ] } },
{ "type": "Feature", "properties": { "FNODE_": 796, "TNODE_": 796, "LPOLY_": 2, "RPOLY_": 767, "LENGTH": 1032.002, "M0080_": 796, "M0080_ID": 0 }, "geometry": { "type": "MultiLineString", "coordinates": [ [ [ -60.74104068745671, -27.582027967606447 ], [ -60.74327366440545, -27.582016033829397 ], [ -60.743255659710634, -27.579345085942769 ], [ -60.74216201374086, -27.579355446620447 ], [ -60.741027830479162, -27.579361503092805 ], [ -60.74104068745671, -27.582027967606447 ] ] ] } },
{ "type": "Feature", "properties": { "FNODE_": 797, "TNODE_": 797, "LPOLY_": 2, "RPOLY_": 763, "LENGTH": 845.516, "M0080_": 797, "M0080_ID": 0 }, "geometry": { "type": "MultiLineString", "coordinates": [ [ [ -60.740838149797071, -27.582029048259447 ], [ -60.740825297716619, -27.579362583631205 ], [ -60.739696116827481, -27.579359578738764 ], [ -60.739529027251699, -27.579360468602033 ], [ -60.7395519446058, -27.58202236829613 ], [ -60.73980005329453, -27.582021046753667 ], [ -60.740838149797071, -27.582029048259447 ] ] ] } },
{ "type": "Feature", "properties": { "FNODE_": 798, "TNODE_": 798, "LPOLY_": 2, "RPOLY_": 791, "LENGTH": 488.797, "M0080_": 798, "M0080_ID": 0 }, "geometry": { "type": "MultiLineString", "coordinates": [ [ [ -60.731926541551047, -27.582085328093815 ], [ -60.73295948609973, -27.582079879949099 ], [ -60.732958550957086, -27.581177503988652 ], [ -60.731911594645538, -27.580596478133533 ], [ -60.731926541551047, -27.582085328093815 ] ] ] } },
{ "type": "Feature", "properties": { "FNODE_": 799, "TNODE_": 799, "LPOLY_": 2, "RPOLY_": 815, "LENGTH": 169.45, "M0080_": 799, "M0080_ID": 0 }, "geometry": { "type": "MultiLineString", "coordinates": [ [ [ -60.734372249306112, -27.582081439861394 ], [ -60.735030497932264, -27.582077957300523 ], [ -60.734370326038565, -27.581792688210399 ], [ -60.734372249306112, -27.582081439861394 ] ] ] } },
{ "type": "Feature", "properties": { "FNODE_": 800, "TNODE_": 800, "LPOLY_": 2, "RPOLY_": 808, "LENGTH": 340.969, "M0080_": 800, "M0080_ID": 0 }, "geometry": { "type": "MultiLineString", "coordinates": [ [ [ -60.73416971124351, -27.582082510790979 ], [ -60.734167217699174, -27.581708035974284 ], [ -60.733161717425808, -27.581271181528582 ], [ -60.733162024212504, -27.582078810784619 ], [ -60.73416971124351, -27.582082510790979 ] ] ] } },
{ "type": "Feature", "properties": { "FNODE_": 801, "TNODE_": 801, "LPOLY_": 2, "RPOLY_": 773, "LENGTH": 991.731, "M0080_": 801, "M0080_ID": 0 }, "geometry": { "type": "MultiLineString", "coordinates": [ [ [ -60.729435530098705, -27.582130018377786 ], [ -60.730640573406781, -27.582114659572213 ], [ -60.731724003370239, -27.582086395456685 ], [ -60.731708879556443, -27.580570474933022 ], [ -60.731708160989449, -27.58046219297708 ], [ -60.731708041228678, -27.580444145984263 ], [ -60.730403823640607, -27.580008844754872 ], [ -60.730383480541256, -27.579995416025508 ], [ -60.7303783275255, -27.579981907405521 ], [ -60.730373174511044, -27.579968398785287 ], [ -60.730370006744472, -27.579490153282698 ], [ -60.729407942749013, -27.579490697655384 ], [ -60.729405804220299, -27.579932875847923 ], [ -60.729422198697172, -27.580880290273839 ], [ -60.729435530098705, -27.582130018377786 ] ] ] } },
{ "type": "Feature", "properties": { "FNODE_": 802, "TNODE_": 802, "LPOLY_": 2, "RPOLY_": 813, "LENGTH": 314.066, "M0080_": 802, "M0080_ID": 0 }, "geometry": { "type": "MultiLineString", "coordinates": [ [ [ -60.72564806063918, -27.582149861278367 ], [ -60.726680947766205, -27.582135436316577 ], [ -60.726662694606368, -27.581670805314445 ], [ -60.725569020816771, -27.581681035784747 ], [ -60.72564806063918, -27.582149861278367 ] ] ] } },
{ "type": "Feature", "properties": { "FNODE_": 803, "TNODE_": 803, "LPOLY_": 2, "RPOLY_": 814, "LENGTH": 277.549, "M0080_": 803, "M0080_ID": 0 }, "geometry": { "type": "MultiLineString", "coordinates": [ [ [ -60.72451890789926, -27.582155757024179 ], [ -60.725440458591656, -27.582150945938295 ], [ -60.725361419648344, -27.581682120309598 ], [ -60.724525981062044, -27.58169099347834 ], [ -60.72451890789926, -27.582155757024179 ] ] ] } },
{ "type": "Feature", "properties": { "FNODE_": 804, "TNODE_": 804, "LPOLY_": 2, "RPOLY_": 796, "LENGTH": 700.051, "M0080_": 804, "M0080_ID": 0 }, "geometry": { "type": "MultiLineString", "coordinates": [ [ [ -60.72798234679744, -27.582142155859458 ], [ -60.729131722531072, -27.582131613864306 ], [ -60.729118991268898, -27.580972120675032 ], [ -60.72686077079328, -27.580992982471024 ], [ -60.726859365742925, -27.581547954537481 ], [ -60.726859484715717, -27.581566001546957 ], [ -60.726859573945404, -27.581579536804032 ], [ -60.726859663175127, -27.581593072061075 ], [ -60.726859782148217, -27.581611119070431 ], [ -60.726883486264974, -27.582134376306847 ], [ -60.72798234679744, -27.582142155859458 ] ] ] } },
{ "type": "Feature", "properties": { "FNODE_": 805, "TNODE_": 805, "LPOLY_": 2, "RPOLY_": 793, "LENGTH": 477.129, "M0080_": 805, "M0080_ID": 0 }, "geometry": { "type": "MultiLineString", "coordinates": [ [ [ -60.72321265182849, -27.582180613679885 ], [ -60.724316369254922, -27.582156813586096 ], [ -60.724323057957477, -27.581633397221324 ], [ -60.724322939399485, -27.581615350201865 ], [ -60.724322850481066, -27.581601814937244 ], [ -60.724322761562703, -27.581588279672587 ], [ -60.724322643004982, -27.581570232653018 ], [ -60.724319027047429, -27.581019798533145 ], [ -60.72320987287101, -27.580984971969748 ], [ -60.723203681938195, -27.58158508828264 ], [ -60.72321265182849, -27.582180613679885 ] ] ] } },
{ "type": "Feature", "properties": { "FNODE_": 806, "TNODE_": 806, "LPOLY_": 2, "RPOLY_": 810, "LENGTH": 336.041, "M0080_": 806, "M0080_ID": 0 }, "geometry": { "type": "MultiLineString", "coordinates": [ [ [ -60.720433042392436, -27.582231157132387 ], [ -60.720429563671608, -27.58169876962663 ], [ -60.719330706649579, -27.581690930209405 ], [ -60.719334238935765, -27.582232341363458 ], [ -60.719774702351344, -27.582221035243801 ], [ -60.7197949562484, -27.582220930263045 ], [ -60.719810146671101, -27.582220851525541 ], [ -60.719825337093759, -27.582220772786368 ], [ -60.719845590990531, -27.582220667798225 ], [ -60.720433042392436, -27.582231157132387 ] ] ] } },
{ "type": "Feature", "properties": { "FNODE_": 807, "TNODE_": 807, "LPOLY_": 2, "RPOLY_": 812, "LENGTH": 309.003, "M0080_": 807, "M0080_ID": 0 }, "geometry": { "type": "MultiLineString", "coordinates": [ [ [ -60.721592636816894, -27.582234160243896 ], [ -60.721589063913449, -27.581688237601902 ], [ -60.720632101648562, -27.581697718749329 ], [ -60.720635610836553, -27.582234617989528 ], [ -60.721592636816894, -27.582234160243896 ] ] ] } },
{ "type": "Feature", "properties": { "FNODE_": 808, "TNODE_": 808, "LPOLY_": 2, "RPOLY_": 811, "LENGTH": 341.504, "M0080_": 808, "M0080_ID": 0 }, "geometry": { "type": "MultiLineString", "coordinates": [ [ [ -60.722909169107616, -27.58223182487059 ], [ -60.72290046707726, -27.58167690523311 ], [ -60.721791601819262, -27.581687185033953 ], [ -60.72179517572534, -27.582233107651621 ], [ -60.722909169107616, -27.58223182487059 ] ] ] } },
{ "type": "Feature", "properties": { "FNODE_": 809, "TNODE_": 809, "LPOLY_": 2, "RPOLY_": 809, "LENGTH": 341.63, "M0080_": 809, "M0080_ID": 0 }, "geometry": { "type": "MultiLineString", "coordinates": [ [ [ -60.718033101858964, -27.582266146625695 ], [ -60.719131699918869, -27.582233390366614 ], [ -60.719128168627059, -27.581691979188513 ], [ -60.718029311517931, -27.581684129469703 ], [ -60.718015795915619, -27.581941378389192 ], [ -60.71801591344294, -27.581959425432917 ], [ -60.718016001588502, -27.581972960715671 ], [ -60.718016089734128, -27.581986495998407 ], [ -60.718016207261719, -27.582004543042014 ], [ -60.718033101858964, -27.582266146625695 ] ] ] } },
{ "type": "Feature", "properties": { "FNODE_": 810, "TNODE_": 810, "LPOLY_": 2, "RPOLY_": 825, "LENGTH": 314.013, "M0080_": 810, "M0080_ID": 0 }, "geometry": { "type": "MultiLineString", "coordinates": [ [ [ -60.739703597329068, -27.582738952687372 ], [ -60.739700600606163, -27.582292290551301 ], [ -60.739452491301485, -27.582293611928002 ], [ -60.738606863931786, -27.582293600326242 ], [ -60.738619983177792, -27.582740208708273 ], [ -60.739703597329068, -27.582738952687372 ] ] ] } },
{ "type": "Feature", "properties": { "FNODE_": 811, "TNODE_": 811, "LPOLY_": 2, "RPOLY_": 816, "LENGTH": 644.738, "M0080_": 811, "M0080_ID": 0 }, "geometry": { "type": "MultiLineString", "coordinates": [ [ [ -60.71673188632834, -27.583066965338464 ], [ -60.716752140394334, -27.583066860798528 ], [ -60.716767330943739, -27.583066782391651 ], [ -60.716782521493094, -27.5830667039831 ], [ -60.716802775558797, -27.583066599435789 ], [ -60.717850835180734, -27.583047649799845 ], [ -60.71783641932408, -27.582388985101638 ], [ -60.717836301823986, -27.582370938058329 ], [ -60.71783621369898, -27.582357402775813 ], [ -60.717836125574067, -27.582343867493261 ], [ -60.717836008074251, -27.582325820449832 ], [ -60.717819113931554, -27.582064216835668 ], [ -60.716750839088554, -27.582087782358496 ], [ -60.716715394787748, -27.582087965295141 ], [ -60.716700204372998, -27.582088043693787 ], [ -60.716679921159269, -27.58208363646057 ], [ -60.716664730745009, -27.582083714855322 ], [ -60.715652270605382, -27.582125031530669 ], [ -60.715643142263005, -27.583059044725942 ], [ -60.71673188632834, -27.583066965338464 ] ] ] } },
{ "type": "Feature", "properties": { "FNODE_": 812, "TNODE_": 812, "LPOLY_": 2, "RPOLY_": 817, "LENGTH": 290.632, "M0080_": 812, "M0080_ID": 0 }, "geometry": { "type": "MultiLineString", "coordinates": [ [ [ -60.715015412361176, -27.583084837891207 ], [ -60.715440630841293, -27.583064600137352 ], [ -60.715449790176073, -27.582135098686916 ], [ -60.71501447758552, -27.582159900310021 ], [ -60.715015412361176, -27.583084837891207 ] ] ] } },
{ "type": "Feature", "properties": { "FNODE_": 813, "TNODE_": 813, "LPOLY_": 2, "RPOLY_": 818, "LENGTH": 280.528, "M0080_": 813, "M0080_ID": 0 }, "geometry": { "type": "MultiLineString", "coordinates": [ [ [ -60.714812900838602, -27.583090392388591 ], [ -60.714811967760788, -27.582165454774564 ], [ -60.714412011507179, -27.582176536769609 ], [ -60.714433107604414, -27.583087834955439 ], [ -60.714812900838602, -27.583090392388591 ] ] ] } },
{ "type": "Feature", "properties": { "FNODE_": 814, "TNODE_": 814, "LPOLY_": 2, "RPOLY_": 803, "LENGTH": 560.629, "M0080_": 814, "M0080_ID": 0 }, "geometry": { "type": "MultiLineString", "coordinates": [ [ [ -60.713617968403781, -27.583105562037453 ], [ -60.714230566798363, -27.583088876840293 ], [ -60.714209092432128, -27.582118925652772 ], [ -60.7142089755271, -27.582100878594417 ], [ -60.714208887848393, -27.582087343300618 ], [ -60.714208800169757, -27.58207380800679 ], [ -60.714208683264999, -27.582055760948318 ], [ -60.714172165341665, -27.581108446552673 ], [ -60.713559548730821, -27.581120619522864 ], [ -60.713590822721152, -27.582040889605473 ], [ -60.713590910323809, -27.582054424901177 ], [ -60.713591027127435, -27.5820724719621 ], [ -60.713591114730242, -27.58208600725775 ], [ -60.713591202333113, -27.582099542553376 ], [ -60.713591319137009, -27.582117589614175 ], [ -60.713617968403781, -27.583105562037453 ] ] ] } },
{ "type": "Feature", "properties": { "FNODE_": 815, "TNODE_": 815, "LPOLY_": 2, "RPOLY_": 819, "LENGTH": 486.079, "M0080_": 815, "M0080_ID": 0 }, "geometry": { "type": "MultiLineString", "coordinates": [ [ [ -60.711987630601094, -27.583131978328321 ], [ -60.713066102856253, -27.583117420771654 ], [ -60.713086356947755, -27.583117316766199 ], [ -60.713101547516295, -27.58311723876016 ], [ -60.713116738084778, -27.583117160752465 ], [ -60.71313699217599, -27.583117056739621 ], [ -60.713415427529121, -27.583106602734063 ], [ -60.713389159581766, -27.582177283187576 ], [ -60.71197155990572, -27.582211629901018 ], [ -60.711987630601094, -27.583131978328321 ] ] ] } },
{ "type": "Feature", "properties": { "FNODE_": 816, "TNODE_": 816, "LPOLY_": 2, "RPOLY_": 820, "LENGTH": 395.064, "M0080_": 816, "M0080_ID": 0 }, "geometry": { "type": "MultiLineString", "coordinates": [ [ [ -60.711785089605932, -27.583133016648056 ], [ -60.711769049727017, -27.582217179932442 ], [ -60.710776781449923, -27.582249333767415 ], [ -60.710787487784039, -27.583124590761368 ], [ -60.711785089605932, -27.583133016648056 ] ] ] } },
{ "type": "Feature", "properties": { "FNODE_": 817, "TNODE_": 817, "LPOLY_": 2, "RPOLY_": 821, "LENGTH": 394.549, "M0080_": 817, "M0080_ID": 0 }, "geometry": { "type": "MultiLineString", "coordinates": [ [ [ -60.709572386603838, -27.583153364587819 ], [ -60.710584946749549, -27.58312562733046 ], [ -60.710574271100491, -27.582254882058788 ], [ -60.709556597381919, -27.582273621425536 ], [ -60.709572386603838, -27.583153364587819 ] ] ] } },
{ "type": "Feature", "properties": { "FNODE_": 818, "TNODE_": 818, "LPOLY_": 2, "RPOLY_": 822, "LENGTH": 395.527, "M0080_": 818, "M0080_ID": 0 }, "geometry": { "type": "MultiLineString", "coordinates": [ [ [ -60.708357197573214, -27.58316859248399 ], [ -60.709369845463023, -27.583154399385712 ], [ -60.709354057856473, -27.582274656170114 ], [ -60.708336354550021, -27.5822888748311 ], [ -60.708357197573214, -27.58316859248399 ] ] ] } },
{ "type": "Feature", "properties": { "FNODE_": 819, "TNODE_": 819, "LPOLY_": 2, "RPOLY_": 828, "LENGTH": 273.527, "M0080_": 819, "M0080_ID": 0 }, "geometry": { "type": "MultiLineString", "coordinates": [ [ [ -60.720444326572675, -27.583183111808008 ], [ -60.720434221641504, -27.582411627463948 ], [ -60.719912624009027, -27.582405308677714 ], [ -60.71993288178713, -27.583181252385902 ], [ -60.720444326572675, -27.583183111808008 ] ] ] } },
{ "type": "Feature", "properties": { "FNODE_": 820, "TNODE_": 820, "LPOLY_": 2, "RPOLY_": 835, "LENGTH": 390.534, "M0080_": 820, "M0080_ID": 0 }, "geometry": { "type": "MultiLineString", "coordinates": [ [ [ -60.721796344632978, -27.583185114630393 ], [ -60.722930453772186, -27.583161167438114 ], [ -60.722910352409585, -27.582412295103492 ], [ -60.721796357204006, -27.582413577928911 ], [ -60.721796344632978, -27.583185114630393 ] ] ] } },
{ "type": "Feature", "properties": { "FNODE_": 821, "TNODE_": 821, "LPOLY_": 2, "RPOLY_": 834, "LENGTH": 358.51, "M0080_": 821, "M0080_ID": 0 }, "geometry": { "type": "MultiLineString", "coordinates": [ [ [ -60.721593803975793, -27.583186167257697 ], [ -60.721593817964113, -27.582414630529229 ], [ -60.720636790417352, -27.582415088312963 ], [ -60.720646867275633, -27.583182060857286 ], [ -60.721593803975793, -27.583186167257697 ] ] ] } },
{ "type": "Feature", "properties": { "FNODE_": 822, "TNODE_": 822, "LPOLY_": 2, "RPOLY_": 836, "LENGTH": 405.003, "M0080_": 822, "M0080_ID": 0 }, "geometry": { "type": "MultiLineString", "coordinates": [ [ [ -60.734385066273575, -27.583245443053059 ], [ -60.735433211630998, -27.583239895961913 ], [ -60.735422189263467, -27.582346597680029 ], [ -60.734374052395424, -27.582352144523174 ], [ -60.734385066273575, -27.583245443053059 ] ] ] } },
{ "type": "Feature", "properties": { "FNODE_": 823, "TNODE_": 823, "LPOLY_": 2, "RPOLY_": 831, "LENGTH": 398.013, "M0080_": 823, "M0080_ID": 0 }, "geometry": { "type": "MultiLineString", "coordinates": [ [ [ -60.734182526073333, -27.583246514042798 ], [ -60.734171513835648, -27.582353215465034 ], [ -60.733158760865223, -27.582349542253056 ], [ -60.733174858407324, -27.583247326081963 ], [ -60.734182526073333, -27.583246514042798 ] ] ] } },
{ "type": "Feature", "properties": { "FNODE_": 824, "TNODE_": 824, "LPOLY_": 2, "RPOLY_": 832, "LENGTH": 405.521, "M0080_": 824, "M0080_ID": 0 }, "geometry": { "type": "MultiLineString", "coordinates": [ [ [ -60.731939482468654, -27.583271890743202 ], [ -60.732972318148633, -27.583248395306715 ], [ -60.73296634918578, -27.582350557970948 ], [ -60.731928338636102, -27.582356032903917 ], [ -60.731939482468654, -27.583271890743202 ] ] ] } },
{ "type": "Feature", "properties": { "FNODE_": 825, "TNODE_": 825, "LPOLY_": 2, "RPOLY_": 833, "LENGTH": 488.537, "M0080_": 825, "M0080_ID": 0 }, "geometry": { "type": "MultiLineString", "coordinates": [ [ [ -60.730734456875169, -27.583291772807687 ], [ -60.731387589892456, -27.583279310525754 ], [ -60.731736942108775, -27.583272958167075 ], [ -60.731725799958113, -27.582357100279015 ], [ -60.730743636727709, -27.582384831597967 ], [ -60.730739470350713, -27.582520210679302 ], [ -60.731169865759803, -27.582517945198685 ], [ -60.731185086106514, -27.582522376963563 ], [ -60.731200306454411, -27.582526808726758 ], [ -60.731210493250295, -27.582535778897746 ], [ -60.731215646494263, -27.582549287477629 ], [ -60.731220799739539, -27.582562796057278 ], [ -60.731215826030642, -27.582576357961621 ], [ -60.731210852320565, -27.582589919865789 ], [ -60.731200785208138, -27.582598996684304 ], [ -60.731185624693282, -27.582603588416095 ], [ -60.731170464177119, -27.582608180146227 ], [ -60.730740068415841, -27.582610445635495 ], [ -60.730734456875169, -27.583291772807687 ] ] ] } },
{ "type": "Feature", "properties": { "FNODE_": 826, "TNODE_": 826, "LPOLY_": 2, "RPOLY_": 844, "LENGTH": 112.08, "M0080_": 826, "M0080_ID": 0 }, "geometry": { "type": "MultiLineString", "coordinates": [ [ [ -60.737230996260955, -27.583266458346124 ], [ -60.737661273206051, -27.583246125728998 ], [ -60.737239735444859, -27.583058864502821 ], [ -60.737230996260955, -27.583266458346124 ] ] ] } },
{ "type": "Feature", "properties": { "FNODE_": 827, "TNODE_": 827, "LPOLY_": 2, "RPOLY_": 843, "LENGTH": 400.968, "M0080_": 827, "M0080_ID": 0 }, "geometry": { "type": "MultiLineString", "coordinates": [ [ [ -60.737028456151847, -27.58326753348733 ], [ -60.737036592487321, -27.582969704826549 ], [ -60.73572623785158, -27.582381082363984 ], [ -60.735737051932084, -27.583242798373078 ], [ -60.737028456151847, -27.58326753348733 ] ] ] } },
{ "type": "Feature", "properties": { "FNODE_": 828, "TNODE_": 828, "LPOLY_": 2, "RPOLY_": 837, "LENGTH": 415.542, "M0080_": 828, "M0080_ID": 0 }, "geometry": { "type": "MultiLineString", "coordinates": [ [ [ -60.72946357506504, -27.583307478477462 ], [ -60.730126865367893, -27.583299480670771 ], [ -60.730531916424162, -27.583292838474755 ], [ -60.730537230266648, -27.582566393806612 ], [ -60.730541097943146, -27.58238589724629 ], [ -60.729437321071345, -27.582400723336878 ], [ -60.72946357506504, -27.583307478477462 ] ] ] } },
{ "type": "Feature", "properties": { "FNODE_": 829, "TNODE_": 829, "LPOLY_": 2, "RPOLY_": 840, "LENGTH": 409.531, "M0080_": 829, "M0080_ID": 0 }, "geometry": { "type": "MultiLineString", "coordinates": [ [ [ -60.72810154933029, -27.583323650441265 ], [ -60.729159764254867, -27.583309074087815 ], [ -60.72913351275794, -27.582402318841677 ], [ -60.728085403679408, -27.582412329982635 ], [ -60.72810154933029, -27.583323650441265 ] ] ] } },
{ "type": "Feature", "properties": { "FNODE_": 830, "TNODE_": 830, "LPOLY_": 2, "RPOLY_": 838, "LENGTH": 400.519, "M0080_": 830, "M0080_ID": 0 }, "geometry": { "type": "MultiLineString", "coordinates": [ [ [ -60.726901525691758, -27.583334449214895 ], [ -60.727899008701769, -27.583324712269441 ], [ -60.727882864724229, -27.582413391755065 ], [ -60.726890334447035, -27.582405054915331 ], [ -60.726901525691758, -27.583334449214895 ] ] ] } },
{ "type": "Feature", "properties": { "FNODE_": 831, "TNODE_": 831, "LPOLY_": 2, "RPOLY_": 842, "LENGTH": 405.046, "M0080_": 831, "M0080_ID": 0 }, "geometry": { "type": "MultiLineString", "coordinates": [ [ [ -60.723240600789872, -27.583353564551722 ], [ -60.72426340253741, -27.583343721850706 ], [ -60.72425232243787, -27.582427862175241 ], [ -60.723214427526827, -27.582451319011295 ], [ -60.723234856534219, -27.583249820562003 ], [ -60.723240600789872, -27.583353564551722 ] ] ] } },
{ "type": "Feature", "properties": { "FNODE_": 832, "TNODE_": 832, "LPOLY_": 2, "RPOLY_": 839, "LENGTH": 408.017, "M0080_": 832, "M0080_ID": 0 }, "geometry": { "type": "MultiLineString", "coordinates": [ [ [ -60.725676243364099, -27.583354393433979 ], [ -60.726698984989326, -27.583335509293242 ], [ -60.726687795451348, -27.582406114944579 ], [ -60.725670096221883, -27.582420460626562 ], [ -60.725676243364099, -27.583354393433979 ] ] ] } },
{ "type": "Feature", "properties": { "FNODE_": 833, "TNODE_": 833, "LPOLY_": 2, "RPOLY_": 841, "LENGTH": 404.521, "M0080_": 833, "M0080_ID": 0 }, "geometry": { "type": "MultiLineString", "coordinates": [ [ [ -60.725473702569886, -27.583355451725975 ], [ -60.725467557142998, -27.582421518876725 ], [ -60.724454861582991, -27.582426805697196 ], [ -60.724465943364436, -27.583342665324324 ], [ -60.725473702569886, -27.583355451725975 ] ] ] } },
{ "type": "Feature", "properties": { "FNODE_": 834, "TNODE_": 834, "LPOLY_": 2, "RPOLY_": 768, "LENGTH": 1670.623, "M0080_": 834, "M0080_ID": 0 }, "geometry": { "type": "MultiLineString", "coordinates": [ [ [ -60.738431952746382, -27.583395434260595 ], [ -60.738418259977983, -27.582863102832945 ], [ -60.738418139106692, -27.582845055873594 ], [ -60.738418048453298, -27.582831520654061 ], [ -60.738417957799946, -27.582817985434485 ], [ -60.738417836928917, -27.582799938475016 ], [ -60.738409177612233, -27.582263068333486 ], [ -60.738388802928114, -27.582245129068102 ], [ -60.738373491704166, -27.582227162876706 ], [ -60.738363213723254, -27.582204658020689 ], [ -60.737537810505358, -27.582200020462423 ], [ -60.737522589965195, -27.582195589397781 ], [ -60.73750736942624, -27.582191158331437 ], [ -60.737497182161867, -27.582182188631322 ], [ -60.737492028172205, -27.58216868029853 ], [ -60.737486874183837, -27.582155171965482 ], [ -60.737491847098049, -27.582141609851121 ], [ -60.73749682001106, -27.582128047736557 ], [ -60.737506886551856, -27.582118970471925 ], [ -60.737522046720336, -27.582114378056094 ], [ -60.737537206887531, -27.582109785638639 ], [ -60.738362609429799, -27.582114423213781 ], [ -60.738372585251568, -27.582091810666657 ], [ -60.738387654731213, -27.582073682935949 ], [ -60.738402724205905, -27.582055555203681 ], [ -60.738384777041844, -27.579375580899693 ], [ -60.736881030221689, -27.579392591726034 ], [ -60.735701395692949, -27.579416893473123 ], [ -60.735729946495013, -27.582178027104796 ], [ -60.737091084324788, -27.582788939544958 ], [ -60.737093071150404, -27.582328715047677 ], [ -60.737062207806105, -27.582256688437148 ], [ -60.737000993943191, -27.582189334800486 ], [ -60.736889386886233, -27.582158343766167 ], [ -60.73687413622244, -27.582149400887936 ], [ -60.736863949012395, -27.582140431140225 ], [ -60.736858795101817, -27.582126922782287 ], [ -60.736853641192546, -27.582113414424096 ], [ -60.736858614183447, -27.582099852330842 ], [ -60.736863587173154, -27.58208629023741 ], [ -60.736873653763503, -27.582077213017673 ], [ -60.736888813954359, -27.582072620670552 ], [ -60.736903974143935, -27.582068028321792 ], [ -60.736919164487674, -27.582067947713284 ], [ -60.737045991968536, -27.582103369844962 ], [ -60.737061242639335, -27.582112312704226 ], [ -60.737071429862446, -27.582121282437232 ], [ -60.737147954748401, -27.582206602375784 ], [ -60.737153108698102, -27.582220110722076 ], [ -60.737189126048811, -27.582305645656422 ], [ -60.737194280008453, -27.582319154000803 ], [ -60.737192655615885, -27.582833519385293 ], [ -60.737223127018972, -27.582846893322539 ], [ -60.738066232460916, -27.58322592634708 ], [ -60.738081453164725, -27.583230357348267 ], [ -60.738117018488232, -27.583248215910931 ], [ -60.738142426612981, -27.583261616555649 ], [ -60.738157677532307, -27.583270559288138 ], [ -60.738431952746382, -27.583395434260595 ] ] ] } },
{ "type": "Feature", "properties": { "FNODE_": 835, "TNODE_": 835, "LPOLY_": 2, "RPOLY_": 829, "LENGTH": 344.002, "M0080_": 835, "M0080_ID": 0 }, "geometry": { "type": "MultiLineString", "coordinates": [ [ [ -60.742807124266541, -27.583417218535377 ], [ -60.742822314775871, -27.583417137277529 ], [ -60.743288157030996, -27.583414644563408 ], [ -60.743275489343958, -27.582286737949129 ], [ -60.742804588401604, -27.582289257611901 ], [ -60.742807124266541, -27.583417218535377 ] ] ] } },
{ "type": "Feature", "properties": { "FNODE_": 836, "TNODE_": 836, "LPOLY_": 2, "RPOLY_": 830, "LENGTH": 345.002, "M0080_": 836, "M0080_ID": 0 }, "geometry": { "type": "MultiLineString", "coordinates": [ [ [ -60.742123551280983, -27.583420873419101 ], [ -60.74260458413611, -27.583418301814632 ], [ -60.742602050343073, -27.582290340846807 ], [ -60.742121022408753, -27.582292912346013 ], [ -60.742123551280983, -27.583420873419101 ] ] ] } },
{ "type": "Feature", "properties": { "FNODE_": 837, "TNODE_": 837, "LPOLY_": 2, "RPOLY_": 853, "LENGTH": 363.055, "M0080_": 837, "M0080_ID": 0 }, "geometry": { "type": "MultiLineString", "coordinates": [ [ [ -60.721811670545513, -27.583979131065057 ], [ -60.722956033289542, -27.58397317788841 ], [ -60.722937410718281, -27.583449893407362 ], [ -60.72293163715571, -27.583341637646026 ], [ -60.72179752616136, -27.583365584882895 ], [ -60.721811670545513, -27.583979131065057 ] ] ] } },
{ "type": "Feature", "properties": { "FNODE_": 838, "TNODE_": 838, "LPOLY_": 2, "RPOLY_": 855, "LENGTH": 328.041, "M0080_": 838, "M0080_ID": 0 }, "geometry": { "type": "MultiLineString", "coordinates": [ [ [ -60.720642107646441, -27.584003253232869 ], [ -60.721609128430359, -27.583980183742536 ], [ -60.721594985172672, -27.58336663751826 ], [ -60.720648046922321, -27.583362531155633 ], [ -60.720642107646441, -27.584003253232869 ] ] ] } },
{ "type": "Feature", "properties": { "FNODE_": 839, "TNODE_": 839, "LPOLY_": 2, "RPOLY_": 854, "LENGTH": 242.548, "M0080_": 839, "M0080_ID": 0 }, "geometry": { "type": "MultiLineString", "coordinates": [ [ [ -60.719953552472937, -27.584020360607234 ], [ -60.720439565434731, -27.584004304205376 ], [ -60.720445505887916, -27.583363582114394 ], [ -60.719934060265111, -27.583361722712677 ], [ -60.719953552472937, -27.584020360607234 ] ] ] } },
{ "type": "Feature", "properties": { "FNODE_": 840, "TNODE_": 840, "LPOLY_": 2, "RPOLY_": 827, "LENGTH": 686.768, "M0080_": 840, "M0080_ID": 0 }, "geometry": { "type": "MultiLineString", "coordinates": [ [ [ -60.71810553014646, -27.584057001180017 ], [ -60.718951056378231, -27.584039090341196 ], [ -60.71931053959036, -27.584032716754958 ], [ -60.71975103965449, -27.584025922333907 ], [ -60.719731136301505, -27.583304119771778 ], [ -60.719731018486726, -27.583286072738368 ], [ -60.719730930125699, -27.583272537463269 ], [ -60.719730841764751, -27.583259002188139 ], [ -60.719730723950228, -27.583240955154597 ], [ -60.719710055248484, -27.582401846771486 ], [ -60.719269591099369, -27.582413152699697 ], [ -60.719249337164683, -27.582413257604507 ], [ -60.719234146713582, -27.582413336281185 ], [ -60.719218956262431, -27.582413414956196 ], [ -60.719198672896646, -27.582409008094153 ], [ -60.719183482445978, -27.582409086765264 ], [ -60.718039311284791, -27.582442079109402 ], [ -60.7180537577525, -27.583105255518472 ], [ -60.718053963446422, -27.583136837839401 ], [ -60.718054051601072, -27.583150373119746 ], [ -60.718054169140679, -27.583168420160174 ], [ -60.71810553014646, -27.584057001180017 ] ] ] } },
{ "type": "Feature", "properties": { "FNODE_": 841, "TNODE_": 841, "LPOLY_": 2, "RPOLY_": 845, "LENGTH": 381.116, "M0080_": 841, "M0080_ID": 0 }, "geometry": { "type": "MultiLineString", "coordinates": [ [ [ -60.716890334118361, -27.584072303919122 ], [ -60.717902987722951, -27.584058048454743 ], [ -60.717857073766723, -27.583228094037008 ], [ -60.716869774728096, -27.5832467300879 ], [ -60.716890334118361, -27.584072303919122 ] ] ] } },
{ "type": "Feature", "properties": { "FNODE_": 842, "TNODE_": 842, "LPOLY_": 2, "RPOLY_": 846, "LENGTH": 389.559, "M0080_": 842, "M0080_ID": 0 }, "geometry": { "type": "MultiLineString", "coordinates": [ [ [ -60.715660034668964, -27.584101209605183 ], [ -60.716687791612728, -27.58407334942202 ], [ -60.716667233738193, -27.583247775532083 ], [ -60.715644313713277, -27.583239515225856 ], [ -60.715660034668964, -27.584101209605183 ] ] ] } },
{ "type": "Feature", "properties": { "FNODE_": 843, "TNODE_": 843, "LPOLY_": 2, "RPOLY_": 847, "LENGTH": 388.088, "M0080_": 843, "M0080_ID": 0 }, "geometry": { "type": "MultiLineString", "coordinates": [ [ [ -60.714454964436953, -27.58411643885286 ], [ -60.714773969159012, -27.584114797178884 ], [ -60.715457521335473, -27.584106765076722 ], [ -60.715441801960353, -27.583245070645123 ], [ -60.714965976768369, -27.58327008089152 ], [ -60.714950786184936, -27.58327015910189 ], [ -60.714920405017928, -27.583270315517648 ], [ -60.714900150906459, -27.583270419791134 ], [ -60.714879896794869, -27.58327052406165 ], [ -60.714434277075476, -27.583268305502369 ], [ -60.714454964436953, -27.58411643885286 ] ] ] } },
{ "type": "Feature", "properties": { "FNODE_": 844, "TNODE_": 844, "LPOLY_": 2, "RPOLY_": 848, "LENGTH": 389.575, "M0080_": 844, "M0080_ID": 0 }, "geometry": { "type": "MultiLineString", "coordinates": [ [ [ -60.713234761292547, -27.584140759201553 ], [ -60.714252421742295, -27.584117480805244 ], [ -60.714231735937965, -27.583269347395188 ], [ -60.713553310650681, -27.583286370877431 ], [ -60.713533056530203, -27.583286474951581 ], [ -60.713517865939764, -27.583286553005266 ], [ -60.713502675349282, -27.583286631057277 ], [ -60.71348242122852, -27.58328673512403 ], [ -60.713209019774581, -27.583292651501068 ], [ -60.713234761292547, -27.584140759201553 ] ] ] } },
{ "type": "Feature", "properties": { "FNODE_": 845, "TNODE_": 845, "LPOLY_": 2, "RPOLY_": 851, "LENGTH": 388.562, "M0080_": 845, "M0080_ID": 0 }, "geometry": { "type": "MultiLineString", "coordinates": [ [ [ -60.71200946464355, -27.584160583035448 ], [ -60.713032218499244, -27.584141799375079 ], [ -60.713001444185423, -27.583298229371607 ], [ -60.711988796071502, -27.583312448970425 ], [ -60.71200946464355, -27.584160583035448 ] ] ] } },
{ "type": "Feature", "properties": { "FNODE_": 846, "TNODE_": 846, "LPOLY_": 2, "RPOLY_": 849, "LENGTH": 390.036, "M0080_": 846, "M0080_ID": 0 }, "geometry": { "type": "MultiLineString", "coordinates": [ [ [ -60.710789230871129, -27.584180370146175 ], [ -60.711806921759724, -27.584161621422549 ], [ -60.711786254744851, -27.583313487298078 ], [ -60.71078865128964, -27.583305061450762 ], [ -60.710789230871129, -27.584180370146175 ] ] ] } },
{ "type": "Feature", "properties": { "FNODE_": 847, "TNODE_": 847, "LPOLY_": 2, "RPOLY_": 850, "LENGTH": 390.539, "M0080_": 847, "M0080_ID": 0 }, "geometry": { "type": "MultiLineString", "coordinates": [ [ [ -60.70958919263245, -27.58419101950691 ], [ -60.710586687897177, -27.584181406754208 ], [ -60.710586109923675, -27.583306098027773 ], [ -60.709573548121917, -27.583333835324133 ], [ -60.70958919263245, -27.58419101950691 ] ] ] } },
{ "type": "Feature", "properties": { "FNODE_": 848, "TNODE_": 848, "LPOLY_": 2, "RPOLY_": 852, "LENGTH": 392.043, "M0080_": 848, "M0080_ID": 0 }, "geometry": { "type": "MultiLineString", "coordinates": [ [ [ -60.708369015564344, -27.58421980890051 ], [ -60.70938664958615, -27.584192054365033 ], [ -60.709371006649619, -27.583334870129928 ], [ -60.708358357102973, -27.58334906326747 ], [ -60.708369015564344, -27.58421980890051 ] ] ] } },
{ "type": "Feature", "properties": { "FNODE_": 849, "TNODE_": 849, "LPOLY_": 2, "RPOLY_": 789, "LENGTH": 3223.838, "M0080_": 849, "M0080_ID": 0 }, "geometry": { "type": "MultiLineString", "coordinates": [ [ [ -60.69751863596607, -27.584414605293947 ], [ -60.698344002587454, -27.584410456903228 ], [ -60.702445285095187, -27.584353675253798 ], [ -60.704369276350015, -27.584316857666117 ], [ -60.706556543121017, -27.584274162160106 ], [ -60.706581861036767, -27.584274033334605 ], [ -60.70660211536925, -27.5842739302709 ], [ -60.706632496867762, -27.584273775669786 ], [ -60.706657814783014, -27.584273646830443 ], [ -60.70800953043593, -27.584226154182677 ], [ -60.70816647241157, -27.584220841979956 ], [ -60.708155438808724, -27.583291443294765 ], [ -60.708155322888764, -27.583273396215692 ], [ -60.708155235948858, -27.583259860906356 ], [ -60.708155149009023, -27.583246325596992 ], [ -60.708155033089334, -27.583228278517787 ], [ -60.708133438231009, -27.582231254780663 ], [ -60.708133322319867, -27.582213207698739 ], [ -60.708133235386576, -27.582199672387272 ], [ -60.708133148453356, -27.582186137075777 ], [ -60.708133032542477, -27.582168089993729 ], [ -60.708111206512996, -27.581134971924861 ], [ -60.708111090610885, -27.58111692484 ], [ -60.70811100368438, -27.581103389526334 ], [ -60.708110916757938, -27.581089854212639 ], [ -60.708110800856097, -27.58107180712766 ], [ -60.708085766398412, -27.580327468100712 ], [ -60.705736578978673, -27.580375521514487 ], [ -60.705773592339042, -27.582202661079851 ], [ -60.705773678982659, -27.582216196398225 ], [ -60.705768731017251, -27.582234269223605 ], [ -60.705758690678465, -27.582247856009907 ], [ -60.705748650337213, -27.582261442795517 ], [ -60.705738581113657, -27.582270517807626 ], [ -60.705723448395972, -27.582279618551688 ], [ -60.705708315675757, -27.582288719294116 ], [ -60.705688090581866, -27.582293333993491 ], [ -60.705672900102407, -27.582293411186484 ], [ -60.703566399991587, -27.58229056386881 ], [ -60.703551209505555, -27.582290640829711 ], [ -60.703530926734544, -27.582286231666757 ], [ -60.703515678671181, -27.5822772850739 ], [ -60.703500430610262, -27.582268338479309 ], [ -60.703490246045789, -27.58225936623197 ], [ -60.703480032695566, -27.582245882208841 ], [ -60.703469819347859, -27.582232398184885 ], [ -60.703464640708106, -27.582214376735031 ], [ -60.703464554347931, -27.582200841409897 ], [ -60.703432328521259, -27.581118143557148 ], [ -60.697452741761246, -27.581202446523971 ], [ -60.69751863596607, -27.584414605293947 ] ] ] } },
{ "type": "Feature", "properties": { "FNODE_": 850, "TNODE_": 850, "LPOLY_": 2, "RPOLY_": 860, "LENGTH": 415.879, "M0080_": 850, "M0080_ID": 0 }, "geometry": { "type": "MultiLineString", "coordinates": [ [ [ -60.737227838565104, -27.584308724153392 ], [ -60.73842283627787, -27.584302374615241 ], [ -60.738438406348351, -27.583602947346723 ], [ -60.738042183488481, -27.58341555398454 ], [ -60.738021929454398, -27.583415661630795 ], [ -60.737227139546661, -27.583446954857237 ], [ -60.737227838565104, -27.584308724153392 ] ] ] } },
{ "type": "Feature", "properties": { "FNODE_": 851, "TNODE_": 851, "LPOLY_": 2, "RPOLY_": 859, "LENGTH": 447.062, "M0080_": 851, "M0080_ID": 0 }, "geometry": { "type": "MultiLineString", "coordinates": [ [ [ -60.735759438748104, -27.584321024213462 ], [ -60.737025296541148, -27.584309799327254 ], [ -60.73702459910578, -27.583448029999268 ], [ -60.735738256282104, -27.583423268063207 ], [ -60.735759438748104, -27.584321024213462 ] ] ] } },
{ "type": "Feature", "properties": { "FNODE_": 852, "TNODE_": 852, "LPOLY_": 2, "RPOLY_": 858, "LENGTH": 409.017, "M0080_": 852, "M0080_ID": 0 }, "geometry": { "type": "MultiLineString", "coordinates": [ [ [ -60.734397402929289, -27.584337258157689 ], [ -60.735455625573586, -27.584322633651624 ], [ -60.735434415483539, -27.583420365664459 ], [ -60.734386268410738, -27.583425912797978 ], [ -60.734397402929289, -27.584337258157689 ] ] ] } },
{ "type": "Feature", "properties": { "FNODE_": 853, "TNODE_": 853, "LPOLY_": 2, "RPOLY_": 856, "LENGTH": 403.514, "M0080_": 853, "M0080_ID": 0 }, "geometry": { "type": "MultiLineString", "coordinates": [ [ [ -60.733182239545663, -27.584357215239407 ], [ -60.734194860723903, -27.584338329204318 ], [ -60.734183727879035, -27.583426983795903 ], [ -60.733176058563686, -27.58342779587586 ], [ -60.733182239545663, -27.584357215239407 ] ] ] } },
{ "type": "Feature", "properties": { "FNODE_": 854, "TNODE_": 854, "LPOLY_": 2, "RPOLY_": 782, "LENGTH": 2902.294, "M0080_": 854, "M0080_ID": 0 }, "geometry": { "type": "MultiLineString", "coordinates": [ [ [ -60.689686030027907, -27.584580062672252 ], [ -60.689711348105128, -27.584579936921244 ], [ -60.689736666182192, -27.584579811165639 ], [ -60.689761984259071, -27.584579685405409 ], [ -60.689787302335795, -27.584579559640567 ], [ -60.694080876496592, -27.584499509978922 ], [ -60.694106194531749, -27.584499383427012 ], [ -60.694126448959764, -27.584499282182136 ], [ -60.694156830601585, -27.584499130309318 ], [ -60.694182148636266, -27.584499003743549 ], [ -60.697316091982927, -27.584415622554395 ], [ -60.69724983277068, -27.581144810417342 ], [ -60.697249718646205, -27.581126763290371 ], [ -60.697249633052913, -27.581113227945114 ], [ -60.697249547459698, -27.581099692599835 ], [ -60.697249433335493, -27.581081645472739 ], [ -60.69724281431305, -27.580034912020988 ], [ -60.69710103914926, -27.580035623749019 ], [ -60.695875667972004, -27.580037257298635 ], [ -60.694751735103203, -27.580065444169708 ], [ -60.694726418089616, -27.580065570820636 ], [ -60.694706164478617, -27.580065672138058 ], [ -60.694675784061936, -27.580065824108654 ], [ -60.694650467047857, -27.580065950745752 ], [ -60.693455475420535, -27.580067410981066 ], [ -60.693273221232722, -27.580072832849741 ], [ -60.68747601243841, -27.580164818816787 ], [ -60.687569381914543, -27.584581535556556 ], [ -60.689686030027907, -27.584580062672252 ] ] ] } },
{ "type": "Feature", "properties": { "FNODE_": 855, "TNODE_": 855, "LPOLY_": 2, "RPOLY_": 857, "LENGTH": 406.541, "M0080_": 855, "M0080_ID": 0 }, "geometry": { "type": "MultiLineString", "coordinates": [ [ [ -60.731967015550275, -27.584368138204152 ], [ -60.732979697248375, -27.584358284514401 ], [ -60.732973517973498, -27.58342886510879 ], [ -60.731940680604133, -27.583452360586428 ], [ -60.731967015550275, -27.584368138204152 ] ] ] } },
{ "type": "Feature", "properties": { "FNODE_": 856, "TNODE_": 856, "LPOLY_": 2, "RPOLY_": 861, "LENGTH": 537.526, "M0080_": 856, "M0080_ID": 0 }, "geometry": { "type": "MultiLineString", "coordinates": [ [ [ -60.731764473177762, -27.584369205707102 ], [ -60.731738139912778, -27.583453428018455 ], [ -60.731439422305712, -27.58345951368808 ], [ -60.731431240903902, -27.583752830548541 ], [ -60.731426267170974, -27.58376639245866 ], [ -60.73132604403645, -27.583924836965579 ], [ -60.731326762333858, -27.584033118876764 ], [ -60.731321788576174, -27.584046680783082 ], [ -60.731316814817326, -27.584060242689233 ], [ -60.731306747582479, -27.584069319515958 ], [ -60.731291586871613, -27.584073911262163 ], [ -60.731276426159454, -27.584078503006754 ], [ -60.731261205592936, -27.584074071257117 ], [ -60.73124598502762, -27.584069639505767 ], [ -60.731235798084114, -27.584060669342144 ], [ -60.731230644762519, -27.584047160767344 ], [ -60.731225491442224, -27.5840336521923 ], [ -60.731224683469783, -27.583911835039352 ], [ -60.731229657233825, -27.583898273136128 ], [ -60.731329880485362, -27.583739828695954 ], [ -60.73133815194349, -27.583460047075604 ], [ -60.730735653039204, -27.583472242699045 ], [ -60.730744992965739, -27.584117395875499 ], [ -60.730751701336018, -27.584365515297954 ], [ -60.731764473177762, -27.584369205707102 ] ] ] } },
{ "type": "Feature", "properties": { "FNODE_": 857, "TNODE_": 857, "LPOLY_": 2, "RPOLY_": 862, "LENGTH": 565.023, "M0080_": 857, "M0080_ID": 0 }, "geometry": { "type": "MultiLineString", "coordinates": [ [ [ -60.729470739739313, -27.584390298059422 ], [ -60.730549158913256, -27.584366581028235 ], [ -60.730542749970397, -27.584163579057059 ], [ -60.730193305141974, -27.584156393224394 ], [ -60.730178084605278, -27.584151961355431 ], [ -60.730162864069769, -27.584147529484767 ], [ -60.730152677205119, -27.58413855924022 ], [ -60.730147524011393, -27.584125050622859 ], [ -60.730142370818967, -27.584111542005271 ], [ -60.730147344725509, -27.584097980138448 ], [ -60.73015231863085, -27.584084418271452 ], [ -60.730162385964135, -27.584075341526582 ], [ -60.730177546725237, -27.584070749902743 ], [ -60.73019270748506, -27.584066158277267 ], [ -60.730542152027304, -27.584073344117066 ], [ -60.73053311225673, -27.583473308374256 ], [ -60.73017869574209, -27.583479684342944 ], [ -60.73017584345331, -27.583813580296209 ], [ -60.730170869562286, -27.583827142164299 ], [ -60.730165895670069, -27.583840704032184 ], [ -60.730155828358043, -27.5838497807772 ], [ -60.730140667626131, -27.583854372398246 ], [ -60.730125506892925, -27.583858964017654 ], [ -60.730110286400148, -27.583854532140233 ], [ -60.730095065908529, -27.583850100261095 ], [ -60.730084879077353, -27.583841130010551 ], [ -60.73007972590667, -27.58382762138967 ], [ -60.73007457273728, -27.583814112768565 ], [ -60.730077425332816, -27.583480216811449 ], [ -60.729464769149629, -27.583487948419638 ], [ -60.729470739739313, -27.584390298059422 ] ] ] } },
{ "type": "Feature", "properties": { "FNODE_": 858, "TNODE_": 858, "LPOLY_": 2, "RPOLY_": 863, "LENGTH": 405.027, "M0080_": 858, "M0080_ID": 0 }, "geometry": { "type": "MultiLineString", "coordinates": [ [ [ -60.729166925945812, -27.584391893742925 ], [ -60.729160957842275, -27.583489544042184 ], [ -60.728102741186298, -27.583504120437819 ], [ -60.728123742335825, -27.584383831950554 ], [ -60.729166925945812, -27.584391893742925 ] ] ] } },
{ "type": "Feature", "properties": { "FNODE_": 859, "TNODE_": 859, "LPOLY_": 2, "RPOLY_": 864, "LENGTH": 395.033, "M0080_": 859, "M0080_ID": 0 }, "geometry": { "type": "MultiLineString", "coordinates": [ [ [ -60.726908605713881, -27.584408245909696 ], [ -60.727921199760679, -27.584384893848547 ], [ -60.727900200226294, -27.583505182274099 ], [ -60.726902715584046, -27.583514919259358 ], [ -60.726908605713881, -27.584408245909696 ] ] ] } },
{ "type": "Feature", "properties": { "FNODE_": 860, "TNODE_": 860, "LPOLY_": 2, "RPOLY_": 867, "LENGTH": 398.521, "M0080_": 860, "M0080_ID": 0 }, "geometry": { "type": "MultiLineString", "coordinates": [ [ [ -60.725693408897513, -27.584423625741582 ], [ -60.72670606303911, -27.584409306036232 ], [ -60.726700174550132, -27.583515979345794 ], [ -60.725677431251782, -27.58353486352706 ], [ -60.725693408897513, -27.584423625741582 ] ] ] } },
{ "type": "Feature", "properties": { "FNODE_": 861, "TNODE_": 861, "LPOLY_": 2, "RPOLY_": 865, "LENGTH": 400.531, "M0080_": 861, "M0080_ID": 0 }, "geometry": { "type": "MultiLineString", "coordinates": [ [ [ -60.724468084342661, -27.584439047780879 ], [ -60.725490866139815, -27.584424684096263 ], [ -60.725474890126094, -27.583535921827139 ], [ -60.724467129270458, -27.583523135466145 ], [ -60.724468084342661, -27.584439047780879 ] ] ] } },
{ "type": "Feature", "properties": { "FNODE_": 862, "TNODE_": 862, "LPOLY_": 2, "RPOLY_": 866, "LENGTH": 401.543, "M0080_": 862, "M0080_ID": 0 }, "geometry": { "type": "MultiLineString", "coordinates": [ [ [ -60.724265541501595, -27.584440104348921 ], [ -60.724264588111943, -27.583524192000613 ], [ -60.723246848221429, -27.583534008369746 ], [ -60.723265501883652, -27.584061804528901 ], [ -60.723265649880219, -27.584084363300562 ], [ -60.723265768277571, -27.584102410317826 ], [ -60.723265945873834, -27.584129480843629 ], [ -60.723266093870905, -27.584152039615056 ], [ -60.72325783150449, -27.584436332876571 ], [ -60.724265541501595, -27.584440104348921 ] ] ] } },
{ "type": "Feature", "properties": { "FNODE_": 863, "TNODE_": 863, "LPOLY_": 2, "RPOLY_": 868, "LENGTH": 290.087, "M0080_": 863, "M0080_ID": 0 }, "geometry": { "type": "MultiLineString", "coordinates": [ [ [ -60.742130202519988, -27.584408943462769 ], [ -60.742697289618562, -27.584401399639425 ], [ -60.742686815922362, -27.583598337940391 ], [ -60.742671594994775, -27.583593907448893 ], [ -60.742656404460561, -27.583593988690737 ], [ -60.742124766093873, -27.583601342844066 ], [ -60.742130202519988, -27.584408943462769 ] ] ] } },
{ "type": "Feature", "properties": { "FNODE_": 864, "TNODE_": 864, "LPOLY_": 2, "RPOLY_": 873, "LENGTH": 107.582, "M0080_": 864, "M0080_ID": 0 }, "geometry": { "type": "MultiLineString", "coordinates": [ [ [ -60.719071314427133, -27.584620504141519 ], [ -60.719268705937658, -27.584605946097824 ], [ -60.7192616701427, -27.584303684535751 ], [ -60.719059156744954, -27.5843092452637 ], [ -60.719071314427133, -27.584620504141519 ] ] ] } },
{ "type": "Feature", "properties": { "FNODE_": 865, "TNODE_": 865, "LPOLY_": 2, "RPOLY_": 872, "LENGTH": 234.807, "M0080_": 865, "M0080_ID": 0 }, "geometry": { "type": "MultiLineString", "coordinates": [ [ [ -60.719383048923639, -27.585056544797567 ], [ -60.719701967656917, -27.585041356479536 ], [ -60.719694429900613, -27.58466239510431 ], [ -60.719737616283602, -27.58429670653684 ], [ -60.719362941551204, -27.58430315994018 ], [ -60.719370065945348, -27.584618956765429 ], [ -60.719370154267111, -27.58463249203897 ], [ -60.719370242588951, -27.584646027312491 ], [ -60.719370330910827, -27.58465956258599 ], [ -60.719370419232796, -27.584673097859447 ], [ -60.719383048923639, -27.585056544797567 ] ] ] } },
{ "type": "Feature", "properties": { "FNODE_": 866, "TNODE_": 866, "LPOLY_": 2, "RPOLY_": 900, "LENGTH": 118.089, "M0080_": 866, "M0080_ID": 0 }, "geometry": { "type": "MultiLineString", "coordinates": [ [ [ -60.719281776823557, -27.58505706942093 ], [ -60.719269265230778, -27.584691669498561 ], [ -60.719071873567124, -27.584706227545798 ], [ -60.719084266791064, -27.585053580466251 ], [ -60.719281776823557, -27.58505706942093 ] ] ] } },
{ "type": "Feature", "properties": { "FNODE_": 867, "TNODE_": 867, "LPOLY_": 2, "RPOLY_": 874, "LENGTH": 316.079, "M0080_": 867, "M0080_ID": 0 }, "geometry": { "type": "MultiLineString", "coordinates": [ [ [ -60.718102044823546, -27.585076711118163 ], [ -60.718881722580285, -27.585054629203249 ], [ -60.718869094632566, -27.58467118218617 ], [ -60.71885661390052, -27.584310293938106 ], [ -60.718112357019365, -27.584327680557067 ], [ -60.718102044823546, -27.585076711118163 ] ] ] } },
{ "type": "Feature", "properties": { "FNODE_": 868, "TNODE_": 868, "LPOLY_": 2, "RPOLY_": 875, "LENGTH": 363.525, "M0080_": 868, "M0080_ID": 0 }, "geometry": { "type": "MultiLineString", "coordinates": [ [ [ -60.716907033313255, -27.585082885948843 ], [ -60.717899500526535, -27.585077758423335 ], [ -60.717909814098888, -27.584328727851187 ], [ -60.716892094435785, -27.584343009553731 ], [ -60.716907033313255, -27.585082885948843 ] ] ] } },
{ "type": "Feature", "properties": { "FNODE_": 869, "TNODE_": 869, "LPOLY_": 2, "RPOLY_": 876, "LENGTH": 365.562, "M0080_": 869, "M0080_ID": 0 }, "geometry": { "type": "MultiLineString", "coordinates": [ [ [ -60.715681727630404, -27.58510274237242 ], [ -60.716704488951784, -27.585083931511228 ], [ -60.716689551432928, -27.584344055068598 ], [ -60.715661791967726, -27.584371915311635 ], [ -60.715681727630404, -27.58510274237242 ] ] ] } },
{ "type": "Feature", "properties": { "FNODE_": 870, "TNODE_": 870, "LPOLY_": 2, "RPOLY_": 877, "LENGTH": 274.564, "M0080_": 870, "M0080_ID": 0 }, "geometry": { "type": "MultiLineString", "coordinates": [ [ [ -60.714912117171146, -27.585115730673202 ], [ -60.715479183178083, -27.585103786148313 ], [ -60.715459278137395, -27.584377470794958 ], [ -60.71488205944555, -27.584384955543538 ], [ -60.714912117171146, -27.585115730673202 ] ] ] } },
{ "type": "Feature", "properties": { "FNODE_": 871, "TNODE_": 871, "LPOLY_": 2, "RPOLY_": 878, "LENGTH": 446.579, "M0080_": 871, "M0080_ID": 0 }, "geometry": { "type": "MultiLineString", "coordinates": [ [ [ -60.713261466669096, -27.585137754985855 ], [ -60.71470957266088, -27.585116773327009 ], [ -60.714679516276497, -27.584385998128162 ], [ -60.714355447183365, -27.584387665649157 ], [ -60.713241576221428, -27.584411439041531 ], [ -60.713261466669096, -27.585137754985855 ] ] ] } },
{ "type": "Feature", "properties": { "FNODE_": 872, "TNODE_": 872, "LPOLY_": 2, "RPOLY_": 879, "LENGTH": 364.07, "M0080_": 872, "M0080_ID": 0 }, "geometry": { "type": "MultiLineString", "coordinates": [ [ [ -60.712036217235088, -27.585166602791386 ], [ -60.713058922045327, -27.585138795232837 ], [ -60.713039032931157, -27.584412479234363 ], [ -60.712016276567596, -27.584431262991622 ], [ -60.712036217235088, -27.585166602791386 ] ] ] } },
{ "type": "Feature", "properties": { "FNODE_": 873, "TNODE_": 873, "LPOLY_": 2, "RPOLY_": 880, "LENGTH": 366.094, "M0080_": 873, "M0080_ID": 0 }, "geometry": { "type": "MultiLineString", "coordinates": [ [ [ -60.710821152327419, -27.585204411487158 ], [ -60.711833701637076, -27.585172153017179 ], [ -60.711813733186816, -27.584432301398007 ], [ -60.710796039802766, -27.584451050217936 ], [ -60.710821152327419, -27.585204411487158 ] ] ] } },
{ "type": "Feature", "properties": { "FNODE_": 874, "TNODE_": 874, "LPOLY_": 2, "RPOLY_": 884, "LENGTH": 535.053, "M0080_": 874, "M0080_ID": 0 }, "geometry": { "type": "MultiLineString", "coordinates": [ [ [ -60.704476429654306, -27.585236745497816 ], [ -60.706451071232024, -27.585199641887922 ], [ -60.706457035078806, -27.584549895428218 ], [ -60.704472277939274, -27.584587050286853 ], [ -60.704476429654306, -27.585236745497816 ] ] ] } },
{ "type": "Feature", "properties": { "FNODE_": 875, "TNODE_": 875, "LPOLY_": 2, "RPOLY_": 881, "LENGTH": 369.569, "M0080_": 875, "M0080_ID": 0 }, "geometry": { "type": "MultiLineString", "coordinates": [ [ [ -60.709611149958491, -27.585242183688575 ], [ -60.710618665639899, -27.585214471709264 ], [ -60.710593496331846, -27.584452086845236 ], [ -60.709590935031692, -27.584461725568143 ], [ -60.709611149958491, -27.585242183688575 ] ] ] } },
{ "type": "Feature", "properties": { "FNODE_": 876, "TNODE_": 876, "LPOLY_": 2, "RPOLY_": 885, "LENGTH": 485.586, "M0080_": 876, "M0080_ID": 0 }, "geometry": { "type": "MultiLineString", "coordinates": [ [ [ -60.702552508681421, -27.585287100185951 ], [ -60.704273884462886, -27.58523777293458 ], [ -60.704269733941288, -27.584588077695351 ], [ -60.702548282038727, -27.584623869387652 ], [ -60.702552508681421, -27.585287100185951 ] ] ] } },
{ "type": "Feature", "properties": { "FNODE_": 877, "TNODE_": 877, "LPOLY_": 2, "RPOLY_": 883, "LENGTH": 391.347, "M0080_": 877, "M0080_ID": 0 }, "geometry": { "type": "MultiLineString", "coordinates": [ [ [ -60.707940298447618, -27.585273271840205 ], [ -60.707920153277442, -27.584501836796225 ], [ -60.706760792974151, -27.584539325880616 ], [ -60.706754946617338, -27.585207119400359 ], [ -60.707940298447618, -27.585273271840205 ] ] ] } },
{ "type": "Feature", "properties": { "FNODE_": 878, "TNODE_": 878, "LPOLY_": 2, "RPOLY_": 882, "LENGTH": 423.099, "M0080_": 878, "M0080_ID": 0 }, "geometry": { "type": "MultiLineString", "coordinates": [ [ [ -60.708142872525734, -27.58527675082297 ], [ -60.709408604981995, -27.58524321861492 ], [ -60.70938839148814, -27.584462760438122 ], [ -60.708274546737293, -27.584491005787438 ], [ -60.708122667977086, -27.584496292297366 ], [ -60.708142872525734, -27.58527675082297 ] ] ] } },
{ "type": "Feature", "properties": { "FNODE_": 879, "TNODE_": 879, "LPOLY_": 2, "RPOLY_": 826, "LENGTH": 1297.919, "M0080_": 879, "M0080_ID": 0 }, "geometry": { "type": "MultiLineString", "coordinates": [ [ [ -60.742677686052289, -27.585249741080585 ], [ -60.742693441864475, -27.584581896098054 ], [ -60.742030146238697, -27.584589954066679 ], [ -60.742014955565033, -27.584590035241035 ], [ -60.741994670967003, -27.584585631735894 ], [ -60.741979419562263, -27.584576689436208 ], [ -60.741964168159974, -27.584567747134788 ], [ -60.741953980316659, -27.584558777776138 ], [ -60.741943762110736, -27.584545296681558 ], [ -60.741933543907329, -27.584531815586157 ], [ -60.74192835889756, -27.584513795700211 ], [ -60.741928267806763, -27.584500260494686 ], [ -60.741921830886106, -27.583543772569463 ], [ -60.741921709437825, -27.583525725626199 ], [ -60.741921618351689, -27.583512190418723 ], [ -60.74192152726561, -27.583498655211216 ], [ -60.741921405817607, -27.583480608267827 ], [ -60.74191848431208, -27.582293994584123 ], [ -60.7409412378369, -27.582299212232552 ], [ -60.73990313880153, -27.582291211547865 ], [ -60.739906741917451, -27.582828108430839 ], [ -60.739906832753611, -27.582841643645835 ], [ -60.739901890387713, -27.582859717578451 ], [ -60.739891854260428, -27.582873306751541 ], [ -60.739881818130684, -27.582886895923941 ], [ -60.739871751721132, -27.582895973357299 ], [ -60.739856621826931, -27.582905077767681 ], [ -60.739841491930207, -27.582914182176452 ], [ -60.73982126827179, -27.582918801821688 ], [ -60.739806077820781, -27.582918882749926 ], [ -60.738621192220876, -27.582920678294144 ], [ -60.738640191313813, -27.583489076658086 ], [ -60.740082528973922, -27.584122086742035 ], [ -60.741159183847834, -27.584590093644593 ], [ -60.742200281150367, -27.585040234509087 ], [ -60.742677686052289, -27.585249741080585 ] ] ] } },
{ "type": "Feature", "properties": { "FNODE_": 880, "TNODE_": 880, "LPOLY_": 2, "RPOLY_": 888, "LENGTH": 438.029, "M0080_": 880, "M0080_ID": 0 }, "geometry": { "type": "MultiLineString", "coordinates": [ [ [ -60.737245267349103, -27.585400511402991 ], [ -60.738450343644345, -27.585385084151095 ], [ -60.738443678279992, -27.585145988952661 ], [ -60.738424045078489, -27.584482844168548 ], [ -60.737229045409947, -27.584489193755214 ], [ -60.737245267349103, -27.585400511402991 ] ] ] } },
{ "type": "Feature", "properties": { "FNODE_": 881, "TNODE_": 881, "LPOLY_": 2, "RPOLY_": 889, "LENGTH": 451.053, "M0080_": 881, "M0080_ID": 0 }, "geometry": { "type": "MultiLineString", "coordinates": [ [ [ -60.735797197750806, -27.585426239825974 ], [ -60.737042723320151, -27.585401586641321 ], [ -60.737026503054501, -27.584490268937298 ], [ -60.735765706750925, -27.584501467044873 ], [ -60.735797197750806, -27.585426239825974 ] ] ] } },
{ "type": "Feature", "properties": { "FNODE_": 882, "TNODE_": 882, "LPOLY_": 2, "RPOLY_": 892, "LENGTH": 404.012, "M0080_": 882, "M0080_ID": 0 }, "geometry": { "type": "MultiLineString", "coordinates": [ [ [ -60.730769185653088, -27.585475351582033 ], [ -60.731776814231324, -27.585465533116057 ], [ -60.731765671082606, -27.584549675528862 ], [ -60.730752897582846, -27.584545985160695 ], [ -60.730769185653088, -27.585475351582033 ] ] ] } },
{ "type": "Feature", "properties": { "FNODE_": 883, "TNODE_": 883, "LPOLY_": 2, "RPOLY_": 893, "LENGTH": 415.056, "M0080_": 883, "M0080_ID": 0 }, "geometry": { "type": "MultiLineString", "coordinates": [ [ [ -60.730566641192162, -27.585476417377151 ], [ -60.730550354828608, -27.584547050899126 ], [ -60.729471933890579, -27.584570767973165 ], [ -60.729503252733487, -27.585477496208181 ], [ -60.730566641192162, -27.585476417377151 ] ] ] } },
{ "type": "Feature", "properties": { "FNODE_": 884, "TNODE_": 884, "LPOLY_": 2, "RPOLY_": 897, "LENGTH": 400.511, "M0080_": 884, "M0080_ID": 0 }, "geometry": { "type": "MultiLineString", "coordinates": [ [ [ -60.724480174964775, -27.5855083067135 ], [ -60.725508089679735, -27.585502939796939 ], [ -60.725492053778055, -27.584605154168941 ], [ -60.724469270307416, -27.584619517894119 ], [ -60.724480174964775, -27.5855083067135 ] ] ] } },
{ "type": "Feature", "properties": { "FNODE_": 885, "TNODE_": 885, "LPOLY_": 2, "RPOLY_": 890, "LENGTH": 418.559, "M0080_": 885, "M0080_ID": 0 }, "geometry": { "type": "MultiLineString", "coordinates": [ [ [ -60.734415014100989, -27.585460628500332 ], [ -60.735488378131777, -27.585436899708892 ], [ -60.735456829518171, -27.584503103325115 ], [ -60.73439860514241, -27.584517727873735 ], [ -60.734415014100989, -27.585460628500332 ] ] ] } },
{ "type": "Feature", "properties": { "FNODE_": 886, "TNODE_": 886, "LPOLY_": 2, "RPOLY_": 894, "LENGTH": 411.548, "M0080_": 886, "M0080_ID": 0 }, "geometry": { "type": "MultiLineString", "coordinates": [ [ [ -60.728136136594557, -27.585493695626823 ], [ -60.729199435946136, -27.585479092020524 ], [ -60.729168119599841, -27.584572363668858 ], [ -60.72812493428183, -27.584564301918661 ], [ -60.728136136594557, -27.585493695626823 ] ] ] } },
{ "type": "Feature", "properties": { "FNODE_": 887, "TNODE_": 887, "LPOLY_": 2, "RPOLY_": 895, "LENGTH": 403.546, "M0080_": 887, "M0080_ID": 0 }, "geometry": { "type": "MultiLineString", "coordinates": [ [ [ -60.726936119099889, -27.585509006901376 ], [ -60.727933591980943, -27.585494757582094 ], [ -60.727922391375166, -27.584565363824751 ], [ -60.726909795672029, -27.58458871592596 ], [ -60.726936119099889, -27.585509006901376 ] ] ] } },
{ "type": "Feature", "properties": { "FNODE_": 888, "TNODE_": 888, "LPOLY_": 2, "RPOLY_": 896, "LENGTH": 402.541, "M0080_": 888, "M0080_ID": 0 }, "geometry": { "type": "MultiLineString", "coordinates": [ [ [ -60.726733574404065, -27.585510067106863 ], [ -60.726707252665776, -27.5845897760606 ], [ -60.72569459686725, -27.584604095806181 ], [ -60.725710634417609, -27.585501881379187 ], [ -60.726733574404065, -27.585510067106863 ] ] ] } },
{ "type": "Feature", "properties": { "FNODE_": 889, "TNODE_": 889, "LPOLY_": 2, "RPOLY_": 891, "LENGTH": 646.558, "M0080_": 889, "M0080_ID": 0 }, "geometry": { "type": "MultiLineString", "coordinates": [ [ [ -60.733068184512774, -27.585481281078845 ], [ -60.733088438948919, -27.585481174147741 ], [ -60.733103629775954, -27.585481093947475 ], [ -60.733118820602932, -27.585481013745543 ], [ -60.733139075038785, -27.585480906807049 ], [ -60.733711202748715, -27.585468861088366 ], [ -60.73421246983257, -27.585461699612665 ], [ -60.734196062605534, -27.584518798928553 ], [ -60.733117613417548, -27.584538032553574 ], [ -60.733097359154804, -27.584538139485588 ], [ -60.733082168457699, -27.584538219682663 ], [ -60.733066977760494, -27.584538299878066 ], [ -60.733046723497473, -27.58453840680269 ], [ -60.731968213786615, -27.584548608017766 ], [ -60.731979358617416, -27.585464465556178 ], [ -60.733068184512774, -27.585481281078845 ] ] ] } },
{ "type": "Feature", "properties": { "FNODE_": 890, "TNODE_": 890, "LPOLY_": 2, "RPOLY_": 898, "LENGTH": 399.539, "M0080_": 890, "M0080_ID": 0 }, "geometry": { "type": "MultiLineString", "coordinates": [ [ [ -60.723270117597934, -27.585537174414 ], [ -60.724277630159818, -27.585509363336751 ], [ -60.72426672713484, -27.584620574470225 ], [ -60.72325901548799, -27.584616803038244 ], [ -60.723270117597934, -27.585537174414 ] ] ] } },
{ "type": "Feature", "properties": { "FNODE_": 891, "TNODE_": 891, "LPOLY_": 2, "RPOLY_": 869, "LENGTH": 493.957, "M0080_": 891, "M0080_ID": 0 }, "geometry": { "type": "MultiLineString", "coordinates": [ [ [ -60.743307456949488, -27.585526108876333 ], [ -60.743289373749846, -27.583595113940795 ], [ -60.742889356379742, -27.583597254534709 ], [ -60.742900226793118, -27.584458968734555 ], [ -60.742900348406387, -27.584477015671375 ], [ -60.742900439616413, -27.584490550873969 ], [ -60.742900530826518, -27.584504086076532 ], [ -60.742900652440063, -27.584522133013245 ], [ -60.742875774024142, -27.585338919392534 ], [ -60.743307456949488, -27.585526108876333 ] ] ] } },
{ "type": "Feature", "properties": { "FNODE_": 892, "TNODE_": 892, "LPOLY_": 2, "RPOLY_": 908, "LENGTH": 512.589, "M0080_": 892, "M0080_ID": 0 }, "geometry": { "type": "MultiLineString", "coordinates": [ [ [ -60.704491198992997, -27.585963089383988 ], [ -60.706475951970276, -27.585921422028935 ], [ -60.706457262462528, -27.585375575161077 ], [ -60.704477582933151, -27.58541721637885 ], [ -60.704491198992997, -27.585963089383988 ] ] ] } },
{ "type": "Feature", "properties": { "FNODE_": 893, "TNODE_": 893, "LPOLY_": 2, "RPOLY_": 911, "LENGTH": 456.65, "M0080_": 893, "M0080_ID": 0 }, "geometry": { "type": "MultiLineString", "coordinates": [ [ [ -60.702592468676407, -27.585995269308576 ], [ -60.704288652467767, -27.58596411686711 ], [ -60.704275037410227, -27.585418243823455 ], [ -60.702558693702009, -27.585463033746812 ], [ -60.702592468676407, -27.585995269308576 ] ] ] } },
{ "type": "Feature", "properties": { "FNODE_": 894, "TNODE_": 894, "LPOLY_": 2, "RPOLY_": 903, "LENGTH": 359.559, "M0080_": 894, "M0080_ID": 0 }, "geometry": { "type": "MultiLineString", "coordinates": [ [ [ -60.716928268527319, -27.58601223001228 ], [ -60.717920597187444, -27.585984543384491 ], [ -60.717900675770871, -27.58525822878148 ], [ -60.716908206933176, -27.585263356346172 ], [ -60.716928268527319, -27.58601223001228 ] ] ] } },
{ "type": "Feature", "properties": { "FNODE_": 895, "TNODE_": 895, "LPOLY_": 2, "RPOLY_": 904, "LENGTH": 368.068, "M0080_": 895, "M0080_ID": 0 }, "geometry": { "type": "MultiLineString", "coordinates": [ [ [ -60.715713138419353, -27.586041058138125 ], [ -60.716725751793462, -27.586017787397523 ], [ -60.716705662240209, -27.585264401916536 ], [ -60.71568796286499, -27.585283186719309 ], [ -60.715713138419353, -27.586041058138125 ] ] ] } },
{ "type": "Feature", "properties": { "FNODE_": 896, "TNODE_": 896, "LPOLY_": 2, "RPOLY_": 905, "LENGTH": 281.047, "M0080_": 896, "M0080_ID": 0 }, "geometry": { "type": "MultiLineString", "coordinates": [ [ [ -60.714933394108044, -27.586054098879071 ], [ -60.71551059224452, -27.586042101992401 ], [ -60.715485418081428, -27.585284230510553 ], [ -60.714918351147993, -27.585296175078181 ], [ -60.714933394108044, -27.586054098879071 ] ] ] } },
{ "type": "Feature", "properties": { "FNODE_": 897, "TNODE_": 897, "LPOLY_": 2, "RPOLY_": 916, "LENGTH": 289.064, "M0080_": 897, "M0080_ID": 0 }, "geometry": { "type": "MultiLineString", "coordinates": [ [ [ -60.734428598002452, -27.585979425270612 ], [ -60.73551209433294, -27.585955642633984 ], [ -60.735499709412046, -27.585617315710078 ], [ -60.734416216400319, -27.585641098186461 ], [ -60.734428598002452, -27.585979425270612 ] ] ] } },
{ "type": "Feature", "properties": { "FNODE_": 898, "TNODE_": 898, "LPOLY_": 2, "RPOLY_": 907, "LENGTH": 367.6, "M0080_": 898, "M0080_ID": 0 }, "geometry": { "type": "MultiLineString", "coordinates": [ [ [ -60.712062475095138, -27.586095922398787 ], [ -60.713080124852311, -27.586068140491847 ], [ -60.713060089368781, -27.585319265780598 ], [ -60.712037382885747, -27.585347073378649 ], [ -60.712062475095138, -27.586095922398787 ] ] ] } },
{ "type": "Feature", "properties": { "FNODE_": 899, "TNODE_": 899, "LPOLY_": 2, "RPOLY_": 909, "LENGTH": 368.101, "M0080_": 899, "M0080_ID": 0 }, "geometry": { "type": "MultiLineString", "coordinates": [ [ [ -60.710822052553596, -27.586129349358249 ], [ -60.711859957793123, -27.586101472694352 ], [ -60.711834866956501, -27.58535262361227 ], [ -60.710822315990917, -27.585384882121161 ], [ -60.710822052553596, -27.586129349358249 ] ] ] } },
{ "type": "Feature", "properties": { "FNODE_": 900, "TNODE_": 900, "LPOLY_": 2, "RPOLY_": 912, "LENGTH": 358.063, "M0080_": 900, "M0080_ID": 0 }, "geometry": { "type": "MultiLineString", "coordinates": [ [ [ -60.709637213152398, -27.586144433530727 ], [ -60.71061950600042, -27.586130386081351 ], [ -60.710619828972426, -27.585394942350955 ], [ -60.709612311643099, -27.585422654369037 ], [ -60.709637213152398, -27.586144433530727 ] ] ] } },
{ "type": "Feature", "properties": { "FNODE_": 901, "TNODE_": 901, "LPOLY_": 2, "RPOLY_": 913, "LENGTH": 422.404, "M0080_": 901, "M0080_ID": 0 }, "geometry": { "type": "MultiLineString", "coordinates": [ [ [ -60.708610013932741, -27.586262477263471 ], [ -60.708630268621626, -27.58626237389711 ], [ -60.708660621650466, -27.586257707074687 ], [ -60.708680847333099, -27.586253091933635 ], [ -60.709434724591148, -27.586154492059439 ], [ -60.709409766335092, -27.58542368930328 ], [ -60.70814403180848, -27.585457221559995 ], [ -60.708154254420144, -27.586260290457858 ], [ -60.708610013932741, -27.586262477263471 ] ] ] } },
{ "type": "Feature", "properties": { "FNODE_": 902, "TNODE_": 902, "LPOLY_": 2, "RPOLY_": 910, "LENGTH": 418.841, "M0080_": 902, "M0080_ID": 0 }, "geometry": { "type": "MultiLineString", "coordinates": [ [ [ -60.70679724776685, -27.586276228358692 ], [ -60.707622626679509, -27.586272024559822 ], [ -60.707642881374518, -27.58627192133746 ], [ -60.707658072395674, -27.586271843918727 ], [ -60.70767326341678, -27.586271766498356 ], [ -60.707693518111519, -27.586271663268597 ], [ -60.707951707509167, -27.586261323294167 ], [ -60.707941457398576, -27.585453742585241 ], [ -60.706761167258733, -27.585387564420436 ], [ -60.706785355841248, -27.586001061984351 ], [ -60.70679724776685, -27.586276228358692 ] ] ] } },
{ "type": "Feature", "properties": { "FNODE_": 903, "TNODE_": 903, "LPOLY_": 2, "RPOLY_": 915, "LENGTH": 428.532, "M0080_": 903, "M0080_ID": 0 }, "geometry": { "type": "MultiLineString", "coordinates": [ [ [ -60.737044537430073, -27.586430290067476 ], [ -60.737043929917974, -27.585582056222268 ], [ -60.735803465922693, -27.58560668262475 ], [ -60.735816454080457, -27.586035244312839 ], [ -60.735824167915162, -27.586432250624405 ], [ -60.737044537430073, -27.586430290067476 ] ] ] } },
{ "type": "Feature", "properties": { "FNODE_": 904, "TNODE_": 904, "LPOLY_": 2, "RPOLY_": 931, "LENGTH": 281.045, "M0080_": 904, "M0080_ID": 0 }, "geometry": { "type": "MultiLineString", "coordinates": [ [ [ -60.734426720596872, -27.586457696674188 ], [ -60.735520348926904, -27.5864338603172 ], [ -60.735513298453483, -27.586136112262732 ], [ -60.73442980035049, -27.586159894942707 ], [ -60.734426720596872, -27.586457696674188 ] ] ] } },
{ "type": "Feature", "properties": { "FNODE_": 905, "TNODE_": 905, "LPOLY_": 2, "RPOLY_": 924, "LENGTH": 475.029, "M0080_": 905, "M0080_ID": 0 }, "geometry": { "type": "MultiLineString", "coordinates": [ [ [ -60.734224174497108, -27.586458767839119 ], [ -60.734226864141419, -27.586102313455957 ], [ -60.734226743939637, -27.58608426648799 ], [ -60.734226653788348, -27.586070731261987 ], [ -60.734226563637158, -27.586057196035956 ], [ -60.734226443435638, -27.586039149067854 ], [ -60.734213671800376, -27.585642169306976 ], [ -60.733763040056331, -27.585649063233088 ], [ -60.733755645627639, -27.586059685327466 ], [ -60.733750672085577, -27.586073247312839 ], [ -60.733745698542322, -27.586086809298035 ], [ -60.733735631330802, -27.586095886297958 ], [ -60.733720470450947, -27.586100478311494 ], [ -60.733705309569793, -27.586105070323402 ], [ -60.733690088630325, -27.586100638848631 ], [ -60.733674867692059, -27.586096207372179 ], [ -60.733664680363951, -27.586087237396828 ], [ -60.733659526646079, -27.586073728923715 ], [ -60.733654372929522, -27.586060220450349 ], [ -60.733661767735597, -27.58564959835406 ], [ -60.733206102273961, -27.58566102897117 ], [ -60.733211413821245, -27.586459607489999 ], [ -60.734224174497108, -27.586458767839119 ] ] ] } },
{ "type": "Feature", "properties": { "FNODE_": 906, "TNODE_": 906, "LPOLY_": 2, "RPOLY_": 917, "LENGTH": 382.032, "M0080_": 906, "M0080_ID": 0 }, "geometry": { "type": "MultiLineString", "coordinates": [ [ [ -60.731986039350943, -27.586470584544948 ], [ -60.733008867662733, -27.586460676882329 ], [ -60.733003557582407, -27.585662098327347 ], [ -60.731980556929763, -27.585644935340799 ], [ -60.731986039350943, -27.586470584544948 ] ] ] } },
{ "type": "Feature", "properties": { "FNODE_": 907, "TNODE_": 907, "LPOLY_": 2, "RPOLY_": 918, "LENGTH": 381.008, "M0080_": 907, "M0080_ID": 0 }, "geometry": { "type": "MultiLineString", "coordinates": [ [ [ -60.731783493116637, -27.586471652150291 ], [ -60.731778012212168, -27.585646002908838 ], [ -60.730770381984939, -27.585655821415223 ], [ -60.730770701959045, -27.586467962255522 ], [ -60.731783493116637, -27.586471652150291 ] ] ] } },
{ "type": "Feature", "properties": { "FNODE_": 908, "TNODE_": 908, "LPOLY_": 2, "RPOLY_": 914, "LENGTH": 430.032, "M0080_": 908, "M0080_ID": 0 }, "geometry": { "type": "MultiLineString", "coordinates": [ [ [ -60.738457446100227, -27.586445342536873 ], [ -60.738451552545598, -27.585565553675135 ], [ -60.73724647427845, -27.585580980975717 ], [ -60.737247083348933, -27.586429214789703 ], [ -60.738457446100227, -27.586445342536873 ] ] ] } },
{ "type": "Feature", "properties": { "FNODE_": 909, "TNODE_": 909, "LPOLY_": 2, "RPOLY_": 919, "LENGTH": 391.539, "M0080_": 909, "M0080_ID": 0 }, "geometry": { "type": "MultiLineString", "coordinates": [ [ [ -60.729520127765845, -27.586497097783955 ], [ -60.729803662829731, -27.586491095928277 ], [ -60.730568155674497, -27.586469028088047 ], [ -60.730567837192503, -27.585656887218502 ], [ -60.729504446993118, -27.585657966092363 ], [ -60.729520127765845, -27.586497097783955 ] ] ] } },
{ "type": "Feature", "properties": { "FNODE_": 910, "TNODE_": 910, "LPOLY_": 2, "RPOLY_": 920, "LENGTH": 399.545, "M0080_": 910, "M0080_ID": 0 }, "geometry": { "type": "MultiLineString", "coordinates": [ [ [ -60.728153148003408, -27.586535856349894 ], [ -60.729216367861525, -27.586507717180904 ], [ -60.729200629708508, -27.585659561916891 ], [ -60.728137328617045, -27.585674165565585 ], [ -60.728153148003408, -27.586535856349894 ] ] ] } },
{ "type": "Feature", "properties": { "FNODE_": 911, "TNODE_": 911, "LPOLY_": 2, "RPOLY_": 925, "LENGTH": 390.522, "M0080_": 911, "M0080_ID": 0 }, "geometry": { "type": "MultiLineString", "coordinates": [ [ [ -60.72692777109458, -27.586546788788453 ], [ -60.727950631270005, -27.586541430114803 ], [ -60.72793478367192, -27.585675227528967 ], [ -60.726937309158721, -27.585689476887929 ], [ -60.72692777109458, -27.586546788788453 ] ] ] } },
{ "type": "Feature", "properties": { "FNODE_": 912, "TNODE_": 912, "LPOLY_": 2, "RPOLY_": 921, "LENGTH": 392.524, "M0080_": 912, "M0080_ID": 0 }, "geometry": { "type": "MultiLineString", "coordinates": [ [ [ -60.725717584680645, -27.586557631021812 ], [ -60.72672522449168, -27.586547849018352 ], [ -60.726734764131379, -27.585690537101502 ], [ -60.725711822469954, -27.585682351415066 ], [ -60.725717584680645, -27.586557631021812 ] ] ] } },
{ "type": "Feature", "properties": { "FNODE_": 913, "TNODE_": 913, "LPOLY_": 2, "RPOLY_": 922, "LENGTH": 397.0, "M0080_": 913, "M0080_ID": 0 }, "geometry": { "type": "MultiLineString", "coordinates": [ [ [ -60.724487113446003, -27.586564056643283 ], [ -60.72551503800338, -27.586558689486868 ], [ -60.725509277400576, -27.585683409840907 ], [ -60.724481361003171, -27.585688776798474 ], [ -60.724487113446003, -27.586564056643283 ] ] ] } },
{ "type": "Feature", "properties": { "FNODE_": 914, "TNODE_": 914, "LPOLY_": 2, "RPOLY_": 923, "LENGTH": 391.048, "M0080_": 914, "M0080_ID": 0 }, "geometry": { "type": "MultiLineString", "coordinates": [ [ [ -60.723287112634885, -27.586583848363851 ], [ -60.724284566701648, -27.58656511331376 ], [ -60.724278815866725, -27.585689833429797 ], [ -60.723271301656929, -27.585717644546563 ], [ -60.723287112634885, -27.586583848363851 ] ] ] } },
{ "type": "Feature", "properties": { "FNODE_": 915, "TNODE_": 915, "LPOLY_": 2, "RPOLY_": 927, "LENGTH": 453.59, "M0080_": 915, "M0080_ID": 0 }, "geometry": { "type": "MultiLineString", "coordinates": [ [ [ -60.702612318281922, -27.586726099696111 ], [ -60.704298270604241, -27.586676951089505 ], [ -60.704289805474851, -27.586144587736531 ], [ -60.702598682583123, -27.586175714621216 ], [ -60.702612318281922, -27.586726099696111 ] ] ] } },
{ "type": "Feature", "properties": { "FNODE_": 916, "TNODE_": 916, "LPOLY_": 2, "RPOLY_": 824, "LENGTH": 1312.53, "M0080_": 916, "M0080_ID": 0 }, "geometry": { "type": "MultiLineString", "coordinates": [ [ [ -60.7457403369636, -27.586609454462977 ], [ -60.745645030915341, -27.58225147545965 ], [ -60.743478027364866, -27.582285653732182 ], [ -60.743491092663362, -27.583472212832785 ], [ -60.743491214368255, -27.583490259769761 ], [ -60.743491305647005, -27.583503794972451 ], [ -60.743491396925805, -27.58351733017513 ], [ -60.743491518630982, -27.583535377111975 ], [ -60.743510639943786, -27.585619770886062 ], [ -60.7457403369636, -27.586609454462977 ] ] ] } },
{ "type": "Feature", "properties": { "FNODE_": 917, "TNODE_": 917, "LPOLY_": 2, "RPOLY_": 929, "LENGTH": 525.584, "M0080_": 917, "M0080_ID": 0 }, "geometry": { "type": "MultiLineString", "coordinates": [ [ [ -60.714939626812701, -27.587015103971211 ], [ -60.716731912106589, -27.586965256840703 ], [ -60.71672692516325, -27.586198257777728 ], [ -60.715653546181834, -27.586221841747449 ], [ -60.715633291531361, -27.586221946138121 ], [ -60.715618100543431, -27.586222024429173 ], [ -60.71560290955545, -27.586222102718562 ], [ -60.715582654904708, -27.58622220710183 ], [ -60.714934564545473, -27.586234569329161 ], [ -60.714939626812701, -27.587015103971211 ] ] ] } },
{ "type": "Feature", "properties": { "FNODE_": 918, "TNODE_": 918, "LPOLY_": 2, "RPOLY_": 930, "LENGTH": 369.598, "M0080_": 918, "M0080_ID": 0 }, "geometry": { "type": "MultiLineString", "coordinates": [ [ [ -60.712093855579219, -27.587034239427538 ], [ -60.713106479466056, -27.587010994899178 ], [ -60.713081263071309, -27.586244099251623 ], [ -60.712068675360051, -27.586271855229619 ], [ -60.712093855579219, -27.587034239427538 ] ] ] } },
{ "type": "Feature", "properties": { "FNODE_": 919, "TNODE_": 919, "LPOLY_": 2, "RPOLY_": 932, "LENGTH": 374.075, "M0080_": 919, "M0080_ID": 0 }, "geometry": { "type": "MultiLineString", "coordinates": [ [ [ -60.710833109485712, -27.587058747025882 ], [ -60.711891307419513, -27.587035278036979 ], [ -60.711866186871099, -27.586281917304383 ], [ -60.710823216264281, -27.586309819968186 ], [ -60.710833109485712, -27.587058747025882 ] ] ] } },
{ "type": "Feature", "properties": { "FNODE_": 920, "TNODE_": 920, "LPOLY_": 2, "RPOLY_": 933, "LENGTH": 359.518, "M0080_": 920, "M0080_ID": 0 }, "geometry": { "type": "MultiLineString", "coordinates": [ [ [ -60.709653323809363, -27.587073805598916 ], [ -60.710630561225415, -27.587059783797166 ], [ -60.710620669379601, -27.58631085669921 ], [ -60.709638374924189, -27.586324904186725 ], [ -60.709653323809363, -27.587073805598916 ] ] ] } },
{ "type": "Feature", "properties": { "FNODE_": 921, "TNODE_": 921, "LPOLY_": 2, "RPOLY_": 934, "LENGTH": 292.254, "M0080_": 921, "M0080_ID": 0 }, "geometry": { "type": "MultiLineString", "coordinates": [ [ [ -60.708752070641282, -27.587091944607874 ], [ -60.709450775469499, -27.587074840649812 ], [ -60.70943591506812, -27.586339474489648 ], [ -60.708747835384322, -27.586433226636714 ], [ -60.708752070641282, -27.587091944607874 ] ] ] } },
{ "type": "Feature", "properties": { "FNODE_": 922, "TNODE_": 922, "LPOLY_": 2, "RPOLY_": 899, "LENGTH": 1123.068, "M0080_": 922, "M0080_ID": 0 }, "geometry": { "type": "MultiLineString", "coordinates": [ [ [ -60.689936322276601, -27.587353653739427 ], [ -60.693677519648951, -27.584776752938456 ], [ -60.689844696046677, -27.584849990131886 ], [ -60.689936322276601, -27.587353653739427 ] ] ] } },
{ "type": "Feature", "properties": { "FNODE_": 923, "TNODE_": 923, "LPOLY_": 2, "RPOLY_": 935, "LENGTH": 351.026, "M0080_": 923, "M0080_ID": 0 }, "geometry": { "type": "MultiLineString", "coordinates": [ [ [ -60.707761118654794, -27.587336130778652 ], [ -60.708545937557702, -27.58732310429307 ], [ -60.7085503342539, -27.587219307816994 ], [ -60.708550218249947, -27.587201260749683 ], [ -60.708550131247044, -27.587187725449159 ], [ -60.708550044244205, -27.58717419014862 ], [ -60.708549928240522, -27.587156143081174 ], [ -60.708545346181317, -27.586443283879451 ], [ -60.708089585917335, -27.586441096875639 ], [ -60.708069331193208, -27.586441200163755 ], [ -60.708054140150054, -27.586441277627895 ], [ -60.708038949106836, -27.586441355090379 ], [ -60.708018694382439, -27.586441458371102 ], [ -60.707760475604779, -27.586447286709539 ], [ -60.707761118654794, -27.587336130778652 ] ] ] } },
{ "type": "Feature", "properties": { "FNODE_": 924, "TNODE_": 924, "LPOLY_": 2, "RPOLY_": 936, "LENGTH": 348.545, "M0080_": 924, "M0080_ID": 0 }, "geometry": { "type": "MultiLineString", "coordinates": [ [ [ -60.706809312287334, -27.587368050629713 ], [ -60.707558598710413, -27.587341674846186 ], [ -60.70755795729238, -27.586452830746186 ], [ -60.706798404895956, -27.586456699122284 ], [ -60.706809312287334, -27.587368050629713 ] ] ] } },
{ "type": "Feature", "properties": { "FNODE_": 925, "TNODE_": 925, "LPOLY_": 2, "RPOLY_": 926, "LENGTH": 673.097, "M0080_": 925, "M0080_ID": 0 }, "geometry": { "type": "MultiLineString", "coordinates": [ [ [ -60.704525744648734, -27.587406727679987 ], [ -60.70650551769284, -27.58737410865643 ], [ -60.706494005577731, -27.586368009922445 ], [ -60.706482172223168, -27.586101867050896 ], [ -60.704492352331613, -27.586143560245556 ], [ -60.704501164454399, -27.586730064821278 ], [ -60.704501279793178, -27.586748111905617 ], [ -60.704501366297308, -27.586761647218843 ], [ -60.704501452801523, -27.586775182532051 ], [ -60.704501568140564, -27.586793229616273 ], [ -60.704525744648734, -27.587406727679987 ] ] ] } },
{ "type": "Feature", "properties": { "FNODE_": 926, "TNODE_": 926, "LPOLY_": 2, "RPOLY_": 938, "LENGTH": 457.117, "M0080_": 926, "M0080_ID": 0 }, "geometry": { "type": "MultiLineString", "coordinates": [ [ [ -60.702611855813203, -27.587448008950179 ], [ -60.704323195472547, -27.587407755262834 ], [ -60.704304487366265, -27.586857396255397 ], [ -60.702613468582001, -27.586906570610847 ], [ -60.702611855813203, -27.587448008950179 ] ] ] } },
{ "type": "Feature", "properties": { "FNODE_": 927, "TNODE_": 927, "LPOLY_": 2, "RPOLY_": 871, "LENGTH": 2119.601, "M0080_": 927, "M0080_ID": 0 }, "geometry": { "type": "MultiLineString", "coordinates": [ [ [ -60.718135399896987, -27.587864898930057 ], [ -60.718980955314194, -27.587846987362532 ], [ -60.719001210248365, -27.587846882477915 ], [ -60.719016401448926, -27.587846803812511 ], [ -60.719031592649429, -27.587846725145447 ], [ -60.719051847583337, -27.587846620253437 ], [ -60.71964421598399, -27.587830015588793 ], [ -60.719664470912107, -27.587829910607475 ], [ -60.719679662108106, -27.587829831869545 ], [ -60.719694853304041, -27.587829753129963 ], [ -60.719715108231867, -27.58782964814127 ], [ -60.720889775831033, -27.587805506725044 ], [ -60.720910030749081, -27.587805401562122 ], [ -60.720925221937534, -27.587805322688013 ], [ -60.72094041312593, -27.58780524381222 ], [ -60.720960668043702, -27.587805138641912 ], [ -60.722960633491098, -27.587763156259097 ], [ -60.722984476021146, -27.58676590075105 ], [ -60.72298432806528, -27.586743341986715 ], [ -60.722984180109577, -27.586720783222301 ], [ -60.722984032154052, -27.58669822445782 ], [ -60.722983884198698, -27.58667566569326 ], [ -60.722966921593972, -27.585633503418698 ], [ -60.722954608906583, -27.584528150057391 ], [ -60.722957808492978, -27.584243883165279 ], [ -60.721717235200082, -27.584250336474508 ], [ -60.720542605817563, -27.584274484176063 ], [ -60.719945222633193, -27.584295630325183 ], [ -60.719901742317106, -27.584616201370995 ], [ -60.720549910518876, -27.584617351417716 ], [ -60.720565130758722, -27.584621784348016 ], [ -60.720580350999747, -27.584626217276607 ], [ -60.720590537148482, -27.584635188236909 ], [ -60.720595689205005, -27.584648697230008 ], [ -60.720600841262815, -27.584662206222855 ], [ -60.720595866149772, -27.584675767769639 ], [ -60.720590891035521, -27.584689329316255 ], [ -60.7205808228425, -27.584698405382561 ], [ -60.720565661570625, -27.584702995967469 ], [ -60.720550500297463, -27.584707586550753 ], [ -60.719897267976876, -27.584706462768494 ], [ -60.71990445288084, -27.585031283032517 ], [ -60.720243655325795, -27.585020500220359 ], [ -60.720263909735046, -27.585020395161422 ], [ -60.720284193622646, -27.585024801856211 ], [ -60.720299443388278, -27.585033746571174 ], [ -60.720314693156382, -27.585042691284386 ], [ -60.720324879323258, -27.585051662263322 ], [ -60.720335094972434, -27.585065144998076 ], [ -60.720345310624104, -27.585078627732003 ], [ -60.720350492154132, -27.585096648490083 ], [ -60.720350580598065, -27.585110183759763 ], [ -60.72035066904207, -27.585123719029429 ], [ -60.720345723359713, -27.585141792323896 ], [ -60.720335684586409, -27.585155380129564 ], [ -60.720325645810661, -27.585168967934521 ], [ -60.720315577552483, -27.585178043982221 ], [ -60.720300445682746, -27.58518714629589 ], [ -60.720285313810479, -27.585196248607939 ], [ -60.720265088846958, -27.585200865427201 ], [ -60.719855024750885, -27.585216527582112 ], [ -60.719839833915586, -27.585216606332377 ], [ -60.719809452244782, -27.585216763827923 ], [ -60.719789197797446, -27.585216868821259 ], [ -60.719768943350012, -27.585216973811633 ], [ -60.719338654076154, -27.585237251188868 ], [ -60.719024651184881, -27.585229853674761 ], [ -60.719004396731634, -27.585229958553676 ], [ -60.718989205891639, -27.585230037210916 ], [ -60.718974015051586, -27.585230115866512 ], [ -60.718953760598062, -27.585230220738026 ], [ -60.71810319100986, -27.585252669709611 ], [ -60.718123113758232, -27.585978984258748 ], [ -60.718938302262274, -27.585965742103124 ], [ -60.718953493203827, -27.585965663449521 ], [ -60.71897377721848, -27.585970070332838 ], [ -60.718989027013862, -27.585979015190045 ], [ -60.719004276811695, -27.585987960045522 ], [ -60.719014462963457, -27.585996931119745 ], [ -60.71902467854504, -27.586010413950476 ], [ -60.719034894129145, -27.586023896780375 ], [ -60.719040075494256, -27.586041917588155 ], [ -60.719040163780853, -27.586055452859917 ], [ -60.719040252067508, -27.586068988131647 ], [ -60.719035306130493, -27.586087061381889 ], [ -60.719025267110098, -27.586100649095705 ], [ -60.719015228087244, -27.5861142368088 ], [ -60.719005159634428, -27.58612331276397 ], [ -60.718990027525159, -27.586132414938135 ], [ -60.718974895413353, -27.58614151711069 ], [ -60.718954670217897, -27.586146133742801 ], [ -60.718939479251482, -27.586146212397001 ], [ -60.718124289413623, -27.586159454584639 ], [ -60.718135399896987, -27.587864898930057 ] ] ] } },
{ "type": "Feature", "properties": { "FNODE_": 928, "TNODE_": 928, "LPOLY_": 2, "RPOLY_": 928, "LENGTH": 569.56, "M0080_": 928, "M0080_ID": 0 }, "geometry": { "type": "MultiLineString", "coordinates": [ [ [ -60.716960671810632, -27.587879993549514 ], [ -60.717932850478675, -27.587865946381005 ], [ -60.717921772511581, -27.586165013718244 ], [ -60.716929442228341, -27.586192700384615 ], [ -60.7169348120498, -27.587018352277578 ], [ -60.716934929425506, -27.587036399312389 ], [ -60.716935017457345, -27.587049934588453 ], [ -60.716935105489263, -27.5870634698645 ], [ -60.716935222865224, -27.587081516899186 ], [ -60.716960671810632, -27.587879993549514 ] ] ] } },
{ "type": "Feature", "properties": { "FNODE_": 929, "TNODE_": 929, "LPOLY_": 2, "RPOLY_": 939, "LENGTH": 518.652, "M0080_": 929, "M0080_ID": 0 }, "geometry": { "type": "MultiLineString", "coordinates": [ [ [ -60.714960787679374, -27.587935424866483 ], [ -60.716758151650112, -27.587885551045737 ], [ -60.71673308553369, -27.587145727196024 ], [ -60.71494079730811, -27.587195574396066 ], [ -60.714960787679374, -27.587935424866483 ] ] ] } },
{ "type": "Feature", "properties": { "FNODE_": 930, "TNODE_": 930, "LPOLY_": 2, "RPOLY_": 906, "LENGTH": 869.601, "M0080_": 930, "M0080_ID": 0 }, "geometry": { "type": "MultiLineString", "coordinates": [ [ [ -60.713340506655939, -27.587961806221873 ], [ -60.714758267246523, -27.587940979449339 ], [ -60.714737897927513, -27.587142476034479 ], [ -60.714737780910959, -27.587124428991274 ], [ -60.714737693148621, -27.587110893708839 ], [ -60.71473760538634, -27.587097358426369 ], [ -60.714737488370069, -27.587079311383032 ], [ -60.714731637694989, -27.58617695915617 ], [ -60.714731520684275, -27.58615891211042 ], [ -60.7147314329263, -27.586145376826078 ], [ -60.714731345168396, -27.586131841541704 ], [ -60.714731228157923, -27.586113794495841 ], [ -60.714715806306472, -27.585297217747346 ], [ -60.713262634324053, -27.585318225525672 ], [ -60.713283021502171, -27.58612124133673 ], [ -60.713283138275578, -27.586139288388289 ], [ -60.713283225855712, -27.58615282367693 ], [ -60.713283313435895, -27.586166358965531 ], [ -60.713283430209593, -27.586184406016979 ], [ -60.713309407069637, -27.587068607427575 ], [ -60.713309523852068, -27.587086654476565 ], [ -60.713309611438959, -27.587100189763266 ], [ -60.713309699025913, -27.587113725049946 ], [ -60.713309815808621, -27.587131772098807 ], [ -60.713340506655939, -27.587961806221873 ] ] ] } },
{ "type": "Feature", "properties": { "FNODE_": 931, "TNODE_": 931, "LPOLY_": 2, "RPOLY_": 941, "LENGTH": 370.056, "M0080_": 931, "M0080_ID": 0 }, "geometry": { "type": "MultiLineString", "coordinates": [ [ [ -60.713137956846943, -27.587962846681855 ], [ -60.713112710670138, -27.58719143939026 ], [ -60.712100085128867, -27.587214683994777 ], [ -60.712099801463886, -27.58795463911391 ], [ -60.713137956846943, -27.587962846681855 ] ] ] } },
{ "type": "Feature", "properties": { "FNODE_": 932, "TNODE_": 932, "LPOLY_": 2, "RPOLY_": 942, "LENGTH": 372.054, "M0080_": 932, "M0080_ID": 0 }, "geometry": { "type": "MultiLineString", "coordinates": [ [ [ -60.710854236095926, -27.587979069188762 ], [ -60.71189725161328, -27.587955677763819 ], [ -60.711897536637892, -27.587215722619543 ], [ -60.710834273260438, -27.587239217611206 ], [ -60.710854236095926, -27.587979069188762 ] ] ] } },
{ "type": "Feature", "properties": { "FNODE_": 933, "TNODE_": 933, "LPOLY_": 2, "RPOLY_": 943, "LENGTH": 362.624, "M0080_": 933, "M0080_ID": 0 }, "geometry": { "type": "MultiLineString", "coordinates": [ [ [ -60.709664545458182, -27.588030274009199 ], [ -60.710651715233489, -27.587984617786876 ], [ -60.710631724668609, -27.587240254390416 ], [ -60.709654485653395, -27.587254276230112 ], [ -60.709664545458182, -27.588030274009199 ] ] ] } },
{ "type": "Feature", "properties": { "FNODE_": 934, "TNODE_": 934, "LPOLY_": 2, "RPOLY_": 944, "LENGTH": 313.069, "M0080_": 934, "M0080_ID": 0 }, "geometry": { "type": "MultiLineString", "coordinates": [ [ [ -60.70874815123446, -27.588057514311899 ], [ -60.709462024400658, -27.588035820874794 ], [ -60.709451936981978, -27.587255311288917 ], [ -60.708748196301443, -27.587276952887702 ], [ -60.708743799790696, -27.587380749365717 ], [ -60.708743915827228, -27.58739879643182 ], [ -60.708744002854701, -27.587412331731358 ], [ -60.708744089882231, -27.587425867030877 ], [ -60.708744205919032, -27.587443914096848 ], [ -60.70874815123446, -27.588057514311899 ] ] ] } },
{ "type": "Feature", "properties": { "FNODE_": 935, "TNODE_": 935, "LPOLY_": 2, "RPOLY_": 945, "LENGTH": 276.551, "M0080_": 935, "M0080_ID": 0 }, "geometry": { "type": "MultiLineString", "coordinates": [ [ [ -60.707781089875894, -27.588080494942236 ], [ -60.708545601047334, -27.588058548076265 ], [ -60.708542033871773, -27.587503600801035 ], [ -60.707762277413977, -27.587516601477077 ], [ -60.707781089875894, -27.588080494942236 ] ] ] } },
{ "type": "Feature", "properties": { "FNODE_": 936, "TNODE_": 936, "LPOLY_": 2, "RPOLY_": 946, "LENGTH": 270.57, "M0080_": 936, "M0080_ID": 0 }, "geometry": { "type": "MultiLineString", "coordinates": [ [ [ -60.706824068678266, -27.588089881985322 ], [ -60.707578539604093, -27.58808152729673 ], [ -60.707559757138313, -27.587522145552356 ], [ -60.706810469489838, -27.587548521364454 ], [ -60.706824068678266, -27.588089881985322 ] ] ] } },
{ "type": "Feature", "properties": { "FNODE_": 937, "TNODE_": 937, "LPOLY_": 2, "RPOLY_": 947, "LENGTH": 512.567, "M0080_": 937, "M0080_ID": 0 }, "geometry": { "type": "MultiLineString", "coordinates": [ [ [ -60.704535508852501, -27.588142120558658 ], [ -60.70532536919491, -27.58812457470103 ], [ -60.705345624240351, -27.588124471807401 ], [ -60.705360815524358, -27.588124394635237 ], [ -60.705376006808308, -27.588124317461414 ], [ -60.70539626185348, -27.588124214560402 ], [ -60.706520272096739, -27.588095940080965 ], [ -60.706506674398319, -27.587554579402877 ], [ -60.704531961852183, -27.587587172809123 ], [ -60.704535508852501, -27.588142120558658 ] ] ] } },
{ "type": "Feature", "properties": { "FNODE_": 938, "TNODE_": 938, "LPOLY_": 2, "RPOLY_": 948, "LENGTH": 461.912, "M0080_": 938, "M0080_ID": 0 }, "geometry": { "type": "MultiLineString", "coordinates": [ [ [ -60.702652047384355, -27.588192271990803 ], [ -60.703922908726447, -27.588163275293947 ], [ -60.703943163785127, -27.588163172604769 ], [ -60.703973546372936, -27.588163018565464 ], [ -60.703993801431338, -27.588162915868892 ], [ -60.704332987155034, -27.588147659951211 ], [ -60.704329412344727, -27.587588200407215 ], [ -60.702613006147814, -27.587628479846149 ], [ -60.702611335931223, -27.588160894585837 ], [ -60.702652047384355, -27.588192271990803 ] ] ] } },
{ "type": "Feature", "properties": { "FNODE_": 939, "TNODE_": 939, "LPOLY_": 2, "RPOLY_": 886, "LENGTH": 1546.787, "M0080_": 939, "M0080_ID": 0 }, "geometry": { "type": "MultiLineString", "coordinates": [ [ [ -60.69852507473815, -27.588213095536453 ], [ -60.702408469027553, -27.588112289907595 ], [ -60.702410082728633, -27.587570851603253 ], [ -60.702409967728201, -27.587552804512928 ], [ -60.702409881477941, -27.587539269195165 ], [ -60.702409795227737, -27.587525733877371 ], [ -60.702409680227568, -27.587507686786928 ], [ -60.702410575249765, -27.58685345411098 ], [ -60.70241046025275, -27.586835407018793 ], [ -60.702410374005069, -27.58682187169963 ], [ -60.702410287757431, -27.586808336380422 ], [ -60.702410172760686, -27.586790289288128 ], [ -60.702395761863258, -27.586118086295468 ], [ -60.702395646872262, -27.586100039201316 ], [ -60.702395474385973, -27.586072968560007 ], [ -60.702395359395233, -27.586054921465735 ], [ -60.702350739427736, -27.585409942718293 ], [ -60.702350624447568, -27.585391895622116 ], [ -60.702350538212507, -27.58537836029997 ], [ -60.702350451977502, -27.585364824977777 ], [ -60.702350336997611, -27.58534677788149 ], [ -60.702345737889246, -27.584624893991176 ], [ -60.698446989605976, -27.584680654262751 ], [ -60.69852507473815, -27.588213095536453 ] ] ] } },
{ "type": "Feature", "properties": { "FNODE_": 940, "TNODE_": 940, "LPOLY_": 2, "RPOLY_": 887, "LENGTH": 1570.171, "M0080_": 940, "M0080_ID": 0 }, "geometry": { "type": "MultiLineString", "coordinates": [ [ [ -60.694307063343096, -27.588252299369891 ], [ -60.696292064274985, -27.588242359221734 ], [ -60.696312319381292, -27.588242257645405 ], [ -60.696327510710958, -27.588242181461233 ], [ -60.696342702040546, -27.588242105275388 ], [ -60.69636295714659, -27.588242003691683 ], [ -60.698322523819513, -27.588214114393555 ], [ -60.698244445174218, -27.584681672886255 ], [ -60.697419076504843, -27.584685820722658 ], [ -60.694234489420765, -27.584769457539981 ], [ -60.694307063343096, -27.588252299369891 ] ] ] } },
{ "type": "Feature", "properties": { "FNODE_": 941, "TNODE_": 941, "LPOLY_": 2, "RPOLY_": 951, "LENGTH": 278.039, "M0080_": 941, "M0080_ID": 0 }, "geometry": { "type": "MultiLineString", "coordinates": [ [ [ -60.719784236467525, -27.588334623489111 ], [ -60.720827251845606, -27.588311164951229 ], [ -60.720825127514971, -27.587986318655226 ], [ -60.719782115208446, -27.588009777119549 ], [ -60.719784236467525, -27.588334623489111 ] ] ] } },
{ "type": "Feature", "properties": { "FNODE_": 942, "TNODE_": 942, "LPOLY_": 2, "RPOLY_": 965, "LENGTH": 277.034, "M0080_": 942, "M0080_ID": 0 }, "geometry": { "type": "MultiLineString", "coordinates": [ [ [ -60.719787506811514, -27.588835428278802 ], [ -60.720825492654591, -27.588816507670192 ], [ -60.720828432044669, -27.588491635109069 ], [ -60.719785414960128, -27.588515093687818 ], [ -60.719787506811514, -27.588835428278802 ] ] ] } },
{ "type": "Feature", "properties": { "FNODE_": 943, "TNODE_": 943, "LPOLY_": 2, "RPOLY_": 952, "LENGTH": 273.011, "M0080_": 943, "M0080_ID": 0 }, "geometry": { "type": "MultiLineString", "coordinates": [ [ [ -60.719124151826207, -27.588838865583575 ], [ -60.719584955683423, -27.588836478173569 ], [ -60.719582481517037, -27.588457490751679 ], [ -60.719582363700795, -27.588439443731072 ], [ -60.719582275338702, -27.588425908465585 ], [ -60.719582186976645, -27.588412373200072 ], [ -60.719582069160666, -27.588394326179326 ], [ -60.719579565597265, -27.588010826977623 ], [ -60.719118824060089, -27.588022237815974 ], [ -60.719124151826207, -27.588838865583575 ] ] ] } },
{ "type": "Feature", "properties": { "FNODE_": 944, "TNODE_": 944, "LPOLY_": 2, "RPOLY_": 901, "LENGTH": 1227.387, "M0080_": 944, "M0080_ID": 0 }, "geometry": { "type": "MultiLineString", "coordinates": [ [ [ -60.687627456925732, -27.589020983789137 ], [ -60.689734591270657, -27.587485501799783 ], [ -60.689642150933906, -27.584850996214161 ], [ -60.687571070274643, -27.584852242876359 ], [ -60.687627456925732, -27.589020983789137 ] ] ] } },
{ "type": "Feature", "properties": { "FNODE_": 945, "TNODE_": 945, "LPOLY_": 2, "RPOLY_": 954, "LENGTH": 482.043, "M0080_": 945, "M0080_ID": 0 }, "geometry": { "type": "MultiLineString", "coordinates": [ [ [ -60.713352578160276, -27.589044602914036 ], [ -60.714790637096968, -27.589028183242736 ], [ -60.71475943749104, -27.588121449857272 ], [ -60.713346738333733, -27.588142250669673 ], [ -60.713352578160276, -27.589044602914036 ] ] ] } },
{ "type": "Feature", "properties": { "FNODE_": 946, "TNODE_": 946, "LPOLY_": 2, "RPOLY_": 957, "LENGTH": 346.558, "M0080_": 946, "M0080_ID": 0 }, "geometry": { "type": "MultiLineString", "coordinates": [ [ [ -60.707808124396188, -27.589136145086648 ], [ -60.70856769508913, -27.589132270842214 ], [ -60.708546761126406, -27.588239018725233 ], [ -60.707782248704412, -27.58826096562051 ], [ -60.707808124396188, -27.589136145086648 ] ] ] } },
{ "type": "Feature", "properties": { "FNODE_": 947, "TNODE_": 947, "LPOLY_": 2, "RPOLY_": 958, "LENGTH": 346.575, "M0080_": 947, "M0080_ID": 0 }, "geometry": { "type": "MultiLineString", "coordinates": [ [ [ -60.70684617490258, -27.589168117102105 ], [ -60.707605601150469, -27.589141689283331 ], [ -60.707579698101036, -27.58826199798289 ], [ -60.706825225940413, -27.588270352700714 ], [ -60.70684617490258, -27.589168117102105 ] ] ] } },
{ "type": "Feature", "properties": { "FNODE_": 948, "TNODE_": 948, "LPOLY_": 2, "RPOLY_": 960, "LENGTH": 408.561, "M0080_": 948, "M0080_ID": 0 }, "geometry": { "type": "MultiLineString", "coordinates": [ [ [ -60.705474027170595, -27.589197655379955 ], [ -60.706542375352825, -27.58917417530084 ], [ -60.706521428861834, -27.588276410808064 ], [ -60.705463245783534, -27.588304350879312 ], [ -60.705474027170595, -27.589197655379955 ] ] ] } },
{ "type": "Feature", "properties": { "FNODE_": 949, "TNODE_": 949, "LPOLY_": 2, "RPOLY_": 961, "LENGTH": 432.563, "M0080_": 949, "M0080_ID": 0 }, "geometry": { "type": "MultiLineString", "coordinates": [ [ [ -60.704076472856002, -27.589213773194938 ], [ -60.704694200273067, -27.589201615514501 ], [ -60.70527147474499, -27.589198684407336 ], [ -60.705260694998941, -27.588305379860401 ], [ -60.704470833342555, -27.588322925374044 ], [ -60.704435386942464, -27.588323105213824 ], [ -60.704420195628053, -27.588323182285247 ], [ -60.704399940542046, -27.588323285044567 ], [ -60.704060754291582, -27.588338541135339 ], [ -60.704076472856002, -27.589213773194938 ] ] ] } },
{ "type": "Feature", "properties": { "FNODE_": 950, "TNODE_": 950, "LPOLY_": 2, "RPOLY_": 962, "LENGTH": 415.576, "M0080_": 950, "M0080_ID": 0 }, "geometry": { "type": "MultiLineString", "coordinates": [ [ [ -60.702749839977983, -27.589234029917794 ], [ -60.703873920339767, -27.589214800184156 ], [ -60.703858232193269, -27.588344079842415 ], [ -60.702719026904482, -27.588372409714832 ], [ -60.702749839977983, -27.589234029917794 ] ] ] } },
{ "type": "Feature", "properties": { "FNODE_": 951, "TNODE_": 951, "LPOLY_": 2, "RPOLY_": 966, "LENGTH": 289.528, "M0080_": 951, "M0080_ID": 0 }, "geometry": { "type": "MultiLineString", "coordinates": [ [ [ -60.719791130804815, -27.589390374084207 ], [ -60.720839278980471, -27.589375912524076 ], [ -60.720826672876107, -27.588996977814951 ], [ -60.719788685334549, -27.589015898464336 ], [ -60.719791130804815, -27.589390374084207 ] ] ] } },
{ "type": "Feature", "properties": { "FNODE_": 952, "TNODE_": 952, "LPOLY_": 2, "RPOLY_": 975, "LENGTH": 295.009, "M0080_": 952, "M0080_ID": 0 }, "geometry": { "type": "MultiLineString", "coordinates": [ [ [ -60.719794902224969, -27.589967878614598 ], [ -60.720838021569001, -27.589957954965669 ], [ -60.720840459252585, -27.58955638265374 ], [ -60.719792309361544, -27.589570844255164 ], [ -60.719794902224969, -27.589967878614598 ] ] ] } },
{ "type": "Feature", "properties": { "FNODE_": 953, "TNODE_": 953, "LPOLY_": 2, "RPOLY_": 967, "LENGTH": 303.507, "M0080_": 953, "M0080_ID": 0 }, "geometry": { "type": "MultiLineString", "coordinates": [ [ [ -60.719121442200624, -27.589975880294645 ], [ -60.719592349016224, -27.589968928559696 ], [ -60.719589373957923, -27.589513241374963 ], [ -60.719589256135251, -27.589495194357124 ], [ -60.719589167768333, -27.58948165909371 ], [ -60.719589079401487, -27.589468123830287 ], [ -60.719588961579092, -27.589450076812316 ], [ -60.719586133874884, -27.589016948367131 ], [ -60.719125329263335, -27.589019335795371 ], [ -60.719121442200624, -27.589975880294645 ] ] ] } },
{ "type": "Feature", "properties": { "FNODE_": 954, "TNODE_": 954, "LPOLY_": 2, "RPOLY_": 950, "LENGTH": 853.168, "M0080_": 954, "M0080_ID": 0 }, "geometry": { "type": "MultiLineString", "coordinates": [ [ [ -60.72102626867084, -27.59009233467695 ], [ -60.722479588868012, -27.590084779736213 ], [ -60.72249984419777, -27.590084674333401 ], [ -60.722515035695018, -27.590084595279354 ], [ -60.722530227192202, -27.590084516223637 ], [ -60.722550482521676, -27.590084410813443 ], [ -60.722965716751837, -27.590082249253296 ], [ -60.72295675342184, -27.587943652712106 ], [ -60.721027677025546, -27.587985266981097 ], [ -60.721030185624222, -27.588368766061844 ], [ -60.721030303677153, -27.588386813076895 ], [ -60.72103039221691, -27.588400348338158 ], [ -60.721030480756745, -27.588413883599362 ], [ -60.721030598809939, -27.588431930614288 ], [ -60.72102842736917, -27.588874108761445 ], [ -60.721028545424339, -27.58889215577517 ], [ -60.721028633965787, -27.588905691035439 ], [ -60.721028722507306, -27.588919226295683 ], [ -60.721028840562759, -27.588937273309291 ], [ -60.721042214738823, -27.589433513570746 ], [ -60.721042332799058, -27.589451560582976 ], [ -60.721042421344315, -27.589465095842101 ], [ -60.721042509889607, -27.589478631101208 ], [ -60.721042627950119, -27.589496678113314 ], [ -60.721040958405808, -27.590015555988906 ], [ -60.721041076468751, -27.590033602999618 ], [ -60.721041165016011, -27.590047138257624 ], [ -60.721041253563371, -27.590060673515598 ], [ -60.72104137162659, -27.590078720526197 ], [ -60.72102626867084, -27.59009233467695 ] ] ] } },
{ "type": "Feature", "properties": { "FNODE_": 955, "TNODE_": 955, "LPOLY_": 2, "RPOLY_": 968, "LENGTH": 494.548, "M0080_": 955, "M0080_ID": 0 }, "geometry": { "type": "MultiLineString", "coordinates": [ [ [ -60.713385314368722, -27.590190460002137 ], [ -60.714322038302868, -27.590172108094844 ], [ -60.714798010493517, -27.590165146547498 ], [ -60.714791807448528, -27.589208653621121 ], [ -60.713353746158184, -27.58922507334869 ], [ -60.713385314368722, -27.590190460002137 ] ] ] } },
{ "type": "Feature", "properties": { "FNODE_": 956, "TNODE_": 956, "LPOLY_": 2, "RPOLY_": 969, "LENGTH": 348.049, "M0080_": 956, "M0080_ID": 0 }, "geometry": { "type": "MultiLineString", "coordinates": [ [ [ -60.707830356596546, -27.590232426763244 ], [ -60.708549365995282, -27.590219735471457 ], [ -60.708568855257298, -27.589312741462393 ], [ -60.707809283320913, -27.589316615736415 ], [ -60.707830356596546, -27.590232426763244 ] ] ] } },
{ "type": "Feature", "properties": { "FNODE_": 957, "TNODE_": 957, "LPOLY_": 2, "RPOLY_": 970, "LENGTH": 351.611, "M0080_": 957, "M0080_ID": 0 }, "geometry": { "type": "MultiLineString", "coordinates": [ [ [ -60.706878496331612, -27.590259835777861 ], [ -60.707627831339508, -27.590237971029254 ], [ -60.707606759743911, -27.589322159940867 ], [ -60.706847332253936, -27.589348587788603 ], [ -60.706878496331612, -27.590259835777861 ] ] ] } },
{ "type": "Feature", "properties": { "FNODE_": 958, "TNODE_": 958, "LPOLY_": 2, "RPOLY_": 971, "LENGTH": 411.062, "M0080_": 958, "M0080_ID": 0 }, "geometry": { "type": "MultiLineString", "coordinates": [ [ [ -60.70550115565014, -27.590271353284955 ], [ -60.706574693777348, -27.590265894102735 ], [ -60.706543561128555, -27.589359157766438 ], [ -60.705475182276821, -27.589378126119186 ], [ -60.70550115565014, -27.590271353284955 ] ] ] } },
{ "type": "Feature", "properties": { "FNODE_": 959, "TNODE_": 959, "LPOLY_": 2, "RPOLY_": 972, "LENGTH": 305.024, "M0080_": 959, "M0080_ID": 0 }, "geometry": { "type": "MultiLineString", "coordinates": [ [ [ -60.704746669314034, -27.590279696965233 ], [ -60.705298601252643, -27.590272382388651 ], [ -60.705272629519627, -27.589379155154429 ], [ -60.704745992300673, -27.58938182926337 ], [ -60.704746669314034, -27.590279696965233 ] ] ] } },
{ "type": "Feature", "properties": { "FNODE_": 960, "TNODE_": 960, "LPOLY_": 2, "RPOLY_": 973, "LENGTH": 311.546, "M0080_": 960, "M0080_ID": 0 }, "geometry": { "type": "MultiLineString", "coordinates": [ [ [ -60.704083418751885, -27.590301109652174 ], [ -60.70464539209248, -27.590280211003837 ], [ -60.704644715904074, -27.589382343286115 ], [ -60.704077625674856, -27.589394243988121 ], [ -60.704083418751885, -27.590301109652174 ] ] ] } },
{ "type": "Feature", "properties": { "FNODE_": 961, "TNODE_": 961, "LPOLY_": 2, "RPOLY_": 974, "LENGTH": 420.042, "M0080_": 961, "M0080_ID": 0 }, "geometry": { "type": "MultiLineString", "coordinates": [ [ [ -60.702782034580885, -27.590312214982891 ], [ -60.703880893051476, -27.590306648458032 ], [ -60.703875072827024, -27.58939527098519 ], [ -60.702750990625773, -27.589414500761965 ], [ -60.702782034580885, -27.590312214982891 ] ] ] } },
{ "type": "Feature", "properties": { "FNODE_": 962, "TNODE_": 962, "LPOLY_": 2, "RPOLY_": 956, "LENGTH": 828.23, "M0080_": 962, "M0080_ID": 0 }, "geometry": { "type": "MultiLineString", "coordinates": [ [ [ -60.709542433129435, -27.590300390325645 ], [ -60.709562688556197, -27.590300286809381 ], [ -60.709577880126218, -27.590300209170234 ], [ -60.709613327122668, -27.590300028005778 ], [ -60.710630987625734, -27.590267751560848 ], [ -60.710652878757031, -27.588165088355247 ], [ -60.70961509880749, -27.588215515184942 ], [ -60.709599907524925, -27.588215592822767 ], [ -60.709564461198667, -27.588215773971243 ], [ -60.709549269915875, -27.588215851603536 ], [ -60.709529014872082, -27.58821595511067 ], [ -60.7087493116451, -27.588237984952954 ], [ -60.708770624409532, -27.58918988995822 ], [ -60.708770740459364, -27.589207937019502 ], [ -60.708770827496821, -27.589221472315437 ], [ -60.708770914534341, -27.58923500761134 ], [ -60.708771030584444, -27.589253054672511 ], [ -60.708746914325268, -27.590227751006339 ], [ -60.709542433129435, -27.590300390325645 ] ] ] } },
{ "type": "Feature", "properties": { "FNODE_": 963, "TNODE_": 963, "LPOLY_": 2, "RPOLY_": 955, "LENGTH": 921.476, "M0080_": 963, "M0080_ID": 0 }, "geometry": { "type": "MultiLineString", "coordinates": [ [ [ -60.71240365690236, -27.590308298192557 ], [ -60.712423912317995, -27.590308194258853 ], [ -60.712454266276623, -27.590303526591786 ], [ -60.712474492525722, -27.59029891088975 ], [ -60.713182848049286, -27.590205035885635 ], [ -60.713150814535759, -27.589167460978363 ], [ -60.713150697768967, -27.589149413934166 ], [ -60.713150610193971, -27.589135878650982 ], [ -60.713150522619024, -27.589122343367777 ], [ -60.713150405852531, -27.589104296323455 ], [ -60.713144188193453, -27.588143291144995 ], [ -60.712035138548686, -27.588135447222406 ], [ -60.712014883530614, -27.588135551091881 ], [ -60.711999692266978, -27.588135628992035 ], [ -60.711984501003286, -27.588135706890554 ], [ -60.71196424598493, -27.58813581075265 ], [ -60.710855399950752, -27.588159539749334 ], [ -60.710833570878968, -27.590271226440922 ], [ -60.71240365690236, -27.590308298192557 ] ] ] } },
{ "type": "Feature", "properties": { "FNODE_": 964, "TNODE_": 964, "LPOLY_": 2, "RPOLY_": 823, "LENGTH": 2989.271, "M0080_": 964, "M0080_ID": 0 }, "geometry": { "type": "MultiLineString", "coordinates": [ [ [ -60.753856750639308, -27.590179648319534 ], [ -60.753680711244556, -27.582208095501695 ], [ -60.746050106597615, -27.582249299821399 ], [ -60.746151774943598, -27.586796743656315 ], [ -60.753856750639308, -27.590179648319534 ] ] ] } },
{ "type": "Feature", "properties": { "FNODE_": 965, "TNODE_": 965, "LPOLY_": 2, "RPOLY_": 976, "LENGTH": 284.514, "M0080_": 965, "M0080_ID": 0 }, "geometry": { "type": "MultiLineString", "coordinates": [ [ [ -60.719808536277341, -27.590504724807978 ], [ -60.720841562499665, -27.59049936529517 ], [ -60.720839703498733, -27.59021512487751 ], [ -60.72083958546785, -27.590197077866463 ], [ -60.720839496944762, -27.590183542608148 ], [ -60.720839408421732, -27.590170007349808 ], [ -60.720839201868223, -27.590138425080244 ], [ -60.719796080816799, -27.590148348770409 ], [ -60.719808536277341, -27.590504724807978 ] ] ] } },
{ "type": "Feature", "properties": { "FNODE_": 966, "TNODE_": 966, "LPOLY_": 2, "RPOLY_": 978, "LENGTH": 290.527, "M0080_": 966, "M0080_ID": 0 }, "geometry": { "type": "MultiLineString", "coordinates": [ [ [ -60.717859128015476, -27.590541889170698 ], [ -60.718922479313179, -27.590527363323321 ], [ -60.718920066105113, -27.590157399447936 ], [ -60.717861840988292, -27.59018092253919 ], [ -60.717859128015476, -27.590541889170698 ] ] ] } },
{ "type": "Feature", "properties": { "FNODE_": 967, "TNODE_": 967, "LPOLY_": 2, "RPOLY_": 979, "LENGTH": 136.512, "M0080_": 967, "M0080_ID": 0 }, "geometry": { "type": "MultiLineString", "coordinates": [ [ [ -60.717367963064362, -27.590548939733512 ], [ -60.717656573665693, -27.590542936311859 ], [ -60.717659316679466, -27.590186481427676 ], [ -60.71736564316835, -27.590192511001597 ], [ -60.717367963064362, -27.590548939733512 ] ] ] } },
{ "type": "Feature", "properties": { "FNODE_": 968, "TNODE_": 968, "LPOLY_": 2, "RPOLY_": 980, "LENGTH": 148.504, "M0080_": 968, "M0080_ID": 0 }, "geometry": { "type": "MultiLineString", "coordinates": [ [ [ -60.722619862026363, -27.590625478317005 ], [ -60.722969238557035, -27.590619147568354 ], [ -60.722966900541032, -27.590262719279863 ], [ -60.722617495558936, -27.590264538250349 ], [ -60.722619862026363, -27.590625478317005 ] ] ] } },
{ "type": "Feature", "properties": { "FNODE_": 969, "TNODE_": 969, "LPOLY_": 2, "RPOLY_": 981, "LENGTH": 353.508, "M0080_": 969, "M0080_ID": 0 }, "geometry": { "type": "MultiLineString", "coordinates": [ [ [ -60.721039997297872, -27.590642715881803 ], [ -60.722417307735363, -27.590626532406198 ], [ -60.722414941931135, -27.590265592323451 ], [ -60.721032513127753, -27.59027277848292 ], [ -60.7210393479372, -27.590543457330988 ], [ -60.721039436486194, -27.590556992588006 ], [ -60.721039554551602, -27.590575039597319 ], [ -60.721039643100738, -27.590588574854277 ], [ -60.721039731649924, -27.590602110111202 ], [ -60.721039849715616, -27.590620157120384 ], [ -60.721039997297872, -27.590642715881803 ] ] ] } },
{ "type": "Feature", "properties": { "FNODE_": 970, "TNODE_": 970, "LPOLY_": 2, "RPOLY_": 991, "LENGTH": 275.238, "M0080_": 970, "M0080_ID": 0 }, "geometry": { "type": "MultiLineString", "coordinates": [ [ [ -60.71981180703316, -27.591005529438394 ], [ -60.72084480843958, -27.590995658059736 ], [ -60.720843303493481, -27.590765558691547 ], [ -60.720843185459223, -27.590747511681943 ], [ -60.720843096933642, -27.590733976424715 ], [ -60.720843008408089, -27.590720441167459 ], [ -60.720842890374129, -27.590702394157745 ], [ -60.720852900063925, -27.590684294565293 ], [ -60.719809714918348, -27.590685194949277 ], [ -60.71981180703316, -27.591005529438394 ] ] ] } },
{ "type": "Feature", "properties": { "FNODE_": 971, "TNODE_": 971, "LPOLY_": 2, "RPOLY_": 992, "LENGTH": 280.513, "M0080_": 971, "M0080_ID": 0 }, "geometry": { "type": "MultiLineString", "coordinates": [ [ [ -60.717862389918963, -27.591042694013108 ], [ -60.71892068216642, -27.591028194271225 ], [ -60.718923656504543, -27.590707833499238 ], [ -60.717860303466495, -27.590722359388387 ], [ -60.717862389918963, -27.591042694013108 ] ] ] } },
{ "type": "Feature", "properties": { "FNODE_": 972, "TNODE_": 972, "LPOLY_": 2, "RPOLY_": 993, "LENGTH": 127.504, "M0080_": 972, "M0080_ID": 0 }, "geometry": { "type": "MultiLineString", "coordinates": [ [ [ -60.717371193370319, -27.591045232873761 ], [ -60.717659834648963, -27.591043741176481 ], [ -60.717657748785086, -27.590723406537553 ], [ -60.717369137711508, -27.590729409970479 ], [ -60.717371193370319, -27.591045232873761 ] ] ] } },
{ "type": "Feature", "properties": { "FNODE_": 973, "TNODE_": 973, "LPOLY_": 2, "RPOLY_": 982, "LENGTH": 626.737, "M0080_": 973, "M0080_ID": 0 }, "geometry": { "type": "MultiLineString", "coordinates": [ [ [ -60.713406726345482, -27.591151386786322 ], [ -60.714783168245731, -27.590999926152996 ], [ -60.714799180913658, -27.590345616896037 ], [ -60.714373846482026, -27.590352317921727 ], [ -60.714366087465457, -27.590717822506974 ], [ -60.714361111324422, -27.590731383838381 ], [ -60.7143561351822, -27.590744945169607 ], [ -60.714346065923728, -27.590754020796201 ], [ -60.71433090354892, -27.590758610717067 ], [ -60.714315741172818, -27.590763200636285 ], [ -60.713773906754291, -27.590765987269883 ], [ -60.713758685915394, -27.590761553609923 ], [ -60.71374346507767, -27.590757119948268 ], [ -60.713733278896513, -27.590748148493628 ], [ -60.713728127371986, -27.590734639247113 ], [ -60.713722975848739, -27.59072113000035 ], [ -60.713727952068417, -27.590707568690316 ], [ -60.713732928286909, -27.590694007380094 ], [ -60.713742997591559, -27.590684931797036 ], [ -60.713758159982333, -27.590680341940061 ], [ -60.713773322371786, -27.590675752081442 ], [ -60.714264517660837, -27.590673225980112 ], [ -60.714272569405352, -27.590352838983748 ], [ -60.713386482477084, -27.590370930405715 ], [ -60.713406726345482, -27.591151386786322 ] ] ] } },
{ "type": "Feature", "properties": { "FNODE_": 974, "TNODE_": 974, "LPOLY_": 2, "RPOLY_": 989, "LENGTH": 461.079, "M0080_": 974, "M0080_ID": 0 }, "geometry": { "type": "MultiLineString", "coordinates": [ [ [ -60.710617190155709, -27.591269466506947 ], [ -60.710624961605951, -27.590903961924671 ], [ -60.71015902617583, -27.590897322137739 ], [ -60.710143805454678, -27.590892888079136 ], [ -60.710128584734711, -27.590888454018835 ], [ -60.710118398829124, -27.590879482293815 ], [ -60.710113247738001, -27.590865972905174 ], [ -60.71010809664817, -27.590852463516274 ], [ -60.710113073321295, -27.590838902327572 ], [ -60.710118049993227, -27.590825341138686 ], [ -60.71012811961355, -27.590816265812155 ], [ -60.71014328218218, -27.590811676346878 ], [ -60.71015844474951, -27.590807086879988 ], [ -60.710624379798013, -27.590813726676146 ], [ -60.710632151228154, -27.590448222070673 ], [ -60.709680290252329, -27.590475650316193 ], [ -60.709685316222533, -27.591256185374952 ], [ -60.710617190155709, -27.591269466506947 ] ] ] } },
{ "type": "Feature", "properties": { "FNODE_": 975, "TNODE_": 975, "LPOLY_": 2, "RPOLY_": 985, "LENGTH": 325.484, "M0080_": 975, "M0080_ID": 0 }, "geometry": { "type": "MultiLineString", "coordinates": [ [ [ -60.708789179829388, -27.591287834663497 ], [ -60.709482789242749, -27.591261732379774 ], [ -60.70947770661963, -27.590472173759736 ], [ -60.708753138703386, -27.590408195741116 ], [ -60.708789179829388, -27.591287834663497 ] ] ] } },
{ "type": "Feature", "properties": { "FNODE_": 976, "TNODE_": 976, "LPOLY_": 2, "RPOLY_": 983, "LENGTH": 343.615, "M0080_": 976, "M0080_ID": 0 }, "geometry": { "type": "MultiLineString", "coordinates": [ [ [ -60.707857624425017, -27.591324170673246 ], [ -60.708586681722934, -27.591297892127059 ], [ -60.708550526187018, -27.590400206064057 ], [ -60.707831515611652, -27.590412897383644 ], [ -60.707857624425017, -27.591324170673246 ] ] ] } },
{ "type": "Feature", "properties": { "FNODE_": 977, "TNODE_": 977, "LPOLY_": 2, "RPOLY_": 986, "LENGTH": 347.585, "M0080_": 977, "M0080_ID": 0 }, "geometry": { "type": "MultiLineString", "coordinates": [ [ [ -60.706915824685609, -27.591342504948489 ], [ -60.707655097165301, -27.591329715015785 ], [ -60.707628990023288, -27.59041844165742 ], [ -60.706884717655583, -27.590440280652917 ], [ -60.706915824685609, -27.591342504948489 ] ] ] } },
{ "type": "Feature", "properties": { "FNODE_": 978, "TNODE_": 978, "LPOLY_": 2, "RPOLY_": 940, "LENGTH": 2138.634, "M0080_": 978, "M0080_ID": 0 }, "geometry": { "type": "MultiLineString", "coordinates": [ [ [ -60.746216634656442, -27.591141347134066 ], [ -60.753877928977367, -27.591054839296163 ], [ -60.753858170168861, -27.590387187398584 ], [ -60.746153118684028, -27.586995259744942 ], [ -60.746216634656442, -27.591141347134066 ] ] ] } },
{ "type": "Feature", "properties": { "FNODE_": 979, "TNODE_": 979, "LPOLY_": 2, "RPOLY_": 870, "LENGTH": 4376.568, "M0080_": 979, "M0080_ID": 0 }, "geometry": { "type": "MultiLineString", "coordinates": [ [ [ -60.738737375068659, -27.591190368662424 ], [ -60.745811526314249, -27.591143523901668 ], [ -60.74574171047508, -27.586812482305366 ], [ -60.7433951810916, -27.585769281629176 ], [ -60.743374865800817, -27.58576036659888 ], [ -60.743344392870732, -27.585746994047735 ], [ -60.743329171619671, -27.58574256363605 ], [ -60.742760314582476, -27.585488429624899 ], [ -60.742739999393066, -27.585479514499319 ], [ -60.742709526615037, -27.585466141805249 ], [ -60.742694305426824, -27.585461711322534 ], [ -60.742196584463287, -27.585243289626103 ], [ -60.742113701272302, -27.586470968446321 ], [ -60.74210875912221, -27.586489042444207 ], [ -60.74209365930593, -27.586502658833446 ], [ -60.742078498741236, -27.586507251753655 ], [ -60.742063338175278, -27.58651184467222 ], [ -60.742048116865824, -27.586507414121659 ], [ -60.742032895557578, -27.586502983569396 ], [ -60.742022707526047, -27.586494014221881 ], [ -60.742017552771308, -27.586480506080246 ], [ -60.742012398017863, -27.586466997938352 ], [ -60.742110230123842, -27.585203144094631 ], [ -60.74115548523686, -27.584793148784357 ], [ -60.741038026245029, -27.586905343500444 ], [ -60.741033083899879, -27.586923417462778 ], [ -60.741017983889634, -27.586937033737957 ], [ -60.741002823217933, -27.586941626542476 ], [ -60.740987662544946, -27.586946219345364 ], [ -60.740972441215405, -27.586941788677475 ], [ -60.740957219887058, -27.586937358007887 ], [ -60.740947031900063, -27.586928388581072 ], [ -60.740941877254528, -27.586914880398144 ], [ -60.740936722610293, -27.586901372214964 ], [ -60.741069131617245, -27.584753002588432 ], [ -60.740078828373406, -27.584325141905335 ], [ -60.739934116743669, -27.586906718675873 ], [ -60.739929174216485, -27.586924792602463 ], [ -60.739914074066704, -27.586938408760279 ], [ -60.739898913345847, -27.586943001445157 ], [ -60.739883752623683, -27.586947594128404 ], [ -60.739868531335325, -27.586943163338628 ], [ -60.739853310048161, -27.586938732547139 ], [ -60.739843122148891, -27.586929763037574 ], [ -60.739837967637548, -27.586916254811001 ], [ -60.739832813127514, -27.58690274658419 ], [ -60.739992475500145, -27.58428499502222 ], [ -60.738636488048066, -27.583692131852963 ], [ -60.738625680506274, -27.584346414790019 ], [ -60.739197922181567, -27.584352393540762 ], [ -60.739213143084456, -27.584356824413245 ], [ -60.739228363988531, -27.584361255284026 ], [ -60.739238551596351, -27.584370224847639 ], [ -60.739243705908017, -27.584383733105142 ], [ -60.739248860220975, -27.584397241362417 ], [ -60.739243887429573, -27.5844108035331 ], [ -60.739238914636985, -27.584424365703612 ], [ -60.739228848036063, -27.584433443092159 ], [ -60.739213687626751, -27.584438035697669 ], [ -60.739198527216132, -27.584442628301549 ], [ -60.738611094408078, -27.58443673036416 ], [ -60.738611185091365, -27.584450265579992 ], [ -60.738645919474671, -27.585099794298781 ], [ -60.739218134807501, -27.585101261151237 ], [ -60.739233355815287, -27.585105692018985 ], [ -60.739248576824281, -27.585110122885034 ], [ -60.739258764504427, -27.58511909244481 ], [ -60.739263918855819, -27.585132600699396 ], [ -60.739269073208533, -27.585146108953751 ], [ -60.73926410038812, -27.58515967112432 ], [ -60.739259127566527, -27.585173233294697 ], [ -60.739249060900441, -27.585182310685042 ], [ -60.739233900389799, -27.585186903294286 ], [ -60.73921873987787, -27.585191495901871 ], [ -60.73864652407665, -27.585190029061113 ], [ -60.738653280578042, -27.585442659453385 ], [ -60.738653401501182, -27.585460706405033 ], [ -60.738653492193606, -27.58547424161873 ], [ -60.738653582886087, -27.585487776832398 ], [ -60.738653703809504, -27.585505823783919 ], [ -60.73866020360866, -27.586475847358393 ], [ -60.73867551548576, -27.586493813494787 ], [ -60.738690827367876, -27.586511779629372 ], [ -60.738701105838381, -27.586534284438109 ], [ -60.738711384313156, -27.58655678924594 ], [ -60.738711535486132, -27.586579347931551 ], [ -60.738711686659293, -27.586601906617123 ], [ -60.738701710522371, -27.586624519180678 ], [ -60.738691734381426, -27.586647131743526 ], [ -60.738661473374798, -27.586665340319747 ], [ -60.738661594305569, -27.586683387268167 ], [ -60.738668139384501, -27.586904435444758 ], [ -60.738703481739812, -27.589155684050848 ], [ -60.738737375068659, -27.591190368662424 ] ] ] } },
{ "type": "Feature", "properties": { "FNODE_": 980, "TNODE_": 980, "LPOLY_": 2, "RPOLY_": 987, "LENGTH": 414.573, "M0080_": 980, "M0080_ID": 0 }, "geometry": { "type": "MultiLineString", "coordinates": [ [ [ -60.705533493226689, -27.591367584112028 ], [ -60.706612019152168, -27.591348563409987 ], [ -60.706580914604814, -27.590446339000565 ], [ -60.705502310853447, -27.590451823995203 ], [ -60.705533493226689, -27.591367584112028 ] ] ] } },
{ "type": "Feature", "properties": { "FNODE_": 981, "TNODE_": 981, "LPOLY_": 2, "RPOLY_": 988, "LENGTH": 441.601, "M0080_": 981, "M0080_ID": 0 }, "geometry": { "type": "MultiLineString", "coordinates": [ [ [ -60.704115655775723, -27.591383805762778 ], [ -60.705330936816033, -27.591368613300414 ], [ -60.705299756124361, -27.590452853106768 ], [ -60.704697184589079, -27.590460424735134 ], [ -60.704084571635349, -27.590481580416817 ], [ -60.704115655775723, -27.591383805762778 ] ] ] } },
{ "type": "Feature", "properties": { "FNODE_": 982, "TNODE_": 982, "LPOLY_": 2, "RPOLY_": 990, "LENGTH": 421.083, "M0080_": 982, "M0080_ID": 0 }, "geometry": { "type": "MultiLineString", "coordinates": [ [ [ -60.702804303629371, -27.591422033518572 ], [ -60.703913128089631, -27.591389344651905 ], [ -60.703882045603606, -27.59048711923041 ], [ -60.702783185334063, -27.590492685797777 ], [ -60.702804303629371, -27.591422033518572 ] ] ] } },
{ "type": "Feature", "properties": { "FNODE_": 983, "TNODE_": 983, "LPOLY_": 2, "RPOLY_": 937, "LENGTH": 3996.431, "M0080_": 983, "M0080_ID": 0 }, "geometry": { "type": "MultiLineString", "coordinates": [ [ [ -60.723277688839744, -27.591321398090987 ], [ -60.738534820469134, -27.591191446284586 ], [ -60.738500930877798, -27.589156761550651 ], [ -60.738465592657462, -27.586905512812351 ], [ -60.738459259555441, -27.586716046779369 ], [ -60.737147620624043, -27.586700456788758 ], [ -60.735729765323306, -27.58670346484195 ], [ -60.735704447012417, -27.586703598992401 ], [ -60.735679128701364, -27.586703733138236 ], [ -60.73565381039014, -27.586703867279454 ], [ -60.735628431861542, -27.586694977935714 ], [ -60.735603113552031, -27.586695112067645 ], [ -60.734322187193101, -27.586728963566873 ], [ -60.733111941068877, -27.586730846790807 ], [ -60.731886563552465, -27.586741823026166 ], [ -60.730671223150857, -27.586739199924033 ], [ -60.729815582381271, -27.586761747465562 ], [ -60.729420675688495, -27.586772846361804 ], [ -60.729395357325892, -27.58677297936222 ], [ -60.729375102635672, -27.58677308575923 ], [ -60.729344720600125, -27.58677324534921 ], [ -60.729319402236996, -27.586773378335792 ], [ -60.728058756125726, -27.58681157746296 ], [ -60.726823219018947, -27.586818050390441 ], [ -60.725618093274399, -27.586828865307773 ], [ -60.724387618985119, -27.586835290105594 ], [ -60.723283825165048, -27.586854579896013 ], [ -60.723259955741057, -27.587847323639394 ], [ -60.723270138788941, -27.590170901845131 ], [ -60.723277688839744, -27.591321398090987 ] ] ] } },
{ "type": "Feature", "properties": { "FNODE_": 984, "TNODE_": 984, "LPOLY_": 2, "RPOLY_": 994, "LENGTH": 289.06, "M0080_": 984, "M0080_ID": 0 }, "geometry": { "type": "MultiLineString", "coordinates": [ [ [ -60.719805421544741, -27.59157857458748 ], [ -60.720843344677718, -27.591546118103292 ], [ -60.720845988801941, -27.591176128147065 ], [ -60.7198129857046, -27.591185999566541 ], [ -60.719805421544741, -27.59157857458748 ] ] ] } },
{ "type": "Feature", "properties": { "FNODE_": 985, "TNODE_": 985, "LPOLY_": 2, "RPOLY_": 977, "LENGTH": 431.025, "M0080_": 985, "M0080_ID": 0 }, "geometry": { "type": "MultiLineString", "coordinates": [ [ [ -60.719127476565255, -27.591676837804581 ], [ -60.719603484013042, -27.591674371418538 ], [ -60.719603277800509, -27.59164278914723 ], [ -60.719610047296463, -27.591128396786807 ], [ -60.719609929462344, -27.591110349773249 ], [ -60.719609841086815, -27.591096814513051 ], [ -60.719609752711364, -27.591083279252832 ], [ -60.719609634877521, -27.591065232239153 ], [ -60.719606777440291, -27.590627592142997 ], [ -60.719606659609212, -27.590609545128135 ], [ -60.719606571235985, -27.590596009866939 ], [ -60.719606482862801, -27.590582474605732 ], [ -60.719606365032, -27.590564427590742 ], [ -60.719593527276459, -27.590149398723515 ], [ -60.719122619690182, -27.590156350476995 ], [ -60.719125416271773, -27.590584967141044 ], [ -60.719125534023938, -27.590603014157892 ], [ -60.719125622338133, -27.590616549420499 ], [ -60.719125710652378, -27.590630084683077 ], [ -60.71912582840482, -27.590648131699798 ], [ -60.719123620052677, -27.59108579806988 ], [ -60.719123737807045, -27.591103845085431 ], [ -60.719123826122903, -27.591117380347061 ], [ -60.719123914438804, -27.591130915608677 ], [ -60.719124032193449, -27.591148962624107 ], [ -60.719127476565255, -27.591676837804581 ] ] ] } },
{ "type": "Feature", "properties": { "FNODE_": 986, "TNODE_": 986, "LPOLY_": 2, "RPOLY_": 995, "LENGTH": 312.008, "M0080_": 986, "M0080_ID": 0 }, "geometry": { "type": "MultiLineString", "coordinates": [ [ [ -60.71892492018614, -27.591677886835647 ], [ -60.718921859379883, -27.591208664434159 ], [ -60.717863565400307, -27.591223164217642 ], [ -60.717861469628545, -27.591678877646409 ], [ -60.71892492018614, -27.591677886835647 ] ] ] } },
{ "type": "Feature", "properties": { "FNODE_": 987, "TNODE_": 987, "LPOLY_": 2, "RPOLY_": 996, "LENGTH": 328.029, "M0080_": 987, "M0080_ID": 0 }, "geometry": { "type": "MultiLineString", "coordinates": [ [ [ -60.710621146539594, -27.591883066134329 ], [ -60.710618353785023, -27.591449936991285 ], [ -60.709691542234104, -27.591436630011142 ], [ -60.709709581239153, -27.591878705109949 ], [ -60.710241322826889, -27.591880497808063 ], [ -60.710240043490913, -27.591681980271094 ], [ -60.710245020182732, -27.591668419078864 ], [ -60.710249996873358, -27.59165485788645 ], [ -60.710260066556756, -27.591645782550202 ], [ -60.710275229232849, -27.591641193069023 ], [ -60.71029039190767, -27.591636603586213 ], [ -60.710305612737763, -27.591641037626232 ], [ -60.710320833569057, -27.591645471664553 ], [ -60.710331019563043, -27.591654443372093 ], [ -60.71033617071982, -27.591667952749933 ], [ -60.710341321877898, -27.591681462127546 ], [ -60.71034260139627, -27.591879979660163 ], [ -60.710621146539594, -27.591883066134329 ] ] ] } },
{ "type": "Feature", "properties": { "FNODE_": 988, "TNODE_": 988, "LPOLY_": 2, "RPOLY_": 1002, "LENGTH": 286.613, "M0080_": 988, "M0080_ID": 0 }, "geometry": { "type": "MultiLineString", "coordinates": [ [ [ -60.719803864249997, -27.592115499415826 ], [ -60.720862107163221, -27.592091961181335 ], [ -60.720849588975, -27.591726561884123 ], [ -60.71980665916918, -27.591768068206523 ], [ -60.719806777038805, -27.591786115217587 ], [ -60.719803864249997, -27.592115499415826 ] ] ] } },
{ "type": "Feature", "properties": { "FNODE_": 989, "TNODE_": 989, "LPOLY_": 2, "RPOLY_": 998, "LENGTH": 458.039, "M0080_": 989, "M0080_ID": 0 }, "geometry": { "type": "MultiLineString", "coordinates": [ [ [ -60.705551766328931, -27.592639850838516 ], [ -60.706640519415785, -27.592634313511127 ], [ -60.706613147300274, -27.591524522283013 ], [ -60.705534648536741, -27.591548054792511 ], [ -60.705551766328931, -27.592639850838516 ] ] ] } },
{ "type": "Feature", "properties": { "FNODE_": 990, "TNODE_": 990, "LPOLY_": 2, "RPOLY_": 1000, "LENGTH": 480.522, "M0080_": 990, "M0080_ID": 0 }, "geometry": { "type": "MultiLineString", "coordinates": [ [ [ -60.704144040462168, -27.592656021611354 ], [ -60.705349207580817, -27.592640880097111 ], [ -60.705332091794467, -27.59154908398877 ], [ -60.704121872685683, -27.59156425081602 ], [ -60.704144040462168, -27.592656021611354 ] ] ] } },
{ "type": "Feature", "properties": { "FNODE_": 991, "TNODE_": 991, "LPOLY_": 2, "RPOLY_": 1001, "LENGTH": 463.594, "M0080_": 991, "M0080_ID": 0 }, "geometry": { "type": "MultiLineString", "coordinates": [ [ [ -60.702802260586559, -27.592689891954347 ], [ -60.70394148162287, -27.592657048816708 ], [ -60.703919344668726, -27.591569789720257 ], [ -60.702805454473264, -27.591602504303747 ], [ -60.702802260586559, -27.592689891954347 ] ] ] } },
{ "type": "Feature", "properties": { "FNODE_": 992, "TNODE_": 992, "LPOLY_": 2, "RPOLY_": 959, "LENGTH": 1758.572, "M0080_": 992, "M0080_ID": 0 }, "geometry": { "type": "MultiLineString", "coordinates": [ [ [ -60.698609516742451, -27.592747148542276 ], [ -60.700554027613393, -27.592728326280234 ], [ -60.700574283525654, -27.59272822406696 ], [ -60.700589475459772, -27.592728147405069 ], [ -60.70060466739384, -27.592728070741501 ], [ -60.700624923305817, -27.592727968520855 ], [ -60.702574525571372, -27.592713604184034 ], [ -60.70259984544731, -27.592713476048569 ], [ -60.702602552357042, -27.591549388282871 ], [ -60.702602437305657, -27.591531341203638 ], [ -60.702602351017198, -27.591517805894178 ], [ -60.702602264728789, -27.591504270584707 ], [ -60.702602149677652, -27.591486223505356 ], [ -60.702580256523085, -27.590435057927127 ], [ -60.702580141480794, -27.590417010844909 ], [ -60.702580055199135, -27.590403475533218 ], [ -60.702579968917547, -27.590389940221506 ], [ -60.70257985387552, -27.590371893139174 ], [ -60.702548063828964, -27.589356872798078 ], [ -60.702547948797204, -27.589338825712932 ], [ -60.702547862523474, -27.589325290399046 ], [ -60.702547776249787, -27.589311755085131 ], [ -60.702547661218283, -27.589293707999865 ], [ -60.702511095791913, -27.588323830824219 ], [ -60.702485633153231, -27.588301400064715 ], [ -60.702475419346996, -27.588287915987483 ], [ -60.702460228031008, -27.588287992844396 ], [ -60.698526218419261, -27.588393566570588 ], [ -60.698609516742451, -27.592747148542276 ] ] ] } },
{ "type": "Feature", "properties": { "FNODE_": 993, "TNODE_": 993, "LPOLY_": 2, "RPOLY_": 963, "LENGTH": 1331.215, "M0080_": 993, "M0080_ID": 0 }, "geometry": { "type": "MultiLineString", "coordinates": [ [ [ -60.696589101847813, -27.592775348275474 ], [ -60.69840695749518, -27.592748167676191 ], [ -60.698323667169056, -27.588394585435456 ], [ -60.696434990275634, -27.588422119239354 ], [ -60.696589101847813, -27.592775348275474 ] ] ] } },
{ "type": "Feature", "properties": { "FNODE_": 994, "TNODE_": 994, "LPOLY_": 2, "RPOLY_": 964, "LENGTH": 1347.731, "M0080_": 994, "M0080_ID": 0 }, "geometry": { "type": "MultiLineString", "coordinates": [ [ [ -60.69638147847661, -27.592776389863563 ], [ -60.696227375097642, -27.58842316044624 ], [ -60.694308200120361, -27.588432770565191 ], [ -60.694416595017302, -27.592777207919532 ], [ -60.69638147847661, -27.592776389863563 ] ] ] } },
{ "type": "Feature", "properties": { "FNODE_": 995, "TNODE_": 995, "LPOLY_": 2, "RPOLY_": 902, "LENGTH": 2376.577, "M0080_": 995, "M0080_ID": 0 }, "geometry": { "type": "MultiLineString", "coordinates": [ [ [ -60.690036808834542, -27.592889284151276 ], [ -60.692102607300804, -27.592829370061192 ], [ -60.692122863268082, -27.592829269080596 ], [ -60.692138055243483, -27.59282919334321 ], [ -60.692153247218819, -27.592829117604168 ], [ -60.692173503185842, -27.592829016616182 ], [ -60.694214035533882, -27.59277822093722 ], [ -60.694105279270133, -27.588375130137951 ], [ -60.694105165625437, -27.588357083017716 ], [ -60.694105080391978, -27.5883435476775 ], [ -60.694104995158575, -27.588330012337263 ], [ -60.694104881514136, -27.588311965216899 ], [ -60.694037633154281, -27.584869703927342 ], [ -60.689938468484456, -27.587696549368122 ], [ -60.690036808834542, -27.592889284151276 ] ] ] } },
{ "type": "Feature", "properties": { "FNODE_": 996, "TNODE_": 996, "LPOLY_": 2, "RPOLY_": 949, "LENGTH": 1419.925, "M0080_": 996, "M0080_ID": 0 }, "geometry": { "type": "MultiLineString", "coordinates": [ [ [ -60.689834248957276, -27.592890290782837 ], [ -60.689746920856535, -27.587837370696707 ], [ -60.687624560412864, -27.589368416366504 ], [ -60.687772920035414, -27.592855398627812 ], [ -60.689834248957276, -27.592890290782837 ] ] ] } },
{ "type": "Feature", "properties": { "FNODE_": 997, "TNODE_": 997, "LPOLY_": 2, "RPOLY_": 997, "LENGTH": 2527.069, "M0080_": 997, "M0080_ID": 0 }, "geometry": { "type": "MultiLineString", "coordinates": [ [ [ -60.746258689012635, -27.595856045222739 ], [ -60.753981264873964, -27.595796268849874 ], [ -60.753879163430582, -27.591235308037277 ], [ -60.746217856569714, -27.591321816190145 ], [ -60.746258689012635, -27.595856045222739 ] ] ] } },
{ "type": "Feature", "properties": { "FNODE_": 998, "TNODE_": 998, "LPOLY_": 2, "RPOLY_": 953, "LENGTH": 4593.954, "M0080_": 998, "M0080_ID": 0 }, "geometry": { "type": "MultiLineString", "coordinates": [ [ [ -60.715121081454591, -27.597030605408914 ], [ -60.723010353222996, -27.596885965975027 ], [ -60.722970623818568, -27.592374270979185 ], [ -60.722974447455996, -27.591413215587671 ], [ -60.722970422378985, -27.59079961758081 ], [ -60.722621045276576, -27.590805948343235 ], [ -60.722641556645627, -27.592389519903907 ], [ -60.722641645398319, -27.592403055152534 ], [ -60.722636699795736, -27.592421128508864 ], [ -60.722626660667466, -27.592434716473321 ], [ -60.722616621536737, -27.592448304437085 ], [ -60.722606552820672, -27.59245738065059 ], [ -60.722591420161201, -27.592466483219997 ], [ -60.722576287499216, -27.592475585787781 ], [ -60.722556061311238, -27.592480202959702 ], [ -60.722540869483929, -27.592480282024532 ], [ -60.722525677656563, -27.592480361087702 ], [ -60.722505392307895, -27.592475954753052 ], [ -60.722490141324741, -27.59246701031304 ], [ -60.72247489034406, -27.592458065871313 ], [ -60.722464703306912, -27.592449095076059 ], [ -60.722454486694808, -27.59243561253032 ], [ -60.722444270085234, -27.592422129983753 ], [ -60.722439087841479, -27.592404109335821 ], [ -60.722438999113656, -27.592390574086586 ], [ -60.722418490653979, -27.590807002440481 ], [ -60.721041177962142, -27.590823185970557 ], [ -60.721047747203585, -27.591053259027937 ], [ -60.721047865272844, -27.591071306035936 ], [ -60.721047953824858, -27.591084841291881 ], [ -60.721048042376943, -27.591098376547816 ], [ -60.721048160446479, -27.59111642355569 ], [ -60.721046254943687, -27.591599207298085 ], [ -60.72104637301544, -27.591617254304651 ], [ -60.721046461569323, -27.591630789559559 ], [ -60.721046550123269, -27.591644324814421 ], [ -60.721046668195292, -27.591662371820885 ], [ -60.721065254604177, -27.592181144335296 ], [ -60.7210653431625, -27.592194679589046 ], [ -60.721060397308577, -27.592212752894515 ], [ -60.721050358001548, -27.592226340748745 ], [ -60.721040318692069, -27.592239928602268 ], [ -60.721030249862061, -27.592249004703859 ], [ -60.721015117096428, -27.592258107103646 ], [ -60.720999984328301, -27.592267209501806 ], [ -60.720979758106779, -27.592271826444726 ], [ -60.720964566302911, -27.592271905336538 ], [ -60.719805042963998, -27.592295969515423 ], [ -60.719810814139677, -27.592404225317985 ], [ -60.719810902544772, -27.592417760575035 ], [ -60.719805956474886, -27.592435833839364 ], [ -60.719795916991352, -27.592449421605785 ], [ -60.719785877505359, -27.592463009371496 ], [ -60.71977580854989, -27.592472085384166 ], [ -60.719760675647173, -27.592481187649476 ], [ -60.719745542741947, -27.592490289913187 ], [ -60.71972531642276, -27.592494906674968 ], [ -60.719710124583941, -27.5924949854301 ], [ -60.719694932745064, -27.592495064183581 ], [ -60.719674647496902, -27.592490657433189 ], [ -60.719659396733974, -27.592481712677856 ], [ -60.719644145973497, -27.592472767920814 ], [ -60.719633959160412, -27.592463796913478 ], [ -60.719623742888224, -27.592450314152856 ], [ -60.719613526618545, -27.592436831391392 ], [ -60.719608344834406, -27.592418810628999 ], [ -60.719608256454187, -27.592405275371355 ], [ -60.719602102501739, -27.59223836677214 ], [ -60.719601984663356, -27.592220319761442 ], [ -60.719601896284665, -27.592206784503379 ], [ -60.719601807906017, -27.592193249245295 ], [ -60.719601690067918, -27.592175202234479 ], [ -60.719604603458393, -27.591845818031732 ], [ -60.719062823219971, -27.591857648912576 ], [ -60.719042567549032, -27.591857753820172 ], [ -60.719027375795761, -27.591857832498938 ], [ -60.719012184042427, -27.591857911176032 ], [ -60.71899192837121, -27.591858016076245 ], [ -60.7177613667561, -27.591859871467481 ], [ -60.717746174998261, -27.591859950006047 ], [ -60.71772588993872, -27.59185554296679 ], [ -60.717710639417945, -27.591846597991889 ], [ -60.717695388899649, -27.591837653015247 ], [ -60.71768520230173, -27.591828681859976 ], [ -60.717674986325278, -27.591815198949035 ], [ -60.717664770351327, -27.591801716037285 ], [ -60.717659588916476, -27.591783695193872 ], [ -60.717659500777962, -27.591770159929183 ], [ -60.717661009798704, -27.591224211389012 ], [ -60.717271090234817, -27.59122622636206 ], [ -60.717255898562691, -27.591226304845328 ], [ -60.71723561363828, -27.591221897731458 ], [ -60.717220363244934, -27.591212952699458 ], [ -60.71720511285406, -27.59120400766572 ], [ -60.717194926354999, -27.591195036471785 ], [ -60.717184710498245, -27.591181553521299 ], [ -60.717174494644034, -27.591168070569992 ], [ -60.717169313321193, -27.591150049704574 ], [ -60.717169225245229, -27.591136514437192 ], [ -60.71716620134157, -27.590671803574256 ], [ -60.717166083909881, -27.590653756549823 ], [ -60.717165995836176, -27.590640221281458 ], [ -60.717165907762542, -27.590626686013078 ], [ -60.717165790331123, -27.59060863898852 ], [ -60.717162502295764, -27.590103322281745 ], [ -60.717162414224568, -27.590089787012296 ], [ -60.717167360634186, -27.59007171382985 ], [ -60.7171774002368, -27.590058126246849 ], [ -60.71718743983697, -27.59004453866315 ], [ -60.717197508793106, -27.590035462835225 ], [ -60.717212641583231, -27.590026360848494 ], [ -60.717227774370819, -27.590017258860144 ], [ -60.717248000351141, -27.590012642467258 ], [ -60.717263191856027, -27.590012563988001 ], [ -60.717723942048551, -27.590001159148947 ], [ -60.717744197384157, -27.590001054440187 ], [ -60.717759388885796, -27.590000975906669 ], [ -60.717774580387371, -27.5900008973715 ], [ -60.717794835722707, -27.590000792655353 ], [ -60.718918888947144, -27.589976929257574 ], [ -60.718922395207279, -27.588961731909674 ], [ -60.718922277496588, -27.588943684887756 ], [ -60.718922189213643, -27.588930149621284 ], [ -60.718922100930769, -27.588916614354783 ], [ -60.718921983220334, -27.588898567332741 ], [ -60.718916303822716, -27.588027798463031 ], [ -60.718070746999146, -27.588045709662953 ], [ -60.718050492024304, -27.588045814412542 ], [ -60.71803530079309, -27.588045892972787 ], [ -60.71802010956182, -27.588045971531379 ], [ -60.717999854586701, -27.588046076273582 ], [ -60.716896016964334, -27.588060803771825 ], [ -60.716875761981491, -27.588060908350101 ], [ -60.716860570744281, -27.588060986781869 ], [ -60.716845379507014, -27.588061065211992 ], [ -60.716825124523901, -27.588061169782883 ], [ -60.714961958255188, -27.588115895266569 ], [ -60.714993481460176, -27.589072257928084 ], [ -60.714993569261239, -27.589085793205939 ], [ -60.714993686329414, -27.589103840243041 ], [ -60.714993774130612, -27.589117375520839 ], [ -60.714993861931873, -27.589130910798595 ], [ -60.714993979000326, -27.589148957835587 ], [ -60.715000944769066, -27.590222756450803 ], [ -60.715001061844113, -27.590240803484921 ], [ -60.715001149650448, -27.590254338760477 ], [ -60.71500123745686, -27.590267874036009 ], [ -60.715001354532163, -27.590285921070002 ], [ -60.714986045523275, -27.591048512526111 ], [ -60.714986162599992, -27.591066559558143 ], [ -60.714986250407577, -27.591080094832122 ], [ -60.714986338215247, -27.591093630106094 ], [ -60.714986455292212, -27.591111677137992 ], [ -60.715033318344787, -27.592090519909949 ], [ -60.715051320384219, -27.59252357035226 ], [ -60.715121081454591, -27.597030605408914 ] ] ] } },
{ "type": "Feature", "properties": { "FNODE_": 999, "TNODE_": 999, "LPOLY_": 2, "RPOLY_": 1003, "LENGTH": 1757.258, "M0080_": 999, "M0080_ID": 0 }, "geometry": { "type": "MultiLineString", "coordinates": [ [ [ -60.702785804058124, -27.597256031282189 ], [ -60.704132761359389, -27.597231157925357 ], [ -60.704153018083744, -27.597231055174582 ], [ -60.704168210626939, -27.597230978109565 ], [ -60.704183403170077, -27.597230901042874 ], [ -60.704203659894191, -27.597230798284716 ], [ -60.705484781923666, -27.597206245772735 ], [ -60.705505038637547, -27.597206142824771 ], [ -60.705520231172891, -27.597206065611857 ], [ -60.705535423708156, -27.597205988397274 ], [ -60.70555568042176, -27.59720588544192 ], [ -60.706776031455561, -27.597181629880261 ], [ -60.706697380329899, -27.592814500578683 ], [ -60.706682188403846, -27.592814577909127 ], [ -60.705502253079274, -27.592816067063367 ], [ -60.705487061149086, -27.59281614426305 ], [ -60.705466834123747, -27.592820758959554 ], [ -60.705451642192784, -27.592820836155379 ], [ -60.705436450261772, -27.59282091334952 ], [ -60.705416165474091, -27.592816504506235 ], [ -60.705400973543561, -27.592816581696493 ], [ -60.7040793618308, -27.592836826189096 ], [ -60.704059105913856, -27.592836928914117 ], [ -60.704043913976058, -27.592837005955936 ], [ -60.704028722038231, -27.592837082996105 ], [ -60.704008466120989, -27.592837185713726 ], [ -60.702737579720463, -27.592870695947497 ], [ -60.702717323791425, -27.59287079847687 ], [ -60.702785804058124, -27.597256031282189 ] ] ] } },
{ "type": "Feature", "properties": { "FNODE_": 1000, "TNODE_": 1000, "LPOLY_": 2, "RPOLY_": 1004, "LENGTH": 1329.296, "M0080_": 1000, "M0080_ID": 0 }, "geometry": { "type": "MultiLineString", "coordinates": [ [ [ -60.700816323932024, -27.597342690622213 ], [ -60.702583265473251, -27.59726156842887 ], [ -60.702509873076842, -27.592898919846682 ], [ -60.700691902465778, -27.592908107116401 ], [ -60.700816323932024, -27.597342690622213 ] ] ] } },
{ "type": "Feature", "properties": { "FNODE_": 1001, "TNODE_": 1001, "LPOLY_": 2, "RPOLY_": 1005, "LENGTH": 1354.677, "M0080_": 1001, "M0080_ID": 0 }, "geometry": { "type": "MultiLineString", "coordinates": [ [ [ -60.698729905764232, -27.597357720087132 ], [ -60.700613785021666, -27.597348224899903 ], [ -60.700489343012954, -27.592909129293872 ], [ -60.69861066078208, -27.592927619455256 ], [ -60.698729905764232, -27.597357720087132 ] ] ] } },
{ "type": "Feature", "properties": { "FNODE_": 1002, "TNODE_": 1002, "LPOLY_": 2, "RPOLY_": 1006, "LENGTH": 1334.266, "M0080_": 1002, "M0080_ID": 0 }, "geometry": { "type": "MultiLineString", "coordinates": [ [ [ -60.696754870070308, -27.597367647271959 ], [ -60.698527338047285, -27.597358739552948 ], [ -60.698408101203185, -27.592928638596959 ], [ -60.696595306573158, -27.592955793856863 ], [ -60.696754870070308, -27.597367647271959 ] ] ] } },
{ "type": "Feature", "properties": { "FNODE_": 1003, "TNODE_": 1003, "LPOLY_": 2, "RPOLY_": 1007, "LENGTH": 1377.826, "M0080_": 1003, "M0080_ID": 0 }, "geometry": { "type": "MultiLineString", "coordinates": [ [ [ -60.694547193095779, -27.597428341605376 ], [ -60.696547266576104, -27.597373201038881 ], [ -60.696392746855381, -27.59295681005921 ], [ -60.694417732192427, -27.592957678992953 ], [ -60.694547193095779, -27.597428341605376 ] ] ] } },
{ "type": "Feature", "properties": { "FNODE_": 1004, "TNODE_": 1004, "LPOLY_": 2, "RPOLY_": 1008, "LENGTH": 1392.674, "M0080_": 1004, "M0080_ID": 0 }, "geometry": { "type": "MultiLineString", "coordinates": [ [ [ -60.69224315123688, -27.597466921847261 ], [ -60.694344653500409, -27.597433866744225 ], [ -60.694215172377341, -27.592958692018385 ], [ -60.69224046869023, -27.593009159540244 ], [ -60.69224315123688, -27.597466921847261 ] ] ] } },
{ "type": "Feature", "properties": { "FNODE_": 1005, "TNODE_": 1005, "LPOLY_": 2, "RPOLY_": 1009, "LENGTH": 1368.225, "M0080_": 1005, "M0080_ID": 0 }, "geometry": { "type": "MultiLineString", "coordinates": [ [ [ -60.690172117012665, -27.597513329424523 ], [ -60.692040583039656, -27.59746793185148 ], [ -60.692037937019187, -27.593014681169887 ], [ -60.690037938843034, -27.593069755389159 ], [ -60.690172117012665, -27.597513329424523 ] ] ] } },
{ "type": "Feature", "properties": { "FNODE_": 1006, "TNODE_": 1006, "LPOLY_": 2, "RPOLY_": 1013, "LENGTH": 310.047, "M0080_": 1006, "M0080_ID": 0 }, "geometry": { "type": "MultiLineString", "coordinates": [ [ [ -60.705635197084703, -27.597760446181841 ], [ -60.706779591203386, -27.597736576593796 ], [ -60.706777189085955, -27.597362100361117 ], [ -60.705622670480921, -27.597386021341851 ], [ -60.705635197084703, -27.597760446181841 ] ] ] } },
{ "type": "Feature", "properties": { "FNODE_": 1007, "TNODE_": 1007, "LPOLY_": 2, "RPOLY_": 1014, "LENGTH": 312.069, "M0080_": 1007, "M0080_ID": 0 }, "geometry": { "type": "MultiLineString", "coordinates": [ [ [ -60.704273099055882, -27.597794434838381 ], [ -60.705432628927809, -27.597761475737407 ], [ -60.705420103011789, -27.597387050866324 ], [ -60.704270647774266, -27.597410934877512 ], [ -60.704273099055882, -27.597794434838381 ] ] ] } },
{ "type": "Feature", "properties": { "FNODE_": 1008, "TNODE_": 1008, "LPOLY_": 2, "RPOLY_": 1022, "LENGTH": 335.554, "M0080_": 1008, "M0080_ID": 0 }, "geometry": { "type": "MultiLineString", "coordinates": [ [ [ -60.70563950245824, -27.598432698808622 ], [ -60.706794003076396, -27.59840426572497 ], [ -60.706780748866898, -27.597917047060093 ], [ -60.705636352875047, -27.597940916692135 ], [ -60.70563950245824, -27.598432698808622 ] ] ] } },
{ "type": "Feature", "properties": { "FNODE_": 1009, "TNODE_": 1009, "LPOLY_": 2, "RPOLY_": 1023, "LENGTH": 338.581, "M0080_": 1009, "M0080_ID": 0 }, "geometry": { "type": "MultiLineString", "coordinates": [ [ [ -60.704272331887573, -27.598466713352884 ], [ -60.705436933065606, -27.598433728393484 ], [ -60.705433784386393, -27.597941946255567 ], [ -60.704274252616948, -27.597974905400793 ], [ -60.704272331887573, -27.598466713352884 ] ] ] } },
{ "type": "Feature", "properties": { "FNODE_": 1010, "TNODE_": 1010, "LPOLY_": 2, "RPOLY_": 1024, "LENGTH": 355.055, "M0080_": 1010, "M0080_ID": 0 }, "geometry": { "type": "MultiLineString", "coordinates": [ [ [ -60.705639206058912, -27.599177165304244 ], [ -60.706808936217556, -27.599153166481901 ], [ -60.706795160796325, -27.598584736173329 ], [ -60.705640658288615, -27.598613169301252 ], [ -60.705639206058912, -27.599177165304244 ] ] ] } },
{ "type": "Feature", "properties": { "FNODE_": 1011, "TNODE_": 1011, "LPOLY_": 2, "RPOLY_": 1025, "LENGTH": 354.58, "M0080_": 1011, "M0080_ID": 0 }, "geometry": { "type": "MultiLineString", "coordinates": [ [ [ -60.704277090526745, -27.599211154320308 ], [ -60.705436635297573, -27.59917819491416 ], [ -60.705438088564257, -27.598614198893973 ], [ -60.7042734854803, -27.598647183897846 ], [ -60.704277090526745, -27.599211154320308 ] ] ] } },
{ "type": "Feature", "properties": { "FNODE_": 1012, "TNODE_": 1012, "LPOLY_": 2, "RPOLY_": 1020, "LENGTH": 889.063, "M0080_": 1012, "M0080_ID": 0 }, "geometry": { "type": "MultiLineString", "coordinates": [ [ [ -60.694404761838442, -27.599739154835579 ], [ -60.694345790782577, -27.597614337699312 ], [ -60.692244285078722, -27.597647392881917 ], [ -60.692242273835568, -27.599745444080153 ], [ -60.694404761838442, -27.599739154835579 ] ] ] } },
{ "type": "Feature", "properties": { "FNODE_": 1013, "TNODE_": 1013, "LPOLY_": 2, "RPOLY_": 1021, "LENGTH": 826.12, "M0080_": 1013, "M0080_ID": 0 }, "geometry": { "type": "MultiLineString", "coordinates": [ [ [ -60.690236948079864, -27.599777989726654 ], [ -60.692039701449289, -27.59974645415959 ], [ -60.692041716549795, -27.597648402893849 ], [ -60.690173247464713, -27.597693800537012 ], [ -60.690236948079864, -27.599777989726654 ] ] ] } },
{ "type": "Feature", "properties": { "FNODE_": 1014, "TNODE_": 1014, "LPOLY_": 2, "RPOLY_": 1010, "LENGTH": 1902.847, "M0080_": 1014, "M0080_ID": 0 }, "geometry": { "type": "MultiLineString", "coordinates": [ [ [ -60.687953054865282, -27.599807375382632 ], [ -60.690034375547874, -27.599778996880836 ], [ -60.689970311471512, -27.597636154414921 ], [ -60.689970198459363, -27.597618107302974 ], [ -60.689970113700298, -27.597604571968962 ], [ -60.689970028941303, -27.597591036634949 ], [ -60.689969915929403, -27.597572989522867 ], [ -60.689835378634143, -27.593070762028422 ], [ -60.687779110341076, -27.593035844865518 ], [ -60.687953054865282, -27.599807375382632 ] ] ] } },
{ "type": "Feature", "properties": { "FNODE_": 1015, "TNODE_": 1015, "LPOLY_": 2, "RPOLY_": 1026, "LENGTH": 368.584, "M0080_": 1015, "M0080_ID": 0 }, "geometry": { "type": "MultiLineString", "coordinates": [ [ [ -60.705634192238087, -27.599975798601903 ], [ -60.706824101249488, -27.599938161235247 ], [ -60.706810093998769, -27.599333636910213 ], [ -60.705640361925333, -27.599357635777551 ], [ -60.705634192238087, -27.599975798601903 ] ] ] } },
{ "type": "Feature", "properties": { "FNODE_": 1016, "TNODE_": 1016, "LPOLY_": 2, "RPOLY_": 1027, "LENGTH": 365.064, "M0080_": 1016, "M0080_ID": 0 }, "geometry": { "type": "MultiLineString", "coordinates": [ [ [ -60.704282166609808, -27.6000052245967 ], [ -60.705431648897203, -27.599981339993398 ], [ -60.705437790832249, -27.599358665395311 ], [ -60.70427824416376, -27.59939162484573 ], [ -60.704282166609808, -27.6000052245967 ] ] ] } },
{ "type": "Feature", "properties": { "FNODE_": 1017, "TNODE_": 1017, "LPOLY_": 2, "RPOLY_": 1011, "LENGTH": 2482.564, "M0080_": 1017, "M0080_ID": 0 }, "geometry": { "type": "MultiLineString", "coordinates": [ [ [ -60.754082947177295, -27.6002940624739 ], [ -60.753982499745028, -27.595976737463388 ], [ -60.746259911239456, -27.596036514154502 ], [ -60.746293853930283, -27.600300064059699 ], [ -60.754082947177295, -27.6002940624739 ] ] ] } },
{ "type": "Feature", "properties": { "FNODE_": 1018, "TNODE_": 1018, "LPOLY_": 2, "RPOLY_": 999, "LENGTH": 6446.559, "M0080_": 1018, "M0080_ID": 0 }, "geometry": { "type": "MultiLineString", "coordinates": [ [ [ -60.72335338717096, -27.60053881718008 ], [ -60.745888711924295, -27.600302241715546 ], [ -60.745854174123593, -27.595948456929111 ], [ -60.745812747564308, -27.591323992974385 ], [ -60.738672754386634, -27.591371188286104 ], [ -60.73865249889365, -27.591371296052831 ], [ -60.738637307273848, -27.591371376875944 ], [ -60.738622115653982, -27.591371457697385 ], [ -60.738601860160735, -27.59137156545674 ], [ -60.723278873202062, -27.591501868072861 ], [ -60.723274460031739, -27.592372688431816 ], [ -60.723314794222482, -27.596974618021775 ], [ -60.72335338717096, -27.60053881718008 ] ] ] } },
{ "type": "Feature", "properties": { "FNODE_": 1019, "TNODE_": 1019, "LPOLY_": 2, "RPOLY_": 1028, "LENGTH": 362.05, "M0080_": 1019, "M0080_ID": 0 }, "geometry": { "type": "MultiLineString", "coordinates": [ [ [ -60.704277085367963, -27.600794834410824 ], [ -60.705426575892638, -27.600770949698383 ], [ -60.705432804463094, -27.600161810453855 ], [ -60.704283320294024, -27.600185695101267 ], [ -60.704277085367963, -27.600794834410824 ] ] ] } },
{ "type": "Feature", "properties": { "FNODE_": 1020, "TNODE_": 1020, "LPOLY_": 2, "RPOLY_": 1016, "LENGTH": 1309.86, "M0080_": 1020, "M0080_ID": 0 }, "geometry": { "type": "MultiLineString", "coordinates": [ [ [ -60.702718533988488, -27.601795353479137 ], [ -60.702584416240541, -27.59744203907076 ], [ -60.700817471809337, -27.597523161330454 ], [ -60.700869771965024, -27.601764093751587 ], [ -60.702718533988488, -27.601795353479137 ] ] ] } },
{ "type": "Feature", "properties": { "FNODE_": 1021, "TNODE_": 1021, "LPOLY_": 2, "RPOLY_": 1017, "LENGTH": 1321.069, "M0080_": 1021, "M0080_ID": 0 }, "geometry": { "type": "MultiLineString", "coordinates": [ [ [ -60.698727790676713, -27.601815500142575 ], [ -60.700667196239401, -27.601765116489606 ], [ -60.700614932567525, -27.597528695615836 ], [ -60.698731050225064, -27.597538190875586 ], [ -60.698727790676713, -27.601815500142575 ] ] ] } },
{ "type": "Feature", "properties": { "FNODE_": 1022, "TNODE_": 1022, "LPOLY_": 2, "RPOLY_": 1018, "LENGTH": 1284.116, "M0080_": 1022, "M0080_ID": 0 }, "geometry": { "type": "MultiLineString", "coordinates": [ [ [ -60.698525214763698, -27.601816519756376 ], [ -60.698528482176386, -27.597539210349172 ], [ -60.696756011296834, -27.597548118136217 ], [ -60.696848641817574, -27.601784339798563 ], [ -60.698525214763698, -27.601816519756376 ] ] ] } },
{ "type": "Feature", "properties": { "FNODE_": 1023, "TNODE_": 1023, "LPOLY_": 2, "RPOLY_": 1019, "LENGTH": 1331.738, "M0080_": 1023, "M0080_ID": 0 }, "geometry": { "type": "MultiLineString", "coordinates": [ [ [ -60.694661077188648, -27.601835912292152 ], [ -60.696646065880607, -27.601785356668916 ], [ -60.696553471667045, -27.597553646499957 ], [ -60.694548330709431, -27.597608812552842 ], [ -60.694607703901241, -27.599796794343266 ], [ -60.694607817683476, -27.59981484143184 ], [ -60.694607903020234, -27.599828376748231 ], [ -60.694607988357049, -27.599841912064598 ], [ -60.694608102139547, -27.599859959153051 ], [ -60.694661077188648, -27.601835912292152 ] ] ] } },
{ "type": "Feature", "properties": { "FNODE_": 1024, "TNODE_": 1024, "LPOLY_": 2, "RPOLY_": 1012, "LENGTH": 3537.742, "M0080_": 1024, "M0080_ID": 0 }, "geometry": { "type": "MultiLineString", "coordinates": [ [ [ -60.715266489580756, -27.606166457472337 ], [ -60.720295259704478, -27.60608630694259 ], [ -60.723110774680855, -27.606013011493889 ], [ -60.723050120670578, -27.600630635206102 ], [ -60.723011537427368, -27.597066435822885 ], [ -60.715122252745161, -27.597211075566165 ], [ -60.715266489580756, -27.606166457472337 ] ] ] } },
{ "type": "Feature", "properties": { "FNODE_": 1025, "TNODE_": 1025, "LPOLY_": 2, "RPOLY_": 984, "LENGTH": 7024.586, "M0080_": 1025, "M0080_ID": 0 }, "geometry": { "type": "MultiLineString", "coordinates": [ [ [ -60.707143445522334, -27.606293809484541 ], [ -60.715063906390832, -27.606167501373321 ], [ -60.714919305452902, -27.597153466142849 ], [ -60.714919188356888, -27.597135419126385 ], [ -60.714919100534942, -27.597121883864002 ], [ -60.714919012713068, -27.597108348601601 ], [ -60.714918895617309, -27.597090301585027 ], [ -60.714848791533228, -27.592529125223233 ], [ -60.714831082929038, -27.592141192314635 ], [ -60.714507020297354, -27.59214737237733 ], [ -60.714491799238772, -27.592142938802791 ], [ -60.714476578181362, -27.592138505226554 ], [ -60.714466391811442, -27.592129533831031 ], [ -60.714461240129076, -27.592116024617301 ], [ -60.71445608844801, -27.592102515403333 ], [ -60.714461064635152, -27.592088954070224 ], [ -60.714466040821122, -27.592075392736948 ], [ -60.71447611018764, -27.592066317101263 ], [ -60.714491272734634, -27.5920617271621 ], [ -60.714506435280356, -27.59205713722131 ], [ -60.714830497646865, -27.592050957164933 ], [ -60.714789431835712, -27.591184882167791 ], [ -60.713407923741471, -27.591336368923461 ], [ -60.713400646655444, -27.592559133671987 ], [ -60.713400734273883, -27.592572668947749 ], [ -60.713395787140875, -27.59259074200337 ], [ -60.713385746842206, -27.59260432932118 ], [ -60.713375706541079, -27.592617916638286 ], [ -60.713365637032709, -27.592626992196099 ], [ -60.713350503562864, -27.592636093772892 ], [ -60.713335370090483, -27.59264519534808 ], [ -60.713315143452128, -27.592649811181449 ], [ -60.713299951570633, -27.592649889235581 ], [ -60.71328475968906, -27.592649967288065 ], [ -60.713264474646181, -27.592645559596782 ], [ -60.713249224365001, -27.592636614127983 ], [ -60.713233974086272, -27.592627668657453 ], [ -60.713223787769174, -27.592618697170327 ], [ -60.713213572255178, -27.592605213923648 ], [ -60.713203356743719, -27.592591730676158 ], [ -60.713198175994236, -27.592573709655149 ], [ -60.713198088400667, -27.592560174378789 ], [ -60.713205046571773, -27.591287780243 ], [ -60.713204929785604, -27.59126973320452 ], [ -60.713204842196042, -27.591256197925635 ], [ -60.713204754606572, -27.591242662646717 ], [ -60.713204637820674, -27.591224615608123 ], [ -60.713184015826855, -27.590385506296801 ], [ -60.712541460181278, -27.590474531734166 ], [ -60.712529500230502, -27.592541047817509 ], [ -60.712529587741905, -27.592554583095872 ], [ -60.712524640466043, -27.592572656123181 ], [ -60.71251460006004, -27.592586243380019 ], [ -60.712504559651606, -27.59259983063615 ], [ -60.712494490071599, -27.592608906132131 ], [ -60.712479356529975, -27.592618007615286 ], [ -60.712464222985851, -27.592627109096842 ], [ -60.712443996311293, -27.592631724803933 ], [ -60.712428804429386, -27.5926318027627 ], [ -60.712413612547415, -27.592631880719807 ], [ -60.712393327539701, -27.592627472900496 ], [ -60.712378077329504, -27.592618527334587 ], [ -60.712362827121758, -27.592609581766958 ], [ -60.71235264087575, -27.592600610214507 ], [ -60.712342425468563, -27.592587126901659 ], [ -60.712332210063877, -27.592573643587972 ], [ -60.712327029457015, -27.592555622531709 ], [ -60.712326941970495, -27.592542087252731 ], [ -60.712338964039837, -27.590484594637406 ], [ -60.710834734813275, -27.590451696942708 ], [ -60.710819746152211, -27.591268429610007 ], [ -60.711842741191468, -27.591276724049717 ], [ -60.711857932888535, -27.59127664615858 ], [ -60.71187821762674, -27.591281054062083 ], [ -60.711893467610018, -27.591289999688865 ], [ -60.711908717595747, -27.591298945313913 ], [ -60.711918903683525, -27.591307916903556 ], [ -60.711929118917347, -27.591321400253253 ], [ -60.711939334153676, -27.591334883602144 ], [ -60.71194451463537, -27.591352904678303 ], [ -60.71194460207051, -27.591366439960716 ], [ -60.7119446895057, -27.591379975243104 ], [ -60.711939742181571, -27.591398048253421 ], [ -60.711929701806028, -27.591411635469576 ], [ -60.711919661428034, -27.591425222685029 ], [ -60.71190959190389, -27.591434298138978 ], [ -60.711894458471448, -27.591443399557786 ], [ -60.711879325036485, -27.591452500974967 ], [ -60.711859098549816, -27.591457116594004 ], [ -60.71184390682788, -27.591457194485734 ], [ -60.710820910113164, -27.591448900086419 ], [ -60.710827719501644, -27.592504652278432 ], [ -60.710827806803906, -27.592518187561897 ], [ -60.710822859248992, -27.592536260533883 ], [ -60.710812818633457, -27.592549847671613 ], [ -60.71080277801547, -27.592563434808621 ], [ -60.710792708295628, -27.592572510183789 ], [ -60.710777574613978, -27.592581611484039 ], [ -60.710762440929827, -27.59259071278267 ], [ -60.710742214184734, -27.59259532824305 ], [ -60.710727022302216, -27.592595406015519 ], [ -60.710711830419633, -27.592595483786329 ], [ -60.710691545480827, -27.592591075716918 ], [ -60.710676295409442, -27.592582129961315 ], [ -60.710661045340508, -27.592573184203996 ], [ -60.710650859233517, -27.592564212523953 ], [ -60.71064064403506, -27.592550729081811 ], [ -60.710630428839096, -27.592537245638834 ], [ -60.71062524851088, -27.592519224513694 ], [ -60.710625161233494, -27.592505689229636 ], [ -60.710621699279642, -27.591968789607325 ], [ -60.710322898190199, -27.591965806774247 ], [ -60.710307706393074, -27.59196588449921 ], [ -60.710292543674043, -27.591970473984532 ], [ -60.710277351876179, -27.59197055170619 ], [ -60.710262160078251, -27.591970629426175 ], [ -60.709710162324441, -27.591968940362573 ], [ -60.709734282453297, -27.592568901213284 ], [ -60.70973439867759, -27.592586948262014 ], [ -60.709729450939605, -27.592605021198288 ], [ -60.709719410181314, -27.59261860825945 ], [ -60.709709369420587, -27.592632195319908 ], [ -60.709699299602661, -27.59264127061747 ], [ -60.709684165818572, -27.592650371800314 ], [ -60.709669032031968, -27.592659472981548 ], [ -60.709648805224766, -27.592664088283659 ], [ -60.70963361332916, -27.592664165936675 ], [ -60.70961842143349, -27.592664243588018 ], [ -60.709598136521905, -27.592659835358297 ], [ -60.709582886526782, -27.592650889481185 ], [ -60.709567636534111, -27.592641943602345 ], [ -60.709557450507766, -27.592632971840597 ], [ -60.709547235434599, -27.592619488315734 ], [ -60.70953702036396, -27.592606004790049 ], [ -60.709531840210076, -27.592587983620973 ], [ -60.709507343577599, -27.591929369799587 ], [ -60.709489014923463, -27.591442177031137 ], [ -60.708795404377611, -27.591468279366605 ], [ -60.70881799563746, -27.592618701483079 ], [ -60.708818082693341, -27.592632236772225 ], [ -60.708813134802433, -27.592650309678586 ], [ -60.70880309392561, -27.592663896675585 ], [ -60.708793053046335, -27.592677483671874 ], [ -60.708782983147337, -27.592686558904422 ], [ -60.708767849279077, -27.592695659988856 ], [ -60.708752715408288, -27.59270476107168 ], [ -60.708732488551263, -27.592709376241132 ], [ -60.708717296646398, -27.592709453793994 ], [ -60.708702104741477, -27.592709531345193 ], [ -60.708681819854995, -27.592705122981059 ], [ -60.708666569925519, -27.592696177002072 ], [ -60.708651319998509, -27.592687231021351 ], [ -60.708641134040889, -27.592678259191111 ], [ -60.708630919073926, -27.592664775596884 ], [ -60.708620704109471, -27.592651292001829 ], [ -60.708615524102321, -27.592633270795904 ], [ -60.708615437071323, -27.592619735506165 ], [ -60.708592905940755, -27.59147833684521 ], [ -60.707858783538505, -27.591504641264187 ], [ -60.707876156173477, -27.592632530710784 ], [ -60.707876243113738, -27.592646066002661 ], [ -60.707871295067008, -27.592664138878323 ], [ -60.707861254071226, -27.592677725809384 ], [ -60.707851213072985, -27.592691312739728 ], [ -60.707841143093567, -27.59270038790542 ], [ -60.707826009143226, -27.592709488888651 ], [ -60.707810875190347, -27.592718589870273 ], [ -60.707790648288125, -27.592723204903276 ], [ -60.707775456378258, -27.592723282353116 ], [ -60.707760264468327, -27.592723359801287 ], [ -60.707739979613713, -27.592718951298899 ], [ -60.707724729756308, -27.592710005215057 ], [ -60.707709479901354, -27.592701059129499 ], [ -60.707699294017488, -27.592692087228759 ], [ -60.707689079162783, -27.592678603563105 ], [ -60.70767886431063, -27.592665119896644 ], [ -60.707673684455976, -27.592647098652723 ], [ -60.707673597540591, -27.592633563360252 ], [ -60.707656255947448, -27.591510185614489 ], [ -60.706916982257887, -27.591522975575746 ], [ -60.706944936270915, -27.592723001983746 ], [ -60.706945080981306, -27.592745560807781 ], [ -60.706935097745969, -27.592768171203556 ], [ -60.706925114506639, -27.592790781598627 ], [ -60.706910038347502, -27.592808906013126 ], [ -60.706889898207727, -27.592827056210254 ], [ -60.706978974824224, -27.597239251288553 ], [ -60.706979090620294, -27.597257298335897 ], [ -60.706979177467424, -27.597270833621387 ], [ -60.706979264314604, -27.597284368906845 ], [ -60.706979380110965, -27.59730241595409 ], [ -60.706982535602855, -27.59779419797314 ], [ -60.706982651402242, -27.597812245019036 ], [ -60.70698273825186, -27.597825780303424 ], [ -60.70698282510152, -27.597839315587795 ], [ -60.706982940901192, -27.597857362633572 ], [ -60.70699694872107, -27.598461887054548 ], [ -60.706997064526099, -27.598479934098659 ], [ -60.706997151379952, -27.598493469381708 ], [ -60.706997238233846, -27.598507004664729 ], [ -60.706997354039153, -27.598525051708727 ], [ -60.70701188325836, -27.599210787757468 ], [ -60.707011999069515, -27.599228834799579 ], [ -60.707012085927943, -27.599242370081125 ], [ -60.707012172786463, -27.599255905362647 ], [ -60.707012288597902, -27.599273952404619 ], [ -60.707027020799138, -27.599991270694947 ], [ -60.707027136616617, -27.600009317734955 ], [ -60.707027223479791, -27.600022853014931 ], [ -60.70702731034303, -27.600036388294875 ], [ -60.707027426160778, -27.60005443533478 ], [ -60.707143445522334, -27.606293809484541 ] ] ] } },
{ "type": "Feature", "properties": { "FNODE_": 1026, "TNODE_": 1026, "LPOLY_": 2, "RPOLY_": 1015, "LENGTH": 2928.397, "M0080_": 1026, "M0080_ID": 0 }, "geometry": { "type": "MultiLineString", "coordinates": [ [ [ -60.703061639435631, -27.606355154067803 ], [ -60.706940861740236, -27.606294841533597 ], [ -60.706825259094124, -27.600118631642545 ], [ -60.705635348135495, -27.600156269054612 ], [ -60.705629727545571, -27.600860155265366 ], [ -60.705629814240211, -27.600873690547768 ], [ -60.70562486548544, -27.600891763335909 ], [ -60.705614823482883, -27.600905350107698 ], [ -60.705604781477881, -27.600918936878781 ], [ -60.705594710573571, -27.600928011888371 ], [ -60.705579575317728, -27.600937112640604 ], [ -60.705564440059376, -27.600946213391218 ], [ -60.705544211552947, -27.600950828121494 ], [ -60.705529018501316, -27.60095090534665 ], [ -60.704176952020447, -27.600975818774657 ], [ -60.7041617589609, -27.600975895850222 ], [ -60.704141472710681, -27.600971486852885 ], [ -60.704126221978079, -27.600962540400158 ], [ -60.70411097124795, -27.600953593945707 ], [ -60.704100784872089, -27.600944621800277 ], [ -60.704090569662625, -27.600931137891795 ], [ -60.704080354455698, -27.600917653982506 ], [ -60.704075174766665, -27.600899632621818 ], [ -60.704075088262918, -27.600886097334939 ], [ -60.704080372778478, -27.600128069851024 ], [ -60.704080257443096, -27.600110022799843 ], [ -60.704080170941623, -27.600096487511426 ], [ -60.704080084440221, -27.600082952222976 ], [ -60.704079969105116, -27.600064905171681 ], [ -60.7040752981233, -27.59933399955418 ], [ -60.704075182792643, -27.599315952500913 ], [ -60.704075096294709, -27.599302417210922 ], [ -60.704075009796867, -27.599288881920913 ], [ -60.704074894466473, -27.599270834867532 ], [ -60.704070540822691, -27.598589558567564 ], [ -60.704070425496468, -27.59857151151235 ], [ -60.704070339001852, -27.598557976220903 ], [ -60.704070252507307, -27.59854444092942 ], [ -60.704070137181347, -27.598526393874078 ], [ -60.704071309205631, -27.597917280042999 ], [ -60.704071193882548, -27.597899232986034 ], [ -60.704071107390327, -27.597885697693272 ], [ -60.704071020898155, -27.597872162400485 ], [ -60.704070905575357, -27.597854115343402 ], [ -60.704068080200301, -27.597411962430002 ], [ -60.702786955156881, -27.597436501916363 ], [ -60.702921483930545, -27.601852980662965 ], [ -60.70292159908464, -27.601871027714111 ], [ -60.702921685450271, -27.601884563002436 ], [ -60.70292177181598, -27.601898098290746 ], [ -60.70292188697033, -27.601916145341768 ], [ -60.703061639435631, -27.606355154067803 ] ] ] } },
{ "type": "Feature", "properties": { "FNODE_": 1027, "TNODE_": 1027, "LPOLY_": 1, "RPOLY_": 2, "LENGTH": 25348.438, "M0080_": 1027, "M0080_ID": 0 }, "geometry": { "type": "MultiLineString", "coordinates": [ [ [ -60.702946305399493, -27.606536214498931 ], [ -60.702961499229907, -27.606536137542157 ], [ -60.707007859926954, -27.606474976384938 ], [ -60.707028118338485, -27.606474873182936 ], [ -60.707043312147057, -27.606474795779508 ], [ -60.707058505955573, -27.6064747183744 ], [ -60.707078764366855, -27.606474615165009 ], [ -60.715130917687993, -27.606347632057222 ], [ -60.715151176040308, -27.606347527670017 ], [ -60.715166369804479, -27.606347449377672 ], [ -60.715181563568585, -27.606347371083668 ], [ -60.71520182192063, -27.606347266689074 ], [ -60.720296439923054, -27.606266776659307 ], [ -60.723147411513409, -27.606193296383175 ], [ -60.723167669801605, -27.606193190826431 ], [ -60.723188076209524, -27.606215643966824 ], [ -60.723213458324722, -27.606224535492878 ], [ -60.723238840443919, -27.6062334270142 ], [ -60.723264163312891, -27.606233295050952 ], [ -60.723289486181656, -27.606233163083083 ], [ -60.723314749791903, -27.606224007630843 ], [ -60.723340013397824, -27.606214852174066 ], [ -60.723360182796064, -27.606201211369601 ], [ -60.72338032255746, -27.606183058822431 ], [ -60.723395397741726, -27.606164932670357 ], [ -60.723405378718638, -27.606142321175142 ], [ -60.723415359691558, -27.606119709679188 ], [ -60.723415211525783, -27.606097150979917 ], [ -60.723354572120954, -27.600719286919226 ], [ -60.745915255194035, -27.600482574477034 ], [ -60.745935695618385, -27.600509535941814 ], [ -60.745961169789432, -27.600531958466579 ], [ -60.745991677706996, -27.600549842048625 ], [ -60.746022155082407, -27.600563213903186 ], [ -60.746057635646046, -27.600567535090267 ], [ -60.746093116212251, -27.600571856268218 ], [ -60.746128535668362, -27.600567153996188 ], [ -60.74616395512124, -27.600562451715195 ], [ -60.746194249166159, -27.600548753209264 ], [ -60.746224512643224, -27.600530542976486 ], [ -60.746249681264374, -27.600507848243687 ], [ -60.746269755029871, -27.600480669013596 ], [ -60.754185467924486, -27.600473980680142 ], [ -60.75420066074529, -27.600473898130861 ], [ -60.754220886952019, -27.600469276350449 ], [ -60.754236017995673, -27.600460170373111 ], [ -60.754251149036811, -27.600451064394143 ], [ -60.754261215803389, -27.600441985932569 ], [ -60.754271251678695, -27.60042839575819 ], [ -60.754281287551564, -27.60041480558311 ], [ -60.75428622826167, -27.600396731215085 ], [ -60.754286135591258, -27.600383196078809 ], [ -60.754184660983285, -27.595916984834126 ], [ -60.754184537462869, -27.595898937973679 ], [ -60.754184444822634, -27.595885402828308 ], [ -60.754184352182456, -27.595871867682906 ], [ -60.754184228662332, -27.595853820822345 ], [ -60.754081316094826, -27.591175555690775 ], [ -60.754081192616205, -27.59115750881756 ], [ -60.754081100007305, -27.591143973662604 ], [ -60.754081007398469, -27.591130438507641 ], [ -60.754080883920139, -27.591112391634322 ], [ -60.754060537375167, -27.590359017138276 ], [ -60.754060413904227, -27.590340970262865 ], [ -60.754060321301097, -27.590327435106268 ], [ -60.754060228698023, -27.590313899949642 ], [ -60.754060105227374, -27.5902958530741 ], [ -60.753883032689906, -27.582175414042062 ], [ -60.753882909290937, -27.582157367144621 ], [ -60.753913166481503, -27.582139155313751 ], [ -60.753923139087895, -27.582116541712761 ], [ -60.753933111690294, -27.582093928111075 ], [ -60.753932957431878, -27.582071369489267 ], [ -60.75393280317364, -27.582048810867384 ], [ -60.753922522062872, -27.582026307225181 ], [ -60.753912240956417, -27.582003803582051 ], [ -60.753896927279975, -27.581985839151283 ], [ -60.753881613608591, -27.581967874718675 ], [ -60.753816949526801, -27.579175364048336 ], [ -60.75381682615437, -27.579157317142837 ], [ -60.753816733625115, -27.579143781963673 ], [ -60.753816641095924, -27.579130246784477 ], [ -60.753816517723784, -27.579112199878853 ], [ -60.753720968172345, -27.574763251439141 ], [ -60.753720844838746, -27.574745204521765 ], [ -60.753720752338609, -27.574731669333694 ], [ -60.75372065983855, -27.574718134145602 ], [ -60.753720536505213, -27.574700087228109 ], [ -60.753603206243717, -27.570125659081725 ], [ -60.753603082953674, -27.570107612151808 ], [ -60.753633336936055, -27.570089400415757 ], [ -60.753643308572904, -27.570066786816597 ], [ -60.753653280205768, -27.57004417321674 ], [ -60.753653126083528, -27.570021614554339 ], [ -60.753652971961465, -27.569999055891842 ], [ -60.753642692092576, -27.569976552166601 ], [ -60.753632412227986, -27.569954048440433 ], [ -60.753617100319047, -27.569936083913511 ], [ -60.753601788415132, -27.56991811938477 ], [ -60.753558898473614, -27.568086520486116 ], [ -60.753558775201498, -27.568068473550703 ], [ -60.753558682747496, -27.568054938349121 ], [ -60.753558590293544, -27.568041403147507 ], [ -60.753558467021719, -27.568023356211985 ], [ -60.753558066389076, -27.567964703671212 ], [ -60.753475384103709, -27.564012725653178 ], [ -60.753475260866587, -27.563994678706838 ], [ -60.753505513219793, -27.563976467015845 ], [ -60.753515484362083, -27.56395385341667 ], [ -60.753525455500409, -27.563931239816782 ], [ -60.753525301444327, -27.563908681133853 ], [ -60.753525147388423, -27.563886122450839 ], [ -60.753514868146425, -27.563863618684579 ], [ -60.753504588908683, -27.563841114917391 ], [ -60.753489277893728, -27.563823150343325 ], [ -60.753473966883803, -27.563805185767428 ], [ -60.753384306822916, -27.556604669777808 ], [ -60.753384183639497, -27.556586622811842 ], [ -60.753384091252009, -27.556573087587335 ], [ -60.753383998864578, -27.55655955236281 ], [ -60.753383875681429, -27.556541505396726 ], [ -60.753363034816033, -27.554971474055581 ], [ -60.753383160383123, -27.554953317305639 ], [ -60.753398223759845, -27.554935187998769 ], [ -60.753408194154098, -27.55491257439401 ], [ -60.753418164544357, -27.55488996078855 ], [ -60.753418010569391, -27.554867402075701 ], [ -60.753417856594616, -27.554844843362766 ], [ -60.75340757826288, -27.554822339542238 ], [ -60.753397299935422, -27.554799835720786 ], [ -60.753381990229123, -27.554781871086266 ], [ -60.753361618351882, -27.554763933894321 ], [ -60.753341277272938, -27.554750508441952 ], [ -60.75331590481477, -27.554741622171978 ], [ -60.753290532360602, -27.554732735897268 ], [ -60.753265221487503, -27.554732873103486 ], [ -60.74665407635765, -27.554777577027156 ], [ -60.745763223245589, -27.554795896623048 ], [ -60.74573269772425, -27.554773500872209 ], [ -60.7457022331742, -27.554760128615598 ], [ -60.745666767403343, -27.554755807017585 ], [ -60.745631301635044, -27.55475148541046 ], [ -60.745595896819552, -27.55475618729572 ], [ -60.74556049200082, -27.554760889172012 ], [ -60.745530210308885, -27.554774587381985 ], [ -60.745499989551831, -27.554797309087128 ], [ -60.738281002509076, -27.554790731317109 ], [ -60.738255691536018, -27.55479086578983 ], [ -60.738230380562783, -27.554791000257939 ], [ -60.73820506958937, -27.55479113472143 ], [ -60.738179758615786, -27.55479126918031 ], [ -60.730328316019467, -27.55483726760745 ], [ -60.725048431631038, -27.554864916699092 ], [ -60.724537177698544, -27.554872095247941 ], [ -60.72335875246398, -27.554269124383389 ], [ -60.723333323267646, -27.5542512090414 ], [ -60.72500896597748, -27.554251500626371 ], [ -60.725029214717047, -27.554251394980639 ], [ -60.725044401271639, -27.554251315744395 ], [ -60.725059587826166, -27.554251236506509 ], [ -60.725079806929493, -27.554246619081503 ], [ -60.725094934210091, -27.554237516295984 ], [ -60.725110061488181, -27.554228413508866 ], [ -60.725120126580457, -27.554219337135294 ], [ -60.725130162033096, -27.554205748989169 ], [ -60.725140197483285, -27.554192160842319 ], [ -60.725145141111085, -27.554174087338943 ], [ -60.725145052195472, -27.554160552023291 ], [ -60.725144963279924, -27.554147016707617 ], [ -60.725144844725961, -27.554128969620017 ], [ -60.725141051057292, -27.553551462791823 ], [ -60.72514093250696, -27.55353341570267 ], [ -60.725140843594289, -27.553519880385753 ], [ -60.725140754681682, -27.553506345068836 ], [ -60.725140636131627, -27.553488297979555 ], [ -60.725137198228182, -27.552964932369804 ], [ -60.725137079681424, -27.552946885279098 ], [ -60.725136990771453, -27.552933349961048 ], [ -60.725136901861525, -27.552919814642966 ], [ -60.725136783315051, -27.552901767552139 ], [ -60.725133078793654, -27.552337795940161 ], [ -60.725132960250747, -27.552319748847804 ], [ -60.725132871343632, -27.552306213528517 ], [ -60.725132782436603, -27.552292678209199 ], [ -60.725132663893959, -27.552274631116735 ], [ -60.725129166935993, -27.551742241867693 ], [ -60.725129048396738, -27.551724194773783 ], [ -60.725128959492359, -27.551710659453324 ], [ -60.725128870588044, -27.551697124132826 ], [ -60.725128752049045, -27.551679077038798 ], [ -60.72512481069046, -27.551079011135386 ], [ -60.72512472178903, -27.551065475813651 ], [ -60.725119541216046, -27.551047455130337 ], [ -60.725109328240876, -27.55103397263267 ], [ -60.72509911526825, -27.551020490134182 ], [ -60.725088931930387, -27.551011519408874 ], [ -60.725073686558325, -27.55100257509341 ], [ -60.725058441188708, -27.550993630776222 ], [ -60.72503816341662, -27.550989224640695 ], [ -60.725022977310729, -27.550989303867649 ], [ -60.722805805185303, -27.551000853197475 ], [ -60.722785438879505, -27.550982911402635 ], [ -60.722765102117592, -27.550969481380967 ], [ -60.722739732860425, -27.550960589458196 ], [ -60.722714363607281, -27.550951697530699 ], [ -60.722689053426322, -27.550951829151334 ], [ -60.722663743245207, -27.550951960767346 ], [ -60.722638492128041, -27.550961115931699 ], [ -60.722613241006584, -27.550970271091536 ], [ -60.722593081448686, -27.550983911703231 ], [ -60.722572951415195, -27.551002064088603 ], [ -60.722557883414559, -27.551020190152276 ], [ -60.722547906977809, -27.551042801672367 ], [ -60.722537930537079, -27.551065413191736 ], [ -60.7225380781776, -27.5510879720742 ], [ -60.722542182652766, -27.551715108977017 ], [ -60.722551172179507, -27.552315148848884 ], [ -60.722560339070824, -27.552942259318495 ], [ -60.722564178205459, -27.553528790077099 ], [ -60.722573434038345, -27.554169435757156 ], [ -60.722574290510835, -27.554300277214924 ], [ -60.719947336733611, -27.554363543265751 ], [ -60.719927087950751, -27.554363648171417 ], [ -60.719911901363517, -27.554363726848727 ], [ -60.719896714776226, -27.554363805524375 ], [ -60.719876465993089, -27.554363910422655 ], [ -60.71736061247698, -27.554385944639133 ], [ -60.717340363678481, -27.55438604916797 ], [ -60.71732517707953, -27.554386127562662 ], [ -60.717309990480508, -27.554386205955691 ], [ -60.717289741681761, -27.554386310477149 ], [ -60.711331673287368, -27.554439496697704 ], [ -60.711311308158493, -27.554421553206584 ], [ -60.711290972108841, -27.554408121497744 ], [ -60.711265602928897, -27.554399227481959 ], [ -60.711240233752974, -27.554390333461473 ], [ -60.711214922719975, -27.554390463007319 ], [ -60.711189611686819, -27.554390592548572 ], [ -60.711164358788309, -27.554399745656404 ], [ -60.711139105885543, -27.554408898759732 ], [ -60.711118944252064, -27.554422537738976 ], [ -60.71109881167839, -27.554440688500993 ], [ -60.705287766004524, -27.554528958686898 ], [ -60.705267401820365, -27.554511014292025 ], [ -60.705247066468516, -27.554497581685307 ], [ -60.705221697728753, -27.554488686557395 ], [ -60.70519632899299, -27.554479791424772 ], [ -60.705171017906338, -27.554479919870229 ], [ -60.705145706819529, -27.554480048311056 ], [ -60.70512045337356, -27.554489200330149 ], [ -60.705095199923313, -27.55449835234473 ], [ -60.705075037506177, -27.554511990461201 ], [ -60.705054903901939, -27.554530140366268 ], [ -60.702675717308928, -27.55455121527644 ], [ -60.702655468415536, -27.554551317666125 ], [ -60.70264028174541, -27.554551394456464 ], [ -60.702625095075241, -27.554551471245137 ], [ -60.702604846181579, -27.554551573627453 ], [ -60.699066636107204, -27.554614537607836 ], [ -60.699046387186527, -27.554614639471875 ], [ -60.699031200495945, -27.55461471586796 ], [ -60.699016013805306, -27.554614792262395 ], [ -60.698995764884366, -27.554614894119052 ], [ -60.697072059926668, -27.554615533450768 ], [ -60.697051810997181, -27.554615635024181 ], [ -60.697036624299997, -27.554615711202299 ], [ -60.69702143760275, -27.554615787378772 ], [ -60.697001188673013, -27.554615888944799 ], [ -60.695107998507616, -27.554638907738692 ], [ -60.695087749565374, -27.554639009025994 ], [ -60.695072562858634, -27.55463908498955 ], [ -60.695057376151823, -27.554639160951421 ], [ -60.695037127209311, -27.554639262231355 ], [ -60.692956604450856, -27.554658676625628 ], [ -60.692936355495732, -27.554658777599517 ], [ -60.692921168779328, -27.554658853328011 ], [ -60.692905982062861, -27.554658929054835 ], [ -60.692885733107481, -27.554659030021348 ], [ -60.691007783257774, -27.554690940864226 ], [ -60.690987534288382, -27.554691041554257 ], [ -60.690967115865213, -27.554664071411665 ], [ -60.690941748176961, -27.554655173656258 ], [ -60.690916380492709, -27.55464627589614 ], [ -60.690891069290714, -27.554646401741383 ], [ -60.690865758088556, -27.55464652758204 ], [ -60.690840503360363, -27.554655677028236 ], [ -60.690815248627899, -27.554664826469921 ], [ -60.69079508436819, -27.554678462547159 ], [ -60.690774948337896, -27.554696610426674 ], [ -60.690759874544696, -27.554714733139573 ], [ -60.690749891224577, -27.554737342492558 ], [ -60.690744913679644, -27.554750903071341 ], [ -60.689578524094081, -27.559286688469896 ], [ -60.688146898929496, -27.563521476391383 ], [ -60.687629774377974, -27.565031025133827 ], [ -60.687016724043666, -27.566586165636785 ], [ -60.687006879405672, -27.566631333720885 ], [ -60.68700341234274, -27.567700680539062 ], [ -60.68702744646604, -27.569933971223897 ], [ -60.687037145947492, -27.570678392941645 ], [ -60.687033740911147, -27.570944614077497 ], [ -60.6870338814159, -27.570967173068063 ], [ -60.687044147909425, -27.57098968197478 ], [ -60.687054414407235, -27.57101219088058 ], [ -60.687069715803183, -27.571030162944485 ], [ -60.687090080201052, -27.57104810996287 ], [ -60.687101803927284, -27.572117380961139 ], [ -60.687101916347807, -27.572135428150293 ], [ -60.687102000663266, -27.572148963542141 ], [ -60.687102084978783, -27.572162498933945 ], [ -60.687102197399568, -27.572180546122993 ], [ -60.68720071351283, -27.576615290678085 ], [ -60.687200825971004, -27.576633337855188 ], [ -60.687200910314722, -27.576646873237983 ], [ -60.687200994658504, -27.576660408620739 ], [ -60.687201107116962, -27.576678455797722 ], [ -60.687222819796389, -27.577725116819455 ], [ -60.687222932263502, -27.577743163993599 ], [ -60.68722301661392, -27.577756699374152 ], [ -60.687223100964367, -27.577770234754691 ], [ -60.68722321343175, -27.577788281928701 ], [ -60.687249540229189, -27.578762729032018 ], [ -60.687249652705653, -27.578780776203342 ], [ -60.687249737063041, -27.578794311581806 ], [ -60.687249821420501, -27.578807846960242 ], [ -60.687249933897213, -27.578825894131452 ], [ -60.687271985387291, -27.579926696312917 ], [ -60.687256907657449, -27.579944818653846 ], [ -60.687241829922677, -27.579962940993205 ], [ -60.687231843709689, -27.579985550066692 ], [ -60.687221857492702, -27.580008159139478 ], [ -60.687221998090052, -27.580030718099717 ], [ -60.687222138687567, -27.580053277059879 ], [ -60.687232406107697, -27.580075785907297 ], [ -60.687242673532133, -27.580098294753824 ], [ -60.687257976253015, -27.5801162667501 ], [ -60.687278342392808, -27.580134213686392 ], [ -60.687367034114004, -27.584614120833706 ], [ -60.687351955776641, -27.58463224318422 ], [ -60.68733687743434, -27.58465036553315 ], [ -60.687326890838484, -27.584672974605702 ], [ -60.687316904238621, -27.584695583677551 ], [ -60.687317044883422, -27.584718142622076 ], [ -60.687317185528379, -27.584740701566574 ], [ -60.687327453426285, -27.584763210383571 ], [ -60.68733772132849, -27.584785719199648 ], [ -60.687353024732815, -27.584803691161259 ], [ -60.687373391771217, -27.584821638055512 ], [ -60.687425776352342, -27.589161852141217 ], [ -60.687410697419821, -27.589179974497497 ], [ -60.687395618482391, -27.589198096852172 ], [ -60.687385631508029, -27.589220705921527 ], [ -60.687375644529702, -27.589243314990174 ], [ -60.687375785213682, -27.589265873919668 ], [ -60.687375925897832, -27.589288432849091 ], [ -60.687386194252603, -27.589310941639166 ], [ -60.687396462611666, -27.589333450428327 ], [ -60.687411766673883, -27.589351422360078 ], [ -60.687432134578977, -27.589369369218556 ], [ -60.687575790062908, -27.592915030059284 ], [ -60.687575902660406, -27.59293307719259 ], [ -60.687575987108616, -27.592946612542512 ], [ -60.687576071556855, -27.592960147892423 ], [ -60.687576184154636, -27.592978195025601 ], [ -60.687751045478208, -27.599898614777967 ], [ -60.687751129972909, -27.599912150113823 ], [ -60.687756306955407, -27.599930172136173 ], [ -60.687766520097725, -27.599943657287195 ], [ -60.687776733242544, -27.599957142437397 ], [ -60.687786918223452, -27.599966115808247 ], [ -60.687802167530862, -27.599975064084504 ], [ -60.687817416840709, -27.599984012359016 ], [ -60.687837702310084, -27.599988423758219 ], [ -60.687852895286255, -27.599988348471797 ], [ -60.690101342064921, -27.599959140644472 ], [ -60.690121599351421, -27.599959039931974 ], [ -60.690136792316238, -27.599958964395668 ], [ -60.690151985280998, -27.599958888857692 ], [ -60.69017224256725, -27.599958788137819 ], [ -60.692106671202168, -27.599926596896839 ], [ -60.692126928474103, -27.599926495891818 ], [ -60.692142121427992, -27.599926420136111 ], [ -60.692157314381809, -27.599926344378748 ], [ -60.692177571653481, -27.59992624336633 ], [ -60.694405899330413, -27.599919625728404 ], [ -60.694459069901903, -27.601927161390439 ], [ -60.694459155228017, -27.601940696703135 ], [ -60.694464333405179, -27.601958718448184 ], [ -60.694474547551046, -27.6019722030832 ], [ -60.694484761699435, -27.601985687717381 ], [ -60.694494947406774, -27.601994660579912 ], [ -60.694510197526654, -27.602003608101427 ], [ -60.694525447648999, -27.602012555621211 ], [ -60.69454573373978, -27.602016966026952 ], [ -60.694560926974141, -27.602016890001234 ], [ -60.696713044431505, -27.601965496969502 ], [ -60.696733302058512, -27.601965395285379 ], [ -60.69674849527869, -27.601965319020358 ], [ -60.69676368849882, -27.601965242753671 ], [ -60.696783946125571, -27.601965141062159 ], [ -60.698577003168111, -27.601996735559066 ], [ -60.698592196386642, -27.601996659092148 ], [ -60.698612454011268, -27.601996557133688 ], [ -60.69862764722965, -27.601996480662908 ], [ -60.698642840447988, -27.601996404190452 ], [ -60.698663098072338, -27.601996302224606 ], [ -60.698678291290534, -27.60199622574827 ], [ -60.700718959404938, -27.601940819664968 ], [ -60.700734152608781, -27.601940742963759 ], [ -60.700754438913691, -27.601945152457727 ], [ -60.700769632118032, -27.601945075752621 ], [ -60.700784825322302, -27.601944999045852 ], [ -60.700805082927921, -27.60194489676757 ], [ -60.702719685198936, -27.601975823997861 ], [ -60.702859631192858, -27.606446415359066 ], [ -60.702859717567648, -27.606459950638659 ], [ -60.702864897341705, -27.6064779720292 ], [ -60.702875112933619, -27.606491456010399 ], [ -60.702885328528055, -27.606504939990767 ], [ -60.702895515331868, -27.606513912210545 ], [ -60.702910766746925, -27.606522858778938 ], [ -60.702926018164426, -27.606531805345604 ], [ -60.702946305399493, -27.606536214498931 ] ] ] } }
]
}
