{
"type": "FeatureCollection",
"name": "mzas_poligonos_22_va",
"crs": { "type": "name", "properties": { "name": "urn:ogc:def:crs:OGC:1.3:CRS84" } },
"features": [
{ "type": "Feature", "properties": { "ArcIds": [ -2, 3, 4, -1 ], "AREA": 16077.375, "PERIMETER": 600.503, "CODLOC": "030", "NOMMUNI": "VILLA ANGELA", "NOMLOC": "VILLA ANGELA", "FRAC": "02", "RADIO": "14", "MZA": "001", "MZATXT": 1, "UGEO": "", "MZAM": "", "TMZA": 24, "DEPTO10": "098", "FRAC10": "02", "RADIO10": "02", "MZA10": "027", "CEN2010": "0980202027", "LINK2010": "220980202027", "DF": "09802", "TFRAC": 904, "DFR": "0980214", "TRADIO": 156, "DFRM": "0980214001", "FRACN": 2, "RADION": 14 }, "geometry": { "type": "Polygon", "coordinates": [ [ [ -60.722694044790678, -27.551714319324521 ], [ -60.722689939452991, -27.551087182442672 ], [ -60.725023569902952, -27.551079539348393 ], [ -60.72502771812573, -27.551711187680453 ], [ -60.722694044790678, -27.551714319324521 ] ] ] } },
{ "type": "Feature", "properties": { "ArcIds": [ -5, 6, 7, -3 ], "AREA": 15253.875, "PERIMETER": 593.005, "CODLOC": "030", "NOMMUNI": "VILLA ANGELA", "NOMLOC": "VILLA ANGELA", "FRAC": "02", "RADIO": "14", "MZA": "002", "MZATXT": 2, "UGEO": "", "MZAM": "", "TMZA": 21, "DEPTO10": "098", "FRAC10": "02", "RADIO10": "02", "MZA10": "028", "CEN2010": "0980202028", "LINK2010": "220980202028", "DF": "09802", "TFRAC": 904, "DFR": "0980214", "TRADIO": 156, "DFRM": "0980214002", "FRACN": 2, "RADION": 14 }, "geometry": { "type": "Polygon", "coordinates": [ [ [ -60.722703035142487, -27.552314359170794 ], [ -60.722694044790678, -27.551714319324521 ], [ -60.72502771812573, -27.551711187680453 ], [ -60.725031629430951, -27.55230674176898 ], [ -60.722703035142487, -27.552314359170794 ] ] ] } },
{ "type": "Feature", "properties": { "ArcIds": [ -8, 9, 10, -6 ], "AREA": 15967.5, "PERIMETER": 598.503, "CODLOC": "030", "NOMMUNI": "VILLA ANGELA", "NOMLOC": "VILLA ANGELA", "FRAC": "02", "RADIO": "14", "MZA": "003", "MZATXT": 3, "UGEO": "", "MZAM": "", "TMZA": 21, "DEPTO10": "098", "FRAC10": "02", "RADIO10": "02", "MZA10": "029", "CEN2010": "0980202029", "LINK2010": "220980202029", "DF": "09802", "TFRAC": 904, "DFR": "0980214", "TRADIO": 156, "DFRM": "0980214003", "FRACN": 2, "RADION": 14 }, "geometry": { "type": "Polygon", "coordinates": [ [ [ -60.722712202896119, -27.552941469613867 ], [ -60.722703035142487, -27.552314359170794 ], [ -60.725031629430951, -27.55230674176898 ], [ -60.725035748283744, -27.552933878215544 ], [ -60.722712202896119, -27.552941469613867 ] ] ] } },
{ "type": "Feature", "properties": { "ArcIds": [ -11, 12, 13, -9 ], "AREA": 14917.5, "PERIMETER": 589.001, "CODLOC": "030", "NOMMUNI": "VILLA ANGELA", "NOMLOC": "VILLA ANGELA", "FRAC": "02", "RADIO": "14", "MZA": "004", "MZATXT": 4, "UGEO": "", "MZAM": "", "TMZA": 23, "DEPTO10": "098", "FRAC10": "02", "RADIO10": "02", "MZA10": "030", "CEN2010": "0980202030", "LINK2010": "220980202030", "DF": "09802", "TFRAC": 904, "DFR": "0980214", "TRADIO": 156, "DFRM": "0980214004", "FRACN": 2, "RADION": 14 }, "geometry": { "type": "Polygon", "coordinates": [ [ [ -60.722716042837483, -27.553528000352859 ], [ -60.722712202896119, -27.552941469613867 ], [ -60.725035748283744, -27.552933878215544 ], [ -60.725039600568763, -27.553520408653387 ], [ -60.722716042837483, -27.553528000352859 ] ] ] } },
{ "type": "Feature", "properties": { "ArcIds": [ -14, 15, 16, -12 ], "AREA": 16276.625, "PERIMETER": 600.503, "CODLOC": "030", "NOMMUNI": "VILLA ANGELA", "NOMLOC": "VILLA ANGELA", "FRAC": "02", "RADIO": "14", "MZA": "005", "MZATXT": 5, "UGEO": "", "MZAM": "", "TMZA": 31, "DEPTO10": "098", "FRAC10": "02", "RADIO10": "02", "MZA10": "031", "CEN2010": "0980202031", "LINK2010": "220980202031", "DF": "09802", "TFRAC": 904, "DFR": "0980214", "TRADIO": 156, "DFRM": "0980214005", "FRACN": 2, "RADION": 14 }, "geometry": { "type": "Polygon", "coordinates": [ [ [ -60.722725299551371, -27.554168646005948 ], [ -60.722716042837483, -27.553528000352859 ], [ -60.725039600568763, -27.553520408653387 ], [ -60.725043808582477, -27.55416108030526 ], [ -60.722725299551371, -27.554168646005948 ] ] ] } },
{ "type": "Feature", "properties": { "ArcIds": [ -17, -31, 29, -15 ], "AREA": 13466.25, "PERIMETER": 593.746, "CODLOC": "030", "NOMMUNI": "VILLA ANGELA", "NOMLOC": "VILLA ANGELA", "FRAC": "02", "RADIO": "14", "MZA": "006", "MZATXT": 6, "UGEO": "", "MZAM": "", "TMZA": 6, "DEPTO10": "098", "FRAC10": "02", "RADIO10": "02", "MZA10": "032", "CEN2010": "0980202032", "LINK2010": "220980202032", "DF": "09802", "TFRAC": 904, "DFR": "0980214", "TRADIO": 156, "DFRM": "0980214006", "FRACN": 2, "RADION": 14 }, "geometry": { "type": "Polygon", "coordinates": [ [ [ -60.72272671746201, -27.554385211168842 ], [ -60.722725299551371, -27.554168646005948 ], [ -60.725043808582477, -27.55416108030526 ], [ -60.725049320698083, -27.555000269843493 ], [ -60.72449756837797, -27.555007659558253 ], [ -60.723283588278463, -27.554386825741744 ], [ -60.72272671746201, -27.554385211168842 ] ] ] } },
{ "type": "Feature", "properties": { "ArcIds": [ 31, -110, -296, -359, 360, 358, 357, 353, 350, 348, 345, 346, 288, 241, 199, 198, -30 ], "AREA": 720747.625, "PERIMETER": 3605.807, "CODLOC": "030", "NOMMUNI": "VILLA ANGELA", "NOMLOC": "VILLA ANGELA", "FRAC": "02", "RADIO": "14", "MZA": "007", "MZATXT": 7, "UGEO": "", "MZAM": "", "TMZA": 20, "DEPTO10": "098", "FRAC10": "02", "RADIO10": "02", "MZA10": "005", "CEN2010": "0980202005", "LINK2010": "220980202005", "DF": "09802", "TFRAC": 904, "DFR": "0980214", "TRADIO": 156, "DFRM": "0980214007", "FRACN": 2, "RADION": 14 }, "geometry": { "type": "Polygon", "coordinates": [ [ [ -60.725049320698083, -27.555000269843493 ], [ -60.72449756837797, -27.555007659558253 ], [ -60.723283588278463, -27.554386825741744 ], [ -60.72272671746201, -27.554385211168842 ], [ -60.722787462620332, -27.559023155434087 ], [ -60.722845261971266, -27.563209919686749 ], [ -60.722856649733558, -27.564175411695032 ], [ -60.723509700975868, -27.564167500357001 ], [ -60.724142501488927, -27.564159691505093 ], [ -60.724760084289372, -27.564147447239527 ], [ -60.725392884460945, -27.56413963269577 ], [ -60.726557201897478, -27.564120012762032 ], [ -60.727756986875761, -27.564104709206042 ], [ -60.729078393675465, -27.564106804761455 ], [ -60.729072014091166, -27.563141287737487 ], [ -60.729065455971082, -27.562148700001419 ], [ -60.729058898186651, -27.561156112122038 ], [ -60.730339649991862, -27.561140361826684 ], [ -60.730329211559408, -27.554972620593297 ], [ -60.725049320698083, -27.555000269843493 ] ] ] } },
{ "type": "Feature", "properties": { "ArcIds": [ -104, -106, -150, -185, -230, -282, -351, 352, 349, -391, -428, 429, 430, 427, 426, 425, 423, 359, 296, 110, -18, 0, -111, 0, -297 ], "AREA": 489470.375, "PERIMETER": 3430.337, "CODLOC": "030", "NOMMUNI": "VILLA ANGELA", "NOMLOC": "VILLA ANGELA", "FRAC": "01", "RADIO": "01", "MZA": "001", "MZATXT": 1, "UGEO": "", "MZAM": "", "TMZA": 64, "DEPTO10": "098", "FRAC10": "01", "RADIO10": "03", "MZA10": "001", "CEN2010": "0980103001", "LINK2010": "220980103001", "DF": "09801", "TFRAC": 4496, "DFR": "0980101", "TRADIO": 268, "DFRM": "0980101001", "FRACN": 1, "RADION": 1 }, "geometry": { "type": "Polygon", "coordinates": [ [ [ -60.719958900960584, -27.558464825971601 ], [ -60.719912489862871, -27.554453962387566 ], [ -60.72272671746201, -27.554385211168842 ], [ -60.722787462620332, -27.559023155434087 ], [ -60.722845261971266, -27.563209919686749 ], [ -60.722856649733558, -27.564175411695032 ], [ -60.722847787152091, -27.565141008934411 ], [ -60.722756658788171, -27.565141483058554 ], [ -60.722073225514499, -27.565149548852414 ], [ -60.721303755837447, -27.56516256993692 ], [ -60.720589975476578, -27.56517529791774 ], [ -60.719982423075557, -27.565173935977221 ], [ -60.719974210225658, -27.564691202820025 ], [ -60.719960581581084, -27.564154354617074 ], [ -60.718785959634666, -27.564146901047845 ], [ -60.717550849912897, -27.564180357289299 ], [ -60.71749877303418, -27.563178978939106 ], [ -60.717482017875056, -27.562159370308883 ], [ -60.717465175251533, -27.561126226197239 ], [ -60.717427936677751, -27.560070627607935 ], [ -60.71740257224257, -27.558505119665753 ], [ -60.719958900960584, -27.558464825971601 ] ] ] } },
{ "type": "Feature", "properties": { "ArcIds": [ -48, -57, -83, -105, 106, 104, -19, 0, -49 ], "AREA": 112621.75, "PERIMETER": 1399.082, "CODLOC": "030", "NOMMUNI": "VILLA ANGELA", "NOMLOC": "VILLA ANGELA", "FRAC": "01", "RADIO": "01", "MZA": "002", "MZATXT": 2, "UGEO": "", "MZAM": "", "TMZA": 17, "DEPTO10": "098", "FRAC10": "01", "RADIO10": "03", "MZA10": "075", "CEN2010": "0980103075", "LINK2010": "220980103075", "DF": "09801", "TFRAC": 4496, "DFR": "0980101", "TRADIO": 268, "DFRM": "0980101002", "FRACN": 1, "RADION": 1 }, "geometry": { "type": "Polygon", "coordinates": [ [ [ -60.717384225288946, -27.556461310620271 ], [ -60.717325763465013, -27.554476363152531 ], [ -60.719912489862871, -27.554453962387566 ], [ -60.719958900960584, -27.558464825971601 ], [ -60.71740257224257, -27.558505119665753 ], [ -60.717399199624843, -27.557986265317545 ], [ -60.717396989121816, -27.556867318367004 ], [ -60.717384225288946, -27.556461310620271 ] ] ] } },
{ "type": "Feature", "properties": { "ArcIds": [ -36, -59, 60, -114, 115, 112, 86, 58, 56, 57, 48, -20 ], "AREA": 190033.5, "PERIMETER": 2227.597, "CODLOC": "030", "NOMMUNI": "VILLA ANGELA", "NOMLOC": "VILLA ANGELA", "FRAC": "01", "RADIO": "01", "MZA": "003", "MZATXT": 3, "UGEO": "", "MZAM": "", "TMZA": 8, "DEPTO10": "098", "FRAC10": "01", "RADIO10": "03", "MZA10": "058", "CEN2010": "0980103058", "LINK2010": "220980103058", "DF": "09801", "TFRAC": 4496, "DFR": "0980101", "TRADIO": 268, "DFRM": "0980101003", "FRACN": 1, "RADION": 1 }, "geometry": { "type": "Polygon", "coordinates": [ [ [ -60.711223353153429, -27.5556988806905 ], [ -60.711215794807408, -27.554525816572301 ], [ -60.717325763465013, -27.554476363152531 ], [ -60.717384225288946, -27.556461310620271 ], [ -60.717396989121816, -27.556867318367004 ], [ -60.716151601278845, -27.556864718700741 ], [ -60.714962044830237, -27.556884380262112 ], [ -60.714969263791929, -27.557998789890092 ], [ -60.71497624933599, -27.559077105107239 ], [ -60.713766418921224, -27.559096861080469 ], [ -60.71373198916173, -27.556904239673678 ], [ -60.711236352231928, -27.556930571887722 ], [ -60.711223353153429, -27.5556988806905 ] ] ] } },
{ "type": "Feature", "properties": { "ArcIds": [ -38, -102, -103, -101, -99, -100, 98, -82, 59, 36, -21, 0, -35, 0, -81 ], "AREA": 251503.25, "PERIMETER": 2038.171, "CODLOC": "030", "NOMMUNI": "VILLA ANGELA", "NOMLOC": "VILLA ANGELA", "FRAC": "01", "RADIO": "02", "MZA": "001", "MZATXT": 1, "UGEO": "", "MZAM": "0001", "TMZA": 7, "DEPTO10": "098", "FRAC10": "01", "RADIO10": "18", "MZA10": "001", "CEN2010": "0980118001", "LINK2010": "220980118001", "DF": "09801", "TFRAC": 4496, "DFR": "0980102", "TRADIO": 278, "DFRM": "0980102001", "FRACN": 1, "RADION": 2 }, "geometry": { "type": "Polygon", "coordinates": [ [ [ -60.705200260001774, -27.555887495878643 ], [ -60.70517188258642, -27.554615273610665 ], [ -60.711215794807408, -27.554525816572301 ], [ -60.711223353153429, -27.5556988806905 ], [ -60.711236352231928, -27.556930571887722 ], [ -60.711247810932974, -27.557923138355235 ], [ -60.711250544030655, -27.558347245964534 ], [ -60.70890677356347, -27.558377271255278 ], [ -60.707686707966637, -27.558378978676682 ], [ -60.706461810724839, -27.558416795424783 ], [ -60.705252070756792, -27.558450012516747 ], [ -60.705200260001774, -27.555887495878643 ] ] ] } },
{ "type": "Feature", "properties": { "ArcIds": [ 22, -39, -61, -62, -78, -88, 90, -129, -130, 128, 102, 38, 0, -37 ], "AREA": 118283.0, "PERIMETER": 1737.672, "CODLOC": "030", "NOMMUNI": "VILLA ANGELA", "NOMLOC": "VILLA ANGELA", "FRAC": "08", "RADIO": "01", "MZA": "001", "MZATXT": 1, "UGEO": "", "MZAM": "", "TMZA": 16, "DEPTO10": "098", "FRAC10": "01", "RADIO10": "02", "MZA10": "001", "CEN2010": "0980102001", "LINK2010": "220980102001", "DF": "09808", "TFRAC": 4286, "DFR": "0980801", "TRADIO": 253, "DFRM": "0980801001", "FRACN": 8, "RADION": 1 }, "geometry": { "type": "Polygon", "coordinates": [ [ [ -60.70517188258642, -27.554615273610665 ], [ -60.702640856131197, -27.554641630331975 ], [ -60.702674525185174, -27.555954434194327 ], [ -60.702708051780419, -27.557244678827409 ], [ -60.703791422617279, -27.557243707724879 ], [ -60.703794213296398, -27.557681351432048 ], [ -60.703796773871787, -27.558082900788378 ], [ -60.702733759248815, -27.558101816841837 ], [ -60.702761708192313, -27.559310874414564 ], [ -60.705257173904016, -27.55924859907654 ], [ -60.705252070756792, -27.558450012516747 ], [ -60.705200260001774, -27.555887495878643 ], [ -60.70517188258642, -27.554615273610665 ] ] ] } },
{ "type": "Feature", "properties": { "ArcIds": [ 24, -43, -65, -66, -64, 61, 39, 0, -40, 0, -63 ], "AREA": 103288.5, "PERIMETER": 1292.651, "CODLOC": "030", "NOMMUNI": "VILLA ANGELA", "NOMLOC": "VILLA ANGELA", "FRAC": "08", "RADIO": "01", "MZA": "002", "MZATXT": 2, "UGEO": "", "MZAM": "", "TMZA": 37, "DEPTO10": "098", "FRAC10": "01", "RADIO10": "02", "MZA10": "002", "CEN2010": "0980102002", "LINK2010": "220980102002", "DF": "09808", "TFRAC": 4286, "DFR": "0980801", "TRADIO": 253, "DFRM": "0980801002", "FRACN": 8, "RADION": 1 }, "geometry": { "type": "Polygon", "coordinates": [ [ [ -60.702640856131197, -27.554641630331975 ], [ -60.6990317719331, -27.554704951812468 ], [ -60.699063107598498, -27.556455427031953 ], [ -60.69908375267029, -27.557317103612395 ], [ -60.700804780787529, -27.557281362631517 ], [ -60.702708051780419, -27.557244678827409 ], [ -60.702674525185174, -27.555954434194327 ], [ -60.702640856131197, -27.554641630331975 ] ] ] } },
{ "type": "Feature", "properties": { "ArcIds": [ 23, -46, -47, -45, -44, 43 ], "AREA": 38266.75, "PERIMETER": 782.529, "CODLOC": "030", "NOMMUNI": "VILLA ANGELA", "NOMLOC": "VILLA ANGELA", "FRAC": "08", "RADIO": "01", "MZA": "003", "MZATXT": 3, "UGEO": "", "MZAM": "", "TMZA": 7, "DEPTO10": "098", "FRAC10": "01", "RADIO10": "02", "MZA10": "003", "CEN2010": "0980102003", "LINK2010": "220980102003", "DF": "09808", "TFRAC": 4286, "DFR": "0980801", "TRADIO": 253, "DFRM": "0980801003", "FRACN": 8, "RADION": 1 }, "geometry": { "type": "Polygon", "coordinates": [ [ [ -60.6990317719331, -27.554704951812468 ], [ -60.697037194106748, -27.554705947185226 ], [ -60.697073617454443, -27.556465421641345 ], [ -60.697731718633378, -27.556462118688703 ], [ -60.698379695069214, -27.556458863505984 ], [ -60.699063107598498, -27.556455427031953 ], [ -60.6990317719331, -27.554704951812468 ] ] ] } },
{ "type": "Feature", "properties": { "ArcIds": [ 25, -120, -121, 122, 96, 71, 46 ], "AREA": 97028.75, "PERIMETER": 1389.607, "CODLOC": "030", "NOMMUNI": "VILLA ANGELA", "NOMLOC": "VILLA ANGELA", "FRAC": "08", "RADIO": "02", "MZA": "001", "MZATXT": 1, "UGEO": "", "MZAM": "", "TMZA": 19, "DEPTO10": "098", "FRAC10": "01", "RADIO10": "02", "MZA10": "004", "CEN2010": "0980102004", "LINK2010": "220980102004", "DF": "09808", "TFRAC": 4286, "DFR": "0980802", "TRADIO": 216, "DFRM": "0980802001", "FRACN": 8, "RADION": 2 }, "geometry": { "type": "Polygon", "coordinates": [ [ [ -60.697037194106748, -27.554705947185226 ], [ -60.695073131060454, -27.554729321009894 ], [ -60.695172390355843, -27.559236254141428 ], [ -60.697131642087996, -27.559239973621768 ], [ -60.697105008716733, -27.558229432818852 ], [ -60.697094360987677, -27.55734514599347 ], [ -60.697073617454443, -27.556465421641345 ], [ -60.697037194106748, -27.554705947185226 ] ] ] } },
{ "type": "Feature", "properties": { "ArcIds": [ 26, -42, -50, -53, -75, -124, -125, 120 ], "AREA": 105383.25, "PERIMETER": 1421.72, "CODLOC": "030", "NOMMUNI": "VILLA ANGELA", "NOMLOC": "VILLA ANGELA", "FRAC": "08", "RADIO": "02", "MZA": "002", "MZATXT": 2, "UGEO": "", "MZAM": "", "TMZA": 9, "DEPTO10": "098", "FRAC10": "01", "RADIO10": "02", "MZA10": "005", "CEN2010": "0980102005", "LINK2010": "220980102005", "DF": "09808", "TFRAC": 4286, "DFR": "0980802", "TRADIO": 216, "DFRM": "0980802002", "FRACN": 8, "RADION": 2 }, "geometry": { "type": "Polygon", "coordinates": [ [ [ -60.695073131060454, -27.554729321009894 ], [ -60.692921735223024, -27.554749089389322 ], [ -60.692965073491891, -27.556007705608788 ], [ -60.692984452737264, -27.556675376559795 ], [ -60.692985387536247, -27.556824266015102 ], [ -60.692993934213732, -27.557379192345504 ], [ -60.69306658211395, -27.559273845605816 ], [ -60.695172390355843, -27.559236254141428 ], [ -60.695073131060454, -27.554729321009894 ] ] ] } },
{ "type": "Feature", "properties": { "ArcIds": [ -126, -127, 124, -74, -73, -51, -41, 42, -27 ], "AREA": 114814.25, "PERIMETER": 1785.341, "CODLOC": "030", "NOMMUNI": "VILLA ANGELA", "NOMLOC": "VILLA ANGELA", "FRAC": "02", "RADIO": "15", "MZA": "001", "MZATXT": 1, "UGEO": "", "MZAM": "0001", "TMZA": 21, "DEPTO10": "098", "FRAC10": "02", "RADIO10": "14", "MZA10": "001", "CEN2010": "0980214001", "LINK2010": "220980214001", "DF": "09802", "TFRAC": 904, "DFR": "0980215", "TRADIO": 437, "DFRM": "0980215001", "FRACN": 2, "RADION": 15 }, "geometry": { "type": "Polygon", "coordinates": [ [ [ -60.689725560852409, -27.559322054202255 ], [ -60.690891916467585, -27.554781755891316 ], [ -60.692921735223024, -27.554749089389322 ], [ -60.692965073491891, -27.556007705608788 ], [ -60.691775376109931, -27.556004609552481 ], [ -60.691779617719824, -27.55668138001662 ], [ -60.691783972593306, -27.557376197623888 ], [ -60.692993934213732, -27.557379192345504 ], [ -60.69306658211395, -27.559273845605816 ], [ -60.689725560852409, -27.559322054202255 ] ] ] } },
{ "type": "Feature", "properties": { "ArcIds": [ -139, -140, 135, -33 ], "AREA": 357454.75, "PERIMETER": 2447.549, "CODLOC": "030", "NOMMUNI": "VILLA ANGELA", "NOMLOC": "VILLA ANGELA", "FRAC": "02", "RADIO": "02", "MZA": "003", "MZATXT": 3, "UGEO": "", "MZAM": "", "TMZA": 5, "DEPTO10": "098", "FRAC10": "02", "RADIO10": "02", "MZA10": "003", "CEN2010": "0980202003", "LINK2010": "220980202003", "DF": "09802", "TFRAC": 904, "DFR": "0980202", "TRADIO": 100, "DFRM": "0980202003", "FRACN": 2, "RADION": 2 }, "geometry": { "type": "Polygon", "coordinates": [ [ [ -60.738276530142862, -27.55941998197957 ], [ -60.738231285790043, -27.554926353004447 ], [ -60.745632520703545, -27.554931955436441 ], [ -60.745682153254315, -27.559281172956133 ], [ -60.742361222555189, -27.559298955923637 ], [ -60.742137961320978, -27.559223446070483 ], [ -60.741754220087223, -27.559374388346615 ], [ -60.738276530142862, -27.55941998197957 ] ] ] } },
{ "type": "Feature", "properties": { "ArcIds": [ -198, -235, 236, -285, -340, 341, 342, 338, 139, -28 ], "AREA": 765289.125, "PERIMETER": 3584.026, "CODLOC": "030", "NOMMUNI": "VILLA ANGELA", "NOMLOC": "VILLA ANGELA", "FRAC": "02", "RADIO": "02", "MZA": "004", "MZATXT": 4, "UGEO": "", "MZAM": "", "TMZA": 1, "DEPTO10": "098", "FRAC10": "02", "RADIO10": "02", "MZA10": "004", "CEN2010": "0980202004", "LINK2010": "220980202004", "DF": "09802", "TFRAC": 904, "DFR": "0980202", "TRADIO": 100, "DFRM": "0980202004", "FRACN": 2, "RADION": 2 }, "geometry": { "type": "Polygon", "coordinates": [ [ [ -60.730339649991862, -27.561140361826684 ], [ -60.730329211559408, -27.554972620593297 ], [ -60.738231285790043, -27.554926353004447 ], [ -60.738276530142862, -27.55941998197957 ], [ -60.738307319395624, -27.564021970751117 ], [ -60.735431931676004, -27.564064293130858 ], [ -60.731584306103791, -27.564080095717991 ], [ -60.731577994339169, -27.563128114509638 ], [ -60.731571353859678, -27.562126503806901 ], [ -60.730341156751081, -27.562132976036928 ], [ -60.730339649991862, -27.561140361826684 ] ] ] } },
{ "type": "Feature", "properties": { "ArcIds": [ -55, -54, -32 ], "AREA": 122820.883, "PERIMETER": 1667.016, "CODLOC": "030", "NOMMUNI": "VILLA ANGELA", "NOMLOC": "VILLA ANGELA", "FRAC": "02", "RADIO": "02", "MZA": "001", "MZATXT": 1, "UGEO": "", "MZAM": "", "TMZA": 1, "DEPTO10": "098", "FRAC10": "02", "RADIO10": "02", "MZA10": "001", "CEN2010": "0980202001", "LINK2010": "220980202001", "DF": "09802", "TFRAC": 904, "DFR": "0980202", "TRADIO": 100, "DFRM": "0980202001", "FRACN": 2, "RADION": 2 }, "geometry": { "type": "Polygon", "coordinates": [ [ [ -60.753282846072786, -27.556573636486366 ], [ -60.747177756483616, -27.556606598782718 ], [ -60.747096821278284, -27.556616057786833 ], [ -60.747015794451137, -27.556611981499856 ], [ -60.746939738299467, -27.556594342709051 ], [ -60.746868652849223, -27.556563141421979 ], [ -60.746802568649656, -27.556522889393985 ], [ -60.746746517449601, -27.556469047678597 ], [ -60.746705592037287, -27.556406100832788 ], [ -60.746674760663282, -27.556338587820861 ], [ -60.746659116086413, -27.5562709931969 ], [ -60.74666365948741, -27.556194266267664 ], [ -60.746654991913047, -27.554912929514977 ], [ -60.75326614514735, -27.554868225386887 ], [ -60.753282846072786, -27.556573636486366 ] ] ] } },
{ "type": "Feature", "properties": { "ArcIds": [ -135, -333, 334, -332, 55, -34 ], "AREA": 633522.875, "PERIMETER": 3498.048, "CODLOC": "030", "NOMMUNI": "VILLA ANGELA", "NOMLOC": "VILLA ANGELA", "FRAC": "02", "RADIO": "02", "MZA": "002", "MZATXT": 2, "UGEO": "", "MZAM": "", "TMZA": 11, "DEPTO10": "098", "FRAC10": "02", "RADIO10": "02", "MZA10": "002", "CEN2010": "0980202002", "LINK2010": "220980202002", "DF": "09802", "TFRAC": 904, "DFR": "0980202", "TRADIO": 100, "DFRM": "0980202002", "FRACN": 2, "RADION": 2 }, "geometry": { "type": "Polygon", "coordinates": [ [ [ -60.745682153254315, -27.559281172956133 ], [ -60.745632520703545, -27.554931955436441 ], [ -60.746654991913047, -27.554912929514977 ], [ -60.74666365948741, -27.556194266267664 ], [ -60.746659116086413, -27.5562709931969 ], [ -60.746674760663282, -27.556338587820861 ], [ -60.746705592037287, -27.556406100832788 ], [ -60.746746517449601, -27.556469047678597 ], [ -60.746802568649656, -27.556522889393985 ], [ -60.746868652849223, -27.556563141421979 ], [ -60.746939738299467, -27.556594342709051 ], [ -60.747015794451137, -27.556611981499856 ], [ -60.747096821278284, -27.556616057786833 ], [ -60.747177756483616, -27.556606598782718 ], [ -60.753282846072786, -27.556573636486366 ], [ -60.753373423584748, -27.563909504810226 ], [ -60.745683332891943, -27.563950993294952 ], [ -60.745682153254315, -27.559281172956133 ] ] ] } },
{ "type": "Feature", "properties": { "ArcIds": [ 41, 51, -52, 50 ], "AREA": 8809.25, "PERIMETER": 385.519, "CODLOC": "030", "NOMMUNI": "VILLA ANGELA", "NOMLOC": "VILLA ANGELA", "FRAC": "02", "RADIO": "15", "MZA": "002", "MZATXT": 2, "UGEO": "", "MZAM": "0010", "TMZA": 13, "DEPTO10": "098", "FRAC10": "02", "RADIO10": "14", "MZA10": "010", "CEN2010": "0980214010", "LINK2010": "220980214010", "DF": "09802", "TFRAC": 904, "DFR": "0980215", "TRADIO": 437, "DFRM": "0980215002", "FRACN": 2, "RADION": 15 }, "geometry": { "type": "Polygon", "coordinates": [ [ [ -60.692965073491891, -27.556007705608788 ], [ -60.691775376109931, -27.556004609552481 ], [ -60.691779617719824, -27.55668138001662 ], [ -60.692984452737264, -27.556675376559795 ], [ -60.692965073491891, -27.556007705608788 ] ] ] } },
{ "type": "Feature", "properties": { "ArcIds": [ 44, -67, -68, 65 ], "AREA": 6535.125, "PERIMETER": 328.014, "CODLOC": "030", "NOMMUNI": "VILLA ANGELA", "NOMLOC": "VILLA ANGELA", "FRAC": "08", "RADIO": "01", "MZA": "006", "MZATXT": 6, "UGEO": "", "MZAM": "", "TMZA": 18, "DEPTO10": "098", "FRAC10": "01", "RADIO10": "02", "MZA10": "026", "CEN2010": "0980102026", "LINK2010": "220980102026", "DF": "09808", "TFRAC": 4286, "DFR": "0980801", "TRADIO": 253, "DFRM": "0980801006", "FRACN": 8, "RADION": 1 }, "geometry": { "type": "Polygon", "coordinates": [ [ [ -60.699063107598498, -27.556455427031953 ], [ -60.698379695069214, -27.556458863505984 ], [ -60.698385176292653, -27.557325128415044 ], [ -60.69908375267029, -27.557317103612395 ], [ -60.699063107598498, -27.556455427031953 ] ] ] } },
{ "type": "Feature", "properties": { "ArcIds": [ 45, -69, -70, 67 ], "AREA": 6176.0, "PERIMETER": 321.008, "CODLOC": "030", "NOMMUNI": "VILLA ANGELA", "NOMLOC": "VILLA ANGELA", "FRAC": "08", "RADIO": "01", "MZA": "005", "MZATXT": 5, "UGEO": "", "MZAM": "", "TMZA": 18, "DEPTO10": "098", "FRAC10": "01", "RADIO10": "02", "MZA10": "027", "CEN2010": "0980102027", "LINK2010": "220980102027", "DF": "09808", "TFRAC": 4286, "DFR": "0980801", "TRADIO": 253, "DFRM": "0980801005", "FRACN": 8, "RADION": 1 }, "geometry": { "type": "Polygon", "coordinates": [ [ [ -60.698379695069214, -27.556458863505984 ], [ -60.697731718633378, -27.556462118688703 ], [ -60.697737251816584, -27.557337407310705 ], [ -60.698385176292653, -27.557325128415044 ], [ -60.698379695069214, -27.556458863505984 ] ] ] } },
{ "type": "Feature", "properties": { "ArcIds": [ 47, -71, -72, 69 ], "AREA": 6248.5, "PERIMETER": 323.014, "CODLOC": "030", "NOMMUNI": "VILLA ANGELA", "NOMLOC": "VILLA ANGELA", "FRAC": "08", "RADIO": "01", "MZA": "004", "MZATXT": 4, "UGEO": "", "MZAM": "", "TMZA": 18, "DEPTO10": "098", "FRAC10": "01", "RADIO10": "02", "MZA10": "028", "CEN2010": "0980102028", "LINK2010": "220980102028", "DF": "09808", "TFRAC": 4286, "DFR": "0980801", "TRADIO": 253, "DFRM": "0980801004", "FRACN": 8, "RADION": 1 }, "geometry": { "type": "Polygon", "coordinates": [ [ [ -60.697731718633378, -27.556462118688703 ], [ -60.697073617454443, -27.556465421641345 ], [ -60.697094360987677, -27.55734514599347 ], [ -60.697737251816584, -27.557337407310705 ], [ -60.697731718633378, -27.556462118688703 ] ] ] } },
{ "type": "Feature", "properties": { "ArcIds": [ 52, 73, 74, 75, 53 ], "AREA": 9237.625, "PERIMETER": 393.506, "CODLOC": "030", "NOMMUNI": "VILLA ANGELA", "NOMLOC": "VILLA ANGELA", "FRAC": "02", "RADIO": "15", "MZA": "003", "MZATXT": 3, "UGEO": "", "MZAM": "0009", "TMZA": 16, "DEPTO10": "098", "FRAC10": "02", "RADIO10": "14", "MZA10": "009", "CEN2010": "0980214009", "LINK2010": "220980214009", "DF": "09802", "TFRAC": 904, "DFR": "0980215", "TRADIO": 437, "DFRM": "0980215003", "FRACN": 2, "RADION": 15 }, "geometry": { "type": "Polygon", "coordinates": [ [ [ -60.692984452737264, -27.556675376559795 ], [ -60.691779617719824, -27.55668138001662 ], [ -60.691783972593306, -27.557376197623888 ], [ -60.692993934213732, -27.557379192345504 ], [ -60.692985387536247, -27.556824266015102 ], [ -60.692984452737264, -27.556675376559795 ] ] ] } },
{ "type": "Feature", "properties": { "ArcIds": [ -76, -84, 85, 83, -56 ], "AREA": 15108.75, "PERIMETER": 492.031, "CODLOC": "030", "NOMMUNI": "VILLA ANGELA", "NOMLOC": "VILLA ANGELA", "FRAC": "01", "RADIO": "01", "MZA": "006", "MZATXT": 6, "UGEO": "", "MZAM": "", "TMZA": 2, "DEPTO10": "098", "FRAC10": "01", "RADIO10": "03", "MZA10": "076", "CEN2010": "0980103076", "LINK2010": "220980103076", "DF": "09801", "TFRAC": 4496, "DFR": "0980101", "TRADIO": 268, "DFRM": "0980101006", "FRACN": 1, "RADION": 1 }, "geometry": { "type": "Polygon", "coordinates": [ [ [ -60.716170359816722, -27.557415077450983 ], [ -60.716151601278845, -27.556864718700741 ], [ -60.717396989121816, -27.556867318367004 ], [ -60.717399199624843, -27.557986265317545 ], [ -60.716184231904549, -27.55799253291471 ], [ -60.716170359816722, -27.557415077450983 ] ] ] } },
{ "type": "Feature", "properties": { "ArcIds": [ -86, 87, 84, 76, -58, 0, -77 ], "AREA": 14773.125, "PERIMETER": 486.036, "CODLOC": "030", "NOMMUNI": "VILLA ANGELA", "NOMLOC": "VILLA ANGELA", "FRAC": "01", "RADIO": "01", "MZA": "005", "MZATXT": 5, "UGEO": "", "MZAM": "", "TMZA": 17, "DEPTO10": "098", "FRAC10": "01", "RADIO10": "03", "MZA10": "077", "CEN2010": "0980103077", "LINK2010": "220980103077", "DF": "09801", "TFRAC": 4496, "DFR": "0980101", "TRADIO": 268, "DFRM": "0980101005", "FRACN": 1, "RADION": 1 }, "geometry": { "type": "Polygon", "coordinates": [ [ [ -60.714969263791929, -27.557998789890092 ], [ -60.714962044830237, -27.556884380262112 ], [ -60.716151601278845, -27.556864718700741 ], [ -60.716170359816722, -27.557415077450983 ], [ -60.716184231904549, -27.55799253291471 ], [ -60.714969263791929, -27.557998789890092 ] ] ] } },
{ "type": "Feature", "properties": { "ArcIds": [ 82, -98, -117, 118, 116, 114, -60 ], "AREA": 60186.125, "PERIMETER": 980.545, "CODLOC": "030", "NOMMUNI": "VILLA ANGELA", "NOMLOC": "VILLA ANGELA", "FRAC": "01", "RADIO": "01", "MZA": "004", "MZATXT": 4, "UGEO": "", "MZAM": "", "TMZA": 15, "DEPTO10": "098", "FRAC10": "01", "RADIO10": "03", "MZA10": "078", "CEN2010": "0980103078", "LINK2010": "220980103078", "DF": "09801", "TFRAC": 4496, "DFR": "0980101", "TRADIO": 268, "DFRM": "0980101004", "FRACN": 1, "RADION": 1 }, "geometry": { "type": "Polygon", "coordinates": [ [ [ -60.711236352231928, -27.556930571887722 ], [ -60.711247810932974, -27.557923138355235 ], [ -60.711250544030655, -27.558347245964534 ], [ -60.711270819676365, -27.559136730189746 ], [ -60.712607212040588, -27.559116346900908 ], [ -60.713766418921224, -27.559096861080469 ], [ -60.71373198916173, -27.556904239673678 ], [ -60.711236352231928, -27.556930571887722 ] ] ] } },
{ "type": "Feature", "properties": { "ArcIds": [ 62, -79, -80, 78 ], "AREA": 5218.5, "PERIMETER": 311.012, "CODLOC": "030", "NOMMUNI": "VILLA ANGELA", "NOMLOC": "VILLA ANGELA", "FRAC": "08", "RADIO": "01", "MZA": "007", "MZATXT": 7, "UGEO": "", "MZAM": "", "TMZA": 14, "DEPTO10": "098", "FRAC10": "01", "RADIO10": "02", "MZA10": "024", "CEN2010": "0980102024", "LINK2010": "220980102024", "DF": "09808", "TFRAC": 4286, "DFR": "0980801", "TRADIO": 253, "DFRM": "0980801007", "FRACN": 8, "RADION": 1 }, "geometry": { "type": "Polygon", "coordinates": [ [ [ -60.703791422617279, -27.557243707724879 ], [ -60.702708051780419, -27.557244678827409 ], [ -60.702721020350538, -27.557691295016049 ], [ -60.703794213296398, -27.557681351432048 ], [ -60.703791422617279, -27.557243707724879 ] ] ] } },
{ "type": "Feature", "properties": { "ArcIds": [ 64, 66, -91, -119, 131, -132, 129, 89, 79 ], "AREA": 81913.25, "PERIMETER": 1172.665, "CODLOC": "030", "NOMMUNI": "VILLA ANGELA", "NOMLOC": "VILLA ANGELA", "FRAC": "08", "RADIO": "01", "MZA": "009", "MZATXT": 9, "UGEO": "", "MZAM": "", "TMZA": 21, "DEPTO10": "098", "FRAC10": "01", "RADIO10": "02", "MZA10": "006", "CEN2010": "0980102006", "LINK2010": "220980102006", "DF": "09808", "TFRAC": 4286, "DFR": "0980801", "TRADIO": 253, "DFRM": "0980801009", "FRACN": 8, "RADION": 1 }, "geometry": { "type": "Polygon", "coordinates": [ [ [ -60.702708051780419, -27.557244678827409 ], [ -60.700804780787529, -27.557281362631517 ], [ -60.69908375267029, -27.557317103612395 ], [ -60.699099307249178, -27.558174293753474 ], [ -60.699126073173083, -27.559202881020308 ], [ -60.699137255579963, -27.559369766457461 ], [ -60.702761708192313, -27.559310874414564 ], [ -60.702733759248815, -27.558101816841837 ], [ -60.702721020350538, -27.557691295016049 ], [ -60.702708051780419, -27.557244678827409 ] ] ] } },
{ "type": "Feature", "properties": { "ArcIds": [ 68, -92, -93, 91 ], "AREA": 6637.75, "PERIMETER": 330.023, "CODLOC": "030", "NOMMUNI": "VILLA ANGELA", "NOMLOC": "VILLA ANGELA", "FRAC": "08", "RADIO": "01", "MZA": "010", "MZATXT": 10, "UGEO": "", "MZAM": "", "TMZA": 18, "DEPTO10": "098", "FRAC10": "01", "RADIO10": "02", "MZA10": "029", "CEN2010": "0980102029", "LINK2010": "220980102029", "DF": "09808", "TFRAC": 4286, "DFR": "0980801", "TRADIO": 253, "DFRM": "0980801010", "FRACN": 8, "RADION": 1 }, "geometry": { "type": "Polygon", "coordinates": [ [ [ -60.69908375267029, -27.557317103612395 ], [ -60.698385176292653, -27.557325128415044 ], [ -60.698390657760946, -27.558191393215051 ], [ -60.699099307249178, -27.558174293753474 ], [ -60.69908375267029, -27.557317103612395 ] ] ] } },
{ "type": "Feature", "properties": { "ArcIds": [ 70, -94, -95, 92 ], "AREA": 6176.0, "PERIMETER": 321.039, "CODLOC": "030", "NOMMUNI": "VILLA ANGELA", "NOMLOC": "VILLA ANGELA", "FRAC": "08", "RADIO": "01", "MZA": "011", "MZATXT": 11, "UGEO": "", "MZAM": "", "TMZA": 10, "DEPTO10": "098", "FRAC10": "01", "RADIO10": "02", "MZA10": "030", "CEN2010": "0980102030", "LINK2010": "220980102030", "DF": "09808", "TFRAC": 4286, "DFR": "0980801", "TRADIO": 253, "DFRM": "0980801011", "FRACN": 8, "RADION": 1 }, "geometry": { "type": "Polygon", "coordinates": [ [ [ -60.698385176292653, -27.557325128415044 ], [ -60.697737251816584, -27.557337407310705 ], [ -60.697742785249545, -27.558212695821346 ], [ -60.698390657760946, -27.558191393215051 ], [ -60.698385176292653, -27.557325128415044 ] ] ] } },
{ "type": "Feature", "properties": { "ArcIds": [ 72, -96, -97, 94 ], "AREA": 6167.125, "PERIMETER": 321.521, "CODLOC": "030", "NOMMUNI": "VILLA ANGELA", "NOMLOC": "VILLA ANGELA", "FRAC": "08", "RADIO": "01", "MZA": "012", "MZATXT": 12, "UGEO": "", "MZAM": "", "TMZA": 19, "DEPTO10": "098", "FRAC10": "01", "RADIO10": "02", "MZA10": "031", "CEN2010": "0980102031", "LINK2010": "220980102031", "DF": "09808", "TFRAC": 4286, "DFR": "0980801", "TRADIO": 253, "DFRM": "0980801012", "FRACN": 8, "RADION": 1 }, "geometry": { "type": "Polygon", "coordinates": [ [ [ -60.697737251816584, -27.557337407310705 ], [ -60.697094360987677, -27.55734514599347 ], [ -60.697105008716733, -27.558229432818852 ], [ -60.697742785249545, -27.558212695821346 ], [ -60.697737251816584, -27.557337407310705 ] ] ] } },
{ "type": "Feature", "properties": { "ArcIds": [ 80, -89, -90, 88 ], "AREA": 4748.0, "PERIMETER": 301.023, "CODLOC": "030", "NOMMUNI": "VILLA ANGELA", "NOMLOC": "VILLA ANGELA", "FRAC": "08", "RADIO": "01", "MZA": "008", "MZATXT": 8, "UGEO": "", "MZAM": "", "TMZA": 14, "DEPTO10": "098", "FRAC10": "01", "RADIO10": "02", "MZA10": "025", "CEN2010": "0980102025", "LINK2010": "220980102025", "DF": "09808", "TFRAC": 4286, "DFR": "0980801", "TRADIO": 253, "DFRM": "0980801008", "FRACN": 8, "RADION": 1 }, "geometry": { "type": "Polygon", "coordinates": [ [ [ -60.703794213296398, -27.557681351432048 ], [ -60.702721020350538, -27.557691295016049 ], [ -60.702733759248815, -27.558101816841837 ], [ -60.703796773871787, -27.558082900788378 ], [ -60.703794213296398, -27.557681351432048 ] ] ] } },
{ "type": "Feature", "properties": { "ArcIds": [ -87, -112, -152, 153, 151, 150, 105, -85, 0, -113 ], "AREA": 55765.5, "PERIMETER": 943.565, "CODLOC": "030", "NOMMUNI": "VILLA ANGELA", "NOMLOC": "VILLA ANGELA", "FRAC": "01", "RADIO": "01", "MZA": "007", "MZATXT": 7, "UGEO": "", "MZAM": "", "TMZA": 8, "DEPTO10": "098", "FRAC10": "01", "RADIO10": "03", "MZA10": "079", "CEN2010": "0980103079", "LINK2010": "220980103079", "DF": "09801", "TFRAC": 4496, "DFR": "0980101", "TRADIO": 268, "DFRM": "0980101007", "FRACN": 1, "RADION": 1 }, "geometry": { "type": "Polygon", "coordinates": [ [ [ -60.714969263791929, -27.557998789890092 ], [ -60.716184231904549, -27.55799253291471 ], [ -60.717399199624843, -27.557986265317545 ], [ -60.71740257224257, -27.558505119665753 ], [ -60.717427936677751, -27.560070627607935 ], [ -60.716223158787322, -27.560090379030246 ], [ -60.715013317750874, -27.560110146065366 ], [ -60.71497624933599, -27.559077105107239 ], [ -60.714969263791929, -27.557998789890092 ] ] ] } },
{ "type": "Feature", "properties": { "ArcIds": [ 93, 95, 97, -122, -123, 119 ], "AREA": 22281.25, "PERIMETER": 620.123, "CODLOC": "030", "NOMMUNI": "VILLA ANGELA", "NOMLOC": "VILLA ANGELA", "FRAC": "08", "RADIO": "02", "MZA": "003", "MZATXT": 3, "UGEO": "", "MZAM": "", "TMZA": 0, "DEPTO10": "098", "FRAC10": "01", "RADIO10": "02", "MZA10": "032", "CEN2010": "0980102032", "LINK2010": "220980102032", "DF": "09808", "TFRAC": 4286, "DFR": "0980802", "TRADIO": 216, "DFRM": "0980802003", "FRACN": 8, "RADION": 2 }, "geometry": { "type": "Polygon", "coordinates": [ [ [ -60.699099307249178, -27.558174293753474 ], [ -60.698390657760946, -27.558191393215051 ], [ -60.697742785249545, -27.558212695821346 ], [ -60.697105008716733, -27.558229432818852 ], [ -60.697131642087996, -27.559239973621768 ], [ -60.699126073173083, -27.559202881020308 ], [ -60.699099307249178, -27.558174293753474 ] ] ] } },
{ "type": "Feature", "properties": { "ArcIds": [ 100, -133, -148, -162, -163, -168, 169, 158, 117 ], "AREA": 53773.5, "PERIMETER": 936.289, "CODLOC": "030", "NOMMUNI": "VILLA ANGELA", "NOMLOC": "VILLA ANGELA", "FRAC": "01", "RADIO": "02", "MZA": "002", "MZATXT": 2, "UGEO": "", "MZAM": "0005", "TMZA": 4, "DEPTO10": "098", "FRAC10": "01", "RADIO10": "18", "MZA10": "005", "CEN2010": "0980118005", "LINK2010": "220980118005", "DF": "09801", "TFRAC": 4496, "DFR": "0980102", "TRADIO": 278, "DFRM": "0980102002", "FRACN": 1, "RADION": 2 }, "geometry": { "type": "Polygon", "coordinates": [ [ [ -60.711250544030655, -27.558347245964534 ], [ -60.70890677356347, -27.558377271255278 ], [ -60.708933833824744, -27.559437437380968 ], [ -60.708901787565651, -27.559965496956565 ], [ -60.708950219165288, -27.56041193110169 ], [ -60.710185407302056, -27.560396599185825 ], [ -60.711375788675525, -27.560498795897598 ], [ -60.711363598812852, -27.560178511248079 ], [ -60.711270819676365, -27.559136730189746 ], [ -60.711250544030655, -27.558347245964534 ] ] ] } },
{ "type": "Feature", "properties": { "ArcIds": [ 99, 107, -137, -138, 133 ], "AREA": 14448.875, "PERIMETER": 480.629, "CODLOC": "030", "NOMMUNI": "VILLA ANGELA", "NOMLOC": "VILLA ANGELA", "FRAC": "01", "RADIO": "02", "MZA": "003", "MZATXT": 3, "UGEO": "", "MZAM": "0004", "TMZA": 0, "DEPTO10": "098", "FRAC10": "01", "RADIO10": "18", "MZA10": "004", "CEN2010": "0980118004", "LINK2010": "220980118004", "DF": "09801", "TFRAC": 4496, "DFR": "0980102", "TRADIO": 278, "DFRM": "0980102003", "FRACN": 1, "RADION": 2 }, "geometry": { "type": "Polygon", "coordinates": [ [ [ -60.70890677356347, -27.558377271255278 ], [ -60.707686707966637, -27.558378978676682 ], [ -60.707700333404865, -27.55892485324155 ], [ -60.707719108283783, -27.559484237331308 ], [ -60.708933833824744, -27.559437437380968 ], [ -60.70890677356347, -27.558377271255278 ] ] ] } },
{ "type": "Feature", "properties": { "ArcIds": [ 101, -108, -109, -107 ], "AREA": 7330.0, "PERIMETER": 361.794, "CODLOC": "030", "NOMMUNI": "VILLA ANGELA", "NOMLOC": "VILLA ANGELA", "FRAC": "01", "RADIO": "02", "MZA": "004", "MZATXT": 4, "UGEO": "", "MZAM": "0003", "TMZA": 22, "DEPTO10": "098", "FRAC10": "01", "RADIO10": "18", "MZA10": "003", "CEN2010": "0980118003", "LINK2010": "220980118003", "DF": "09801", "TFRAC": 4496, "DFR": "0980102", "TRADIO": 278, "DFRM": "0980102004", "FRACN": 1, "RADION": 2 }, "geometry": { "type": "Polygon", "coordinates": [ [ [ -60.707686707966637, -27.558378978676682 ], [ -60.706461810724839, -27.558416795424783 ], [ -60.706505891292998, -27.558976051138799 ], [ -60.707700333404865, -27.55892485324155 ], [ -60.707686707966637, -27.558378978676682 ] ] ] } },
{ "type": "Feature", "properties": { "ArcIds": [ 103, -128, -141, -166, -167, -164, -145, -134, 108 ], "AREA": 27311.375, "PERIMETER": 685.325, "CODLOC": "030", "NOMMUNI": "VILLA ANGELA", "NOMLOC": "VILLA ANGELA", "FRAC": "01", "RADIO": "02", "MZA": "005", "MZATXT": 5, "UGEO": "", "MZAM": "0002", "TMZA": 14, "DEPTO10": "098", "FRAC10": "01", "RADIO10": "18", "MZA10": "002", "CEN2010": "0980118002", "LINK2010": "220980118002", "DF": "09801", "TFRAC": 4496, "DFR": "0980102", "TRADIO": 278, "DFRM": "0980102005", "FRACN": 1, "RADION": 2 }, "geometry": { "type": "Polygon", "coordinates": [ [ [ -60.706461810724839, -27.558416795424783 ], [ -60.705252070756792, -27.558450012516747 ], [ -60.705257173904016, -27.55924859907654 ], [ -60.705281287298064, -27.559853075882831 ], [ -60.705320588508322, -27.560457475531027 ], [ -60.706530408204969, -27.560433281012113 ], [ -60.706532495508149, -27.559968541274817 ], [ -60.706519193314413, -27.559472296226158 ], [ -60.706505891292998, -27.558976051138799 ], [ -60.706461810724839, -27.558416795424783 ] ] ] } },
{ "type": "Feature", "properties": { "ArcIds": [ 109, 134, -136, 137 ], "AREA": 6919.5, "PERIMETER": 353.65, "CODLOC": "030", "NOMMUNI": "VILLA ANGELA", "NOMLOC": "VILLA ANGELA", "FRAC": "01", "RADIO": "02", "MZA": "006", "MZATXT": 6, "UGEO": "", "MZAM": "0007", "TMZA": 24, "DEPTO10": "098", "FRAC10": "01", "RADIO10": "18", "MZA10": "007", "CEN2010": "0980118007", "LINK2010": "220980118007", "DF": "09801", "TFRAC": 4496, "DFR": "0980102", "TRADIO": 278, "DFRM": "0980102006", "FRACN": 1, "RADION": 2 }, "geometry": { "type": "Polygon", "coordinates": [ [ [ -60.707700333404865, -27.55892485324155 ], [ -60.706505891292998, -27.558976051138799 ], [ -60.706519193314413, -27.559472296226158 ], [ -60.707719108283783, -27.559484237331308 ], [ -60.707700333404865, -27.55892485324155 ] ] ] } },
{ "type": "Feature", "properties": { "ArcIds": [ -154, 155, 152, -115 ], "AREA": 13979.25, "PERIMETER": 473.099, "CODLOC": "030", "NOMMUNI": "VILLA ANGELA", "NOMLOC": "VILLA ANGELA", "FRAC": "01", "RADIO": "01", "MZA": "008", "MZATXT": 8, "UGEO": "", "MZAM": "", "TMZA": 4, "DEPTO10": "098", "FRAC10": "01", "RADIO10": "03", "MZA10": "059", "CEN2010": "0980103059", "LINK2010": "220980103059", "DF": "09801", "TFRAC": 4496, "DFR": "0980101", "TRADIO": 268, "DFRM": "0980101008", "FRACN": 1, "RADION": 1 }, "geometry": { "type": "Polygon", "coordinates": [ [ [ -60.713773217951896, -27.56014810573491 ], [ -60.713766418921224, -27.559096861080469 ], [ -60.71497624933599, -27.559077105107239 ], [ -60.715013317750874, -27.560110146065366 ], [ -60.713773217951896, -27.56014810573491 ] ] ] } },
{ "type": "Feature", "properties": { "ArcIds": [ -156, 157, 154, -116 ], "AREA": 13367.875, "PERIMETER": 462.527, "CODLOC": "030", "NOMMUNI": "VILLA ANGELA", "NOMLOC": "VILLA ANGELA", "FRAC": "01", "RADIO": "01", "MZA": "009", "MZATXT": 9, "UGEO": "", "MZAM": "", "TMZA": 0, "DEPTO10": "098", "FRAC10": "01", "RADIO10": "03", "MZA10": "080", "CEN2010": "0980103080", "LINK2010": "220980103080", "DF": "09801", "TFRAC": 4496, "DFR": "0980101", "TRADIO": 268, "DFRM": "0980101009", "FRACN": 1, "RADION": 1 }, "geometry": { "type": "Polygon", "coordinates": [ [ [ -60.712614029169153, -27.560172103598685 ], [ -60.712607212040588, -27.559116346900908 ], [ -60.713766418921224, -27.559096861080469 ], [ -60.713773217951896, -27.56014810573491 ], [ -60.712614029169153, -27.560172103598685 ] ] ] } },
{ "type": "Feature", "properties": { "ArcIds": [ -158, 159, 156, -118 ], "AREA": 14854.125, "PERIMETER": 488.321, "CODLOC": "030", "NOMMUNI": "VILLA ANGELA", "NOMLOC": "VILLA ANGELA", "FRAC": "01", "RADIO": "01", "MZA": "010", "MZATXT": 10, "UGEO": "", "MZAM": "", "TMZA": 11, "DEPTO10": "098", "FRAC10": "01", "RADIO10": "03", "MZA10": "060", "CEN2010": "0980103060", "LINK2010": "220980103060", "DF": "09801", "TFRAC": 4496, "DFR": "0980101", "TRADIO": 268, "DFRM": "0980101010", "FRACN": 1, "RADION": 1 }, "geometry": { "type": "Polygon", "coordinates": [ [ [ -60.711363598812852, -27.560178511248079 ], [ -60.711270819676365, -27.559136730189746 ], [ -60.712607212040588, -27.559116346900908 ], [ -60.712614029169153, -27.560172103598685 ], [ -60.711363598812852, -27.560178511248079 ] ] ] } },
{ "type": "Feature", "properties": { "ArcIds": [ 123, -180, -181, 179, -131 ], "AREA": 39523.75, "PERIMETER": 794.598, "CODLOC": "030", "NOMMUNI": "VILLA ANGELA", "NOMLOC": "VILLA ANGELA", "FRAC": "08", "RADIO": "02", "MZA": "004", "MZATXT": 4, "UGEO": "", "MZAM": "", "TMZA": 0, "DEPTO10": "098", "FRAC10": "01", "RADIO10": "02", "MZA10": "010", "CEN2010": "0980102010", "LINK2010": "220980102010", "DF": "09808", "TFRAC": 4286, "DFR": "0980802", "TRADIO": 216, "DFRM": "0980802004", "FRACN": 8, "RADION": 2 }, "geometry": { "type": "Polygon", "coordinates": [ [ [ -60.699126073173083, -27.559202881020308 ], [ -60.697131642087996, -27.559239973621768 ], [ -60.697178423203148, -27.561035490410962 ], [ -60.699173029621015, -27.5610209555106 ], [ -60.699137255579963, -27.559369766457461 ], [ -60.699126073173083, -27.559202881020308 ] ] ] } },
{ "type": "Feature", "properties": { "ArcIds": [ 121, -182, -215, -255, -276, -277, 278, 180 ], "AREA": 81434.625, "PERIMETER": 1223.04, "CODLOC": "030", "NOMMUNI": "VILLA ANGELA", "NOMLOC": "VILLA ANGELA", "FRAC": "08", "RADIO": "02", "MZA": "005", "MZATXT": 5, "UGEO": "", "MZAM": "", "TMZA": 16, "DEPTO10": "098", "FRAC10": "01", "RADIO10": "02", "MZA10": "011", "CEN2010": "0980102011", "LINK2010": "220980102011", "DF": "09808", "TFRAC": 4286, "DFR": "0980802", "TRADIO": 216, "DFRM": "0980802005", "FRACN": 8, "RADION": 2 }, "geometry": { "type": "Polygon", "coordinates": [ [ [ -60.697131642087996, -27.559239973621768 ], [ -60.695172390355843, -27.559236254141428 ], [ -60.695194850182602, -27.561194323518542 ], [ -60.69519823255952, -27.561731227301582 ], [ -60.695202524617976, -27.56241250851221 ], [ -60.695206248314001, -27.563003553746249 ], [ -60.697185760385871, -27.562998146304338 ], [ -60.697178423203148, -27.561035490410962 ], [ -60.697131642087996, -27.559239973621768 ] ] ] } },
{ "type": "Feature", "properties": { "ArcIds": [ 125, -143, -183, -184, 182 ], "AREA": 44221.375, "PERIMETER": 841.623, "CODLOC": "030", "NOMMUNI": "VILLA ANGELA", "NOMLOC": "VILLA ANGELA", "FRAC": "08", "RADIO": "02", "MZA": "006", "MZATXT": 6, "UGEO": "", "MZAM": "", "TMZA": 7, "DEPTO10": "098", "FRAC10": "01", "RADIO10": "02", "MZA10": "012", "CEN2010": "0980102012", "LINK2010": "220980102012", "DF": "09808", "TFRAC": 4286, "DFR": "0980802", "TRADIO": 216, "DFRM": "0980802006", "FRACN": 8, "RADION": 2 }, "geometry": { "type": "Polygon", "coordinates": [ [ [ -60.695172390355843, -27.559236254141428 ], [ -60.69306658211395, -27.559273845605816 ], [ -60.693096286316006, -27.559973048299181 ], [ -60.69314452251173, -27.561204567402278 ], [ -60.695194850182602, -27.561194323518542 ], [ -60.695172390355843, -27.559236254141428 ] ] ] } },
{ "type": "Feature", "properties": { "ArcIds": [ 127, -321, -322, 320, 280, 271, 256, 216, 183, 143, 0, -149, 0, -272, 0, -273, 0, -274 ], "AREA": 192583.5, "PERIMETER": 1783.961, "CODLOC": "030", "NOMMUNI": "VILLA ANGELA", "NOMLOC": "VILLA ANGELA", "FRAC": "02", "RADIO": "15", "MZA": "004", "MZATXT": 4, "UGEO": "", "MZAM": "0002", "TMZA": 70, "DEPTO10": "098", "FRAC10": "02", "RADIO10": "14", "MZA10": "002", "CEN2010": "0980214002", "LINK2010": "220980214002", "DF": "09802", "TFRAC": 904, "DFR": "0980215", "TRADIO": 437, "DFRM": "0980215004", "FRACN": 2, "RADION": 15 }, "geometry": { "type": "Polygon", "coordinates": [ [ [ -60.69306658211395, -27.559273845605816 ], [ -60.689725560852409, -27.559322054202255 ], [ -60.688293969081776, -27.56356135532441 ], [ -60.693260427638101, -27.563536661687966 ], [ -60.693221927871924, -27.563049564422737 ], [ -60.693211122368602, -27.562941331805842 ], [ -60.693192675074592, -27.562422550858656 ], [ -60.693168145168656, -27.56174137038974 ], [ -60.69314452251173, -27.561204567402278 ], [ -60.693096286316006, -27.559973048299181 ], [ -60.69306658211395, -27.559273845605816 ] ] ] } },
{ "type": "Feature", "properties": { "ArcIds": [ 130, -209, -210, -201, 200, 175, 166, 141, 0, -142 ], "AREA": 57398.875, "PERIMETER": 957.314, "CODLOC": "030", "NOMMUNI": "VILLA ANGELA", "NOMLOC": "VILLA ANGELA", "FRAC": "08", "RADIO": "01", "MZA": "014", "MZATXT": 14, "UGEO": "", "MZAM": "", "TMZA": 25, "DEPTO10": "098", "FRAC10": "01", "RADIO10": "02", "MZA10": "008", "CEN2010": "0980102008", "LINK2010": "220980102008", "DF": "09808", "TFRAC": 4286, "DFR": "0980801", "TRADIO": 253, "DFRM": "0980801014", "FRACN": 8, "RADION": 1 }, "geometry": { "type": "Polygon", "coordinates": [ [ [ -60.705257173904016, -27.55924859907654 ], [ -60.702761708192313, -27.559310874414564 ], [ -60.702780015967974, -27.561390783957538 ], [ -60.704025198359432, -27.561352896434567 ], [ -60.70533107232658, -27.561305665803093 ], [ -60.705328621165371, -27.56092216391411 ], [ -60.705320588508322, -27.560457475531027 ], [ -60.705281287298064, -27.559853075882831 ], [ -60.705257173904016, -27.55924859907654 ] ] ] } },
{ "type": "Feature", "properties": { "ArcIds": [ 132, -179, -206, -207, -208, 209 ], "AREA": 81052.75, "PERIMETER": 1166.128, "CODLOC": "030", "NOMMUNI": "VILLA ANGELA", "NOMLOC": "VILLA ANGELA", "FRAC": "08", "RADIO": "01", "MZA": "013", "MZATXT": 13, "UGEO": "", "MZAM": "", "TMZA": 18, "DEPTO10": "098", "FRAC10": "01", "RADIO10": "02", "MZA10": "009", "CEN2010": "0980102009", "LINK2010": "220980102009", "DF": "09808", "TFRAC": 4286, "DFR": "0980801", "TRADIO": 253, "DFRM": "0980801013", "FRACN": 8, "RADION": 1 }, "geometry": { "type": "Polygon", "coordinates": [ [ [ -60.702761708192313, -27.559310874414564 ], [ -60.699137255579963, -27.559369766457461 ], [ -60.699173029621015, -27.5610209555106 ], [ -60.699200686347893, -27.561390795140394 ], [ -60.70160547853682, -27.561392208125895 ], [ -60.702780015967974, -27.561390783957538 ], [ -60.702761708192313, -27.559310874414564 ] ] ] } },
{ "type": "Feature", "properties": { "ArcIds": [ 140, -338, 339, 331, 335, 336, 337, 333 ], "AREA": 374801.0, "PERIMETER": 2492.597, "CODLOC": "030", "NOMMUNI": "VILLA ANGELA", "NOMLOC": "VILLA ANGELA", "FRAC": "02", "RADIO": "02", "MZA": "005", "MZATXT": 5, "UGEO": "", "MZAM": "", "TMZA": 7, "DEPTO10": "098", "FRAC10": "02", "RADIO10": "02", "MZA10": "006", "CEN2010": "0980202006", "LINK2010": "220980202006", "DF": "09802", "TFRAC": 904, "DFR": "0980202", "TRADIO": 100, "DFRM": "0980202005", "FRACN": 2, "RADION": 2 }, "geometry": { "type": "Polygon", "coordinates": [ [ [ -60.745682153254315, -27.559281172956133 ], [ -60.742361222555189, -27.559298955923637 ], [ -60.742137961320978, -27.559223446070483 ], [ -60.741754220087223, -27.559374388346615 ], [ -60.738276530142862, -27.55941998197957 ], [ -60.738307319395624, -27.564021970751117 ], [ -60.740701634048129, -27.56396410691886 ], [ -60.741481306622561, -27.563964459801355 ], [ -60.742261009444185, -27.563969320056053 ], [ -60.743152059265078, -27.563969068454618 ], [ -60.745683332891943, -27.563950993294952 ], [ -60.745682153254315, -27.559281172956133 ] ] ] } },
{ "type": "Feature", "properties": { "ArcIds": [ 138, -144, -147, 148 ], "AREA": 6531.125, "PERIMETER": 347.206, "CODLOC": "030", "NOMMUNI": "VILLA ANGELA", "NOMLOC": "VILLA ANGELA", "FRAC": "01", "RADIO": "02", "MZA": "008", "MZATXT": 8, "UGEO": "", "MZAM": "0006", "TMZA": 23, "DEPTO10": "098", "FRAC10": "01", "RADIO10": "18", "MZA10": "006", "CEN2010": "0980118006", "LINK2010": "220980118006", "DF": "09801", "TFRAC": 4496, "DFR": "0980102", "TRADIO": 278, "DFRM": "0980102008", "FRACN": 1, "RADION": 2 }, "geometry": { "type": "Polygon", "coordinates": [ [ [ -60.708933833824744, -27.559437437380968 ], [ -60.707719108283783, -27.559484237331308 ], [ -60.70772211733825, -27.559953463023732 ], [ -60.708901787565651, -27.559965496956565 ], [ -60.708933833824744, -27.559437437380968 ] ] ] } },
{ "type": "Feature", "properties": { "ArcIds": [ 136, 145, -146, 144 ], "AREA": 6312.75, "PERIMETER": 343.03, "CODLOC": "030", "NOMMUNI": "VILLA ANGELA", "NOMLOC": "VILLA ANGELA", "FRAC": "01", "RADIO": "02", "MZA": "007", "MZATXT": 7, "UGEO": "", "MZAM": "0008", "TMZA": 22, "DEPTO10": "098", "FRAC10": "01", "RADIO10": "18", "MZA10": "008", "CEN2010": "0980118008", "LINK2010": "220980118008", "DF": "09801", "TFRAC": 4496, "DFR": "0980102", "TRADIO": 278, "DFRM": "0980102007", "FRACN": 1, "RADION": 2 }, "geometry": { "type": "Polygon", "coordinates": [ [ [ -60.707719108283783, -27.559484237331308 ], [ -60.706519193314413, -27.559472296226158 ], [ -60.706532495508149, -27.559968541274817 ], [ -60.70772211733825, -27.559953463023732 ], [ -60.707719108283783, -27.559484237331308 ] ] ] } },
{ "type": "Feature", "properties": { "ArcIds": [ 147, 160, -161, 162 ], "AREA": 5959.875, "PERIMETER": 338.735, "CODLOC": "030", "NOMMUNI": "VILLA ANGELA", "NOMLOC": "VILLA ANGELA", "FRAC": "01", "RADIO": "02", "MZA": "009", "MZATXT": 9, "UGEO": "", "MZAM": "0010", "TMZA": 22, "DEPTO10": "098", "FRAC10": "01", "RADIO10": "18", "MZA10": "010", "CEN2010": "0980118010", "LINK2010": "220980118010", "DF": "09801", "TFRAC": 4496, "DFR": "0980102", "TRADIO": 278, "DFRM": "0980102009", "FRACN": 1, "RADION": 2 }, "geometry": { "type": "Polygon", "coordinates": [ [ [ -60.708901787565651, -27.559965496956565 ], [ -60.70772211733825, -27.559953463023732 ], [ -60.70771491468976, -27.560409204902157 ], [ -60.708950219165288, -27.56041193110169 ], [ -60.708901787565651, -27.559965496956565 ] ] ] } },
{ "type": "Feature", "properties": { "ArcIds": [ 146, 164, -165, -160 ], "AREA": 5978.625, "PERIMETER": 336.534, "CODLOC": "030", "NOMMUNI": "VILLA ANGELA", "NOMLOC": "VILLA ANGELA", "FRAC": "01", "RADIO": "02", "MZA": "010", "MZATXT": 10, "UGEO": "", "MZAM": "0009", "TMZA": 22, "DEPTO10": "098", "FRAC10": "01", "RADIO10": "18", "MZA10": "009", "CEN2010": "0980118009", "LINK2010": "220980118009", "DF": "09801", "TFRAC": 4496, "DFR": "0980102", "TRADIO": 278, "DFRM": "0980102010", "FRACN": 1, "RADION": 2 }, "geometry": { "type": "Polygon", "coordinates": [ [ [ -60.70772211733825, -27.559953463023732 ], [ -60.706532495508149, -27.559968541274817 ], [ -60.706530408204969, -27.560433281012113 ], [ -60.70771491468976, -27.560409204902157 ], [ -60.70772211733825, -27.559953463023732 ] ] ] } },
{ "type": "Feature", "properties": { "ArcIds": [ -186, 187, 185, -151 ], "AREA": 13893.75, "PERIMETER": 471.565, "CODLOC": "030", "NOMMUNI": "VILLA ANGELA", "NOMLOC": "VILLA ANGELA", "FRAC": "01", "RADIO": "01", "MZA": "015", "MZATXT": 15, "UGEO": "", "MZAM": "", "TMZA": 9, "DEPTO10": "098", "FRAC10": "01", "RADIO10": "03", "MZA10": "007", "CEN2010": "0980103007", "LINK2010": "220980103007", "DF": "09801", "TFRAC": 4496, "DFR": "0980101", "TRADIO": 268, "DFRM": "0980101015", "FRACN": 1, "RADION": 1 }, "geometry": { "type": "Polygon", "coordinates": [ [ [ -60.716250172982207, -27.561132495026524 ], [ -60.716223158787322, -27.560090379030246 ], [ -60.717427936677751, -27.560070627607935 ], [ -60.717465175251533, -27.561126226197239 ], [ -60.716250172982207, -27.561132495026524 ] ] ] } },
{ "type": "Feature", "properties": { "ArcIds": [ -188, 189, 186, -153 ], "AREA": 13723.5, "PERIMETER": 468.64, "CODLOC": "030", "NOMMUNI": "VILLA ANGELA", "NOMLOC": "VILLA ANGELA", "FRAC": "01", "RADIO": "01", "MZA": "014", "MZATXT": 14, "UGEO": "", "MZAM": "", "TMZA": 0, "DEPTO10": "098", "FRAC10": "01", "RADIO10": "03", "MZA10": "006", "CEN2010": "0980103006", "LINK2010": "220980103006", "DF": "09801", "TFRAC": 4496, "DFR": "0980101", "TRADIO": 268, "DFRM": "0980101014", "FRACN": 1, "RADION": 1 }, "geometry": { "type": "Polygon", "coordinates": [ [ [ -60.715065691568086, -27.561161155793737 ], [ -60.715013317750874, -27.560110146065366 ], [ -60.716223158787322, -27.560090379030246 ], [ -60.716250172982207, -27.561132495026524 ], [ -60.715065691568086, -27.561161155793737 ] ] ] } },
{ "type": "Feature", "properties": { "ArcIds": [ -190, 191, 188, -155 ], "AREA": 14156.5, "PERIMETER": 476.211, "CODLOC": "030", "NOMMUNI": "VILLA ANGELA", "NOMLOC": "VILLA ANGELA", "FRAC": "01", "RADIO": "01", "MZA": "013", "MZATXT": 13, "UGEO": "", "MZAM": "", "TMZA": 0, "DEPTO10": "098", "FRAC10": "01", "RADIO10": "03", "MZA10": "005", "CEN2010": "0980103005", "LINK2010": "220980103005", "DF": "09801", "TFRAC": 4496, "DFR": "0980101", "TRADIO": 268, "DFRM": "0980101013", "FRACN": 1, "RADION": 1 }, "geometry": { "type": "Polygon", "coordinates": [ [ [ -60.713820371557503, -27.561176583265581 ], [ -60.713773217951896, -27.56014810573491 ], [ -60.715013317750874, -27.560110146065366 ], [ -60.715065691568086, -27.561161155793737 ], [ -60.713820371557503, -27.561176583265581 ] ] ] } },
{ "type": "Feature", "properties": { "ArcIds": [ -192, 193, 190, -157 ], "AREA": 13314.625, "PERIMETER": 461.614, "CODLOC": "030", "NOMMUNI": "VILLA ANGELA", "NOMLOC": "VILLA ANGELA", "FRAC": "01", "RADIO": "01", "MZA": "012", "MZATXT": 12, "UGEO": "", "MZAM": "", "TMZA": 1, "DEPTO10": "098", "FRAC10": "01", "RADIO10": "03", "MZA10": "004", "CEN2010": "0980103004", "LINK2010": "220980103004", "DF": "09801", "TFRAC": 4496, "DFR": "0980101", "TRADIO": 268, "DFRM": "0980101012", "FRACN": 1, "RADION": 1 }, "geometry": { "type": "Polygon", "coordinates": [ [ [ -60.712620700991891, -27.561205301235766 ], [ -60.712614029169153, -27.560172103598685 ], [ -60.713773217951896, -27.56014810573491 ], [ -60.713820371557503, -27.561176583265581 ], [ -60.712620700991891, -27.561205301235766 ] ] ] } },
{ "type": "Feature", "properties": { "ArcIds": [ -169, -194, 195, 192, -159 ], "AREA": 14024.25, "PERIMETER": 474.516, "CODLOC": "030", "NOMMUNI": "VILLA ANGELA", "NOMLOC": "VILLA ANGELA", "FRAC": "01", "RADIO": "01", "MZA": "011", "MZATXT": 11, "UGEO": "", "MZAM": "", "TMZA": 3, "DEPTO10": "098", "FRAC10": "01", "RADIO10": "03", "MZA10": "003", "CEN2010": "0980103003", "LINK2010": "220980103003", "DF": "09801", "TFRAC": 4496, "DFR": "0980101", "TRADIO": 268, "DFRM": "0980101011", "FRACN": 1, "RADION": 1 }, "geometry": { "type": "Polygon", "coordinates": [ [ [ -60.711375788675525, -27.560498795897598 ], [ -60.711363598812852, -27.560178511248079 ], [ -60.712614029169153, -27.560172103598685 ], [ -60.712620700991891, -27.561205301235766 ], [ -60.711385446488755, -27.561211631403989 ], [ -60.711375788675525, -27.560498795897598 ] ] ] } },
{ "type": "Feature", "properties": { "ArcIds": [ 168, 170, -196, -197, 194 ], "AREA": 10079.125, "PERIMETER": 407.619, "CODLOC": "030", "NOMMUNI": "VILLA ANGELA", "NOMLOC": "VILLA ANGELA", "FRAC": "01", "RADIO": "03", "MZA": "001", "MZATXT": 1, "UGEO": "", "MZAM": "0001", "TMZA": 12, "DEPTO10": "098", "FRAC10": "01", "RADIO10": "01", "MZA10": "001", "CEN2010": "0980101001", "LINK2010": "220980101001", "DF": "09801", "TFRAC": 4496, "DFR": "0980103", "TRADIO": 348, "DFRM": "0980103001", "FRACN": 1, "RADION": 3 }, "geometry": { "type": "Polygon", "coordinates": [ [ [ -60.711375788675525, -27.560498795897598 ], [ -60.710185407302056, -27.560396599185825 ], [ -60.710183364454473, -27.560865850442454 ], [ -60.710180595743886, -27.561222307115841 ], [ -60.711385446488755, -27.561211631403989 ], [ -60.711375788675525, -27.560498795897598 ] ] ] } },
{ "type": "Feature", "properties": { "ArcIds": [ 163, 171, -172, -170 ], "AREA": 6292.5, "PERIMETER": 346.032, "CODLOC": "030", "NOMMUNI": "VILLA ANGELA", "NOMLOC": "VILLA ANGELA", "FRAC": "01", "RADIO": "02", "MZA": "014", "MZATXT": 14, "UGEO": "", "MZAM": "0011", "TMZA": 17, "DEPTO10": "098", "FRAC10": "01", "RADIO10": "18", "MZA10": "011", "CEN2010": "0980118011", "LINK2010": "220980118011", "DF": "09801", "TFRAC": 4496, "DFR": "0980102", "TRADIO": 278, "DFRM": "0980102014", "FRACN": 1, "RADION": 2 }, "geometry": { "type": "Polygon", "coordinates": [ [ [ -60.710185407302056, -27.560396599185825 ], [ -60.708950219165288, -27.56041193110169 ], [ -60.708968421093104, -27.560881079109727 ], [ -60.710183364454473, -27.560865850442454 ], [ -60.710185407302056, -27.560396599185825 ] ] ] } },
{ "type": "Feature", "properties": { "ArcIds": [ 161, 173, -174, -171 ], "AREA": 6443.875, "PERIMETER": 348.647, "CODLOC": "030", "NOMMUNI": "VILLA ANGELA", "NOMLOC": "VILLA ANGELA", "FRAC": "01", "RADIO": "02", "MZA": "013", "MZATXT": 13, "UGEO": "", "MZAM": "0012", "TMZA": 16, "DEPTO10": "098", "FRAC10": "01", "RADIO10": "18", "MZA10": "012", "CEN2010": "0980118012", "LINK2010": "220980118012", "DF": "09801", "TFRAC": 4496, "DFR": "0980102", "TRADIO": 278, "DFRM": "0980102013", "FRACN": 1, "RADION": 2 }, "geometry": { "type": "Polygon", "coordinates": [ [ [ -60.708950219165288, -27.56041193110169 ], [ -60.70771491468976, -27.560409204902157 ], [ -60.707753506080714, -27.560900808943284 ], [ -60.708968421093104, -27.560881079109727 ], [ -60.708950219165288, -27.56041193110169 ] ] ] } },
{ "type": "Feature", "properties": { "ArcIds": [ 165, -177, -178, -173 ], "AREA": 6518.625, "PERIMETER": 347.657, "CODLOC": "030", "NOMMUNI": "VILLA ANGELA", "NOMLOC": "VILLA ANGELA", "FRAC": "01", "RADIO": "02", "MZA": "012", "MZATXT": 12, "UGEO": "", "MZAM": "0013", "TMZA": 16, "DEPTO10": "098", "FRAC10": "01", "RADIO10": "18", "MZA10": "013", "CEN2010": "0980118013", "LINK2010": "220980118013", "DF": "09801", "TFRAC": 4496, "DFR": "0980102", "TRADIO": 278, "DFRM": "0980102012", "FRACN": 1, "RADION": 2 }, "geometry": { "type": "Polygon", "coordinates": [ [ [ -60.70771491468976, -27.560409204902157 ], [ -60.706530408204969, -27.560433281012113 ], [ -60.70652852313205, -27.560929603220089 ], [ -60.707753506080714, -27.560900808943284 ], [ -60.70771491468976, -27.560409204902157 ] ] ] } },
{ "type": "Feature", "properties": { "ArcIds": [ 167, -175, -176, 177 ], "AREA": 6336.75, "PERIMETER": 344.531, "CODLOC": "030", "NOMMUNI": "VILLA ANGELA", "NOMLOC": "VILLA ANGELA", "FRAC": "01", "RADIO": "02", "MZA": "011", "MZATXT": 11, "UGEO": "", "MZAM": "0014", "TMZA": 16, "DEPTO10": "098", "FRAC10": "01", "RADIO10": "18", "MZA10": "014", "CEN2010": "0980118014", "LINK2010": "220980118014", "DF": "09801", "TFRAC": 4496, "DFR": "0980102", "TRADIO": 278, "DFRM": "0980102011", "FRACN": 1, "RADION": 2 }, "geometry": { "type": "Polygon", "coordinates": [ [ [ -60.706530408204969, -27.560433281012113 ], [ -60.705320588508322, -27.560457475531027 ], [ -60.705328621165371, -27.56092216391411 ], [ -60.70652852313205, -27.560929603220089 ], [ -60.706530408204969, -27.560433281012113 ] ] ] } },
{ "type": "Feature", "properties": { "ArcIds": [ 172, -202, -203, 196 ], "AREA": 5318.75, "PERIMETER": 327.609, "CODLOC": "030", "NOMMUNI": "VILLA ANGELA", "NOMLOC": "VILLA ANGELA", "FRAC": "01", "RADIO": "03", "MZA": "002", "MZATXT": 2, "UGEO": "", "MZAM": "0002", "TMZA": 17, "DEPTO10": "098", "FRAC10": "01", "RADIO10": "01", "MZA10": "002", "CEN2010": "0980101002", "LINK2010": "220980101002", "DF": "09801", "TFRAC": 4496, "DFR": "0980103", "TRADIO": 348, "DFRM": "0980103002", "FRACN": 1, "RADION": 3 }, "geometry": { "type": "Polygon", "coordinates": [ [ [ -60.710183364454473, -27.560865850442454 ], [ -60.708968421093104, -27.560881079109727 ], [ -60.7089915698025, -27.561332154114552 ], [ -60.710180595743886, -27.561222307115841 ], [ -60.710183364454473, -27.560865850442454 ] ] ] } },
{ "type": "Feature", "properties": { "ArcIds": [ 174, -204, -205, 202 ], "AREA": 5996.75, "PERIMETER": 340.564, "CODLOC": "030", "NOMMUNI": "VILLA ANGELA", "NOMLOC": "VILLA ANGELA", "FRAC": "01", "RADIO": "02", "MZA": "015", "MZATXT": 15, "UGEO": "", "MZAM": "0017", "TMZA": 20, "DEPTO10": "098", "FRAC10": "01", "RADIO10": "18", "MZA10": "017", "CEN2010": "0980118017", "LINK2010": "220980118017", "DF": "09801", "TFRAC": 4496, "DFR": "0980102", "TRADIO": 278, "DFRM": "0980102015", "FRACN": 1, "RADION": 2 }, "geometry": { "type": "Polygon", "coordinates": [ [ [ -60.708968421093104, -27.560881079109727 ], [ -60.707753506080714, -27.560900808943284 ], [ -60.707766495838115, -27.561347424036725 ], [ -60.7089915698025, -27.561332154114552 ], [ -60.708968421093104, -27.560881079109727 ] ] ] } },
{ "type": "Feature", "properties": { "ArcIds": [ 178, -212, -213, 204 ], "AREA": 6041.25, "PERIMETER": 341.609, "CODLOC": "030", "NOMMUNI": "VILLA ANGELA", "NOMLOC": "VILLA ANGELA", "FRAC": "01", "RADIO": "02", "MZA": "016", "MZATXT": 16, "UGEO": "", "MZAM": "0016", "TMZA": 16, "DEPTO10": "098", "FRAC10": "01", "RADIO10": "18", "MZA10": "016", "CEN2010": "0980118016", "LINK2010": "220980118016", "DF": "09801", "TFRAC": 4496, "DFR": "0980102", "TRADIO": 278, "DFRM": "0980102016", "FRACN": 1, "RADION": 2 }, "geometry": { "type": "Polygon", "coordinates": [ [ [ -60.707753506080714, -27.560900808943284 ], [ -60.70652852313205, -27.560929603220089 ], [ -60.706546628246961, -27.561385216345837 ], [ -60.707766495838115, -27.561347424036725 ], [ -60.707753506080714, -27.560900808943284 ] ] ] } },
{ "type": "Feature", "properties": { "ArcIds": [ 176, -200, -211, 212 ], "AREA": 5541.0, "PERIMETER": 331.907, "CODLOC": "030", "NOMMUNI": "VILLA ANGELA", "NOMLOC": "VILLA ANGELA", "FRAC": "01", "RADIO": "02", "MZA": "017", "MZATXT": 17, "UGEO": "", "MZAM": "0015", "TMZA": 17, "DEPTO10": "098", "FRAC10": "01", "RADIO10": "18", "MZA10": "015", "CEN2010": "0980118015", "LINK2010": "220980118015", "DF": "09801", "TFRAC": 4496, "DFR": "0980102", "TRADIO": 278, "DFRM": "0980102017", "FRACN": 1, "RADION": 2 }, "geometry": { "type": "Polygon", "coordinates": [ [ [ -60.70652852313205, -27.560929603220089 ], [ -60.705328621165371, -27.56092216391411 ], [ -60.70533107232658, -27.561305665803093 ], [ -60.706546628246961, -27.561385216345837 ], [ -60.70652852313205, -27.560929603220089 ] ] ] } },
{ "type": "Feature", "properties": { "ArcIds": [ 181, -278, -279, 275, 206 ], "AREA": 43094.875, "PERIMETER": 829.108, "CODLOC": "030", "NOMMUNI": "VILLA ANGELA", "NOMLOC": "VILLA ANGELA", "FRAC": "08", "RADIO": "02", "MZA": "008", "MZATXT": 8, "UGEO": "", "MZAM": "", "TMZA": 8, "DEPTO10": "098", "FRAC10": "01", "RADIO10": "02", "MZA10": "014", "CEN2010": "0980102014", "LINK2010": "220980102014", "DF": "09808", "TFRAC": 4286, "DFR": "0980802", "TRADIO": 216, "DFRM": "0980802008", "FRACN": 8, "RADION": 2 }, "geometry": { "type": "Polygon", "coordinates": [ [ [ -60.699173029621015, -27.5610209555106 ], [ -60.697178423203148, -27.561035490410962 ], [ -60.697185760385871, -27.562998146304338 ], [ -60.699210606420202, -27.562956387025704 ], [ -60.699200686347893, -27.561390795140394 ], [ -60.699173029621015, -27.5610209555106 ] ] ] } },
{ "type": "Feature", "properties": { "ArcIds": [ 184, -216, -217, 215 ], "AREA": 11989.25, "PERIMETER": 522.034, "CODLOC": "030", "NOMMUNI": "VILLA ANGELA", "NOMLOC": "VILLA ANGELA", "FRAC": "08", "RADIO": "02", "MZA": "007", "MZATXT": 7, "UGEO": "", "MZAM": "", "TMZA": 29, "DEPTO10": "098", "FRAC10": "01", "RADIO10": "02", "MZA10": "033", "CEN2010": "0980102033", "LINK2010": "220980102033", "DF": "09808", "TFRAC": 4286, "DFR": "0980802", "TRADIO": 216, "DFRM": "0980802007", "FRACN": 8, "RADION": 2 }, "geometry": { "type": "Polygon", "coordinates": [ [ [ -60.695194850182602, -27.561194323518542 ], [ -60.69314452251173, -27.561204567402278 ], [ -60.693168145168656, -27.56174137038974 ], [ -60.69519823255952, -27.561731227301582 ], [ -60.695194850182602, -27.561194323518542 ] ] ] } },
{ "type": "Feature", "properties": { "ArcIds": [ -231, 232, 230, -187 ], "AREA": 13600.125, "PERIMETER": 466.596, "CODLOC": "030", "NOMMUNI": "VILLA ANGELA", "NOMLOC": "VILLA ANGELA", "FRAC": "01", "RADIO": "01", "MZA": "016", "MZATXT": 16, "UGEO": "", "MZAM": "", "TMZA": 0, "DEPTO10": "098", "FRAC10": "01", "RADIO10": "03", "MZA10": "008", "CEN2010": "0980103008", "LINK2010": "220980103008", "DF": "09801", "TFRAC": 4496, "DFR": "0980101", "TRADIO": 268, "DFRM": "0980101016", "FRACN": 1, "RADION": 1 }, "geometry": { "type": "Polygon", "coordinates": [ [ [ -60.71630250071307, -27.562174480350972 ], [ -60.716250172982207, -27.561132495026524 ], [ -60.717465175251533, -27.561126226197239 ], [ -60.717482017875056, -27.562159370308883 ], [ -60.71630250071307, -27.562174480350972 ] ] ] } },
{ "type": "Feature", "properties": { "ArcIds": [ -233, 234, 231, -189 ], "AREA": 13714.0, "PERIMETER": 468.62, "CODLOC": "030", "NOMMUNI": "VILLA ANGELA", "NOMLOC": "VILLA ANGELA", "FRAC": "01", "RADIO": "01", "MZA": "017", "MZATXT": 17, "UGEO": "", "MZAM": "", "TMZA": 4, "DEPTO10": "098", "FRAC10": "01", "RADIO10": "03", "MZA10": "009", "CEN2010": "0980103009", "LINK2010": "220980103009", "DF": "09801", "TFRAC": 4496, "DFR": "0980101", "TRADIO": 268, "DFRM": "0980101017", "FRACN": 1, "RADION": 1 }, "geometry": { "type": "Polygon", "coordinates": [ [ [ -60.715062203031259, -27.562185381288796 ], [ -60.715065691568086, -27.561161155793737 ], [ -60.716250172982207, -27.561132495026524 ], [ -60.71630250071307, -27.562174480350972 ], [ -60.715062203031259, -27.562185381288796 ] ] ] } },
{ "type": "Feature", "properties": { "ArcIds": [ -237, 238, 233, -191 ], "AREA": 13912.75, "PERIMETER": 472.063, "CODLOC": "030", "NOMMUNI": "VILLA ANGELA", "NOMLOC": "VILLA ANGELA", "FRAC": "01", "RADIO": "01", "MZA": "018", "MZATXT": 18, "UGEO": "", "MZAM": "", "TMZA": 10, "DEPTO10": "098", "FRAC10": "01", "RADIO10": "03", "MZA10": "010", "CEN2010": "0980103010", "LINK2010": "220980103010", "DF": "09801", "TFRAC": 4496, "DFR": "0980101", "TRADIO": 268, "DFRM": "0980101018", "FRACN": 1, "RADION": 1 }, "geometry": { "type": "Polygon", "coordinates": [ [ [ -60.713847363582317, -27.562218699993025 ], [ -60.713820371557503, -27.561176583265581 ], [ -60.715065691568086, -27.561161155793737 ], [ -60.715062203031259, -27.562185381288796 ], [ -60.713847363582317, -27.562218699993025 ] ] ] } },
{ "type": "Feature", "properties": { "ArcIds": [ -239, 240, 237, -193 ], "AREA": 13597.625, "PERIMETER": 466.548, "CODLOC": "030", "NOMMUNI": "VILLA ANGELA", "NOMLOC": "VILLA ANGELA", "FRAC": "01", "RADIO": "01", "MZA": "019", "MZATXT": 19, "UGEO": "", "MZAM": "", "TMZA": 3, "DEPTO10": "098", "FRAC10": "01", "RADIO10": "03", "MZA10": "011", "CEN2010": "0980103011", "LINK2010": "220980103011", "DF": "09801", "TFRAC": 4496, "DFR": "0980101", "TRADIO": 268, "DFRM": "0980101019", "FRACN": 1, "RADION": 1 }, "geometry": { "type": "Polygon", "coordinates": [ [ [ -60.712637410888121, -27.562224911446226 ], [ -60.712620700991891, -27.561205301235766 ], [ -60.713820371557503, -27.561176583265581 ], [ -60.713847363582317, -27.562218699993025 ], [ -60.712637410888121, -27.562224911446226 ] ] ] } },
{ "type": "Feature", "properties": { "ArcIds": [ -243, 244, 239, -195 ], "AREA": 14114.25, "PERIMETER": 475.558, "CODLOC": "030", "NOMMUNI": "VILLA ANGELA", "NOMLOC": "VILLA ANGELA", "FRAC": "01", "RADIO": "01", "MZA": "020", "MZATXT": 20, "UGEO": "", "MZAM": "", "TMZA": 3, "DEPTO10": "098", "FRAC10": "01", "RADIO10": "03", "MZA10": "012", "CEN2010": "0980103012", "LINK2010": "220980103012", "DF": "09801", "TFRAC": 4496, "DFR": "0980101", "TRADIO": 268, "DFRM": "0980101020", "FRACN": 1, "RADION": 1 }, "geometry": { "type": "Polygon", "coordinates": [ [ [ -60.711382098314552, -27.562262928127531 ], [ -60.711385446488755, -27.561211631403989 ], [ -60.712620700991891, -27.561205301235766 ], [ -60.712637410888121, -27.562224911446226 ], [ -60.711382098314552, -27.562262928127531 ] ] ] } },
{ "type": "Feature", "properties": { "ArcIds": [ 197, -219, -245, -246, 243 ], "AREA": 13754.75, "PERIMETER": 469.032, "CODLOC": "030", "NOMMUNI": "VILLA ANGELA", "NOMLOC": "VILLA ANGELA", "FRAC": "01", "RADIO": "03", "MZA": "007", "MZATXT": 7, "UGEO": "", "MZAM": "0007", "TMZA": 12, "DEPTO10": "098", "FRAC10": "01", "RADIO10": "01", "MZA10": "007", "CEN2010": "0980101007", "LINK2010": "220980101007", "DF": "09801", "TFRAC": 4496, "DFR": "0980103", "TRADIO": 348, "DFRM": "0980103007", "FRACN": 1, "RADION": 3 }, "geometry": { "type": "Polygon", "coordinates": [ [ [ -60.711385446488755, -27.561211631403989 ], [ -60.710180595743886, -27.561222307115841 ], [ -60.71019452456656, -27.561813298792725 ], [ -60.710207669583724, -27.562282472318632 ], [ -60.711382098314552, -27.562262928127531 ], [ -60.711385446488755, -27.561211631403989 ] ] ] } },
{ "type": "Feature", "properties": { "ArcIds": [ 203, 220, -221, 219 ], "AREA": 7029.0, "PERIMETER": 354.607, "CODLOC": "030", "NOMMUNI": "VILLA ANGELA", "NOMLOC": "VILLA ANGELA", "FRAC": "01", "RADIO": "03", "MZA": "006", "MZATXT": 6, "UGEO": "", "MZAM": "0006", "TMZA": 16, "DEPTO10": "098", "FRAC10": "01", "RADIO10": "01", "MZA10": "006", "CEN2010": "0980101006", "LINK2010": "220980101006", "DF": "09801", "TFRAC": 4496, "DFR": "0980103", "TRADIO": 348, "DFRM": "0980103006", "FRACN": 1, "RADION": 3 }, "geometry": { "type": "Polygon", "coordinates": [ [ [ -60.710180595743886, -27.561222307115841 ], [ -60.7089915698025, -27.561332154114552 ], [ -60.709014979643015, -27.561823835128859 ], [ -60.71019452456656, -27.561813298792725 ], [ -60.710180595743886, -27.561222307115841 ] ] ] } },
{ "type": "Feature", "properties": { "ArcIds": [ -241, 242, 235, -199 ], "AREA": 13887.25, "PERIMETER": 472.509, "CODLOC": "030", "NOMMUNI": "VILLA ANGELA", "NOMLOC": "VILLA ANGELA", "FRAC": "02", "RADIO": "14", "MZA": "008", "MZATXT": 8, "UGEO": "", "MZAM": "", "TMZA": 3, "DEPTO10": "098", "FRAC10": "02", "RADIO10": "02", "MZA10": "016", "CEN2010": "0980202016", "LINK2010": "220980202016", "DF": "09802", "TFRAC": 904, "DFR": "0980214", "TRADIO": 156, "DFRM": "0980214008", "FRACN": 2, "RADION": 14 }, "geometry": { "type": "Polygon", "coordinates": [ [ [ -60.729065455971082, -27.562148700001419 ], [ -60.729058898186651, -27.561156112122038 ], [ -60.730339649991862, -27.561140361826684 ], [ -60.730341156751081, -27.562132976036928 ], [ -60.729065455971082, -27.562148700001419 ] ] ] } },
{ "type": "Feature", "properties": { "ArcIds": [ 211, -214, -218, -224, 225 ], "AREA": 6577.25, "PERIMETER": 351.06, "CODLOC": "030", "NOMMUNI": "VILLA ANGELA", "NOMLOC": "VILLA ANGELA", "FRAC": "01", "RADIO": "03", "MZA": "003", "MZATXT": 3, "UGEO": "", "MZAM": "0003", "TMZA": 15, "DEPTO10": "098", "FRAC10": "01", "RADIO10": "01", "MZA10": "003", "CEN2010": "0980101003", "LINK2010": "220980101003", "DF": "09801", "TFRAC": 4496, "DFR": "0980103", "TRADIO": 348, "DFRM": "0980103003", "FRACN": 1, "RADION": 3 }, "geometry": { "type": "Polygon", "coordinates": [ [ [ -60.706546628246961, -27.561385216345837 ], [ -60.70533107232658, -27.561305665803093 ], [ -60.705336798125295, -27.56140941119828 ], [ -60.705349547503886, -27.561819932376054 ], [ -60.706574974218626, -27.561858825085942 ], [ -60.706546628246961, -27.561385216345837 ] ] ] } },
{ "type": "Feature", "properties": { "ArcIds": [ 201, -222, -223, 218, 214 ], "AREA": 7267.5, "PERIMETER": 370.655, "CODLOC": "030", "NOMMUNI": "VILLA ANGELA", "NOMLOC": "VILLA ANGELA", "FRAC": "08", "RADIO": "03", "MZA": "001", "MZATXT": 1, "UGEO": "", "MZAM": "", "TMZA": 23, "DEPTO10": "098", "FRAC10": "01", "RADIO10": "23", "MZA10": "001", "CEN2010": "0980123001", "LINK2010": "220980123001", "DF": "09808", "TFRAC": 4286, "DFR": "0980803", "TRADIO": 309, "DFRM": "0980803001", "FRACN": 8, "RADION": 3 }, "geometry": { "type": "Polygon", "coordinates": [ [ [ -60.70533107232658, -27.561305665803093 ], [ -60.704025198359432, -27.561352896434567 ], [ -60.704043581111215, -27.561853627928347 ], [ -60.705349547503886, -27.561819932376054 ], [ -60.705336798125295, -27.56140941119828 ], [ -60.70533107232658, -27.561305665803093 ] ] ] } },
{ "type": "Feature", "properties": { "ArcIds": [ 210, -260, -261, 258, 222 ], "AREA": 13757.375, "PERIMETER": 469.128, "CODLOC": "030", "NOMMUNI": "VILLA ANGELA", "NOMLOC": "VILLA ANGELA", "FRAC": "08", "RADIO": "03", "MZA": "003", "MZATXT": 3, "UGEO": "", "MZAM": "", "TMZA": 0, "DEPTO10": "098", "FRAC10": "01", "RADIO10": "23", "MZA10": "005", "CEN2010": "0980123005", "LINK2010": "220980123005", "DF": "09808", "TFRAC": 4286, "DFR": "0980803", "TRADIO": 309, "DFRM": "0980803003", "FRACN": 8, "RADION": 3 }, "geometry": { "type": "Polygon", "coordinates": [ [ [ -60.704025198359432, -27.561352896434567 ], [ -60.702780015967974, -27.561390783957538 ], [ -60.702821804265668, -27.562387710040426 ], [ -60.704052011642695, -27.562381481414445 ], [ -60.704043581111215, -27.561853627928347 ], [ -60.704025198359432, -27.561352896434567 ] ] ] } },
{ "type": "Feature", "properties": { "ArcIds": [ 205, -227, -228, -220 ], "AREA": 6794.375, "PERIMETER": 354.626, "CODLOC": "030", "NOMMUNI": "VILLA ANGELA", "NOMLOC": "VILLA ANGELA", "FRAC": "01", "RADIO": "03", "MZA": "005", "MZATXT": 5, "UGEO": "", "MZAM": "0005", "TMZA": 17, "DEPTO10": "098", "FRAC10": "01", "RADIO10": "01", "MZA10": "005", "CEN2010": "0980101005", "LINK2010": "220980101005", "DF": "09801", "TFRAC": 4496, "DFR": "0980103", "TRADIO": 348, "DFRM": "0980103005", "FRACN": 1, "RADION": 3 }, "geometry": { "type": "Polygon", "coordinates": [ [ [ -60.7089915698025, -27.561332154114552 ], [ -60.707766495838115, -27.561347424036725 ], [ -60.707785011308331, -27.561866201853583 ], [ -60.709014979643015, -27.561823835128859 ], [ -60.7089915698025, -27.561332154114552 ] ] ] } },
{ "type": "Feature", "properties": { "ArcIds": [ 213, -225, -226, 227 ], "AREA": 6602.0, "PERIMETER": 350.139, "CODLOC": "030", "NOMMUNI": "VILLA ANGELA", "NOMLOC": "VILLA ANGELA", "FRAC": "01", "RADIO": "03", "MZA": "004", "MZATXT": 4, "UGEO": "", "MZAM": "0004", "TMZA": 0, "DEPTO10": "098", "FRAC10": "01", "RADIO10": "01", "MZA10": "004", "CEN2010": "0980101004", "LINK2010": "220980101004", "DF": "09801", "TFRAC": 4496, "DFR": "0980103", "TRADIO": 348, "DFRM": "0980103004", "FRACN": 1, "RADION": 3 }, "geometry": { "type": "Polygon", "coordinates": [ [ [ -60.707766495838115, -27.561347424036725 ], [ -60.706546628246961, -27.561385216345837 ], [ -60.706574974218626, -27.561858825085942 ], [ -60.707785011308331, -27.561866201853583 ], [ -60.707766495838115, -27.561347424036725 ] ] ] } },
{ "type": "Feature", "properties": { "ArcIds": [ 207, -275, -318, -319, -317, 315, 262, 0, -263 ], "AREA": 55141.375, "PERIMETER": 937.064, "CODLOC": "030", "NOMMUNI": "VILLA ANGELA", "NOMLOC": "VILLA ANGELA", "FRAC": "08", "RADIO": "03", "MZA": "005", "MZATXT": 5, "UGEO": "", "MZAM": "", "TMZA": 13, "DEPTO10": "098", "FRAC10": "01", "RADIO10": "23", "MZA10": "036", "CEN2010": "0980123036", "LINK2010": "220980123036", "DF": "09808", "TFRAC": 4286, "DFR": "0980803", "TRADIO": 309, "DFRM": "0980803005", "FRACN": 8, "RADION": 3 }, "geometry": { "type": "Polygon", "coordinates": [ [ [ -60.70160547853682, -27.561392208125895 ], [ -60.699200686347893, -27.561390795140394 ], [ -60.699210606420202, -27.562956387025704 ], [ -60.699239321775224, -27.563493162814016 ], [ -60.700418916065878, -27.563487220920628 ], [ -60.701628828421832, -27.563472092035379 ], [ -60.701617167597838, -27.562434406055285 ], [ -60.70160547853682, -27.561392208125895 ] ] ] } },
{ "type": "Feature", "properties": { "ArcIds": [ 208, -262, -315, -316, 313, 260 ], "AREA": 27117.625, "PERIMETER": 693.627, "CODLOC": "030", "NOMMUNI": "VILLA ANGELA", "NOMLOC": "VILLA ANGELA", "FRAC": "08", "RADIO": "03", "MZA": "004", "MZATXT": 4, "UGEO": "", "MZAM": "", "TMZA": 0, "DEPTO10": "098", "FRAC10": "01", "RADIO10": "23", "MZA10": "006", "CEN2010": "0980123006", "LINK2010": "220980123006", "DF": "09808", "TFRAC": 4286, "DFR": "0980803", "TRADIO": 309, "DFRM": "0980803004", "FRACN": 8, "RADION": 3 }, "geometry": { "type": "Polygon", "coordinates": [ [ [ -60.702780015967974, -27.561390783957538 ], [ -60.70160547853682, -27.561392208125895 ], [ -60.701617167597838, -27.562434406055285 ], [ -60.701628828421832, -27.563472092035379 ], [ -60.70284872176898, -27.563434342456624 ], [ -60.702821804265668, -27.562387710040426 ], [ -60.702780015967974, -27.561390783957538 ] ] ] } },
{ "type": "Feature", "properties": { "ArcIds": [ 217, -256, -257, 255 ], "AREA": 15062.25, "PERIMETER": 550.026, "CODLOC": "030", "NOMMUNI": "VILLA ANGELA", "NOMLOC": "VILLA ANGELA", "FRAC": "08", "RADIO": "02", "MZA": "009", "MZATXT": 9, "UGEO": "", "MZAM": "", "TMZA": 25, "DEPTO10": "098", "FRAC10": "01", "RADIO10": "02", "MZA10": "034", "CEN2010": "0980102034", "LINK2010": "220980102034", "DF": "09808", "TFRAC": 4286, "DFR": "0980802", "TRADIO": 216, "DFRM": "0980802009", "FRACN": 8, "RADION": 2 }, "geometry": { "type": "Polygon", "coordinates": [ [ [ -60.69519823255952, -27.561731227301582 ], [ -60.693168145168656, -27.56174137038974 ], [ -60.693192675074592, -27.562422550858656 ], [ -60.695202524617976, -27.56241250851221 ], [ -60.69519823255952, -27.561731227301582 ] ] ] } },
{ "type": "Feature", "properties": { "ArcIds": [ 224, -229, -251, -252, -253 ], "AREA": 6503.75, "PERIMETER": 349.604, "CODLOC": "030", "NOMMUNI": "VILLA ANGELA", "NOMLOC": "VILLA ANGELA", "FRAC": "01", "RADIO": "03", "MZA": "011", "MZATXT": 11, "UGEO": "", "MZAM": "0011", "TMZA": 17, "DEPTO10": "098", "FRAC10": "01", "RADIO10": "01", "MZA10": "011", "CEN2010": "0980101011", "LINK2010": "220980101011", "DF": "09801", "TFRAC": 4496, "DFR": "0980103", "TRADIO": 348, "DFRM": "0980103011", "FRACN": 1, "RADION": 3 }, "geometry": { "type": "Polygon", "coordinates": [ [ [ -60.706574974218626, -27.561858825085942 ], [ -60.705349547503886, -27.561819932376054 ], [ -60.705349951248607, -27.561883097386087 ], [ -60.705352777498469, -27.562325252440051 ], [ -60.706577949822254, -27.562323538949162 ], [ -60.706574974218626, -27.561858825085942 ] ] ] } },
{ "type": "Feature", "properties": { "ArcIds": [ 223, -258, -259, 251, 229 ], "AREA": 7372.0, "PERIMETER": 372.155, "CODLOC": "030", "NOMMUNI": "VILLA ANGELA", "NOMLOC": "VILLA ANGELA", "FRAC": "08", "RADIO": "03", "MZA": "002", "MZATXT": 2, "UGEO": "", "MZAM": "", "TMZA": 24, "DEPTO10": "098", "FRAC10": "01", "RADIO10": "23", "MZA10": "002", "CEN2010": "0980123002", "LINK2010": "220980123002", "DF": "09808", "TFRAC": 4286, "DFR": "0980803", "TRADIO": 309, "DFRM": "0980803002", "FRACN": 8, "RADION": 3 }, "geometry": { "type": "Polygon", "coordinates": [ [ [ -60.705349547503886, -27.561819932376054 ], [ -60.704043581111215, -27.561853627928347 ], [ -60.704052011642695, -27.562381481414445 ], [ -60.705352777498469, -27.562325252440051 ], [ -60.705349951248607, -27.561883097386087 ], [ -60.705349547503886, -27.561819932376054 ] ] ] } },
{ "type": "Feature", "properties": { "ArcIds": [ 221, -247, -248, 245 ], "AREA": 6168.75, "PERIMETER": 340.03, "CODLOC": "030", "NOMMUNI": "VILLA ANGELA", "NOMLOC": "VILLA ANGELA", "FRAC": "01", "RADIO": "03", "MZA": "008", "MZATXT": 8, "UGEO": "", "MZAM": "0008", "TMZA": 17, "DEPTO10": "098", "FRAC10": "01", "RADIO10": "01", "MZA10": "008", "CEN2010": "0980101008", "LINK2010": "220980101008", "DF": "09801", "TFRAC": 4496, "DFR": "0980103", "TRADIO": 348, "DFRM": "0980103008", "FRACN": 1, "RADION": 3 }, "geometry": { "type": "Polygon", "coordinates": [ [ [ -60.71019452456656, -27.561813298792725 ], [ -60.709014979643015, -27.561823835128859 ], [ -60.709007927341752, -27.562302135767222 ], [ -60.710207669583724, -27.562282472318632 ], [ -60.71019452456656, -27.561813298792725 ] ] ] } },
{ "type": "Feature", "properties": { "ArcIds": [ 228, -249, -250, 247 ], "AREA": 6163.375, "PERIMETER": 343.099, "CODLOC": "030", "NOMMUNI": "VILLA ANGELA", "NOMLOC": "VILLA ANGELA", "FRAC": "01", "RADIO": "03", "MZA": "009", "MZATXT": 9, "UGEO": "", "MZAM": "0009", "TMZA": 16, "DEPTO10": "098", "FRAC10": "01", "RADIO10": "01", "MZA10": "009", "CEN2010": "0980101009", "LINK2010": "220980101009", "DF": "09801", "TFRAC": 4496, "DFR": "0980103", "TRADIO": 348, "DFRM": "0980103009", "FRACN": 1, "RADION": 3 }, "geometry": { "type": "Polygon", "coordinates": [ [ [ -60.709014979643015, -27.561823835128859 ], [ -60.707785011308331, -27.561866201853583 ], [ -60.707803063973031, -27.562312791086811 ], [ -60.709007927341752, -27.562302135767222 ], [ -60.709014979643015, -27.561823835128859 ] ] ] } },
{ "type": "Feature", "properties": { "ArcIds": [ 226, 253, -254, 249 ], "AREA": 6072.25, "PERIMETER": 341.533, "CODLOC": "030", "NOMMUNI": "VILLA ANGELA", "NOMLOC": "VILLA ANGELA", "FRAC": "01", "RADIO": "03", "MZA": "010", "MZATXT": 10, "UGEO": "", "MZAM": "0010", "TMZA": 18, "DEPTO10": "098", "FRAC10": "01", "RADIO10": "01", "MZA10": "010", "CEN2010": "0980101010", "LINK2010": "220980101010", "DF": "09801", "TFRAC": 4496, "DFR": "0980103", "TRADIO": 348, "DFRM": "0980103010", "FRACN": 1, "RADION": 3 }, "geometry": { "type": "Polygon", "coordinates": [ [ [ -60.707785011308331, -27.561866201853583 ], [ -60.706574974218626, -27.561858825085942 ], [ -60.706577949822254, -27.562323538949162 ], [ -60.707803063973031, -27.562312791086811 ], [ -60.707785011308331, -27.561866201853583 ] ] ] } },
{ "type": "Feature", "properties": { "ArcIds": [ -283, 284, 282, -232 ], "AREA": 13224.25, "PERIMETER": 460.03, "CODLOC": "030", "NOMMUNI": "VILLA ANGELA", "NOMLOC": "VILLA ANGELA", "FRAC": "01", "RADIO": "01", "MZA": "025", "MZATXT": 25, "UGEO": "", "MZAM": "", "TMZA": 1, "DEPTO10": "098", "FRAC10": "01", "RADIO10": "03", "MZA10": "017", "CEN2010": "0980103017", "LINK2010": "220980103017", "DF": "09801", "TFRAC": 4496, "DFR": "0980101", "TRADIO": 268, "DFRM": "0980101025", "FRACN": 1, "RADION": 1 }, "geometry": { "type": "Polygon", "coordinates": [ [ [ -60.716319303559708, -27.563203112878231 ], [ -60.71630250071307, -27.562174480350972 ], [ -60.717482017875056, -27.562159370308883 ], [ -60.71749877303418, -27.563178978939106 ], [ -60.716319303559708, -27.563203112878231 ] ] ] } },
{ "type": "Feature", "properties": { "ArcIds": [ -290, 291, 283, -234 ], "AREA": 14058.125, "PERIMETER": 474.526, "CODLOC": "030", "NOMMUNI": "VILLA ANGELA", "NOMLOC": "VILLA ANGELA", "FRAC": "01", "RADIO": "01", "MZA": "024", "MZATXT": 24, "UGEO": "", "MZAM": "", "TMZA": 9, "DEPTO10": "098", "FRAC10": "01", "RADIO10": "03", "MZA10": "016", "CEN2010": "0980103016", "LINK2010": "220980103016", "DF": "09801", "TFRAC": 4496, "DFR": "0980101", "TRADIO": 268, "DFRM": "0980101024", "FRACN": 1, "RADION": 1 }, "geometry": { "type": "Polygon", "coordinates": [ [ [ -60.715079082037967, -27.563227549512167 ], [ -60.715062203031259, -27.562185381288796 ], [ -60.71630250071307, -27.562174480350972 ], [ -60.716319303559708, -27.563203112878231 ], [ -60.715079082037967, -27.563227549512167 ] ] ] } },
{ "type": "Feature", "properties": { "ArcIds": [ -292, 293, 290, -238 ], "AREA": 13627.375, "PERIMETER": 467.071, "CODLOC": "030", "NOMMUNI": "VILLA ANGELA", "NOMLOC": "VILLA ANGELA", "FRAC": "01", "RADIO": "01", "MZA": "023", "MZATXT": 23, "UGEO": "", "MZAM": "", "TMZA": 5, "DEPTO10": "098", "FRAC10": "01", "RADIO10": "03", "MZA10": "015", "CEN2010": "0980103015", "LINK2010": "220980103015", "DF": "09801", "TFRAC": 4496, "DFR": "0980101", "TRADIO": 268, "DFRM": "0980101023", "FRACN": 1, "RADION": 1 }, "geometry": { "type": "Polygon", "coordinates": [ [ [ -60.7138792730155, -27.563238231651212 ], [ -60.713847363582317, -27.562218699993025 ], [ -60.715062203031259, -27.562185381288796 ], [ -60.715079082037967, -27.563227549512167 ], [ -60.7138792730155, -27.563238231651212 ] ] ] } },
{ "type": "Feature", "properties": { "ArcIds": [ -286, 287, 285, -236 ], "AREA": 13486.5, "PERIMETER": 465.0, "CODLOC": "030", "NOMMUNI": "VILLA ANGELA", "NOMLOC": "VILLA ANGELA", "FRAC": "02", "RADIO": "02", "MZA": "006", "MZATXT": 6, "UGEO": "", "MZAM": "", "TMZA": 3, "DEPTO10": "098", "FRAC10": "02", "RADIO10": "02", "MZA10": "014", "CEN2010": "0980202014", "LINK2010": "220980202014", "DF": "09802", "TFRAC": 904, "DFR": "0980202", "TRADIO": 100, "DFRM": "0980202006", "FRACN": 2, "RADION": 2 }, "geometry": { "type": "Polygon", "coordinates": [ [ [ -60.730347786066481, -27.563134587014261 ], [ -60.730341156751081, -27.562132976036928 ], [ -60.731571353859678, -27.562126503806901 ], [ -60.731577994339169, -27.563128114509638 ], [ -60.730347786066481, -27.563134587014261 ] ] ] } },
{ "type": "Feature", "properties": { "ArcIds": [ -288, 289, 286, -242 ], "AREA": 13923.0, "PERIMETER": 473.004, "CODLOC": "030", "NOMMUNI": "VILLA ANGELA", "NOMLOC": "VILLA ANGELA", "FRAC": "02", "RADIO": "14", "MZA": "009", "MZATXT": 9, "UGEO": "", "MZAM": "", "TMZA": 1, "DEPTO10": "098", "FRAC10": "02", "RADIO10": "02", "MZA10": "017", "CEN2010": "0980202017", "LINK2010": "220980202017", "DF": "09802", "TFRAC": 904, "DFR": "0980214", "TRADIO": 156, "DFRM": "0980214009", "FRACN": 2, "RADION": 14 }, "geometry": { "type": "Polygon", "coordinates": [ [ [ -60.729072014091166, -27.563141287737487 ], [ -60.729065455971082, -27.562148700001419 ], [ -60.730341156751081, -27.562132976036928 ], [ -60.730347786066481, -27.563134587014261 ], [ -60.729072014091166, -27.563141287737487 ] ] ] } },
{ "type": "Feature", "properties": { "ArcIds": [ -294, 295, 292, -240 ], "AREA": 13616.5, "PERIMETER": 467.029, "CODLOC": "030", "NOMMUNI": "VILLA ANGELA", "NOMLOC": "VILLA ANGELA", "FRAC": "01", "RADIO": "01", "MZA": "022", "MZATXT": 22, "UGEO": "", "MZAM": "", "TMZA": 1, "DEPTO10": "098", "FRAC10": "01", "RADIO10": "03", "MZA10": "014", "CEN2010": "0980103014", "LINK2010": "220980103014", "DF": "09801", "TFRAC": 4496, "DFR": "0980101", "TRADIO": 268, "DFRM": "0980101022", "FRACN": 1, "RADION": 1 }, "geometry": { "type": "Polygon", "coordinates": [ [ [ -60.712649058706468, -27.563244547469004 ], [ -60.712637410888121, -27.562224911446226 ], [ -60.713847363582317, -27.562218699993025 ], [ -60.7138792730155, -27.563238231651212 ], [ -60.712649058706468, -27.563244547469004 ] ] ] } },
{ "type": "Feature", "properties": { "ArcIds": [ -298, 299, 294, -244 ], "AREA": 14127.0, "PERIMETER": 476.119, "CODLOC": "030", "NOMMUNI": "VILLA ANGELA", "NOMLOC": "VILLA ANGELA", "FRAC": "01", "RADIO": "01", "MZA": "021", "MZATXT": 21, "UGEO": "", "MZAM": "", "TMZA": 4, "DEPTO10": "098", "FRAC10": "01", "RADIO10": "03", "MZA10": "013", "CEN2010": "0980103013", "LINK2010": "220980103013", "DF": "09801", "TFRAC": 4496, "DFR": "0980101", "TRADIO": 268, "DFRM": "0980101021", "FRACN": 1, "RADION": 1 }, "geometry": { "type": "Polygon", "coordinates": [ [ [ -60.711378575791684, -27.563287154016699 ], [ -60.711382098314552, -27.562262928127531 ], [ -60.712637410888121, -27.562224911446226 ], [ -60.712649058706468, -27.563244547469004 ], [ -60.711378575791684, -27.563287154016699 ] ] ] } },
{ "type": "Feature", "properties": { "ArcIds": [ 246, -300, -301, 298 ], "AREA": 13050.25, "PERIMETER": 457.015, "CODLOC": "030", "NOMMUNI": "VILLA ANGELA", "NOMLOC": "VILLA ANGELA", "FRAC": "01", "RADIO": "03", "MZA": "016", "MZATXT": 16, "UGEO": "", "MZAM": "0016", "TMZA": 0, "DEPTO10": "098", "FRAC10": "01", "RADIO10": "01", "MZA10": "016", "CEN2010": "0980101016", "LINK2010": "220980101016", "DF": "09801", "TFRAC": 4496, "DFR": "0980103", "TRADIO": 348, "DFRM": "0980103016", "FRACN": 1, "RADION": 3 }, "geometry": { "type": "Polygon", "coordinates": [ [ [ -60.711382098314552, -27.562262928127531 ], [ -60.710207669583724, -27.562282472318632 ], [ -60.710209111660603, -27.563293137159004 ], [ -60.711378575791684, -27.563287154016699 ], [ -60.711382098314552, -27.562262928127531 ] ] ] } },
{ "type": "Feature", "properties": { "ArcIds": [ 248, -302, -303, 300 ], "AREA": 13186.5, "PERIMETER": 459.516, "CODLOC": "030", "NOMMUNI": "VILLA ANGELA", "NOMLOC": "VILLA ANGELA", "FRAC": "01", "RADIO": "03", "MZA": "015", "MZATXT": 15, "UGEO": "", "MZAM": "0015", "TMZA": 0, "DEPTO10": "098", "FRAC10": "01", "RADIO10": "01", "MZA10": "015", "CEN2010": "0980101015", "LINK2010": "220980101015", "DF": "09801", "TFRAC": 4496, "DFR": "0980103", "TRADIO": 348, "DFRM": "0980103015", "FRACN": 1, "RADION": 3 }, "geometry": { "type": "Polygon", "coordinates": [ [ [ -60.710207669583724, -27.562282472318632 ], [ -60.709007927341752, -27.562302135767222 ], [ -60.70901945467994, -27.563308237369867 ], [ -60.710209111660603, -27.563293137159004 ], [ -60.710207669583724, -27.562282472318632 ] ] ] } },
{ "type": "Feature", "properties": { "ArcIds": [ 250, -266, -304, -305, 302 ], "AREA": 13580.0, "PERIMETER": 465.115, "CODLOC": "030", "NOMMUNI": "VILLA ANGELA", "NOMLOC": "VILLA ANGELA", "FRAC": "01", "RADIO": "03", "MZA": "014", "MZATXT": 14, "UGEO": "", "MZAM": "0014", "TMZA": 0, "DEPTO10": "098", "FRAC10": "01", "RADIO10": "01", "MZA10": "014", "CEN2010": "0980101014", "LINK2010": "220980101014", "DF": "09801", "TFRAC": 4496, "DFR": "0980103", "TRADIO": 348, "DFRM": "0980103014", "FRACN": 1, "RADION": 3 }, "geometry": { "type": "Polygon", "coordinates": [ [ [ -60.709007927341752, -27.562302135767222 ], [ -60.707803063973031, -27.562312791086811 ], [ -60.707796295836978, -27.562836209563816 ], [ -60.707814811862683, -27.563354987259004 ], [ -60.70901945467994, -27.563308237369867 ], [ -60.709007927341752, -27.562302135767222 ] ] ] } },
{ "type": "Feature", "properties": { "ArcIds": [ 254, 264, -265, 266 ], "AREA": 6914.375, "PERIMETER": 355.513, "CODLOC": "030", "NOMMUNI": "VILLA ANGELA", "NOMLOC": "VILLA ANGELA", "FRAC": "01", "RADIO": "03", "MZA": "013", "MZATXT": 13, "UGEO": "", "MZAM": "0013", "TMZA": 22, "DEPTO10": "098", "FRAC10": "01", "RADIO10": "01", "MZA10": "013", "CEN2010": "0980101013", "LINK2010": "220980101013", "DF": "09801", "TFRAC": 4496, "DFR": "0980103", "TRADIO": 348, "DFRM": "0980103013", "FRACN": 1, "RADION": 3 }, "geometry": { "type": "Polygon", "coordinates": [ [ [ -60.707803063973031, -27.562312791086811 ], [ -60.706577949822254, -27.562323538949162 ], [ -60.706586305891079, -27.562837856664405 ], [ -60.707796295836978, -27.562836209563816 ], [ -60.707803063973031, -27.562312791086811 ] ] ] } },
{ "type": "Feature", "properties": { "ArcIds": [ 252, -267, -268, -264 ], "AREA": 6928.75, "PERIMETER": 356.024, "CODLOC": "030", "NOMMUNI": "VILLA ANGELA", "NOMLOC": "VILLA ANGELA", "FRAC": "01", "RADIO": "03", "MZA": "012", "MZATXT": 12, "UGEO": "", "MZAM": "0012", "TMZA": 24, "DEPTO10": "098", "FRAC10": "01", "RADIO10": "01", "MZA10": "012", "CEN2010": "0980101012", "LINK2010": "220980101012", "DF": "09801", "TFRAC": 4496, "DFR": "0980103", "TRADIO": 348, "DFRM": "0980103012", "FRACN": 1, "RADION": 3 }, "geometry": { "type": "Polygon", "coordinates": [ [ [ -60.706577949822254, -27.562323538949162 ], [ -60.705352777498469, -27.562325252440051 ], [ -60.705371310741661, -27.562848542501644 ], [ -60.706586305891079, -27.562837856664405 ], [ -60.706577949822254, -27.562323538949162 ] ] ] } },
{ "type": "Feature", "properties": { "ArcIds": [ 259, -269, -270, 267 ], "AREA": 7175.0, "PERIMETER": 368.204, "CODLOC": "030", "NOMMUNI": "VILLA ANGELA", "NOMLOC": "VILLA ANGELA", "FRAC": "08", "RADIO": "03", "MZA": "007", "MZATXT": 7, "UGEO": "", "MZAM": "", "TMZA": 24, "DEPTO10": "098", "FRAC10": "01", "RADIO10": "23", "MZA10": "003", "CEN2010": "0980123003", "LINK2010": "220980123003", "DF": "09808", "TFRAC": 4286, "DFR": "0980803", "TRADIO": 309, "DFRM": "0980803007", "FRACN": 8, "RADION": 3 }, "geometry": { "type": "Polygon", "coordinates": [ [ [ -60.705352777498469, -27.562325252440051 ], [ -60.704052011642695, -27.562381481414445 ], [ -60.704080433640378, -27.56286862615281 ], [ -60.705371310741661, -27.562848542501644 ], [ -60.705352777498469, -27.562325252440051 ] ] ] } },
{ "type": "Feature", "properties": { "ArcIds": [ 257, -271, -280, -281, 276 ], "AREA": 13336.625, "PERIMETER": 529.602, "CODLOC": "030", "NOMMUNI": "VILLA ANGELA", "NOMLOC": "VILLA ANGELA", "FRAC": "08", "RADIO": "02", "MZA": "010", "MZATXT": 10, "UGEO": "", "MZAM": "", "TMZA": 29, "DEPTO10": "098", "FRAC10": "01", "RADIO10": "02", "MZA10": "035", "CEN2010": "0980102035", "LINK2010": "220980102035", "DF": "09808", "TFRAC": 4286, "DFR": "0980802", "TRADIO": 216, "DFRM": "0980802010", "FRACN": 8, "RADION": 2 }, "geometry": { "type": "Polygon", "coordinates": [ [ [ -60.695202524617976, -27.56241250851221 ], [ -60.693192675074592, -27.562422550858656 ], [ -60.693211122368602, -27.562941331805842 ], [ -60.693221927871924, -27.563049564422737 ], [ -60.695206248314001, -27.563003553746249 ], [ -60.695202524617976, -27.56241250851221 ] ] ] } },
{ "type": "Feature", "properties": { "ArcIds": [ 261, -313, -314, -310, 311, 269 ], "AREA": 13918.0, "PERIMETER": 472.161, "CODLOC": "030", "NOMMUNI": "VILLA ANGELA", "NOMLOC": "VILLA ANGELA", "FRAC": "08", "RADIO": "03", "MZA": "006", "MZATXT": 6, "UGEO": "", "MZAM": "", "TMZA": 0, "DEPTO10": "098", "FRAC10": "01", "RADIO10": "23", "MZA10": "012", "CEN2010": "0980123012", "LINK2010": "220980123012", "DF": "09808", "TFRAC": 4286, "DFR": "0980803", "TRADIO": 309, "DFRM": "0980803006", "FRACN": 8, "RADION": 3 }, "geometry": { "type": "Polygon", "coordinates": [ [ [ -60.704052011642695, -27.562381481414445 ], [ -60.702821804265668, -27.562387710040426 ], [ -60.70284872176898, -27.563434342456624 ], [ -60.70386101751528, -27.563393122138837 ], [ -60.704083801912454, -27.563396505212083 ], [ -60.704080433640378, -27.56286862615281 ], [ -60.704052011642695, -27.562381481414445 ] ] ] } },
{ "type": "Feature", "properties": { "ArcIds": [ 265, 306, -307, 304 ], "AREA": 7002.25, "PERIMETER": 358.055, "CODLOC": "030", "NOMMUNI": "VILLA ANGELA", "NOMLOC": "VILLA ANGELA", "FRAC": "01", "RADIO": "03", "MZA": "017", "MZATXT": 17, "UGEO": "", "MZAM": "0017", "TMZA": 22, "DEPTO10": "098", "FRAC10": "01", "RADIO10": "01", "MZA10": "017", "CEN2010": "0980101017", "LINK2010": "220980101017", "DF": "09801", "TFRAC": 4496, "DFR": "0980103", "TRADIO": 348, "DFRM": "0980103017", "FRACN": 1, "RADION": 3 }, "geometry": { "type": "Polygon", "coordinates": [ [ [ -60.707796295836978, -27.562836209563816 ], [ -60.706586305891079, -27.562837856664405 ], [ -60.706569406761901, -27.563361326646554 ], [ -60.707814811862683, -27.563354987259004 ], [ -60.707796295836978, -27.562836209563816 ] ] ] } },
{ "type": "Feature", "properties": { "ArcIds": [ 268, -308, -309, -306 ], "AREA": 6946.125, "PERIMETER": 354.547, "CODLOC": "030", "NOMMUNI": "VILLA ANGELA", "NOMLOC": "VILLA ANGELA", "FRAC": "01", "RADIO": "03", "MZA": "018", "MZATXT": 18, "UGEO": "", "MZAM": "0018", "TMZA": 22, "DEPTO10": "098", "FRAC10": "01", "RADIO10": "01", "MZA10": "018", "CEN2010": "0980101018", "LINK2010": "220980101018", "DF": "09801", "TFRAC": 4496, "DFR": "0980103", "TRADIO": 348, "DFRM": "0980103018", "FRACN": 1, "RADION": 3 }, "geometry": { "type": "Polygon", "coordinates": [ [ [ -60.706586305891079, -27.562837856664405 ], [ -60.705371310741661, -27.562848542501644 ], [ -60.705379776653196, -27.563380907497194 ], [ -60.706569406761901, -27.563361326646554 ], [ -60.706586305891079, -27.562837856664405 ] ] ] } },
{ "type": "Feature", "properties": { "ArcIds": [ 270, -311, -312, 308 ], "AREA": 7505.625, "PERIMETER": 373.015, "CODLOC": "030", "NOMMUNI": "VILLA ANGELA", "NOMLOC": "VILLA ANGELA", "FRAC": "08", "RADIO": "03", "MZA": "008", "MZATXT": 8, "UGEO": "", "MZAM": "", "TMZA": 24, "DEPTO10": "098", "FRAC10": "01", "RADIO10": "23", "MZA10": "004", "CEN2010": "0980123004", "LINK2010": "220980123004", "DF": "09808", "TFRAC": 4286, "DFR": "0980803", "TRADIO": 309, "DFRM": "0980803008", "FRACN": 8, "RADION": 3 }, "geometry": { "type": "Polygon", "coordinates": [ [ [ -60.705371310741661, -27.562848542501644 ], [ -60.704080433640378, -27.56286862615281 ], [ -60.704083801912454, -27.563396505212083 ], [ -60.705379776653196, -27.563380907497194 ], [ -60.705371310741661, -27.562848542501644 ] ] ] } },
{ "type": "Feature", "properties": { "ArcIds": [ 279, -394, -395, 393, 389, 329, 318 ], "AREA": 42283.75, "PERIMETER": 820.776, "CODLOC": "030", "NOMMUNI": "VILLA ANGELA", "NOMLOC": "VILLA ANGELA", "FRAC": "08", "RADIO": "02", "MZA": "011", "MZATXT": 11, "UGEO": "", "MZAM": "", "TMZA": 13, "DEPTO10": "098", "FRAC10": "01", "RADIO10": "02", "MZA10": "019", "CEN2010": "0980102019", "LINK2010": "220980102019", "DF": "09808", "TFRAC": 4286, "DFR": "0980802", "TRADIO": 216, "DFRM": "0980802011", "FRACN": 8, "RADION": 2 }, "geometry": { "type": "Polygon", "coordinates": [ [ [ -60.699210606420202, -27.562956387025704 ], [ -60.697185760385871, -27.562998146304338 ], [ -60.697253594519211, -27.564919890615752 ], [ -60.699237888372089, -27.564864798191515 ], [ -60.699250931992673, -27.564526337459736 ], [ -60.699232484471921, -27.564012069753591 ], [ -60.699239321775224, -27.563493162814016 ], [ -60.699210606420202, -27.562956387025704 ] ] ] } },
{ "type": "Feature", "properties": { "ArcIds": [ 277, -323, -354, -396, -397, 394 ], "AREA": 42205.25, "PERIMETER": 821.671, "CODLOC": "030", "NOMMUNI": "VILLA ANGELA", "NOMLOC": "VILLA ANGELA", "FRAC": "08", "RADIO": "02", "MZA": "012", "MZATXT": 12, "UGEO": "", "MZAM": "", "TMZA": 7, "DEPTO10": "098", "FRAC10": "01", "RADIO10": "02", "MZA10": "018", "CEN2010": "0980102018", "LINK2010": "220980102018", "DF": "09808", "TFRAC": 4286, "DFR": "0980802", "TRADIO": 216, "DFRM": "0980802012", "FRACN": 8, "RADION": 2 }, "geometry": { "type": "Polygon", "coordinates": [ [ [ -60.697185760385871, -27.562998146304338 ], [ -60.695206248314001, -27.563003553746249 ], [ -60.69522561489628, -27.563666711649272 ], [ -60.695229594767227, -27.564298362925413 ], [ -60.695264121594249, -27.564956932892564 ], [ -60.697253594519211, -27.564919890615752 ], [ -60.697185760385871, -27.562998146304338 ] ] ] } },
{ "type": "Feature", "properties": { "ArcIds": [ 281, -320, -324, -325, 323 ], "AREA": 14017.375, "PERIMETER": 534.172, "CODLOC": "030", "NOMMUNI": "VILLA ANGELA", "NOMLOC": "VILLA ANGELA", "FRAC": "08", "RADIO": "02", "MZA": "013", "MZATXT": 13, "UGEO": "", "MZAM": "", "TMZA": 13, "DEPTO10": "098", "FRAC10": "01", "RADIO10": "02", "MZA10": "017", "CEN2010": "0980102017", "LINK2010": "220980102017", "DF": "09808", "TFRAC": 4286, "DFR": "0980802", "TRADIO": 216, "DFRM": "0980802013", "FRACN": 8, "RADION": 2 }, "geometry": { "type": "Polygon", "coordinates": [ [ [ -60.695206248314001, -27.563003553746249 ], [ -60.693221927871924, -27.563049564422737 ], [ -60.693260427638101, -27.563536661687966 ], [ -60.693261363082108, -27.563685550987479 ], [ -60.69522561489628, -27.563666711649272 ], [ -60.695206248314001, -27.563003553746249 ] ] ] } },
{ "type": "Feature", "properties": { "ArcIds": [ -355, 356, 351, -284 ], "AREA": 13179.75, "PERIMETER": 459.617, "CODLOC": "030", "NOMMUNI": "VILLA ANGELA", "NOMLOC": "VILLA ANGELA", "FRAC": "01", "RADIO": "04", "MZA": "001", "MZATXT": 1, "UGEO": "", "MZAM": "", "TMZA": 2, "DEPTO10": "098", "FRAC10": "01", "RADIO10": "03", "MZA10": "018", "CEN2010": "0980103018", "LINK2010": "220980103018", "DF": "09801", "TFRAC": 4496, "DFR": "0980104", "TRADIO": 406, "DFRM": "0980104001", "FRACN": 1, "RADION": 4 }, "geometry": { "type": "Polygon", "coordinates": [ [ [ -60.716315622018314, -27.564195755467047 ], [ -60.716319303559708, -27.563203112878231 ], [ -60.71749877303418, -27.563178978939106 ], [ -60.717550849912897, -27.564180357289299 ], [ -60.716315622018314, -27.564195755467047 ] ] ] } },
{ "type": "Feature", "properties": { "ArcIds": [ -363, 364, 355, -291 ], "AREA": 13432.5, "PERIMETER": 464.106, "CODLOC": "030", "NOMMUNI": "VILLA ANGELA", "NOMLOC": "VILLA ANGELA", "FRAC": "01", "RADIO": "04", "MZA": "002", "MZATXT": 2, "UGEO": "", "MZAM": "", "TMZA": 13, "DEPTO10": "098", "FRAC10": "01", "RADIO10": "03", "MZA10": "019", "CEN2010": "0980103019", "LINK2010": "220980103019", "DF": "09801", "TFRAC": 4496, "DFR": "0980104", "TRADIO": 406, "DFRM": "0980104002", "FRACN": 1, "RADION": 4 }, "geometry": { "type": "Polygon", "coordinates": [ [ [ -60.715105882224378, -27.564238083027433 ], [ -60.715079082037967, -27.563227549512167 ], [ -60.716319303559708, -27.563203112878231 ], [ -60.716315622018314, -27.564195755467047 ], [ -60.715105882224378, -27.564238083027433 ] ] ] } },
{ "type": "Feature", "properties": { "ArcIds": [ -343, 344, 340, -287 ], "AREA": 12931.75, "PERIMETER": 456.009, "CODLOC": "030", "NOMMUNI": "VILLA ANGELA", "NOMLOC": "VILLA ANGELA", "FRAC": "02", "RADIO": "02", "MZA": "007", "MZATXT": 7, "UGEO": "", "MZAM": "", "TMZA": 3, "DEPTO10": "098", "FRAC10": "02", "RADIO10": "02", "MZA10": "015", "CEN2010": "0980202015", "LINK2010": "220980202015", "DF": "09802", "TFRAC": 904, "DFR": "0980202", "TRADIO": 100, "DFRM": "0980202007", "FRACN": 2, "RADION": 2 }, "geometry": { "type": "Polygon", "coordinates": [ [ [ -60.730344021686854, -27.564095645232609 ], [ -60.730347786066481, -27.563134587014261 ], [ -60.731577994339169, -27.563128114509638 ], [ -60.731584306103791, -27.564080095717991 ], [ -60.730344021686854, -27.564095645232609 ] ] ] } },
{ "type": "Feature", "properties": { "ArcIds": [ -346, 347, 343, -289 ], "AREA": 13397.0, "PERIMETER": 464.506, "CODLOC": "030", "NOMMUNI": "VILLA ANGELA", "NOMLOC": "VILLA ANGELA", "FRAC": "02", "RADIO": "14", "MZA": "010", "MZATXT": 10, "UGEO": "", "MZAM": "", "TMZA": 6, "DEPTO10": "098", "FRAC10": "02", "RADIO10": "02", "MZA10": "018", "CEN2010": "0980202018", "LINK2010": "220980202018", "DF": "09802", "TFRAC": 904, "DFR": "0980214", "TRADIO": 156, "DFRM": "0980214010", "FRACN": 2, "RADION": 14 }, "geometry": { "type": "Polygon", "coordinates": [ [ [ -60.729078393675465, -27.564106804761455 ], [ -60.729072014091166, -27.563141287737487 ], [ -60.730347786066481, -27.563134587014261 ], [ -60.730344021686854, -27.564095645232609 ], [ -60.729078393675465, -27.564106804761455 ] ] ] } },
{ "type": "Feature", "properties": { "ArcIds": [ -365, 366, 363, -293 ], "AREA": 13511.75, "PERIMETER": 465.096, "CODLOC": "030", "NOMMUNI": "VILLA ANGELA", "NOMLOC": "VILLA ANGELA", "FRAC": "01", "RADIO": "04", "MZA": "003", "MZATXT": 3, "UGEO": "", "MZAM": "", "TMZA": 15, "DEPTO10": "098", "FRAC10": "01", "RADIO10": "03", "MZA10": "020", "CEN2010": "0980103020", "LINK2010": "220980103020", "DF": "09801", "TFRAC": 4496, "DFR": "0980104", "TRADIO": 406, "DFRM": "0980104003", "FRACN": 1, "RADION": 4 }, "geometry": { "type": "Polygon", "coordinates": [ [ [ -60.713901203908179, -27.564280374055382 ], [ -60.7138792730155, -27.563238231651212 ], [ -60.715079082037967, -27.563227549512167 ], [ -60.715105882224378, -27.564238083027433 ], [ -60.713901203908179, -27.564280374055382 ] ] ] } },
{ "type": "Feature", "properties": { "ArcIds": [ -367, 368, 365, -295 ], "AREA": 14123.625, "PERIMETER": 475.518, "CODLOC": "030", "NOMMUNI": "VILLA ANGELA", "NOMLOC": "VILLA ANGELA", "FRAC": "01", "RADIO": "04", "MZA": "004", "MZATXT": 4, "UGEO": "", "MZAM": "", "TMZA": 14, "DEPTO10": "098", "FRAC10": "01", "RADIO10": "03", "MZA10": "021", "CEN2010": "0980103021", "LINK2010": "220980103021", "DF": "09801", "TFRAC": 4496, "DFR": "0980104", "TRADIO": 406, "DFRM": "0980104004", "FRACN": 1, "RADION": 4 }, "geometry": { "type": "Polygon", "coordinates": [ [ [ -60.712665973609703, -27.564295739812049 ], [ -60.712649058706468, -27.563244547469004 ], [ -60.7138792730155, -27.563238231651212 ], [ -60.713901203908179, -27.564280374055382 ], [ -60.712665973609703, -27.564295739812049 ] ] ] } },
{ "type": "Feature", "properties": { "ArcIds": [ -369, 370, 367, -299 ], "AREA": 14410.375, "PERIMETER": 480.595, "CODLOC": "030", "NOMMUNI": "VILLA ANGELA", "NOMLOC": "VILLA ANGELA", "FRAC": "01", "RADIO": "04", "MZA": "005", "MZATXT": 5, "UGEO": "", "MZAM": "", "TMZA": 18, "DEPTO10": "098", "FRAC10": "01", "RADIO10": "03", "MZA10": "022", "CEN2010": "0980103022", "LINK2010": "220980103022", "DF": "09801", "TFRAC": 4496, "DFR": "0980104", "TRADIO": 406, "DFRM": "0980104005", "FRACN": 1, "RADION": 4 }, "geometry": { "type": "Polygon", "coordinates": [ [ [ -60.71140545848796, -27.564315735994079 ], [ -60.711378575791684, -27.563287154016699 ], [ -60.712649058706468, -27.563244547469004 ], [ -60.712665973609703, -27.564295739812049 ], [ -60.71140545848796, -27.564315735994079 ] ] ] } },
{ "type": "Feature", "properties": { "ArcIds": [ 301, 371, -372, 369 ], "AREA": 13255.125, "PERIMETER": 460.545, "CODLOC": "030", "NOMMUNI": "VILLA ANGELA", "NOMLOC": "VILLA ANGELA", "FRAC": "01", "RADIO": "03", "MZA": "023", "MZATXT": 23, "UGEO": "", "MZAM": "0023", "TMZA": 2, "DEPTO10": "098", "FRAC10": "01", "RADIO10": "01", "MZA10": "023", "CEN2010": "0980101023", "LINK2010": "220980101023", "DF": "09801", "TFRAC": 4496, "DFR": "0980103", "TRADIO": 348, "DFRM": "0980103023", "FRACN": 1, "RADION": 3 }, "geometry": { "type": "Polygon", "coordinates": [ [ [ -60.711378575791684, -27.563287154016699 ], [ -60.710209111660603, -27.563293137159004 ], [ -60.710236070587861, -27.564335254907668 ], [ -60.71140545848796, -27.564315735994079 ], [ -60.711378575791684, -27.563287154016699 ] ] ] } },
{ "type": "Feature", "properties": { "ArcIds": [ 303, -373, -374, -371 ], "AREA": 13516.0, "PERIMETER": 465.065, "CODLOC": "030", "NOMMUNI": "VILLA ANGELA", "NOMLOC": "VILLA ANGELA", "FRAC": "01", "RADIO": "03", "MZA": "022", "MZATXT": 22, "UGEO": "", "MZAM": "0022", "TMZA": 35, "DEPTO10": "098", "FRAC10": "01", "RADIO10": "01", "MZA10": "022", "CEN2010": "0980101022", "LINK2010": "220980101022", "DF": "09801", "TFRAC": 4496, "DFR": "0980103", "TRADIO": 348, "DFRM": "0980103022", "FRACN": 1, "RADION": 3 }, "geometry": { "type": "Polygon", "coordinates": [ [ [ -60.710209111660603, -27.563293137159004 ], [ -60.70901945467994, -27.563308237369867 ], [ -60.709056527714871, -27.56435030388181 ], [ -60.710236070587861, -27.564335254907668 ], [ -60.710209111660603, -27.563293137159004 ] ] ] } },
{ "type": "Feature", "properties": { "ArcIds": [ 305, -375, -376, 373 ], "AREA": 13655.5, "PERIMETER": 467.633, "CODLOC": "030", "NOMMUNI": "VILLA ANGELA", "NOMLOC": "VILLA ANGELA", "FRAC": "01", "RADIO": "03", "MZA": "021", "MZATXT": 21, "UGEO": "", "MZAM": "0021", "TMZA": 10, "DEPTO10": "098", "FRAC10": "01", "RADIO10": "01", "MZA10": "021", "CEN2010": "0980101021", "LINK2010": "220980101021", "DF": "09801", "TFRAC": 4496, "DFR": "0980103", "TRADIO": 348, "DFRM": "0980103021", "FRACN": 1, "RADION": 3 }, "geometry": { "type": "Polygon", "coordinates": [ [ [ -60.70901945467994, -27.563308237369867 ], [ -60.707814811862683, -27.563354987259004 ], [ -60.707831420272157, -27.564365575000302 ], [ -60.709056527714871, -27.56435030388181 ], [ -60.70901945467994, -27.563308237369867 ] ] ] } },
{ "type": "Feature", "properties": { "ArcIds": [ 307, 377, -378, 375 ], "AREA": 13804.0, "PERIMETER": 470.506, "CODLOC": "030", "NOMMUNI": "VILLA ANGELA", "NOMLOC": "VILLA ANGELA", "FRAC": "01", "RADIO": "03", "MZA": "020", "MZATXT": 20, "UGEO": "", "MZAM": "0020", "TMZA": 24, "DEPTO10": "098", "FRAC10": "01", "RADIO10": "01", "MZA10": "020", "CEN2010": "0980101020", "LINK2010": "220980101020", "DF": "09801", "TFRAC": 4496, "DFR": "0980103", "TRADIO": 348, "DFRM": "0980103020", "FRACN": 1, "RADION": 3 }, "geometry": { "type": "Polygon", "coordinates": [ [ [ -60.707814811862683, -27.563354987259004 ], [ -60.706569406761901, -27.563361326646554 ], [ -60.706580941100434, -27.564371940498532 ], [ -60.707831420272157, -27.564365575000302 ], [ -60.707814811862683, -27.563354987259004 ] ] ] } },
{ "type": "Feature", "properties": { "ArcIds": [ 309, -379, -380, -377 ], "AREA": 13219.75, "PERIMETER": 460.038, "CODLOC": "030", "NOMMUNI": "VILLA ANGELA", "NOMLOC": "VILLA ANGELA", "FRAC": "01", "RADIO": "03", "MZA": "019", "MZATXT": 19, "UGEO": "", "MZAM": "0019", "TMZA": 30, "DEPTO10": "098", "FRAC10": "01", "RADIO10": "01", "MZA10": "019", "CEN2010": "0980101019", "LINK2010": "220980101019", "DF": "09801", "TFRAC": 4496, "DFR": "0980103", "TRADIO": 348, "DFRM": "0980103019", "FRACN": 1, "RADION": 3 }, "geometry": { "type": "Polygon", "coordinates": [ [ [ -60.706569406761901, -27.563361326646554 ], [ -60.705379776653196, -27.563380907497194 ], [ -60.705391357791164, -27.564400545218771 ], [ -60.706580941100434, -27.564371940498532 ], [ -60.706569406761901, -27.563361326646554 ] ] ] } },
{ "type": "Feature", "properties": { "ArcIds": [ 310, -383, -384, 379, 312 ], "AREA": 17152.0, "PERIMETER": 529.088, "CODLOC": "030", "NOMMUNI": "VILLA ANGELA", "NOMLOC": "VILLA ANGELA", "FRAC": "08", "RADIO": "03", "MZA": "009", "MZATXT": 9, "UGEO": "", "MZAM": "", "TMZA": 27, "DEPTO10": "098", "FRAC10": "01", "RADIO10": "23", "MZA10": "009", "CEN2010": "0980123009", "LINK2010": "220980123009", "DF": "09808", "TFRAC": 4286, "DFR": "0980803", "TRADIO": 309, "DFRM": "0980803009", "FRACN": 8, "RADION": 3 }, "geometry": { "type": "Polygon", "coordinates": [ [ [ -60.704083801912454, -27.563396505212083 ], [ -60.70386101751528, -27.563393122138837 ], [ -60.703882940230024, -27.56444880323723 ], [ -60.705391357791164, -27.564400545218771 ], [ -60.705379776653196, -27.563380907497194 ], [ -60.704083801912454, -27.563396505212083 ] ] ] } },
{ "type": "Feature", "properties": { "ArcIds": [ 314, -381, -382, 383 ], "AREA": 11505.875, "PERIMETER": 430.095, "CODLOC": "030", "NOMMUNI": "VILLA ANGELA", "NOMLOC": "VILLA ANGELA", "FRAC": "08", "RADIO": "03", "MZA": "010", "MZATXT": 10, "UGEO": "", "MZAM": "", "TMZA": 20, "DEPTO10": "098", "FRAC10": "01", "RADIO10": "23", "MZA10": "008", "CEN2010": "0980123008", "LINK2010": "220980123008", "DF": "09808", "TFRAC": 4286, "DFR": "0980803", "TRADIO": 309, "DFRM": "0980803010", "FRACN": 8, "RADION": 3 }, "geometry": { "type": "Polygon", "coordinates": [ [ [ -60.70386101751528, -27.563393122138837 ], [ -60.70284872176898, -27.563434342456624 ], [ -60.702865313475264, -27.564449443418212 ], [ -60.703882940230024, -27.56444880323723 ], [ -60.70386101751528, -27.563393122138837 ] ] ] } },
{ "type": "Feature", "properties": { "ArcIds": [ 316, -326, -385, -386, 381 ], "AREA": 13507.875, "PERIMETER": 465.644, "CODLOC": "030", "NOMMUNI": "VILLA ANGELA", "NOMLOC": "VILLA ANGELA", "FRAC": "08", "RADIO": "03", "MZA": "011", "MZATXT": 11, "UGEO": "", "MZAM": "", "TMZA": 0, "DEPTO10": "098", "FRAC10": "01", "RADIO10": "23", "MZA10": "020", "CEN2010": "0980123020", "LINK2010": "220980123020", "DF": "09808", "TFRAC": 4286, "DFR": "0980803", "TRADIO": 309, "DFRM": "0980803011", "FRACN": 8, "RADION": 3 }, "geometry": { "type": "Polygon", "coordinates": [ [ [ -60.70284872176898, -27.563434342456624 ], [ -60.701628828421832, -27.563472092035379 ], [ -60.701647286955392, -27.563986359256834 ], [ -60.701655562973379, -27.564491653996807 ], [ -60.702865313475264, -27.564449443418212 ], [ -60.70284872176898, -27.563434342456624 ] ] ] } },
{ "type": "Feature", "properties": { "ArcIds": [ 317, -327, -328, 326 ], "AREA": 6827.0, "PERIMETER": 353.537, "CODLOC": "030", "NOMMUNI": "VILLA ANGELA", "NOMLOC": "VILLA ANGELA", "FRAC": "08", "RADIO": "03", "MZA": "012", "MZATXT": 12, "UGEO": "", "MZAM": "", "TMZA": 16, "DEPTO10": "098", "FRAC10": "01", "RADIO10": "23", "MZA10": "021", "CEN2010": "0980123021", "LINK2010": "220980123021", "DF": "09808", "TFRAC": 4286, "DFR": "0980803", "TRADIO": 309, "DFRM": "0980803012", "FRACN": 8, "RADION": 3 }, "geometry": { "type": "Polygon", "coordinates": [ [ [ -60.701628828421832, -27.563472092035379 ], [ -60.700418916065878, -27.563487220920628 ], [ -60.70043230630872, -27.56400151393084 ], [ -60.701647286955392, -27.563986359256834 ], [ -60.701628828421832, -27.563472092035379 ] ] ] } },
{ "type": "Feature", "properties": { "ArcIds": [ 319, -329, -330, 327 ], "AREA": 6726.875, "PERIMETER": 349.519, "CODLOC": "030", "NOMMUNI": "VILLA ANGELA", "NOMLOC": "VILLA ANGELA", "FRAC": "08", "RADIO": "03", "MZA": "014", "MZATXT": 14, "UGEO": "", "MZAM": "", "TMZA": 10, "DEPTO10": "098", "FRAC10": "01", "RADIO10": "23", "MZA10": "022", "CEN2010": "0980123022", "LINK2010": "220980123022", "DF": "09808", "TFRAC": 4286, "DFR": "0980803", "TRADIO": 309, "DFRM": "0980803014", "FRACN": 8, "RADION": 3 }, "geometry": { "type": "Polygon", "coordinates": [ [ [ -60.700418916065878, -27.563487220920628 ], [ -60.699239321775224, -27.563493162814016 ], [ -60.699232484471921, -27.564012069753591 ], [ -60.70043230630872, -27.56400151393084 ], [ -60.700418916065878, -27.563487220920628 ] ] ] } },
{ "type": "Feature", "properties": { "ArcIds": [ 322, -408, -409, 398, 361, 324 ], "AREA": 84112.125, "PERIMETER": 1367.609, "CODLOC": "030", "NOMMUNI": "VILLA ANGELA", "NOMLOC": "VILLA ANGELA", "FRAC": "02", "RADIO": "15", "MZA": "005", "MZATXT": 5, "UGEO": "", "MZAM": "0003", "TMZA": 41, "DEPTO10": "098", "FRAC10": "02", "RADIO10": "14", "MZA10": "003", "CEN2010": "0980214003", "LINK2010": "220980214003", "DF": "09802", "TFRAC": 904, "DFR": "0980215", "TRADIO": 437, "DFRM": "0980215005", "FRACN": 2, "RADION": 15 }, "geometry": { "type": "Polygon", "coordinates": [ [ [ -60.693260427638101, -27.563536661687966 ], [ -60.688293969081776, -27.56356135532441 ], [ -60.687771811782888, -27.565075441437337 ], [ -60.69326941386668, -27.564966901189614 ], [ -60.693265445103592, -27.564335249711348 ], [ -60.693261363082108, -27.563685550987479 ], [ -60.693260427638101, -27.563536661687966 ] ] ] } },
{ "type": "Feature", "properties": { "ArcIds": [ 325, -361, -362, 354 ], "AREA": 13774.0, "PERIMETER": 530.026, "CODLOC": "030", "NOMMUNI": "VILLA ANGELA", "NOMLOC": "VILLA ANGELA", "FRAC": "08", "RADIO": "02", "MZA": "014", "MZATXT": 14, "UGEO": "", "MZAM": "", "TMZA": 19, "DEPTO10": "098", "FRAC10": "01", "RADIO10": "02", "MZA10": "020", "CEN2010": "0980102020", "LINK2010": "220980102020", "DF": "09808", "TFRAC": 4286, "DFR": "0980802", "TRADIO": 216, "DFRM": "0980802014", "FRACN": 8, "RADION": 2 }, "geometry": { "type": "Polygon", "coordinates": [ [ [ -60.69522561489628, -27.563666711649272 ], [ -60.693261363082108, -27.563685550987479 ], [ -60.693265445103592, -27.564335249711348 ], [ -60.695229594767227, -27.564298362925413 ], [ -60.69522561489628, -27.563666711649272 ] ] ] } },
{ "type": "Feature", "properties": { "ArcIds": [ 328, -387, -388, 385 ], "AREA": 6764.375, "PERIMETER": 353.016, "CODLOC": "030", "NOMMUNI": "VILLA ANGELA", "NOMLOC": "VILLA ANGELA", "FRAC": "08", "RADIO": "03", "MZA": "013", "MZATXT": 13, "UGEO": "", "MZAM": "", "TMZA": 16, "DEPTO10": "098", "FRAC10": "01", "RADIO10": "23", "MZA10": "024", "CEN2010": "0980123024", "LINK2010": "220980123024", "DF": "09808", "TFRAC": 4286, "DFR": "0980803", "TRADIO": 309, "DFRM": "0980803013", "FRACN": 8, "RADION": 3 }, "geometry": { "type": "Polygon", "coordinates": [ [ [ -60.701647286955392, -27.563986359256834 ], [ -60.70043230630872, -27.56400151393084 ], [ -60.700435542725607, -27.564511346159843 ], [ -60.701655562973379, -27.564491653996807 ], [ -60.701647286955392, -27.563986359256834 ] ] ] } },
{ "type": "Feature", "properties": { "ArcIds": [ 330, -389, -390, 387 ], "AREA": 6682.875, "PERIMETER": 349.025, "CODLOC": "030", "NOMMUNI": "VILLA ANGELA", "NOMLOC": "VILLA ANGELA", "FRAC": "08", "RADIO": "03", "MZA": "015", "MZATXT": 15, "UGEO": "", "MZAM": "", "TMZA": 8, "DEPTO10": "098", "FRAC10": "01", "RADIO10": "23", "MZA10": "023", "CEN2010": "0980123023", "LINK2010": "220980123023", "DF": "09808", "TFRAC": 4286, "DFR": "0980803", "TRADIO": 309, "DFRM": "0980803015", "FRACN": 8, "RADION": 3 }, "geometry": { "type": "Polygon", "coordinates": [ [ [ -60.70043230630872, -27.56400151393084 ], [ -60.699232484471921, -27.564012069753591 ], [ -60.699250931992673, -27.564526337459736 ], [ -60.700435542725607, -27.564511346159843 ], [ -60.70043230630872, -27.56400151393084 ] ] ] } },
{ "type": "Feature", "properties": { "ArcIds": [ -484, 485, 483, -331 ], "AREA": 14764.75, "PERIMETER": 537.502, "CODLOC": "030", "NOMMUNI": "VILLA ANGELA", "NOMLOC": "VILLA ANGELA", "FRAC": "01", "RADIO": "10", "MZA": "004", "MZATXT": 4, "UGEO": "", "MZAM": "", "TMZA": 4, "DEPTO10": "098", "FRAC10": "01", "RADIO10": "19", "MZA10": "025", "CEN2010": "0980119025", "LINK2010": "220980119025", "DF": "09801", "TFRAC": 4496, "DFR": "0980110", "TRADIO": 233, "DFRM": "0980110004", "FRACN": 1, "RADION": 10 }, "geometry": { "type": "Polygon", "coordinates": [ [ [ -60.740713264754952, -27.565696618616411 ], [ -60.740701634048129, -27.56396410691886 ], [ -60.741481306622561, -27.563964459801355 ], [ -60.741492919249993, -27.56569245944474 ], [ -60.740713264754952, -27.565696618616411 ] ] ] } },
{ "type": "Feature", "properties": { "ArcIds": [ -490, 491, 484, -339 ], "AREA": 44688.875, "PERIMETER": 850.564, "CODLOC": "030", "NOMMUNI": "VILLA ANGELA", "NOMLOC": "VILLA ANGELA", "FRAC": "01", "RADIO": "09", "MZA": "001", "MZATXT": 1, "UGEO": "", "MZAM": "", "TMZA": 1, "DEPTO10": "098", "FRAC10": "01", "RADIO10": "04", "MZA10": "001", "CEN2010": "0980104001", "LINK2010": "220980104001", "DF": "09801", "TFRAC": 4496, "DFR": "0980109", "TRADIO": 366, "DFRM": "0980109001", "FRACN": 1, "RADION": 9 }, "geometry": { "type": "Polygon", "coordinates": [ [ [ -60.738338891593052, -27.565713769986967 ], [ -60.738307319395624, -27.564021970751117 ], [ -60.740701634048129, -27.56396410691886 ], [ -60.740713264754952, -27.565696618616411 ], [ -60.738338891593052, -27.565713769986967 ] ] ] } },
{ "type": "Feature", "properties": { "ArcIds": [ -483, 487, 488, -335 ], "AREA": 14773.875, "PERIMETER": 537.009, "CODLOC": "030", "NOMMUNI": "VILLA ANGELA", "NOMLOC": "VILLA ANGELA", "FRAC": "01", "RADIO": "10", "MZA": "003", "MZATXT": 3, "UGEO": "", "MZAM": "", "TMZA": 20, "DEPTO10": "098", "FRAC10": "01", "RADIO10": "19", "MZA10": "024", "CEN2010": "0980119024", "LINK2010": "220980119024", "DF": "09801", "TFRAC": 4496, "DFR": "0980110", "TRADIO": 233, "DFRM": "0980110003", "FRACN": 1, "RADION": 10 }, "geometry": { "type": "Polygon", "coordinates": [ [ [ -60.741492919249993, -27.56569245944474 ], [ -60.741481306622561, -27.563964459801355 ], [ -60.742261009444185, -27.563969320056053 ], [ -60.742277666621256, -27.565692780595093 ], [ -60.741492919249993, -27.56569245944474 ] ] ] } },
{ "type": "Feature", "properties": { "ArcIds": [ -830, 831, 829, -827, -699, -694, -334 ], "AREA": 507070.0, "PERIMETER": 2784.207, "CODLOC": "030", "NOMMUNI": "VILLA ANGELA", "NOMLOC": "VILLA ANGELA", "FRAC": "02", "RADIO": "02", "MZA": "008", "MZATXT": 8, "UGEO": "", "MZAM": "", "TMZA": 2, "DEPTO10": "098", "FRAC10": "02", "RADIO10": "02", "MZA10": "007", "CEN2010": "0980202007", "LINK2010": "220980202007", "DF": "09802", "TFRAC": 904, "DFR": "0980202", "TRADIO": 100, "DFRM": "0980202008", "FRACN": 2, "RADION": 2 }, "geometry": { "type": "Polygon", "coordinates": [ [ [ -60.745704707637742, -27.57010963074163 ], [ -60.745683332891943, -27.563950993294952 ], [ -60.753373423584748, -27.563909504810226 ], [ -60.753456810762053, -27.567965252905271 ], [ -60.753457427037652, -27.56805548758528 ], [ -60.753442485187009, -27.568091663836132 ], [ -60.753437699717793, -27.568132296901087 ], [ -60.75342782064164, -27.568168445690869 ], [ -60.753423035164388, -27.568209078755036 ], [ -60.75341315607718, -27.568245227543617 ], [ -60.753408370591885, -27.56828586060702 ], [ -60.753398491493584, -27.568322009394397 ], [ -60.753388612389102, -27.568358158180999 ], [ -60.753378764089483, -27.568398818700683 ], [ -60.753363822169163, -27.568434994942749 ], [ -60.753353943044054, -27.568471143726736 ], [ -60.753339001106333, -27.568507319966123 ], [ -60.753324089968096, -27.568548007937689 ], [ -60.753314210820726, -27.568584156718739 ], [ -60.753299268855471, -27.568620332953824 ], [ -60.753279264067345, -27.568656536641434 ], [ -60.753264322081343, -27.568692712872828 ], [ -60.753249380085798, -27.568728889102605 ], [ -60.753229344456862, -27.568760581049432 ], [ -60.75320933962125, -27.568796784727205 ], [ -60.753189334772735, -27.568832988402185 ], [ -60.753169329911316, -27.568869192074359 ], [ -60.753149294234625, -27.568900884009985 ], [ -60.753129289348166, -27.568937087676535 ], [ -60.753109253647978, -27.568968779606546 ], [ -60.753084155107082, -27.569000498981072 ], [ -60.753064150181778, -27.569036702638517 ], [ -60.753039051612724, -27.569068422005163 ], [ -60.753013953029374, -27.5691001413674 ], [ -60.752988854431699, -27.569131860725257 ], [ -60.752963755819714, -27.569163580078719 ], [ -60.752938657193397, -27.569195299427793 ], [ -60.752908464919869, -27.56922253447982 ], [ -60.75288336626442, -27.569254253819217 ], [ -60.752853204751908, -27.56928600059339 ], [ -60.75282301243255, -27.569313235627416 ], [ -60.752797882943597, -27.569340443218039 ], [ -60.752767721383094, -27.569372189974217 ], [ -60.7527375290191, -27.56939942499022 ], [ -60.752702273790831, -27.569426687433634 ], [ -60.752672081395765, -27.569453922435798 ], [ -60.752641888985771, -27.569481157431596 ], [ -60.752606602926697, -27.569503908117497 ], [ -60.75257641048681, -27.569531143099464 ], [ -60.752541124398078, -27.569553893769157 ], [ -60.752505869071612, -27.569581156164062 ], [ -60.752475645809923, -27.569603879390769 ], [ -60.752440359676875, -27.569626630035511 ], [ -60.752405073529161, -27.569649380671493 ], [ -60.752369787366774, -27.569672131298727 ], [ -60.752329438327635, -27.56969490933766 ], [ -60.75229412136639, -27.569713148212042 ], [ -60.752258835160347, -27.569735898811757 ], [ -60.752218455309077, -27.569754165085005 ], [ -60.752183138310052, -27.569772403931754 ], [ -60.752142789194835, -27.569795181917659 ], [ -60.752107441408917, -27.569808909011329 ], [ -60.752067061505038, -27.569827175241425 ], [ -60.752026681587573, -27.56984544146 ], [ -60.751986301656508, -27.569863707667061 ], [ -60.75194589095743, -27.56987746212824 ], [ -60.751905480248006, -27.569891216577847 ], [ -60.751865069528279, -27.569904971015863 ], [ -60.751824658798199, -27.569918725442296 ], [ -60.751784248057817, -27.569932479857144 ], [ -60.751743837307075, -27.569946234260406 ], [ -60.751703426546001, -27.569959988652094 ], [ -60.751657922156156, -27.569969258693831 ], [ -60.751617480634273, -27.569978501326226 ], [ -60.751577069844807, -27.569992255681637 ], [ -60.751531565430064, -27.570001525682418 ], [ -60.7514910931489, -27.570006256543675 ], [ -60.751450651598326, -27.570015499128008 ], [ -60.751405147162366, -27.570024769087723 ], [ -60.751364674866352, -27.570029499912426 ], [ -60.751319139687737, -27.570034258109313 ], [ -60.751278728838635, -27.570048012378965 ], [ -60.751233162922468, -27.570048258812914 ], [ -60.745704707637742, -27.57010963074163 ] ] ] } },
{ "type": "Feature", "properties": { "ArcIds": [ -486, -669, -834, 835, 832, 830, -337 ], "AREA": 168782.75, "PERIMETER": 1859.558, "CODLOC": "030", "NOMMUNI": "VILLA ANGELA", "NOMLOC": "VILLA ANGELA", "FRAC": "01", "RADIO": "10", "MZA": "001", "MZATXT": 1, "UGEO": "", "MZAM": "", "TMZA": 8, "DEPTO10": "098", "FRAC10": "01", "RADIO10": "19", "MZA10": "001", "CEN2010": "0980119001", "LINK2010": "220980119001", "DF": "09801", "TFRAC": 4496, "DFR": "0980110", "TRADIO": 233, "DFRM": "0980110001", "FRACN": 1, "RADION": 10 }, "geometry": { "type": "Polygon", "coordinates": [ [ [ -60.743173762657676, -27.565687989783253 ], [ -60.743152059265078, -27.563969068454618 ], [ -60.745683332891943, -27.563950993294952 ], [ -60.745704707637742, -27.57010963074163 ], [ -60.744428950769056, -27.570130009289745 ], [ -60.743254451009086, -27.57014983436585 ], [ -60.743198537157191, -27.567862596902231 ], [ -60.743173762657676, -27.565687989783253 ] ] ] } },
{ "type": "Feature", "properties": { "ArcIds": [ -488, 489, 486, -336 ], "AREA": 16833.5, "PERIMETER": 558.005, "CODLOC": "030", "NOMMUNI": "VILLA ANGELA", "NOMLOC": "VILLA ANGELA", "FRAC": "01", "RADIO": "10", "MZA": "002", "MZATXT": 2, "UGEO": "", "MZAM": "", "TMZA": 26, "DEPTO10": "098", "FRAC10": "01", "RADIO10": "19", "MZA10": "023", "CEN2010": "0980119023", "LINK2010": "220980119023", "DF": "09801", "TFRAC": 4496, "DFR": "0980110", "TRADIO": 233, "DFRM": "0980110002", "FRACN": 1, "RADION": 10 }, "geometry": { "type": "Polygon", "coordinates": [ [ [ -60.742277666621256, -27.565692780595093 ], [ -60.742261009444185, -27.563969320056053 ], [ -60.743152059265078, -27.563969068454618 ], [ -60.743173762657676, -27.565687989783253 ], [ -60.742277666621256, -27.565692780595093 ] ] ] } },
{ "type": "Feature", "properties": { "ArcIds": [ -494, -675, 676, 674, 673, 672, 490, -342 ], "AREA": 124782.383, "PERIMETER": 1441.587, "CODLOC": "030", "NOMMUNI": "VILLA ANGELA", "NOMLOC": "VILLA ANGELA", "FRAC": "01", "RADIO": "09", "MZA": "002", "MZATXT": 2, "UGEO": "", "MZAM": "", "TMZA": 10, "DEPTO10": "098", "FRAC10": "01", "RADIO10": "04", "MZA10": "002", "CEN2010": "0980104002", "LINK2010": "220980104002", "DF": "09801", "TFRAC": 4496, "DFR": "0980109", "TRADIO": 366, "DFRM": "0980109002", "FRACN": 1, "RADION": 9 }, "geometry": { "type": "Polygon", "coordinates": [ [ [ -60.735427960772029, -27.565747257974547 ], [ -60.735431931676004, -27.564064293130858 ], [ -60.738307319395624, -27.564021970751117 ], [ -60.738338891593052, -27.565713769986967 ], [ -60.738333616786178, -27.567951705782718 ], [ -60.73736671265533, -27.567970377232889 ], [ -60.736369461333091, -27.56799371473674 ], [ -60.735453184208829, -27.568012104499491 ], [ -60.735427960772029, -27.565747257974547 ] ] ] } },
{ "type": "Feature", "properties": { "ArcIds": [ -495, 496, 494, -341 ], "AREA": 72343.625, "PERIMETER": 1138.18, "CODLOC": "030", "NOMMUNI": "VILLA ANGELA", "NOMLOC": "VILLA ANGELA", "FRAC": "01", "RADIO": "09", "MZA": "003", "MZATXT": 3, "UGEO": "", "MZAM": "", "TMZA": 0, "DEPTO10": "098", "FRAC10": "01", "RADIO10": "04", "MZA10": "003", "CEN2010": "0980104003", "LINK2010": "220980104003", "DF": "09801", "TFRAC": 4496, "DFR": "0980109", "TRADIO": 366, "DFRM": "0980109003", "FRACN": 1, "RADION": 9 }, "geometry": { "type": "Polygon", "coordinates": [ [ [ -60.731636594560889, -27.565857515225474 ], [ -60.731584306103791, -27.564080095717991 ], [ -60.735431931676004, -27.564064293130858 ], [ -60.735427960772029, -27.565747257974547 ], [ -60.731636594560889, -27.565857515225474 ] ] ] } },
{ "type": "Feature", "properties": { "ArcIds": [ -497, 498, 495, -344 ], "AREA": 24459.0, "PERIMETER": 643.091, "CODLOC": "030", "NOMMUNI": "VILLA ANGELA", "NOMLOC": "VILLA ANGELA", "FRAC": "01", "RADIO": "09", "MZA": "004", "MZATXT": 4, "UGEO": "", "MZAM": "", "TMZA": 1, "DEPTO10": "098", "FRAC10": "01", "RADIO10": "04", "MZA10": "004", "CEN2010": "0980104004", "LINK2010": "220980104004", "DF": "09801", "TFRAC": 4496, "DFR": "0980109", "TRADIO": 366, "DFRM": "0980109004", "FRACN": 1, "RADION": 9 }, "geometry": { "type": "Polygon", "coordinates": [ [ [ -60.730376158808227, -27.565891219095601 ], [ -60.730344021686854, -27.564095645232609 ], [ -60.731584306103791, -27.564080095717991 ], [ -60.731636594560889, -27.565857515225474 ], [ -60.730376158808227, -27.565891219095601 ] ] ] } },
{ "type": "Feature", "properties": { "ArcIds": [ -431, 432, 428, 391, -349, 0, -392 ], "AREA": 13437.0, "PERIMETER": 463.534, "CODLOC": "030", "NOMMUNI": "VILLA ANGELA", "NOMLOC": "VILLA ANGELA", "FRAC": "01", "RADIO": "01", "MZA": "027", "MZATXT": 27, "UGEO": "", "MZAM": "", "TMZA": 32, "DEPTO10": "098", "FRAC10": "01", "RADIO10": "03", "MZA10": "056", "CEN2010": "0980103056", "LINK2010": "220980103056", "DF": "09801", "TFRAC": 4496, "DFR": "0980101", "TRADIO": 268, "DFRM": "0980101027", "FRACN": 1, "RADION": 1 }, "geometry": { "type": "Polygon", "coordinates": [ [ [ -60.718782653166315, -27.565193684398665 ], [ -60.718785959634666, -27.564146901047845 ], [ -60.719960581581084, -27.564154354617074 ], [ -60.719974210225658, -27.564691202820025 ], [ -60.719982423075557, -27.565173935977221 ], [ -60.718782653166315, -27.565193684398665 ] ] ] } },
{ "type": "Feature", "properties": { "ArcIds": [ -433, 434, 431, -352 ], "AREA": 14116.75, "PERIMETER": 475.567, "CODLOC": "030", "NOMMUNI": "VILLA ANGELA", "NOMLOC": "VILLA ANGELA", "FRAC": "01", "RADIO": "01", "MZA": "026", "MZATXT": 26, "UGEO": "", "MZAM": "", "TMZA": 37, "DEPTO10": "098", "FRAC10": "01", "RADIO10": "03", "MZA10": "057", "CEN2010": "0980103057", "LINK2010": "220980103057", "DF": "09801", "TFRAC": 4496, "DFR": "0980101", "TRADIO": 268, "DFRM": "0980101026", "FRACN": 1, "RADION": 1 }, "geometry": { "type": "Polygon", "coordinates": [ [ [ -60.717542410351989, -27.565218143433334 ], [ -60.717550849912897, -27.564180357289299 ], [ -60.718785959634666, -27.564146901047845 ], [ -60.718782653166315, -27.565193684398665 ], [ -60.717542410351989, -27.565218143433334 ] ] ] } },
{ "type": "Feature", "properties": { "ArcIds": [ -411, 412, 410, -345 ], "AREA": 14104.25, "PERIMETER": 477.027, "CODLOC": "030", "NOMMUNI": "VILLA ANGELA", "NOMLOC": "VILLA ANGELA", "FRAC": "01", "RADIO": "08", "MZA": "001", "MZATXT": 1, "UGEO": "", "MZAM": "", "TMZA": 15, "DEPTO10": "098", "FRAC10": "01", "RADIO10": "20", "MZA10": "001", "CEN2010": "0980120001", "LINK2010": "220980120001", "DF": "09801", "TFRAC": 4496, "DFR": "0980108", "TRADIO": 380, "DFRM": "0980108001", "FRACN": 1, "RADION": 8 }, "geometry": { "type": "Polygon", "coordinates": [ [ [ -60.727783724967416, -27.565088167342289 ], [ -60.727756986875761, -27.564104709206042 ], [ -60.729078393675465, -27.564106804761455 ], [ -60.72909495855825, -27.565081292032911 ], [ -60.727783724967416, -27.565088167342289 ] ] ] } },
{ "type": "Feature", "properties": { "ArcIds": [ -413, 414, 411, -348 ], "AREA": 12969.375, "PERIMETER": 456.025, "CODLOC": "030", "NOMMUNI": "VILLA ANGELA", "NOMLOC": "VILLA ANGELA", "FRAC": "01", "RADIO": "08", "MZA": "002", "MZATXT": 2, "UGEO": "", "MZAM": "", "TMZA": 0, "DEPTO10": "098", "FRAC10": "01", "RADIO10": "20", "MZA10": "002", "CEN2010": "0980120002", "LINK2010": "220980120002", "DF": "09801", "TFRAC": 4496, "DFR": "0980108", "TRADIO": 380, "DFRM": "0980108002", "FRACN": 1, "RADION": 8 }, "geometry": { "type": "Polygon", "coordinates": [ [ [ -60.726568711553711, -27.565099039003282 ], [ -60.726557201897478, -27.564120012762032 ], [ -60.727756986875761, -27.564104709206042 ], [ -60.727783724967416, -27.565088167342289 ], [ -60.726568711553711, -27.565099039003282 ] ] ] } },
{ "type": "Feature", "properties": { "ArcIds": [ -410, -503, 504, 497, -347 ], "AREA": 24979.0, "PERIMETER": 649.537, "CODLOC": "030", "NOMMUNI": "VILLA ANGELA", "NOMLOC": "VILLA ANGELA", "FRAC": "01", "RADIO": "09", "MZA": "005", "MZATXT": 5, "UGEO": "", "MZAM": "", "TMZA": 19, "DEPTO10": "098", "FRAC10": "01", "RADIO10": "04", "MZA10": "005", "CEN2010": "0980104005", "LINK2010": "220980104005", "DF": "09801", "TFRAC": 4496, "DFR": "0980109", "TRADIO": 366, "DFRM": "0980109005", "FRACN": 1, "RADION": 9 }, "geometry": { "type": "Polygon", "coordinates": [ [ [ -60.72909495855825, -27.565081292032911 ], [ -60.729078393675465, -27.564106804761455 ], [ -60.730344021686854, -27.564095645232609 ], [ -60.730376158808227, -27.565891219095601 ], [ -60.729110599659812, -27.565915914594125 ], [ -60.72909495855825, -27.565081292032911 ] ] ] } },
{ "type": "Feature", "properties": { "ArcIds": [ -415, 416, 413, -350 ], "AREA": 12476.125, "PERIMETER": 447.015, "CODLOC": "030", "NOMMUNI": "VILLA ANGELA", "NOMLOC": "VILLA ANGELA", "FRAC": "01", "RADIO": "08", "MZA": "003", "MZATXT": 3, "UGEO": "", "MZAM": "", "TMZA": 0, "DEPTO10": "098", "FRAC10": "01", "RADIO10": "20", "MZA10": "003", "CEN2010": "0980120003", "LINK2010": "220980120003", "DF": "09801", "TFRAC": 4496, "DFR": "0980108", "TRADIO": 380, "DFRM": "0980108003", "FRACN": 1, "RADION": 8 }, "geometry": { "type": "Polygon", "coordinates": [ [ [ -60.725399291448284, -27.565114173900234 ], [ -60.725392884460945, -27.56413963269577 ], [ -60.726557201897478, -27.564120012762032 ], [ -60.726568711553711, -27.565099039003282 ], [ -60.725399291448284, -27.565114173900234 ] ] ] } },
{ "type": "Feature", "properties": { "ArcIds": [ -417, 418, 415, -353 ], "AREA": 6707.5, "PERIMETER": 340.003, "CODLOC": "030", "NOMMUNI": "VILLA ANGELA", "NOMLOC": "VILLA ANGELA", "FRAC": "01", "RADIO": "08", "MZA": "004", "MZATXT": 4, "UGEO": "", "MZAM": "", "TMZA": 10, "DEPTO10": "098", "FRAC10": "01", "RADIO10": "20", "MZA10": "030", "CEN2010": "0980120030", "LINK2010": "220980120030", "DF": "09801", "TFRAC": 4496, "DFR": "0980108", "TRADIO": 380, "DFRM": "0980108004", "FRACN": 1, "RADION": 8 }, "geometry": { "type": "Polygon", "coordinates": [ [ [ -60.724771518736688, -27.56511745040266 ], [ -60.724760084289372, -27.564147447239527 ], [ -60.725392884460945, -27.56413963269577 ], [ -60.725399291448284, -27.565114173900234 ], [ -60.724771518736688, -27.56511745040266 ] ] ] } },
{ "type": "Feature", "properties": { "ArcIds": [ -435, 436, 433, -356 ], "AREA": 13911.25, "PERIMETER": 472.015, "CODLOC": "030", "NOMMUNI": "VILLA ANGELA", "NOMLOC": "VILLA ANGELA", "FRAC": "01", "RADIO": "04", "MZA": "010", "MZATXT": 10, "UGEO": "", "MZAM": "", "TMZA": 16, "DEPTO10": "098", "FRAC10": "01", "RADIO10": "03", "MZA10": "030", "CEN2010": "0980103030", "LINK2010": "220980103030", "DF": "09801", "TFRAC": 4496, "DFR": "0980104", "TRADIO": 406, "DFRM": "0980104010", "FRACN": 1, "RADION": 4 }, "geometry": { "type": "Polygon", "coordinates": [ [ [ -60.716317237652603, -27.565224466000323 ], [ -60.716315622018314, -27.564195755467047 ], [ -60.717550849912897, -27.564180357289299 ], [ -60.717542410351989, -27.565218143433334 ], [ -60.716317237652603, -27.565224466000323 ] ] ] } },
{ "type": "Feature", "properties": { "ArcIds": [ -419, 420, 417, -357 ], "AREA": 6569.25, "PERIMETER": 337.011, "CODLOC": "030", "NOMMUNI": "VILLA ANGELA", "NOMLOC": "VILLA ANGELA", "FRAC": "01", "RADIO": "08", "MZA": "005", "MZATXT": 5, "UGEO": "", "MZAM": "", "TMZA": 10, "DEPTO10": "098", "FRAC10": "01", "RADIO10": "20", "MZA10": "031", "CEN2010": "0980120031", "LINK2010": "220980120031", "DF": "09801", "TFRAC": 4496, "DFR": "0980108", "TRADIO": 380, "DFRM": "0980108005", "FRACN": 1, "RADION": 8 }, "geometry": { "type": "Polygon", "coordinates": [ [ [ -60.724148838215143, -27.565125209445391 ], [ -60.724142501488927, -27.564159691505093 ], [ -60.724760084289372, -27.564147447239527 ], [ -60.724771518736688, -27.56511745040266 ], [ -60.724148838215143, -27.565125209445391 ] ] ] } },
{ "type": "Feature", "properties": { "ArcIds": [ 362, -398, -399, 396 ], "AREA": 13980.5, "PERIMETER": 534.085, "CODLOC": "030", "NOMMUNI": "VILLA ANGELA", "NOMLOC": "VILLA ANGELA", "FRAC": "08", "RADIO": "02", "MZA": "015", "MZATXT": 15, "UGEO": "", "MZAM": "", "TMZA": 22, "DEPTO10": "098", "FRAC10": "01", "RADIO10": "02", "MZA10": "021", "CEN2010": "0980102021", "LINK2010": "220980102021", "DF": "09808", "TFRAC": 4286, "DFR": "0980802", "TRADIO": 216, "DFRM": "0980802015", "FRACN": 8, "RADION": 2 }, "geometry": { "type": "Polygon", "coordinates": [ [ [ -60.695229594767227, -27.564298362925413 ], [ -60.693265445103592, -27.564335249711348 ], [ -60.69326941386668, -27.564966901189614 ], [ -60.695264121594249, -27.564956932892564 ], [ -60.695229594767227, -27.564298362925413 ] ] ] } },
{ "type": "Feature", "properties": { "ArcIds": [ -437, 438, 435, -364 ], "AREA": 13625.5, "PERIMETER": 467.175, "CODLOC": "030", "NOMMUNI": "VILLA ANGELA", "NOMLOC": "VILLA ANGELA", "FRAC": "01", "RADIO": "04", "MZA": "009", "MZATXT": 9, "UGEO": "", "MZAM": "", "TMZA": 22, "DEPTO10": "098", "FRAC10": "01", "RADIO10": "03", "MZA10": "029", "CEN2010": "0980103029", "LINK2010": "220980103029", "DF": "09801", "TFRAC": 4496, "DFR": "0980104", "TRADIO": 406, "DFRM": "0980104009", "FRACN": 1, "RADION": 4 }, "geometry": { "type": "Polygon", "coordinates": [ [ [ -60.715117670476786, -27.565275765211858 ], [ -60.715105882224378, -27.564238083027433 ], [ -60.716315622018314, -27.564195755467047 ], [ -60.716317237652603, -27.565224466000323 ], [ -60.715117670476786, -27.565275765211858 ] ] ] } },
{ "type": "Feature", "properties": { "ArcIds": [ -421, 422, 419, -358 ], "AREA": 6607.625, "PERIMETER": 337.515, "CODLOC": "030", "NOMMUNI": "VILLA ANGELA", "NOMLOC": "VILLA ANGELA", "FRAC": "01", "RADIO": "08", "MZA": "006", "MZATXT": 6, "UGEO": "", "MZAM": "", "TMZA": 2, "DEPTO10": "098", "FRAC10": "01", "RADIO10": "20", "MZA10": "032", "CEN2010": "0980120032", "LINK2010": "220980120032", "DF": "09801", "TFRAC": 4496, "DFR": "0980108", "TRADIO": 380, "DFRM": "0980108006", "FRACN": 1, "RADION": 8 }, "geometry": { "type": "Polygon", "coordinates": [ [ [ -60.723531220224132, -27.565132939331967 ], [ -60.723509700975868, -27.564167500357001 ], [ -60.724142501488927, -27.564159691505093 ], [ -60.724148838215143, -27.565125209445391 ], [ -60.723531220224132, -27.565132939331967 ] ] ] } },
{ "type": "Feature", "properties": { "ArcIds": [ -423, 424, 421, -360 ], "AREA": 7062.0, "PERIMETER": 346.025, "CODLOC": "030", "NOMMUNI": "VILLA ANGELA", "NOMLOC": "VILLA ANGELA", "FRAC": "01", "RADIO": "08", "MZA": "007", "MZATXT": 7, "UGEO": "", "MZAM": "", "TMZA": 3, "DEPTO10": "098", "FRAC10": "01", "RADIO10": "20", "MZA10": "004", "CEN2010": "0980120004", "LINK2010": "220980120004", "DF": "09801", "TFRAC": 4496, "DFR": "0980108", "TRADIO": 380, "DFRM": "0980108007", "FRACN": 1, "RADION": 8 }, "geometry": { "type": "Polygon", "coordinates": [ [ [ -60.722847787152091, -27.565141008934411 ], [ -60.722856649733558, -27.564175411695032 ], [ -60.723509700975868, -27.564167500357001 ], [ -60.723531220224132, -27.565132939331967 ], [ -60.722847787152091, -27.565141008934411 ] ] ] } },
{ "type": "Feature", "properties": { "ArcIds": [ -439, 440, 437, -366 ], "AREA": 13484.25, "PERIMETER": 464.603, "CODLOC": "030", "NOMMUNI": "VILLA ANGELA", "NOMLOC": "VILLA ANGELA", "FRAC": "01", "RADIO": "04", "MZA": "008", "MZATXT": 8, "UGEO": "", "MZAM": "", "TMZA": 34, "DEPTO10": "098", "FRAC10": "01", "RADIO10": "03", "MZA10": "028", "CEN2010": "0980103028", "LINK2010": "220980103028", "DF": "09801", "TFRAC": 4496, "DFR": "0980104", "TRADIO": 406, "DFRM": "0980104008", "FRACN": 1, "RADION": 4 }, "geometry": { "type": "Polygon", "coordinates": [ [ [ -60.713928052185494, -27.565299931397249 ], [ -60.713901203908179, -27.564280374055382 ], [ -60.715105882224378, -27.564238083027433 ], [ -60.715117670476786, -27.565275765211858 ], [ -60.713928052185494, -27.565299931397249 ] ] ] } },
{ "type": "Feature", "properties": { "ArcIds": [ -441, 442, 439, -368 ], "AREA": 13763.0, "PERIMETER": 469.571, "CODLOC": "030", "NOMMUNI": "VILLA ANGELA", "NOMLOC": "VILLA ANGELA", "FRAC": "01", "RADIO": "04", "MZA": "007", "MZATXT": 7, "UGEO": "", "MZAM": "", "TMZA": 16, "DEPTO10": "098", "FRAC10": "01", "RADIO10": "03", "MZA10": "027", "CEN2010": "0980103027", "LINK2010": "220980103027", "DF": "09801", "TFRAC": 4496, "DFR": "0980104", "TRADIO": 406, "DFRM": "0980104007", "FRACN": 1, "RADION": 4 }, "geometry": { "type": "Polygon", "coordinates": [ [ [ -60.71270296504094, -27.565319757439102 ], [ -60.712665973609703, -27.564295739812049 ], [ -60.713901203908179, -27.564280374055382 ], [ -60.713928052185494, -27.565299931397249 ], [ -60.71270296504094, -27.565319757439102 ] ] ] } },
{ "type": "Feature", "properties": { "ArcIds": [ -445, 446, 441, -370 ], "AREA": 13887.125, "PERIMETER": 471.846, "CODLOC": "030", "NOMMUNI": "VILLA ANGELA", "NOMLOC": "VILLA ANGELA", "FRAC": "01", "RADIO": "04", "MZA": "006", "MZATXT": 6, "UGEO": "", "MZAM": "", "TMZA": 6, "DEPTO10": "098", "FRAC10": "01", "RADIO10": "03", "MZA10": "026", "CEN2010": "0980103026", "LINK2010": "220980103026", "DF": "09801", "TFRAC": 4496, "DFR": "0980104", "TRADIO": 406, "DFRM": "0980104006", "FRACN": 1, "RADION": 4 }, "geometry": { "type": "Polygon", "coordinates": [ [ [ -60.711493094418877, -27.5653440066793 ], [ -60.71140545848796, -27.564315735994079 ], [ -60.712665973609703, -27.564295739812049 ], [ -60.71270296504094, -27.565319757439102 ], [ -60.711493094418877, -27.5653440066793 ] ] ] } },
{ "type": "Feature", "properties": { "ArcIds": [ 372, -443, -444, 445 ], "AREA": 13246.875, "PERIMETER": 460.855, "CODLOC": "030", "NOMMUNI": "VILLA ANGELA", "NOMLOC": "VILLA ANGELA", "FRAC": "01", "RADIO": "05", "MZA": "001", "MZATXT": 1, "UGEO": "", "MZAM": "", "TMZA": 6, "DEPTO10": "098", "FRAC10": "01", "RADIO10": "03", "MZA10": "025", "CEN2010": "0980103025", "LINK2010": "220980103025", "DF": "09801", "TFRAC": 4496, "DFR": "0980105", "TRADIO": 265, "DFRM": "0980105001", "FRACN": 1, "RADION": 5 }, "geometry": { "type": "Polygon", "coordinates": [ [ [ -60.71140545848796, -27.564315735994079 ], [ -60.710236070587861, -27.564335254907668 ], [ -60.71027795699036, -27.565336688820917 ], [ -60.711493094418877, -27.5653440066793 ], [ -60.71140545848796, -27.564315735994079 ] ] ] } },
{ "type": "Feature", "properties": { "ArcIds": [ 374, -447, -448, 443 ], "AREA": 13502.5, "PERIMETER": 465.181, "CODLOC": "030", "NOMMUNI": "VILLA ANGELA", "NOMLOC": "VILLA ANGELA", "FRAC": "01", "RADIO": "05", "MZA": "002", "MZATXT": 2, "UGEO": "", "MZAM": "", "TMZA": 11, "DEPTO10": "098", "FRAC10": "01", "RADIO10": "03", "MZA10": "049", "CEN2010": "0980103049", "LINK2010": "220980103049", "DF": "09801", "TFRAC": 4496, "DFR": "0980105", "TRADIO": 265, "DFRM": "0980105002", "FRACN": 1, "RADION": 5 }, "geometry": { "type": "Polygon", "coordinates": [ [ [ -60.710236070587861, -27.564335254907668 ], [ -60.709056527714871, -27.56435030388181 ], [ -60.709032791131712, -27.565383656731999 ], [ -60.71027795699036, -27.565336688820917 ], [ -60.710236070587861, -27.564335254907668 ] ] ] } },
{ "type": "Feature", "properties": { "ArcIds": [ 376, -449, -450, 447 ], "AREA": 13595.0, "PERIMETER": 466.549, "CODLOC": "030", "NOMMUNI": "VILLA ANGELA", "NOMLOC": "VILLA ANGELA", "FRAC": "01", "RADIO": "05", "MZA": "003", "MZATXT": 3, "UGEO": "", "MZAM": "", "TMZA": 17, "DEPTO10": "098", "FRAC10": "01", "RADIO10": "03", "MZA10": "024", "CEN2010": "0980103024", "LINK2010": "220980103024", "DF": "09801", "TFRAC": 4496, "DFR": "0980105", "TRADIO": 265, "DFRM": "0980105003", "FRACN": 1, "RADION": 5 }, "geometry": { "type": "Polygon", "coordinates": [ [ [ -60.709056527714871, -27.56435030388181 ], [ -60.707831420272157, -27.564365575000302 ], [ -60.707848144986492, -27.565394209714761 ], [ -60.709032791131712, -27.565383656731999 ], [ -60.709056527714871, -27.56435030388181 ] ] ] } },
{ "type": "Feature", "properties": { "ArcIds": [ 378, -403, -451, -452, 449 ], "AREA": 14149.5, "PERIMETER": 476.038, "CODLOC": "030", "NOMMUNI": "VILLA ANGELA", "NOMLOC": "VILLA ANGELA", "FRAC": "01", "RADIO": "05", "MZA": "004", "MZATXT": 4, "UGEO": "", "MZAM": "", "TMZA": 10, "DEPTO10": "098", "FRAC10": "01", "RADIO10": "03", "MZA10": "050", "CEN2010": "0980103050", "LINK2010": "220980103050", "DF": "09801", "TFRAC": 4496, "DFR": "0980105", "TRADIO": 265, "DFRM": "0980105004", "FRACN": 1, "RADION": 5 }, "geometry": { "type": "Polygon", "coordinates": [ [ [ -60.707831420272157, -27.564365575000302 ], [ -60.706580941100434, -27.564371940498532 ], [ -60.706594591405427, -27.564922326576447 ], [ -60.706607895174209, -27.565418571212753 ], [ -60.707848144986492, -27.565394209714761 ], [ -60.707831420272157, -27.564365575000302 ] ] ] } },
{ "type": "Feature", "properties": { "ArcIds": [ 380, -404, -405, 403 ], "AREA": 7007.25, "PERIMETER": 354.054, "CODLOC": "030", "NOMMUNI": "VILLA ANGELA", "NOMLOC": "VILLA ANGELA", "FRAC": "01", "RADIO": "05", "MZA": "005", "MZATXT": 5, "UGEO": "", "MZAM": "", "TMZA": 12, "DEPTO10": "098", "FRAC10": "01", "RADIO10": "03", "MZA10": "023", "CEN2010": "0980103023", "LINK2010": "220980103023", "DF": "09801", "TFRAC": 4496, "DFR": "0980105", "TRADIO": 265, "DFRM": "0980105005", "FRACN": 1, "RADION": 5 }, "geometry": { "type": "Polygon", "coordinates": [ [ [ -60.706580941100434, -27.564371940498532 ], [ -60.705391357791164, -27.564400545218771 ], [ -60.705409920643085, -27.56492834689444 ], [ -60.706594591405427, -27.564922326576447 ], [ -60.706580941100434, -27.564371940498532 ] ] ] } },
{ "type": "Feature", "properties": { "ArcIds": [ 384, -455, -456, 453, 404 ], "AREA": 17131.625, "PERIMETER": 529.197, "CODLOC": "030", "NOMMUNI": "VILLA ANGELA", "NOMLOC": "VILLA ANGELA", "FRAC": "08", "RADIO": "03", "MZA": "020", "MZATXT": 20, "UGEO": "", "MZAM": "", "TMZA": 34, "DEPTO10": "098", "FRAC10": "01", "RADIO10": "23", "MZA10": "010", "CEN2010": "0980123010", "LINK2010": "220980123010", "DF": "09808", "TFRAC": 4286, "DFR": "0980803", "TRADIO": 309, "DFRM": "0980803020", "FRACN": 8, "RADION": 3 }, "geometry": { "type": "Polygon", "coordinates": [ [ [ -60.705391357791164, -27.564400545218771 ], [ -60.703882940230024, -27.56444880323723 ], [ -60.703909696050459, -27.565468364229279 ], [ -60.705443585352235, -27.565442536049478 ], [ -60.705409920643085, -27.56492834689444 ], [ -60.705391357791164, -27.564400545218771 ] ] ] } },
{ "type": "Feature", "properties": { "ArcIds": [ 382, -457, -458, 455 ], "AREA": 11406.75, "PERIMETER": 428.038, "CODLOC": "030", "NOMMUNI": "VILLA ANGELA", "NOMLOC": "VILLA ANGELA", "FRAC": "08", "RADIO": "03", "MZA": "019", "MZATXT": 19, "UGEO": "", "MZAM": "", "TMZA": 22, "DEPTO10": "098", "FRAC10": "01", "RADIO10": "23", "MZA10": "011", "CEN2010": "0980123011", "LINK2010": "220980123011", "DF": "09808", "TFRAC": 4286, "DFR": "0980803", "TRADIO": 309, "DFRM": "0980803019", "FRACN": 8, "RADION": 3 }, "geometry": { "type": "Polygon", "coordinates": [ [ [ -60.703882940230024, -27.56444880323723 ], [ -60.702865313475264, -27.564449443418212 ], [ -60.702892117382213, -27.565478028354686 ], [ -60.703909696050459, -27.565468364229279 ], [ -60.703882940230024, -27.56444880323723 ] ] ] } },
{ "type": "Feature", "properties": { "ArcIds": [ 386, -400, -462, -463, -464, 457 ], "AREA": 13728.0, "PERIMETER": 464.355, "CODLOC": "030", "NOMMUNI": "VILLA ANGELA", "NOMLOC": "VILLA ANGELA", "FRAC": "08", "RADIO": "03", "MZA": "018", "MZATXT": 18, "UGEO": "", "MZAM": "", "TMZA": 15, "DEPTO10": "098", "FRAC10": "01", "RADIO10": "23", "MZA10": "007", "CEN2010": "0980123007", "LINK2010": "220980123007", "DF": "09808", "TFRAC": 4286, "DFR": "0980803", "TRADIO": 309, "DFRM": "0980803018", "FRACN": 8, "RADION": 3 }, "geometry": { "type": "Polygon", "coordinates": [ [ [ -60.702865313475264, -27.564449443418212 ], [ -60.701655562973379, -27.564491653996807 ], [ -60.701633089919902, -27.564938448869835 ], [ -60.701682183466239, -27.565493168644863 ], [ -60.702315081643675, -27.565498994413307 ], [ -60.702892117382213, -27.565478028354686 ], [ -60.702865313475264, -27.564449443418212 ] ] ] } },
{ "type": "Feature", "properties": { "ArcIds": [ 388, -401, -402, 400 ], "AREA": 5788.5, "PERIMETER": 335.083, "CODLOC": "030", "NOMMUNI": "VILLA ANGELA", "NOMLOC": "VILLA ANGELA", "FRAC": "08", "RADIO": "03", "MZA": "017", "MZATXT": 17, "UGEO": "", "MZAM": "", "TMZA": 0, "DEPTO10": "098", "FRAC10": "01", "RADIO10": "23", "MZA10": "034", "CEN2010": "0980123034", "LINK2010": "220980123034", "DF": "09808", "TFRAC": 4286, "DFR": "0980803", "TRADIO": 309, "DFRM": "0980803017", "FRACN": 8, "RADION": 3 }, "geometry": { "type": "Polygon", "coordinates": [ [ [ -60.701655562973379, -27.564491653996807 ], [ -60.700435542725607, -27.564511346159843 ], [ -60.700448417719755, -27.564944426884736 ], [ -60.701633089919902, -27.564938448869835 ], [ -60.701655562973379, -27.564491653996807 ] ] ] } },
{ "type": "Feature", "properties": { "ArcIds": [ 390, -393, -406, -407, 401 ], "AREA": 5683.625, "PERIMETER": 332.549, "CODLOC": "030", "NOMMUNI": "VILLA ANGELA", "NOMLOC": "VILLA ANGELA", "FRAC": "08", "RADIO": "03", "MZA": "016", "MZATXT": 16, "UGEO": "", "MZAM": "", "TMZA": 0, "DEPTO10": "098", "FRAC10": "01", "RADIO10": "23", "MZA10": "035", "CEN2010": "0980123035", "LINK2010": "220980123035", "DF": "09808", "TFRAC": 4286, "DFR": "0980803", "TRADIO": 309, "DFRM": "0980803016", "FRACN": 8, "RADION": 3 }, "geometry": { "type": "Polygon", "coordinates": [ [ [ -60.700435542725607, -27.564511346159843 ], [ -60.699250931992673, -27.564526337459736 ], [ -60.699237888372089, -27.564864798191515 ], [ -60.6992384888201, -27.564959545789218 ], [ -60.700448417719755, -27.564944426884736 ], [ -60.700435542725607, -27.564511346159843 ] ] ] } },
{ "type": "Feature", "properties": { "ArcIds": [ 395, -576, -577, -575, 574, 564, 466, 406 ], "AREA": 42368.125, "PERIMETER": 824.112, "CODLOC": "030", "NOMMUNI": "VILLA ANGELA", "NOMLOC": "VILLA ANGELA", "FRAC": "08", "RADIO": "05", "MZA": "001", "MZATXT": 1, "UGEO": "", "MZAM": "0001", "TMZA": 10, "DEPTO10": "098", "FRAC10": "01", "RADIO10": "10", "MZA10": "001", "CEN2010": "0980110001", "LINK2010": "220980110001", "DF": "09808", "TFRAC": 4286, "DFR": "0980805", "TRADIO": 446, "DFRM": "0980805001", "FRACN": 8, "RADION": 5 }, "geometry": { "type": "Polygon", "coordinates": [ [ [ -60.699237888372089, -27.564864798191515 ], [ -60.697253594519211, -27.564919890615752 ], [ -60.697280986481765, -27.566850861203736 ], [ -60.69826814540108, -27.566832367048189 ], [ -60.699275612177082, -27.566822787525872 ], [ -60.699279273730752, -27.566601684372774 ], [ -60.699252217030946, -27.565527980383539 ], [ -60.6992384888201, -27.564959545789218 ], [ -60.699237888372089, -27.564864798191515 ] ] ] } },
{ "type": "Feature", "properties": { "ArcIds": [ 397, -578, -579, 576 ], "AREA": 41544.25, "PERIMETER": 816.067, "CODLOC": "030", "NOMMUNI": "VILLA ANGELA", "NOMLOC": "VILLA ANGELA", "FRAC": "08", "RADIO": "06", "MZA": "001", "MZATXT": 1, "UGEO": "", "MZAM": "0001", "TMZA": 16, "DEPTO10": "098", "FRAC10": "01", "RADIO10": "21", "MZA10": "001", "CEN2010": "0980121001", "LINK2010": "220980121001", "DF": "09808", "TFRAC": 4286, "DFR": "0980806", "TRADIO": 384, "DFRM": "0980806001", "FRACN": 8, "RADION": 6 }, "geometry": { "type": "Polygon", "coordinates": [ [ [ -60.697253594519211, -27.564919890615752 ], [ -60.695264121594249, -27.564956932892564 ], [ -60.695316650580878, -27.566865218843233 ], [ -60.697280986481765, -27.566850861203736 ], [ -60.697253594519211, -27.564919890615752 ] ] ] } },
{ "type": "Feature", "properties": { "ArcIds": [ 399, 480, 580, -581, 578 ], "AREA": 42985.875, "PERIMETER": 830.182, "CODLOC": "030", "NOMMUNI": "VILLA ANGELA", "NOMLOC": "VILLA ANGELA", "FRAC": "08", "RADIO": "06", "MZA": "002", "MZATXT": 2, "UGEO": "", "MZAM": "0002", "TMZA": 7, "DEPTO10": "098", "FRAC10": "01", "RADIO10": "21", "MZA10": "002", "CEN2010": "0980121002", "LINK2010": "220980121002", "DF": "09808", "TFRAC": 4286, "DFR": "0980806", "TRADIO": 384, "DFRM": "0980806002", "FRACN": 8, "RADION": 6 }, "geometry": { "type": "Polygon", "coordinates": [ [ [ -60.695264121594249, -27.564956932892564 ], [ -60.69326941386668, -27.564966901189614 ], [ -60.693269624102122, -27.565806120471496 ], [ -60.693266642854503, -27.566943143380147 ], [ -60.695316650580878, -27.566865218843233 ], [ -60.695264121594249, -27.564956932892564 ] ] ] } },
{ "type": "Feature", "properties": { "ArcIds": [ 409, -555, -640, -641, -746, 757, -758, -739, 733, -580, -480, 0, -481, 0, -556, 0, -572, 0, -573, 0, -582, 0, -639, 0, -738 ], "AREA": 203578.25, "PERIMETER": 1962.747, "CODLOC": "030", "NOMMUNI": "VILLA ANGELA", "NOMLOC": "VILLA ANGELA", "FRAC": "02", "RADIO": "15", "MZA": "006", "MZATXT": 6, "UGEO": "", "MZAM": "0004", "TMZA": 107, "DEPTO10": "098", "FRAC10": "02", "RADIO10": "14", "MZA10": "004", "CEN2010": "0980214004", "LINK2010": "220980214004", "DF": "09802", "TFRAC": 904, "DFR": "0980215", "TRADIO": 437, "DFRM": "0980215006", "FRACN": 2, "RADION": 15 }, "geometry": { "type": "Polygon", "coordinates": [ [ [ -60.69326941386668, -27.564966901189614 ], [ -60.687771811782888, -27.565075441437337 ], [ -60.687158763232731, -27.566630582525239 ], [ -60.687155297642008, -27.567699929320462 ], [ -60.689003178622983, -27.567681752598325 ], [ -60.689585659039231, -27.567719469826468 ], [ -60.690229430237977, -27.567842606897962 ], [ -60.690645911144337, -27.568052597965515 ], [ -60.690926176631173, -27.568339968244711 ], [ -60.691085104009069, -27.568655013244552 ], [ -60.691077691566747, -27.569088195998937 ], [ -60.691305239449242, -27.569041944422008 ], [ -60.691669004478044, -27.56891831138509 ], [ -60.692092504344814, -27.568631950119091 ], [ -60.693312516629511, -27.568603306785509 ], [ -60.693266642854503, -27.566943143380147 ], [ -60.693269624102122, -27.565806120471496 ], [ -60.69326941386668, -27.564966901189614 ] ] ] } },
{ "type": "Feature", "properties": { "ArcIds": [ 402, -459, -460, -461, 462 ], "AREA": 7258.25, "PERIMETER": 360.175, "CODLOC": "030", "NOMMUNI": "VILLA ANGELA", "NOMLOC": "VILLA ANGELA", "FRAC": "08", "RADIO": "03", "MZA": "021", "MZATXT": 21, "UGEO": "", "MZAM": "", "TMZA": 20, "DEPTO10": "098", "FRAC10": "01", "RADIO10": "23", "MZA10": "025", "CEN2010": "0980123025", "LINK2010": "220980123025", "DF": "09808", "TFRAC": 4286, "DFR": "0980803", "TRADIO": 309, "DFRM": "0980803021", "FRACN": 8, "RADION": 3 }, "geometry": { "type": "Polygon", "coordinates": [ [ [ -60.701633089919902, -27.564938448869835 ], [ -60.700448417719755, -27.564944426884736 ], [ -60.700462037583875, -27.565494814089686 ], [ -60.701049313955544, -27.565491851779921 ], [ -60.701682183466239, -27.565493168644863 ], [ -60.701633089919902, -27.564938448869835 ] ] ] } },
{ "type": "Feature", "properties": { "ArcIds": [ 407, -466, -467, -465, 459 ], "AREA": 7411.375, "PERIMETER": 363.058, "CODLOC": "030", "NOMMUNI": "VILLA ANGELA", "NOMLOC": "VILLA ANGELA", "FRAC": "08", "RADIO": "03", "MZA": "022", "MZATXT": 22, "UGEO": "", "MZAM": "", "TMZA": 13, "DEPTO10": "098", "FRAC10": "01", "RADIO10": "23", "MZA10": "026", "CEN2010": "0980123026", "LINK2010": "220980123026", "DF": "09808", "TFRAC": 4286, "DFR": "0980803", "TRADIO": 309, "DFRM": "0980803022", "FRACN": 8, "RADION": 3 }, "geometry": { "type": "Polygon", "coordinates": [ [ [ -60.700448417719755, -27.564944426884736 ], [ -60.6992384888201, -27.564959545789218 ], [ -60.699252217030946, -27.565527980383539 ], [ -60.699859658793692, -27.565511385799763 ], [ -60.700462037583875, -27.565494814089686 ], [ -60.700448417719755, -27.564944426884736 ] ] ] } },
{ "type": "Feature", "properties": { "ArcIds": [ 405, -453, -454, 451 ], "AREA": 6498.0, "PERIMETER": 344.105, "CODLOC": "030", "NOMMUNI": "VILLA ANGELA", "NOMLOC": "VILLA ANGELA", "FRAC": "01", "RADIO": "05", "MZA": "006", "MZATXT": 6, "UGEO": "", "MZAM": "", "TMZA": 2, "DEPTO10": "098", "FRAC10": "01", "RADIO10": "03", "MZA10": "038", "CEN2010": "0980103038", "LINK2010": "220980103038", "DF": "09801", "TFRAC": 4496, "DFR": "0980105", "TRADIO": 265, "DFRM": "0980105006", "FRACN": 1, "RADION": 5 }, "geometry": { "type": "Polygon", "coordinates": [ [ [ -60.706594591405427, -27.564922326576447 ], [ -60.705409920643085, -27.56492834689444 ], [ -60.705443585352235, -27.565442536049478 ], [ -60.706607895174209, -27.565418571212753 ], [ -60.706594591405427, -27.564922326576447 ] ] ] } },
{ "type": "Feature", "properties": { "ArcIds": [ -499, 502, 503, -412 ], "AREA": 11940.75, "PERIMETER": 444.026, "CODLOC": "030", "NOMMUNI": "VILLA ANGELA", "NOMLOC": "VILLA ANGELA", "FRAC": "01", "RADIO": "08", "MZA": "014", "MZATXT": 14, "UGEO": "", "MZAM": "", "TMZA": 25, "DEPTO10": "098", "FRAC10": "01", "RADIO10": "20", "MZA10": "011", "CEN2010": "0980120011", "LINK2010": "220980120011", "DF": "09801", "TFRAC": 4496, "DFR": "0980108", "TRADIO": 380, "DFRM": "0980108014", "FRACN": 1, "RADION": 8 }, "geometry": { "type": "Polygon", "coordinates": [ [ [ -60.727778986242356, -27.56590484928628 ], [ -60.727783724967416, -27.565088167342289 ], [ -60.72909495855825, -27.565081292032911 ], [ -60.729110599659812, -27.565915914594125 ], [ -60.727778986242356, -27.56590484928628 ] ] ] } },
{ "type": "Feature", "properties": { "ArcIds": [ -500, 501, 499, -414 ], "AREA": 10844.25, "PERIMETER": 420.511, "CODLOC": "030", "NOMMUNI": "VILLA ANGELA", "NOMLOC": "VILLA ANGELA", "FRAC": "01", "RADIO": "08", "MZA": "013", "MZATXT": 13, "UGEO": "", "MZAM": "", "TMZA": 13, "DEPTO10": "098", "FRAC10": "01", "RADIO10": "20", "MZA10": "010", "CEN2010": "0980120010", "LINK2010": "220980120010", "DF": "09801", "TFRAC": 4496, "DFR": "0980108", "TRADIO": 380, "DFRM": "0980108013", "FRACN": 1, "RADION": 8 }, "geometry": { "type": "Polygon", "coordinates": [ [ [ -60.726574118983095, -27.565920179884628 ], [ -60.726568711553711, -27.565099039003282 ], [ -60.727783724967416, -27.565088167342289 ], [ -60.727778986242356, -27.56590484928628 ], [ -60.726574118983095, -27.565920179884628 ] ] ] } },
{ "type": "Feature", "properties": { "ArcIds": [ -506, 507, 505, 500, -416 ], "AREA": 10597.25, "PERIMETER": 413.537, "CODLOC": "030", "NOMMUNI": "VILLA ANGELA", "NOMLOC": "VILLA ANGELA", "FRAC": "01", "RADIO": "08", "MZA": "012", "MZATXT": 12, "UGEO": "", "MZAM": "", "TMZA": 8, "DEPTO10": "098", "FRAC10": "01", "RADIO10": "20", "MZA10": "009", "CEN2010": "0980120009", "LINK2010": "220980120009", "DF": "09801", "TFRAC": 4496, "DFR": "0980108", "TRADIO": 380, "DFRM": "0980108012", "FRACN": 1, "RADION": 8 }, "geometry": { "type": "Polygon", "coordinates": [ [ [ -60.725409812227056, -27.565944312085144 ], [ -60.725399291448284, -27.565114173900234 ], [ -60.726568711553711, -27.565099039003282 ], [ -60.726574118983095, -27.565920179884628 ], [ -60.725931272433662, -27.565941588203053 ], [ -60.725409812227056, -27.565944312085144 ] ] ] } },
{ "type": "Feature", "properties": { "ArcIds": [ -508, 509, 506, -418 ], "AREA": 5681.0, "PERIMETER": 307.507, "CODLOC": "030", "NOMMUNI": "VILLA ANGELA", "NOMLOC": "VILLA ANGELA", "FRAC": "01", "RADIO": "08", "MZA": "011", "MZATXT": 11, "UGEO": "", "MZAM": "", "TMZA": 12, "DEPTO10": "098", "FRAC10": "01", "RADIO10": "20", "MZA10": "008", "CEN2010": "0980120008", "LINK2010": "220980120008", "DF": "09801", "TFRAC": 4496, "DFR": "0980108", "TRADIO": 380, "DFRM": "0980108011", "FRACN": 1, "RADION": 8 }, "geometry": { "type": "Polygon", "coordinates": [ [ [ -60.724787097515488, -27.565947562312466 ], [ -60.724771518736688, -27.56511745040266 ], [ -60.725399291448284, -27.565114173900234 ], [ -60.725409812227056, -27.565944312085144 ], [ -60.724787097515488, -27.565947562312466 ] ] ] } },
{ "type": "Feature", "properties": { "ArcIds": [ -510, 511, 508, -420 ], "AREA": 5688.625, "PERIMETER": 307.507, "CODLOC": "030", "NOMMUNI": "VILLA ANGELA", "NOMLOC": "VILLA ANGELA", "FRAC": "01", "RADIO": "08", "MZA": "010", "MZATXT": 10, "UGEO": "", "MZAM": "", "TMZA": 12, "DEPTO10": "098", "FRAC10": "01", "RADIO10": "20", "MZA10": "007", "CEN2010": "0980120007", "LINK2010": "220980120007", "DF": "09801", "TFRAC": 4496, "DFR": "0980108", "TRADIO": 380, "DFRM": "0980108010", "FRACN": 1, "RADION": 8 }, "geometry": { "type": "Polygon", "coordinates": [ [ [ -60.724154257254604, -27.565950862529782 ], [ -60.724148838215143, -27.565125209445391 ], [ -60.724771518736688, -27.56511745040266 ], [ -60.724787097515488, -27.565947562312466 ], [ -60.724154257254604, -27.565950862529782 ] ] ] } },
{ "type": "Feature", "properties": { "ArcIds": [ -514, 515, 510, -422 ], "AREA": 5551.25, "PERIMETER": 304.516, "CODLOC": "030", "NOMMUNI": "VILLA ANGELA", "NOMLOC": "VILLA ANGELA", "FRAC": "01", "RADIO": "08", "MZA": "009", "MZATXT": 9, "UGEO": "", "MZAM": "", "TMZA": 4, "DEPTO10": "098", "FRAC10": "01", "RADIO10": "20", "MZA10": "006", "CEN2010": "0980120006", "LINK2010": "220980120006", "DF": "09801", "TFRAC": 4496, "DFR": "0980108", "TRADIO": 380, "DFRM": "0980108009", "FRACN": 1, "RADION": 8 }, "geometry": { "type": "Polygon", "coordinates": [ [ [ -60.723546789678949, -27.565963051558384 ], [ -60.723531220224132, -27.565132939331967 ], [ -60.724148838215143, -27.565125209445391 ], [ -60.724154257254604, -27.565950862529782 ], [ -60.723546789678949, -27.565963051558384 ] ] ] } },
{ "type": "Feature", "properties": { "ArcIds": [ -425, -468, -512, 513, 514, -424 ], "AREA": 6978.5, "PERIMETER": 336.018, "CODLOC": "030", "NOMMUNI": "VILLA ANGELA", "NOMLOC": "VILLA ANGELA", "FRAC": "01", "RADIO": "08", "MZA": "008", "MZATXT": 8, "UGEO": "", "MZAM": "", "TMZA": 3, "DEPTO10": "098", "FRAC10": "01", "RADIO10": "20", "MZA10": "005", "CEN2010": "0980120005", "LINK2010": "220980120005", "DF": "09801", "TFRAC": 4496, "DFR": "0980108", "TRADIO": 380, "DFRM": "0980108008", "FRACN": 1, "RADION": 8 }, "geometry": { "type": "Polygon", "coordinates": [ [ [ -60.722756658788171, -27.565141483058554 ], [ -60.722847787152091, -27.565141008934411 ], [ -60.723531220224132, -27.565132939331967 ], [ -60.723546789678949, -27.565963051558384 ], [ -60.722772163307049, -27.565962571949441 ], [ -60.722769917042982, -27.565619677680068 ], [ -60.722756658788171, -27.565141483058554 ] ] ] } },
{ "type": "Feature", "properties": { "ArcIds": [ -469, 470, 468, -426 ], "AREA": 3587.125, "PERIMETER": 241.511, "CODLOC": "030", "NOMMUNI": "VILLA ANGELA", "NOMLOC": "VILLA ANGELA", "FRAC": "01", "RADIO": "07", "MZA": "001", "MZATXT": 1, "UGEO": "", "MZAM": "", "TMZA": 12, "DEPTO10": "098", "FRAC10": "01", "RADIO10": "07", "MZA10": "001", "CEN2010": "0980107001", "LINK2010": "220980107001", "DF": "09801", "TFRAC": 4496, "DFR": "0980107", "TRADIO": 294, "DFRM": "0980107001", "FRACN": 1, "RADION": 7 }, "geometry": { "type": "Polygon", "coordinates": [ [ [ -60.722076325862922, -27.565623284456677 ], [ -60.722073225514499, -27.565149548852414 ], [ -60.722756658788171, -27.565141483058554 ], [ -60.722769917042982, -27.565619677680068 ], [ -60.722076325862922, -27.565623284456677 ] ] ] } },
{ "type": "Feature", "properties": { "ArcIds": [ -471, 472, 469, -427 ], "AREA": 3945.25, "PERIMETER": 255.518, "CODLOC": "030", "NOMMUNI": "VILLA ANGELA", "NOMLOC": "VILLA ANGELA", "FRAC": "01", "RADIO": "07", "MZA": "002", "MZATXT": 2, "UGEO": "", "MZAM": "", "TMZA": 10, "DEPTO10": "098", "FRAC10": "01", "RADIO10": "07", "MZA10": "017", "CEN2010": "0980107017", "LINK2010": "220980107017", "DF": "09801", "TFRAC": 4496, "DFR": "0980107", "TRADIO": 294, "DFRM": "0980107002", "FRACN": 1, "RADION": 7 }, "geometry": { "type": "Polygon", "coordinates": [ [ [ -60.721316948809971, -27.565631741279809 ], [ -60.721303755837447, -27.56516256993692 ], [ -60.722073225514499, -27.565149548852414 ], [ -60.722076325862922, -27.565623284456677 ], [ -60.721316948809971, -27.565631741279809 ] ] ] } },
{ "type": "Feature", "properties": { "ArcIds": [ -473, 476, 477, 471, -430 ], "AREA": 3674.625, "PERIMETER": 245.034, "CODLOC": "030", "NOMMUNI": "VILLA ANGELA", "NOMLOC": "VILLA ANGELA", "FRAC": "01", "RADIO": "07", "MZA": "003", "MZATXT": 3, "UGEO": "", "MZAM": "", "TMZA": 11, "DEPTO10": "098", "FRAC10": "01", "RADIO10": "07", "MZA10": "002", "CEN2010": "0980107002", "LINK2010": "220980107002", "DF": "09801", "TFRAC": 4496, "DFR": "0980107", "TRADIO": 294, "DFRM": "0980107003", "FRACN": 1, "RADION": 7 }, "geometry": { "type": "Polygon", "coordinates": [ [ [ -60.720592981059525, -27.565635498368394 ], [ -60.720589975476578, -27.56517529791774 ], [ -60.721303755837447, -27.56516256993692 ], [ -60.721316948809971, -27.565631741279809 ], [ -60.720674013921311, -27.56563958995115 ], [ -60.720592981059525, -27.565635498368394 ] ] ] } },
{ "type": "Feature", "properties": { "ArcIds": [ -474, 475, 473, -429 ], "AREA": 3075.0, "PERIMETER": 222.502, "CODLOC": "030", "NOMMUNI": "VILLA ANGELA", "NOMLOC": "VILLA ANGELA", "FRAC": "01", "RADIO": "07", "MZA": "004", "MZATXT": 4, "UGEO": "", "MZAM": "", "TMZA": 12, "DEPTO10": "098", "FRAC10": "01", "RADIO10": "07", "MZA10": "018", "CEN2010": "0980107018", "LINK2010": "220980107018", "DF": "09801", "TFRAC": 4496, "DFR": "0980107", "TRADIO": 294, "DFRM": "0980107004", "FRACN": 1, "RADION": 7 }, "geometry": { "type": "Polygon", "coordinates": [ [ [ -60.719985455566359, -27.565638648259149 ], [ -60.719982423075557, -27.565173935977221 ], [ -60.720589975476578, -27.56517529791774 ], [ -60.720592981059525, -27.565635498368394 ], [ -60.719985455566359, -27.565638648259149 ] ] ] } },
{ "type": "Feature", "properties": { "ArcIds": [ -478, 479, 474, -432 ], "AREA": 6216.625, "PERIMETER": 342.557, "CODLOC": "030", "NOMMUNI": "VILLA ANGELA", "NOMLOC": "VILLA ANGELA", "FRAC": "01", "RADIO": "04", "MZA": "011", "MZATXT": 11, "UGEO": "", "MZAM": "", "TMZA": 20, "DEPTO10": "098", "FRAC10": "01", "RADIO10": "03", "MZA10": "061", "CEN2010": "0980103061", "LINK2010": "220980103061", "DF": "09801", "TFRAC": 4496, "DFR": "0980104", "TRADIO": 406, "DFRM": "0980104011", "FRACN": 1, "RADION": 4 }, "geometry": { "type": "Polygon", "coordinates": [ [ [ -60.718775643354142, -27.565671984502504 ], [ -60.718782653166315, -27.565193684398665 ], [ -60.719982423075557, -27.565173935977221 ], [ -60.719985455566359, -27.565638648259149 ], [ -60.718775643354142, -27.565671984502504 ] ] ] } },
{ "type": "Feature", "properties": { "ArcIds": [ -524, 525, 516, 478, -434 ], "AREA": 13679.625, "PERIMETER": 468.617, "CODLOC": "030", "NOMMUNI": "VILLA ANGELA", "NOMLOC": "VILLA ANGELA", "FRAC": "01", "RADIO": "04", "MZA": "013", "MZATXT": 13, "UGEO": "", "MZAM": "", "TMZA": 9, "DEPTO10": "098", "FRAC10": "01", "RADIO10": "03", "MZA10": "063", "CEN2010": "0980103063", "LINK2010": "220980103063", "DF": "09801", "TFRAC": 4496, "DFR": "0980104", "TRADIO": 406, "DFRM": "0980104013", "FRACN": 1, "RADION": 4 }, "geometry": { "type": "Polygon", "coordinates": [ [ [ -60.717579506216943, -27.566251182303969 ], [ -60.717542410351989, -27.565218143433334 ], [ -60.718782653166315, -27.565193684398665 ], [ -60.718775643354142, -27.565671984502504 ], [ -60.718779170513336, -27.566213396971722 ], [ -60.717579506216943, -27.566251182303969 ] ] ] } },
{ "type": "Feature", "properties": { "ArcIds": [ -530, 531, 524, -436 ], "AREA": 13983.25, "PERIMETER": 473.145, "CODLOC": "030", "NOMMUNI": "VILLA ANGELA", "NOMLOC": "VILLA ANGELA", "FRAC": "01", "RADIO": "04", "MZA": "014", "MZATXT": 14, "UGEO": "", "MZAM": "", "TMZA": 24, "DEPTO10": "098", "FRAC10": "01", "RADIO10": "03", "MZA10": "032", "CEN2010": "0980103032", "LINK2010": "220980103032", "DF": "09801", "TFRAC": 4496, "DFR": "0980104", "TRADIO": 406, "DFRM": "0980104014", "FRACN": 1, "RADION": 4 }, "geometry": { "type": "Polygon", "coordinates": [ [ [ -60.716364623315755, -27.566284523839141 ], [ -60.716317237652603, -27.565224466000323 ], [ -60.717542410351989, -27.565218143433334 ], [ -60.717579506216943, -27.566251182303969 ], [ -60.716364623315755, -27.566284523839141 ] ] ] } },
{ "type": "Feature", "properties": { "ArcIds": [ -440, -532, -613, 614, 612, 610, 530, -438 ], "AREA": 54157.875, "PERIMETER": 933.811, "CODLOC": "030", "NOMMUNI": "VILLA ANGELA", "NOMLOC": "VILLA ANGELA", "FRAC": "01", "RADIO": "04", "MZA": "015", "MZATXT": 15, "UGEO": "", "MZAM": "", "TMZA": 0, "DEPTO10": "098", "FRAC10": "01", "RADIO10": "03", "MZA10": "034", "CEN2010": "0980103034", "LINK2010": "220980103034", "DF": "09801", "TFRAC": 4496, "DFR": "0980104", "TRADIO": 406, "DFRM": "0980104015", "FRACN": 1, "RADION": 4 }, "geometry": { "type": "Polygon", "coordinates": [ [ [ -60.713928052185494, -27.565299931397249 ], [ -60.715117670476786, -27.565275765211858 ], [ -60.716317237652603, -27.565224466000323 ], [ -60.716364623315755, -27.566284523839141 ], [ -60.716381457581825, -27.567317667504017 ], [ -60.71520182641698, -27.567323745695212 ], [ -60.713986988893836, -27.567366090217192 ], [ -60.713965114275453, -27.566332971863165 ], [ -60.713928052185494, -27.565299931397249 ] ] ] } },
{ "type": "Feature", "properties": { "ArcIds": [ -533, 534, 532, -442 ], "AREA": 13879.0, "PERIMETER": 471.553, "CODLOC": "030", "NOMMUNI": "VILLA ANGELA", "NOMLOC": "VILLA ANGELA", "FRAC": "01", "RADIO": "04", "MZA": "016", "MZATXT": 16, "UGEO": "", "MZAM": "", "TMZA": 19, "DEPTO10": "098", "FRAC10": "01", "RADIO10": "03", "MZA10": "035", "CEN2010": "0980103035", "LINK2010": "220980103035", "DF": "09801", "TFRAC": 4496, "DFR": "0980104", "TRADIO": 406, "DFRM": "0980104016", "FRACN": 1, "RADION": 4 }, "geometry": { "type": "Polygon", "coordinates": [ [ [ -60.712719677226275, -27.566339367014105 ], [ -60.71270296504094, -27.565319757439102 ], [ -60.713928052185494, -27.565299931397249 ], [ -60.713965114275453, -27.566332971863165 ], [ -60.712719677226275, -27.566339367014105 ] ] ] } },
{ "type": "Feature", "properties": { "ArcIds": [ -535, 536, 533, -446 ], "AREA": 13512.625, "PERIMETER": 465.1, "CODLOC": "030", "NOMMUNI": "VILLA ANGELA", "NOMLOC": "VILLA ANGELA", "FRAC": "01", "RADIO": "04", "MZA": "017", "MZATXT": 17, "UGEO": "", "MZAM": "", "TMZA": 32, "DEPTO10": "098", "FRAC10": "01", "RADIO10": "03", "MZA10": "036", "CEN2010": "0980103036", "LINK2010": "220980103036", "DF": "09801", "TFRAC": 4496, "DFR": "0980104", "TRADIO": 406, "DFRM": "0980104017", "FRACN": 1, "RADION": 4 }, "geometry": { "type": "Polygon", "coordinates": [ [ [ -60.711525070992451, -27.566377074149781 ], [ -60.711493094418877, -27.5653440066793 ], [ -60.71270296504094, -27.565319757439102 ], [ -60.712719677226275, -27.566339367014105 ], [ -60.711525070992451, -27.566377074149781 ] ] ] } },
{ "type": "Feature", "properties": { "ArcIds": [ 444, -482, -537, -538, 535 ], "AREA": 14005.875, "PERIMETER": 473.55, "CODLOC": "030", "NOMMUNI": "VILLA ANGELA", "NOMLOC": "VILLA ANGELA", "FRAC": "01", "RADIO": "05", "MZA": "012", "MZATXT": 12, "UGEO": "", "MZAM": "", "TMZA": 0, "DEPTO10": "098", "FRAC10": "01", "RADIO10": "03", "MZA10": "065", "CEN2010": "0980103065", "LINK2010": "220980103065", "DF": "09801", "TFRAC": 4496, "DFR": "0980105", "TRADIO": 265, "DFRM": "0980105012", "FRACN": 1, "RADION": 5 }, "geometry": { "type": "Polygon", "coordinates": [ [ [ -60.711493094418877, -27.5653440066793 ], [ -60.71027795699036, -27.565336688820917 ], [ -60.710286301817135, -27.565846493984164 ], [ -60.710294908196936, -27.566396905116267 ], [ -60.711525070992451, -27.566377074149781 ], [ -60.711493094418877, -27.5653440066793 ] ] ] } },
{ "type": "Feature", "properties": { "ArcIds": [ 448, -492, -493, 482 ], "AREA": 6846.125, "PERIMETER": 357.13, "CODLOC": "030", "NOMMUNI": "VILLA ANGELA", "NOMLOC": "VILLA ANGELA", "FRAC": "01", "RADIO": "05", "MZA": "010", "MZATXT": 10, "UGEO": "", "MZAM": "", "TMZA": 16, "DEPTO10": "098", "FRAC10": "01", "RADIO10": "03", "MZA10": "051", "CEN2010": "0980103051", "LINK2010": "220980103051", "DF": "09801", "TFRAC": 4496, "DFR": "0980105", "TRADIO": 265, "DFRM": "0980105010", "FRACN": 1, "RADION": 5 }, "geometry": { "type": "Polygon", "coordinates": [ [ [ -60.71027795699036, -27.565336688820917 ], [ -60.709032791131712, -27.565383656731999 ], [ -60.709046105966749, -27.565879900894835 ], [ -60.710286301817135, -27.565846493984164 ], [ -60.71027795699036, -27.565336688820917 ] ] ] } },
{ "type": "Feature", "properties": { "ArcIds": [ 450, -541, -542, 539, 492 ], "AREA": 13280.75, "PERIMETER": 461.029, "CODLOC": "030", "NOMMUNI": "VILLA ANGELA", "NOMLOC": "VILLA ANGELA", "FRAC": "01", "RADIO": "05", "MZA": "009", "MZATXT": 9, "UGEO": "", "MZAM": "", "TMZA": 1, "DEPTO10": "098", "FRAC10": "01", "RADIO10": "03", "MZA10": "037", "CEN2010": "0980103037", "LINK2010": "220980103037", "DF": "09801", "TFRAC": 4496, "DFR": "0980105", "TRADIO": 265, "DFRM": "0980105009", "FRACN": 1, "RADION": 5 }, "geometry": { "type": "Polygon", "coordinates": [ [ [ -60.709032791131712, -27.565383656731999 ], [ -60.707848144986492, -27.565394209714761 ], [ -60.707869875106709, -27.566413794911025 ], [ -60.709059623947638, -27.566407727477962 ], [ -60.709046105966749, -27.565879900894835 ], [ -60.709032791131712, -27.565383656731999 ] ] ] } },
{ "type": "Feature", "properties": { "ArcIds": [ 452, -543, -544, 541 ], "AREA": 13491.25, "PERIMETER": 464.92, "CODLOC": "030", "NOMMUNI": "VILLA ANGELA", "NOMLOC": "VILLA ANGELA", "FRAC": "01", "RADIO": "05", "MZA": "008", "MZATXT": 8, "UGEO": "", "MZAM": "", "TMZA": 4, "DEPTO10": "098", "FRAC10": "01", "RADIO10": "03", "MZA10": "055", "CEN2010": "0980103055", "LINK2010": "220980103055", "DF": "09801", "TFRAC": 4496, "DFR": "0980105", "TRADIO": 265, "DFRM": "0980105008", "FRACN": 1, "RADION": 5 }, "geometry": { "type": "Polygon", "coordinates": [ [ [ -60.707848144986492, -27.565394209714761 ], [ -60.706607895174209, -27.565418571212753 ], [ -60.706705613110564, -27.566446794077873 ], [ -60.707869875106709, -27.566413794911025 ], [ -60.707848144986492, -27.565394209714761 ] ] ] } },
{ "type": "Feature", "properties": { "ArcIds": [ 454, -545, -546, 543 ], "AREA": 13722.0, "PERIMETER": 468.909, "CODLOC": "030", "NOMMUNI": "VILLA ANGELA", "NOMLOC": "VILLA ANGELA", "FRAC": "01", "RADIO": "05", "MZA": "007", "MZATXT": 7, "UGEO": "", "MZAM": "", "TMZA": 0, "DEPTO10": "098", "FRAC10": "01", "RADIO10": "03", "MZA10": "039", "CEN2010": "0980103039", "LINK2010": "220980103039", "DF": "09801", "TFRAC": 4496, "DFR": "0980105", "TRADIO": 265, "DFRM": "0980105007", "FRACN": 1, "RADION": 5 }, "geometry": { "type": "Polygon", "coordinates": [ [ [ -60.706607895174209, -27.565418571212753 ], [ -60.705443585352235, -27.565442536049478 ], [ -60.705445157606043, -27.566480272001677 ], [ -60.706705613110564, -27.566446794077873 ], [ -60.706607895174209, -27.565418571212753 ] ] ] } },
{ "type": "Feature", "properties": { "ArcIds": [ 456, -547, -548, 545 ], "AREA": 17299.0, "PERIMETER": 531.026, "CODLOC": "030", "NOMMUNI": "VILLA ANGELA", "NOMLOC": "VILLA ANGELA", "FRAC": "08", "RADIO": "04", "MZA": "001", "MZATXT": 1, "UGEO": "", "MZAM": "", "TMZA": 26, "DEPTO10": "098", "FRAC10": "01", "RADIO10": "22", "MZA10": "014", "CEN2010": "0980122014", "LINK2010": "220980122014", "DF": "09808", "TFRAC": 4286, "DFR": "0980804", "TRADIO": 267, "DFRM": "0980804001", "FRACN": 8, "RADION": 4 }, "geometry": { "type": "Polygon", "coordinates": [ [ [ -60.705443585352235, -27.565442536049478 ], [ -60.703909696050459, -27.565468364229279 ], [ -60.703926413407181, -27.566501511720222 ], [ -60.705445157606043, -27.566480272001677 ], [ -60.705443585352235, -27.565442536049478 ] ] ] } },
{ "type": "Feature", "properties": { "ArcIds": [ 458, -549, -550, 547 ], "AREA": 11501.5, "PERIMETER": 430.034, "CODLOC": "030", "NOMMUNI": "VILLA ANGELA", "NOMLOC": "VILLA ANGELA", "FRAC": "08", "RADIO": "04", "MZA": "002", "MZATXT": 2, "UGEO": "", "MZAM": "", "TMZA": 15, "DEPTO10": "098", "FRAC10": "01", "RADIO10": "22", "MZA10": "013", "CEN2010": "0980122013", "LINK2010": "220980122013", "DF": "09808", "TFRAC": 4286, "DFR": "0980804", "TRADIO": 267, "DFRM": "0980804002", "FRACN": 8, "RADION": 4 }, "geometry": { "type": "Polygon", "coordinates": [ [ [ -60.703909696050459, -27.565468364229279 ], [ -60.702892117382213, -27.565478028354686 ], [ -60.702919008249872, -27.566520148482759 ], [ -60.703926413407181, -27.566501511720222 ], [ -60.703909696050459, -27.565468364229279 ] ] ] } },
{ "type": "Feature", "properties": { "ArcIds": [ 464, -551, -552, 549 ], "AREA": 6613.625, "PERIMETER": 344.553, "CODLOC": "030", "NOMMUNI": "VILLA ANGELA", "NOMLOC": "VILLA ANGELA", "FRAC": "08", "RADIO": "04", "MZA": "003", "MZATXT": 3, "UGEO": "", "MZAM": "", "TMZA": 10, "DEPTO10": "098", "FRAC10": "01", "RADIO10": "22", "MZA10": "031", "CEN2010": "0980122031", "LINK2010": "220980122031", "DF": "09808", "TFRAC": 4286, "DFR": "0980804", "TRADIO": 267, "DFRM": "0980804003", "FRACN": 8, "RADION": 4 }, "geometry": { "type": "Polygon", "coordinates": [ [ [ -60.702892117382213, -27.565478028354686 ], [ -60.702315081643675, -27.565498994413307 ], [ -60.702326663867737, -27.566523144392963 ], [ -60.702919008249872, -27.566520148482759 ], [ -60.702892117382213, -27.565478028354686 ] ] ] } },
{ "type": "Feature", "properties": { "ArcIds": [ 461, -557, -558, 553 ], "AREA": 7463.875, "PERIMETER": 362.529, "CODLOC": "030", "NOMMUNI": "VILLA ANGELA", "NOMLOC": "VILLA ANGELA", "FRAC": "08", "RADIO": "04", "MZA": "005", "MZATXT": 5, "UGEO": "", "MZAM": "", "TMZA": 20, "DEPTO10": "098", "FRAC10": "01", "RADIO10": "22", "MZA10": "029", "CEN2010": "0980122029", "LINK2010": "220980122029", "DF": "09808", "TFRAC": 4286, "DFR": "0980804", "TRADIO": 267, "DFRM": "0980804005", "FRACN": 8, "RADION": 4 }, "geometry": { "type": "Polygon", "coordinates": [ [ [ -60.701682183466239, -27.565493168644863 ], [ -60.701049313955544, -27.565491851779921 ], [ -60.701056137015286, -27.566565657297129 ], [ -60.701704086229888, -27.566548850151356 ], [ -60.701682183466239, -27.565493168644863 ] ] ] } },
{ "type": "Feature", "properties": { "ArcIds": [ 460, -561, -562, 557 ], "AREA": 6931.0, "PERIMETER": 355.009, "CODLOC": "030", "NOMMUNI": "VILLA ANGELA", "NOMLOC": "VILLA ANGELA", "FRAC": "08", "RADIO": "04", "MZA": "006", "MZATXT": 6, "UGEO": "", "MZAM": "", "TMZA": 16, "DEPTO10": "098", "FRAC10": "01", "RADIO10": "22", "MZA10": "034", "CEN2010": "0980122034", "LINK2010": "220980122034", "DF": "09808", "TFRAC": 4286, "DFR": "0980804", "TRADIO": 267, "DFRM": "0980804006", "FRACN": 8, "RADION": 4 }, "geometry": { "type": "Polygon", "coordinates": [ [ [ -60.701049313955544, -27.565491851779921 ], [ -60.700462037583875, -27.565494814089686 ], [ -60.700468912219208, -27.566577643317824 ], [ -60.701056137015286, -27.566565657297129 ], [ -60.701049313955544, -27.565491851779921 ] ] ] } },
{ "type": "Feature", "properties": { "ArcIds": [ 465, -559, -560, 561 ], "AREA": 7050.875, "PERIMETER": 356.522, "CODLOC": "030", "NOMMUNI": "VILLA ANGELA", "NOMLOC": "VILLA ANGELA", "FRAC": "08", "RADIO": "04", "MZA": "007", "MZATXT": 7, "UGEO": "", "MZAM": "", "TMZA": 20, "DEPTO10": "098", "FRAC10": "01", "RADIO10": "22", "MZA10": "028", "CEN2010": "0980122028", "LINK2010": "220980122028", "DF": "09808", "TFRAC": 4286, "DFR": "0980804", "TRADIO": 267, "DFRM": "0980804007", "FRACN": 8, "RADION": 4 }, "geometry": { "type": "Polygon", "coordinates": [ [ [ -60.700462037583875, -27.565494814089686 ], [ -60.699859658793692, -27.565511385799763 ], [ -60.699871475818199, -27.566576142504577 ], [ -60.700468912219208, -27.566577643317824 ], [ -60.700462037583875, -27.565494814089686 ] ] ] } },
{ "type": "Feature", "properties": { "ArcIds": [ 463, -553, -554, 551 ], "AREA": 7146.25, "PERIMETER": 354.57, "CODLOC": "030", "NOMMUNI": "VILLA ANGELA", "NOMLOC": "VILLA ANGELA", "FRAC": "08", "RADIO": "04", "MZA": "004", "MZATXT": 4, "UGEO": "", "MZAM": "", "TMZA": 20, "DEPTO10": "098", "FRAC10": "01", "RADIO10": "22", "MZA10": "030", "CEN2010": "0980122030", "LINK2010": "220980122030", "DF": "09808", "TFRAC": 4286, "DFR": "0980804", "TRADIO": 267, "DFRM": "0980804004", "FRACN": 8, "RADION": 4 }, "geometry": { "type": "Polygon", "coordinates": [ [ [ -60.702315081643675, -27.565498994413307 ], [ -60.701682183466239, -27.565493168644863 ], [ -60.701704086229888, -27.566548850151356 ], [ -60.702326663867737, -27.566523144392963 ], [ -60.702315081643675, -27.565498994413307 ] ] ] } },
{ "type": "Feature", "properties": { "ArcIds": [ 467, -564, -565, 559 ], "AREA": 7023.625, "PERIMETER": 355.59, "CODLOC": "030", "NOMMUNI": "VILLA ANGELA", "NOMLOC": "VILLA ANGELA", "FRAC": "08", "RADIO": "04", "MZA": "008", "MZATXT": 8, "UGEO": "", "MZAM": "", "TMZA": 10, "DEPTO10": "098", "FRAC10": "01", "RADIO10": "22", "MZA10": "027", "CEN2010": "0980122027", "LINK2010": "220980122027", "DF": "09808", "TFRAC": 4286, "DFR": "0980804", "TRADIO": 267, "DFRM": "0980804008", "FRACN": 8, "RADION": 4 }, "geometry": { "type": "Polygon", "coordinates": [ [ [ -60.699859658793692, -27.565511385799763 ], [ -60.699252217030946, -27.565527980383539 ], [ -60.699279273730752, -27.566601684372774 ], [ -60.699871475818199, -27.566576142504577 ], [ -60.699859658793692, -27.565511385799763 ] ] ] } },
{ "type": "Feature", "properties": { "ArcIds": [ -527, 528, 529, 512, -470 ], "AREA": 4684.75, "PERIMETER": 273.511, "CODLOC": "030", "NOMMUNI": "VILLA ANGELA", "NOMLOC": "VILLA ANGELA", "FRAC": "01", "RADIO": "07", "MZA": "008", "MZATXT": 8, "UGEO": "", "MZAM": "", "TMZA": 12, "DEPTO10": "098", "FRAC10": "01", "RADIO10": "07", "MZA10": "003", "CEN2010": "0980107003", "LINK2010": "220980107003", "DF": "09801", "TFRAC": 4496, "DFR": "0980107", "TRADIO": 294, "DFRM": "0980107008", "FRACN": 1, "RADION": 7 }, "geometry": { "type": "Polygon", "coordinates": [ [ [ -60.722080341664835, -27.566236884809857 ], [ -60.722076325862922, -27.565623284456677 ], [ -60.722769917042982, -27.565619677680068 ], [ -60.722772163307049, -27.565962571949441 ], [ -60.722768933077617, -27.566242327812418 ], [ -60.722080341664835, -27.566236884809857 ] ] ] } },
{ "type": "Feature", "properties": { "ArcIds": [ -521, 526, 527, -472 ], "AREA": 4974.375, "PERIMETER": 282.534, "CODLOC": "030", "NOMMUNI": "VILLA ANGELA", "NOMLOC": "VILLA ANGELA", "FRAC": "01", "RADIO": "07", "MZA": "007", "MZATXT": 7, "UGEO": "", "MZAM": "", "TMZA": 12, "DEPTO10": "098", "FRAC10": "01", "RADIO10": "07", "MZA10": "004", "CEN2010": "0980107004", "LINK2010": "220980107004", "DF": "09801", "TFRAC": 4496, "DFR": "0980107", "TRADIO": 294, "DFRM": "0980107007", "FRACN": 1, "RADION": 7 }, "geometry": { "type": "Polygon", "coordinates": [ [ [ -60.721336030615923, -27.566227215801248 ], [ -60.721316948809971, -27.565631741279809 ], [ -60.722076325862922, -27.565623284456677 ], [ -60.722080341664835, -27.566236884809857 ], [ -60.721336030615923, -27.566227215801248 ] ] ] } },
{ "type": "Feature", "properties": { "ArcIds": [ -520, 522, 523, 521, -477 ], "AREA": 4195.75, "PERIMETER": 259.023, "CODLOC": "030", "NOMMUNI": "VILLA ANGELA", "NOMLOC": "VILLA ANGELA", "FRAC": "01", "RADIO": "07", "MZA": "006", "MZATXT": 6, "UGEO": "", "MZAM": "", "TMZA": 12, "DEPTO10": "098", "FRAC10": "01", "RADIO10": "07", "MZA10": "005", "CEN2010": "0980107005", "LINK2010": "220980107005", "DF": "09801", "TFRAC": 4496, "DFR": "0980107", "TRADIO": 294, "DFRM": "0980107006", "FRACN": 1, "RADION": 7 }, "geometry": { "type": "Polygon", "coordinates": [ [ [ -60.720682907840086, -27.566226093617942 ], [ -60.720674013921311, -27.56563958995115 ], [ -60.721316948809971, -27.565631741279809 ], [ -60.721336030615923, -27.566227215801248 ], [ -60.72118414846225, -27.566228004350808 ], [ -60.720682907840086, -27.566226093617942 ] ] ] } },
{ "type": "Feature", "properties": { "ArcIds": [ -518, 519, 520, -476, -475 ], "AREA": 4351.375, "PERIMETER": 263.566, "CODLOC": "030", "NOMMUNI": "VILLA ANGELA", "NOMLOC": "VILLA ANGELA", "FRAC": "01", "RADIO": "07", "MZA": "005", "MZATXT": 5, "UGEO": "", "MZAM": "", "TMZA": 12, "DEPTO10": "098", "FRAC10": "01", "RADIO10": "07", "MZA10": "006", "CEN2010": "0980107006", "LINK2010": "220980107006", "DF": "09801", "TFRAC": 4496, "DFR": "0980107", "TRADIO": 294, "DFRM": "0980107005", "FRACN": 1, "RADION": 7 }, "geometry": { "type": "Polygon", "coordinates": [ [ [ -60.720009475157234, -27.566216049784355 ], [ -60.719985455566359, -27.565638648259149 ], [ -60.720592981059525, -27.565635498368394 ], [ -60.720674013921311, -27.56563958995115 ], [ -60.720682907840086, -27.566226093617942 ], [ -60.720009475157234, -27.566216049784355 ] ] ] } },
{ "type": "Feature", "properties": { "ArcIds": [ -516, 517, 518, -479 ], "AREA": 7472.0, "PERIMETER": 365.073, "CODLOC": "030", "NOMMUNI": "VILLA ANGELA", "NOMLOC": "VILLA ANGELA", "FRAC": "01", "RADIO": "04", "MZA": "012", "MZATXT": 12, "UGEO": "", "MZAM": "", "TMZA": 20, "DEPTO10": "098", "FRAC10": "01", "RADIO10": "03", "MZA10": "062", "CEN2010": "0980103062", "LINK2010": "220980103062", "DF": "09801", "TFRAC": 4496, "DFR": "0980104", "TRADIO": 406, "DFRM": "0980104012", "FRACN": 1, "RADION": 4 }, "geometry": { "type": "Polygon", "coordinates": [ [ [ -60.718779170513336, -27.566213396971722 ], [ -60.718775643354142, -27.565671984502504 ], [ -60.719985455566359, -27.565638648259149 ], [ -60.720009475157234, -27.566216049784355 ], [ -60.718779170513336, -27.566213396971722 ] ] ] } },
{ "type": "Feature", "properties": { "ArcIds": [ 493, -539, -540, 537 ], "AREA": 7305.75, "PERIMETER": 364.048, "CODLOC": "030", "NOMMUNI": "VILLA ANGELA", "NOMLOC": "VILLA ANGELA", "FRAC": "01", "RADIO": "05", "MZA": "011", "MZATXT": 11, "UGEO": "", "MZAM": "", "TMZA": 16, "DEPTO10": "098", "FRAC10": "01", "RADIO10": "03", "MZA10": "073", "CEN2010": "0980103073", "LINK2010": "220980103073", "DF": "09801", "TFRAC": 4496, "DFR": "0980105", "TRADIO": 265, "DFRM": "0980105011", "FRACN": 1, "RADION": 5 }, "geometry": { "type": "Polygon", "coordinates": [ [ [ -60.710286301817135, -27.565846493984164 ], [ -60.709046105966749, -27.565879900894835 ], [ -60.709059623947638, -27.566407727477962 ], [ -60.710294908196936, -27.566396905116267 ], [ -60.710286301817135, -27.565846493984164 ] ] ] } },
{ "type": "Feature", "properties": { "ArcIds": [ -670, 671, 669, -489, -487, -485 ], "AREA": 58321.25, "PERIMETER": 966.074, "CODLOC": "030", "NOMMUNI": "VILLA ANGELA", "NOMLOC": "VILLA ANGELA", "FRAC": "01", "RADIO": "10", "MZA": "005", "MZATXT": 5, "UGEO": "", "MZAM": "", "TMZA": 28, "DEPTO10": "098", "FRAC10": "01", "RADIO10": "19", "MZA10": "002", "CEN2010": "0980119002", "LINK2010": "220980119002", "DF": "09801", "TFRAC": 4496, "DFR": "0980110", "TRADIO": 233, "DFRM": "0980110005", "FRACN": 1, "RADION": 10 }, "geometry": { "type": "Polygon", "coordinates": [ [ [ -60.740783707372188, -27.567893542888406 ], [ -60.740713264754952, -27.565696618616411 ], [ -60.741492919249993, -27.56569245944474 ], [ -60.742277666621256, -27.565692780595093 ], [ -60.743173762657676, -27.565687989783253 ], [ -60.743198537157191, -27.567862596902231 ], [ -60.740783707372188, -27.567893542888406 ] ] ] } },
{ "type": "Feature", "properties": { "ArcIds": [ -672, -840, 841, 839, 837, 670, -491 ], "AREA": 119566.133, "PERIMETER": 1473.093, "CODLOC": "030", "NOMMUNI": "VILLA ANGELA", "NOMLOC": "VILLA ANGELA", "FRAC": "01", "RADIO": "09", "MZA": "008", "MZATXT": 8, "UGEO": "", "MZAM": "", "TMZA": 1, "DEPTO10": "098", "FRAC10": "01", "RADIO10": "04", "MZA10": "009", "CEN2010": "0980104009", "LINK2010": "220980104009", "DF": "09801", "TFRAC": 4496, "DFR": "0980109", "TRADIO": 366, "DFRM": "0980109008", "FRACN": 1, "RADION": 9 }, "geometry": { "type": "Polygon", "coordinates": [ [ [ -60.738333616786178, -27.567951705782718 ], [ -60.738338891593052, -27.565713769986967 ], [ -60.740713264754952, -27.565696618616411 ], [ -60.740783707372188, -27.567893542888406 ], [ -60.740799128623607, -27.570190021801196 ], [ -60.739599251809942, -27.570200927502025 ], [ -60.738364024787479, -27.570225546473946 ], [ -60.738333616786178, -27.567951705782718 ] ] ] } },
{ "type": "Feature", "properties": { "ArcIds": [ -679, 680, 678, 677, 675, -496 ], "AREA": 92359.25, "PERIMETER": 1242.639, "CODLOC": "030", "NOMMUNI": "VILLA ANGELA", "NOMLOC": "VILLA ANGELA", "FRAC": "01", "RADIO": "09", "MZA": "007", "MZATXT": 7, "UGEO": "", "MZAM": "", "TMZA": 6, "DEPTO10": "098", "FRAC10": "01", "RADIO10": "04", "MZA10": "007", "CEN2010": "0980104007", "LINK2010": "220980104007", "DF": "09801", "TFRAC": 4496, "DFR": "0980109", "TRADIO": 366, "DFRM": "0980109007", "FRACN": 1, "RADION": 9 }, "geometry": { "type": "Polygon", "coordinates": [ [ [ -60.731656138840918, -27.568041178969786 ], [ -60.731636594560889, -27.565857515225474 ], [ -60.735427960772029, -27.565747257974547 ], [ -60.735453184208829, -27.568012104499491 ], [ -60.73283574340639, -27.568030449159533 ], [ -60.732253550369926, -27.568038031163539 ], [ -60.731656138840918, -27.568041178969786 ] ] ] } },
{ "type": "Feature", "properties": { "ArcIds": [ -504, -571, -583, -642, -687, 688, 682, 681, 679, -498 ], "AREA": 59860.5, "PERIMETER": 980.078, "CODLOC": "030", "NOMMUNI": "VILLA ANGELA", "NOMLOC": "VILLA ANGELA", "FRAC": "01", "RADIO": "09", "MZA": "006", "MZATXT": 6, "UGEO": "", "MZAM": "", "TMZA": 3, "DEPTO10": "098", "FRAC10": "01", "RADIO10": "04", "MZA10": "006", "CEN2010": "0980104006", "LINK2010": "220980104006", "DF": "09801", "TFRAC": 4496, "DFR": "0980109", "TRADIO": 366, "DFRM": "0980109006", "FRACN": 1, "RADION": 9 }, "geometry": { "type": "Polygon", "coordinates": [ [ [ -60.729110599659812, -27.565915914594125 ], [ -60.730376158808227, -27.565891219095601 ], [ -60.731636594560889, -27.565857515225474 ], [ -60.731656138840918, -27.568041178969786 ], [ -60.731023317435614, -27.568049022465441 ], [ -60.730430998366764, -27.568056650119278 ], [ -60.729135007705466, -27.568076994276819 ], [ -60.729126307021914, -27.567526586249045 ], [ -60.729127612749949, -27.566958077993149 ], [ -60.72912433286595, -27.566461784421914 ], [ -60.729110599659812, -27.565915914594125 ] ] ] } },
{ "type": "Feature", "properties": { "ArcIds": [ -566, 570, 571, -502 ], "AREA": 8020.0, "PERIMETER": 385.035, "CODLOC": "030", "NOMMUNI": "VILLA ANGELA", "NOMLOC": "VILLA ANGELA", "FRAC": "01", "RADIO": "08", "MZA": "015", "MZATXT": 15, "UGEO": "", "MZAM": "", "TMZA": 22, "DEPTO10": "098", "FRAC10": "01", "RADIO10": "20", "MZA10": "012", "CEN2010": "0980120012", "LINK2010": "220980120012", "DF": "09801", "TFRAC": 4496, "DFR": "0980108", "TRADIO": 380, "DFRM": "0980108015", "FRACN": 1, "RADION": 8 }, "geometry": { "type": "Polygon", "coordinates": [ [ [ -60.727792772384724, -27.566459742896487 ], [ -60.727778986242356, -27.56590484928628 ], [ -60.729110599659812, -27.565915914594125 ], [ -60.72912433286595, -27.566461784421914 ], [ -60.727792772384724, -27.566459742896487 ] ] ] } },
{ "type": "Feature", "properties": { "ArcIds": [ -568, 569, 566, -501 ], "AREA": 7289.75, "PERIMETER": 361.012, "CODLOC": "030", "NOMMUNI": "VILLA ANGELA", "NOMLOC": "VILLA ANGELA", "FRAC": "01", "RADIO": "08", "MZA": "016", "MZATXT": 16, "UGEO": "", "MZAM": "", "TMZA": 22, "DEPTO10": "098", "FRAC10": "01", "RADIO10": "20", "MZA10": "013", "CEN2010": "0980120013", "LINK2010": "220980120013", "DF": "09801", "TFRAC": 4496, "DFR": "0980108", "TRADIO": 380, "DFRM": "0980108016", "FRACN": 1, "RADION": 8 }, "geometry": { "type": "Polygon", "coordinates": [ [ [ -60.726577714158992, -27.56646610316357 ], [ -60.726574118983095, -27.565920179884628 ], [ -60.727778986242356, -27.56590484928628 ], [ -60.727792772384724, -27.566459742896487 ], [ -60.726577714158992, -27.56646610316357 ] ] ] } },
{ "type": "Feature", "properties": { "ArcIds": [ -563, 567, 568, -505 ], "AREA": 3747.75, "PERIMETER": 245.036, "CODLOC": "030", "NOMMUNI": "VILLA ANGELA", "NOMLOC": "VILLA ANGELA", "FRAC": "01", "RADIO": "08", "MZA": "017", "MZATXT": 17, "UGEO": "", "MZAM": "", "TMZA": 10, "DEPTO10": "098", "FRAC10": "01", "RADIO10": "20", "MZA10": "014", "CEN2010": "0980120014", "LINK2010": "220980120014", "DF": "09801", "TFRAC": 4496, "DFR": "0980108", "TRADIO": 380, "DFRM": "0980108017", "FRACN": 1, "RADION": 8 }, "geometry": { "type": "Polygon", "coordinates": [ [ [ -60.725939778744525, -27.566464926287157 ], [ -60.725931272433662, -27.565941588203053 ], [ -60.726574118983095, -27.565920179884628 ], [ -60.726577714158992, -27.56646610316357 ], [ -60.725939778744525, -27.566464926287157 ] ] ] } },
{ "type": "Feature", "properties": { "ArcIds": [ -509, -511, -590, -691, 692, 693, 689, 647, 588, 563, -507 ], "AREA": 42214.125, "PERIMETER": 831.537, "CODLOC": "030", "NOMMUNI": "VILLA ANGELA", "NOMLOC": "VILLA ANGELA", "FRAC": "01", "RADIO": "08", "MZA": "018", "MZATXT": 18, "UGEO": "", "MZAM": "", "TMZA": 0, "DEPTO10": "098", "FRAC10": "01", "RADIO10": "20", "MZA10": "015", "CEN2010": "0980120015", "LINK2010": "220980120015", "DF": "09801", "TFRAC": 4496, "DFR": "0980108", "TRADIO": 380, "DFRM": "0980108018", "FRACN": 1, "RADION": 8 }, "geometry": { "type": "Polygon", "coordinates": [ [ [ -60.724787097515488, -27.565947562312466 ], [ -60.725409812227056, -27.565944312085144 ], [ -60.725931272433662, -27.565941588203053 ], [ -60.725939778744525, -27.566464926287157 ], [ -60.725948285196324, -27.566988264330082 ], [ -60.725957118363482, -27.567561231718013 ], [ -60.725975839815199, -27.568098052044142 ], [ -60.725393674917051, -27.568110117074653 ], [ -60.724178568251901, -27.568111944943723 ], [ -60.724166279239917, -27.567011100882681 ], [ -60.724154257254604, -27.565950862529782 ], [ -60.724787097515488, -27.565947562312466 ] ] ] } },
{ "type": "Feature", "properties": { "ArcIds": [ -591, 592, 590, -515 ], "AREA": 7008.5, "PERIMETER": 355.08, "CODLOC": "030", "NOMMUNI": "VILLA ANGELA", "NOMLOC": "VILLA ANGELA", "FRAC": "01", "RADIO": "08", "MZA": "019", "MZATXT": 19, "UGEO": "", "MZAM": "", "TMZA": 10, "DEPTO10": "098", "FRAC10": "01", "RADIO10": "20", "MZA10": "016", "CEN2010": "0980120016", "LINK2010": "220980120016", "DF": "09801", "TFRAC": 4496, "DFR": "0980108", "TRADIO": 380, "DFRM": "0980108019", "FRACN": 1, "RADION": 8 }, "geometry": { "type": "Polygon", "coordinates": [ [ [ -60.72357408292023, -27.567036746260246 ], [ -60.723546789678949, -27.565963051558384 ], [ -60.724154257254604, -27.565950862529782 ], [ -60.724166279239917, -27.567011100882681 ], [ -60.72357408292023, -27.567036746260246 ] ] ] } },
{ "type": "Feature", "properties": { "ArcIds": [ -529, -593, 594, 591, -513 ], "AREA": 9224.875, "PERIMETER": 392.547, "CODLOC": "030", "NOMMUNI": "VILLA ANGELA", "NOMLOC": "VILLA ANGELA", "FRAC": "01", "RADIO": "08", "MZA": "020", "MZATXT": 20, "UGEO": "", "MZAM": "", "TMZA": 10, "DEPTO10": "098", "FRAC10": "01", "RADIO10": "20", "MZA10": "017", "CEN2010": "0980120017", "LINK2010": "220980120017", "DF": "09801", "TFRAC": 4496, "DFR": "0980108", "TRADIO": 380, "DFRM": "0980108020", "FRACN": 1, "RADION": 8 }, "geometry": { "type": "Polygon", "coordinates": [ [ [ -60.722768933077617, -27.566242327812418 ], [ -60.722772163307049, -27.565962571949441 ], [ -60.723546789678949, -27.565963051558384 ], [ -60.72357408292023, -27.567036746260246 ], [ -60.722794445356094, -27.567045316821758 ], [ -60.722768933077617, -27.566242327812418 ] ] ] } },
{ "type": "Feature", "properties": { "ArcIds": [ -606, 607, 605, 603, -517 ], "AREA": 13797.25, "PERIMETER": 470.077, "CODLOC": "030", "NOMMUNI": "VILLA ANGELA", "NOMLOC": "VILLA ANGELA", "FRAC": "01", "RADIO": "04", "MZA": "022", "MZATXT": 22, "UGEO": "", "MZAM": "", "TMZA": 37, "DEPTO10": "098", "FRAC10": "01", "RADIO10": "03", "MZA10": "064", "CEN2010": "0980103064", "LINK2010": "220980103064", "DF": "09801", "TFRAC": 4496, "DFR": "0980104", "TRADIO": 406, "DFRM": "0980104022", "FRACN": 1, "RADION": 4 }, "geometry": { "type": "Polygon", "coordinates": [ [ [ -60.718806211725479, -27.567255511070588 ], [ -60.718779170513336, -27.566213396971722 ], [ -60.720009475157234, -27.566216049784355 ], [ -60.720035997957652, -27.567176951588301 ], [ -60.720036292418023, -27.567222069273409 ], [ -60.718806211725479, -27.567255511070588 ] ] ] } },
{ "type": "Feature", "properties": { "ArcIds": [ -608, 609, 606, -525 ], "AREA": 13631.375, "PERIMETER": 467.096, "CODLOC": "030", "NOMMUNI": "VILLA ANGELA", "NOMLOC": "VILLA ANGELA", "FRAC": "01", "RADIO": "04", "MZA": "021", "MZATXT": 21, "UGEO": "", "MZAM": "", "TMZA": 5, "DEPTO10": "098", "FRAC10": "01", "RADIO10": "03", "MZA10": "031", "CEN2010": "0980103031", "LINK2010": "220980103031", "DF": "09801", "TFRAC": 4496, "DFR": "0980104", "TRADIO": 406, "DFRM": "0980104021", "FRACN": 1, "RADION": 4 }, "geometry": { "type": "Polygon", "coordinates": [ [ [ -60.717601385288837, -27.567279787686658 ], [ -60.717579506216943, -27.566251182303969 ], [ -60.718779170513336, -27.566213396971722 ], [ -60.718806211725479, -27.567255511070588 ], [ -60.717601385288837, -27.567279787686658 ] ] ] } },
{ "type": "Feature", "properties": { "ArcIds": [ -603, 604, 601, -519 ], "AREA": 6903.75, "PERIMETER": 341.554, "CODLOC": "030", "NOMMUNI": "VILLA ANGELA", "NOMLOC": "VILLA ANGELA", "FRAC": "01", "RADIO": "07", "MZA": "012", "MZATXT": 12, "UGEO": "", "MZAM": "", "TMZA": 18, "DEPTO10": "098", "FRAC10": "01", "RADIO10": "07", "MZA10": "020", "CEN2010": "0980107020", "LINK2010": "220980107020", "DF": "09801", "TFRAC": 4496, "DFR": "0980107", "TRADIO": 294, "DFRM": "0980107012", "FRACN": 1, "RADION": 7 }, "geometry": { "type": "Polygon", "coordinates": [ [ [ -60.720035997957652, -27.567176951588301 ], [ -60.720009475157234, -27.566216049784355 ], [ -60.720682907840086, -27.566226093617942 ], [ -60.720694071320885, -27.567160003368905 ], [ -60.720035997957652, -27.567176951588301 ] ] ] } },
{ "type": "Feature", "properties": { "ArcIds": [ -601, 602, 598, -522 ], "AREA": 5152.5, "PERIMETER": 305.095, "CODLOC": "030", "NOMMUNI": "VILLA ANGELA", "NOMLOC": "VILLA ANGELA", "FRAC": "01", "RADIO": "07", "MZA": "011", "MZATXT": 11, "UGEO": "", "MZAM": "", "TMZA": 16, "DEPTO10": "098", "FRAC10": "01", "RADIO10": "07", "MZA10": "009", "CEN2010": "0980107009", "LINK2010": "220980107009", "DF": "09801", "TFRAC": 4496, "DFR": "0980107", "TRADIO": 294, "DFRM": "0980107011", "FRACN": 1, "RADION": 7 }, "geometry": { "type": "Polygon", "coordinates": [ [ [ -60.720694071320885, -27.567160003368905 ], [ -60.720682907840086, -27.566226093617942 ], [ -60.72118414846225, -27.566228004350808 ], [ -60.721215390346295, -27.56713473824054 ], [ -60.720694071320885, -27.567160003368905 ] ] ] } },
{ "type": "Feature", "properties": { "ArcIds": [ -598, 599, 600, 596, -526, -523 ], "AREA": 8749.0, "PERIMETER": 374.076, "CODLOC": "030", "NOMMUNI": "VILLA ANGELA", "NOMLOC": "VILLA ANGELA", "FRAC": "01", "RADIO": "07", "MZA": "010", "MZATXT": 10, "UGEO": "", "MZAM": "", "TMZA": 0, "DEPTO10": "098", "FRAC10": "01", "RADIO10": "07", "MZA10": "008", "CEN2010": "0980107008", "LINK2010": "220980107008", "DF": "09801", "TFRAC": 4496, "DFR": "0980107", "TRADIO": 294, "DFRM": "0980107010", "FRACN": 1, "RADION": 7 }, "geometry": { "type": "Polygon", "coordinates": [ [ [ -60.721215390346295, -27.56713473824054 ], [ -60.72118414846225, -27.566228004350808 ], [ -60.721336030615923, -27.566227215801248 ], [ -60.722080341664835, -27.566236884809857 ], [ -60.722096254924644, -27.567121138472782 ], [ -60.721362240467371, -27.567138487689839 ], [ -60.721215390346295, -27.56713473824054 ] ] ] } },
{ "type": "Feature", "properties": { "ArcIds": [ -610, 611, 608, -531 ], "AREA": 13742.625, "PERIMETER": 469.103, "CODLOC": "030", "NOMMUNI": "VILLA ANGELA", "NOMLOC": "VILLA ANGELA", "FRAC": "01", "RADIO": "04", "MZA": "020", "MZATXT": 20, "UGEO": "", "MZAM": "", "TMZA": 19, "DEPTO10": "098", "FRAC10": "01", "RADIO10": "03", "MZA10": "033", "CEN2010": "0980103033", "LINK2010": "220980103033", "DF": "09801", "TFRAC": 4496, "DFR": "0980104", "TRADIO": 406, "DFRM": "0980104020", "FRACN": 1, "RADION": 4 }, "geometry": { "type": "Polygon", "coordinates": [ [ [ -60.716381457581825, -27.567317667504017 ], [ -60.716364623315755, -27.566284523839141 ], [ -60.717579506216943, -27.566251182303969 ], [ -60.717601385288837, -27.567279787686658 ], [ -60.716381457581825, -27.567317667504017 ] ] ] } },
{ "type": "Feature", "properties": { "ArcIds": [ -596, 597, 595, 593, -528 ], "AREA": 6647.5, "PERIMETER": 330.113, "CODLOC": "030", "NOMMUNI": "VILLA ANGELA", "NOMLOC": "VILLA ANGELA", "FRAC": "01", "RADIO": "07", "MZA": "009", "MZATXT": 9, "UGEO": "", "MZAM": "", "TMZA": 18, "DEPTO10": "098", "FRAC10": "01", "RADIO10": "07", "MZA10": "007", "CEN2010": "0980107007", "LINK2010": "220980107007", "DF": "09801", "TFRAC": 4496, "DFR": "0980107", "TRADIO": 294, "DFRM": "0980107009", "FRACN": 1, "RADION": 7 }, "geometry": { "type": "Polygon", "coordinates": [ [ [ -60.722096254924644, -27.567121138472782 ], [ -60.722080341664835, -27.566236884809857 ], [ -60.722768933077617, -27.566242327812418 ], [ -60.722794445356094, -27.567045316821758 ], [ -60.722784733623364, -27.567108534226577 ], [ -60.722096254924644, -27.567121138472782 ] ] ] } },
{ "type": "Feature", "properties": { "ArcIds": [ -615, 616, 613, -534 ], "AREA": 14093.5, "PERIMETER": 475.079, "CODLOC": "030", "NOMMUNI": "VILLA ANGELA", "NOMLOC": "VILLA ANGELA", "FRAC": "01", "RADIO": "04", "MZA": "019", "MZATXT": 19, "UGEO": "", "MZAM": "", "TMZA": 39, "DEPTO10": "098", "FRAC10": "01", "RADIO10": "03", "MZA10": "044", "CEN2010": "0980103044", "LINK2010": "220980103044", "DF": "09801", "TFRAC": 4496, "DFR": "0980104", "TRADIO": 406, "DFRM": "0980104019", "FRACN": 1, "RADION": 4 }, "geometry": { "type": "Polygon", "coordinates": [ [ [ -60.71276190798558, -27.567390428982794 ], [ -60.712719677226275, -27.566339367014105 ], [ -60.713965114275453, -27.566332971863165 ], [ -60.713986988893836, -27.567366090217192 ], [ -60.71276190798558, -27.567390428982794 ] ] ] } },
{ "type": "Feature", "properties": { "ArcIds": [ -617, 618, 615, -536 ], "AREA": 13774.75, "PERIMETER": 469.605, "CODLOC": "030", "NOMMUNI": "VILLA ANGELA", "NOMLOC": "VILLA ANGELA", "FRAC": "01", "RADIO": "04", "MZA": "018", "MZATXT": 18, "UGEO": "", "MZAM": "", "TMZA": 26, "DEPTO10": "098", "FRAC10": "01", "RADIO10": "03", "MZA10": "043", "CEN2010": "0980103043", "LINK2010": "220980103043", "DF": "09801", "TFRAC": 4496, "DFR": "0980104", "TRADIO": 406, "DFRM": "0980104018", "FRACN": 1, "RADION": 4 }, "geometry": { "type": "Polygon", "coordinates": [ [ [ -60.711531676180279, -27.567401247555317 ], [ -60.711525070992451, -27.566377074149781 ], [ -60.712719677226275, -27.566339367014105 ], [ -60.71276190798558, -27.567390428982794 ], [ -60.711531676180279, -27.567401247555317 ] ] ] } },
{ "type": "Feature", "properties": { "ArcIds": [ 538, -619, -620, 617 ], "AREA": 13617.5, "PERIMETER": 467.028, "CODLOC": "030", "NOMMUNI": "VILLA ANGELA", "NOMLOC": "VILLA ANGELA", "FRAC": "01", "RADIO": "05", "MZA": "013", "MZATXT": 13, "UGEO": "", "MZAM": "", "TMZA": 12, "DEPTO10": "098", "FRAC10": "01", "RADIO10": "03", "MZA10": "042", "CEN2010": "0980103042", "LINK2010": "220980103042", "DF": "09801", "TFRAC": 4496, "DFR": "0980105", "TRADIO": 265, "DFRM": "0980105013", "FRACN": 1, "RADION": 5 }, "geometry": { "type": "Polygon", "coordinates": [ [ [ -60.711525070992451, -27.566377074149781 ], [ -60.710294908196936, -27.566396905116267 ], [ -60.71032169509445, -27.567411951688808 ], [ -60.711531676180279, -27.567401247555317 ], [ -60.711525070992451, -27.566377074149781 ] ] ] } },
{ "type": "Feature", "properties": { "ArcIds": [ 540, -621, -622, 619 ], "AREA": 13844.0, "PERIMETER": 471.032, "CODLOC": "030", "NOMMUNI": "VILLA ANGELA", "NOMLOC": "VILLA ANGELA", "FRAC": "01", "RADIO": "05", "MZA": "014", "MZATXT": 14, "UGEO": "", "MZAM": "", "TMZA": 6, "DEPTO10": "098", "FRAC10": "01", "RADIO10": "03", "MZA10": "052", "CEN2010": "0980103052", "LINK2010": "220980103052", "DF": "09801", "TFRAC": 4496, "DFR": "0980105", "TRADIO": 265, "DFRM": "0980105014", "FRACN": 1, "RADION": 5 }, "geometry": { "type": "Polygon", "coordinates": [ [ [ -60.710294908196936, -27.566396905116267 ], [ -60.709059623947638, -27.566407727477962 ], [ -60.709076331872545, -27.567431849743933 ], [ -60.71032169509445, -27.567411951688808 ], [ -60.710294908196936, -27.566396905116267 ] ] ] } },
{ "type": "Feature", "properties": { "ArcIds": [ 542, -623, -624, 621 ], "AREA": 13309.125, "PERIMETER": 461.523, "CODLOC": "030", "NOMMUNI": "VILLA ANGELA", "NOMLOC": "VILLA ANGELA", "FRAC": "01", "RADIO": "05", "MZA": "015", "MZATXT": 15, "UGEO": "", "MZAM": "", "TMZA": 0, "DEPTO10": "098", "FRAC10": "01", "RADIO10": "03", "MZA10": "041", "CEN2010": "0980103041", "LINK2010": "220980103041", "DF": "09801", "TFRAC": 4496, "DFR": "0980105", "TRADIO": 265, "DFRM": "0980105015", "FRACN": 1, "RADION": 5 }, "geometry": { "type": "Polygon", "coordinates": [ [ [ -60.709059623947638, -27.566407727477962 ], [ -60.707869875106709, -27.566413794911025 ], [ -60.707896726559873, -27.567442377709472 ], [ -60.709076331872545, -27.567431849743933 ], [ -60.709059623947638, -27.566407727477962 ] ] ] } },
{ "type": "Feature", "properties": { "ArcIds": [ 544, -625, -626, 623 ], "AREA": 13227.0, "PERIMETER": 460.095, "CODLOC": "030", "NOMMUNI": "VILLA ANGELA", "NOMLOC": "VILLA ANGELA", "FRAC": "01", "RADIO": "05", "MZA": "016", "MZATXT": 16, "UGEO": "", "MZAM": "", "TMZA": 0, "DEPTO10": "098", "FRAC10": "01", "RADIO10": "03", "MZA10": "054", "CEN2010": "0980103054", "LINK2010": "220980103054", "DF": "09801", "TFRAC": 4496, "DFR": "0980105", "TRADIO": 265, "DFRM": "0980105016", "FRACN": 1, "RADION": 5 }, "geometry": { "type": "Polygon", "coordinates": [ [ [ -60.707869875106709, -27.566413794911025 ], [ -60.706705613110564, -27.566446794077873 ], [ -60.706712202481889, -27.567475480325289 ], [ -60.707896726559873, -27.567442377709472 ], [ -60.707869875106709, -27.566413794911025 ] ] ] } },
{ "type": "Feature", "properties": { "ArcIds": [ 546, -627, -628, 625 ], "AREA": 14044.125, "PERIMETER": 474.55, "CODLOC": "030", "NOMMUNI": "VILLA ANGELA", "NOMLOC": "VILLA ANGELA", "FRAC": "01", "RADIO": "05", "MZA": "017", "MZATXT": 17, "UGEO": "", "MZAM": "", "TMZA": 1, "DEPTO10": "098", "FRAC10": "01", "RADIO10": "03", "MZA10": "040", "CEN2010": "0980103040", "LINK2010": "220980103040", "DF": "09801", "TFRAC": 4496, "DFR": "0980105", "TRADIO": 265, "DFRM": "0980105017", "FRACN": 1, "RADION": 5 }, "geometry": { "type": "Polygon", "coordinates": [ [ [ -60.706705613110564, -27.566446794077873 ], [ -60.705445157606043, -27.566480272001677 ], [ -60.705461774312916, -27.567495371755875 ], [ -60.706712202481889, -27.567475480325289 ], [ -60.706705613110564, -27.566446794077873 ] ] ] } },
{ "type": "Feature", "properties": { "ArcIds": [ 548, -629, -630, 627 ], "AREA": 16969.75, "PERIMETER": 526.525, "CODLOC": "030", "NOMMUNI": "VILLA ANGELA", "NOMLOC": "VILLA ANGELA", "FRAC": "08", "RADIO": "04", "MZA": "013", "MZATXT": 13, "UGEO": "", "MZAM": "", "TMZA": 26, "DEPTO10": "098", "FRAC10": "01", "RADIO10": "22", "MZA10": "015", "CEN2010": "0980122015", "LINK2010": "220980122015", "DF": "09808", "TFRAC": 4286, "DFR": "0980804", "TRADIO": 267, "DFRM": "0980804013", "FRACN": 8, "RADION": 4 }, "geometry": { "type": "Polygon", "coordinates": [ [ [ -60.705445157606043, -27.566480272001677 ], [ -60.703926413407181, -27.566501511720222 ], [ -60.703932919305757, -27.567521175008128 ], [ -60.705461774312916, -27.567495371755875 ], [ -60.705445157606043, -27.566480272001677 ] ] ] } },
{ "type": "Feature", "properties": { "ArcIds": [ 550, -631, -632, 629 ], "AREA": 11209.625, "PERIMETER": 424.553, "CODLOC": "030", "NOMMUNI": "VILLA ANGELA", "NOMLOC": "VILLA ANGELA", "FRAC": "08", "RADIO": "04", "MZA": "012", "MZATXT": 12, "UGEO": "", "MZAM": "", "TMZA": 18, "DEPTO10": "098", "FRAC10": "01", "RADIO10": "22", "MZA10": "016", "CEN2010": "0980122016", "LINK2010": "220980122016", "DF": "09808", "TFRAC": 4286, "DFR": "0980804", "TRADIO": 267, "DFRM": "0980804012", "FRACN": 8, "RADION": 4 }, "geometry": { "type": "Polygon", "coordinates": [ [ [ -60.703926413407181, -27.566501511720222 ], [ -60.702919008249872, -27.566520148482759 ], [ -60.702940750794689, -27.567548758704376 ], [ -60.703932919305757, -27.567521175008128 ], [ -60.703926413407181, -27.566501511720222 ] ] ] } },
{ "type": "Feature", "properties": { "ArcIds": [ 552, 554, -635, -636, 631 ], "AREA": 13721.5, "PERIMETER": 467.566, "CODLOC": "030", "NOMMUNI": "VILLA ANGELA", "NOMLOC": "VILLA ANGELA", "FRAC": "08", "RADIO": "04", "MZA": "011", "MZATXT": 11, "UGEO": "", "MZAM": "", "TMZA": 23, "DEPTO10": "098", "FRAC10": "01", "RADIO10": "22", "MZA10": "032", "CEN2010": "0980122032", "LINK2010": "220980122032", "DF": "09808", "TFRAC": 4286, "DFR": "0980804", "TRADIO": 267, "DFRM": "0980804011", "FRACN": 8, "RADION": 4 }, "geometry": { "type": "Polygon", "coordinates": [ [ [ -60.702919008249872, -27.566520148482759 ], [ -60.702326663867737, -27.566523144392963 ], [ -60.701704086229888, -27.566548850151356 ], [ -60.70171560572733, -27.567563976559438 ], [ -60.702940750794689, -27.567548758704376 ], [ -60.702919008249872, -27.566520148482759 ] ] ] } },
{ "type": "Feature", "properties": { "ArcIds": [ 558, 562, -633, -634, 635 ], "AREA": 13393.5, "PERIMETER": 463.569, "CODLOC": "030", "NOMMUNI": "VILLA ANGELA", "NOMLOC": "VILLA ANGELA", "FRAC": "08", "RADIO": "04", "MZA": "010", "MZATXT": 10, "UGEO": "", "MZAM": "", "TMZA": 25, "DEPTO10": "098", "FRAC10": "01", "RADIO10": "22", "MZA10": "012", "CEN2010": "0980122012", "LINK2010": "220980122012", "DF": "09808", "TFRAC": 4286, "DFR": "0980804", "TRADIO": 267, "DFRM": "0980804010", "FRACN": 8, "RADION": 4 }, "geometry": { "type": "Polygon", "coordinates": [ [ [ -60.701704086229888, -27.566548850151356 ], [ -60.701056137015286, -27.566565657297129 ], [ -60.700468912219208, -27.566577643317824 ], [ -60.700505562595204, -27.567565571664311 ], [ -60.70171560572733, -27.567563976559438 ], [ -60.701704086229888, -27.566548850151356 ] ] ] } },
{ "type": "Feature", "properties": { "ArcIds": [ 560, 565, -574, -637, -638, 633 ], "AREA": 13157.0, "PERIMETER": 456.689, "CODLOC": "030", "NOMMUNI": "VILLA ANGELA", "NOMLOC": "VILLA ANGELA", "FRAC": "08", "RADIO": "04", "MZA": "009", "MZATXT": 9, "UGEO": "", "MZAM": "", "TMZA": 20, "DEPTO10": "098", "FRAC10": "01", "RADIO10": "22", "MZA10": "033", "CEN2010": "0980122033", "LINK2010": "220980122033", "DF": "09808", "TFRAC": 4286, "DFR": "0980804", "TRADIO": 267, "DFRM": "0980804009", "FRACN": 8, "RADION": 4 }, "geometry": { "type": "Polygon", "coordinates": [ [ [ -60.700468912219208, -27.566577643317824 ], [ -60.699871475818199, -27.566576142504577 ], [ -60.699279273730752, -27.566601684372774 ], [ -60.699275612177082, -27.566822787525872 ], [ -60.699305873619714, -27.567603199565738 ], [ -60.700505562595204, -27.567565571664311 ], [ -60.700468912219208, -27.566577643317824 ] ] ] } },
{ "type": "Feature", "properties": { "ArcIds": [ -588, 589, 586, -567 ], "AREA": 3609.375, "PERIMETER": 240.506, "CODLOC": "030", "NOMMUNI": "VILLA ANGELA", "NOMLOC": "VILLA ANGELA", "FRAC": "01", "RADIO": "08", "MZA": "021", "MZATXT": 21, "UGEO": "", "MZAM": "", "TMZA": 10, "DEPTO10": "098", "FRAC10": "01", "RADIO10": "20", "MZA10": "018", "CEN2010": "0980120018", "LINK2010": "220980120018", "DF": "09801", "TFRAC": 4496, "DFR": "0980108", "TRADIO": 380, "DFRM": "0980108021", "FRACN": 1, "RADION": 8 }, "geometry": { "type": "Polygon", "coordinates": [ [ [ -60.725948285196324, -27.566988264330082 ], [ -60.725939778744525, -27.566464926287157 ], [ -60.726577714158992, -27.56646610316357 ], [ -60.726576068388248, -27.566984982305971 ], [ -60.725948285196324, -27.566988264330082 ] ] ] } },
{ "type": "Feature", "properties": { "ArcIds": [ -584, 585, 583, -570 ], "AREA": 7364.0, "PERIMETER": 375.008, "CODLOC": "030", "NOMMUNI": "VILLA ANGELA", "NOMLOC": "VILLA ANGELA", "FRAC": "01", "RADIO": "08", "MZA": "023", "MZATXT": 23, "UGEO": "", "MZAM": "", "TMZA": 22, "DEPTO10": "098", "FRAC10": "01", "RADIO10": "20", "MZA10": "020", "CEN2010": "0980120020", "LINK2010": "220980120020", "DF": "09801", "TFRAC": 4496, "DFR": "0980108", "TRADIO": 380, "DFRM": "0980108023", "FRACN": 1, "RADION": 8 }, "geometry": { "type": "Polygon", "coordinates": [ [ [ -60.727796165331178, -27.566974083658753 ], [ -60.727792772384724, -27.566459742896487 ], [ -60.72912433286595, -27.566461784421914 ], [ -60.729127612749949, -27.566958077993149 ], [ -60.727796165331178, -27.566974083658753 ] ] ] } },
{ "type": "Feature", "properties": { "ArcIds": [ -586, 587, 584, -569 ], "AREA": 6884.25, "PERIMETER": 355.003, "CODLOC": "030", "NOMMUNI": "VILLA ANGELA", "NOMLOC": "VILLA ANGELA", "FRAC": "01", "RADIO": "08", "MZA": "022", "MZATXT": 22, "UGEO": "", "MZAM": "", "TMZA": 22, "DEPTO10": "098", "FRAC10": "01", "RADIO10": "20", "MZA10": "019", "CEN2010": "0980120019", "LINK2010": "220980120019", "DF": "09801", "TFRAC": 4496, "DFR": "0980108", "TRADIO": 380, "DFRM": "0980108022", "FRACN": 1, "RADION": 8 }, "geometry": { "type": "Polygon", "coordinates": [ [ [ -60.726576068388248, -27.566984982305971 ], [ -60.726577714158992, -27.56646610316357 ], [ -60.727792772384724, -27.566459742896487 ], [ -60.727796165331178, -27.566974083658753 ], [ -60.726576068388248, -27.566984982305971 ] ] ] } },
{ "type": "Feature", "properties": { "ArcIds": [ 575, -649, -650, -651, 637 ], "AREA": 10568.0, "PERIMETER": 410.069, "CODLOC": "030", "NOMMUNI": "VILLA ANGELA", "NOMLOC": "VILLA ANGELA", "FRAC": "08", "RADIO": "05", "MZA": "003", "MZATXT": 3, "UGEO": "", "MZAM": "0003", "TMZA": 26, "DEPTO10": "098", "FRAC10": "01", "RADIO10": "10", "MZA10": "003", "CEN2010": "0980110003", "LINK2010": "220980110003", "DF": "09808", "TFRAC": 4286, "DFR": "0980805", "TRADIO": 446, "DFRM": "0980805003", "FRACN": 8, "RADION": 5 }, "geometry": { "type": "Polygon", "coordinates": [ [ [ -60.699275612177082, -27.566822787525872 ], [ -60.69826814540108, -27.566832367048189 ], [ -60.698274085073891, -27.567770819315484 ], [ -60.699296834711738, -27.56777469850082 ], [ -60.699305873619714, -27.567603199565738 ], [ -60.699275612177082, -27.566822787525872 ] ] ] } },
{ "type": "Feature", "properties": { "ArcIds": [ 577, -652, -653, 649 ], "AREA": 10085.0, "PERIMETER": 402.089, "CODLOC": "030", "NOMMUNI": "VILLA ANGELA", "NOMLOC": "VILLA ANGELA", "FRAC": "08", "RADIO": "05", "MZA": "002", "MZATXT": 2, "UGEO": "", "MZAM": "0002", "TMZA": 27, "DEPTO10": "098", "FRAC10": "01", "RADIO10": "10", "MZA10": "002", "CEN2010": "0980110002", "LINK2010": "220980110002", "DF": "09808", "TFRAC": 4286, "DFR": "0980805", "TRADIO": 446, "DFRM": "0980805002", "FRACN": 8, "RADION": 5 }, "geometry": { "type": "Polygon", "coordinates": [ [ [ -60.69826814540108, -27.566832367048189 ], [ -60.697280986481765, -27.566850861203736 ], [ -60.697312317497293, -27.567802721971539 ], [ -60.698274085073891, -27.567770819315484 ], [ -60.69826814540108, -27.566832367048189 ] ] ] } },
{ "type": "Feature", "properties": { "ArcIds": [ 579, -750, -751, -748, 652 ], "AREA": 41734.75, "PERIMETER": 816.566, "CODLOC": "030", "NOMMUNI": "VILLA ANGELA", "NOMLOC": "VILLA ANGELA", "FRAC": "08", "RADIO": "06", "MZA": "004", "MZATXT": 4, "UGEO": "", "MZAM": "0004", "TMZA": 19, "DEPTO10": "098", "FRAC10": "01", "RADIO10": "21", "MZA10": "004", "CEN2010": "0980121004", "LINK2010": "220980121004", "DF": "09808", "TFRAC": 4286, "DFR": "0980806", "TRADIO": 384, "DFRM": "0980806004", "FRACN": 8, "RADION": 6 }, "geometry": { "type": "Polygon", "coordinates": [ [ [ -60.697280986481765, -27.566850861203736 ], [ -60.695316650580878, -27.566865218843233 ], [ -60.695364346780295, -27.568809623896083 ], [ -60.697308437228045, -27.568790854815028 ], [ -60.697312317497293, -27.567802721971539 ], [ -60.697280986481765, -27.566850861203736 ] ] ] } },
{ "type": "Feature", "properties": { "ArcIds": [ 581, -733, -752, -753, 750 ], "AREA": 43300.125, "PERIMETER": 832.755, "CODLOC": "030", "NOMMUNI": "VILLA ANGELA", "NOMLOC": "VILLA ANGELA", "FRAC": "08", "RADIO": "06", "MZA": "003", "MZATXT": 3, "UGEO": "", "MZAM": "0003", "TMZA": 4, "DEPTO10": "098", "FRAC10": "01", "RADIO10": "21", "MZA10": "003", "CEN2010": "0980121003", "LINK2010": "220980121003", "DF": "09808", "TFRAC": 4286, "DFR": "0980806", "TRADIO": 384, "DFRM": "0980806003", "FRACN": 8, "RADION": 6 }, "geometry": { "type": "Polygon", "coordinates": [ [ [ -60.695316650580878, -27.566865218843233 ], [ -60.693266642854503, -27.566943143380147 ], [ -60.693312516629511, -27.568603306785509 ], [ -60.693319195760161, -27.568860453750574 ], [ -60.695364346780295, -27.568809623896083 ], [ -60.695316650580878, -27.566865218843233 ] ] ] } },
{ "type": "Feature", "properties": { "ArcIds": [ -643, 644, 642, -585 ], "AREA": 8235.75, "PERIMETER": 388.007, "CODLOC": "030", "NOMMUNI": "VILLA ANGELA", "NOMLOC": "VILLA ANGELA", "FRAC": "01", "RADIO": "08", "MZA": "024", "MZATXT": 24, "UGEO": "", "MZAM": "", "TMZA": 22, "DEPTO10": "098", "FRAC10": "01", "RADIO10": "20", "MZA10": "021", "CEN2010": "0980120021", "LINK2010": "220980120021", "DF": "09801", "TFRAC": 4496, "DFR": "0980108", "TRADIO": 380, "DFRM": "0980108024", "FRACN": 1, "RADION": 8 }, "geometry": { "type": "Polygon", "coordinates": [ [ [ -60.727799885770615, -27.567538053748596 ], [ -60.727796165331178, -27.566974083658753 ], [ -60.729127612749949, -27.566958077993149 ], [ -60.729126307021914, -27.567526586249045 ], [ -60.727799885770615, -27.567538053748596 ] ] ] } },
{ "type": "Feature", "properties": { "ArcIds": [ -645, 646, 643, -587 ], "AREA": 7531.25, "PERIMETER": 366.002, "CODLOC": "030", "NOMMUNI": "VILLA ANGELA", "NOMLOC": "VILLA ANGELA", "FRAC": "01", "RADIO": "08", "MZA": "025", "MZATXT": 25, "UGEO": "", "MZAM": "", "TMZA": 0, "DEPTO10": "098", "FRAC10": "01", "RADIO10": "20", "MZA10": "022", "CEN2010": "0980120022", "LINK2010": "220980120022", "DF": "09801", "TFRAC": 4496, "DFR": "0980108", "TRADIO": 380, "DFRM": "0980108025", "FRACN": 1, "RADION": 8 }, "geometry": { "type": "Polygon", "coordinates": [ [ [ -60.726579782592694, -27.567548952547995 ], [ -60.726576068388248, -27.566984982305971 ], [ -60.727796165331178, -27.566974083658753 ], [ -60.727799885770615, -27.567538053748596 ], [ -60.726579782592694, -27.567548952547995 ] ] ] } },
{ "type": "Feature", "properties": { "ArcIds": [ -647, 648, 645, -589 ], "AREA": 3890.375, "PERIMETER": 249.51, "CODLOC": "030", "NOMMUNI": "VILLA ANGELA", "NOMLOC": "VILLA ANGELA", "FRAC": "01", "RADIO": "08", "MZA": "026", "MZATXT": 26, "UGEO": "", "MZAM": "", "TMZA": 0, "DEPTO10": "098", "FRAC10": "01", "RADIO10": "20", "MZA10": "023", "CEN2010": "0980120023", "LINK2010": "220980120023", "DF": "09801", "TFRAC": 4496, "DFR": "0980108", "TRADIO": 380, "DFRM": "0980108026", "FRACN": 1, "RADION": 8 }, "geometry": { "type": "Polygon", "coordinates": [ [ [ -60.725957118363482, -27.567561231718013 ], [ -60.725948285196324, -27.566988264330082 ], [ -60.726576068388248, -27.566984982305971 ], [ -60.726579782592694, -27.567548952547995 ], [ -60.725957118363482, -27.567561231718013 ] ] ] } },
{ "type": "Feature", "properties": { "ArcIds": [ -695, 696, 691, -592 ], "AREA": 7272.875, "PERIMETER": 363.104, "CODLOC": "030", "NOMMUNI": "VILLA ANGELA", "NOMLOC": "VILLA ANGELA", "FRAC": "01", "RADIO": "08", "MZA": "027", "MZATXT": 27, "UGEO": "", "MZAM": "", "TMZA": 18, "DEPTO10": "098", "FRAC10": "01", "RADIO10": "20", "MZA10": "024", "CEN2010": "0980120024", "LINK2010": "220980120024", "DF": "09801", "TFRAC": 4496, "DFR": "0980108", "TRADIO": 380, "DFRM": "0980108027", "FRACN": 1, "RADION": 8 }, "geometry": { "type": "Polygon", "coordinates": [ [ [ -60.723561022323992, -27.568133210573638 ], [ -60.72357408292023, -27.567036746260246 ], [ -60.724166279239917, -27.567011100882681 ], [ -60.724178568251901, -27.568111944943723 ], [ -60.723561022323992, -27.568133210573638 ] ] ] } },
{ "type": "Feature", "properties": { "ArcIds": [ -595, -654, -697, 698, 695, -594 ], "AREA": 9279.875, "PERIMETER": 395.174, "CODLOC": "030", "NOMMUNI": "VILLA ANGELA", "NOMLOC": "VILLA ANGELA", "FRAC": "01", "RADIO": "08", "MZA": "028", "MZATXT": 28, "UGEO": "", "MZAM": "", "TMZA": 18, "DEPTO10": "098", "FRAC10": "01", "RADIO10": "20", "MZA10": "025", "CEN2010": "0980120025", "LINK2010": "220980120025", "DF": "09801", "TFRAC": 4496, "DFR": "0980108", "TRADIO": 380, "DFRM": "0980108028", "FRACN": 1, "RADION": 8 }, "geometry": { "type": "Polygon", "coordinates": [ [ [ -60.722784733623364, -27.567108534226577 ], [ -60.722794445356094, -27.567045316821758 ], [ -60.72357408292023, -27.567036746260246 ], [ -60.723561022323992, -27.568133210573638 ], [ -60.722821997851078, -27.568159617527016 ], [ -60.722804296753559, -27.567776196510408 ], [ -60.722784733623364, -27.567108534226577 ] ] ] } },
{ "type": "Feature", "properties": { "ArcIds": [ -655, 656, 654, -597 ], "AREA": 5088.25, "PERIMETER": 285.53, "CODLOC": "030", "NOMMUNI": "VILLA ANGELA", "NOMLOC": "VILLA ANGELA", "FRAC": "01", "RADIO": "07", "MZA": "016", "MZATXT": 16, "UGEO": "", "MZAM": "", "TMZA": 12, "DEPTO10": "098", "FRAC10": "01", "RADIO10": "07", "MZA10": "019", "CEN2010": "0980107019", "LINK2010": "220980107019", "DF": "09801", "TFRAC": 4496, "DFR": "0980107", "TRADIO": 294, "DFRM": "0980107016", "FRACN": 1, "RADION": 7 }, "geometry": { "type": "Polygon", "coordinates": [ [ [ -60.722100625466929, -27.567788879884009 ], [ -60.722096254924644, -27.567121138472782 ], [ -60.722784733623364, -27.567108534226577 ], [ -60.722804296753559, -27.567776196510408 ], [ -60.722100625466929, -27.567788879884009 ] ] ] } },
{ "type": "Feature", "properties": { "ArcIds": [ -658, 659, 657, 655, -600 ], "AREA": 5325.0, "PERIMETER": 292.039, "CODLOC": "030", "NOMMUNI": "VILLA ANGELA", "NOMLOC": "VILLA ANGELA", "FRAC": "01", "RADIO": "07", "MZA": "015", "MZATXT": 15, "UGEO": "", "MZAM": "", "TMZA": 12, "DEPTO10": "098", "FRAC10": "01", "RADIO10": "07", "MZA10": "010", "CEN2010": "0980107010", "LINK2010": "220980107010", "DF": "09801", "TFRAC": 4496, "DFR": "0980107", "TRADIO": 294, "DFRM": "0980107015", "FRACN": 1, "RADION": 7 }, "geometry": { "type": "Polygon", "coordinates": [ [ [ -60.721376732191963, -27.56780617662676 ], [ -60.721362240467371, -27.567138487689839 ], [ -60.722096254924644, -27.567121138472782 ], [ -60.722100625466929, -27.567788879884009 ], [ -60.722049997375017, -27.567789143044624 ], [ -60.721376732191963, -27.56780617662676 ] ] ] } },
{ "type": "Feature", "properties": { "ArcIds": [ -602, -660, 661, 658, -599 ], "AREA": 4846.25, "PERIMETER": 278.136, "CODLOC": "030", "NOMMUNI": "VILLA ANGELA", "NOMLOC": "VILLA ANGELA", "FRAC": "01", "RADIO": "07", "MZA": "014", "MZATXT": 14, "UGEO": "", "MZAM": "", "TMZA": 12, "DEPTO10": "098", "FRAC10": "01", "RADIO10": "07", "MZA10": "011", "CEN2010": "0980107011", "LINK2010": "220980107011", "DF": "09801", "TFRAC": 4496, "DFR": "0980107", "TRADIO": 294, "DFRM": "0980107014", "FRACN": 1, "RADION": 7 }, "geometry": { "type": "Polygon", "coordinates": [ [ [ -60.720694071320885, -27.567160003368905 ], [ -60.721215390346295, -27.56713473824054 ], [ -60.721362240467371, -27.567138487689839 ], [ -60.721376732191963, -27.56780617662676 ], [ -60.720723717971516, -27.567823101883711 ], [ -60.720694071320885, -27.567160003368905 ] ] ] } },
{ "type": "Feature", "properties": { "ArcIds": [ -605, -662, 663, 660, -604 ], "AREA": 4887.875, "PERIMETER": 280.074, "CODLOC": "030", "NOMMUNI": "VILLA ANGELA", "NOMLOC": "VILLA ANGELA", "FRAC": "01", "RADIO": "07", "MZA": "013", "MZATXT": 13, "UGEO": "", "MZAM": "", "TMZA": 12, "DEPTO10": "098", "FRAC10": "01", "RADIO10": "07", "MZA10": "012", "CEN2010": "0980107012", "LINK2010": "220980107012", "DF": "09801", "TFRAC": 4496, "DFR": "0980107", "TRADIO": 294, "DFRM": "0980107013", "FRACN": 1, "RADION": 7 }, "geometry": { "type": "Polygon", "coordinates": [ [ [ -60.720036292418023, -27.567222069273409 ], [ -60.720035997957652, -27.567176951588301 ], [ -60.720694071320885, -27.567160003368905 ], [ -60.720723717971516, -27.567823101883711 ], [ -60.720030171519824, -27.567835722244961 ], [ -60.720036292418023, -27.567222069273409 ] ] ] } },
{ "type": "Feature", "properties": { "ArcIds": [ -710, 711, 705, 662, -607 ], "AREA": 13843.5, "PERIMETER": 472.115, "CODLOC": "030", "NOMMUNI": "VILLA ANGELA", "NOMLOC": "VILLA ANGELA", "FRAC": "01", "RADIO": "06", "MZA": "001", "MZATXT": 1, "UGEO": "", "MZAM": "", "TMZA": 21, "DEPTO10": "098", "FRAC10": "01", "RADIO10": "08", "MZA10": "001", "CEN2010": "0980108001", "LINK2010": "220980108001", "DF": "09801", "TFRAC": 4496, "DFR": "0980106", "TRADIO": 340, "DFRM": "0980106001", "FRACN": 1, "RADION": 6 }, "geometry": { "type": "Polygon", "coordinates": [ [ [ -60.718828161450766, -27.568293139428555 ], [ -60.718806211725479, -27.567255511070588 ], [ -60.720036292418023, -27.567222069273409 ], [ -60.720030171519824, -27.567835722244961 ], [ -60.720048128028637, -27.568259749706616 ], [ -60.718828161450766, -27.568293139428555 ] ] ] } },
{ "type": "Feature", "properties": { "ArcIds": [ -713, 714, 710, -609 ], "AREA": 13539.25, "PERIMETER": 465.544, "CODLOC": "030", "NOMMUNI": "VILLA ANGELA", "NOMLOC": "VILLA ANGELA", "FRAC": "01", "RADIO": "06", "MZA": "002", "MZATXT": 2, "UGEO": "", "MZAM": "", "TMZA": 36, "DEPTO10": "098", "FRAC10": "01", "RADIO10": "08", "MZA10": "002", "CEN2010": "0980108002", "LINK2010": "220980108002", "DF": "09801", "TFRAC": 4496, "DFR": "0980106", "TRADIO": 340, "DFRM": "0980106002", "FRACN": 1, "RADION": 6 }, "geometry": { "type": "Polygon", "coordinates": [ [ [ -60.717628269138814, -27.568299343212246 ], [ -60.717601385288837, -27.567279787686658 ], [ -60.718806211725479, -27.567255511070588 ], [ -60.718828161450766, -27.568293139428555 ], [ -60.717628269138814, -27.568299343212246 ] ] ] } },
{ "type": "Feature", "properties": { "ArcIds": [ -709, 712, 713, -611 ], "AREA": 13378.5, "PERIMETER": 463.088, "CODLOC": "030", "NOMMUNI": "VILLA ANGELA", "NOMLOC": "VILLA ANGELA", "FRAC": "01", "RADIO": "06", "MZA": "003", "MZATXT": 3, "UGEO": "", "MZAM": "", "TMZA": 20, "DEPTO10": "098", "FRAC10": "01", "RADIO10": "08", "MZA10": "003", "CEN2010": "0980108003", "LINK2010": "220980108003", "DF": "09801", "TFRAC": 4496, "DFR": "0980106", "TRADIO": 340, "DFRM": "0980106003", "FRACN": 1, "RADION": 6 }, "geometry": { "type": "Polygon", "coordinates": [ [ [ -60.716408095787529, -27.568301129303549 ], [ -60.716381457581825, -27.567317667504017 ], [ -60.717601385288837, -27.567279787686658 ], [ -60.717628269138814, -27.568299343212246 ], [ -60.716408095787529, -27.568301129303549 ] ] ] } },
{ "type": "Feature", "properties": { "ArcIds": [ -717, 718, 709, -612 ], "AREA": 13133.375, "PERIMETER": 458.646, "CODLOC": "030", "NOMMUNI": "VILLA ANGELA", "NOMLOC": "VILLA ANGELA", "FRAC": "01", "RADIO": "06", "MZA": "004", "MZATXT": 4, "UGEO": "", "MZAM": "", "TMZA": 22, "DEPTO10": "098", "FRAC10": "01", "RADIO10": "08", "MZA10": "004", "CEN2010": "0980108004", "LINK2010": "220980108004", "DF": "09801", "TFRAC": 4496, "DFR": "0980106", "TRADIO": 340, "DFRM": "0980106004", "FRACN": 1, "RADION": 6 }, "geometry": { "type": "Polygon", "coordinates": [ [ [ -60.715208524502103, -27.568356941684478 ], [ -60.71520182641698, -27.567323745695212 ], [ -60.716381457581825, -27.567317667504017 ], [ -60.716408095787529, -27.568301129303549 ], [ -60.715208524502103, -27.568356941684478 ] ] ] } },
{ "type": "Feature", "properties": { "ArcIds": [ -715, 716, 717, -614 ], "AREA": 13495.25, "PERIMETER": 465.075, "CODLOC": "030", "NOMMUNI": "VILLA ANGELA", "NOMLOC": "VILLA ANGELA", "FRAC": "01", "RADIO": "06", "MZA": "005", "MZATXT": 5, "UGEO": "", "MZAM": "", "TMZA": 32, "DEPTO10": "098", "FRAC10": "01", "RADIO10": "08", "MZA10": "005", "CEN2010": "0980108005", "LINK2010": "220980108005", "DF": "09801", "TFRAC": 4496, "DFR": "0980106", "TRADIO": 340, "DFRM": "0980106005", "FRACN": 1, "RADION": 6 }, "geometry": { "type": "Polygon", "coordinates": [ [ [ -60.713983257922045, -27.568354220780947 ], [ -60.713986988893836, -27.567366090217192 ], [ -60.71520182641698, -27.567323745695212 ], [ -60.715208524502103, -27.568356941684478 ], [ -60.713983257922045, -27.568354220780947 ] ] ] } },
{ "type": "Feature", "properties": { "ArcIds": [ -719, 720, 715, -616 ], "AREA": 13160.625, "PERIMETER": 459.526, "CODLOC": "030", "NOMMUNI": "VILLA ANGELA", "NOMLOC": "VILLA ANGELA", "FRAC": "01", "RADIO": "06", "MZA": "006", "MZATXT": 6, "UGEO": "", "MZAM": "", "TMZA": 0, "DEPTO10": "098", "FRAC10": "01", "RADIO10": "08", "MZA10": "006", "CEN2010": "0980108006", "LINK2010": "220980108006", "DF": "09801", "TFRAC": 4496, "DFR": "0980106", "TRADIO": 340, "DFRM": "0980106006", "FRACN": 1, "RADION": 6 }, "geometry": { "type": "Polygon", "coordinates": [ [ [ -60.712763170590193, -27.56836951019099 ], [ -60.71276190798558, -27.567390428982794 ], [ -60.713986988893836, -27.567366090217192 ], [ -60.713983257922045, -27.568354220780947 ], [ -60.712763170590193, -27.56836951019099 ] ] ] } },
{ "type": "Feature", "properties": { "ArcIds": [ -721, 722, 719, -618 ], "AREA": 13310.0, "PERIMETER": 462.054, "CODLOC": "030", "NOMMUNI": "VILLA ANGELA", "NOMLOC": "VILLA ANGELA", "FRAC": "01", "RADIO": "06", "MZA": "007", "MZATXT": 7, "UGEO": "", "MZAM": "", "TMZA": 0, "DEPTO10": "098", "FRAC10": "01", "RADIO10": "08", "MZA10": "007", "CEN2010": "0980108007", "LINK2010": "220980108007", "DF": "09801", "TFRAC": 4496, "DFR": "0980106", "TRADIO": 340, "DFRM": "0980106007", "FRACN": 1, "RADION": 6 }, "geometry": { "type": "Polygon", "coordinates": [ [ [ -60.711543228166015, -27.568407347771203 ], [ -60.711531676180279, -27.567401247555317 ], [ -60.71276190798558, -27.567390428982794 ], [ -60.712763170590193, -27.56836951019099 ], [ -60.711543228166015, -27.568407347771203 ] ] ] } },
{ "type": "Feature", "properties": { "ArcIds": [ 620, -664, -723, -724, 721 ], "AREA": 13371.0, "PERIMETER": 461.572, "CODLOC": "030", "NOMMUNI": "VILLA ANGELA", "NOMLOC": "VILLA ANGELA", "FRAC": "01", "RADIO": "05", "MZA": "024", "MZATXT": 24, "UGEO": "", "MZAM": "", "TMZA": 2, "DEPTO10": "098", "FRAC10": "01", "RADIO10": "03", "MZA10": "045", "CEN2010": "0980103045", "LINK2010": "220980103045", "DF": "09801", "TFRAC": 4496, "DFR": "0980105", "TRADIO": 265, "DFRM": "0980105024", "FRACN": 1, "RADION": 5 }, "geometry": { "type": "Polygon", "coordinates": [ [ [ -60.711531676180279, -27.567401247555317 ], [ -60.71032169509445, -27.567411951688808 ], [ -60.7103248324307, -27.567899223691342 ], [ -60.71035357460962, -27.568431483987556 ], [ -60.711543228166015, -27.568407347771203 ], [ -60.711531676180279, -27.567401247555317 ] ] ] } },
{ "type": "Feature", "properties": { "ArcIds": [ 622, -665, -666, 664 ], "AREA": 6607.125, "PERIMETER": 352.083, "CODLOC": "030", "NOMMUNI": "VILLA ANGELA", "NOMLOC": "VILLA ANGELA", "FRAC": "01", "RADIO": "05", "MZA": "022", "MZATXT": 22, "UGEO": "", "MZAM": "", "TMZA": 20, "DEPTO10": "098", "FRAC10": "01", "RADIO10": "03", "MZA10": "053", "CEN2010": "0980103053", "LINK2010": "220980103053", "DF": "09801", "TFRAC": 4496, "DFR": "0980105", "TRADIO": 265, "DFRM": "0980105022", "FRACN": 1, "RADION": 5 }, "geometry": { "type": "Polygon", "coordinates": [ [ [ -60.71032169509445, -27.567411951688808 ], [ -60.709076331872545, -27.567431849743933 ], [ -60.709104806858882, -27.567923504440522 ], [ -60.7103248324307, -27.567899223691342 ], [ -60.71032169509445, -27.567411951688808 ] ] ] } },
{ "type": "Feature", "properties": { "ArcIds": [ 624, -667, -668, 665 ], "AREA": 6377.5, "PERIMETER": 343.08, "CODLOC": "030", "NOMMUNI": "VILLA ANGELA", "NOMLOC": "VILLA ANGELA", "FRAC": "01", "RADIO": "05", "MZA": "020", "MZATXT": 20, "UGEO": "", "MZAM": "", "TMZA": 17, "DEPTO10": "098", "FRAC10": "01", "RADIO10": "03", "MZA10": "074", "CEN2010": "0980103074", "LINK2010": "220980103074", "DF": "09801", "TFRAC": 4496, "DFR": "0980105", "TRADIO": 265, "DFRM": "0980105020", "FRACN": 1, "RADION": 5 }, "geometry": { "type": "Polygon", "coordinates": [ [ [ -60.709076331872545, -27.567431849743933 ], [ -60.707896726559873, -27.567442377709472 ], [ -60.70791507063543, -27.567934084346589 ], [ -60.709104806858882, -27.567923504440522 ], [ -60.709076331872545, -27.567431849743933 ] ] ] } },
{ "type": "Feature", "properties": { "ArcIds": [ 626, -729, -730, 727, 667 ], "AREA": 13463.625, "PERIMETER": 463.653, "CODLOC": "030", "NOMMUNI": "VILLA ANGELA", "NOMLOC": "VILLA ANGELA", "FRAC": "01", "RADIO": "05", "MZA": "019", "MZATXT": 19, "UGEO": "", "MZAM": "", "TMZA": 9, "DEPTO10": "098", "FRAC10": "01", "RADIO10": "03", "MZA10": "048", "CEN2010": "0980103048", "LINK2010": "220980103048", "DF": "09801", "TFRAC": 4496, "DFR": "0980105", "TRADIO": 265, "DFRM": "0980105019", "FRACN": 1, "RADION": 5 }, "geometry": { "type": "Polygon", "coordinates": [ [ [ -60.707896726559873, -27.567442377709472 ], [ -60.706712202481889, -27.567475480325289 ], [ -60.706703603625662, -27.56850424368913 ], [ -60.707918429028254, -27.568457450804072 ], [ -60.70791507063543, -27.567934084346589 ], [ -60.707896726559873, -27.567442377709472 ] ] ] } },
{ "type": "Feature", "properties": { "ArcIds": [ 628, -731, -732, 729 ], "AREA": 13997.125, "PERIMETER": 473.549, "CODLOC": "030", "NOMMUNI": "VILLA ANGELA", "NOMLOC": "VILLA ANGELA", "FRAC": "01", "RADIO": "05", "MZA": "018", "MZATXT": 18, "UGEO": "", "MZAM": "", "TMZA": 0, "DEPTO10": "098", "FRAC10": "01", "RADIO10": "03", "MZA10": "066", "CEN2010": "0980103066", "LINK2010": "220980103066", "DF": "09801", "TFRAC": 4496, "DFR": "0980105", "TRADIO": 265, "DFRM": "0980105018", "FRACN": 1, "RADION": 5 }, "geometry": { "type": "Polygon", "coordinates": [ [ [ -60.706712202481889, -27.567475480325289 ], [ -60.705461774312916, -27.567495371755875 ], [ -60.705478535807536, -27.568533030264945 ], [ -60.706703603625662, -27.56850424368913 ], [ -60.706712202481889, -27.567475480325289 ] ] ] } },
{ "type": "Feature", "properties": { "ArcIds": [ 630, -734, -735, 731 ], "AREA": 17263.75, "PERIMETER": 530.092, "CODLOC": "030", "NOMMUNI": "VILLA ANGELA", "NOMLOC": "VILLA ANGELA", "FRAC": "08", "RADIO": "04", "MZA": "014", "MZATXT": 14, "UGEO": "", "MZAM": "", "TMZA": 0, "DEPTO10": "098", "FRAC10": "01", "RADIO10": "22", "MZA10": "018", "CEN2010": "0980122018", "LINK2010": "220980122018", "DF": "09808", "TFRAC": 4286, "DFR": "0980804", "TRADIO": 267, "DFRM": "0980804014", "FRACN": 8, "RADION": 4 }, "geometry": { "type": "Polygon", "coordinates": [ [ [ -60.705461774312916, -27.567495371755875 ], [ -60.703932919305757, -27.567521175008128 ], [ -60.703975009546738, -27.568563217467037 ], [ -60.705478535807536, -27.568533030264945 ], [ -60.705461774312916, -27.567495371755875 ] ] ] } },
{ "type": "Feature", "properties": { "ArcIds": [ 632, -736, -737, 734 ], "AREA": 11311.0, "PERIMETER": 426.604, "CODLOC": "030", "NOMMUNI": "VILLA ANGELA", "NOMLOC": "VILLA ANGELA", "FRAC": "08", "RADIO": "04", "MZA": "015", "MZATXT": 15, "UGEO": "", "MZAM": "", "TMZA": 18, "DEPTO10": "098", "FRAC10": "01", "RADIO10": "22", "MZA10": "017", "CEN2010": "0980122017", "LINK2010": "220980122017", "DF": "09808", "TFRAC": 4286, "DFR": "0980804", "TRADIO": 267, "DFRM": "0980804015", "FRACN": 8, "RADION": 4 }, "geometry": { "type": "Polygon", "coordinates": [ [ [ -60.703932919305757, -27.567521175008128 ], [ -60.702940750794689, -27.567548758704376 ], [ -60.702967528086987, -27.568572831359152 ], [ -60.703975009546738, -27.568563217467037 ], [ -60.703932919305757, -27.567521175008128 ] ] ] } },
{ "type": "Feature", "properties": { "ArcIds": [ 636, -740, -741, 736 ], "AREA": 13766.25, "PERIMETER": 469.549, "CODLOC": "030", "NOMMUNI": "VILLA ANGELA", "NOMLOC": "VILLA ANGELA", "FRAC": "08", "RADIO": "05", "MZA": "004", "MZATXT": 4, "UGEO": "", "MZAM": "0004", "TMZA": 0, "DEPTO10": "098", "FRAC10": "01", "RADIO10": "10", "MZA10": "004", "CEN2010": "0980110004", "LINK2010": "220980110004", "DF": "09808", "TFRAC": 4286, "DFR": "0980805", "TRADIO": 446, "DFRM": "0980805004", "FRACN": 8, "RADION": 5 }, "geometry": { "type": "Polygon", "coordinates": [ [ [ -60.702940750794689, -27.567548758704376 ], [ -60.70171560572733, -27.567563976559438 ], [ -60.701742400358413, -27.568592561445641 ], [ -60.702967528086987, -27.568572831359152 ], [ -60.702940750794689, -27.567548758704376 ] ] ] } },
{ "type": "Feature", "properties": { "ArcIds": [ 634, 744, -745, 740 ], "AREA": 13770.375, "PERIMETER": 469.527, "CODLOC": "030", "NOMMUNI": "VILLA ANGELA", "NOMLOC": "VILLA ANGELA", "FRAC": "08", "RADIO": "05", "MZA": "005", "MZATXT": 5, "UGEO": "", "MZAM": "0005", "TMZA": 27, "DEPTO10": "098", "FRAC10": "01", "RADIO10": "10", "MZA10": "005", "CEN2010": "0980110005", "LINK2010": "220980110005", "DF": "09808", "TFRAC": 4286, "DFR": "0980805", "TRADIO": 446, "DFRM": "0980805005", "FRACN": 8, "RADION": 5 }, "geometry": { "type": "Polygon", "coordinates": [ [ [ -60.70171560572733, -27.567563976559438 ], [ -60.700505562595204, -27.567565571664311 ], [ -60.700522306159272, -27.568607743416756 ], [ -60.701742400358413, -27.568592561445641 ], [ -60.70171560572733, -27.567563976559438 ] ] ] } },
{ "type": "Feature", "properties": { "ArcIds": [ 638, 651, -742, -743, -744 ], "AREA": 13516.5, "PERIMETER": 464.105, "CODLOC": "030", "NOMMUNI": "VILLA ANGELA", "NOMLOC": "VILLA ANGELA", "FRAC": "08", "RADIO": "05", "MZA": "006", "MZATXT": 6, "UGEO": "", "MZAM": "0006", "TMZA": 23, "DEPTO10": "098", "FRAC10": "01", "RADIO10": "10", "MZA10": "006", "CEN2010": "0980110006", "LINK2010": "220980110006", "DF": "09808", "TFRAC": 4286, "DFR": "0980805", "TRADIO": 446, "DFRM": "0980805006", "FRACN": 8, "RADION": 5 }, "geometry": { "type": "Polygon", "coordinates": [ [ [ -60.700505562595204, -27.567565571664311 ], [ -60.699305873619714, -27.567603199565738 ], [ -60.699296834711738, -27.56777469850082 ], [ -60.699322377061442, -27.568609277364647 ], [ -60.700522306159272, -27.568607743416756 ], [ -60.700505562595204, -27.567565571664311 ] ] ] } },
{ "type": "Feature", "properties": { "ArcIds": [ 746, -915, -916, -914, -912, -757 ], "AREA": 67437.875, "PERIMETER": 1055.492, "CODLOC": "030", "NOMMUNI": "VILLA ANGELA", "NOMLOC": "VILLA ANGELA", "FRAC": "02", "RADIO": "15", "MZA": "009", "MZATXT": 9, "UGEO": "", "MZAM": "0006", "TMZA": 31, "DEPTO10": "098", "FRAC10": "02", "RADIO10": "14", "MZA10": "006", "CEN2010": "0980214006", "LINK2010": "220980214006", "DF": "09802", "TFRAC": 904, "DFR": "0980215", "TRADIO": 437, "DFRM": "0980215009", "FRACN": 2, "RADION": 15 }, "geometry": { "type": "Polygon", "coordinates": [ [ [ -60.691085104009069, -27.568655013244552 ], [ -60.690926176631173, -27.568339968244711 ], [ -60.690645911144337, -27.568052597965515 ], [ -60.690229430237977, -27.567842606897962 ], [ -60.689585659039231, -27.567719469826468 ], [ -60.689003178622983, -27.567681752598325 ], [ -60.689013004015798, -27.570876155332179 ], [ -60.690187503903147, -27.570852276797552 ], [ -60.691124127682144, -27.570843107887736 ], [ -60.691077691566747, -27.569088195998937 ], [ -60.691085104009069, -27.568655013244552 ] ] ] } },
{ "type": "Feature", "properties": { "ArcIds": [ 641, -820, -919, -920, -918, 915, 0, -821, 0, -917 ], "AREA": 64695.125, "PERIMETER": 1076.63, "CODLOC": "030", "NOMMUNI": "VILLA ANGELA", "NOMLOC": "VILLA ANGELA", "FRAC": "02", "RADIO": "15", "MZA": "010", "MZATXT": 10, "UGEO": "", "MZAM": "0005", "TMZA": 57, "DEPTO10": "098", "FRAC10": "02", "RADIO10": "14", "MZA10": "005", "CEN2010": "0980214005", "LINK2010": "220980214005", "DF": "09802", "TFRAC": 904, "DFR": "0980215", "TRADIO": 437, "DFRM": "0980215010", "FRACN": 2, "RADION": 15 }, "geometry": { "type": "Polygon", "coordinates": [ [ [ -60.689003178622983, -27.567681752598325 ], [ -60.687155297642008, -27.567699929320462 ], [ -60.687179334839222, -27.569933219923168 ], [ -60.687189035345305, -27.570677641611702 ], [ -60.687185630675629, -27.570943862744606 ], [ -60.688400523325093, -27.570901751728702 ], [ -60.689013004015798, -27.570876155332179 ], [ -60.689003178622983, -27.567681752598325 ] ] ] } },
{ "type": "Feature", "properties": { "ArcIds": [ -683, 686, 687, -644 ], "AREA": 7907.75, "PERIMETER": 383.007, "CODLOC": "030", "NOMMUNI": "VILLA ANGELA", "NOMLOC": "VILLA ANGELA", "FRAC": "01", "RADIO": "08", "MZA": "031", "MZATXT": 31, "UGEO": "", "MZAM": "", "TMZA": 22, "DEPTO10": "098", "FRAC10": "01", "RADIO10": "20", "MZA10": "028", "CEN2010": "0980120028", "LINK2010": "220980120028", "DF": "09801", "TFRAC": 4496, "DFR": "0980108", "TRADIO": 380, "DFRM": "0980108031", "FRACN": 1, "RADION": 8 }, "geometry": { "type": "Polygon", "coordinates": [ [ [ -60.727803427729484, -27.568074953231143 ], [ -60.727799885770615, -27.567538053748596 ], [ -60.729126307021914, -27.567526586249045 ], [ -60.729135007705466, -27.568076994276819 ], [ -60.727803427729484, -27.568074953231143 ] ] ] } },
{ "type": "Feature", "properties": { "ArcIds": [ -684, 685, 683, -646 ], "AREA": 7096.0, "PERIMETER": 357.555, "CODLOC": "030", "NOMMUNI": "VILLA ANGELA", "NOMLOC": "VILLA ANGELA", "FRAC": "01", "RADIO": "08", "MZA": "030", "MZATXT": 30, "UGEO": "", "MZAM": "", "TMZA": 22, "DEPTO10": "098", "FRAC10": "01", "RADIO10": "20", "MZA10": "027", "CEN2010": "0980120027", "LINK2010": "220980120027", "DF": "09801", "TFRAC": 4496, "DFR": "0980108", "TRADIO": 380, "DFRM": "0980108030", "FRACN": 1, "RADION": 8 }, "geometry": { "type": "Polygon", "coordinates": [ [ [ -60.726608632704384, -27.568085719770067 ], [ -60.726579782592694, -27.567548952547995 ], [ -60.727799885770615, -27.567538053748596 ], [ -60.727803427729484, -27.568074953231143 ], [ -60.726608632704384, -27.568085719770067 ] ] ] } },
{ "type": "Feature", "properties": { "ArcIds": [ -689, 690, 684, -648 ], "AREA": 3691.0, "PERIMETER": 243.088, "CODLOC": "030", "NOMMUNI": "VILLA ANGELA", "NOMLOC": "VILLA ANGELA", "FRAC": "01", "RADIO": "08", "MZA": "029", "MZATXT": 29, "UGEO": "", "MZAM": "", "TMZA": 10, "DEPTO10": "098", "FRAC10": "01", "RADIO10": "20", "MZA10": "026", "CEN2010": "0980120026", "LINK2010": "220980120026", "DF": "09801", "TFRAC": 4496, "DFR": "0980108", "TRADIO": 380, "DFRM": "0980108029", "FRACN": 1, "RADION": 8 }, "geometry": { "type": "Polygon", "coordinates": [ [ [ -60.725975839815199, -27.568098052044142 ], [ -60.725957118363482, -27.567561231718013 ], [ -60.726579782592694, -27.567548952547995 ], [ -60.726608632704384, -27.568085719770067 ], [ -60.725975839815199, -27.568098052044142 ] ] ] } },
{ "type": "Feature", "properties": { "ArcIds": [ 650, 653, 748, -749, 742 ], "AREA": 20151.75, "PERIMETER": 597.983, "CODLOC": "030", "NOMMUNI": "VILLA ANGELA", "NOMLOC": "VILLA ANGELA", "FRAC": "08", "RADIO": "05", "MZA": "007", "MZATXT": 7, "UGEO": "", "MZAM": "0007", "TMZA": 2, "DEPTO10": "098", "FRAC10": "01", "RADIO10": "10", "MZA10": "007", "CEN2010": "0980110007", "LINK2010": "220980110007", "DF": "09808", "TFRAC": 4286, "DFR": "0980805", "TRADIO": 446, "DFRM": "0980805007", "FRACN": 8, "RADION": 5 }, "geometry": { "type": "Polygon", "coordinates": [ [ [ -60.699296834711738, -27.56777469850082 ], [ -60.698274085073891, -27.567770819315484 ], [ -60.697312317497293, -27.567802721971539 ], [ -60.697308437228045, -27.568790854815028 ], [ -60.699322377061442, -27.568609277364647 ], [ -60.699296834711738, -27.56777469850082 ] ] ] } },
{ "type": "Feature", "properties": { "ArcIds": [ -657, -700, 701, 697, -656 ], "AREA": 3577.875, "PERIMETER": 242.741, "CODLOC": "030", "NOMMUNI": "VILLA ANGELA", "NOMLOC": "VILLA ANGELA", "FRAC": "01", "RADIO": "07", "MZA": "017", "MZATXT": 17, "UGEO": "", "MZAM": "", "TMZA": 12, "DEPTO10": "098", "FRAC10": "01", "RADIO10": "07", "MZA10": "013", "CEN2010": "0980107013", "LINK2010": "220980107013", "DF": "09801", "TFRAC": 4496, "DFR": "0980107", "TRADIO": 294, "DFRM": "0980107017", "FRACN": 1, "RADION": 7 }, "geometry": { "type": "Polygon", "coordinates": [ [ [ -60.722049997375017, -27.567789143044624 ], [ -60.722100625466929, -27.567788879884009 ], [ -60.722804296753559, -27.567776196510408 ], [ -60.722821997851078, -27.568159617527016 ], [ -60.722518612451154, -27.568219850760936 ], [ -60.722052891262692, -27.5682312961105 ], [ -60.722049997375017, -27.567789143044624 ] ] ] } },
{ "type": "Feature", "properties": { "ArcIds": [ -703, 704, 702, 700, -659 ], "AREA": 3266.75, "PERIMETER": 231.037, "CODLOC": "030", "NOMMUNI": "VILLA ANGELA", "NOMLOC": "VILLA ANGELA", "FRAC": "01", "RADIO": "07", "MZA": "018", "MZATXT": 18, "UGEO": "", "MZAM": "", "TMZA": 10, "DEPTO10": "098", "FRAC10": "01", "RADIO10": "07", "MZA10": "021", "CEN2010": "0980107021", "LINK2010": "220980107021", "DF": "09801", "TFRAC": 4496, "DFR": "0980107", "TRADIO": 294, "DFRM": "0980107018", "FRACN": 1, "RADION": 7 }, "geometry": { "type": "Polygon", "coordinates": [ [ [ -60.721379623383498, -27.568248329757271 ], [ -60.721376732191963, -27.56780617662676 ], [ -60.722049997375017, -27.567789143044624 ], [ -60.722052891262692, -27.5682312961105 ], [ -60.721491005664895, -27.568247751308206 ], [ -60.721379623383498, -27.568248329757271 ] ] ] } },
{ "type": "Feature", "properties": { "ArcIds": [ -707, 708, 703, -661 ], "AREA": 3144.375, "PERIMETER": 226.525, "CODLOC": "030", "NOMMUNI": "VILLA ANGELA", "NOMLOC": "VILLA ANGELA", "FRAC": "01", "RADIO": "07", "MZA": "019", "MZATXT": 19, "UGEO": "", "MZAM": "", "TMZA": 10, "DEPTO10": "098", "FRAC10": "01", "RADIO10": "07", "MZA10": "014", "CEN2010": "0980107014", "LINK2010": "220980107014", "DF": "09801", "TFRAC": 4496, "DFR": "0980107", "TRADIO": 294, "DFRM": "0980107019", "FRACN": 1, "RADION": 7 }, "geometry": { "type": "Polygon", "coordinates": [ [ [ -60.720726577072462, -27.568260743309704 ], [ -60.720723717971516, -27.567823101883711 ], [ -60.721376732191963, -27.56780617662676 ], [ -60.721379623383498, -27.568248329757271 ], [ -60.720726577072462, -27.568260743309704 ] ] ] } },
{ "type": "Feature", "properties": { "ArcIds": [ -705, 706, 707, -663 ], "AREA": 3235.25, "PERIMETER": 231.033, "CODLOC": "030", "NOMMUNI": "VILLA ANGELA", "NOMLOC": "VILLA ANGELA", "FRAC": "01", "RADIO": "07", "MZA": "020", "MZATXT": 20, "UGEO": "", "MZAM": "", "TMZA": 12, "DEPTO10": "098", "FRAC10": "01", "RADIO10": "07", "MZA10": "022", "CEN2010": "0980107022", "LINK2010": "220980107022", "DF": "09801", "TFRAC": 4496, "DFR": "0980107", "TRADIO": 294, "DFRM": "0980107020", "FRACN": 1, "RADION": 7 }, "geometry": { "type": "Polygon", "coordinates": [ [ [ -60.720048128028637, -27.568259749706616 ], [ -60.720030171519824, -27.567835722244961 ], [ -60.720723717971516, -27.567823101883711 ], [ -60.720726577072462, -27.568260743309704 ], [ -60.720048128028637, -27.568259749706616 ] ] ] } },
{ "type": "Feature", "properties": { "ArcIds": [ 666, -725, -726, 723 ], "AREA": 7034.25, "PERIMETER": 358.578, "CODLOC": "030", "NOMMUNI": "VILLA ANGELA", "NOMLOC": "VILLA ANGELA", "FRAC": "01", "RADIO": "05", "MZA": "023", "MZATXT": 23, "UGEO": "", "MZAM": "", "TMZA": 12, "DEPTO10": "098", "FRAC10": "01", "RADIO10": "03", "MZA10": "067", "CEN2010": "0980103067", "LINK2010": "220980103067", "DF": "09801", "TFRAC": 4496, "DFR": "0980105", "TRADIO": 265, "DFRM": "0980105023", "FRACN": 1, "RADION": 5 }, "geometry": { "type": "Polygon", "coordinates": [ [ [ -60.7103248324307, -27.567899223691342 ], [ -60.709104806858882, -27.567923504440522 ], [ -60.709118238599387, -27.568437795518388 ], [ -60.71035357460962, -27.568431483987556 ], [ -60.7103248324307, -27.567899223691342 ] ] ] } },
{ "type": "Feature", "properties": { "ArcIds": [ 668, -727, -728, 725 ], "AREA": 6785.5, "PERIMETER": 351.019, "CODLOC": "030", "NOMMUNI": "VILLA ANGELA", "NOMLOC": "VILLA ANGELA", "FRAC": "01", "RADIO": "05", "MZA": "021", "MZATXT": 21, "UGEO": "", "MZAM": "", "TMZA": 16, "DEPTO10": "098", "FRAC10": "01", "RADIO10": "03", "MZA10": "047", "CEN2010": "0980103047", "LINK2010": "220980103047", "DF": "09801", "TFRAC": 4496, "DFR": "0980105", "TRADIO": 265, "DFRM": "0980105021", "FRACN": 1, "RADION": 5 }, "geometry": { "type": "Polygon", "coordinates": [ [ [ -60.709104806858882, -27.567923504440522 ], [ -60.70791507063543, -27.567934084346589 ], [ -60.707918429028254, -27.568457450804072 ], [ -60.709118238599387, -27.568437795518388 ], [ -60.709104806858882, -27.567923504440522 ] ] ] } },
{ "type": "Feature", "properties": { "ArcIds": [ -837, 838, 836, 834, -671 ], "AREA": 61274.25, "PERIMETER": 989.077, "CODLOC": "030", "NOMMUNI": "VILLA ANGELA", "NOMLOC": "VILLA ANGELA", "FRAC": "01", "RADIO": "10", "MZA": "006", "MZATXT": 6, "UGEO": "", "MZAM": "", "TMZA": 19, "DEPTO10": "098", "FRAC10": "01", "RADIO10": "19", "MZA10": "003", "CEN2010": "0980119003", "LINK2010": "220980119003", "DF": "09801", "TFRAC": 4496, "DFR": "0980110", "TRADIO": 233, "DFRM": "0980110006", "FRACN": 1, "RADION": 10 }, "geometry": { "type": "Polygon", "coordinates": [ [ [ -60.740799128623607, -27.570190021801196 ], [ -60.740783707372188, -27.567893542888406 ], [ -60.743198537157191, -27.567862596902231 ], [ -60.743254451009086, -27.57014983436585 ], [ -60.742029412670149, -27.570183455215062 ], [ -60.740799128623607, -27.570190021801196 ] ] ] } },
{ "type": "Feature", "properties": { "ArcIds": [ -674, -676, -761, -833, -842, 843, 840, -673, 0, -759, 0, -760 ], "AREA": 71526.125, "PERIMETER": 1070.575, "CODLOC": "030", "NOMMUNI": "VILLA ANGELA", "NOMLOC": "VILLA ANGELA", "FRAC": "01", "RADIO": "09", "MZA": "009", "MZATXT": 9, "UGEO": "", "MZAM": "", "TMZA": 53, "DEPTO10": "098", "FRAC10": "01", "RADIO10": "04", "MZA10": "012", "CEN2010": "0980104012", "LINK2010": "220980104012", "DF": "09801", "TFRAC": 4496, "DFR": "0980109", "TRADIO": 366, "DFRM": "0980109009", "FRACN": 1, "RADION": 9 }, "geometry": { "type": "Polygon", "coordinates": [ [ [ -60.736369461333091, -27.56799371473674 ], [ -60.73736671265533, -27.567970377232889 ], [ -60.738333616786178, -27.567951705782718 ], [ -60.738364024787479, -27.570225546473946 ], [ -60.735463010534033, -27.57024544842924 ], [ -60.735462589403788, -27.570182283914434 ], [ -60.735440121521819, -27.56909052048044 ], [ -60.735453184208829, -27.568012104499491 ], [ -60.736369461333091, -27.56799371473674 ] ] ] } },
{ "type": "Feature", "properties": { "ArcIds": [ -762, 763, 761, -677 ], "AREA": 30899.0, "PERIMETER": 755.022, "CODLOC": "030", "NOMMUNI": "VILLA ANGELA", "NOMLOC": "VILLA ANGELA", "FRAC": "01", "RADIO": "12", "MZA": "001", "MZATXT": 1, "UGEO": "", "MZAM": "", "TMZA": 1, "DEPTO10": "098", "FRAC10": "01", "RADIO10": "05", "MZA10": "001", "CEN2010": "0980105001", "LINK2010": "220980105001", "DF": "09801", "TFRAC": 4496, "DFR": "0980112", "TRADIO": 355, "DFRM": "0980112001", "FRACN": 1, "RADION": 12 }, "geometry": { "type": "Polygon", "coordinates": [ [ [ -60.732842966501671, -27.569117782061753 ], [ -60.73283574340639, -27.568030449159533 ], [ -60.735453184208829, -27.568012104499491 ], [ -60.735440121521819, -27.56909052048044 ], [ -60.732842966501671, -27.569117782061753 ] ] ] } },
{ "type": "Feature", "properties": { "ArcIds": [ -764, 765, 762, -678 ], "AREA": 7004.375, "PERIMETER": 357.012, "CODLOC": "030", "NOMMUNI": "VILLA ANGELA", "NOMLOC": "VILLA ANGELA", "FRAC": "01", "RADIO": "12", "MZA": "002", "MZATXT": 2, "UGEO": "", "MZAM": "", "TMZA": 20, "DEPTO10": "098", "FRAC10": "01", "RADIO10": "05", "MZA10": "018", "CEN2010": "0980105018", "LINK2010": "220980105018", "DF": "09801", "TFRAC": 4496, "DFR": "0980112", "TRADIO": 355, "DFRM": "0980112002", "FRACN": 1, "RADION": 12 }, "geometry": { "type": "Polygon", "coordinates": [ [ [ -60.732245549204592, -27.569120932515883 ], [ -60.732253550369926, -27.568038031163539 ], [ -60.73283574340639, -27.568030449159533 ], [ -60.732842966501671, -27.569117782061753 ], [ -60.732245549204592, -27.569120932515883 ] ] ] } },
{ "type": "Feature", "properties": { "ArcIds": [ -766, 767, 764, -680 ], "AREA": 7034.375, "PERIMETER": 357.513, "CODLOC": "030", "NOMMUNI": "VILLA ANGELA", "NOMLOC": "VILLA ANGELA", "FRAC": "01", "RADIO": "12", "MZA": "003", "MZATXT": 3, "UGEO": "", "MZAM": "", "TMZA": 8, "DEPTO10": "098", "FRAC10": "01", "RADIO10": "05", "MZA10": "019", "CEN2010": "0980105019", "LINK2010": "220980105019", "DF": "09801", "TFRAC": 4496, "DFR": "0980112", "TRADIO": 355, "DFRM": "0980112003", "FRACN": 1, "RADION": 12 }, "geometry": { "type": "Polygon", "coordinates": [ [ [ -60.731658287453627, -27.569128538824209 ], [ -60.731656138840918, -27.568041178969786 ], [ -60.732253550369926, -27.568038031163539 ], [ -60.732245549204592, -27.569120932515883 ], [ -60.731658287453627, -27.569128538824209 ] ] ] } },
{ "type": "Feature", "properties": { "ArcIds": [ -682, -771, 772, 766, -681, 0, -747 ], "AREA": 14581.0, "PERIMETER": 483.01, "CODLOC": "030", "NOMMUNI": "VILLA ANGELA", "NOMLOC": "VILLA ANGELA", "FRAC": "01", "RADIO": "12", "MZA": "004", "MZATXT": 4, "UGEO": "", "MZAM": "", "TMZA": 11, "DEPTO10": "098", "FRAC10": "01", "RADIO10": "05", "MZA10": "002", "CEN2010": "0980105002", "LINK2010": "220980105002", "DF": "09801", "TFRAC": 4496, "DFR": "0980112", "TRADIO": 355, "DFRM": "0980112004", "FRACN": 1, "RADION": 12 }, "geometry": { "type": "Polygon", "coordinates": [ [ [ -60.730430998366764, -27.568056650119278 ], [ -60.731023317435614, -27.568049022465441 ], [ -60.731656138840918, -27.568041178969786 ], [ -60.731658287453627, -27.569128538824209 ], [ -60.730433134907329, -27.569144010224552 ], [ -60.730430998366764, -27.568056650119278 ] ] ] } },
{ "type": "Feature", "properties": { "ArcIds": [ -774, 775, 771, -688 ], "AREA": 15297.875, "PERIMETER": 495.01, "CODLOC": "030", "NOMMUNI": "VILLA ANGELA", "NOMLOC": "VILLA ANGELA", "FRAC": "01", "RADIO": "12", "MZA": "005", "MZATXT": 5, "UGEO": "", "MZAM": "", "TMZA": 28, "DEPTO10": "098", "FRAC10": "01", "RADIO10": "05", "MZA10": "003", "CEN2010": "0980105003", "LINK2010": "220980105003", "DF": "09801", "TFRAC": 4496, "DFR": "0980112", "TRADIO": 355, "DFRM": "0980112005", "FRACN": 1, "RADION": 12 }, "geometry": { "type": "Polygon", "coordinates": [ [ [ -60.729142104878456, -27.569150792797156 ], [ -60.729135007705466, -27.568076994276819 ], [ -60.730430998366764, -27.568056650119278 ], [ -60.730433134907329, -27.569144010224552 ], [ -60.729142104878456, -27.569150792797156 ] ] ] } },
{ "type": "Feature", "properties": { "ArcIds": [ 770, -773, 774, -686 ], "AREA": 15531.375, "PERIMETER": 499.031, "CODLOC": "030", "NOMMUNI": "VILLA ANGELA", "NOMLOC": "VILLA ANGELA", "FRAC": "01", "RADIO": "13", "MZA": "001", "MZATXT": 1, "UGEO": "", "MZAM": "0001", "TMZA": 19, "DEPTO10": "098", "FRAC10": "01", "RADIO10": "06", "MZA10": "001", "CEN2010": "0980106001", "LINK2010": "220980106001", "DF": "09801", "TFRAC": 4496, "DFR": "0980113", "TRADIO": 419, "DFRM": "0980113001", "FRACN": 1, "RADION": 13 }, "geometry": { "type": "Polygon", "coordinates": [ [ [ -60.727803427729484, -27.568074953231143 ], [ -60.727835856034488, -27.569153131196206 ], [ -60.729142104878456, -27.569150792797156 ], [ -60.729135007705466, -27.568076994276819 ], [ -60.727803427729484, -27.568074953231143 ] ] ] } },
{ "type": "Feature", "properties": { "ArcIds": [ -768, -769, -770, -685 ], "AREA": 14131.25, "PERIMETER": 475.532, "CODLOC": "030", "NOMMUNI": "VILLA ANGELA", "NOMLOC": "VILLA ANGELA", "FRAC": "01", "RADIO": "13", "MZA": "002", "MZATXT": 2, "UGEO": "", "MZAM": "0002", "TMZA": 13, "DEPTO10": "098", "FRAC10": "01", "RADIO10": "06", "MZA10": "002", "CEN2010": "0980106002", "LINK2010": "220980106002", "DF": "09801", "TFRAC": 4496, "DFR": "0980113", "TRADIO": 419, "DFRM": "0980113002", "FRACN": 1, "RADION": 13 }, "geometry": { "type": "Polygon", "coordinates": [ [ [ -60.726625801306326, -27.569154954166589 ], [ -60.726608632704384, -27.568085719770067 ], [ -60.727803427729484, -27.568074953231143 ], [ -60.727835856034488, -27.569153131196206 ], [ -60.726625801306326, -27.569154954166589 ] ] ] } },
{ "type": "Feature", "properties": { "ArcIds": [ -693, -776, -777, 768, -690 ], "AREA": 14255.875, "PERIMETER": 477.568, "CODLOC": "030", "NOMMUNI": "VILLA ANGELA", "NOMLOC": "VILLA ANGELA", "FRAC": "01", "RADIO": "13", "MZA": "003", "MZATXT": 3, "UGEO": "", "MZAM": "0003", "TMZA": 27, "DEPTO10": "098", "FRAC10": "01", "RADIO10": "06", "MZA10": "003", "CEN2010": "0980106003", "LINK2010": "220980106003", "DF": "09801", "TFRAC": 4496, "DFR": "0980113", "TRADIO": 419, "DFRM": "0980113003", "FRACN": 1, "RADION": 13 }, "geometry": { "type": "Polygon", "coordinates": [ [ [ -60.725393674917051, -27.568110117074653 ], [ -60.725975839815199, -27.568098052044142 ], [ -60.726608632704384, -27.568085719770067 ], [ -60.726625801306326, -27.569154954166589 ], [ -60.725415953961885, -27.569188348929242 ], [ -60.725393674917051, -27.568110117074653 ] ] ] } },
{ "type": "Feature", "properties": { "ArcIds": [ -778, -779, 776, -692 ], "AREA": 14520.375, "PERIMETER": 482.015, "CODLOC": "030", "NOMMUNI": "VILLA ANGELA", "NOMLOC": "VILLA ANGELA", "FRAC": "01", "RADIO": "13", "MZA": "004", "MZATXT": 4, "UGEO": "", "MZAM": "0004", "TMZA": 29, "DEPTO10": "098", "FRAC10": "01", "RADIO10": "06", "MZA10": "004", "CEN2010": "0980106004", "LINK2010": "220980106004", "DF": "09801", "TFRAC": 4496, "DFR": "0980113", "TRADIO": 419, "DFRM": "0980113004", "FRACN": 1, "RADION": 13 }, "geometry": { "type": "Polygon", "coordinates": [ [ [ -60.724185735666403, -27.569203791694033 ], [ -60.724178568251901, -27.568111944943723 ], [ -60.725393674917051, -27.568110117074653 ], [ -60.725415953961885, -27.569188348929242 ], [ -60.724185735666403, -27.569203791694033 ] ] ] } },
{ "type": "Feature", "properties": { "ArcIds": [ -698, -780, 781, 778, -696 ], "AREA": 16016.25, "PERIMETER": 507.084, "CODLOC": "030", "NOMMUNI": "VILLA ANGELA", "NOMLOC": "VILLA ANGELA", "FRAC": "01", "RADIO": "08", "MZA": "032", "MZATXT": 32, "UGEO": "", "MZAM": "", "TMZA": 23, "DEPTO10": "098", "FRAC10": "01", "RADIO10": "20", "MZA10": "029", "CEN2010": "0980120029", "LINK2010": "220980120029", "DF": "09801", "TFRAC": 4496, "DFR": "0980108", "TRADIO": 380, "DFRM": "0980108032", "FRACN": 1, "RADION": 8 }, "geometry": { "type": "Polygon", "coordinates": [ [ [ -60.722821997851078, -27.568159617527016 ], [ -60.723561022323992, -27.568133210573638 ], [ -60.724178568251901, -27.568111944943723 ], [ -60.724185735666403, -27.569203791694033 ], [ -60.722828974477544, -27.569224394011218 ], [ -60.722821997851078, -27.568159617527016 ] ] ] } },
{ "type": "Feature", "properties": { "ArcIds": [ -702, -782, 783, 780, -701 ], "AREA": 14722.25, "PERIMETER": 491.761, "CODLOC": "030", "NOMMUNI": "VILLA ANGELA", "NOMLOC": "VILLA ANGELA", "FRAC": "01", "RADIO": "07", "MZA": "022", "MZATXT": 22, "UGEO": "", "MZAM": "", "TMZA": 27, "DEPTO10": "098", "FRAC10": "01", "RADIO10": "07", "MZA10": "015", "CEN2010": "0980107015", "LINK2010": "220980107015", "DF": "09801", "TFRAC": 4496, "DFR": "0980107", "TRADIO": 294, "DFRM": "0980107022", "FRACN": 1, "RADION": 7 }, "geometry": { "type": "Polygon", "coordinates": [ [ [ -60.721491005664895, -27.568247751308206 ], [ -60.722052891262692, -27.5682312961105 ], [ -60.722518612451154, -27.568219850760936 ], [ -60.722821997851078, -27.568159617527016 ], [ -60.722828974477544, -27.569224394011218 ], [ -60.721512774493142, -27.569253796248141 ], [ -60.721491005664895, -27.568247751308206 ] ] ] } },
{ "type": "Feature", "properties": { "ArcIds": [ 827, 828, -826 ], "AREA": 12926.75, "PERIMETER": 769.685, "CODLOC": "030", "NOMMUNI": "VILLA ANGELA", "NOMLOC": "VILLA ANGELA", "FRAC": "02", "RADIO": "02", "MZA": "009", "MZATXT": 9, "UGEO": "", "MZAM": "", "TMZA": 1, "DEPTO10": "098", "FRAC10": "02", "RADIO10": "02", "MZA10": "008", "CEN2010": "0980202008", "LINK2010": "220980202008", "DF": "09802", "TFRAC": 904, "DFR": "0980202", "TRADIO": 100, "DFRM": "0980202009", "FRACN": 2, "RADION": 2 }, "geometry": { "type": "Polygon", "coordinates": [ [ [ -60.753457427037652, -27.56805548758528 ], [ -60.753442485187009, -27.568091663836132 ], [ -60.753437699717793, -27.568132296901087 ], [ -60.75342782064164, -27.568168445690869 ], [ -60.753423035164388, -27.568209078755036 ], [ -60.75341315607718, -27.568245227543617 ], [ -60.753408370591885, -27.56828586060702 ], [ -60.753398491493584, -27.568322009394397 ], [ -60.753388612389102, -27.568358158180999 ], [ -60.753378764089483, -27.568398818700683 ], [ -60.753363822169163, -27.568434994942749 ], [ -60.753353943044054, -27.568471143726736 ], [ -60.753339001106333, -27.568507319966123 ], [ -60.753324089968096, -27.568548007937689 ], [ -60.753314210820726, -27.568584156718739 ], [ -60.753299268855471, -27.568620332953824 ], [ -60.753279264067345, -27.568656536641434 ], [ -60.753264322081343, -27.568692712872828 ], [ -60.753249380085798, -27.568728889102605 ], [ -60.753229344456862, -27.568760581049432 ], [ -60.75320933962125, -27.568796784727205 ], [ -60.753189334772735, -27.568832988402185 ], [ -60.753169329911316, -27.568869192074359 ], [ -60.753149294234625, -27.568900884009985 ], [ -60.753129289348166, -27.568937087676535 ], [ -60.753109253647978, -27.568968779606546 ], [ -60.753084155107082, -27.569000498981072 ], [ -60.753064150181778, -27.569036702638517 ], [ -60.753039051612724, -27.569068422005163 ], [ -60.753013953029374, -27.5691001413674 ], [ -60.752988854431699, -27.569131860725257 ], [ -60.752963755819714, -27.569163580078719 ], [ -60.752938657193397, -27.569195299427793 ], [ -60.752908464919869, -27.56922253447982 ], [ -60.75288336626442, -27.569254253819217 ], [ -60.752853204751908, -27.56928600059339 ], [ -60.75282301243255, -27.569313235627416 ], [ -60.752797882943597, -27.569340443218039 ], [ -60.752767721383094, -27.569372189974217 ], [ -60.7527375290191, -27.56939942499022 ], [ -60.752702273790831, -27.569426687433634 ], [ -60.752672081395765, -27.569453922435798 ], [ -60.752641888985771, -27.569481157431596 ], [ -60.752606602926697, -27.569503908117497 ], [ -60.75257641048681, -27.569531143099464 ], [ -60.752541124398078, -27.569553893769157 ], [ -60.752505869071612, -27.569581156164062 ], [ -60.752475645809923, -27.569603879390769 ], [ -60.752440359676875, -27.569626630035511 ], [ -60.752405073529161, -27.569649380671493 ], [ -60.752369787366774, -27.569672131298727 ], [ -60.752329438327635, -27.56969490933766 ], [ -60.75229412136639, -27.569713148212042 ], [ -60.752258835160347, -27.569735898811757 ], [ -60.752218455309077, -27.569754165085005 ], [ -60.752183138310052, -27.569772403931754 ], [ -60.752142789194835, -27.569795181917659 ], [ -60.752107441408917, -27.569808909011329 ], [ -60.752067061505038, -27.569827175241425 ], [ -60.752026681587573, -27.56984544146 ], [ -60.751986301656508, -27.569863707667061 ], [ -60.75194589095743, -27.56987746212824 ], [ -60.751905480248006, -27.569891216577847 ], [ -60.751865069528279, -27.569904971015863 ], [ -60.751824658798199, -27.569918725442296 ], [ -60.751784248057817, -27.569932479857144 ], [ -60.751743837307075, -27.569946234260406 ], [ -60.751703426546001, -27.569959988652094 ], [ -60.751657922156156, -27.569969258693831 ], [ -60.751617480634273, -27.569978501326226 ], [ -60.751577069844807, -27.569992255681637 ], [ -60.751531565430064, -27.570001525682418 ], [ -60.7514910931489, -27.570006256543675 ], [ -60.751450651598326, -27.570015499128008 ], [ -60.751405147162366, -27.570024769087723 ], [ -60.751364674866352, -27.570029499912426 ], [ -60.751319139687737, -27.570034258109313 ], [ -60.751278728838635, -27.570048012378965 ], [ -60.753501239813403, -27.570022438538093 ], [ -60.753457427037652, -27.56805548758528 ] ] ] } },
{ "type": "Feature", "properties": { "ArcIds": [ -708, -706, -784, 785, 782, -704 ], "AREA": 15967.125, "PERIMETER": 509.579, "CODLOC": "030", "NOMMUNI": "VILLA ANGELA", "NOMLOC": "VILLA ANGELA", "FRAC": "01", "RADIO": "07", "MZA": "021", "MZATXT": 21, "UGEO": "", "MZAM": "", "TMZA": 30, "DEPTO10": "098", "FRAC10": "01", "RADIO10": "07", "MZA10": "016", "CEN2010": "0980107016", "LINK2010": "220980107016", "DF": "09801", "TFRAC": 4496, "DFR": "0980107", "TRADIO": 294, "DFRM": "0980107021", "FRACN": 1, "RADION": 7 }, "geometry": { "type": "Polygon", "coordinates": [ [ [ -60.720726577072462, -27.568260743309704 ], [ -60.721379623383498, -27.568248329757271 ], [ -60.721491005664895, -27.568247751308206 ], [ -60.721512774493142, -27.569253796248141 ], [ -60.720080156718524, -27.56928830146931 ], [ -60.720048128028637, -27.568259749706616 ], [ -60.720726577072462, -27.568260743309704 ] ] ] } },
{ "type": "Feature", "properties": { "ArcIds": [ -786, 787, 784, -711 ], "AREA": 13713.75, "PERIMETER": 468.618, "CODLOC": "030", "NOMMUNI": "VILLA ANGELA", "NOMLOC": "VILLA ANGELA", "FRAC": "01", "RADIO": "06", "MZA": "014", "MZATXT": 14, "UGEO": "", "MZAM": "", "TMZA": 25, "DEPTO10": "098", "FRAC10": "01", "RADIO10": "08", "MZA10": "014", "CEN2010": "0980108014", "LINK2010": "220980108014", "DF": "09801", "TFRAC": 4496, "DFR": "0980106", "TRADIO": 340, "DFRM": "0980106014", "FRACN": 1, "RADION": 6 }, "geometry": { "type": "Polygon", "coordinates": [ [ [ -60.718860149388718, -27.569317179916339 ], [ -60.718828161450766, -27.568293139428555 ], [ -60.720048128028637, -27.568259749706616 ], [ -60.720080156718524, -27.56928830146931 ], [ -60.718860149388718, -27.569317179916339 ] ] ] } },
{ "type": "Feature", "properties": { "ArcIds": [ -790, 791, 788, -712 ], "AREA": 13767.375, "PERIMETER": 469.514, "CODLOC": "030", "NOMMUNI": "VILLA ANGELA", "NOMLOC": "VILLA ANGELA", "FRAC": "01", "RADIO": "06", "MZA": "012", "MZATXT": 12, "UGEO": "", "MZAM": "", "TMZA": 23, "DEPTO10": "098", "FRAC10": "01", "RADIO10": "08", "MZA10": "012", "CEN2010": "0980108012", "LINK2010": "220980108012", "DF": "09801", "TFRAC": 4496, "DFR": "0980106", "TRADIO": 340, "DFRM": "0980106012", "FRACN": 1, "RADION": 6 }, "geometry": { "type": "Polygon", "coordinates": [ [ [ -60.716424960521657, -27.569338784422609 ], [ -60.716408095787529, -27.568301129303549 ], [ -60.717628269138814, -27.568299343212246 ], [ -60.717645057293893, -27.569323462656417 ], [ -60.716424960521657, -27.569338784422609 ] ] ] } },
{ "type": "Feature", "properties": { "ArcIds": [ -792, 793, 790, -718 ], "AREA": 13511.0, "PERIMETER": 465.171, "CODLOC": "030", "NOMMUNI": "VILLA ANGELA", "NOMLOC": "VILLA ANGELA", "FRAC": "01", "RADIO": "06", "MZA": "011", "MZATXT": 11, "UGEO": "", "MZAM": "", "TMZA": 18, "DEPTO10": "098", "FRAC10": "01", "RADIO10": "08", "MZA10": "011", "CEN2010": "0980108011", "LINK2010": "220980108011", "DF": "09801", "TFRAC": 4496, "DFR": "0980106", "TRADIO": 340, "DFRM": "0980106011", "FRACN": 1, "RADION": 6 }, "geometry": { "type": "Polygon", "coordinates": [ [ [ -60.715220168827109, -27.569372064363534 ], [ -60.715208524502103, -27.568356941684478 ], [ -60.716408095787529, -27.568301129303549 ], [ -60.716424960521657, -27.569338784422609 ], [ -60.715220168827109, -27.569372064363534 ] ] ] } },
{ "type": "Feature", "properties": { "ArcIds": [ -788, 789, 786, -714 ], "AREA": 13534.875, "PERIMETER": 465.532, "CODLOC": "030", "NOMMUNI": "VILLA ANGELA", "NOMLOC": "VILLA ANGELA", "FRAC": "01", "RADIO": "06", "MZA": "013", "MZATXT": 13, "UGEO": "", "MZAM": "", "TMZA": 31, "DEPTO10": "098", "FRAC10": "01", "RADIO10": "08", "MZA10": "013", "CEN2010": "0980108013", "LINK2010": "220980108013", "DF": "09801", "TFRAC": 4496, "DFR": "0980106", "TRADIO": 340, "DFRM": "0980106013", "FRACN": 1, "RADION": 6 }, "geometry": { "type": "Polygon", "coordinates": [ [ [ -60.717645057293893, -27.569323462656417 ], [ -60.717628269138814, -27.568299343212246 ], [ -60.718828161450766, -27.568293139428555 ], [ -60.718860149388718, -27.569317179916339 ], [ -60.717645057293893, -27.569323462656417 ] ] ] } },
{ "type": "Feature", "properties": { "ArcIds": [ -794, 795, 792, -716 ], "AREA": 13731.5, "PERIMETER": 469.006, "CODLOC": "030", "NOMMUNI": "VILLA ANGELA", "NOMLOC": "VILLA ANGELA", "FRAC": "01", "RADIO": "06", "MZA": "010", "MZATXT": 10, "UGEO": "", "MZAM": "", "TMZA": 26, "DEPTO10": "098", "FRAC10": "01", "RADIO10": "08", "MZA10": "010", "CEN2010": "0980108010", "LINK2010": "220980108010", "DF": "09801", "TFRAC": 4496, "DFR": "0980106", "TRADIO": 340, "DFRM": "0980106010", "FRACN": 1, "RADION": 6 }, "geometry": { "type": "Polygon", "coordinates": [ [ [ -60.71398991568681, -27.569382905119042 ], [ -60.713983257922045, -27.568354220780947 ], [ -60.715208524502103, -27.568356941684478 ], [ -60.715220168827109, -27.569372064363534 ], [ -60.71398991568681, -27.569382905119042 ] ] ] } },
{ "type": "Feature", "properties": { "ArcIds": [ -796, 797, 794, -720 ], "AREA": 13947.875, "PERIMETER": 472.588, "CODLOC": "030", "NOMMUNI": "VILLA ANGELA", "NOMLOC": "VILLA ANGELA", "FRAC": "01", "RADIO": "06", "MZA": "009", "MZATXT": 9, "UGEO": "", "MZAM": "", "TMZA": 20, "DEPTO10": "098", "FRAC10": "01", "RADIO10": "08", "MZA10": "009", "CEN2010": "0980108009", "LINK2010": "220980108009", "DF": "09801", "TFRAC": 4496, "DFR": "0980106", "TRADIO": 340, "DFRM": "0980106009", "FRACN": 1, "RADION": 6 }, "geometry": { "type": "Polygon", "coordinates": [ [ [ -60.712770021044228, -27.56942977722051 ], [ -60.712763170590193, -27.56836951019099 ], [ -60.713983257922045, -27.568354220780947 ], [ -60.71398991568681, -27.569382905119042 ], [ -60.712770021044228, -27.56942977722051 ] ] ] } },
{ "type": "Feature", "properties": { "ArcIds": [ -798, 799, 796, -722 ], "AREA": 13979.625, "PERIMETER": 473.056, "CODLOC": "030", "NOMMUNI": "VILLA ANGELA", "NOMLOC": "VILLA ANGELA", "FRAC": "01", "RADIO": "06", "MZA": "008", "MZATXT": 8, "UGEO": "", "MZAM": "", "TMZA": 66, "DEPTO10": "098", "FRAC10": "01", "RADIO10": "08", "MZA10": "008", "CEN2010": "0980108008", "LINK2010": "220980108008", "DF": "09801", "TFRAC": 4496, "DFR": "0980106", "TRADIO": 340, "DFRM": "0980106008", "FRACN": 1, "RADION": 6 }, "geometry": { "type": "Polygon", "coordinates": [ [ [ -60.711554984294501, -27.56944503026558 ], [ -60.711543228166015, -27.568407347771203 ], [ -60.712763170590193, -27.56836951019099 ], [ -60.712770021044228, -27.56942977722051 ], [ -60.711554984294501, -27.56944503026558 ] ] ] } },
{ "type": "Feature", "properties": { "ArcIds": [ 724, -754, -800, -801, 798 ], "AREA": 13674.5, "PERIMETER": 468.127, "CODLOC": "030", "NOMMUNI": "VILLA ANGELA", "NOMLOC": "VILLA ANGELA", "FRAC": "01", "RADIO": "05", "MZA": "025", "MZATXT": 25, "UGEO": "", "MZAM": "", "TMZA": 10, "DEPTO10": "098", "FRAC10": "01", "RADIO10": "03", "MZA10": "046", "CEN2010": "0980103046", "LINK2010": "220980103046", "DF": "09801", "TFRAC": 4496, "DFR": "0980105", "TRADIO": 265, "DFRM": "0980105025", "FRACN": 1, "RADION": 5 }, "geometry": { "type": "Polygon", "coordinates": [ [ [ -60.711543228166015, -27.568407347771203 ], [ -60.71035357460962, -27.568431483987556 ], [ -60.710361775096629, -27.568918730025139 ], [ -60.710365493877617, -27.569496237449595 ], [ -60.711554984294501, -27.56944503026558 ], [ -60.711543228166015, -27.568407347771203 ] ] ] } },
{ "type": "Feature", "properties": { "ArcIds": [ 726, -755, -756, 754 ], "AREA": 6656.5, "PERIMETER": 352.075, "CODLOC": "030", "NOMMUNI": "VILLA ANGELA", "NOMLOC": "VILLA ANGELA", "FRAC": "01", "RADIO": "05", "MZA": "026", "MZATXT": 26, "UGEO": "", "MZAM": "", "TMZA": 20, "DEPTO10": "098", "FRAC10": "01", "RADIO10": "03", "MZA10": "068", "CEN2010": "0980103068", "LINK2010": "220980103068", "DF": "09801", "TFRAC": 4496, "DFR": "0980105", "TRADIO": 265, "DFRM": "0980105026", "FRACN": 1, "RADION": 5 }, "geometry": { "type": "Polygon", "coordinates": [ [ [ -60.71035357460962, -27.568431483987556 ], [ -60.709118238599387, -27.568437795518388 ], [ -60.709146801146851, -27.568942985461685 ], [ -60.710361775096629, -27.568918730025139 ], [ -60.71035357460962, -27.568431483987556 ] ] ] } },
{ "type": "Feature", "properties": { "ArcIds": [ 728, -804, -805, 802, 755 ], "AREA": 14105.5, "PERIMETER": 474.068, "CODLOC": "030", "NOMMUNI": "VILLA ANGELA", "NOMLOC": "VILLA ANGELA", "FRAC": "01", "RADIO": "05", "MZA": "028", "MZATXT": 28, "UGEO": "", "MZAM": "", "TMZA": 0, "DEPTO10": "098", "FRAC10": "01", "RADIO10": "03", "MZA10": "070", "CEN2010": "0980103070", "LINK2010": "220980103070", "DF": "09801", "TFRAC": 4496, "DFR": "0980105", "TRADIO": 265, "DFRM": "0980105028", "FRACN": 1, "RADION": 5 }, "geometry": { "type": "Polygon", "coordinates": [ [ [ -60.709118238599387, -27.568437795518388 ], [ -60.707918429028254, -27.568457450804072 ], [ -60.707930237943195, -27.569508669576507 ], [ -60.709155460458746, -27.569502420078887 ], [ -60.709146801146851, -27.568942985461685 ], [ -60.709118238599387, -27.568437795518388 ] ] ] } },
{ "type": "Feature", "properties": { "ArcIds": [ 730, -806, -807, 804 ], "AREA": 13833.75, "PERIMETER": 470.616, "CODLOC": "030", "NOMMUNI": "VILLA ANGELA", "NOMLOC": "VILLA ANGELA", "FRAC": "01", "RADIO": "05", "MZA": "029", "MZATXT": 29, "UGEO": "", "MZAM": "", "TMZA": 14, "DEPTO10": "098", "FRAC10": "01", "RADIO10": "03", "MZA10": "071", "CEN2010": "0980103071", "LINK2010": "220980103071", "DF": "09801", "TFRAC": 4496, "DFR": "0980105", "TRADIO": 265, "DFRM": "0980105029", "FRACN": 1, "RADION": 5 }, "geometry": { "type": "Polygon", "coordinates": [ [ [ -60.707918429028254, -27.568457450804072 ], [ -60.706703603625662, -27.56850424368913 ], [ -60.706720348271205, -27.569537389896769 ], [ -60.707930237943195, -27.569508669576507 ], [ -60.707918429028254, -27.568457450804072 ] ] ] } },
{ "type": "Feature", "properties": { "ArcIds": [ 732, -808, -809, 806 ], "AREA": 13686.5, "PERIMETER": 468.101, "CODLOC": "030", "NOMMUNI": "VILLA ANGELA", "NOMLOC": "VILLA ANGELA", "FRAC": "01", "RADIO": "05", "MZA": "030", "MZATXT": 30, "UGEO": "", "MZAM": "", "TMZA": 11, "DEPTO10": "098", "FRAC10": "01", "RADIO10": "03", "MZA10": "072", "CEN2010": "0980103072", "LINK2010": "220980103072", "DF": "09801", "TFRAC": 4496, "DFR": "0980105", "TRADIO": 265, "DFRM": "0980105030", "FRACN": 1, "RADION": 5 }, "geometry": { "type": "Polygon", "coordinates": [ [ [ -60.706703603625662, -27.56850424368913 ], [ -60.705478535807536, -27.568533030264945 ], [ -60.705520554683289, -27.569561536480592 ], [ -60.706720348271205, -27.569537389896769 ], [ -60.706703603625662, -27.56850424368913 ] ] ] } },
{ "type": "Feature", "properties": { "ArcIds": [ 735, -810, -811, 808 ], "AREA": 16925.125, "PERIMETER": 525.58, "CODLOC": "030", "NOMMUNI": "VILLA ANGELA", "NOMLOC": "VILLA ANGELA", "FRAC": "08", "RADIO": "05", "MZA": "014", "MZATXT": 14, "UGEO": "", "MZAM": "0012", "TMZA": 17, "DEPTO10": "098", "FRAC10": "01", "RADIO10": "10", "MZA10": "012", "CEN2010": "0980110012", "LINK2010": "220980110012", "DF": "09808", "TFRAC": 4286, "DFR": "0980805", "TRADIO": 446, "DFRM": "0980805014", "FRACN": 8, "RADION": 5 }, "geometry": { "type": "Polygon", "coordinates": [ [ [ -60.705478535807536, -27.568533030264945 ], [ -60.703975009546738, -27.568563217467037 ], [ -60.703991584701782, -27.569573805559319 ], [ -60.705520554683289, -27.569561536480592 ], [ -60.705478535807536, -27.568533030264945 ] ] ] } },
{ "type": "Feature", "properties": { "ArcIds": [ 739, -822, -910, -911, 908, 752, 0, -823 ], "AREA": 29299.5, "PERIMETER": 729.091, "CODLOC": "030", "NOMMUNI": "VILLA ANGELA", "NOMLOC": "VILLA ANGELA", "FRAC": "02", "RADIO": "15", "MZA": "007", "MZATXT": 7, "UGEO": "", "MZAM": "0008", "TMZA": 54, "DEPTO10": "098", "FRAC10": "02", "RADIO10": "14", "MZA10": "008", "CEN2010": "0980214008", "LINK2010": "220980214008", "DF": "09802", "TFRAC": 904, "DFR": "0980215", "TRADIO": 437, "DFRM": "0980215007", "FRACN": 2, "RADION": 15 }, "geometry": { "type": "Polygon", "coordinates": [ [ [ -60.693312516629511, -27.568603306785509 ], [ -60.692092504344814, -27.568631950119091 ], [ -60.692131685205631, -27.570034966805142 ], [ -60.692156947812485, -27.57083345336056 ], [ -60.693351811304055, -27.570827494344751 ], [ -60.693319195760161, -27.568860453750574 ], [ -60.693312516629511, -27.568603306785509 ] ] ] } },
{ "type": "Feature", "properties": { "ArcIds": [ 737, -812, -813, 810 ], "AREA": 11353.75, "PERIMETER": 427.051, "CODLOC": "030", "NOMMUNI": "VILLA ANGELA", "NOMLOC": "VILLA ANGELA", "FRAC": "08", "RADIO": "05", "MZA": "013", "MZATXT": 13, "UGEO": "", "MZAM": "0011", "TMZA": 0, "DEPTO10": "098", "FRAC10": "01", "RADIO10": "10", "MZA10": "011", "CEN2010": "0980110011", "LINK2010": "220980110011", "DF": "09808", "TFRAC": 4286, "DFR": "0980805", "TRADIO": 446, "DFRM": "0980805013", "FRACN": 8, "RADION": 5 }, "geometry": { "type": "Polygon", "coordinates": [ [ [ -60.703975009546738, -27.568563217467037 ], [ -60.702967528086987, -27.568572831359152 ], [ -60.702969049035666, -27.569606055525838 ], [ -60.703991584701782, -27.569573805559319 ], [ -60.703975009546738, -27.568563217467037 ] ] ] } },
{ "type": "Feature", "properties": { "ArcIds": [ 741, -814, -815, 812 ], "AREA": 13827.375, "PERIMETER": 470.528, "CODLOC": "030", "NOMMUNI": "VILLA ANGELA", "NOMLOC": "VILLA ANGELA", "FRAC": "08", "RADIO": "05", "MZA": "012", "MZATXT": 12, "UGEO": "", "MZAM": "0010", "TMZA": 19, "DEPTO10": "098", "FRAC10": "01", "RADIO10": "10", "MZA10": "010", "CEN2010": "0980110010", "LINK2010": "220980110010", "DF": "09808", "TFRAC": 4286, "DFR": "0980805", "TRADIO": 446, "DFRM": "0980805012", "FRACN": 8, "RADION": 5 }, "geometry": { "type": "Polygon", "coordinates": [ [ [ -60.702967528086987, -27.568572831359152 ], [ -60.701742400358413, -27.568592561445641 ], [ -60.701754064369787, -27.569630246467845 ], [ -60.702969049035666, -27.569606055525838 ], [ -60.702967528086987, -27.568572831359152 ] ] ] } },
{ "type": "Feature", "properties": { "ArcIds": [ 758, 912, -913, 910, 822 ], "AREA": 21688.875, "PERIMETER": 654.581, "CODLOC": "030", "NOMMUNI": "VILLA ANGELA", "NOMLOC": "VILLA ANGELA", "FRAC": "02", "RADIO": "15", "MZA": "008", "MZATXT": 8, "UGEO": "", "MZAM": "0007", "TMZA": 27, "DEPTO10": "098", "FRAC10": "02", "RADIO10": "14", "MZA10": "007", "CEN2010": "0980214007", "LINK2010": "220980214007", "DF": "09802", "TFRAC": 904, "DFR": "0980215", "TRADIO": 437, "DFRM": "0980215008", "FRACN": 2, "RADION": 15 }, "geometry": { "type": "Polygon", "coordinates": [ [ [ -60.692092504344814, -27.568631950119091 ], [ -60.691669004478044, -27.56891831138509 ], [ -60.691305239449242, -27.569041944422008 ], [ -60.691077691566747, -27.569088195998937 ], [ -60.691124127682144, -27.570843107887736 ], [ -60.692156947812485, -27.57083345336056 ], [ -60.692131685205631, -27.570034966805142 ], [ -60.692092504344814, -27.568631950119091 ] ] ] } },
{ "type": "Feature", "properties": { "ArcIds": [ 745, -816, -817, 814 ], "AREA": 13745.75, "PERIMETER": 469.054, "CODLOC": "030", "NOMMUNI": "VILLA ANGELA", "NOMLOC": "VILLA ANGELA", "FRAC": "08", "RADIO": "05", "MZA": "011", "MZATXT": 11, "UGEO": "", "MZAM": "0009", "TMZA": 24, "DEPTO10": "098", "FRAC10": "01", "RADIO10": "10", "MZA10": "009", "CEN2010": "0980110009", "LINK2010": "220980110009", "DF": "09808", "TFRAC": 4286, "DFR": "0980805", "TRADIO": 446, "DFRM": "0980805011", "FRACN": 8, "RADION": 5 }, "geometry": { "type": "Polygon", "coordinates": [ [ [ -60.701742400358413, -27.568592561445641 ], [ -60.700522306159272, -27.568607743416756 ], [ -60.700559301943436, -27.569649812873394 ], [ -60.701754064369787, -27.569630246467845 ], [ -60.701742400358413, -27.568592561445641 ] ] ] } },
{ "type": "Feature", "properties": { "ArcIds": [ 743, -818, -819, 816 ], "AREA": 13773.625, "PERIMETER": 469.557, "CODLOC": "030", "NOMMUNI": "VILLA ANGELA", "NOMLOC": "VILLA ANGELA", "FRAC": "08", "RADIO": "05", "MZA": "010", "MZATXT": 10, "UGEO": "", "MZAM": "0008", "TMZA": 23, "DEPTO10": "098", "FRAC10": "01", "RADIO10": "10", "MZA10": "008", "CEN2010": "0980110008", "LINK2010": "220980110008", "DF": "09808", "TFRAC": 4286, "DFR": "0980805", "TRADIO": 446, "DFRM": "0980805010", "FRACN": 8, "RADION": 5 }, "geometry": { "type": "Polygon", "coordinates": [ [ [ -60.700522306159272, -27.568607743416756 ], [ -60.699322377061442, -27.568609277364647 ], [ -60.699349264282084, -27.569655910117625 ], [ -60.700559301943436, -27.569649812873394 ], [ -60.700522306159272, -27.568607743416756 ] ] ] } },
{ "type": "Feature", "properties": { "ArcIds": [ 749, -900, -901, -898, 818 ], "AREA": 44946.625, "PERIMETER": 849.434, "CODLOC": "030", "NOMMUNI": "VILLA ANGELA", "NOMLOC": "VILLA ANGELA", "FRAC": "08", "RADIO": "05", "MZA": "009", "MZATXT": 9, "UGEO": "", "MZAM": "0018", "TMZA": 5, "DEPTO10": "098", "FRAC10": "01", "RADIO10": "10", "MZA10": "018", "CEN2010": "0980110018", "LINK2010": "220980110018", "DF": "09808", "TFRAC": 4286, "DFR": "0980805", "TRADIO": 446, "DFRM": "0980805009", "FRACN": 8, "RADION": 5 }, "geometry": { "type": "Polygon", "coordinates": [ [ [ -60.699322377061442, -27.568609277364647 ], [ -60.697308437228045, -27.568790854815028 ], [ -60.697335946779084, -27.57073987144188 ], [ -60.699361049155776, -27.570716154531876 ], [ -60.699349264282084, -27.569655910117625 ], [ -60.699322377061442, -27.568609277364647 ] ] ] } },
{ "type": "Feature", "properties": { "ArcIds": [ 751, -824, -903, -905, -906, -904, -902, 900, 0, -825 ], "AREA": 42311.875, "PERIMETER": 820.201, "CODLOC": "030", "NOMMUNI": "VILLA ANGELA", "NOMLOC": "VILLA ANGELA", "FRAC": "08", "RADIO": "05", "MZA": "008", "MZATXT": 8, "UGEO": "", "MZAM": "0019", "TMZA": 29, "DEPTO10": "098", "FRAC10": "01", "RADIO10": "10", "MZA10": "019", "CEN2010": "0980110019", "LINK2010": "220980110019", "DF": "09808", "TFRAC": 4286, "DFR": "0980805", "TRADIO": 446, "DFRM": "0980805008", "FRACN": 8, "RADION": 5 }, "geometry": { "type": "Polygon", "coordinates": [ [ [ -60.697308437228045, -27.568790854815028 ], [ -60.695364346780295, -27.568809623896083 ], [ -60.695367929616154, -27.570181233739181 ], [ -60.695371683869681, -27.570776790081531 ], [ -60.695700891091839, -27.570793189399634 ], [ -60.696318545636174, -27.570785582631046 ], [ -60.696920954099177, -27.570769025746309 ], [ -60.697335946779084, -27.57073987144188 ], [ -60.697308437228045, -27.568790854815028 ] ] ] } },
{ "type": "Feature", "properties": { "ArcIds": [ 753, -908, -909, -907, 903, 824 ], "AREA": 43748.5, "PERIMETER": 837.611, "CODLOC": "030", "NOMMUNI": "VILLA ANGELA", "NOMLOC": "VILLA ANGELA", "FRAC": "08", "RADIO": "06", "MZA": "005", "MZATXT": 5, "UGEO": "", "MZAM": "0005", "TMZA": 10, "DEPTO10": "098", "FRAC10": "01", "RADIO10": "21", "MZA10": "005", "CEN2010": "0980121005", "LINK2010": "220980121005", "DF": "09808", "TFRAC": 4286, "DFR": "0980806", "TRADIO": 384, "DFRM": "0980806005", "FRACN": 8, "RADION": 6 }, "geometry": { "type": "Polygon", "coordinates": [ [ [ -60.695364346780295, -27.568809623896083 ], [ -60.693319195760161, -27.568860453750574 ], [ -60.693351811304055, -27.570827494344751 ], [ -60.694465524746725, -27.570799371119396 ], [ -60.695371683869681, -27.570776790081531 ], [ -60.695367929616154, -27.570181233739181 ], [ -60.695364346780295, -27.568809623896083 ] ] ] } },
{ "type": "Feature", "properties": { "ArcIds": [ 756, -802, -803, 800 ], "AREA": 7544.5, "PERIMETER": 365.519, "CODLOC": "030", "NOMMUNI": "VILLA ANGELA", "NOMLOC": "VILLA ANGELA", "FRAC": "01", "RADIO": "05", "MZA": "027", "MZATXT": 27, "UGEO": "", "MZAM": "", "TMZA": 20, "DEPTO10": "098", "FRAC10": "01", "RADIO10": "03", "MZA10": "069", "CEN2010": "0980103069", "LINK2010": "220980103069", "DF": "09801", "TFRAC": 4496, "DFR": "0980105", "TRADIO": 265, "DFRM": "0980105027", "FRACN": 1, "RADION": 5 }, "geometry": { "type": "Polygon", "coordinates": [ [ [ -60.710361775096629, -27.568918730025139 ], [ -60.709146801146851, -27.568942985461685 ], [ -60.709155460458746, -27.569502420078887 ], [ -60.710365493877617, -27.569496237449595 ], [ -60.710361775096629, -27.568918730025139 ] ] ] } },
{ "type": "Feature", "properties": { "ArcIds": [ -765, -767, -847, 848, 845, 844, 842, 833, -763 ], "AREA": 48076.625, "PERIMETER": 1003.551, "CODLOC": "030", "NOMMUNI": "VILLA ANGELA", "NOMLOC": "VILLA ANGELA", "FRAC": "01", "RADIO": "12", "MZA": "008", "MZATXT": 8, "UGEO": "", "MZAM": "", "TMZA": 8, "DEPTO10": "098", "FRAC10": "01", "RADIO10": "05", "MZA10": "017", "CEN2010": "0980105017", "LINK2010": "220980105017", "DF": "09801", "TFRAC": 4496, "DFR": "0980112", "TRADIO": 355, "DFRM": "0980112008", "FRACN": 1, "RADION": 12 }, "geometry": { "type": "Polygon", "coordinates": [ [ [ -60.732245549204592, -27.569120932515883 ], [ -60.732842966501671, -27.569117782061753 ], [ -60.735440121521819, -27.56909052048044 ], [ -60.735462589403788, -27.570182283914434 ], [ -60.735463010534033, -27.57024544842924 ], [ -60.734121460087152, -27.570270592588066 ], [ -60.732886109963253, -27.570277115869704 ], [ -60.731686259667065, -27.570292465001497 ], [ -60.731658287453627, -27.569128538824209 ], [ -60.732245549204592, -27.569120932515883 ] ] ] } },
{ "type": "Feature", "properties": { "ArcIds": [ -849, 850, 847, -772 ], "AREA": 15613.5, "PERIMETER": 500.024, "CODLOC": "030", "NOMMUNI": "VILLA ANGELA", "NOMLOC": "VILLA ANGELA", "FRAC": "01", "RADIO": "12", "MZA": "007", "MZATXT": 7, "UGEO": "", "MZAM": "", "TMZA": 23, "DEPTO10": "098", "FRAC10": "01", "RADIO10": "05", "MZA10": "005", "CEN2010": "0980105005", "LINK2010": "220980105005", "DF": "09801", "TFRAC": 4496, "DFR": "0980112", "TRADIO": 355, "DFRM": "0980112007", "FRACN": 1, "RADION": 12 }, "geometry": { "type": "Polygon", "coordinates": [ [ [ -60.730450908624448, -27.570298966632006 ], [ -60.730433134907329, -27.569144010224552 ], [ -60.731658287453627, -27.569128538824209 ], [ -60.731686259667065, -27.570292465001497 ], [ -60.730450908624448, -27.570298966632006 ] ] ] } },
{ "type": "Feature", "properties": { "ArcIds": [ 769, 865, -866, -857 ], "AREA": 15863.25, "PERIMETER": 504.522, "CODLOC": "030", "NOMMUNI": "VILLA ANGELA", "NOMLOC": "VILLA ANGELA", "FRAC": "01", "RADIO": "13", "MZA": "008", "MZATXT": 8, "UGEO": "", "MZAM": "0008", "TMZA": 27, "DEPTO10": "098", "FRAC10": "01", "RADIO10": "06", "MZA10": "008", "CEN2010": "0980106008", "LINK2010": "220980106008", "DF": "09801", "TFRAC": 4496, "DFR": "0980113", "TRADIO": 419, "DFRM": "0980113008", "FRACN": 1, "RADION": 13 }, "geometry": { "type": "Polygon", "coordinates": [ [ [ -60.727835856034488, -27.569153131196206 ], [ -60.726625801306326, -27.569154954166589 ], [ -60.726618547486559, -27.570359673610195 ], [ -60.727828526125819, -27.570344315172129 ], [ -60.727835856034488, -27.569153131196206 ] ] ] } },
{ "type": "Feature", "properties": { "ArcIds": [ 777, -859, -864, -865 ], "AREA": 15680.125, "PERIMETER": 501.554, "CODLOC": "030", "NOMMUNI": "VILLA ANGELA", "NOMLOC": "VILLA ANGELA", "FRAC": "01", "RADIO": "13", "MZA": "007", "MZATXT": 7, "UGEO": "", "MZAM": "0007", "TMZA": 18, "DEPTO10": "098", "FRAC10": "01", "RADIO10": "06", "MZA10": "007", "CEN2010": "0980106007", "LINK2010": "220980106007", "DF": "09801", "TFRAC": 4496, "DFR": "0980113", "TRADIO": 419, "DFRM": "0980113007", "FRACN": 1, "RADION": 13 }, "geometry": { "type": "Polygon", "coordinates": [ [ [ -60.726625801306326, -27.569154954166589 ], [ -60.725415953961885, -27.569188348929242 ], [ -60.725413512498925, -27.57035694802995 ], [ -60.726618547486559, -27.570359673610195 ], [ -60.726625801306326, -27.569154954166589 ] ] ] } },
{ "type": "Feature", "properties": { "ArcIds": [ 773, 857, -858, 855 ], "AREA": 17095.0, "PERIMETER": 523.011, "CODLOC": "030", "NOMMUNI": "VILLA ANGELA", "NOMLOC": "VILLA ANGELA", "FRAC": "01", "RADIO": "13", "MZA": "009", "MZATXT": 9, "UGEO": "", "MZAM": "0009", "TMZA": 15, "DEPTO10": "098", "FRAC10": "01", "RADIO10": "06", "MZA10": "009", "CEN2010": "0980106009", "LINK2010": "220980106009", "DF": "09801", "TFRAC": 4496, "DFR": "0980113", "TRADIO": 419, "DFRM": "0980113009", "FRACN": 1, "RADION": 13 }, "geometry": { "type": "Polygon", "coordinates": [ [ [ -60.729142104878456, -27.569150792797156 ], [ -60.727835856034488, -27.569153131196206 ], [ -60.727828526125819, -27.570344315172129 ], [ -60.729154981105097, -27.570332846751032 ], [ -60.729142104878456, -27.569150792797156 ] ] ] } },
{ "type": "Feature", "properties": { "ArcIds": [ -855, 856, 849, -775 ], "AREA": 16544.75, "PERIMETER": 514.54, "CODLOC": "030", "NOMMUNI": "VILLA ANGELA", "NOMLOC": "VILLA ANGELA", "FRAC": "01", "RADIO": "12", "MZA": "006", "MZATXT": 6, "UGEO": "", "MZAM": "", "TMZA": 24, "DEPTO10": "098", "FRAC10": "01", "RADIO10": "05", "MZA10": "004", "CEN2010": "0980105004", "LINK2010": "220980105004", "DF": "09801", "TFRAC": 4496, "DFR": "0980112", "TRADIO": 355, "DFRM": "0980112006", "FRACN": 1, "RADION": 12 }, "geometry": { "type": "Polygon", "coordinates": [ [ [ -60.729154981105097, -27.570332846751032 ], [ -60.729142104878456, -27.569150792797156 ], [ -60.730433134907329, -27.569144010224552 ], [ -60.730450908624448, -27.570298966632006 ], [ -60.729154981105097, -27.570332846751032 ] ] ] } },
{ "type": "Feature", "properties": { "ArcIds": [ 779, -860, -861, 859 ], "AREA": 15608.75, "PERIMETER": 500.008, "CODLOC": "030", "NOMMUNI": "VILLA ANGELA", "NOMLOC": "VILLA ANGELA", "FRAC": "01", "RADIO": "13", "MZA": "006", "MZATXT": 6, "UGEO": "", "MZAM": "0006", "TMZA": 23, "DEPTO10": "098", "FRAC10": "01", "RADIO10": "06", "MZA10": "006", "CEN2010": "0980106006", "LINK2010": "220980106006", "DF": "09801", "TFRAC": 4496, "DFR": "0980113", "TRADIO": 419, "DFRM": "0980113006", "FRACN": 1, "RADION": 13 }, "geometry": { "type": "Polygon", "coordinates": [ [ [ -60.725415953961885, -27.569188348929242 ], [ -60.724185735666403, -27.569203791694033 ], [ -60.72419334778391, -27.570363314705947 ], [ -60.725413512498925, -27.57035694802995 ], [ -60.725415953961885, -27.569188348929242 ] ] ] } },
{ "type": "Feature", "properties": { "ArcIds": [ -870, -871, 860, -781 ], "AREA": 17189.0, "PERIMETER": 524.527, "CODLOC": "030", "NOMMUNI": "VILLA ANGELA", "NOMLOC": "VILLA ANGELA", "FRAC": "01", "RADIO": "13", "MZA": "005", "MZATXT": 5, "UGEO": "", "MZAM": "0005", "TMZA": 0, "DEPTO10": "098", "FRAC10": "01", "RADIO10": "06", "MZA10": "005", "CEN2010": "0980106005", "LINK2010": "220980106005", "DF": "09801", "TFRAC": 4496, "DFR": "0980113", "TRADIO": 419, "DFRM": "0980113005", "FRACN": 1, "RADION": 13 }, "geometry": { "type": "Polygon", "coordinates": [ [ [ -60.722846727760967, -27.570388376438999 ], [ -60.722828974477544, -27.569224394011218 ], [ -60.724185735666403, -27.569203791694033 ], [ -60.72419334778391, -27.570363314705947 ], [ -60.722846727760967, -27.570388376438999 ] ] ] } },
{ "type": "Feature", "properties": { "ArcIds": [ -846, 869, 870, -783 ], "AREA": 16183.0, "PERIMETER": 509.194, "CODLOC": "030", "NOMMUNI": "VILLA ANGELA", "NOMLOC": "VILLA ANGELA", "FRAC": "01", "RADIO": "14", "MZA": "001", "MZATXT": 1, "UGEO": "", "MZAM": "", "TMZA": 25, "DEPTO10": "098", "FRAC10": "01", "RADIO10": "17", "MZA10": "001", "CEN2010": "0980117001", "LINK2010": "220980117001", "DF": "09801", "TFRAC": 4496, "DFR": "0980114", "TRADIO": 306, "DFRM": "0980114001", "FRACN": 1, "RADION": 14 }, "geometry": { "type": "Polygon", "coordinates": [ [ [ -60.721529982703487, -27.570336567336067 ], [ -60.721512774493142, -27.569253796248141 ], [ -60.722828974477544, -27.569224394011218 ], [ -60.722846727760967, -27.570388376438999 ], [ -60.721529982703487, -27.570336567336067 ] ] ] } },
{ "type": "Feature", "properties": { "ArcIds": [ -851, 852, 846, -785 ], "AREA": 16957.5, "PERIMETER": 523.044, "CODLOC": "030", "NOMMUNI": "VILLA ANGELA", "NOMLOC": "VILLA ANGELA", "FRAC": "01", "RADIO": "14", "MZA": "002", "MZATXT": 2, "UGEO": "", "MZAM": "", "TMZA": 44, "DEPTO10": "098", "FRAC10": "01", "RADIO10": "17", "MZA10": "002", "CEN2010": "0980117002", "LINK2010": "220980117002", "DF": "09801", "TFRAC": 4496, "DFR": "0980114", "TRADIO": 306, "DFRM": "0980114002", "FRACN": 1, "RADION": 14 }, "geometry": { "type": "Polygon", "coordinates": [ [ [ -60.720076981357472, -27.570353130916075 ], [ -60.720080156718524, -27.56928830146931 ], [ -60.721512774493142, -27.569253796248141 ], [ -60.721529982703487, -27.570336567336067 ], [ -60.720076981357472, -27.570353130916075 ] ] ] } },
{ "type": "Feature", "properties": { "ArcIds": [ -853, 854, 851, -787 ], "AREA": 13955.625, "PERIMETER": 472.586, "CODLOC": "030", "NOMMUNI": "VILLA ANGELA", "NOMLOC": "VILLA ANGELA", "FRAC": "01", "RADIO": "14", "MZA": "003", "MZATXT": 3, "UGEO": "", "MZAM": "", "TMZA": 22, "DEPTO10": "098", "FRAC10": "01", "RADIO10": "17", "MZA10": "003", "CEN2010": "0980117003", "LINK2010": "220980117003", "DF": "09801", "TFRAC": 4496, "DFR": "0980114", "TRADIO": 306, "DFRM": "0980114003", "FRACN": 1, "RADION": 14 }, "geometry": { "type": "Polygon", "coordinates": [ [ [ -60.718897436306015, -27.570377288173937 ], [ -60.718860149388718, -27.569317179916339 ], [ -60.720080156718524, -27.56928830146931 ], [ -60.720076981357472, -27.570353130916075 ], [ -60.718897436306015, -27.570377288173937 ] ] ] } },
{ "type": "Feature", "properties": { "ArcIds": [ -862, 863, 853, -789 ], "AREA": 14281.75, "PERIMETER": 478.072, "CODLOC": "030", "NOMMUNI": "VILLA ANGELA", "NOMLOC": "VILLA ANGELA", "FRAC": "01", "RADIO": "14", "MZA": "004", "MZATXT": 4, "UGEO": "", "MZAM": "", "TMZA": 26, "DEPTO10": "098", "FRAC10": "01", "RADIO10": "17", "MZA10": "004", "CEN2010": "0980117004", "LINK2010": "220980117004", "DF": "09801", "TFRAC": 4496, "DFR": "0980114", "TRADIO": 306, "DFRM": "0980114004", "FRACN": 1, "RADION": 14 }, "geometry": { "type": "Polygon", "coordinates": [ [ [ -60.717672324091687, -27.570401670853013 ], [ -60.717645057293893, -27.569323462656417 ], [ -60.718860149388718, -27.569317179916339 ], [ -60.718897436306015, -27.570377288173937 ], [ -60.717672324091687, -27.570401670853013 ] ] ] } },
{ "type": "Feature", "properties": { "ArcIds": [ -867, 868, 862, -791 ], "AREA": 14460.0, "PERIMETER": 481.023, "CODLOC": "030", "NOMMUNI": "VILLA ANGELA", "NOMLOC": "VILLA ANGELA", "FRAC": "08", "RADIO": "08", "MZA": "001", "MZATXT": 1, "UGEO": "", "MZAM": "", "TMZA": 25, "DEPTO10": "098", "FRAC10": "01", "RADIO10": "09", "MZA10": "001", "CEN2010": "0980109001", "LINK2010": "220980109001", "DF": "09808", "TFRAC": 4286, "DFR": "0980808", "TRADIO": 306, "DFRM": "0980808001", "FRACN": 8, "RADION": 8 }, "geometry": { "type": "Polygon", "coordinates": [ [ [ -60.716436997295212, -27.570412559652681 ], [ -60.716424960521657, -27.569338784422609 ], [ -60.717645057293893, -27.569323462656417 ], [ -60.717672324091687, -27.570401670853013 ], [ -60.716436997295212, -27.570412559652681 ] ] ] } },
{ "type": "Feature", "properties": { "ArcIds": [ -872, 873, 867, -793 ], "AREA": 13985.0, "PERIMETER": 473.053, "CODLOC": "030", "NOMMUNI": "VILLA ANGELA", "NOMLOC": "VILLA ANGELA", "FRAC": "08", "RADIO": "08", "MZA": "002", "MZATXT": 2, "UGEO": "", "MZAM": "", "TMZA": 13, "DEPTO10": "098", "FRAC10": "01", "RADIO10": "09", "MZA10": "002", "CEN2010": "0980109002", "LINK2010": "220980109002", "DF": "09808", "TFRAC": 4286, "DFR": "0980808", "TRADIO": 306, "DFRM": "0980808002", "FRACN": 8, "RADION": 8 }, "geometry": { "type": "Polygon", "coordinates": [ [ [ -60.715242202747632, -27.570427740692665 ], [ -60.715220168827109, -27.569372064363534 ], [ -60.716424960521657, -27.569338784422609 ], [ -60.716436997295212, -27.570412559652681 ], [ -60.715242202747632, -27.570427740692665 ] ] ] } },
{ "type": "Feature", "properties": { "ArcIds": [ -874, 875, 872, -795 ], "AREA": 14491.375, "PERIMETER": 481.598, "CODLOC": "030", "NOMMUNI": "VILLA ANGELA", "NOMLOC": "VILLA ANGELA", "FRAC": "08", "RADIO": "08", "MZA": "003", "MZATXT": 3, "UGEO": "", "MZAM": "", "TMZA": 17, "DEPTO10": "098", "FRAC10": "01", "RADIO10": "09", "MZA10": "003", "CEN2010": "0980109003", "LINK2010": "220980109003", "DF": "09808", "TFRAC": 4286, "DFR": "0980808", "TRADIO": 306, "DFRM": "0980808003", "FRACN": 8, "RADION": 8 }, "geometry": { "type": "Polygon", "coordinates": [ [ [ -60.714007108530815, -27.570474702068246 ], [ -60.71398991568681, -27.569382905119042 ], [ -60.715220168827109, -27.569372064363534 ], [ -60.715242202747632, -27.570427740692665 ], [ -60.714007108530815, -27.570474702068246 ] ] ] } },
{ "type": "Feature", "properties": { "ArcIds": [ -876, 877, 874, -797 ], "AREA": 14343.25, "PERIMETER": 479.102, "CODLOC": "030", "NOMMUNI": "VILLA ANGELA", "NOMLOC": "VILLA ANGELA", "FRAC": "08", "RADIO": "08", "MZA": "004", "MZATXT": 4, "UGEO": "", "MZAM": "", "TMZA": 14, "DEPTO10": "098", "FRAC10": "01", "RADIO10": "09", "MZA10": "004", "CEN2010": "0980109004", "LINK2010": "220980109004", "DF": "09808", "TFRAC": 4286, "DFR": "0980808", "TRADIO": 306, "DFRM": "0980808004", "FRACN": 8, "RADION": 8 }, "geometry": { "type": "Polygon", "coordinates": [ [ [ -60.712792060703187, -27.570489966147136 ], [ -60.712770021044228, -27.56942977722051 ], [ -60.71398991568681, -27.569382905119042 ], [ -60.714007108530815, -27.570474702068246 ], [ -60.712792060703187, -27.570489966147136 ] ] ] } },
{ "type": "Feature", "properties": { "ArcIds": [ -878, 879, 876, -799 ], "AREA": 14158.5, "PERIMETER": 476.015, "CODLOC": "030", "NOMMUNI": "VILLA ANGELA", "NOMLOC": "VILLA ANGELA", "FRAC": "08", "RADIO": "08", "MZA": "005", "MZATXT": 5, "UGEO": "", "MZAM": "", "TMZA": 27, "DEPTO10": "098", "FRAC10": "01", "RADIO10": "09", "MZA10": "005", "CEN2010": "0980109005", "LINK2010": "220980109005", "DF": "09808", "TFRAC": 4286, "DFR": "0980808", "TRADIO": 306, "DFRM": "0980808005", "FRACN": 8, "RADION": 8 }, "geometry": { "type": "Polygon", "coordinates": [ [ [ -60.711561794346096, -27.570500785635215 ], [ -60.711554984294501, -27.56944503026558 ], [ -60.712770021044228, -27.56942977722051 ], [ -60.712792060703187, -27.570489966147136 ], [ -60.711561794346096, -27.570500785635215 ] ] ] } },
{ "type": "Feature", "properties": { "ArcIds": [ 801, -880, -881, 878 ], "AREA": 13597.875, "PERIMETER": 466.62, "CODLOC": "030", "NOMMUNI": "VILLA ANGELA", "NOMLOC": "VILLA ANGELA", "FRAC": "08", "RADIO": "08", "MZA": "006", "MZATXT": 6, "UGEO": "", "MZAM": "", "TMZA": 25, "DEPTO10": "098", "FRAC10": "01", "RADIO10": "09", "MZA10": "006", "CEN2010": "0980109006", "LINK2010": "220980109006", "DF": "09808", "TFRAC": 4286, "DFR": "0980808", "TRADIO": 306, "DFRM": "0980808006", "FRACN": 8, "RADION": 8 }, "geometry": { "type": "Polygon", "coordinates": [ [ [ -60.711554984294501, -27.56944503026558 ], [ -60.710365493877617, -27.569496237449595 ], [ -60.71036196328054, -27.57052046243685 ], [ -60.711561794346096, -27.570500785635215 ], [ -60.711554984294501, -27.56944503026558 ] ] ] } },
{ "type": "Feature", "properties": { "ArcIds": [ 803, -882, -883, 880 ], "AREA": 13536.125, "PERIMETER": 465.505, "CODLOC": "030", "NOMMUNI": "VILLA ANGELA", "NOMLOC": "VILLA ANGELA", "FRAC": "08", "RADIO": "08", "MZA": "007", "MZATXT": 7, "UGEO": "", "MZAM": "", "TMZA": 22, "DEPTO10": "098", "FRAC10": "01", "RADIO10": "09", "MZA10": "007", "CEN2010": "0980109007", "LINK2010": "220980109007", "DF": "09808", "TFRAC": 4286, "DFR": "0980808", "TRADIO": 306, "DFRM": "0980808007", "FRACN": 8, "RADION": 8 }, "geometry": { "type": "Polygon", "coordinates": [ [ [ -60.710365493877617, -27.569496237449595 ], [ -60.709155460458746, -27.569502420078887 ], [ -60.709162073530081, -27.570531105327916 ], [ -60.71036196328054, -27.57052046243685 ], [ -60.710365493877617, -27.569496237449595 ] ] ] } },
{ "type": "Feature", "properties": { "ArcIds": [ 805, -884, -885, 882 ], "AREA": 13769.0, "PERIMETER": 469.514, "CODLOC": "030", "NOMMUNI": "VILLA ANGELA", "NOMLOC": "VILLA ANGELA", "FRAC": "08", "RADIO": "08", "MZA": "008", "MZATXT": 8, "UGEO": "", "MZAM": "", "TMZA": 22, "DEPTO10": "098", "FRAC10": "01", "RADIO10": "09", "MZA10": "008", "CEN2010": "0980109008", "LINK2010": "220980109008", "DF": "09808", "TFRAC": 4286, "DFR": "0980808", "TRADIO": 306, "DFRM": "0980808008", "FRACN": 8, "RADION": 8 }, "geometry": { "type": "Polygon", "coordinates": [ [ [ -60.709155460458746, -27.569502420078887 ], [ -60.707930237943195, -27.569508669576507 ], [ -60.707952086356187, -27.570546301243951 ], [ -60.709162073530081, -27.570531105327916 ], [ -60.709155460458746, -27.569502420078887 ] ] ] } },
{ "type": "Feature", "properties": { "ArcIds": [ 807, -886, -887, 884 ], "AREA": 13597.125, "PERIMETER": 466.555, "CODLOC": "030", "NOMMUNI": "VILLA ANGELA", "NOMLOC": "VILLA ANGELA", "FRAC": "08", "RADIO": "08", "MZA": "009", "MZATXT": 9, "UGEO": "", "MZAM": "", "TMZA": 25, "DEPTO10": "098", "FRAC10": "01", "RADIO10": "09", "MZA10": "009", "CEN2010": "0980109009", "LINK2010": "220980109009", "DF": "09808", "TFRAC": 4286, "DFR": "0980808", "TRADIO": 306, "DFRM": "0980808009", "FRACN": 8, "RADION": 8 }, "geometry": { "type": "Polygon", "coordinates": [ [ [ -60.707930237943195, -27.569508669576507 ], [ -60.706720348271205, -27.569537389896769 ], [ -60.706747132646335, -27.570556949086402 ], [ -60.707952086356187, -27.570546301243951 ], [ -60.707930237943195, -27.569508669576507 ] ] ] } },
{ "type": "Feature", "properties": { "ArcIds": [ 809, -888, -889, 886 ], "AREA": 13716.375, "PERIMETER": 468.66, "CODLOC": "030", "NOMMUNI": "VILLA ANGELA", "NOMLOC": "VILLA ANGELA", "FRAC": "08", "RADIO": "08", "MZA": "010", "MZATXT": 10, "UGEO": "", "MZAM": "", "TMZA": 23, "DEPTO10": "098", "FRAC10": "01", "RADIO10": "09", "MZA10": "010", "CEN2010": "0980109010", "LINK2010": "220980109010", "DF": "09808", "TFRAC": 4286, "DFR": "0980808", "TRADIO": 306, "DFRM": "0980808010", "FRACN": 8, "RADION": 8 }, "geometry": { "type": "Polygon", "coordinates": [ [ [ -60.706720348271205, -27.569537389896769 ], [ -60.705520554683289, -27.569561536480592 ], [ -60.705527278160801, -27.570612781432814 ], [ -60.706747132646335, -27.570556949086402 ], [ -60.706720348271205, -27.569537389896769 ] ] ] } },
{ "type": "Feature", "properties": { "ArcIds": [ 811, -890, -891, 888 ], "AREA": 17455.25, "PERIMETER": 532.543, "CODLOC": "030", "NOMMUNI": "VILLA ANGELA", "NOMLOC": "VILLA ANGELA", "FRAC": "08", "RADIO": "05", "MZA": "015", "MZATXT": 15, "UGEO": "", "MZAM": "0013", "TMZA": 18, "DEPTO10": "098", "FRAC10": "01", "RADIO10": "10", "MZA10": "013", "CEN2010": "0980110013", "LINK2010": "220980110013", "DF": "09808", "TFRAC": 4286, "DFR": "0980805", "TRADIO": 446, "DFRM": "0980805015", "FRACN": 8, "RADION": 5 }, "geometry": { "type": "Polygon", "coordinates": [ [ [ -60.705520554683289, -27.569561536480592 ], [ -60.703991584701782, -27.569573805559319 ], [ -60.704028700164081, -27.570629408676695 ], [ -60.705527278160801, -27.570612781432814 ], [ -60.705520554683289, -27.569561536480592 ] ] ] } },
{ "type": "Feature", "properties": { "ArcIds": [ 813, -896, -897, 890 ], "AREA": 11854.5, "PERIMETER": 436.654, "CODLOC": "030", "NOMMUNI": "VILLA ANGELA", "NOMLOC": "VILLA ANGELA", "FRAC": "08", "RADIO": "05", "MZA": "016", "MZATXT": 16, "UGEO": "", "MZAM": "0014", "TMZA": 20, "DEPTO10": "098", "FRAC10": "01", "RADIO10": "10", "MZA10": "014", "CEN2010": "0980110014", "LINK2010": "220980110014", "DF": "09808", "TFRAC": 4286, "DFR": "0980805", "TRADIO": 446, "DFRM": "0980805016", "FRACN": 8, "RADION": 5 }, "geometry": { "type": "Polygon", "coordinates": [ [ [ -60.703991584701782, -27.569573805559319 ], [ -60.702969049035666, -27.569606055525838 ], [ -60.703001091774766, -27.570661684717557 ], [ -60.704028700164081, -27.570629408676695 ], [ -60.703991584701782, -27.569573805559319 ] ] ] } },
{ "type": "Feature", "properties": { "ArcIds": [ 815, -894, -895, 896 ], "AREA": 13978.125, "PERIMETER": 473.049, "CODLOC": "030", "NOMMUNI": "VILLA ANGELA", "NOMLOC": "VILLA ANGELA", "FRAC": "08", "RADIO": "05", "MZA": "017", "MZATXT": 17, "UGEO": "", "MZAM": "0015", "TMZA": 23, "DEPTO10": "098", "FRAC10": "01", "RADIO10": "10", "MZA10": "015", "CEN2010": "0980110015", "LINK2010": "220980110015", "DF": "09808", "TFRAC": 4286, "DFR": "0980805", "TRADIO": 446, "DFRM": "0980805017", "FRACN": 8, "RADION": 5 }, "geometry": { "type": "Polygon", "coordinates": [ [ [ -60.702969049035666, -27.569606055525838 ], [ -60.701754064369787, -27.569630246467845 ], [ -60.701770763089939, -27.570663393968474 ], [ -60.703001091774766, -27.570661684717557 ], [ -60.702969049035666, -27.569606055525838 ] ] ] } },
{ "type": "Feature", "properties": { "ArcIds": [ 817, -892, -893, 894 ], "AREA": 13533.25, "PERIMETER": 465.536, "CODLOC": "030", "NOMMUNI": "VILLA ANGELA", "NOMLOC": "VILLA ANGELA", "FRAC": "08", "RADIO": "05", "MZA": "018", "MZATXT": 18, "UGEO": "", "MZAM": "0016", "TMZA": 19, "DEPTO10": "098", "FRAC10": "01", "RADIO10": "10", "MZA10": "016", "CEN2010": "0980110016", "LINK2010": "220980110016", "DF": "09808", "TFRAC": 4286, "DFR": "0980805", "TRADIO": 446, "DFRM": "0980805018", "FRACN": 8, "RADION": 5 }, "geometry": { "type": "Polygon", "coordinates": [ [ [ -60.701754064369787, -27.569630246467845 ], [ -60.700559301943436, -27.569649812873394 ], [ -60.700545468423172, -27.570660555002895 ], [ -60.701770763089939, -27.570663393968474 ], [ -60.701754064369787, -27.569630246467845 ] ] ] } },
{ "type": "Feature", "properties": { "ArcIds": [ 819, 898, -899, 892 ], "AREA": 13567.125, "PERIMETER": 466.148, "CODLOC": "030", "NOMMUNI": "VILLA ANGELA", "NOMLOC": "VILLA ANGELA", "FRAC": "08", "RADIO": "05", "MZA": "019", "MZATXT": 19, "UGEO": "", "MZAM": "0017", "TMZA": 0, "DEPTO10": "098", "FRAC10": "01", "RADIO10": "10", "MZA10": "017", "CEN2010": "0980110017", "LINK2010": "220980110017", "DF": "09808", "TFRAC": 4286, "DFR": "0980805", "TRADIO": 446, "DFRM": "0980805019", "FRACN": 8, "RADION": 5 }, "geometry": { "type": "Polygon", "coordinates": [ [ [ -60.700559301943436, -27.569649812873394 ], [ -60.699349264282084, -27.569655910117625 ], [ -60.699361049155776, -27.570716154531876 ], [ -60.700545468423172, -27.570660555002895 ], [ -60.700559301943436, -27.569649812873394 ] ] ] } },
{ "type": "Feature", "properties": { "ArcIds": [ -829, -831, -1058, -1199, -1331, 1332, 1328, 1327, 1329, -1330, -828 ], "AREA": 400735.0, "PERIMETER": 2582.14, "CODLOC": "030", "NOMMUNI": "VILLA ANGELA", "NOMLOC": "VILLA ANGELA", "FRAC": "02", "RADIO": "02", "MZA": "010", "MZATXT": 10, "UGEO": "", "MZAM": "", "TMZA": 1, "DEPTO10": "098", "FRAC10": "02", "RADIO10": "02", "MZA10": "009", "CEN2010": "0980202009", "LINK2010": "220980202009", "DF": "09802", "TFRAC": 904, "DFR": "0980202", "TRADIO": 100, "DFRM": "0980202010", "FRACN": 2, "RADION": 2 }, "geometry": { "type": "Polygon", "coordinates": [ [ [ -60.751233162922468, -27.570048258812914 ], [ -60.751278728838635, -27.570048012378965 ], [ -60.753501239813403, -27.570022438538093 ], [ -60.753619490503731, -27.574732218810052 ], [ -60.750956272497511, -27.574742131807994 ], [ -60.749599332016061, -27.574744949921843 ], [ -60.748201947558101, -27.574756996451157 ], [ -60.745791942016659, -27.574774469954452 ], [ -60.745773792275529, -27.573587937250281 ], [ -60.745730267266154, -27.572392516770456 ], [ -60.745704707637742, -27.57010963074163 ], [ -60.751233162922468, -27.570048258812914 ] ] ] } },
{ "type": "Feature", "properties": { "ArcIds": [ -835, -922, -945, -1041, -1065, 1066, 1061, 1058, -832, 0, -921, 0, -947, 0, -1060 ], "AREA": 61568.625, "PERIMETER": 992.559, "CODLOC": "030", "NOMMUNI": "VILLA ANGELA", "NOMLOC": "VILLA ANGELA", "FRAC": "01", "RADIO": "11", "MZA": "001", "MZATXT": 1, "UGEO": "", "MZAM": "", "TMZA": 84, "DEPTO10": "098", "FRAC10": "01", "RADIO10": "19", "MZA10": "006", "CEN2010": "0980119006", "LINK2010": "220980119006", "DF": "09801", "TFRAC": 4496, "DFR": "0980111", "TRADIO": 238, "DFRM": "0980111001", "FRACN": 1, "RADION": 11 }, "geometry": { "type": "Polygon", "coordinates": [ [ [ -60.743254451009086, -27.57014983436585 ], [ -60.744428950769056, -27.570130009289745 ], [ -60.745704707637742, -27.57010963074163 ], [ -60.745730267266154, -27.572392516770456 ], [ -60.744459577460638, -27.572417380673194 ], [ -60.743259738373098, -27.572437341946173 ], [ -60.74325599892093, -27.571882397700008 ], [ -60.743262659081573, -27.571368004907907 ], [ -60.743253674459929, -27.570786017210974 ], [ -60.743254451009086, -27.57014983436585 ] ] ] } },
{ "type": "Feature", "properties": { "ArcIds": [ -923, 924, 922, -836 ], "AREA": 8542.25, "PERIMETER": 383.09, "CODLOC": "030", "NOMMUNI": "VILLA ANGELA", "NOMLOC": "VILLA ANGELA", "FRAC": "01", "RADIO": "10", "MZA": "007", "MZATXT": 7, "UGEO": "", "MZAM": "", "TMZA": 16, "DEPTO10": "098", "FRAC10": "01", "RADIO10": "19", "MZA10": "005", "CEN2010": "0980119005", "LINK2010": "220980119005", "DF": "09801", "TFRAC": 4496, "DFR": "0980110", "TRADIO": 233, "DFRM": "0980110007", "FRACN": 1, "RADION": 10 }, "geometry": { "type": "Polygon", "coordinates": [ [ [ -60.742033722335606, -27.570824122887434 ], [ -60.742029412670149, -27.570183455215062 ], [ -60.743254451009086, -27.57014983436585 ], [ -60.743253674459929, -27.570786017210974 ], [ -60.742033722335606, -27.570824122887434 ] ] ] } },
{ "type": "Feature", "properties": { "ArcIds": [ -927, 928, 923, -838 ], "AREA": 8669.5, "PERIMETER": 385.506, "CODLOC": "030", "NOMMUNI": "VILLA ANGELA", "NOMLOC": "VILLA ANGELA", "FRAC": "01", "RADIO": "10", "MZA": "008", "MZATXT": 8, "UGEO": "", "MZAM": "", "TMZA": 16, "DEPTO10": "098", "FRAC10": "01", "RADIO10": "19", "MZA10": "004", "CEN2010": "0980119004", "LINK2010": "220980119004", "DF": "09801", "TFRAC": 4496, "DFR": "0980110", "TRADIO": 233, "DFRM": "0980110008", "FRACN": 1, "RADION": 10 }, "geometry": { "type": "Polygon", "coordinates": [ [ [ -60.740808554673144, -27.570839686140747 ], [ -60.740799128623607, -27.570190021801196 ], [ -60.742029412670149, -27.570183455215062 ], [ -60.742033722335606, -27.570824122887434 ], [ -60.740808554673144, -27.570839686140747 ] ] ] } },
{ "type": "Feature", "properties": { "ArcIds": [ -925, 926, 927, -839 ], "AREA": 8490.625, "PERIMETER": 380.504, "CODLOC": "030", "NOMMUNI": "VILLA ANGELA", "NOMLOC": "VILLA ANGELA", "FRAC": "01", "RADIO": "09", "MZA": "012", "MZATXT": 12, "UGEO": "", "MZAM": "", "TMZA": 23, "DEPTO10": "098", "FRAC10": "01", "RADIO10": "04", "MZA10": "015", "CEN2010": "0980104015", "LINK2010": "220980104015", "DF": "09801", "TFRAC": 4496, "DFR": "0980109", "TRADIO": 366, "DFRM": "0980109012", "FRACN": 1, "RADION": 9 }, "geometry": { "type": "Polygon", "coordinates": [ [ [ -60.739603547365121, -27.570841595525621 ], [ -60.739599251809942, -27.570200927502025 ], [ -60.740799128623607, -27.570190021801196 ], [ -60.740808554673144, -27.570839686140747 ], [ -60.739603547365121, -27.570841595525621 ] ] ] } },
{ "type": "Feature", "properties": { "ArcIds": [ -929, 930, 925, -841 ], "AREA": 8566.5, "PERIMETER": 384.028, "CODLOC": "030", "NOMMUNI": "VILLA ANGELA", "NOMLOC": "VILLA ANGELA", "FRAC": "01", "RADIO": "09", "MZA": "011", "MZATXT": 11, "UGEO": "", "MZAM": "", "TMZA": 18, "DEPTO10": "098", "FRAC10": "01", "RADIO10": "04", "MZA10": "017", "CEN2010": "0980104017", "LINK2010": "220980104017", "DF": "09801", "TFRAC": 4496, "DFR": "0980109", "TRADIO": 366, "DFRM": "0980109011", "FRACN": 1, "RADION": 9 }, "geometry": { "type": "Polygon", "coordinates": [ [ [ -60.738378378635744, -27.570857137353286 ], [ -60.738364024787479, -27.570225546473946 ], [ -60.739599251809942, -27.570200927502025 ], [ -60.739603547365121, -27.570841595525621 ], [ -60.738378378635744, -27.570857137353286 ] ] ] } },
{ "type": "Feature", "properties": { "ArcIds": [ -954, -1052, -1079, 1080, 1078, 1077, 1076, 1073, 1048, 956, 929, -843 ], "AREA": 72894.5, "PERIMETER": 1079.695, "CODLOC": "030", "NOMMUNI": "VILLA ANGELA", "NOMLOC": "VILLA ANGELA", "FRAC": "01", "RADIO": "09", "MZA": "010", "MZATXT": 10, "UGEO": "", "MZAM": "", "TMZA": 4, "DEPTO10": "098", "FRAC10": "01", "RADIO10": "04", "MZA10": "018", "CEN2010": "0980104018", "LINK2010": "220980104018", "DF": "09801", "TFRAC": 4496, "DFR": "0980109", "TRADIO": 366, "DFRM": "0980109010", "FRACN": 1, "RADION": 9 }, "geometry": { "type": "Polygon", "coordinates": [ [ [ -60.735450549849304, -27.571414099076804 ], [ -60.735463010534033, -27.57024544842924 ], [ -60.738364024787479, -27.570225546473946 ], [ -60.738378378635744, -27.570857137353286 ], [ -60.738377060631684, -27.571416620955599 ], [ -60.738390780619355, -27.571953465036366 ], [ -60.738419569006176, -27.572472181338807 ], [ -60.737776778481582, -27.572507180399484 ], [ -60.73732110773507, -27.572509599976598 ], [ -60.736779395911135, -27.572516986388447 ], [ -60.73546807619811, -27.572523935942193 ], [ -60.735454310124652, -27.571978067839922 ], [ -60.735450549849304, -27.571414099076804 ] ] ] } },
{ "type": "Feature", "properties": { "ArcIds": [ -932, -959, 960, 954, -844 ], "AREA": 17092.0, "PERIMETER": 522.063, "CODLOC": "030", "NOMMUNI": "VILLA ANGELA", "NOMLOC": "VILLA ANGELA", "FRAC": "01", "RADIO": "12", "MZA": "009", "MZATXT": 9, "UGEO": "", "MZAM": "", "TMZA": 4, "DEPTO10": "098", "FRAC10": "01", "RADIO10": "05", "MZA10": "006", "CEN2010": "0980105006", "LINK2010": "220980105006", "DF": "09801", "TFRAC": 4496, "DFR": "0980112", "TRADIO": 355, "DFRM": "0980112009", "FRACN": 1, "RADION": 12 }, "geometry": { "type": "Polygon", "coordinates": [ [ [ -60.734116408682844, -27.571033132214033 ], [ -60.734121460087152, -27.570270592588066 ], [ -60.735463010534033, -27.57024544842924 ], [ -60.735450549849304, -27.571414099076804 ], [ -60.734129237041515, -27.571439136355377 ], [ -60.734116408682844, -27.571033132214033 ] ] ] } },
{ "type": "Feature", "properties": { "ArcIds": [ -933, 934, 932, -845 ], "AREA": 10285.0, "PERIMETER": 412.016, "CODLOC": "030", "NOMMUNI": "VILLA ANGELA", "NOMLOC": "VILLA ANGELA", "FRAC": "01", "RADIO": "12", "MZA": "010", "MZATXT": 10, "UGEO": "", "MZAM": "", "TMZA": 20, "DEPTO10": "098", "FRAC10": "01", "RADIO10": "05", "MZA10": "007", "CEN2010": "0980105007", "LINK2010": "220980105007", "DF": "09801", "TFRAC": 4496, "DFR": "0980112", "TRADIO": 355, "DFRM": "0980112010", "FRACN": 1, "RADION": 12 }, "geometry": { "type": "Polygon", "coordinates": [ [ [ -60.732901361757058, -27.571048572270044 ], [ -60.732886109963253, -27.570277115869704 ], [ -60.734121460087152, -27.570270592588066 ], [ -60.734116408682844, -27.571033132214033 ], [ -60.732901361757058, -27.571048572270044 ] ] ] } },
{ "type": "Feature", "properties": { "ArcIds": [ -961, 962, 955, 933, -848 ], "AREA": 15373.25, "PERIMETER": 496.027, "CODLOC": "030", "NOMMUNI": "VILLA ANGELA", "NOMLOC": "VILLA ANGELA", "FRAC": "01", "RADIO": "12", "MZA": "012", "MZATXT": 12, "UGEO": "", "MZAM": "", "TMZA": 24, "DEPTO10": "098", "FRAC10": "01", "RADIO10": "05", "MZA10": "008", "CEN2010": "0980105008", "LINK2010": "220980105008", "DF": "09801", "TFRAC": 4496, "DFR": "0980112", "TRADIO": 355, "DFRM": "0980112012", "FRACN": 1, "RADION": 12 }, "geometry": { "type": "Polygon", "coordinates": [ [ [ -60.731694010832598, -27.571461009403116 ], [ -60.731686259667065, -27.570292465001497 ], [ -60.732886109963253, -27.570277115869704 ], [ -60.732901361757058, -27.571048572270044 ], [ -60.732903939808061, -27.5714365830266 ], [ -60.731694010832598, -27.571461009403116 ] ] ] } },
{ "type": "Feature", "properties": { "ArcIds": [ -973, 974, 970, -869 ], "AREA": 17129.375, "PERIMETER": 523.687, "CODLOC": "030", "NOMMUNI": "VILLA ANGELA", "NOMLOC": "VILLA ANGELA", "FRAC": "01", "RADIO": "14", "MZA": "008", "MZATXT": 8, "UGEO": "", "MZAM": "", "TMZA": 62, "DEPTO10": "098", "FRAC10": "01", "RADIO10": "17", "MZA10": "008", "CEN2010": "0980117008", "LINK2010": "220980117008", "DF": "09801", "TFRAC": 4496, "DFR": "0980114", "TRADIO": 306, "DFRM": "0980114008", "FRACN": 1, "RADION": 14 }, "geometry": { "type": "Polygon", "coordinates": [ [ [ -60.721522761991579, -27.571554822672951 ], [ -60.721529982703487, -27.570336567336067 ], [ -60.722846727760967, -27.570388376438999 ], [ -60.722859270900067, -27.571529826197395 ], [ -60.721522761991579, -27.571554822672951 ] ] ] } },
{ "type": "Feature", "properties": { "ArcIds": [ -975, 976, 973, -852 ], "AREA": 18864.5, "PERIMETER": 549.605, "CODLOC": "030", "NOMMUNI": "VILLA ANGELA", "NOMLOC": "VILLA ANGELA", "FRAC": "01", "RADIO": "14", "MZA": "007", "MZATXT": 7, "UGEO": "", "MZAM": "", "TMZA": 11, "DEPTO10": "098", "FRAC10": "01", "RADIO10": "17", "MZA10": "007", "CEN2010": "0980117007", "LINK2010": "220980117007", "DF": "09801", "TFRAC": 4496, "DFR": "0980114", "TRADIO": 306, "DFRM": "0980114007", "FRACN": 1, "RADION": 14 }, "geometry": { "type": "Polygon", "coordinates": [ [ [ -60.720135504492092, -27.571562021733165 ], [ -60.720076981357472, -27.570353130916075 ], [ -60.721529982703487, -27.570336567336067 ], [ -60.721522761991579, -27.571554822672951 ], [ -60.720135504492092, -27.571562021733165 ] ] ] } },
{ "type": "Feature", "properties": { "ArcIds": [ -856, -963, 964, 965, 961, -850 ], "AREA": 32627.5, "PERIMETER": 758.063, "CODLOC": "030", "NOMMUNI": "VILLA ANGELA", "NOMLOC": "VILLA ANGELA", "FRAC": "01", "RADIO": "12", "MZA": "013", "MZATXT": 13, "UGEO": "", "MZAM": "", "TMZA": 43, "DEPTO10": "098", "FRAC10": "01", "RADIO10": "05", "MZA10": "009", "CEN2010": "0980105009", "LINK2010": "220980105009", "DF": "09801", "TFRAC": 4496, "DFR": "0980112", "TRADIO": 355, "DFRM": "0980112013", "FRACN": 1, "RADION": 12 }, "geometry": { "type": "Polygon", "coordinates": [ [ [ -60.729154981105097, -27.570332846751032 ], [ -60.730450908624448, -27.570298966632006 ], [ -60.731686259667065, -27.570292465001497 ], [ -60.731694010832598, -27.571461009403116 ], [ -60.730499299851147, -27.571489857127066 ], [ -60.729162645820658, -27.571492368293594 ], [ -60.729154981105097, -27.570332846751032 ] ] ] } },
{ "type": "Feature", "properties": { "ArcIds": [ -977, 978, 975, -854 ], "AREA": 15697.5, "PERIMETER": 502.126, "CODLOC": "030", "NOMMUNI": "VILLA ANGELA", "NOMLOC": "VILLA ANGELA", "FRAC": "01", "RADIO": "14", "MZA": "006", "MZATXT": 6, "UGEO": "", "MZAM": "", "TMZA": 12, "DEPTO10": "098", "FRAC10": "01", "RADIO10": "17", "MZA10": "006", "CEN2010": "0980117006", "LINK2010": "220980117006", "DF": "09801", "TFRAC": 4496, "DFR": "0980114", "TRADIO": 306, "DFRM": "0980114006", "FRACN": 1, "RADION": 14 }, "geometry": { "type": "Polygon", "coordinates": [ [ [ -60.718925450997652, -27.571568289894202 ], [ -60.718897436306015, -27.570377288173937 ], [ -60.720076981357472, -27.570353130916075 ], [ -60.720135504492092, -27.571562021733165 ], [ -60.718925450997652, -27.571568289894202 ] ] ] } },
{ "type": "Feature", "properties": { "ArcIds": [ -982, 983, 977, -863 ], "AREA": 16003.25, "PERIMETER": 506.616, "CODLOC": "030", "NOMMUNI": "VILLA ANGELA", "NOMLOC": "VILLA ANGELA", "FRAC": "01", "RADIO": "14", "MZA": "005", "MZATXT": 5, "UGEO": "", "MZAM": "", "TMZA": 15, "DEPTO10": "098", "FRAC10": "01", "RADIO10": "17", "MZA10": "005", "CEN2010": "0980117005", "LINK2010": "220980117005", "DF": "09801", "TFRAC": 4496, "DFR": "0980114", "TRADIO": 306, "DFRM": "0980114005", "FRACN": 1, "RADION": 14 }, "geometry": { "type": "Polygon", "coordinates": [ [ [ -60.717710539619581, -27.571606156051903 ], [ -60.717672324091687, -27.570401670853013 ], [ -60.718897436306015, -27.570377288173937 ], [ -60.718925450997652, -27.571568289894202 ], [ -60.717710539619581, -27.571606156051903 ] ] ] } },
{ "type": "Feature", "properties": { "ArcIds": [ 858, -966, -967, 963 ], "AREA": 16769.5, "PERIMETER": 518.006, "CODLOC": "030", "NOMMUNI": "VILLA ANGELA", "NOMLOC": "VILLA ANGELA", "FRAC": "01", "RADIO": "13", "MZA": "010", "MZATXT": 10, "UGEO": "", "MZAM": "0010", "TMZA": 29, "DEPTO10": "098", "FRAC10": "01", "RADIO10": "06", "MZA10": "010", "CEN2010": "0980106010", "LINK2010": "220980106010", "DF": "09801", "TFRAC": 4496, "DFR": "0980113", "TRADIO": 419, "DFRM": "0980113010", "FRACN": 1, "RADION": 13 }, "geometry": { "type": "Polygon", "coordinates": [ [ [ -60.729154981105097, -27.570332846751032 ], [ -60.727828526125819, -27.570344315172129 ], [ -60.727846302848853, -27.571503783996594 ], [ -60.729162645820658, -27.571492368293594 ], [ -60.729154981105097, -27.570332846751032 ] ] ] } },
{ "type": "Feature", "properties": { "ArcIds": [ 866, 968, -969, 966 ], "AREA": 15296.5, "PERIMETER": 495.012, "CODLOC": "030", "NOMMUNI": "VILLA ANGELA", "NOMLOC": "VILLA ANGELA", "FRAC": "01", "RADIO": "13", "MZA": "011", "MZATXT": 11, "UGEO": "", "MZAM": "0011", "TMZA": 22, "DEPTO10": "098", "FRAC10": "01", "RADIO10": "06", "MZA10": "011", "CEN2010": "0980106011", "LINK2010": "220980106011", "DF": "09801", "TFRAC": 4496, "DFR": "0980113", "TRADIO": 419, "DFRM": "0980113011", "FRACN": 1, "RADION": 13 }, "geometry": { "type": "Polygon", "coordinates": [ [ [ -60.727828526125819, -27.570344315172129 ], [ -60.726618547486559, -27.570359673610195 ], [ -60.726636252057581, -27.571510119314137 ], [ -60.727846302848853, -27.571503783996594 ], [ -60.727828526125819, -27.570344315172129 ] ] ] } },
{ "type": "Feature", "properties": { "ArcIds": [ 864, 980, -981, -968 ], "AREA": 15475.75, "PERIMETER": 498.046, "CODLOC": "030", "NOMMUNI": "VILLA ANGELA", "NOMLOC": "VILLA ANGELA", "FRAC": "01", "RADIO": "13", "MZA": "012", "MZATXT": 12, "UGEO": "", "MZAM": "0012", "TMZA": 27, "DEPTO10": "098", "FRAC10": "01", "RADIO10": "06", "MZA10": "012", "CEN2010": "0980106012", "LINK2010": "220980106012", "DF": "09801", "TFRAC": 4496, "DFR": "0980113", "TRADIO": 419, "DFRM": "0980113012", "FRACN": 1, "RADION": 13 }, "geometry": { "type": "Polygon", "coordinates": [ [ [ -60.726618547486559, -27.570359673610195 ], [ -60.725413512498925, -27.57035694802995 ], [ -60.725421315925161, -27.571543541095615 ], [ -60.726636252057581, -27.571510119314137 ], [ -60.726618547486559, -27.570359673610195 ] ] ] } },
{ "type": "Feature", "properties": { "ArcIds": [ 861, 972, -979, -980 ], "AREA": 15719.75, "PERIMETER": 502.008, "CODLOC": "030", "NOMMUNI": "VILLA ANGELA", "NOMLOC": "VILLA ANGELA", "FRAC": "01", "RADIO": "13", "MZA": "013", "MZATXT": 13, "UGEO": "", "MZAM": "0013", "TMZA": 16, "DEPTO10": "098", "FRAC10": "01", "RADIO10": "06", "MZA10": "013", "CEN2010": "0980106013", "LINK2010": "220980106013", "DF": "09801", "TFRAC": 4496, "DFR": "0980113", "TRADIO": 419, "DFRM": "0980113013", "FRACN": 1, "RADION": 13 }, "geometry": { "type": "Polygon", "coordinates": [ [ [ -60.725413512498925, -27.57035694802995 ], [ -60.72419334778391, -27.570363314705947 ], [ -60.724211204801705, -27.571540831774449 ], [ -60.725421315925161, -27.571543541095615 ], [ -60.725413512498925, -27.57035694802995 ] ] ] } },
{ "type": "Feature", "properties": { "ArcIds": [ 871, -970, -971, -972 ], "AREA": 17122.625, "PERIMETER": 523.535, "CODLOC": "030", "NOMMUNI": "VILLA ANGELA", "NOMLOC": "VILLA ANGELA", "FRAC": "01", "RADIO": "13", "MZA": "014", "MZATXT": 14, "UGEO": "", "MZAM": "0014", "TMZA": 0, "DEPTO10": "098", "FRAC10": "01", "RADIO10": "06", "MZA10": "014", "CEN2010": "0980106014", "LINK2010": "220980106014", "DF": "09801", "TFRAC": 4496, "DFR": "0980113", "TRADIO": 419, "DFRM": "0980113014", "FRACN": 1, "RADION": 13 }, "geometry": { "type": "Polygon", "coordinates": [ [ [ -60.72419334778391, -27.570363314705947 ], [ -60.722846727760967, -27.570388376438999 ], [ -60.722859270900067, -27.571529826197395 ], [ -60.724211204801705, -27.571540831774449 ], [ -60.72419334778391, -27.570363314705947 ] ] ] } },
{ "type": "Feature", "properties": { "ArcIds": [ -984, 985, 982, -868 ], "AREA": 16611.0, "PERIMETER": 516.072, "CODLOC": "030", "NOMMUNI": "VILLA ANGELA", "NOMLOC": "VILLA ANGELA", "FRAC": "08", "RADIO": "09", "MZA": "001", "MZATXT": 1, "UGEO": "", "MZAM": "", "TMZA": 16, "DEPTO10": "098", "FRAC10": "01", "RADIO10": "16", "MZA10": "001", "CEN2010": "0980116001", "LINK2010": "220980116001", "DF": "09808", "TFRAC": 4286, "DFR": "0980809", "TRADIO": 223, "DFRM": "0980809001", "FRACN": 8, "RADION": 9 }, "geometry": { "type": "Polygon", "coordinates": [ [ [ -60.716450030916697, -27.571639734866334 ], [ -60.716436997295212, -27.570412559652681 ], [ -60.717672324091687, -27.570401670853013 ], [ -60.717710539619581, -27.571606156051903 ], [ -60.716450030916697, -27.571639734866334 ] ] ] } },
{ "type": "Feature", "properties": { "ArcIds": [ -986, 987, 984, -873 ], "AREA": 15875.625, "PERIMETER": 505.56, "CODLOC": "030", "NOMMUNI": "VILLA ANGELA", "NOMLOC": "VILLA ANGELA", "FRAC": "08", "RADIO": "09", "MZA": "002", "MZATXT": 2, "UGEO": "", "MZAM": "", "TMZA": 18, "DEPTO10": "098", "FRAC10": "01", "RADIO10": "16", "MZA10": "002", "CEN2010": "0980116002", "LINK2010": "220980116002", "DF": "09808", "TFRAC": 4286, "DFR": "0980809", "TRADIO": 223, "DFRM": "0980809002", "FRACN": 8, "RADION": 9 }, "geometry": { "type": "Polygon", "coordinates": [ [ [ -60.715285630306816, -27.571659271610034 ], [ -60.715242202747632, -27.570427740692665 ], [ -60.716436997295212, -27.570412559652681 ], [ -60.716450030916697, -27.571639734866334 ], [ -60.715285630306816, -27.571659271610034 ] ] ] } },
{ "type": "Feature", "properties": { "ArcIds": [ -988, 989, 986, -875 ], "AREA": 16840.25, "PERIMETER": 519.656, "CODLOC": "030", "NOMMUNI": "VILLA ANGELA", "NOMLOC": "VILLA ANGELA", "FRAC": "08", "RADIO": "09", "MZA": "003", "MZATXT": 3, "UGEO": "", "MZAM": "", "TMZA": 18, "DEPTO10": "098", "FRAC10": "01", "RADIO10": "16", "MZA10": "003", "CEN2010": "0980116003", "LINK2010": "220980116003", "DF": "09808", "TFRAC": 4286, "DFR": "0980809", "TRADIO": 223, "DFRM": "0980809003", "FRACN": 8, "RADION": 9 }, "geometry": { "type": "Polygon", "coordinates": [ [ [ -60.714004838538635, -27.571688420774038 ], [ -60.714007108530815, -27.570474702068246 ], [ -60.715242202747632, -27.570427740692665 ], [ -60.715285630306816, -27.571659271610034 ], [ -60.714004838538635, -27.571688420774038 ] ] ] } },
{ "type": "Feature", "properties": { "ArcIds": [ -990, 991, 988, -877 ], "AREA": 16198.5, "PERIMETER": 510.028, "CODLOC": "030", "NOMMUNI": "VILLA ANGELA", "NOMLOC": "VILLA ANGELA", "FRAC": "08", "RADIO": "09", "MZA": "004", "MZATXT": 4, "UGEO": "", "MZAM": "", "TMZA": 16, "DEPTO10": "098", "FRAC10": "01", "RADIO10": "16", "MZA10": "004", "CEN2010": "0980116004", "LINK2010": "220980116004", "DF": "09808", "TFRAC": 4286, "DFR": "0980809", "TRADIO": 223, "DFRM": "0980809004", "FRACN": 8, "RADION": 9 }, "geometry": { "type": "Polygon", "coordinates": [ [ [ -60.712789835654483, -27.571712708629011 ], [ -60.712792060703187, -27.570489966147136 ], [ -60.714007108530815, -27.570474702068246 ], [ -60.714004838538635, -27.571688420774038 ], [ -60.712789835654483, -27.571712708629011 ] ] ] } },
{ "type": "Feature", "properties": { "ArcIds": [ -992, 993, 990, -879 ], "AREA": 16519.375, "PERIMETER": 515.022, "CODLOC": "030", "NOMMUNI": "VILLA ANGELA", "NOMLOC": "VILLA ANGELA", "FRAC": "08", "RADIO": "09", "MZA": "005", "MZATXT": 5, "UGEO": "", "MZAM": "", "TMZA": 20, "DEPTO10": "098", "FRAC10": "01", "RADIO10": "16", "MZA10": "005", "CEN2010": "0980116005", "LINK2010": "220980116005", "DF": "09808", "TFRAC": 4286, "DFR": "0980809", "TRADIO": 223, "DFRM": "0980809005", "FRACN": 8, "RADION": 9 }, "geometry": { "type": "Polygon", "coordinates": [ [ [ -60.711564705978184, -27.571737037738721 ], [ -60.711561794346096, -27.570500785635215 ], [ -60.712792060703187, -27.570489966147136 ], [ -60.712789835654483, -27.571712708629011 ], [ -60.711564705978184, -27.571737037738721 ] ] ] } },
{ "type": "Feature", "properties": { "ArcIds": [ 881, -998, -999, 992 ], "AREA": 16199.875, "PERIMETER": 510.52, "CODLOC": "030", "NOMMUNI": "VILLA ANGELA", "NOMLOC": "VILLA ANGELA", "FRAC": "08", "RADIO": "09", "MZA": "006", "MZATXT": 6, "UGEO": "", "MZAM": "", "TMZA": 24, "DEPTO10": "098", "FRAC10": "01", "RADIO10": "16", "MZA10": "006", "CEN2010": "0980116006", "LINK2010": "220980116006", "DF": "09808", "TFRAC": 4286, "DFR": "0980809", "TRADIO": 223, "DFRM": "0980809006", "FRACN": 8, "RADION": 9 }, "geometry": { "type": "Polygon", "coordinates": [ [ [ -60.711561794346096, -27.570500785635215 ], [ -60.71036196328054, -27.57052046243685 ], [ -60.710369924475238, -27.571756688922921 ], [ -60.711564705978184, -27.571737037738721 ], [ -60.711561794346096, -27.570500785635215 ] ] ] } },
{ "type": "Feature", "properties": { "ArcIds": [ 883, -994, -997, 998 ], "AREA": 16111.5, "PERIMETER": 509.006, "CODLOC": "030", "NOMMUNI": "VILLA ANGELA", "NOMLOC": "VILLA ANGELA", "FRAC": "08", "RADIO": "08", "MZA": "014", "MZATXT": 14, "UGEO": "", "MZAM": "", "TMZA": 19, "DEPTO10": "098", "FRAC10": "01", "RADIO10": "09", "MZA10": "014", "CEN2010": "0980109014", "LINK2010": "220980109014", "DF": "09808", "TFRAC": 4286, "DFR": "0980808", "TRADIO": 306, "DFRM": "0980808014", "FRACN": 8, "RADION": 8 }, "geometry": { "type": "Polygon", "coordinates": [ [ [ -60.71036196328054, -27.57052046243685 ], [ -60.709162073530081, -27.570531105327916 ], [ -60.709174997265116, -27.571753770956125 ], [ -60.710369924475238, -27.571756688922921 ], [ -60.71036196328054, -27.57052046243685 ] ] ] } },
{ "type": "Feature", "properties": { "ArcIds": [ 885, -995, -996, 994 ], "AREA": 16267.25, "PERIMETER": 511.013, "CODLOC": "030", "NOMMUNI": "VILLA ANGELA", "NOMLOC": "VILLA ANGELA", "FRAC": "08", "RADIO": "08", "MZA": "013", "MZATXT": 13, "UGEO": "", "MZAM": "", "TMZA": 29, "DEPTO10": "098", "FRAC10": "01", "RADIO10": "09", "MZA10": "013", "CEN2010": "0980109013", "LINK2010": "220980109013", "DF": "09808", "TFRAC": 4286, "DFR": "0980808", "TRADIO": 306, "DFRM": "0980808013", "FRACN": 8, "RADION": 8 }, "geometry": { "type": "Polygon", "coordinates": [ [ [ -60.709162073530081, -27.570531105327916 ], [ -60.707952086356187, -27.570546301243951 ], [ -60.707944686742529, -27.571760046898845 ], [ -60.709174997265116, -27.571753770956125 ], [ -60.709162073530081, -27.570531105327916 ] ] ] } },
{ "type": "Feature", "properties": { "ArcIds": [ 887, -1000, -1001, 995 ], "AREA": 15887.75, "PERIMETER": 505.551, "CODLOC": "030", "NOMMUNI": "VILLA ANGELA", "NOMLOC": "VILLA ANGELA", "FRAC": "08", "RADIO": "08", "MZA": "012", "MZATXT": 12, "UGEO": "", "MZAM": "", "TMZA": 26, "DEPTO10": "098", "FRAC10": "01", "RADIO10": "09", "MZA10": "012", "CEN2010": "0980109012", "LINK2010": "220980109012", "DF": "09808", "TFRAC": 4286, "DFR": "0980808", "TRADIO": 306, "DFRM": "0980808012", "FRACN": 8, "RADION": 8 }, "geometry": { "type": "Polygon", "coordinates": [ [ [ -60.707952086356187, -27.570546301243951 ], [ -60.706747132646335, -27.570556949086402 ], [ -60.706775276473252, -27.57178856170982 ], [ -60.707944686742529, -27.571760046898845 ], [ -60.707952086356187, -27.570546301243951 ] ] ] } },
{ "type": "Feature", "properties": { "ArcIds": [ 889, -1002, -1003, 1000 ], "AREA": 16310.375, "PERIMETER": 511.66, "CODLOC": "030", "NOMMUNI": "VILLA ANGELA", "NOMLOC": "VILLA ANGELA", "FRAC": "08", "RADIO": "08", "MZA": "011", "MZATXT": 11, "UGEO": "", "MZAM": "", "TMZA": 19, "DEPTO10": "098", "FRAC10": "01", "RADIO10": "09", "MZA10": "011", "CEN2010": "0980109011", "LINK2010": "220980109011", "DF": "09808", "TFRAC": 4286, "DFR": "0980808", "TRADIO": 306, "DFRM": "0980808011", "FRACN": 8, "RADION": 8 }, "geometry": { "type": "Polygon", "coordinates": [ [ [ -60.706747132646335, -27.570556949086402 ], [ -60.705527278160801, -27.570612781432814 ], [ -60.705545080360274, -27.571812863524855 ], [ -60.706775276473252, -27.57178856170982 ], [ -60.706747132646335, -27.570556949086402 ] ] ] } },
{ "type": "Feature", "properties": { "ArcIds": [ 891, -1004, -1005, 1002 ], "AREA": 19796.75, "PERIMETER": 563.532, "CODLOC": "030", "NOMMUNI": "VILLA ANGELA", "NOMLOC": "VILLA ANGELA", "FRAC": "08", "RADIO": "10", "MZA": "001", "MZATXT": 1, "UGEO": "", "MZAM": "0001", "TMZA": 29, "DEPTO10": "098", "FRAC10": "01", "RADIO10": "11", "MZA10": "001", "CEN2010": "0980111001", "LINK2010": "220980111001", "DF": "09808", "TFRAC": 4286, "DFR": "0980810", "TRADIO": 328, "DFRM": "0980810001", "FRACN": 8, "RADION": 10 }, "geometry": { "type": "Polygon", "coordinates": [ [ [ -60.705527278160801, -27.570612781432814 ], [ -60.704028700164081, -27.570629408676695 ], [ -60.704046572463504, -27.571843026606444 ], [ -60.705545080360274, -27.571812863524855 ], [ -60.705527278160801, -27.570612781432814 ] ] ] } },
{ "type": "Feature", "properties": { "ArcIds": [ 897, -1006, -1007, 1004 ], "AREA": 13402.375, "PERIMETER": 467.572, "CODLOC": "030", "NOMMUNI": "VILLA ANGELA", "NOMLOC": "VILLA ANGELA", "FRAC": "08", "RADIO": "10", "MZA": "002", "MZATXT": 2, "UGEO": "", "MZAM": "0002", "TMZA": 21, "DEPTO10": "098", "FRAC10": "01", "RADIO10": "11", "MZA10": "002", "CEN2010": "0980111002", "LINK2010": "220980111002", "DF": "09808", "TFRAC": 4286, "DFR": "0980810", "TRADIO": 328, "DFRM": "0980810002", "FRACN": 8, "RADION": 10 }, "geometry": { "type": "Polygon", "coordinates": [ [ [ -60.704028700164081, -27.570629408676695 ], [ -60.703001091774766, -27.570661684717557 ], [ -60.703033969298474, -27.571848155415818 ], [ -60.704046572463504, -27.571843026606444 ], [ -60.704028700164081, -27.570629408676695 ] ] ] } },
{ "type": "Feature", "properties": { "ArcIds": [ 893, 937, -938, -936 ], "AREA": 9368.25, "PERIMETER": 398.629, "CODLOC": "030", "NOMMUNI": "VILLA ANGELA", "NOMLOC": "VILLA ANGELA", "FRAC": "08", "RADIO": "11", "MZA": "001", "MZATXT": 1, "UGEO": "", "MZAM": "0004", "TMZA": 36, "DEPTO10": "098", "FRAC10": "01", "RADIO10": "11", "MZA10": "004", "CEN2010": "0980111004", "LINK2010": "220980111004", "DF": "09808", "TFRAC": 4286, "DFR": "0980811", "TRADIO": 333, "DFRM": "0980811001", "FRACN": 8, "RADION": 11 }, "geometry": { "type": "Polygon", "coordinates": [ [ [ -60.701770763089939, -27.570663393968474 ], [ -60.700545468423172, -27.570660555002895 ], [ -60.700539812411812, -27.571364444553353 ], [ -60.701810452214978, -27.571330958935473 ], [ -60.701770763089939, -27.570663393968474 ] ] ] } },
{ "type": "Feature", "properties": { "ArcIds": [ 899, -939, -940, -937 ], "AREA": 8895.75, "PERIMETER": 385.216, "CODLOC": "030", "NOMMUNI": "VILLA ANGELA", "NOMLOC": "VILLA ANGELA", "FRAC": "08", "RADIO": "11", "MZA": "002", "MZATXT": 2, "UGEO": "", "MZAM": "0005", "TMZA": 19, "DEPTO10": "098", "FRAC10": "01", "RADIO10": "11", "MZA10": "005", "CEN2010": "0980111005", "LINK2010": "220980111005", "DF": "09808", "TFRAC": 4286, "DFR": "0980811", "TRADIO": 333, "DFRM": "0980811002", "FRACN": 8, "RADION": 11 }, "geometry": { "type": "Polygon", "coordinates": [ [ [ -60.700545468423172, -27.570660555002895 ], [ -60.699361049155776, -27.570716154531876 ], [ -60.699385649168349, -27.571401844074696 ], [ -60.700539812411812, -27.571364444553353 ], [ -60.700545468423172, -27.570660555002895 ] ] ] } },
{ "type": "Feature", "properties": { "ArcIds": [ 895, 936, -1008, -1009, 1006 ], "AREA": 15829.5, "PERIMETER": 503.293, "CODLOC": "030", "NOMMUNI": "VILLA ANGELA", "NOMLOC": "VILLA ANGELA", "FRAC": "08", "RADIO": "10", "MZA": "003", "MZATXT": 3, "UGEO": "", "MZAM": "0003", "TMZA": 16, "DEPTO10": "098", "FRAC10": "01", "RADIO10": "11", "MZA10": "003", "CEN2010": "0980111003", "LINK2010": "220980111003", "DF": "09808", "TFRAC": 4286, "DFR": "0980810", "TRADIO": 328, "DFRM": "0980810003", "FRACN": 8, "RADION": 10 }, "geometry": { "type": "Polygon", "coordinates": [ [ [ -60.703001091774766, -27.570661684717557 ], [ -60.701770763089939, -27.570663393968474 ], [ -60.701810452214978, -27.571330958935473 ], [ -60.701859464125533, -27.571872142721471 ], [ -60.703033969298474, -27.571848155415818 ], [ -60.703001091774766, -27.570661684717557 ] ] ] } },
{ "type": "Feature", "properties": { "ArcIds": [ 901, 902, -1011, -1012, -1010, -1144, -1145, -1138, -1020, 939 ], "AREA": 48470.75, "PERIMETER": 1005.513, "CODLOC": "030", "NOMMUNI": "VILLA ANGELA", "NOMLOC": "VILLA ANGELA", "FRAC": "08", "RADIO": "05", "MZA": "020", "MZATXT": 20, "UGEO": "", "MZAM": "0020", "TMZA": 4, "DEPTO10": "098", "FRAC10": "01", "RADIO10": "10", "MZA10": "020", "CEN2010": "0980110020", "LINK2010": "220980110020", "DF": "09808", "TFRAC": 4286, "DFR": "0980805", "TRADIO": 446, "DFRM": "0980805020", "FRACN": 8, "RADION": 5 }, "geometry": { "type": "Polygon", "coordinates": [ [ [ -60.699361049155776, -27.570716154531876 ], [ -60.697335946779084, -27.57073987144188 ], [ -60.696920954099177, -27.570769025746309 ], [ -60.69694878880663, -27.571969059846612 ], [ -60.697556266598184, -27.57195247468745 ], [ -60.698133537326953, -27.571963110281494 ], [ -60.698232183290628, -27.573149252020485 ], [ -60.699396606014929, -27.573129857898575 ], [ -60.699389539738405, -27.572015446944366 ], [ -60.699385649168349, -27.571401844074696 ], [ -60.699361049155776, -27.570716154531876 ] ] ] } },
{ "type": "Feature", "properties": { "ArcIds": [ 904, -1013, -1014, 1011 ], "AREA": 7936.125, "PERIMETER": 384.538, "CODLOC": "030", "NOMMUNI": "VILLA ANGELA", "NOMLOC": "VILLA ANGELA", "FRAC": "08", "RADIO": "06", "MZA": "010", "MZATXT": 10, "UGEO": "", "MZAM": "0012", "TMZA": 23, "DEPTO10": "098", "FRAC10": "01", "RADIO10": "21", "MZA10": "012", "CEN2010": "0980121012", "LINK2010": "220980121012", "DF": "09808", "TFRAC": 4286, "DFR": "0980806", "TRADIO": 384, "DFRM": "0980806010", "FRACN": 8, "RADION": 6 }, "geometry": { "type": "Polygon", "coordinates": [ [ [ -60.696920954099177, -27.570769025746309 ], [ -60.696318545636174, -27.570785582631046 ], [ -60.696336162292553, -27.571972132368167 ], [ -60.69694878880663, -27.571969059846612 ], [ -60.696920954099177, -27.570769025746309 ] ] ] } },
{ "type": "Feature", "properties": { "ArcIds": [ 905, 907, -1022, -1023, -1017, -1015 ], "AREA": 16491.625, "PERIMETER": 513.758, "CODLOC": "030", "NOMMUNI": "VILLA ANGELA", "NOMLOC": "VILLA ANGELA", "FRAC": "08", "RADIO": "06", "MZA": "008", "MZATXT": 8, "UGEO": "", "MZAM": "0010", "TMZA": 0, "DEPTO10": "098", "FRAC10": "01", "RADIO10": "21", "MZA10": "010", "CEN2010": "0980121010", "LINK2010": "220980121010", "DF": "09808", "TFRAC": 4286, "DFR": "0980806", "TRADIO": 384, "DFRM": "0980806008", "FRACN": 8, "RADION": 6 }, "geometry": { "type": "Polygon", "coordinates": [ [ [ -60.695700891091839, -27.570793189399634 ], [ -60.695371683869681, -27.570776790081531 ], [ -60.694465524746725, -27.570799371119396 ], [ -60.694508777535574, -27.572039936368036 ], [ -60.69514652079468, -27.572005162681933 ], [ -60.69573377557402, -27.571993198625901 ], [ -60.695700891091839, -27.570793189399634 ] ] ] } },
{ "type": "Feature", "properties": { "ArcIds": [ 906, 1015, -1016, 1013 ], "AREA": 7970.25, "PERIMETER": 385.063, "CODLOC": "030", "NOMMUNI": "VILLA ANGELA", "NOMLOC": "VILLA ANGELA", "FRAC": "08", "RADIO": "06", "MZA": "009", "MZATXT": 9, "UGEO": "", "MZAM": "0011", "TMZA": 23, "DEPTO10": "098", "FRAC10": "01", "RADIO10": "21", "MZA10": "011", "CEN2010": "0980121011", "LINK2010": "220980121011", "DF": "09808", "TFRAC": 4286, "DFR": "0980806", "TRADIO": 384, "DFRM": "0980806009", "FRACN": 8, "RADION": 6 }, "geometry": { "type": "Polygon", "coordinates": [ [ [ -60.696318545636174, -27.570785582631046 ], [ -60.695700891091839, -27.570793189399634 ], [ -60.69573377557402, -27.571993198625901 ], [ -60.696336162292553, -27.571972132368167 ], [ -60.696318545636174, -27.570785582631046 ] ] ] } },
{ "type": "Feature", "properties": { "ArcIds": [ 909, -1024, -1025, 1022 ], "AREA": 14991.875, "PERIMETER": 492.618, "CODLOC": "030", "NOMMUNI": "VILLA ANGELA", "NOMLOC": "VILLA ANGELA", "FRAC": "08", "RADIO": "06", "MZA": "007", "MZATXT": 7, "UGEO": "", "MZAM": "0009", "TMZA": 5, "DEPTO10": "098", "FRAC10": "01", "RADIO10": "21", "MZA10": "009", "CEN2010": "0980121009", "LINK2010": "220980121009", "DF": "09808", "TFRAC": 4286, "DFR": "0980806", "TRADIO": 384, "DFRM": "0980806007", "FRACN": 8, "RADION": 6 }, "geometry": { "type": "Polygon", "coordinates": [ [ [ -60.694465524746725, -27.570799371119396 ], [ -60.693351811304055, -27.570827494344751 ], [ -60.693394909780636, -27.572045501208969 ], [ -60.694508777535574, -27.572039936368036 ], [ -60.694465524746725, -27.570799371119396 ] ] ] } },
{ "type": "Feature", "properties": { "ArcIds": [ 911, 1028, -1029, -1027, 1024, 0, -1026 ], "AREA": 16589.25, "PERIMETER": 517.708, "CODLOC": "030", "NOMMUNI": "VILLA ANGELA", "NOMLOC": "VILLA ANGELA", "FRAC": "08", "RADIO": "06", "MZA": "006", "MZATXT": 6, "UGEO": "", "MZAM": "0008", "TMZA": 40, "DEPTO10": "098", "FRAC10": "01", "RADIO10": "21", "MZA10": "008", "CEN2010": "0980121008", "LINK2010": "220980121008", "DF": "09808", "TFRAC": 4286, "DFR": "0980806", "TRADIO": 384, "DFRM": "0980806006", "FRACN": 8, "RADION": 6 }, "geometry": { "type": "Polygon", "coordinates": [ [ [ -60.693351811304055, -27.570827494344751 ], [ -60.692156947812485, -27.57083345336056 ], [ -60.692114131328132, -27.57207896049081 ], [ -60.69274177808488, -27.572048760075738 ], [ -60.693394909780636, -27.572045501208969 ], [ -60.693351811304055, -27.570827494344751 ] ] ] } },
{ "type": "Feature", "properties": { "ArcIds": [ 913, -935, -943, -1030, -1031, -1028 ], "AREA": 15637.125, "PERIMETER": 506.897, "CODLOC": "030", "NOMMUNI": "VILLA ANGELA", "NOMLOC": "VILLA ANGELA", "FRAC": "08", "RADIO": "07", "MZA": "001", "MZATXT": 1, "UGEO": "", "MZAM": "0034", "TMZA": 18, "DEPTO10": "098", "FRAC10": "01", "RADIO10": "21", "MZA10": "034", "CEN2010": "0980121034", "LINK2010": "220980121034", "DF": "09808", "TFRAC": 4286, "DFR": "0980807", "TRADIO": 332, "DFRM": "0980807001", "FRACN": 8, "RADION": 7 }, "geometry": { "type": "Polygon", "coordinates": [ [ [ -60.692156947812485, -27.57083345336056 ], [ -60.691124127682144, -27.570843107887736 ], [ -60.691066735538719, -27.571380313669774 ], [ -60.690870747666111, -27.571615909195121 ], [ -60.690878777903656, -27.572089622370097 ], [ -60.692114131328132, -27.57207896049081 ], [ -60.692156947812485, -27.57083345336056 ] ] ] } },
{ "type": "Feature", "properties": { "ArcIds": [ 914, 916, -941, -1033, -1036, -1037, -1032, 1030, 943, 935, 0, -931, 0, -944 ], "AREA": 26694.875, "PERIMETER": 668.184, "CODLOC": "030", "NOMMUNI": "VILLA ANGELA", "NOMLOC": "VILLA ANGELA", "FRAC": "08", "RADIO": "07", "MZA": "002", "MZATXT": 2, "UGEO": "", "MZAM": "0007", "TMZA": 49, "DEPTO10": "098", "FRAC10": "01", "RADIO10": "21", "MZA10": "007", "CEN2010": "0980121007", "LINK2010": "220980121007", "DF": "09808", "TFRAC": 4286, "DFR": "0980807", "TRADIO": 332, "DFRM": "0980807002", "FRACN": 8, "RADION": 7 }, "geometry": { "type": "Polygon", "coordinates": [ [ [ -60.691124127682144, -27.570843107887736 ], [ -60.690187503903147, -27.570852276797552 ], [ -60.689013004015798, -27.570876155332179 ], [ -60.688978605784243, -27.571043267585722 ], [ -60.689040714515642, -27.571259532432865 ], [ -60.689057228185312, -27.571471511495432 ], [ -60.68910688237974, -27.572125495807377 ], [ -60.689704406188945, -27.572136065958535 ], [ -60.690271354146262, -27.572115201944474 ], [ -60.690878777903656, -27.572089622370097 ], [ -60.690870747666111, -27.571615909195121 ], [ -60.691066735538719, -27.571380313669774 ], [ -60.691124127682144, -27.570843107887736 ] ] ] } },
{ "type": "Feature", "properties": { "ArcIds": [ 918, 920, -1038, -1039, -1035, 1033, 941, 0, -942, 0, -1034 ], "AREA": 24921.0, "PERIMETER": 641.883, "CODLOC": "030", "NOMMUNI": "VILLA ANGELA", "NOMLOC": "VILLA ANGELA", "FRAC": "08", "RADIO": "07", "MZA": "003", "MZATXT": 3, "UGEO": "", "MZAM": "0006", "TMZA": 39, "DEPTO10": "098", "FRAC10": "01", "RADIO10": "21", "MZA10": "006", "CEN2010": "0980121006", "LINK2010": "220980121006", "DF": "09808", "TFRAC": 4286, "DFR": "0980807", "TRADIO": 332, "DFRM": "0980807003", "FRACN": 8, "RADION": 7 }, "geometry": { "type": "Polygon", "coordinates": [ [ [ -60.689013004015798, -27.570876155332179 ], [ -60.688400523325093, -27.570901751728702 ], [ -60.687185630675629, -27.570943862744606 ], [ -60.687203261611003, -27.572148462602161 ], [ -60.688155058095347, -27.572134726566141 ], [ -60.68910688237974, -27.572125495807377 ], [ -60.689057228185312, -27.571471511495432 ], [ -60.689040714515642, -27.571259532432865 ], [ -60.688978605784243, -27.571043267585722 ], [ -60.689013004015798, -27.570876155332179 ] ] ] } },
{ "type": "Feature", "properties": { "ArcIds": [ -948, 949, 945, -924 ], "AREA": 7607.75, "PERIMETER": 367.554, "CODLOC": "030", "NOMMUNI": "VILLA ANGELA", "NOMLOC": "VILLA ANGELA", "FRAC": "01", "RADIO": "10", "MZA": "010", "MZATXT": 10, "UGEO": "", "MZAM": "", "TMZA": 16, "DEPTO10": "098", "FRAC10": "01", "RADIO10": "19", "MZA10": "007", "CEN2010": "0980119007", "LINK2010": "220980119007", "DF": "09801", "TFRAC": 4496, "DFR": "0980110", "TRADIO": 233, "DFRM": "0980110010", "FRACN": 1, "RADION": 10 }, "geometry": { "type": "Polygon", "coordinates": [ [ [ -60.742037455470765, -27.571379067372266 ], [ -60.742033722335606, -27.570824122887434 ], [ -60.743253674459929, -27.570786017210974 ], [ -60.743262659081573, -27.571368004907907 ], [ -60.742037455470765, -27.571379067372266 ] ] ] } },
{ "type": "Feature", "properties": { "ArcIds": [ -952, 953, 950, 948, -928 ], "AREA": 7381.0, "PERIMETER": 364.004, "CODLOC": "030", "NOMMUNI": "VILLA ANGELA", "NOMLOC": "VILLA ANGELA", "FRAC": "01", "RADIO": "10", "MZA": "009", "MZATXT": 9, "UGEO": "", "MZAM": "", "TMZA": 16, "DEPTO10": "098", "FRAC10": "01", "RADIO10": "19", "MZA10": "008", "CEN2010": "0980119008", "LINK2010": "220980119008", "DF": "09801", "TFRAC": 4496, "DFR": "0980110", "TRADIO": 233, "DFRM": "0980110009", "FRACN": 1, "RADION": 10 }, "geometry": { "type": "Polygon", "coordinates": [ [ [ -60.74081222104526, -27.571385607288853 ], [ -60.740808554673144, -27.570839686140747 ], [ -60.742033722335606, -27.570824122887434 ], [ -60.742037455470765, -27.571379067372266 ], [ -60.741764056089316, -27.571380527629064 ], [ -60.74081222104526, -27.571385607288853 ] ] ] } },
{ "type": "Feature", "properties": { "ArcIds": [ -946, 951, 952, -926 ], "AREA": 7230.0, "PERIMETER": 360.01, "CODLOC": "030", "NOMMUNI": "VILLA ANGELA", "NOMLOC": "VILLA ANGELA", "FRAC": "01", "RADIO": "09", "MZA": "013", "MZATXT": 13, "UGEO": "", "MZAM": "", "TMZA": 22, "DEPTO10": "098", "FRAC10": "01", "RADIO10": "04", "MZA10": "016", "CEN2010": "0980104016", "LINK2010": "220980104016", "DF": "09801", "TFRAC": 4496, "DFR": "0980109", "TRADIO": 366, "DFRM": "0980109013", "FRACN": 1, "RADION": 9 }, "geometry": { "type": "Polygon", "coordinates": [ [ [ -60.739597081865107, -27.571387570738576 ], [ -60.739603547365121, -27.570841595525621 ], [ -60.740808554673144, -27.570839686140747 ], [ -60.74081222104526, -27.571385607288853 ], [ -60.739597081865107, -27.571387570738576 ] ] ] } },
{ "type": "Feature", "properties": { "ArcIds": [ -956, 957, 946, -930 ], "AREA": 7394.625, "PERIMETER": 364.04, "CODLOC": "030", "NOMMUNI": "VILLA ANGELA", "NOMLOC": "VILLA ANGELA", "FRAC": "01", "RADIO": "09", "MZA": "014", "MZATXT": 14, "UGEO": "", "MZAM": "", "TMZA": 16, "DEPTO10": "098", "FRAC10": "01", "RADIO10": "04", "MZA10": "031", "CEN2010": "0980104031", "LINK2010": "220980104031", "DF": "09801", "TFRAC": 4496, "DFR": "0980109", "TRADIO": 366, "DFRM": "0980109014", "FRACN": 1, "RADION": 9 }, "geometry": { "type": "Polygon", "coordinates": [ [ [ -60.738377060631684, -27.571416620955599 ], [ -60.738378378635744, -27.570857137353286 ], [ -60.739603547365121, -27.570841595525621 ], [ -60.739597081865107, -27.571387570738576 ], [ -60.738377060631684, -27.571416620955599 ] ] ] } },
{ "type": "Feature", "properties": { "ArcIds": [ -955, 958, 959, -934 ], "AREA": 5302.0, "PERIMETER": 329.019, "CODLOC": "030", "NOMMUNI": "VILLA ANGELA", "NOMLOC": "VILLA ANGELA", "FRAC": "01", "RADIO": "12", "MZA": "011", "MZATXT": 11, "UGEO": "", "MZAM": "", "TMZA": 7, "DEPTO10": "098", "FRAC10": "01", "RADIO10": "05", "MZA10": "010", "CEN2010": "0980105010", "LINK2010": "220980105010", "DF": "09801", "TFRAC": 4496, "DFR": "0980112", "TRADIO": 355, "DFRM": "0980112011", "FRACN": 1, "RADION": 12 }, "geometry": { "type": "Polygon", "coordinates": [ [ [ -60.732903939808061, -27.5714365830266 ], [ -60.732901361757058, -27.571048572270044 ], [ -60.734116408682844, -27.571033132214033 ], [ -60.734129237041515, -27.571439136355377 ], [ -60.732903939808061, -27.5714365830266 ] ] ] } },
{ "type": "Feature", "properties": { "ArcIds": [ 938, -1018, -1019, 1008 ], "AREA": 8631.75, "PERIMETER": 384.959, "CODLOC": "030", "NOMMUNI": "VILLA ANGELA", "NOMLOC": "VILLA ANGELA", "FRAC": "08", "RADIO": "11", "MZA": "004", "MZATXT": 4, "UGEO": "", "MZAM": "0007", "TMZA": 16, "DEPTO10": "098", "FRAC10": "01", "RADIO10": "11", "MZA10": "007", "CEN2010": "0980111007", "LINK2010": "220980111007", "DF": "09808", "TFRAC": 4286, "DFR": "0980811", "TRADIO": 333, "DFRM": "0980811004", "FRACN": 8, "RADION": 11 }, "geometry": { "type": "Polygon", "coordinates": [ [ [ -60.701810452214978, -27.571330958935473 ], [ -60.700539812411812, -27.571364444553353 ], [ -60.700564076118724, -27.571995992271408 ], [ -60.701434744338798, -27.571964526700118 ], [ -60.701859464125533, -27.571872142721471 ], [ -60.701810452214978, -27.571330958935473 ] ] ] } },
{ "type": "Feature", "properties": { "ArcIds": [ 940, 1020, -1021, 1018 ], "AREA": 7937.5, "PERIMETER": 368.092, "CODLOC": "030", "NOMMUNI": "VILLA ANGELA", "NOMLOC": "VILLA ANGELA", "FRAC": "08", "RADIO": "11", "MZA": "003", "MZATXT": 3, "UGEO": "", "MZAM": "0006", "TMZA": 16, "DEPTO10": "098", "FRAC10": "01", "RADIO10": "11", "MZA10": "006", "CEN2010": "0980111006", "LINK2010": "220980111006", "DF": "09808", "TFRAC": 4286, "DFR": "0980811", "TRADIO": 333, "DFRM": "0980811003", "FRACN": 8, "RADION": 11 }, "geometry": { "type": "Polygon", "coordinates": [ [ [ -60.700539812411812, -27.571364444553353 ], [ -60.699385649168349, -27.571401844074696 ], [ -60.699389539738405, -27.572015446944366 ], [ -60.700564076118724, -27.571995992271408 ], [ -60.700539812411812, -27.571364444553353 ] ] ] } },
{ "type": "Feature", "properties": { "ArcIds": [ -950, -1042, 1043, 1040, 1041, -949 ], "AREA": 8332.375, "PERIMETER": 410.043, "CODLOC": "030", "NOMMUNI": "VILLA ANGELA", "NOMLOC": "VILLA ANGELA", "FRAC": "01", "RADIO": "10", "MZA": "011", "MZATXT": 11, "UGEO": "", "MZAM": "", "TMZA": 20, "DEPTO10": "098", "FRAC10": "01", "RADIO10": "19", "MZA10": "010", "CEN2010": "0980119010", "LINK2010": "220980119010", "DF": "09801", "TFRAC": 4496, "DFR": "0980110", "TRADIO": 233, "DFRM": "0980110011", "FRACN": 1, "RADION": 10 }, "geometry": { "type": "Polygon", "coordinates": [ [ [ -60.741764056089316, -27.571380527629064 ], [ -60.742037455470765, -27.571379067372266 ], [ -60.743262659081573, -27.571368004907907 ], [ -60.74325599892093, -27.571882397700008 ], [ -60.742349665908407, -27.571878220661805 ], [ -60.741757388938417, -27.571894920486102 ], [ -60.741764056089316, -27.571380527629064 ] ] ] } },
{ "type": "Feature", "properties": { "ArcIds": [ -1046, 1047, 1044, -951 ], "AREA": 7125.0, "PERIMETER": 358.02, "CODLOC": "030", "NOMMUNI": "VILLA ANGELA", "NOMLOC": "VILLA ANGELA", "FRAC": "01", "RADIO": "09", "MZA": "016", "MZATXT": 16, "UGEO": "", "MZAM": "", "TMZA": 11, "DEPTO10": "098", "FRAC10": "01", "RADIO10": "04", "MZA10": "020", "CEN2010": "0980104020", "LINK2010": "220980104020", "DF": "09801", "TFRAC": 4496, "DFR": "0980109", "TRADIO": 366, "DFRM": "0980109016", "FRACN": 1, "RADION": 9 }, "geometry": { "type": "Polygon", "coordinates": [ [ [ -60.739615901012861, -27.571928899371446 ], [ -60.739597081865107, -27.571387570738576 ], [ -60.74081222104526, -27.571385607288853 ], [ -60.740815826916844, -27.571922504904617 ], [ -60.739615901012861, -27.571928899371446 ] ] ] } },
{ "type": "Feature", "properties": { "ArcIds": [ -1048, 1049, 1046, -957 ], "AREA": 7217.625, "PERIMETER": 361.07, "CODLOC": "030", "NOMMUNI": "VILLA ANGELA", "NOMLOC": "VILLA ANGELA", "FRAC": "01", "RADIO": "09", "MZA": "015", "MZATXT": 15, "UGEO": "", "MZAM": "", "TMZA": 21, "DEPTO10": "098", "FRAC10": "01", "RADIO10": "04", "MZA10": "019", "CEN2010": "0980104019", "LINK2010": "220980104019", "DF": "09801", "TFRAC": 4496, "DFR": "0980109", "TRADIO": 366, "DFRM": "0980109015", "FRACN": 1, "RADION": 9 }, "geometry": { "type": "Polygon", "coordinates": [ [ [ -60.738390780619355, -27.571953465036366 ], [ -60.738377060631684, -27.571416620955599 ], [ -60.739597081865107, -27.571387570738576 ], [ -60.739615901012861, -27.571928899371446 ], [ -60.738390780619355, -27.571953465036366 ] ] ] } },
{ "type": "Feature", "properties": { "ArcIds": [ -1044, 1045, 1042, -953 ], "AREA": 5445.75, "PERIMETER": 303.542, "CODLOC": "030", "NOMMUNI": "VILLA ANGELA", "NOMLOC": "VILLA ANGELA", "FRAC": "01", "RADIO": "10", "MZA": "012", "MZATXT": 12, "UGEO": "", "MZAM": "", "TMZA": 12, "DEPTO10": "098", "FRAC10": "01", "RADIO10": "19", "MZA10": "009", "CEN2010": "0980119009", "LINK2010": "220980119009", "DF": "09801", "TFRAC": 4496, "DFR": "0980110", "TRADIO": 233, "DFRM": "0980110012", "FRACN": 1, "RADION": 10 }, "geometry": { "type": "Polygon", "coordinates": [ [ [ -60.740815826916844, -27.571922504904617 ], [ -60.74081222104526, -27.571385607288853 ], [ -60.741764056089316, -27.571380527629064 ], [ -60.741757388938417, -27.571894920486102 ], [ -60.740815826916844, -27.571922504904617 ] ] ] } },
{ "type": "Feature", "properties": { "ArcIds": [ -1050, 1051, 1052, -960 ], "AREA": 7930.25, "PERIMETER": 382.028, "CODLOC": "030", "NOMMUNI": "VILLA ANGELA", "NOMLOC": "VILLA ANGELA", "FRAC": "01", "RADIO": "12", "MZA": "018", "MZATXT": 18, "UGEO": "", "MZAM": "", "TMZA": 20, "DEPTO10": "098", "FRAC10": "01", "RADIO10": "05", "MZA10": "011", "CEN2010": "0980105011", "LINK2010": "220980105011", "DF": "09801", "TFRAC": 4496, "DFR": "0980112", "TRADIO": 355, "DFRM": "0980112018", "FRACN": 1, "RADION": 12 }, "geometry": { "type": "Polygon", "coordinates": [ [ [ -60.734142936369345, -27.571975981257683 ], [ -60.734129237041515, -27.571439136355377 ], [ -60.735450549849304, -27.571414099076804 ], [ -60.735454310124652, -27.571978067839922 ], [ -60.734142936369345, -27.571975981257683 ] ] ] } },
{ "type": "Feature", "properties": { "ArcIds": [ -1092, 1093, 1081, 1050, -958 ], "AREA": 15001.5, "PERIMETER": 488.105, "CODLOC": "030", "NOMMUNI": "VILLA ANGELA", "NOMLOC": "VILLA ANGELA", "FRAC": "01", "RADIO": "12", "MZA": "017", "MZATXT": 17, "UGEO": "", "MZAM": "", "TMZA": 26, "DEPTO10": "098", "FRAC10": "01", "RADIO10": "05", "MZA10": "012", "CEN2010": "0980105012", "LINK2010": "220980105012", "DF": "09801", "TFRAC": 4496, "DFR": "0980112", "TRADIO": 355, "DFRM": "0980112017", "FRACN": 1, "RADION": 12 }, "geometry": { "type": "Polygon", "coordinates": [ [ [ -60.732901308402916, -27.572564574578074 ], [ -60.732903939808061, -27.5714365830266 ], [ -60.734129237041515, -27.571439136355377 ], [ -60.734142936369345, -27.571975981257683 ], [ -60.734116311967163, -27.57254011069886 ], [ -60.732901308402916, -27.572564574578074 ] ] ] } },
{ "type": "Feature", "properties": { "ArcIds": [ -1084, 1091, 1092, -962 ], "AREA": 14605.125, "PERIMETER": 483.534, "CODLOC": "030", "NOMMUNI": "VILLA ANGELA", "NOMLOC": "VILLA ANGELA", "FRAC": "01", "RADIO": "12", "MZA": "016", "MZATXT": 16, "UGEO": "", "MZAM": "", "TMZA": 23, "DEPTO10": "098", "FRAC10": "01", "RADIO10": "05", "MZA10": "013", "CEN2010": "0980105013", "LINK2010": "220980105013", "DF": "09801", "TFRAC": 4496, "DFR": "0980112", "TRADIO": 355, "DFRM": "0980112016", "FRACN": 1, "RADION": 12 }, "geometry": { "type": "Polygon", "coordinates": [ [ [ -60.731711409620623, -27.572557312210382 ], [ -60.731694010832598, -27.571461009403116 ], [ -60.732903939808061, -27.5714365830266 ], [ -60.732901308402916, -27.572564574578074 ], [ -60.731711409620623, -27.572557312210382 ] ] ] } },
{ "type": "Feature", "properties": { "ArcIds": [ -1075, 1083, 1084, -965 ], "AREA": 14131.25, "PERIMETER": 475.558, "CODLOC": "030", "NOMMUNI": "VILLA ANGELA", "NOMLOC": "VILLA ANGELA", "FRAC": "01", "RADIO": "12", "MZA": "015", "MZATXT": 15, "UGEO": "", "MZAM": "", "TMZA": 20, "DEPTO10": "098", "FRAC10": "01", "RADIO10": "05", "MZA10": "014", "CEN2010": "0980105014", "LINK2010": "220980105014", "DF": "09801", "TFRAC": 4496, "DFR": "0980112", "TRADIO": 355, "DFRM": "0980112015", "FRACN": 1, "RADION": 12 }, "geometry": { "type": "Polygon", "coordinates": [ [ [ -60.730501198911504, -27.572541122647269 ], [ -60.730499299851147, -27.571489857127066 ], [ -60.731694010832598, -27.571461009403116 ], [ -60.731711409620623, -27.572557312210382 ], [ -60.730501198911504, -27.572541122647269 ] ] ] } },
{ "type": "Feature", "properties": { "ArcIds": [ -1089, 1090, 1075, -964 ], "AREA": 15612.0, "PERIMETER": 500.549, "CODLOC": "030", "NOMMUNI": "VILLA ANGELA", "NOMLOC": "VILLA ANGELA", "FRAC": "01", "RADIO": "12", "MZA": "014", "MZATXT": 14, "UGEO": "", "MZAM": "", "TMZA": 25, "DEPTO10": "098", "FRAC10": "01", "RADIO10": "05", "MZA10": "015", "CEN2010": "0980105015", "LINK2010": "220980105015", "DF": "09801", "TFRAC": 4496, "DFR": "0980112", "TRADIO": 355, "DFRM": "0980112014", "FRACN": 1, "RADION": 12 }, "geometry": { "type": "Polygon", "coordinates": [ [ [ -60.729169833771799, -27.572579701546825 ], [ -60.729162645820658, -27.571492368293594 ], [ -60.730499299851147, -27.571489857127066 ], [ -60.730501198911504, -27.572541122647269 ], [ -60.729169833771799, -27.572579701546825 ] ] ] } },
{ "type": "Feature", "properties": { "ArcIds": [ 967, -1085, -1088, 1089 ], "AREA": 15450.0, "PERIMETER": 497.528, "CODLOC": "030", "NOMMUNI": "VILLA ANGELA", "NOMLOC": "VILLA ANGELA", "FRAC": "01", "RADIO": "13", "MZA": "019", "MZATXT": 19, "UGEO": "", "MZAM": "0019", "TMZA": 0, "DEPTO10": "098", "FRAC10": "01", "RADIO10": "06", "MZA10": "019", "CEN2010": "0980106019", "LINK2010": "220980106019", "DF": "09801", "TFRAC": 4496, "DFR": "0980113", "TRADIO": 419, "DFRM": "0980113019", "FRACN": 1, "RADION": 13 }, "geometry": { "type": "Polygon", "coordinates": [ [ [ -60.729162645820658, -27.571492368293594 ], [ -60.727846302848853, -27.571503783996594 ], [ -60.727878733396174, -27.572581961395983 ], [ -60.729169833771799, -27.572579701546825 ], [ -60.729162645820658, -27.571492368293594 ] ] ] } },
{ "type": "Feature", "properties": { "ArcIds": [ 969, 1086, -1087, 1085 ], "AREA": 14489.375, "PERIMETER": 481.53, "CODLOC": "030", "NOMMUNI": "VILLA ANGELA", "NOMLOC": "VILLA ANGELA", "FRAC": "01", "RADIO": "13", "MZA": "018", "MZATXT": 18, "UGEO": "", "MZAM": "0018", "TMZA": 0, "DEPTO10": "098", "FRAC10": "01", "RADIO10": "06", "MZA10": "018", "CEN2010": "0980106018", "LINK2010": "220980106018", "DF": "09801", "TFRAC": 4496, "DFR": "0980113", "TRADIO": 419, "DFRM": "0980113018", "FRACN": 1, "RADION": 13 }, "geometry": { "type": "Polygon", "coordinates": [ [ [ -60.727846302848853, -27.571503783996594 ], [ -60.726636252057581, -27.571510119314137 ], [ -60.726633229615956, -27.572588482632618 ], [ -60.727878733396174, -27.572581961395983 ], [ -60.727846302848853, -27.571503783996594 ] ] ] } },
{ "type": "Feature", "properties": { "ArcIds": [ 981, -1094, -1095, -1086 ], "AREA": 14335.75, "PERIMETER": 479.075, "CODLOC": "030", "NOMMUNI": "VILLA ANGELA", "NOMLOC": "VILLA ANGELA", "FRAC": "01", "RADIO": "13", "MZA": "017", "MZATXT": 17, "UGEO": "", "MZAM": "0017", "TMZA": 20, "DEPTO10": "098", "FRAC10": "01", "RADIO10": "06", "MZA10": "017", "CEN2010": "0980106017", "LINK2010": "220980106017", "DF": "09801", "TFRAC": 4496, "DFR": "0980113", "TRADIO": 419, "DFRM": "0980113017", "FRACN": 1, "RADION": 13 }, "geometry": { "type": "Polygon", "coordinates": [ [ [ -60.726636252057581, -27.571510119314137 ], [ -60.725421315925161, -27.571543541095615 ], [ -60.725408096211602, -27.572612933976011 ], [ -60.726633229615956, -27.572588482632618 ], [ -60.726636252057581, -27.571510119314137 ] ] ] } },
{ "type": "Feature", "properties": { "ArcIds": [ 971, -1098, -1099, -1096 ], "AREA": 15888.875, "PERIMETER": 504.644, "CODLOC": "030", "NOMMUNI": "VILLA ANGELA", "NOMLOC": "VILLA ANGELA", "FRAC": "01", "RADIO": "13", "MZA": "015", "MZATXT": 15, "UGEO": "", "MZAM": "0015", "TMZA": 0, "DEPTO10": "098", "FRAC10": "01", "RADIO10": "06", "MZA10": "015", "CEN2010": "0980106015", "LINK2010": "220980106015", "DF": "09801", "TFRAC": 4496, "DFR": "0980113", "TRADIO": 419, "DFRM": "0980113015", "FRACN": 1, "RADION": 13 }, "geometry": { "type": "Polygon", "coordinates": [ [ [ -60.724211204801705, -27.571540831774449 ], [ -60.722859270900067, -27.571529826197395 ], [ -60.722917234021622, -27.572648479801259 ], [ -60.72420815865501, -27.572619195491725 ], [ -60.724211204801705, -27.571540831774449 ] ] ] } },
{ "type": "Feature", "properties": { "ArcIds": [ -1100, 1101, 1098, -974 ], "AREA": 16621.5, "PERIMETER": 515.871, "CODLOC": "030", "NOMMUNI": "VILLA ANGELA", "NOMLOC": "VILLA ANGELA", "FRAC": "01", "RADIO": "14", "MZA": "009", "MZATXT": 9, "UGEO": "", "MZAM": "", "TMZA": 8, "DEPTO10": "098", "FRAC10": "01", "RADIO10": "17", "MZA10": "009", "CEN2010": "0980117009", "LINK2010": "220980117009", "DF": "09801", "TFRAC": 4496, "DFR": "0980114", "TRADIO": 306, "DFRM": "0980114009", "FRACN": 1, "RADION": 14 }, "geometry": { "type": "Polygon", "coordinates": [ [ [ -60.721586010754564, -27.572709544894888 ], [ -60.721522761991579, -27.571554822672951 ], [ -60.722859270900067, -27.571529826197395 ], [ -60.722917234021622, -27.572648479801259 ], [ -60.721586010754564, -27.572709544894888 ] ] ] } },
{ "type": "Feature", "properties": { "ArcIds": [ 979, 1096, -1097, 1094 ], "AREA": 14161.75, "PERIMETER": 476.025, "CODLOC": "030", "NOMMUNI": "VILLA ANGELA", "NOMLOC": "VILLA ANGELA", "FRAC": "01", "RADIO": "13", "MZA": "016", "MZATXT": 16, "UGEO": "", "MZAM": "0016", "TMZA": 24, "DEPTO10": "098", "FRAC10": "01", "RADIO10": "06", "MZA10": "016", "CEN2010": "0980106016", "LINK2010": "220980106016", "DF": "09801", "TFRAC": 4496, "DFR": "0980113", "TRADIO": 419, "DFRM": "0980113016", "FRACN": 1, "RADION": 13 }, "geometry": { "type": "Polygon", "coordinates": [ [ [ -60.725421315925161, -27.571543541095615 ], [ -60.724211204801705, -27.571540831774449 ], [ -60.72420815865501, -27.572619195491725 ], [ -60.725408096211602, -27.572612933976011 ], [ -60.725421315925161, -27.571543541095615 ] ] ] } },
{ "type": "Feature", "properties": { "ArcIds": [ -1102, 1103, 1100, -976 ], "AREA": 18030.5, "PERIMETER": 537.632, "CODLOC": "030", "NOMMUNI": "VILLA ANGELA", "NOMLOC": "VILLA ANGELA", "FRAC": "01", "RADIO": "14", "MZA": "010", "MZATXT": 10, "UGEO": "", "MZAM": "", "TMZA": 10, "DEPTO10": "098", "FRAC10": "01", "RADIO10": "17", "MZA10": "010", "CEN2010": "0980117010", "LINK2010": "220980117010", "DF": "09801", "TFRAC": 4496, "DFR": "0980114", "TRADIO": 306, "DFRM": "0980114010", "FRACN": 1, "RADION": 14 }, "geometry": { "type": "Polygon", "coordinates": [ [ [ -60.72014316316924, -27.572735080683216 ], [ -60.720135504492092, -27.571562021733165 ], [ -60.721522761991579, -27.571554822672951 ], [ -60.721586010754564, -27.572709544894888 ], [ -60.72014316316924, -27.572735080683216 ] ] ] } },
{ "type": "Feature", "properties": { "ArcIds": [ -1104, 1105, 1102, -978 ], "AREA": 15744.125, "PERIMETER": 502.551, "CODLOC": "030", "NOMMUNI": "VILLA ANGELA", "NOMLOC": "VILLA ANGELA", "FRAC": "01", "RADIO": "14", "MZA": "011", "MZATXT": 11, "UGEO": "", "MZAM": "", "TMZA": 24, "DEPTO10": "098", "FRAC10": "01", "RADIO10": "17", "MZA10": "011", "CEN2010": "0980117011", "LINK2010": "220980117011", "DF": "09801", "TFRAC": 4496, "DFR": "0980114", "TRADIO": 306, "DFRM": "0980114011", "FRACN": 1, "RADION": 14 }, "geometry": { "type": "Polygon", "coordinates": [ [ [ -60.718933302663686, -27.572772931517598 ], [ -60.718925450997652, -27.571568289894202 ], [ -60.720135504492092, -27.571562021733165 ], [ -60.72014316316924, -27.572735080683216 ], [ -60.718933302663686, -27.572772931517598 ] ] ] } },
{ "type": "Feature", "properties": { "ArcIds": [ -1106, 1107, 1104, -983 ], "AREA": 15800.0, "PERIMETER": 503.583, "CODLOC": "030", "NOMMUNI": "VILLA ANGELA", "NOMLOC": "VILLA ANGELA", "FRAC": "01", "RADIO": "14", "MZA": "012", "MZATXT": 12, "UGEO": "", "MZAM": "", "TMZA": 9, "DEPTO10": "098", "FRAC10": "01", "RADIO10": "17", "MZA10": "012", "CEN2010": "0980117012", "LINK2010": "220980117012", "DF": "09801", "TFRAC": 4496, "DFR": "0980114", "TRADIO": 306, "DFRM": "0980114012", "FRACN": 1, "RADION": 14 }, "geometry": { "type": "Polygon", "coordinates": [ [ [ -60.717738542131208, -27.572797158040782 ], [ -60.717710539619581, -27.571606156051903 ], [ -60.718925450997652, -27.571568289894202 ], [ -60.718933302663686, -27.572772931517598 ], [ -60.717738542131208, -27.572797158040782 ] ] ] } },
{ "type": "Feature", "properties": { "ArcIds": [ -1108, 1109, 1106, -985 ], "AREA": 16085.875, "PERIMETER": 507.764, "CODLOC": "030", "NOMMUNI": "VILLA ANGELA", "NOMLOC": "VILLA ANGELA", "FRAC": "08", "RADIO": "09", "MZA": "011", "MZATXT": 11, "UGEO": "", "MZAM": "", "TMZA": 16, "DEPTO10": "098", "FRAC10": "01", "RADIO10": "16", "MZA10": "011", "CEN2010": "0980116011", "LINK2010": "220980116011", "DF": "09808", "TFRAC": 4286, "DFR": "0980809", "TRADIO": 223, "DFRM": "0980809011", "FRACN": 8, "RADION": 9 }, "geometry": { "type": "Polygon", "coordinates": [ [ [ -60.71652862099819, -27.572825964420307 ], [ -60.716450030916697, -27.571639734866334 ], [ -60.717710539619581, -27.571606156051903 ], [ -60.717738542131208, -27.572797158040782 ], [ -60.71652862099819, -27.572825964420307 ] ] ] } },
{ "type": "Feature", "properties": { "ArcIds": [ -1110, 1111, 1108, -987 ], "AREA": 15425.5, "PERIMETER": 497.729, "CODLOC": "030", "NOMMUNI": "VILLA ANGELA", "NOMLOC": "VILLA ANGELA", "FRAC": "08", "RADIO": "09", "MZA": "010", "MZATXT": 10, "UGEO": "", "MZAM": "", "TMZA": 36, "DEPTO10": "098", "FRAC10": "01", "RADIO10": "16", "MZA10": "010", "CEN2010": "0980116010", "LINK2010": "220980116010", "DF": "09808", "TFRAC": 4286, "DFR": "0980809", "TRADIO": 223, "DFRM": "0980809010", "FRACN": 8, "RADION": 9 }, "geometry": { "type": "Polygon", "coordinates": [ [ [ -60.71531864046073, -27.572845736732585 ], [ -60.715285630306816, -27.571659271610034 ], [ -60.716450030916697, -27.571639734866334 ], [ -60.71652862099819, -27.572825964420307 ], [ -60.71531864046073, -27.572845736732585 ] ] ] } },
{ "type": "Feature", "properties": { "ArcIds": [ -1113, 1114, 1110, -989 ], "AREA": 16125.0, "PERIMETER": 508.446, "CODLOC": "030", "NOMMUNI": "VILLA ANGELA", "NOMLOC": "VILLA ANGELA", "FRAC": "08", "RADIO": "09", "MZA": "009", "MZATXT": 9, "UGEO": "", "MZAM": "", "TMZA": 19, "DEPTO10": "098", "FRAC10": "01", "RADIO10": "16", "MZA10": "009", "CEN2010": "0980116009", "LINK2010": "220980116009", "DF": "09808", "TFRAC": 4286, "DFR": "0980809", "TRADIO": 223, "DFRM": "0980809009", "FRACN": 8, "RADION": 9 }, "geometry": { "type": "Polygon", "coordinates": [ [ [ -60.714113751499561, -27.572869984252378 ], [ -60.714004838538635, -27.571688420774038 ], [ -60.715285630306816, -27.571659271610034 ], [ -60.71531864046073, -27.572845736732585 ], [ -60.714113751499561, -27.572869984252378 ] ] ] } },
{ "type": "Feature", "properties": { "ArcIds": [ -1120, 1121, 1113, -991 ], "AREA": 15900.75, "PERIMETER": 505.064, "CODLOC": "030", "NOMMUNI": "VILLA ANGELA", "NOMLOC": "VILLA ANGELA", "FRAC": "08", "RADIO": "09", "MZA": "008", "MZATXT": 8, "UGEO": "", "MZAM": "", "TMZA": 21, "DEPTO10": "098", "FRAC10": "01", "RADIO10": "16", "MZA10": "008", "CEN2010": "0980116008", "LINK2010": "220980116008", "DF": "09808", "TFRAC": 4286, "DFR": "0980809", "TRADIO": 223, "DFRM": "0980809008", "FRACN": 8, "RADION": 9 }, "geometry": { "type": "Polygon", "coordinates": [ [ [ -60.712863235956448, -27.572885431655994 ], [ -60.712789835654483, -27.571712708629011 ], [ -60.714004838538635, -27.571688420774038 ], [ -60.714113751499561, -27.572869984252378 ], [ -60.712863235956448, -27.572885431655994 ] ] ] } },
{ "type": "Feature", "properties": { "ArcIds": [ -1112, 1119, 1120, -993 ], "AREA": 15648.125, "PERIMETER": 500.753, "CODLOC": "030", "NOMMUNI": "VILLA ANGELA", "NOMLOC": "VILLA ANGELA", "FRAC": "08", "RADIO": "09", "MZA": "007", "MZATXT": 7, "UGEO": "", "MZAM": "", "TMZA": 19, "DEPTO10": "098", "FRAC10": "01", "RADIO10": "16", "MZA10": "007", "CEN2010": "0980116007", "LINK2010": "220980116007", "DF": "09808", "TFRAC": 4286, "DFR": "0980809", "TRADIO": 223, "DFRM": "0980809007", "FRACN": 8, "RADION": 9 }, "geometry": { "type": "Polygon", "coordinates": [ [ [ -60.711607452980786, -27.572869311334063 ], [ -60.711564705978184, -27.571737037738721 ], [ -60.712789835654483, -27.571712708629011 ], [ -60.712863235956448, -27.572885431655994 ], [ -60.711607452980786, -27.572869311334063 ] ] ] } },
{ "type": "Feature", "properties": { "ArcIds": [ 999, -1115, -1116, 1112 ], "AREA": 14875.625, "PERIMETER": 488.111, "CODLOC": "030", "NOMMUNI": "VILLA ANGELA", "NOMLOC": "VILLA ANGELA", "FRAC": "08", "RADIO": "12", "MZA": "001", "MZATXT": 1, "UGEO": "", "MZAM": "0001", "TMZA": 17, "DEPTO10": "098", "FRAC10": "01", "RADIO10": "12", "MZA10": "001", "CEN2010": "0980112001", "LINK2010": "220980112001", "DF": "09808", "TFRAC": 4286, "DFR": "0980812", "TRADIO": 257, "DFRM": "0980812001", "FRACN": 8, "RADION": 12 }, "geometry": { "type": "Polygon", "coordinates": [ [ [ -60.711564705978184, -27.571737037738721 ], [ -60.710369924475238, -27.571756688922921 ], [ -60.7104076252364, -27.572893500783707 ], [ -60.711607452980786, -27.572869311334063 ], [ -60.711564705978184, -27.571737037738721 ] ] ] } },
{ "type": "Feature", "properties": { "ArcIds": [ 997, 1053, -1054, -1117, -1118, 1115 ], "AREA": 12859.625, "PERIMETER": 494.061, "CODLOC": "030", "NOMMUNI": "VILLA ANGELA", "NOMLOC": "VILLA ANGELA", "FRAC": "08", "RADIO": "12", "MZA": "002", "MZATXT": 2, "UGEO": "", "MZAM": "0002", "TMZA": 23, "DEPTO10": "098", "FRAC10": "01", "RADIO10": "12", "MZA10": "002", "CEN2010": "0980112002", "LINK2010": "220980112002", "DF": "09808", "TFRAC": 4286, "DFR": "0980812", "TRADIO": 257, "DFRM": "0980812002", "FRACN": 8, "RADION": 12 }, "geometry": { "type": "Polygon", "coordinates": [ [ [ -60.710369924475238, -27.571756688922921 ], [ -60.709174997265116, -27.571753770956125 ], [ -60.709178768297598, -27.572340301845369 ], [ -60.709553403650318, -27.572333876665731 ], [ -60.709541842492428, -27.57289792617404 ], [ -60.7104076252364, -27.572893500783707 ], [ -60.710369924475238, -27.571756688922921 ] ] ] } },
{ "type": "Feature", "properties": { "ArcIds": [ 996, 1056, -1057, -1053 ], "AREA": 8081.875, "PERIMETER": 376.533, "CODLOC": "030", "NOMMUNI": "VILLA ANGELA", "NOMLOC": "VILLA ANGELA", "FRAC": "08", "RADIO": "12", "MZA": "003", "MZATXT": 3, "UGEO": "", "MZAM": "0003", "TMZA": 18, "DEPTO10": "098", "FRAC10": "01", "RADIO10": "12", "MZA10": "003", "CEN2010": "0980112003", "LINK2010": "220980112003", "DF": "09808", "TFRAC": 4286, "DFR": "0980812", "TRADIO": 257, "DFRM": "0980812003", "FRACN": 8, "RADION": 12 }, "geometry": { "type": "Polygon", "coordinates": [ [ [ -60.709174997265116, -27.571753770956125 ], [ -60.707944686742529, -27.571760046898845 ], [ -60.707938469954499, -27.572369188439303 ], [ -60.709178768297598, -27.572340301845369 ], [ -60.709174997265116, -27.571753770956125 ] ] ] } },
{ "type": "Feature", "properties": { "ArcIds": [ 1001, -1123, -1124, -1122, -1055, -1056 ], "AREA": 12985.0, "PERIMETER": 496.563, "CODLOC": "030", "NOMMUNI": "VILLA ANGELA", "NOMLOC": "VILLA ANGELA", "FRAC": "08", "RADIO": "12", "MZA": "004", "MZATXT": 4, "UGEO": "", "MZAM": "0004", "TMZA": 23, "DEPTO10": "098", "FRAC10": "01", "RADIO10": "12", "MZA10": "004", "CEN2010": "0980112004", "LINK2010": "220980112004", "DF": "09808", "TFRAC": 4286, "DFR": "0980812", "TRADIO": 257, "DFRM": "0980812004", "FRACN": 8, "RADION": 12 }, "geometry": { "type": "Polygon", "coordinates": [ [ [ -60.707944686742529, -27.571760046898845 ], [ -60.706775276473252, -27.57178856170982 ], [ -60.70679306382813, -27.572984131404329 ], [ -60.707613193358583, -27.572966419951825 ], [ -60.7075992176472, -27.572366405169529 ], [ -60.707938469954499, -27.572369188439303 ], [ -60.707944686742529, -27.571760046898845 ] ] ] } },
{ "type": "Feature", "properties": { "ArcIds": [ 1003, -1125, -1126, 1123 ], "AREA": 16039.5, "PERIMETER": 507.028, "CODLOC": "030", "NOMMUNI": "VILLA ANGELA", "NOMLOC": "VILLA ANGELA", "FRAC": "08", "RADIO": "12", "MZA": "005", "MZATXT": 5, "UGEO": "", "MZAM": "0005", "TMZA": 22, "DEPTO10": "098", "FRAC10": "01", "RADIO10": "12", "MZA10": "005", "CEN2010": "0980112005", "LINK2010": "220980112005", "DF": "09808", "TFRAC": 4286, "DFR": "0980812", "TRADIO": 257, "DFRM": "0980812005", "FRACN": 8, "RADION": 12 }, "geometry": { "type": "Polygon", "coordinates": [ [ [ -60.706775276473252, -27.57178856170982 ], [ -60.705545080360274, -27.571812863524855 ], [ -60.70556279667111, -27.572999410064575 ], [ -60.70679306382813, -27.572984131404329 ], [ -60.706775276473252, -27.57178856170982 ] ] ] } },
{ "type": "Feature", "properties": { "ArcIds": [ 1005, -1127, -1128, 1125 ], "AREA": 19405.0, "PERIMETER": 558.079, "CODLOC": "030", "NOMMUNI": "VILLA ANGELA", "NOMLOC": "VILLA ANGELA", "FRAC": "08", "RADIO": "10", "MZA": "006", "MZATXT": 6, "UGEO": "", "MZAM": "0008", "TMZA": 24, "DEPTO10": "098", "FRAC10": "01", "RADIO10": "11", "MZA10": "008", "CEN2010": "0980111008", "LINK2010": "220980111008", "DF": "09808", "TFRAC": 4286, "DFR": "0980810", "TRADIO": 328, "DFRM": "0980810006", "FRACN": 8, "RADION": 10 }, "geometry": { "type": "Polygon", "coordinates": [ [ [ -60.705545080360274, -27.571812863524855 ], [ -60.704046572463504, -27.571843026606444 ], [ -60.704079490679526, -27.573034008420688 ], [ -60.70556279667111, -27.572999410064575 ], [ -60.705545080360274, -27.571812863524855 ] ] ] } },
{ "type": "Feature", "properties": { "ArcIds": [ 1007, 1129, -1130, 1127 ], "AREA": 13299.0, "PERIMETER": 465.527, "CODLOC": "030", "NOMMUNI": "VILLA ANGELA", "NOMLOC": "VILLA ANGELA", "FRAC": "08", "RADIO": "10", "MZA": "005", "MZATXT": 5, "UGEO": "", "MZAM": "0009", "TMZA": 18, "DEPTO10": "098", "FRAC10": "01", "RADIO10": "11", "MZA10": "009", "CEN2010": "0980111009", "LINK2010": "220980111009", "DF": "09808", "TFRAC": 4286, "DFR": "0980810", "TRADIO": 328, "DFRM": "0980810005", "FRACN": 8, "RADION": 10 }, "geometry": { "type": "Polygon", "coordinates": [ [ [ -60.704046572463504, -27.571843026606444 ], [ -60.703033969298474, -27.571848155415818 ], [ -60.703051687375059, -27.57303921455587 ], [ -60.704079490679526, -27.573034008420688 ], [ -60.704046572463504, -27.571843026606444 ] ] ] } },
{ "type": "Feature", "properties": { "ArcIds": [ 1009, -1134, -1135, -1129 ], "AREA": 15408.25, "PERIMETER": 497.548, "CODLOC": "030", "NOMMUNI": "VILLA ANGELA", "NOMLOC": "VILLA ANGELA", "FRAC": "08", "RADIO": "10", "MZA": "004", "MZATXT": 4, "UGEO": "", "MZAM": "0010", "TMZA": 24, "DEPTO10": "098", "FRAC10": "01", "RADIO10": "11", "MZA10": "010", "CEN2010": "0980111010", "LINK2010": "220980111010", "DF": "09808", "TFRAC": 4286, "DFR": "0980810", "TRADIO": 328, "DFRM": "0980810004", "FRACN": 8, "RADION": 10 }, "geometry": { "type": "Polygon", "coordinates": [ [ [ -60.703033969298474, -27.571848155415818 ], [ -60.701859464125533, -27.571872142721471 ], [ -60.701867072095126, -27.57306776519469 ], [ -60.703051687375059, -27.57303921455587 ], [ -60.703033969298474, -27.571848155415818 ] ] ] } },
{ "type": "Feature", "properties": { "ArcIds": [ 1019, -1136, -1137, 1134 ], "AREA": 15684.125, "PERIMETER": 507.845, "CODLOC": "030", "NOMMUNI": "VILLA ANGELA", "NOMLOC": "VILLA ANGELA", "FRAC": "08", "RADIO": "11", "MZA": "005", "MZATXT": 5, "UGEO": "", "MZAM": "0011", "TMZA": 31, "DEPTO10": "098", "FRAC10": "01", "RADIO10": "11", "MZA10": "011", "CEN2010": "0980111011", "LINK2010": "220980111011", "DF": "09808", "TFRAC": 4286, "DFR": "0980811", "TRADIO": 333, "DFRM": "0980811005", "FRACN": 8, "RADION": 11 }, "geometry": { "type": "Polygon", "coordinates": [ [ [ -60.701859464125533, -27.571872142721471 ], [ -60.701434744338798, -27.571964526700118 ], [ -60.700564076118724, -27.571995992271408 ], [ -60.700616664631234, -27.573101149541444 ], [ -60.701867072095126, -27.57306776519469 ], [ -60.701859464125533, -27.571872142721471 ] ] ] } },
{ "type": "Feature", "properties": { "ArcIds": [ 1010, 1140, -1143, 1144 ], "AREA": 8047.0, "PERIMETER": 386.333, "CODLOC": "030", "NOMMUNI": "VILLA ANGELA", "NOMLOC": "VILLA ANGELA", "FRAC": "08", "RADIO": "05", "MZA": "021", "MZATXT": 21, "UGEO": "", "MZAM": "0021", "TMZA": 29, "DEPTO10": "098", "FRAC10": "01", "RADIO10": "10", "MZA10": "021", "CEN2010": "0980110021", "LINK2010": "220980110021", "DF": "09808", "TFRAC": 4286, "DFR": "0980805", "TRADIO": 446, "DFRM": "0980805021", "FRACN": 8, "RADION": 5 }, "geometry": { "type": "Polygon", "coordinates": [ [ [ -60.698133537326953, -27.571963110281494 ], [ -60.697556266598184, -27.57195247468745 ], [ -60.69757395411451, -27.573148047393104 ], [ -60.698232183290628, -27.573149252020485 ], [ -60.698133537326953, -27.571963110281494 ] ] ] } },
{ "type": "Feature", "properties": { "ArcIds": [ 1012, -1141, -1142, -1140 ], "AREA": 7840.25, "PERIMETER": 382.538, "CODLOC": "030", "NOMMUNI": "VILLA ANGELA", "NOMLOC": "VILLA ANGELA", "FRAC": "08", "RADIO": "05", "MZA": "022", "MZATXT": 22, "UGEO": "", "MZAM": "0022", "TMZA": 28, "DEPTO10": "098", "FRAC10": "01", "RADIO10": "10", "MZA10": "022", "CEN2010": "0980110022", "LINK2010": "220980110022", "DF": "09808", "TFRAC": 4286, "DFR": "0980805", "TRADIO": 446, "DFRM": "0980805022", "FRACN": 8, "RADION": 5 }, "geometry": { "type": "Polygon", "coordinates": [ [ [ -60.697556266598184, -27.57195247468745 ], [ -60.69694878880663, -27.571969059846612 ], [ -60.696976510382697, -27.573151046575539 ], [ -60.69757395411451, -27.573148047393104 ], [ -60.697556266598184, -27.57195247468745 ] ] ] } },
{ "type": "Feature", "properties": { "ArcIds": [ 1014, 1146, -1147, 1141 ], "AREA": 7908.375, "PERIMETER": 383.041, "CODLOC": "030", "NOMMUNI": "VILLA ANGELA", "NOMLOC": "VILLA ANGELA", "FRAC": "08", "RADIO": "06", "MZA": "011", "MZATXT": 11, "UGEO": "", "MZAM": "0013", "TMZA": 23, "DEPTO10": "098", "FRAC10": "01", "RADIO10": "21", "MZA10": "013", "CEN2010": "0980121013", "LINK2010": "220980121013", "DF": "09808", "TFRAC": 4286, "DFR": "0980806", "TRADIO": 384, "DFRM": "0980806011", "FRACN": 8, "RADION": 6 }, "geometry": { "type": "Polygon", "coordinates": [ [ [ -60.69694878880663, -27.571969059846612 ], [ -60.696336162292553, -27.571972132368167 ], [ -60.696368968876641, -27.57315860574429 ], [ -60.696976510382697, -27.573151046575539 ], [ -60.69694878880663, -27.571969059846612 ] ] ] } },
{ "type": "Feature", "properties": { "ArcIds": [ 1016, -1148, -1149, -1146 ], "AREA": 7879.875, "PERIMETER": 382.063, "CODLOC": "030", "NOMMUNI": "VILLA ANGELA", "NOMLOC": "VILLA ANGELA", "FRAC": "08", "RADIO": "06", "MZA": "012", "MZATXT": 12, "UGEO": "", "MZAM": "0014", "TMZA": 26, "DEPTO10": "098", "FRAC10": "01", "RADIO10": "21", "MZA10": "014", "CEN2010": "0980121014", "LINK2010": "220980121014", "DF": "09808", "TFRAC": 4286, "DFR": "0980806", "TRADIO": 384, "DFRM": "0980806012", "FRACN": 8, "RADION": 6 }, "geometry": { "type": "Polygon", "coordinates": [ [ [ -60.696336162292553, -27.571972132368167 ], [ -60.69573377557402, -27.571993198625901 ], [ -60.695751301055729, -27.573166212979924 ], [ -60.696368968876641, -27.57315860574429 ], [ -60.696336162292553, -27.571972132368167 ] ] ] } },
{ "type": "Feature", "properties": { "ArcIds": [ 1017, -1150, -1151, 1148 ], "AREA": 7667.25, "PERIMETER": 378.547, "CODLOC": "030", "NOMMUNI": "VILLA ANGELA", "NOMLOC": "VILLA ANGELA", "FRAC": "08", "RADIO": "06", "MZA": "013", "MZATXT": 13, "UGEO": "", "MZAM": "0015", "TMZA": 23, "DEPTO10": "098", "FRAC10": "01", "RADIO10": "21", "MZA10": "015", "CEN2010": "0980121015", "LINK2010": "220980121015", "DF": "09808", "TFRAC": 4286, "DFR": "0980806", "TRADIO": 384, "DFRM": "0980806013", "FRACN": 8, "RADION": 6 }, "geometry": { "type": "Polygon", "coordinates": [ [ [ -60.69573377557402, -27.571993198625901 ], [ -60.69514652079468, -27.572005162681933 ], [ -60.695148907650072, -27.573187276819919 ], [ -60.695751301055729, -27.573166212979924 ], [ -60.69573377557402, -27.571993198625901 ] ] ] } },
{ "type": "Feature", "properties": { "ArcIds": [ 1023, -1152, -1153, 1150 ], "AREA": 7855.0, "PERIMETER": 380.161, "CODLOC": "030", "NOMMUNI": "VILLA ANGELA", "NOMLOC": "VILLA ANGELA", "FRAC": "08", "RADIO": "06", "MZA": "014", "MZATXT": 14, "UGEO": "", "MZAM": "0016", "TMZA": 23, "DEPTO10": "098", "FRAC10": "01", "RADIO10": "21", "MZA10": "016", "CEN2010": "0980121016", "LINK2010": "220980121016", "DF": "09808", "TFRAC": 4286, "DFR": "0980806", "TRADIO": 384, "DFRM": "0980806014", "FRACN": 8, "RADION": 6 }, "geometry": { "type": "Polygon", "coordinates": [ [ [ -60.69514652079468, -27.572005162681933 ], [ -60.694508777535574, -27.572039936368036 ], [ -60.694556526484575, -27.573190240258281 ], [ -60.695148907650072, -27.573187276819919 ], [ -60.69514652079468, -27.572005162681933 ] ] ] } },
{ "type": "Feature", "properties": { "ArcIds": [ 1021, 1138, -1139, 1136 ], "AREA": 14549.25, "PERIMETER": 482.618, "CODLOC": "030", "NOMMUNI": "VILLA ANGELA", "NOMLOC": "VILLA ANGELA", "FRAC": "08", "RADIO": "11", "MZA": "006", "MZATXT": 6, "UGEO": "", "MZAM": "0012", "TMZA": 28, "DEPTO10": "098", "FRAC10": "01", "RADIO10": "11", "MZA10": "012", "CEN2010": "0980111012", "LINK2010": "220980111012", "DF": "09808", "TFRAC": 4286, "DFR": "0980811", "TRADIO": 333, "DFRM": "0980811006", "FRACN": 8, "RADION": 11 }, "geometry": { "type": "Polygon", "coordinates": [ [ [ -60.700564076118724, -27.571995992271408 ], [ -60.699389539738405, -27.572015446944366 ], [ -60.699396606014929, -27.573129857898575 ], [ -60.700616664631234, -27.573101149541444 ], [ -60.700564076118724, -27.571995992271408 ] ] ] } },
{ "type": "Feature", "properties": { "ArcIds": [ 1025, 1156, -1157, 1152 ], "AREA": 14177.625, "PERIMETER": 477.592, "CODLOC": "030", "NOMMUNI": "VILLA ANGELA", "NOMLOC": "VILLA ANGELA", "FRAC": "08", "RADIO": "06", "MZA": "015", "MZATXT": 15, "UGEO": "", "MZAM": "0017", "TMZA": 8, "DEPTO10": "098", "FRAC10": "01", "RADIO10": "21", "MZA10": "017", "CEN2010": "0980121017", "LINK2010": "220980121017", "DF": "09808", "TFRAC": 4286, "DFR": "0980806", "TRADIO": 384, "DFRM": "0980806015", "FRACN": 8, "RADION": 6 }, "geometry": { "type": "Polygon", "coordinates": [ [ [ -60.694508777535574, -27.572039936368036 ], [ -60.693394909780636, -27.572045501208969 ], [ -60.693427514589146, -27.573204905106827 ], [ -60.694556526484575, -27.573190240258281 ], [ -60.694508777535574, -27.572039936368036 ] ] ] } },
{ "type": "Feature", "properties": { "ArcIds": [ 1027, 1154, -1155, -1156 ], "AREA": 8415.375, "PERIMETER": 387.532, "CODLOC": "030", "NOMMUNI": "VILLA ANGELA", "NOMLOC": "VILLA ANGELA", "FRAC": "08", "RADIO": "06", "MZA": "016", "MZATXT": 16, "UGEO": "", "MZAM": "0018", "TMZA": 11, "DEPTO10": "098", "FRAC10": "01", "RADIO10": "21", "MZA10": "018", "CEN2010": "0980121018", "LINK2010": "220980121018", "DF": "09808", "TFRAC": 4286, "DFR": "0980806", "TRADIO": 384, "DFRM": "0980806016", "FRACN": 8, "RADION": 6 }, "geometry": { "type": "Polygon", "coordinates": [ [ [ -60.693394909780636, -27.572045501208969 ], [ -60.69274177808488, -27.572048760075738 ], [ -60.692749003907956, -27.573199266931859 ], [ -60.693427514589146, -27.573204905106827 ], [ -60.693394909780636, -27.572045501208969 ] ] ] } },
{ "type": "Feature", "properties": { "ArcIds": [ 1029, -1163, -1164, -1154 ], "AREA": 7858.375, "PERIMETER": 378.124, "CODLOC": "030", "NOMMUNI": "VILLA ANGELA", "NOMLOC": "VILLA ANGELA", "FRAC": "08", "RADIO": "06", "MZA": "017", "MZATXT": 17, "UGEO": "", "MZAM": "0019", "TMZA": 24, "DEPTO10": "098", "FRAC10": "01", "RADIO10": "21", "MZA10": "019", "CEN2010": "0980121019", "LINK2010": "220980121019", "DF": "09808", "TFRAC": 4286, "DFR": "0980806", "TRADIO": 384, "DFRM": "0980806017", "FRACN": 8, "RADION": 6 }, "geometry": { "type": "Polygon", "coordinates": [ [ [ -60.69274177808488, -27.572048760075738 ], [ -60.692114131328132, -27.57207896049081 ], [ -60.692126385393678, -27.573224930474005 ], [ -60.692749003907956, -27.573199266931859 ], [ -60.69274177808488, -27.572048760075738 ] ] ] } },
{ "type": "Feature", "properties": { "ArcIds": [ 1031, -1167, -1168, -1165, 1163 ], "AREA": 15464.625, "PERIMETER": 497.543, "CODLOC": "030", "NOMMUNI": "VILLA ANGELA", "NOMLOC": "VILLA ANGELA", "FRAC": "08", "RADIO": "07", "MZA": "009", "MZATXT": 9, "UGEO": "", "MZAM": "0020", "TMZA": 4, "DEPTO10": "098", "FRAC10": "01", "RADIO10": "21", "MZA10": "020", "CEN2010": "0980121020", "LINK2010": "220980121020", "DF": "09808", "TFRAC": 4286, "DFR": "0980807", "TRADIO": 332, "DFRM": "0980807009", "FRACN": 8, "RADION": 7 }, "geometry": { "type": "Polygon", "coordinates": [ [ [ -60.692114131328132, -27.57207896049081 ], [ -60.690878777903656, -27.572089622370097 ], [ -60.690911356299672, -27.573249027336683 ], [ -60.691569501870177, -27.573236728153027 ], [ -60.692126385393678, -27.573224930474005 ], [ -60.692114131328132, -27.57207896049081 ] ] ] } },
{ "type": "Feature", "properties": { "ArcIds": [ 1032, -1174, -1175, 1167 ], "AREA": 7716.5, "PERIMETER": 376.611, "CODLOC": "030", "NOMMUNI": "VILLA ANGELA", "NOMLOC": "VILLA ANGELA", "FRAC": "08", "RADIO": "07", "MZA": "008", "MZATXT": 8, "UGEO": "", "MZAM": "0021", "TMZA": 15, "DEPTO10": "098", "FRAC10": "01", "RADIO10": "21", "MZA10": "021", "CEN2010": "0980121021", "LINK2010": "220980121021", "DF": "09808", "TFRAC": 4286, "DFR": "0980807", "TRADIO": 332, "DFRM": "0980807008", "FRACN": 8, "RADION": 7 }, "geometry": { "type": "Polygon", "coordinates": [ [ [ -60.690878777903656, -27.572089622370097 ], [ -60.690271354146262, -27.572115201944474 ], [ -60.690298806603742, -27.573265608741867 ], [ -60.690911356299672, -27.573249027336683 ], [ -60.690878777903656, -27.572089622370097 ] ] ] } },
{ "type": "Feature", "properties": { "ArcIds": [ 1037, -1179, -1180, 1174 ], "AREA": 6736.125, "PERIMETER": 360.875, "CODLOC": "030", "NOMMUNI": "VILLA ANGELA", "NOMLOC": "VILLA ANGELA", "FRAC": "08", "RADIO": "07", "MZA": "007", "MZATXT": 7, "UGEO": "", "MZAM": "0022", "TMZA": 26, "DEPTO10": "098", "FRAC10": "01", "RADIO10": "21", "MZA10": "022", "CEN2010": "0980121022", "LINK2010": "220980121022", "DF": "09808", "TFRAC": 4286, "DFR": "0980807", "TRADIO": 332, "DFRM": "0980807007", "FRACN": 8, "RADION": 7 }, "geometry": { "type": "Polygon", "coordinates": [ [ [ -60.690271354146262, -27.572115201944474 ], [ -60.689704406188945, -27.572136065958535 ], [ -60.689797673004264, -27.573286146111677 ], [ -60.690298806603742, -27.573265608741867 ], [ -60.690271354146262, -27.572115201944474 ] ] ] } },
{ "type": "Feature", "properties": { "ArcIds": [ 1036, 1059, -1184, -1185, 1179 ], "AREA": 8158.625, "PERIMETER": 383.838, "CODLOC": "030", "NOMMUNI": "VILLA ANGELA", "NOMLOC": "VILLA ANGELA", "FRAC": "08", "RADIO": "07", "MZA": "006", "MZATXT": 6, "UGEO": "", "MZAM": "0023", "TMZA": 21, "DEPTO10": "098", "FRAC10": "01", "RADIO10": "21", "MZA10": "023", "CEN2010": "0980121023", "LINK2010": "220980121023", "DF": "09808", "TFRAC": 4286, "DFR": "0980807", "TRADIO": 332, "DFRM": "0980807006", "FRACN": 8, "RADION": 7 }, "geometry": { "type": "Polygon", "coordinates": [ [ [ -60.689704406188945, -27.572136065958535 ], [ -60.68910688237974, -27.572125495807377 ], [ -60.689105342753216, -27.572689495326269 ], [ -60.689124365642876, -27.573303024063136 ], [ -60.689797673004264, -27.573286146111677 ], [ -60.689704406188945, -27.572136065958535 ] ] ] } },
{ "type": "Feature", "properties": { "ArcIds": [ 1035, 1039, -1063, -1064, -1059 ], "AREA": 10674.75, "PERIMETER": 474.394, "CODLOC": "030", "NOMMUNI": "VILLA ANGELA", "NOMLOC": "VILLA ANGELA", "FRAC": "08", "RADIO": "07", "MZA": "004", "MZATXT": 4, "UGEO": "", "MZAM": "0024", "TMZA": 30, "DEPTO10": "098", "FRAC10": "01", "RADIO10": "21", "MZA10": "024", "CEN2010": "0980121024", "LINK2010": "220980121024", "DF": "09808", "TFRAC": 4286, "DFR": "0980807", "TRADIO": 332, "DFRM": "0980807004", "FRACN": 8, "RADION": 7 }, "geometry": { "type": "Polygon", "coordinates": [ [ [ -60.68910688237974, -27.572125495807377 ], [ -60.688155058095347, -27.572134726566141 ], [ -60.687203261611003, -27.572148462602161 ], [ -60.687566253506162, -27.572710658250987 ], [ -60.689105342753216, -27.572689495326269 ], [ -60.68910688237974, -27.572125495807377 ] ] ] } },
{ "type": "Feature", "properties": { "ArcIds": [ 1063, -1535, -1537, -1538, -1536, -1534, -1533, -1531, -1425, -1308, -1188 ], "AREA": 79815.25, "PERIMETER": 1435.365, "CODLOC": "030", "NOMMUNI": "VILLA ANGELA", "NOMLOC": "VILLA ANGELA", "FRAC": "07", "RADIO": "03", "MZA": "001", "MZATXT": 1, "UGEO": "", "MZAM": "0011", "TMZA": 16, "DEPTO10": "098", "FRAC10": "07", "RADIO10": "07", "MZA10": "011", "CEN2010": "0980707011", "LINK2010": "220980707011", "DF": "09807", "TFRAC": 4624, "DFR": "0980703", "TRADIO": 298, "DFRM": "0980703001", "FRACN": 7, "RADION": 3 }, "geometry": { "type": "Polygon", "coordinates": [ [ [ -60.687566253506162, -27.572710658250987 ], [ -60.687203261611003, -27.572148462602161 ], [ -60.687302175389867, -27.576646372150904 ], [ -60.687884533948754, -27.576657024848451 ], [ -60.688456625227325, -27.576645166333606 ], [ -60.689114819791847, -27.576637390204922 ], [ -60.68996032622038, -27.57662416862901 ], [ -60.690684286108727, -27.576607034478513 ], [ -60.689842330747027, -27.575568962600091 ], [ -60.688954794766765, -27.574526599418867 ], [ -60.687944691709355, -27.573313383770447 ], [ -60.687566253506162, -27.572710658250987 ] ] ] } },
{ "type": "Feature", "properties": { "ArcIds": [ -1068, 1069, 1065, -1040 ], "AREA": 5517.75, "PERIMETER": 302.014, "CODLOC": "030", "NOMMUNI": "VILLA ANGELA", "NOMLOC": "VILLA ANGELA", "FRAC": "01", "RADIO": "10", "MZA": "014", "MZATXT": 14, "UGEO": "", "MZAM": "", "TMZA": 12, "DEPTO10": "098", "FRAC10": "01", "RADIO10": "19", "MZA10": "011", "CEN2010": "0980119011", "LINK2010": "220980119011", "DF": "09801", "TFRAC": 4496, "DFR": "0980110", "TRADIO": 233, "DFRM": "0980110014", "FRACN": 1, "RADION": 10 }, "geometry": { "type": "Polygon", "coordinates": [ [ [ -60.742363587530555, -27.572442134388901 ], [ -60.742349665908407, -27.571878220661805 ], [ -60.74325599892093, -27.571882397700008 ], [ -60.743259738373098, -27.572437341946173 ], [ -60.742363587530555, -27.572442134388901 ] ] ] } },
{ "type": "Feature", "properties": { "ArcIds": [ -1045, -1062, 1067, 1068, -1043 ], "AREA": 9071.375, "PERIMETER": 423.07, "CODLOC": "030", "NOMMUNI": "VILLA ANGELA", "NOMLOC": "VILLA ANGELA", "FRAC": "01", "RADIO": "10", "MZA": "013", "MZATXT": 13, "UGEO": "", "MZAM": "", "TMZA": 20, "DEPTO10": "098", "FRAC10": "01", "RADIO10": "19", "MZA10": "012", "CEN2010": "0980119012", "LINK2010": "220980119012", "DF": "09801", "TFRAC": 4496, "DFR": "0980110", "TRADIO": 233, "DFRM": "0980110013", "FRACN": 1, "RADION": 10 }, "geometry": { "type": "Polygon", "coordinates": [ [ [ -60.740815826916844, -27.571922504904617 ], [ -60.741757388938417, -27.571894920486102 ], [ -60.742349665908407, -27.571878220661805 ], [ -60.742363587530555, -27.572442134388901 ], [ -60.740824344376101, -27.572436816754259 ], [ -60.740815826916844, -27.571922504904617 ] ] ] } },
{ "type": "Feature", "properties": { "ArcIds": [ -1071, 1072, 1070, 1062, -1047 ], "AREA": 6944.25, "PERIMETER": 354.532, "CODLOC": "030", "NOMMUNI": "VILLA ANGELA", "NOMLOC": "VILLA ANGELA", "FRAC": "01", "RADIO": "09", "MZA": "017", "MZATXT": 17, "UGEO": "", "MZAM": "", "TMZA": 21, "DEPTO10": "098", "FRAC10": "01", "RADIO10": "04", "MZA10": "021", "CEN2010": "0980104021", "LINK2010": "220980104021", "DF": "09801", "TFRAC": 4496, "DFR": "0980109", "TRADIO": 366, "DFRM": "0980109017", "FRACN": 1, "RADION": 9 }, "geometry": { "type": "Polygon", "coordinates": [ [ [ -60.739609344883682, -27.572461339264137 ], [ -60.739615901012861, -27.571928899371446 ], [ -60.740815826916844, -27.571922504904617 ], [ -60.740824344376101, -27.572436816754259 ], [ -60.739892873084209, -27.572459829256989 ], [ -60.739609344883682, -27.572461339264137 ] ] ] } },
{ "type": "Feature", "properties": { "ArcIds": [ -1073, 1074, 1071, -1049 ], "AREA": 6947.25, "PERIMETER": 355.08, "CODLOC": "030", "NOMMUNI": "VILLA ANGELA", "NOMLOC": "VILLA ANGELA", "FRAC": "01", "RADIO": "09", "MZA": "018", "MZATXT": 18, "UGEO": "", "MZAM": "", "TMZA": 9, "DEPTO10": "098", "FRAC10": "01", "RADIO10": "04", "MZA10": "022", "CEN2010": "0980104022", "LINK2010": "220980104022", "DF": "09801", "TFRAC": 4496, "DFR": "0980109", "TRADIO": 366, "DFRM": "0980109018", "FRACN": 1, "RADION": 9 }, "geometry": { "type": "Polygon", "coordinates": [ [ [ -60.738419569006176, -27.572472181338807 ], [ -60.738390780619355, -27.571953465036366 ], [ -60.739615901012861, -27.571928899371446 ], [ -60.739609344883682, -27.572461339264137 ], [ -60.738419569006176, -27.572472181338807 ] ] ] } },
{ "type": "Feature", "properties": { "ArcIds": [ -1081, 1082, 1079, -1051 ], "AREA": 8087.25, "PERIMETER": 386.088, "CODLOC": "030", "NOMMUNI": "VILLA ANGELA", "NOMLOC": "VILLA ANGELA", "FRAC": "01", "RADIO": "12", "MZA": "019", "MZATXT": 19, "UGEO": "", "MZAM": "", "TMZA": 20, "DEPTO10": "098", "FRAC10": "01", "RADIO10": "05", "MZA10": "016", "CEN2010": "0980105016", "LINK2010": "220980105016", "DF": "09801", "TFRAC": 4496, "DFR": "0980112", "TRADIO": 355, "DFRM": "0980112019", "FRACN": 1, "RADION": 12 }, "geometry": { "type": "Polygon", "coordinates": [ [ [ -60.734116311967163, -27.57254011069886 ], [ -60.734142936369345, -27.571975981257683 ], [ -60.735454310124652, -27.571978067839922 ], [ -60.73546807619811, -27.572523935942193 ], [ -60.734116311967163, -27.57254011069886 ] ] ] } },
{ "type": "Feature", "properties": { "ArcIds": [ 1054, 1057, 1055, 1122, -1262, -1263, -1260, -1255, -1256, 1117 ], "AREA": 38202.25, "PERIMETER": 785.595, "CODLOC": "030", "NOMMUNI": "VILLA ANGELA", "NOMLOC": "VILLA ANGELA", "FRAC": "08", "RADIO": "12", "MZA": "008", "MZATXT": 8, "UGEO": "", "MZAM": "0008", "TMZA": 4, "DEPTO10": "098", "FRAC10": "01", "RADIO10": "12", "MZA10": "008", "CEN2010": "0980112008", "LINK2010": "220980112008", "DF": "09808", "TFRAC": 4286, "DFR": "0980812", "TRADIO": 257, "DFRM": "0980812008", "FRACN": 8, "RADION": 12 }, "geometry": { "type": "Polygon", "coordinates": [ [ [ -60.709553403650318, -27.572333876665731 ], [ -60.709178768297598, -27.572340301845369 ], [ -60.707938469954499, -27.572369188439303 ], [ -60.7075992176472, -27.572366405169529 ], [ -60.707613193358583, -27.572966419951825 ], [ -60.707620950891304, -27.574175576082212 ], [ -60.708036097606588, -27.574168948514025 ], [ -60.709215658753457, -27.574140370923285 ], [ -60.709559979580604, -27.574143124275238 ], [ -60.709541842492428, -27.57289792617404 ], [ -60.709553403650318, -27.572333876665731 ] ] ] } },
{ "type": "Feature", "properties": { "ArcIds": [ -1066, -1171, -1195, 1198, 1199, -1061 ], "AREA": 31859.0, "PERIMETER": 750.58, "CODLOC": "030", "NOMMUNI": "VILLA ANGELA", "NOMLOC": "VILLA ANGELA", "FRAC": "01", "RADIO": "11", "MZA": "002", "MZATXT": 2, "UGEO": "", "MZAM": "", "TMZA": 0, "DEPTO10": "098", "FRAC10": "01", "RADIO10": "19", "MZA10": "015", "CEN2010": "0980119015", "LINK2010": "220980119015", "DF": "09801", "TFRAC": 4496, "DFR": "0980111", "TRADIO": 238, "DFRM": "0980111002", "FRACN": 1, "RADION": 11 }, "geometry": { "type": "Polygon", "coordinates": [ [ [ -60.743259738373098, -27.572437341946173 ], [ -60.744459577460638, -27.572417380673194 ], [ -60.745730267266154, -27.572392516770456 ], [ -60.745773792275529, -27.573587937250281 ], [ -60.743277617339245, -27.573587781784717 ], [ -60.743268510552632, -27.572987747313224 ], [ -60.743259738373098, -27.572437341946173 ] ] ] } },
{ "type": "Feature", "properties": { "ArcIds": [ 1064, 1188, -1189, 1184 ], "AREA": 9081.125, "PERIMETER": 413.063, "CODLOC": "030", "NOMMUNI": "VILLA ANGELA", "NOMLOC": "VILLA ANGELA", "FRAC": "08", "RADIO": "07", "MZA": "005", "MZATXT": 5, "UGEO": "", "MZAM": "0025", "TMZA": 25, "DEPTO10": "098", "FRAC10": "01", "RADIO10": "21", "MZA10": "025", "CEN2010": "0980121025", "LINK2010": "220980121025", "DF": "09808", "TFRAC": 4286, "DFR": "0980807", "TRADIO": 332, "DFRM": "0980807005", "FRACN": 8, "RADION": 7 }, "geometry": { "type": "Polygon", "coordinates": [ [ [ -60.689105342753216, -27.572689495326269 ], [ -60.687566253506162, -27.572710658250987 ], [ -60.687944691709355, -27.573313383770447 ], [ -60.689124365642876, -27.573303024063136 ], [ -60.689105342753216, -27.572689495326269 ] ] ] } },
{ "type": "Feature", "properties": { "ArcIds": [ -1172, 1173, 1169, 1166, -1067 ], "AREA": 9280.875, "PERIMETER": 425.067, "CODLOC": "030", "NOMMUNI": "VILLA ANGELA", "NOMLOC": "VILLA ANGELA", "FRAC": "01", "RADIO": "11", "MZA": "004", "MZATXT": 4, "UGEO": "", "MZAM": "", "TMZA": 20, "DEPTO10": "098", "FRAC10": "01", "RADIO10": "19", "MZA10": "013", "CEN2010": "0980119013", "LINK2010": "220980119013", "DF": "09801", "TFRAC": 4496, "DFR": "0980111", "TRADIO": 238, "DFRM": "0980111004", "FRACN": 1, "RADION": 11 }, "geometry": { "type": "Polygon", "coordinates": [ [ [ -60.74085347773056, -27.573005161470668 ], [ -60.740824344376101, -27.572436816754259 ], [ -60.742363587530555, -27.572442134388901 ], [ -60.742372294506403, -27.572983516415892 ], [ -60.741790076976642, -27.572991138887197 ], [ -60.74085347773056, -27.573005161470668 ] ] ] } },
{ "type": "Feature", "properties": { "ArcIds": [ -1176, 1177, 1172, -1070 ], "AREA": 5799.5, "PERIMETER": 310.585, "CODLOC": "030", "NOMMUNI": "VILLA ANGELA", "NOMLOC": "VILLA ANGELA", "FRAC": "01", "RADIO": "09", "MZA": "020", "MZATXT": 20, "UGEO": "", "MZAM": "", "TMZA": 12, "DEPTO10": "098", "FRAC10": "01", "RADIO10": "04", "MZA10": "024", "CEN2010": "0980104024", "LINK2010": "220980104024", "DF": "09801", "TFRAC": 4496, "DFR": "0980109", "TRADIO": 366, "DFRM": "0980109020", "FRACN": 1, "RADION": 9 }, "geometry": { "type": "Polygon", "coordinates": [ [ [ -60.739906752031935, -27.573019231684302 ], [ -60.739892873084209, -27.572459829256989 ], [ -60.740824344376101, -27.572436816754259 ], [ -60.74085347773056, -27.573005161470668 ], [ -60.739906752031935, -27.573019231684302 ] ] ] } },
{ "type": "Feature", "properties": { "ArcIds": [ -1166, 1170, 1171, -1069 ], "AREA": 5354.0, "PERIMETER": 298.01, "CODLOC": "030", "NOMMUNI": "VILLA ANGELA", "NOMLOC": "VILLA ANGELA", "FRAC": "01", "RADIO": "11", "MZA": "003", "MZATXT": 3, "UGEO": "", "MZAM": "", "TMZA": 12, "DEPTO10": "098", "FRAC10": "01", "RADIO10": "19", "MZA10": "014", "CEN2010": "0980119014", "LINK2010": "220980119014", "DF": "09801", "TFRAC": 4496, "DFR": "0980111", "TRADIO": 238, "DFRM": "0980111003", "FRACN": 1, "RADION": 11 }, "geometry": { "type": "Polygon", "coordinates": [ [ [ -60.742372294506403, -27.572983516415892 ], [ -60.742363587530555, -27.572442134388901 ], [ -60.743259738373098, -27.572437341946173 ], [ -60.743268510552632, -27.572987747313224 ], [ -60.742372294506403, -27.572983516415892 ] ] ] } },
{ "type": "Feature", "properties": { "ArcIds": [ -1074, -1182, 1183, 1178, 1176, -1072 ], "AREA": 9206.0, "PERIMETER": 418.026, "CODLOC": "030", "NOMMUNI": "VILLA ANGELA", "NOMLOC": "VILLA ANGELA", "FRAC": "01", "RADIO": "09", "MZA": "019", "MZATXT": 19, "UGEO": "", "MZAM": "", "TMZA": 22, "DEPTO10": "098", "FRAC10": "01", "RADIO10": "04", "MZA10": "023", "CEN2010": "0980104023", "LINK2010": "220980104023", "DF": "09801", "TFRAC": 4496, "DFR": "0980109", "TRADIO": 366, "DFRM": "0980109019", "FRACN": 1, "RADION": 9 }, "geometry": { "type": "Polygon", "coordinates": [ [ [ -60.738419569006176, -27.572472181338807 ], [ -60.739609344883682, -27.572461339264137 ], [ -60.739892873084209, -27.572459829256989 ], [ -60.739906752031935, -27.573019231684302 ], [ -60.739380257462344, -27.573031059118033 ], [ -60.738418342009652, -27.573045200047382 ], [ -60.738419569006176, -27.572472181338807 ] ] ] } },
{ "type": "Feature", "properties": { "ArcIds": [ -1158, -1159, -1191, 1192, 1190, 1182, -1076 ], "AREA": 4608.0, "PERIMETER": 278.607, "CODLOC": "030", "NOMMUNI": "VILLA ANGELA", "NOMLOC": "VILLA ANGELA", "FRAC": "09", "RADIO": "01", "MZA": "001", "MZATXT": 1, "UGEO": "", "MZAM": "", "TMZA": 12, "DEPTO10": "098", "FRAC10": "07", "RADIO10": "01", "MZA10": "001", "CEN2010": "0980701001", "LINK2010": "220980701001", "DF": "09809", "TFRAC": 3754, "DFR": "0980901", "TRADIO": 398, "DFRM": "0980901001", "FRACN": 9, "RADION": 1 }, "geometry": { "type": "Polygon", "coordinates": [ [ [ -60.737779947242871, -27.57298091384073 ], [ -60.737776778481582, -27.572507180399484 ], [ -60.738419569006176, -27.572472181338807 ], [ -60.738418342009652, -27.573045200047382 ], [ -60.738424250796932, -27.573171502023552 ], [ -60.737867316603989, -27.573174461742866 ], [ -60.737866018747091, -27.572980456632507 ], [ -60.737779947242871, -27.57298091384073 ] ] ] } },
{ "type": "Feature", "properties": { "ArcIds": [ -1222, 1230, 1231, -1083 ], "AREA": 15560.375, "PERIMETER": 499.547, "CODLOC": "030", "NOMMUNI": "VILLA ANGELA", "NOMLOC": "VILLA ANGELA", "FRAC": "09", "RADIO": "02", "MZA": "004", "MZATXT": 4, "UGEO": "", "MZAM": "", "TMZA": 10, "DEPTO10": "098", "FRAC10": "07", "RADIO10": "02", "MZA10": "004", "CEN2010": "0980702004", "LINK2010": "220980702004", "DF": "09809", "TFRAC": 3754, "DFR": "0980902", "TRADIO": 208, "DFRM": "0980902004", "FRACN": 9, "RADION": 2 }, "geometry": { "type": "Polygon", "coordinates": [ [ [ -60.730509027910848, -27.57372320224156 ], [ -60.730501198911504, -27.572541122647269 ], [ -60.731711409620623, -27.572557312210382 ], [ -60.731709095520294, -27.57373493307464 ], [ -60.730509027910848, -27.57372320224156 ] ] ] } },
{ "type": "Feature", "properties": { "ArcIds": [ -1217, 1221, 1222, -1090 ], "AREA": 16834.0, "PERIMETER": 519.059, "CODLOC": "030", "NOMMUNI": "VILLA ANGELA", "NOMLOC": "VILLA ANGELA", "FRAC": "09", "RADIO": "02", "MZA": "005", "MZATXT": 5, "UGEO": "", "MZAM": "", "TMZA": 20, "DEPTO10": "098", "FRAC10": "07", "RADIO10": "02", "MZA10": "005", "CEN2010": "0980702005", "LINK2010": "220980702005", "DF": "09809", "TFRAC": 3754, "DFR": "0980902", "TRADIO": 208, "DFRM": "0980902005", "FRACN": 9, "RADION": 2 }, "geometry": { "type": "Polygon", "coordinates": [ [ [ -60.729187476381171, -27.573716610774103 ], [ -60.729169833771799, -27.572579701546825 ], [ -60.730501198911504, -27.572541122647269 ], [ -60.730509027910848, -27.57372320224156 ], [ -60.729187476381171, -27.573716610774103 ] ] ] } },
{ "type": "Feature", "properties": { "ArcIds": [ -1131, -1161, -1162, 1160, 1158, -1077 ], "AREA": 2360.0, "PERIMETER": 195.007, "CODLOC": "030", "NOMMUNI": "VILLA ANGELA", "NOMLOC": "VILLA ANGELA", "FRAC": "09", "RADIO": "01", "MZA": "002", "MZATXT": 2, "UGEO": "", "MZAM": "", "TMZA": 6, "DEPTO10": "098", "FRAC10": "07", "RADIO10": "01", "MZA10": "002", "CEN2010": "0980701002", "LINK2010": "220980701002", "DF": "09809", "TFRAC": 3754, "DFR": "0980901", "TRADIO": 398, "DFRM": "0980901002", "FRACN": 9, "RADION": 1 }, "geometry": { "type": "Polygon", "coordinates": [ [ [ -60.737328583556746, -27.572870512904895 ], [ -60.73732110773507, -27.572509599976598 ], [ -60.737776778481582, -27.572507180399484 ], [ -60.737779947242871, -27.57298091384073 ], [ -60.737435691370692, -27.572987253887593 ], [ -60.737329367730652, -27.572987818337207 ], [ -60.737328583556746, -27.572870512904895 ] ] ] } },
{ "type": "Feature", "properties": { "ArcIds": [ -1132, 1133, 1131, -1078 ], "AREA": 2183.375, "PERIMETER": 189.027, "CODLOC": "030", "NOMMUNI": "VILLA ANGELA", "NOMLOC": "VILLA ANGELA", "FRAC": "09", "RADIO": "01", "MZA": "003", "MZATXT": 3, "UGEO": "", "MZAM": "", "TMZA": 6, "DEPTO10": "098", "FRAC10": "07", "RADIO10": "01", "MZA10": "003", "CEN2010": "0980701003", "LINK2010": "220980701003", "DF": "09809", "TFRAC": 3754, "DFR": "0980901", "TRADIO": 398, "DFRM": "0980901003", "FRACN": 9, "RADION": 1 }, "geometry": { "type": "Polygon", "coordinates": [ [ [ -60.736771711021213, -27.57288249169758 ], [ -60.736779395911135, -27.572516986388447 ], [ -60.73732110773507, -27.572509599976598 ], [ -60.737328583556746, -27.572870512904895 ], [ -60.736771711021213, -27.57288249169758 ] ] ] } },
{ "type": "Feature", "properties": { "ArcIds": [ -1186, 1187, 1181, 1132, -1080 ], "AREA": 7688.125, "PERIMETER": 376.548, "CODLOC": "030", "NOMMUNI": "VILLA ANGELA", "NOMLOC": "VILLA ANGELA", "FRAC": "09", "RADIO": "01", "MZA": "004", "MZATXT": 4, "UGEO": "", "MZAM": "", "TMZA": 20, "DEPTO10": "098", "FRAC10": "07", "RADIO10": "01", "MZA10": "004", "CEN2010": "0980701004", "LINK2010": "220980701004", "DF": "09809", "TFRAC": 3754, "DFR": "0980901", "TRADIO": 398, "DFRM": "0980901004", "FRACN": 9, "RADION": 1 }, "geometry": { "type": "Polygon", "coordinates": [ [ [ -60.735471716401364, -27.573069857616204 ], [ -60.73546807619811, -27.572523935942193 ], [ -60.736779395911135, -27.572516986388447 ], [ -60.736771711021213, -27.57288249169758 ], [ -60.736762700052189, -27.573049480083728 ], [ -60.735471716401364, -27.573069857616204 ] ] ] } },
{ "type": "Feature", "properties": { "ArcIds": [ -1212, 1214, 1215, 1186, -1082 ], "AREA": 16944.0, "PERIMETER": 521.54, "CODLOC": "030", "NOMMUNI": "VILLA ANGELA", "NOMLOC": "VILLA ANGELA", "FRAC": "09", "RADIO": "02", "MZA": "001", "MZATXT": 1, "UGEO": "", "MZAM": "", "TMZA": 23, "DEPTO10": "098", "FRAC10": "07", "RADIO10": "02", "MZA10": "001", "CEN2010": "0980702001", "LINK2010": "220980702001", "DF": "09809", "TFRAC": 3754, "DFR": "0980902", "TRADIO": 208, "DFRM": "0980902001", "FRACN": 9, "RADION": 2 }, "geometry": { "type": "Polygon", "coordinates": [ [ [ -60.734144161698602, -27.573681476541619 ], [ -60.734116311967163, -27.57254011069886 ], [ -60.73546807619811, -27.572523935942193 ], [ -60.735471716401364, -27.573069857616204 ], [ -60.735490997185508, -27.573683375049161 ], [ -60.734144161698602, -27.573681476541619 ] ] ] } },
{ "type": "Feature", "properties": { "ArcIds": [ -1228, 1229, 1212, -1093 ], "AREA": 15398.75, "PERIMETER": 496.62, "CODLOC": "030", "NOMMUNI": "VILLA ANGELA", "NOMLOC": "VILLA ANGELA", "FRAC": "09", "RADIO": "02", "MZA": "002", "MZATXT": 2, "UGEO": "", "MZAM": "", "TMZA": 20, "DEPTO10": "098", "FRAC10": "07", "RADIO10": "02", "MZA10": "002", "CEN2010": "0980702002", "LINK2010": "220980702002", "DF": "09809", "TFRAC": 3754, "DFR": "0980902", "TRADIO": 208, "DFRM": "0980902002", "FRACN": 9, "RADION": 2 }, "geometry": { "type": "Polygon", "coordinates": [ [ [ -60.732919169347426, -27.573728553095226 ], [ -60.732901308402916, -27.572564574578074 ], [ -60.734116311967163, -27.57254011069886 ], [ -60.734144161698602, -27.573681476541619 ], [ -60.732919169347426, -27.573728553095226 ] ] ] } },
{ "type": "Feature", "properties": { "ArcIds": [ -1231, 1232, 1228, -1091 ], "AREA": 15375.375, "PERIMETER": 496.517, "CODLOC": "030", "NOMMUNI": "VILLA ANGELA", "NOMLOC": "VILLA ANGELA", "FRAC": "09", "RADIO": "02", "MZA": "003", "MZATXT": 3, "UGEO": "", "MZAM": "", "TMZA": 19, "DEPTO10": "098", "FRAC10": "07", "RADIO10": "02", "MZA10": "003", "CEN2010": "0980702003", "LINK2010": "220980702003", "DF": "09809", "TFRAC": 3754, "DFR": "0980902", "TRADIO": 208, "DFRM": "0980902003", "FRACN": 9, "RADION": 2 }, "geometry": { "type": "Polygon", "coordinates": [ [ [ -60.731709095520294, -27.57373493307464 ], [ -60.731711409620623, -27.572557312210382 ], [ -60.732901308402916, -27.572564574578074 ], [ -60.732919169347426, -27.573728553095226 ], [ -60.731709095520294, -27.57373493307464 ] ] ] } },
{ "type": "Feature", "properties": { "ArcIds": [ 1088, 1218, -1219, 1217 ], "AREA": 16445.5, "PERIMETER": 513.057, "CODLOC": "030", "NOMMUNI": "VILLA ANGELA", "NOMLOC": "VILLA ANGELA", "FRAC": "01", "RADIO": "13", "MZA": "020", "MZATXT": 20, "UGEO": "", "MZAM": "0020", "TMZA": 15, "DEPTO10": "098", "FRAC10": "01", "RADIO10": "06", "MZA10": "020", "CEN2010": "0980106020", "LINK2010": "220980106020", "DF": "09801", "TFRAC": 4496, "DFR": "0980113", "TRADIO": 419, "DFRM": "0980113020", "FRACN": 1, "RADION": 13 }, "geometry": { "type": "Polygon", "coordinates": [ [ [ -60.729169833771799, -27.572579701546825 ], [ -60.727878733396174, -27.572581961395983 ], [ -60.727850884349103, -27.573732645106968 ], [ -60.729187476381171, -27.573716610774103 ], [ -60.729169833771799, -27.572579701546825 ] ] ] } },
{ "type": "Feature", "properties": { "ArcIds": [ 1087, 1223, -1224, -1218 ], "AREA": 15325.875, "PERIMETER": 495.605, "CODLOC": "030", "NOMMUNI": "VILLA ANGELA", "NOMLOC": "VILLA ANGELA", "FRAC": "01", "RADIO": "13", "MZA": "021", "MZATXT": 21, "UGEO": "", "MZAM": "0021", "TMZA": 33, "DEPTO10": "098", "FRAC10": "01", "RADIO10": "06", "MZA10": "021", "CEN2010": "0980106021", "LINK2010": "220980106021", "DF": "09801", "TFRAC": 4496, "DFR": "0980113", "TRADIO": 419, "DFRM": "0980113021", "FRACN": 1, "RADION": 13 }, "geometry": { "type": "Polygon", "coordinates": [ [ [ -60.727878733396174, -27.572581961395983 ], [ -60.726633229615956, -27.572588482632618 ], [ -60.726676339825566, -27.573752330788821 ], [ -60.727850884349103, -27.573732645106968 ], [ -60.727878733396174, -27.572581961395983 ] ] ] } },
{ "type": "Feature", "properties": { "ArcIds": [ 1095, -1226, -1227, -1223 ], "AREA": 15395.625, "PERIMETER": 496.684, "CODLOC": "030", "NOMMUNI": "VILLA ANGELA", "NOMLOC": "VILLA ANGELA", "FRAC": "01", "RADIO": "13", "MZA": "022", "MZATXT": 22, "UGEO": "", "MZAM": "0022", "TMZA": 25, "DEPTO10": "098", "FRAC10": "01", "RADIO10": "06", "MZA10": "022", "CEN2010": "0980106022", "LINK2010": "220980106022", "DF": "09801", "TFRAC": 4496, "DFR": "0980113", "TRADIO": 419, "DFRM": "0980113022", "FRACN": 1, "RADION": 13 }, "geometry": { "type": "Polygon", "coordinates": [ [ [ -60.726633229615956, -27.572588482632618 ], [ -60.725408096211602, -27.572612933976011 ], [ -60.72547135680874, -27.573763141701935 ], [ -60.726676339825566, -27.573752330788821 ], [ -60.726633229615956, -27.572588482632618 ] ] ] } },
{ "type": "Feature", "properties": { "ArcIds": [ 1097, 1220, -1225, 1226 ], "AREA": 15207.875, "PERIMETER": 493.651, "CODLOC": "030", "NOMMUNI": "VILLA ANGELA", "NOMLOC": "VILLA ANGELA", "FRAC": "01", "RADIO": "13", "MZA": "023", "MZATXT": 23, "UGEO": "", "MZAM": "0023", "TMZA": 22, "DEPTO10": "098", "FRAC10": "01", "RADIO10": "06", "MZA10": "023", "CEN2010": "0980106023", "LINK2010": "220980106023", "DF": "09801", "TFRAC": 4496, "DFR": "0980113", "TRADIO": 419, "DFRM": "0980113023", "FRACN": 1, "RADION": 13 }, "geometry": { "type": "Polygon", "coordinates": [ [ [ -60.725408096211602, -27.572612933976011 ], [ -60.72420815865501, -27.572619195491725 ], [ -60.724235846683492, -27.57375154176842 ], [ -60.72547135680874, -27.573763141701935 ], [ -60.725408096211602, -27.572612933976011 ] ] ] } },
{ "type": "Feature", "properties": { "ArcIds": [ 1099, -1233, -1234, -1220 ], "AREA": 16287.875, "PERIMETER": 510.606, "CODLOC": "030", "NOMMUNI": "VILLA ANGELA", "NOMLOC": "VILLA ANGELA", "FRAC": "01", "RADIO": "13", "MZA": "024", "MZATXT": 24, "UGEO": "", "MZAM": "0024", "TMZA": 15, "DEPTO10": "098", "FRAC10": "01", "RADIO10": "06", "MZA10": "024", "CEN2010": "0980106024", "LINK2010": "220980106024", "DF": "09801", "TFRAC": 4496, "DFR": "0980113", "TRADIO": 419, "DFRM": "0980113024", "FRACN": 1, "RADION": 13 }, "geometry": { "type": "Polygon", "coordinates": [ [ [ -60.72420815865501, -27.572619195491725 ], [ -60.722917234021622, -27.572648479801259 ], [ -60.722914619033439, -27.573794519983689 ], [ -60.724235846683492, -27.57375154176842 ], [ -60.72420815865501, -27.572619195491725 ] ] ] } },
{ "type": "Feature", "properties": { "ArcIds": [ -1236, -1237, 1233, -1101 ], "AREA": 16969.75, "PERIMETER": 521.812, "CODLOC": "030", "NOMMUNI": "VILLA ANGELA", "NOMLOC": "VILLA ANGELA", "FRAC": "01", "RADIO": "14", "MZA": "016", "MZATXT": 16, "UGEO": "", "MZAM": "", "TMZA": 0, "DEPTO10": "098", "FRAC10": "01", "RADIO10": "17", "MZA10": "016", "CEN2010": "0980117016", "LINK2010": "220980117016", "DF": "09801", "TFRAC": 4496, "DFR": "0980114", "TRADIO": 306, "DFRM": "0980114016", "FRACN": 1, "RADION": 14 }, "geometry": { "type": "Polygon", "coordinates": [ [ [ -60.721614173740583, -27.573918592159721 ], [ -60.721586010754564, -27.572709544894888 ], [ -60.722917234021622, -27.572648479801259 ], [ -60.722914619033439, -27.573794519983689 ], [ -60.721614173740583, -27.573918592159721 ] ] ] } },
{ "type": "Feature", "properties": { "ArcIds": [ -1238, 1239, 1240, 1236, -1103 ], "AREA": 19321.375, "PERIMETER": 554.169, "CODLOC": "030", "NOMMUNI": "VILLA ANGELA", "NOMLOC": "VILLA ANGELA", "FRAC": "01", "RADIO": "14", "MZA": "015", "MZATXT": 15, "UGEO": "", "MZAM": "", "TMZA": 22, "DEPTO10": "098", "FRAC10": "01", "RADIO10": "17", "MZA10": "015", "CEN2010": "0980117015", "LINK2010": "220980117015", "DF": "09801", "TFRAC": 4496, "DFR": "0980114", "TRADIO": 306, "DFRM": "0980114015", "FRACN": 1, "RADION": 14 }, "geometry": { "type": "Polygon", "coordinates": [ [ [ -60.720161184170479, -27.573944181042322 ], [ -60.72014316316924, -27.572735080683216 ], [ -60.721586010754564, -27.572709544894888 ], [ -60.721614173740583, -27.573918592159721 ], [ -60.721381419093333, -27.573942360791065 ], [ -60.720161184170479, -27.573944181042322 ] ] ] } },
{ "type": "Feature", "properties": { "ArcIds": [ -1241, 1242, 1238, -1105 ], "AREA": 15702.75, "PERIMETER": 502.106, "CODLOC": "030", "NOMMUNI": "VILLA ANGELA", "NOMLOC": "VILLA ANGELA", "FRAC": "01", "RADIO": "14", "MZA": "014", "MZATXT": 14, "UGEO": "", "MZAM": "", "TMZA": 6, "DEPTO10": "098", "FRAC10": "01", "RADIO10": "17", "MZA10": "014", "CEN2010": "0980117014", "LINK2010": "220980117014", "DF": "09801", "TFRAC": 4496, "DFR": "0980114", "TRADIO": 306, "DFRM": "0980114014", "FRACN": 1, "RADION": 14 }, "geometry": { "type": "Polygon", "coordinates": [ [ [ -60.718976478849591, -27.573959342414071 ], [ -60.718933302663686, -27.572772931517598 ], [ -60.72014316316924, -27.572735080683216 ], [ -60.720161184170479, -27.573944181042322 ], [ -60.718976478849591, -27.573959342414071 ] ] ] } },
{ "type": "Feature", "properties": { "ArcIds": [ -1243, 1244, 1241, -1107 ], "AREA": 15746.625, "PERIMETER": 502.605, "CODLOC": "030", "NOMMUNI": "VILLA ANGELA", "NOMLOC": "VILLA ANGELA", "FRAC": "01", "RADIO": "14", "MZA": "013", "MZATXT": 13, "UGEO": "", "MZAM": "", "TMZA": 10, "DEPTO10": "098", "FRAC10": "01", "RADIO10": "17", "MZA10": "013", "CEN2010": "0980117013", "LINK2010": "220980117013", "DF": "09801", "TFRAC": 4496, "DFR": "0980114", "TRADIO": 306, "DFRM": "0980114013", "FRACN": 1, "RADION": 14 }, "geometry": { "type": "Polygon", "coordinates": [ [ [ -60.71775644872023, -27.573992723904659 ], [ -60.717738542131208, -27.572797158040782 ], [ -60.718933302663686, -27.572772931517598 ], [ -60.718976478849591, -27.573959342414071 ], [ -60.71775644872023, -27.573992723904659 ] ] ] } },
{ "type": "Feature", "properties": { "ArcIds": [ -1245, -1246, 1243, -1109 ], "AREA": 15783.125, "PERIMETER": 503.031, "CODLOC": "030", "NOMMUNI": "VILLA ANGELA", "NOMLOC": "VILLA ANGELA", "FRAC": "08", "RADIO": "13", "MZA": "001", "MZATXT": 1, "UGEO": "", "MZAM": "0001", "TMZA": 19, "DEPTO10": "098", "FRAC10": "01", "RADIO10": "15", "MZA10": "001", "CEN2010": "0980115001", "LINK2010": "220980115001", "DF": "09808", "TFRAC": 4286, "DFR": "0980813", "TRADIO": 232, "DFRM": "0980813001", "FRACN": 8, "RADION": 13 }, "geometry": { "type": "Polygon", "coordinates": [ [ [ -60.716531178626823, -27.573999050206073 ], [ -60.71652862099819, -27.572825964420307 ], [ -60.717738542131208, -27.572797158040782 ], [ -60.71775644872023, -27.573992723904659 ], [ -60.716531178626823, -27.573999050206073 ] ] ] } },
{ "type": "Feature", "properties": { "ArcIds": [ -1249, -1250, 1245, -1111 ], "AREA": 15492.625, "PERIMETER": 498.578, "CODLOC": "030", "NOMMUNI": "VILLA ANGELA", "NOMLOC": "VILLA ANGELA", "FRAC": "08", "RADIO": "13", "MZA": "002", "MZATXT": 2, "UGEO": "", "MZAM": "0002", "TMZA": 28, "DEPTO10": "098", "FRAC10": "01", "RADIO10": "15", "MZA10": "002", "CEN2010": "0980115002", "LINK2010": "220980115002", "DF": "09808", "TFRAC": 4286, "DFR": "0980813", "TRADIO": 232, "DFRM": "0980813002", "FRACN": 8, "RADION": 13 }, "geometry": { "type": "Polygon", "coordinates": [ [ [ -60.715346617789372, -27.574036739477719 ], [ -60.71531864046073, -27.572845736732585 ], [ -60.71652862099819, -27.572825964420307 ], [ -60.716531178626823, -27.573999050206073 ], [ -60.715346617789372, -27.574036739477719 ] ] ] } },
{ "type": "Feature", "properties": { "ArcIds": [ -1247, -1248, 1249, -1114 ], "AREA": 15660.5, "PERIMETER": 501.036, "CODLOC": "030", "NOMMUNI": "VILLA ANGELA", "NOMLOC": "VILLA ANGELA", "FRAC": "08", "RADIO": "13", "MZA": "003", "MZATXT": 3, "UGEO": "", "MZAM": "0003", "TMZA": 21, "DEPTO10": "098", "FRAC10": "01", "RADIO10": "15", "MZA10": "003", "CEN2010": "0980115003", "LINK2010": "220980115003", "DF": "09808", "TFRAC": 4286, "DFR": "0980813", "TRADIO": 232, "DFRM": "0980813003", "FRACN": 8, "RADION": 13 }, "geometry": { "type": "Polygon", "coordinates": [ [ [ -60.714121288135154, -27.574034020991231 ], [ -60.714113751499561, -27.572869984252378 ], [ -60.71531864046073, -27.572845736732585 ], [ -60.715346617789372, -27.574036739477719 ], [ -60.714121288135154, -27.574034020991231 ] ] ] } },
{ "type": "Feature", "properties": { "ArcIds": [ 1253, -1254, -1251, -1119 ], "AREA": 16565.25, "PERIMETER": 515.802, "CODLOC": "030", "NOMMUNI": "VILLA ANGELA", "NOMLOC": "VILLA ANGELA", "FRAC": "08", "RADIO": "13", "MZA": "005", "MZATXT": 5, "UGEO": "", "MZAM": "0005", "TMZA": 15, "DEPTO10": "098", "FRAC10": "01", "RADIO10": "15", "MZA10": "005", "CEN2010": "0980115005", "LINK2010": "220980115005", "DF": "09808", "TFRAC": 4286, "DFR": "0980813", "TRADIO": 232, "DFRM": "0980813005", "FRACN": 8, "RADION": 13 }, "geometry": { "type": "Polygon", "coordinates": [ [ [ -60.711607452980786, -27.572869311334063 ], [ -60.711686428931081, -27.574123220973561 ], [ -60.712901342179741, -27.574080895188196 ], [ -60.712863235956448, -27.572885431655994 ], [ -60.711607452980786, -27.572869311334063 ] ] ] } },
{ "type": "Feature", "properties": { "ArcIds": [ 1116, -1258, -1259, -1253 ], "AREA": 16554.0, "PERIMETER": 516.339, "CODLOC": "030", "NOMMUNI": "VILLA ANGELA", "NOMLOC": "VILLA ANGELA", "FRAC": "08", "RADIO": "12", "MZA": "010", "MZATXT": 10, "UGEO": "", "MZAM": "0010", "TMZA": 6, "DEPTO10": "098", "FRAC10": "01", "RADIO10": "12", "MZA10": "010", "CEN2010": "0980112010", "LINK2010": "220980112010", "DF": "09808", "TFRAC": 4286, "DFR": "0980812", "TRADIO": 257, "DFRM": "0980812010", "FRACN": 8, "RADION": 12 }, "geometry": { "type": "Polygon", "coordinates": [ [ [ -60.711607452980786, -27.572869311334063 ], [ -60.7104076252364, -27.572893500783707 ], [ -60.710476461357551, -27.574147463156201 ], [ -60.711686428931081, -27.574123220973561 ], [ -60.711607452980786, -27.572869311334063 ] ] ] } },
{ "type": "Feature", "properties": { "ArcIds": [ 1251, -1252, 1247, -1121 ], "AREA": 15955.625, "PERIMETER": 505.622, "CODLOC": "030", "NOMMUNI": "VILLA ANGELA", "NOMLOC": "VILLA ANGELA", "FRAC": "08", "RADIO": "13", "MZA": "004", "MZATXT": 4, "UGEO": "", "MZAM": "0004", "TMZA": 20, "DEPTO10": "098", "FRAC10": "01", "RADIO10": "15", "MZA10": "004", "CEN2010": "0980115004", "LINK2010": "220980115004", "DF": "09808", "TFRAC": 4286, "DFR": "0980813", "TRADIO": 232, "DFRM": "0980813004", "FRACN": 8, "RADION": 13 }, "geometry": { "type": "Polygon", "coordinates": [ [ [ -60.712863235956448, -27.572885431655994 ], [ -60.712901342179741, -27.574080895188196 ], [ -60.714121288135154, -27.574034020991231 ], [ -60.714113751499561, -27.572869984252378 ], [ -60.712863235956448, -27.572885431655994 ] ] ] } },
{ "type": "Feature", "properties": { "ArcIds": [ 1118, 1256, -1257, 1258 ], "AREA": 12186.25, "PERIMETER": 453.139, "CODLOC": "030", "NOMMUNI": "VILLA ANGELA", "NOMLOC": "VILLA ANGELA", "FRAC": "08", "RADIO": "12", "MZA": "009", "MZATXT": 9, "UGEO": "", "MZAM": "0009", "TMZA": 15, "DEPTO10": "098", "FRAC10": "01", "RADIO10": "12", "MZA10": "009", "CEN2010": "0980112009", "LINK2010": "220980112009", "DF": "09808", "TFRAC": 4286, "DFR": "0980812", "TRADIO": 257, "DFRM": "0980812009", "FRACN": 8, "RADION": 12 }, "geometry": { "type": "Polygon", "coordinates": [ [ [ -60.7104076252364, -27.572893500783707 ], [ -60.709541842492428, -27.57289792617404 ], [ -60.709559979580604, -27.574143124275238 ], [ -60.710476461357551, -27.574147463156201 ], [ -60.7104076252364, -27.572893500783707 ] ] ] } },
{ "type": "Feature", "properties": { "ArcIds": [ 1124, -1265, -1266, 1262 ], "AREA": 10647.875, "PERIMETER": 426.539, "CODLOC": "030", "NOMMUNI": "VILLA ANGELA", "NOMLOC": "VILLA ANGELA", "FRAC": "08", "RADIO": "12", "MZA": "007", "MZATXT": 7, "UGEO": "", "MZAM": "0007", "TMZA": 20, "DEPTO10": "098", "FRAC10": "01", "RADIO10": "12", "MZA10": "007", "CEN2010": "0980112007", "LINK2010": "220980112007", "DF": "09808", "TFRAC": 4286, "DFR": "0980812", "TRADIO": 257, "DFRM": "0980812007", "FRACN": 8, "RADION": 12 }, "geometry": { "type": "Polygon", "coordinates": [ [ [ -60.707613193358583, -27.572966419951825 ], [ -60.70679306382813, -27.572984131404329 ], [ -60.706826070147294, -27.574184135365414 ], [ -60.707620950891304, -27.574175576082212 ], [ -60.707613193358583, -27.572966419951825 ] ] ] } },
{ "type": "Feature", "properties": { "ArcIds": [ 1126, -1261, -1264, 1265 ], "AREA": 15840.0, "PERIMETER": 504.147, "CODLOC": "030", "NOMMUNI": "VILLA ANGELA", "NOMLOC": "VILLA ANGELA", "FRAC": "08", "RADIO": "12", "MZA": "006", "MZATXT": 6, "UGEO": "", "MZAM": "0006", "TMZA": 17, "DEPTO10": "098", "FRAC10": "01", "RADIO10": "12", "MZA10": "006", "CEN2010": "0980112006", "LINK2010": "220980112006", "DF": "09808", "TFRAC": 4286, "DFR": "0980812", "TRADIO": 257, "DFRM": "0980812006", "FRACN": 8, "RADION": 12 }, "geometry": { "type": "Polygon", "coordinates": [ [ [ -60.70679306382813, -27.572984131404329 ], [ -60.70556279667111, -27.572999410064575 ], [ -60.705626052887709, -27.574181213124344 ], [ -60.706826070147294, -27.574184135365414 ], [ -60.70679306382813, -27.572984131404329 ] ] ] } },
{ "type": "Feature", "properties": { "ArcIds": [ 1128, -1267, -1268, 1261 ], "AREA": 19598.0, "PERIMETER": 561.186, "CODLOC": "030", "NOMMUNI": "VILLA ANGELA", "NOMLOC": "VILLA ANGELA", "FRAC": "08", "RADIO": "10", "MZA": "007", "MZATXT": 7, "UGEO": "", "MZAM": "0017", "TMZA": 31, "DEPTO10": "098", "FRAC10": "01", "RADIO10": "11", "MZA10": "017", "CEN2010": "0980111017", "LINK2010": "220980111017", "DF": "09808", "TFRAC": 4286, "DFR": "0980810", "TRADIO": 328, "DFRM": "0980810007", "FRACN": 8, "RADION": 10 }, "geometry": { "type": "Polygon", "coordinates": [ [ [ -60.70556279667111, -27.572999410064575 ], [ -60.704079490679526, -27.573034008420688 ], [ -60.704087065484316, -27.57422060656382 ], [ -60.705626052887709, -27.574181213124344 ], [ -60.70556279667111, -27.572999410064575 ] ] ] } },
{ "type": "Feature", "properties": { "ArcIds": [ 1130, 1269, -1270, 1267 ], "AREA": 13368.0, "PERIMETER": 467.06, "CODLOC": "030", "NOMMUNI": "VILLA ANGELA", "NOMLOC": "VILLA ANGELA", "FRAC": "08", "RADIO": "10", "MZA": "008", "MZATXT": 8, "UGEO": "", "MZAM": "0016", "TMZA": 25, "DEPTO10": "098", "FRAC10": "01", "RADIO10": "11", "MZA10": "016", "CEN2010": "0980111016", "LINK2010": "220980111016", "DF": "09808", "TFRAC": 4286, "DFR": "0980810", "TRADIO": 328, "DFRM": "0980810008", "FRACN": 8, "RADION": 10 }, "geometry": { "type": "Polygon", "coordinates": [ [ [ -60.704079490679526, -27.573034008420688 ], [ -60.703051687375059, -27.57303921455587 ], [ -60.703079676194271, -27.5742527811285 ], [ -60.704087065484316, -27.57422060656382 ], [ -60.704079490679526, -27.573034008420688 ] ] ] } },
{ "type": "Feature", "properties": { "ArcIds": [ 1135, -1271, -1272, -1269 ], "AREA": 15909.75, "PERIMETER": 505.562, "CODLOC": "030", "NOMMUNI": "VILLA ANGELA", "NOMLOC": "VILLA ANGELA", "FRAC": "08", "RADIO": "10", "MZA": "009", "MZATXT": 9, "UGEO": "", "MZAM": "0015", "TMZA": 30, "DEPTO10": "098", "FRAC10": "01", "RADIO10": "11", "MZA10": "015", "CEN2010": "0980111015", "LINK2010": "220980111015", "DF": "09808", "TFRAC": 4286, "DFR": "0980810", "TRADIO": 328, "DFRM": "0980810009", "FRACN": 8, "RADION": 10 }, "geometry": { "type": "Polygon", "coordinates": [ [ [ -60.703051687375059, -27.57303921455587 ], [ -60.701867072095126, -27.57306776519469 ], [ -60.701864640411131, -27.574276973975774 ], [ -60.703079676194271, -27.5742527811285 ], [ -60.703051687375059, -27.57303921455587 ] ] ] } },
{ "type": "Feature", "properties": { "ArcIds": [ -1181, -1210, 1211, 1208, 1162, 1161, -1133 ], "AREA": 5588.875, "PERIMETER": 304.559, "CODLOC": "030", "NOMMUNI": "VILLA ANGELA", "NOMLOC": "VILLA ANGELA", "FRAC": "09", "RADIO": "01", "MZA": "006", "MZATXT": 6, "UGEO": "", "MZAM": "", "TMZA": 12, "DEPTO10": "098", "FRAC10": "07", "RADIO10": "01", "MZA10": "058", "CEN2010": "0980701058", "LINK2010": "220980701058", "DF": "09809", "TFRAC": 3754, "DFR": "0980901", "TRADIO": 398, "DFRM": "0980901006", "FRACN": 9, "RADION": 1 }, "geometry": { "type": "Polygon", "coordinates": [ [ [ -60.736762700052189, -27.573049480083728 ], [ -60.736771711021213, -27.57288249169758 ], [ -60.737328583556746, -27.572870512904895 ], [ -60.737329367730652, -27.572987818337207 ], [ -60.737435691370692, -27.572987253887593 ], [ -60.73743009007287, -27.573664069703945 ], [ -60.736782018146307, -27.573667508946482 ], [ -60.736762700052189, -27.573049480083728 ] ] ] } },
{ "type": "Feature", "properties": { "ArcIds": [ 1137, -1273, -1274, 1271 ], "AREA": 16353.75, "PERIMETER": 512.06, "CODLOC": "030", "NOMMUNI": "VILLA ANGELA", "NOMLOC": "VILLA ANGELA", "FRAC": "08", "RADIO": "11", "MZA": "008", "MZATXT": 8, "UGEO": "", "MZAM": "0014", "TMZA": 35, "DEPTO10": "098", "FRAC10": "01", "RADIO10": "11", "MZA10": "014", "CEN2010": "0980111014", "LINK2010": "220980111014", "DF": "09808", "TFRAC": 4286, "DFR": "0980811", "TRADIO": 333, "DFRM": "0980811008", "FRACN": 8, "RADION": 11 }, "geometry": { "type": "Polygon", "coordinates": [ [ [ -60.701867072095126, -27.57306776519469 ], [ -60.700616664631234, -27.573101149541444 ], [ -60.700634414450754, -27.574301232824663 ], [ -60.701864640411131, -27.574276973975774 ], [ -60.701867072095126, -27.57306776519469 ] ] ] } },
{ "type": "Feature", "properties": { "ArcIds": [ 1139, -1275, -1276, 1273 ], "AREA": 15681.375, "PERIMETER": 501.591, "CODLOC": "030", "NOMMUNI": "VILLA ANGELA", "NOMLOC": "VILLA ANGELA", "FRAC": "08", "RADIO": "11", "MZA": "007", "MZATXT": 7, "UGEO": "", "MZAM": "0013", "TMZA": 32, "DEPTO10": "098", "FRAC10": "01", "RADIO10": "11", "MZA10": "013", "CEN2010": "0980111013", "LINK2010": "220980111013", "DF": "09808", "TFRAC": 4286, "DFR": "0980811", "TRADIO": 333, "DFRM": "0980811007", "FRACN": 8, "RADION": 11 }, "geometry": { "type": "Polygon", "coordinates": [ [ [ -60.700616664631234, -27.573101149541444 ], [ -60.699396606014929, -27.573129857898575 ], [ -60.699444578316687, -27.574307229681033 ], [ -60.700634414450754, -27.574301232824663 ], [ -60.700616664631234, -27.573101149541444 ] ] ] } },
{ "type": "Feature", "properties": { "ArcIds": [ 1145, -1277, -1278, 1275 ], "AREA": 15174.75, "PERIMETER": 493.589, "CODLOC": "030", "NOMMUNI": "VILLA ANGELA", "NOMLOC": "VILLA ANGELA", "FRAC": "08", "RADIO": "05", "MZA": "025", "MZATXT": 25, "UGEO": "", "MZAM": "0025", "TMZA": 25, "DEPTO10": "098", "FRAC10": "01", "RADIO10": "10", "MZA10": "025", "CEN2010": "0980110025", "LINK2010": "220980110025", "DF": "09808", "TFRAC": 4286, "DFR": "0980805", "TRADIO": 446, "DFRM": "0980805025", "FRACN": 8, "RADION": 5 }, "geometry": { "type": "Polygon", "coordinates": [ [ [ -60.699396606014929, -27.573129857898575 ], [ -60.698232183290628, -27.573149252020485 ], [ -60.698254827507007, -27.574326751702021 ], [ -60.699444578316687, -27.574307229681033 ], [ -60.699396606014929, -27.573129857898575 ] ] ] } },
{ "type": "Feature", "properties": { "ArcIds": [ 1143, 1280, -1281, 1277 ], "AREA": 8516.0, "PERIMETER": 393.083, "CODLOC": "030", "NOMMUNI": "VILLA ANGELA", "NOMLOC": "VILLA ANGELA", "FRAC": "08", "RADIO": "05", "MZA": "024", "MZATXT": 24, "UGEO": "", "MZAM": "0024", "TMZA": 24, "DEPTO10": "098", "FRAC10": "01", "RADIO10": "10", "MZA10": "024", "CEN2010": "0980110024", "LINK2010": "220980110024", "DF": "09808", "TFRAC": 4286, "DFR": "0980805", "TRADIO": 446, "DFRM": "0980805024", "FRACN": 8, "RADION": 5 }, "geometry": { "type": "Polygon", "coordinates": [ [ [ -60.698232183290628, -27.573149252020485 ], [ -60.69757395411451, -27.573148047393104 ], [ -60.697606888802206, -27.574352567167807 ], [ -60.698254827507007, -27.574326751702021 ], [ -60.698232183290628, -27.573149252020485 ] ] ] } },
{ "type": "Feature", "properties": { "ArcIds": [ 1142, 1285, -1286, -1280 ], "AREA": 7925.25, "PERIMETER": 386.04, "CODLOC": "030", "NOMMUNI": "VILLA ANGELA", "NOMLOC": "VILLA ANGELA", "FRAC": "08", "RADIO": "05", "MZA": "023", "MZATXT": 23, "UGEO": "", "MZAM": "0023", "TMZA": 24, "DEPTO10": "098", "FRAC10": "01", "RADIO10": "10", "MZA10": "023", "CEN2010": "0980110023", "LINK2010": "220980110023", "DF": "09808", "TFRAC": 4286, "DFR": "0980805", "TRADIO": 446, "DFRM": "0980805023", "FRACN": 8, "RADION": 5 }, "geometry": { "type": "Polygon", "coordinates": [ [ [ -60.69757395411451, -27.573148047393104 ], [ -60.696976510382697, -27.573151046575539 ], [ -60.697004403924964, -27.574360103806534 ], [ -60.697606888802206, -27.574352567167807 ], [ -60.69757395411451, -27.573148047393104 ] ] ] } },
{ "type": "Feature", "properties": { "ArcIds": [ 1147, -1288, -1289, -1285 ], "AREA": 8072.0, "PERIMETER": 389.051, "CODLOC": "030", "NOMMUNI": "VILLA ANGELA", "NOMLOC": "VILLA ANGELA", "FRAC": "08", "RADIO": "06", "MZA": "022", "MZATXT": 22, "UGEO": "", "MZAM": "0033", "TMZA": 25, "DEPTO10": "098", "FRAC10": "01", "RADIO10": "21", "MZA10": "033", "CEN2010": "0980121033", "LINK2010": "220980121033", "DF": "09808", "TFRAC": 4286, "DFR": "0980806", "TRADIO": 384, "DFRM": "0980806022", "FRACN": 8, "RADION": 6 }, "geometry": { "type": "Polygon", "coordinates": [ [ [ -60.696976510382697, -27.573151046575539 ], [ -60.696368968876641, -27.57315860574429 ], [ -60.696396912741271, -27.574376686792998 ], [ -60.697004403924964, -27.574360103806534 ], [ -60.696976510382697, -27.573151046575539 ] ] ] } },
{ "type": "Feature", "properties": { "ArcIds": [ 1149, -1290, -1291, 1288 ], "AREA": 8133.0, "PERIMETER": 391.095, "CODLOC": "030", "NOMMUNI": "VILLA ANGELA", "NOMLOC": "VILLA ANGELA", "FRAC": "08", "RADIO": "06", "MZA": "021", "MZATXT": 21, "UGEO": "", "MZAM": "0032", "TMZA": 26, "DEPTO10": "098", "FRAC10": "01", "RADIO10": "21", "MZA10": "032", "CEN2010": "0980121032", "LINK2010": "220980121032", "DF": "09808", "TFRAC": 4286, "DFR": "0980806", "TRADIO": 384, "DFRM": "0980806021", "FRACN": 8, "RADION": 6 }, "geometry": { "type": "Polygon", "coordinates": [ [ [ -60.696368968876641, -27.57315860574429 ], [ -60.695751301055729, -27.573166212979924 ], [ -60.695799547595421, -27.574393216397848 ], [ -60.696396912741271, -27.574376686792998 ], [ -60.696368968876641, -27.57315860574429 ] ] ] } },
{ "type": "Feature", "properties": { "ArcIds": [ 1151, 1153, -1293, -1294, -1292, 1290 ], "AREA": 16183.125, "PERIMETER": 510.606, "CODLOC": "030", "NOMMUNI": "VILLA ANGELA", "NOMLOC": "VILLA ANGELA", "FRAC": "08", "RADIO": "06", "MZA": "020", "MZATXT": 20, "UGEO": "", "MZAM": "0031", "TMZA": 10, "DEPTO10": "098", "FRAC10": "01", "RADIO10": "21", "MZA10": "031", "CEN2010": "0980121031", "LINK2010": "220980121031", "DF": "09808", "TFRAC": 4286, "DFR": "0980806", "TRADIO": 384, "DFRM": "0980806020", "FRACN": 8, "RADION": 6 }, "geometry": { "type": "Polygon", "coordinates": [ [ [ -60.695751301055729, -27.573166212979924 ], [ -60.695148907650072, -27.573187276819919 ], [ -60.694556526484575, -27.573190240258281 ], [ -60.694574352483116, -27.574412884463179 ], [ -60.695186964344551, -27.574405307674596 ], [ -60.695799547595421, -27.574393216397848 ], [ -60.695751301055729, -27.573166212979924 ] ] ] } },
{ "type": "Feature", "properties": { "ArcIds": [ 1157, 1297, -1298, -1296, 1293, 0, -1295 ], "AREA": 15255.875, "PERIMETER": 496.536, "CODLOC": "030", "NOMMUNI": "VILLA ANGELA", "NOMLOC": "VILLA ANGELA", "FRAC": "08", "RADIO": "06", "MZA": "019", "MZATXT": 19, "UGEO": "", "MZAM": "0030", "TMZA": 12, "DEPTO10": "098", "FRAC10": "01", "RADIO10": "21", "MZA10": "030", "CEN2010": "0980121030", "LINK2010": "220980121030", "DF": "09808", "TFRAC": 4286, "DFR": "0980806", "TRADIO": 384, "DFRM": "0980806019", "FRACN": 8, "RADION": 6 }, "geometry": { "type": "Polygon", "coordinates": [ [ [ -60.694556526484575, -27.573190240258281 ], [ -60.693427514589146, -27.573204905106827 ], [ -60.693435286891209, -27.574441135609948 ], [ -60.694306034277496, -27.574418737922091 ], [ -60.694574352483116, -27.574412884463179 ], [ -60.694556526484575, -27.573190240258281 ] ] ] } },
{ "type": "Feature", "properties": { "ArcIds": [ 1155, 1164, -1299, -1300, -1297, 0, -1193 ], "AREA": 17817.125, "PERIMETER": 532.583, "CODLOC": "030", "NOMMUNI": "VILLA ANGELA", "NOMLOC": "VILLA ANGELA", "FRAC": "08", "RADIO": "06", "MZA": "018", "MZATXT": 18, "UGEO": "", "MZAM": "0029", "TMZA": 26, "DEPTO10": "098", "FRAC10": "01", "RADIO10": "21", "MZA10": "029", "CEN2010": "0980121029", "LINK2010": "220980121029", "DF": "09808", "TFRAC": 4286, "DFR": "0980806", "TRADIO": 384, "DFRM": "0980806018", "FRACN": 8, "RADION": 6 }, "geometry": { "type": "Polygon", "coordinates": [ [ [ -60.693427514589146, -27.573204905106827 ], [ -60.692749003907956, -27.573199266931859 ], [ -60.692126385393678, -27.573224930474005 ], [ -60.692129136598197, -27.574470210126812 ], [ -60.693435286891209, -27.574441135609948 ], [ -60.693427514589146, -27.573204905106827 ] ] ] } },
{ "type": "Feature", "properties": { "ArcIds": [ 1159, -1160, -1208, 1209, 1206, 1191 ], "AREA": 3205.125, "PERIMETER": 235.036, "CODLOC": "030", "NOMMUNI": "VILLA ANGELA", "NOMLOC": "VILLA ANGELA", "FRAC": "09", "RADIO": "01", "MZA": "007", "MZATXT": 7, "UGEO": "", "MZAM": "", "TMZA": 6, "DEPTO10": "098", "FRAC10": "07", "RADIO10": "01", "MZA10": "057", "CEN2010": "0980701057", "LINK2010": "220980701057", "DF": "09809", "TFRAC": 3754, "DFR": "0980901", "TRADIO": 398, "DFRM": "0980901007", "FRACN": 9, "RADION": 1 }, "geometry": { "type": "Polygon", "coordinates": [ [ [ -60.737866018747091, -27.572980456632507 ], [ -60.737779947242871, -27.57298091384073 ], [ -60.737435691370692, -27.572987253887593 ], [ -60.73743009007287, -27.573664069703945 ], [ -60.737870485843978, -27.573648195128897 ], [ -60.737867316603989, -27.573174461742866 ], [ -60.737866018747091, -27.572980456632507 ] ] ] } },
{ "type": "Feature", "properties": { "ArcIds": [ 1165, 1168, -1301, -1302, 1299, 0, -1194 ], "AREA": 16452.0, "PERIMETER": 514.538, "CODLOC": "030", "NOMMUNI": "VILLA ANGELA", "NOMLOC": "VILLA ANGELA", "FRAC": "08", "RADIO": "07", "MZA": "010", "MZATXT": 10, "UGEO": "", "MZAM": "0028", "TMZA": 36, "DEPTO10": "098", "FRAC10": "01", "RADIO10": "21", "MZA10": "028", "CEN2010": "0980121028", "LINK2010": "220980121028", "DF": "09808", "TFRAC": 4286, "DFR": "0980807", "TRADIO": 332, "DFRM": "0980807010", "FRACN": 8, "RADION": 7 }, "geometry": { "type": "Polygon", "coordinates": [ [ [ -60.692126385393678, -27.573224930474005 ], [ -60.691569501870177, -27.573236728153027 ], [ -60.690911356299672, -27.573249027336683 ], [ -60.690929283245417, -27.574494231701955 ], [ -60.692129136598197, -27.574470210126812 ], [ -60.692126385393678, -27.573224930474005 ] ] ] } },
{ "type": "Feature", "properties": { "ArcIds": [ 1196, 1197, 1195, -1170, -1169 ], "AREA": 9782.625, "PERIMETER": 424.54, "CODLOC": "030", "NOMMUNI": "VILLA ANGELA", "NOMLOC": "VILLA ANGELA", "FRAC": "01", "RADIO": "11", "MZA": "006", "MZATXT": 6, "UGEO": "", "MZAM": "", "TMZA": 20, "DEPTO10": "098", "FRAC10": "01", "RADIO10": "19", "MZA10": "016", "CEN2010": "0980119016", "LINK2010": "220980119016", "DF": "09801", "TFRAC": 4496, "DFR": "0980111", "TRADIO": 238, "DFRM": "0980111006", "FRACN": 1, "RADION": 11 }, "geometry": { "type": "Polygon", "coordinates": [ [ [ -60.741790076976642, -27.572991138887197 ], [ -60.741814425571825, -27.573600115977488 ], [ -60.743277617339245, -27.573587781784717 ], [ -60.743268510552632, -27.572987747313224 ], [ -60.742372294506403, -27.572983516415892 ], [ -60.741790076976642, -27.572991138887197 ] ] ] } },
{ "type": "Feature", "properties": { "ArcIds": [ 1175, 1180, -1303, -1304, 1301 ], "AREA": 14979.0, "PERIMETER": 492.071, "CODLOC": "030", "NOMMUNI": "VILLA ANGELA", "NOMLOC": "VILLA ANGELA", "FRAC": "08", "RADIO": "07", "MZA": "011", "MZATXT": 11, "UGEO": "", "MZAM": "0027", "TMZA": 31, "DEPTO10": "098", "FRAC10": "01", "RADIO10": "21", "MZA10": "027", "CEN2010": "0980121027", "LINK2010": "220980121027", "DF": "09808", "TFRAC": 4286, "DFR": "0980807", "TRADIO": 332, "DFRM": "0980807011", "FRACN": 8, "RADION": 7 }, "geometry": { "type": "Polygon", "coordinates": [ [ [ -60.690911356299672, -27.573249027336683 ], [ -60.690298806603742, -27.573265608741867 ], [ -60.689797673004264, -27.573286146111677 ], [ -60.689820453014335, -27.574499743146063 ], [ -60.690929283245417, -27.574494231701955 ], [ -60.690911356299672, -27.573249027336683 ] ] ] } },
{ "type": "Feature", "properties": { "ArcIds": [ -1200, 1201, -1196, -1173 ], "AREA": 6312.25, "PERIMETER": 322.04, "CODLOC": "030", "NOMMUNI": "VILLA ANGELA", "NOMLOC": "VILLA ANGELA", "FRAC": "01", "RADIO": "11", "MZA": "005", "MZATXT": 5, "UGEO": "", "MZAM": "", "TMZA": 12, "DEPTO10": "098", "FRAC10": "01", "RADIO10": "19", "MZA10": "017", "CEN2010": "0980119017", "LINK2010": "220980119017", "DF": "09801", "TFRAC": 4496, "DFR": "0980111", "TRADIO": 238, "DFRM": "0980111005", "FRACN": 1, "RADION": 11 }, "geometry": { "type": "Polygon", "coordinates": [ [ [ -60.740857568942154, -27.573614246850191 ], [ -60.74085347773056, -27.573005161470668 ], [ -60.741790076976642, -27.572991138887197 ], [ -60.741814425571825, -27.573600115977488 ], [ -60.740857568942154, -27.573614246850191 ] ] ] } },
{ "type": "Feature", "properties": { "ArcIds": [ -1178, -1202, 1203, 1200, -1177 ], "AREA": 9732.875, "PERIMETER": 424.516, "CODLOC": "030", "NOMMUNI": "VILLA ANGELA", "NOMLOC": "VILLA ANGELA", "FRAC": "01", "RADIO": "09", "MZA": "021", "MZATXT": 21, "UGEO": "", "MZAM": "", "TMZA": 21, "DEPTO10": "098", "FRAC10": "01", "RADIO10": "04", "MZA10": "025", "CEN2010": "0980104025", "LINK2010": "220980104025", "DF": "09801", "TFRAC": 4496, "DFR": "0980109", "TRADIO": 366, "DFRM": "0980109021", "FRACN": 1, "RADION": 9 }, "geometry": { "type": "Polygon", "coordinates": [ [ [ -60.739380257462344, -27.573031059118033 ], [ -60.739906752031935, -27.573019231684302 ], [ -60.74085347773056, -27.573005161470668 ], [ -60.740857568942154, -27.573614246850191 ], [ -60.739384249806804, -27.573626609463901 ], [ -60.739380257462344, -27.573031059118033 ] ] ] } },
{ "type": "Feature", "properties": { "ArcIds": [ -1190, -1204, 1205, 1202, -1183 ], "AREA": 6191.625, "PERIMETER": 320.025, "CODLOC": "030", "NOMMUNI": "VILLA ANGELA", "NOMLOC": "VILLA ANGELA", "FRAC": "01", "RADIO": "09", "MZA": "022", "MZATXT": 22, "UGEO": "", "MZAM": "", "TMZA": 11, "DEPTO10": "098", "FRAC10": "01", "RADIO10": "04", "MZA10": "026", "CEN2010": "0980104026", "LINK2010": "220980104026", "DF": "09801", "TFRAC": 4496, "DFR": "0980109", "TRADIO": 366, "DFRM": "0980109022", "FRACN": 1, "RADION": 9 }, "geometry": { "type": "Polygon", "coordinates": [ [ [ -60.738424250796932, -27.573171502023552 ], [ -60.738418342009652, -27.573045200047382 ], [ -60.739380257462344, -27.573031059118033 ], [ -60.739384249806804, -27.573626609463901 ], [ -60.73843748813384, -27.573636158023771 ], [ -60.738424250796932, -27.573171502023552 ] ] ] } },
{ "type": "Feature", "properties": { "ArcIds": [ 1185, 1189, 1308, -1309, -1307, 1303, 0, -1306 ], "AREA": 18141.5, "PERIMETER": 570.474, "CODLOC": "030", "NOMMUNI": "VILLA ANGELA", "NOMLOC": "VILLA ANGELA", "FRAC": "08", "RADIO": "07", "MZA": "012", "MZATXT": 12, "UGEO": "", "MZAM": "0026", "TMZA": 38, "DEPTO10": "098", "FRAC10": "01", "RADIO10": "21", "MZA10": "026", "CEN2010": "0980121026", "LINK2010": "220980121026", "DF": "09808", "TFRAC": 4286, "DFR": "0980807", "TRADIO": 332, "DFRM": "0980807012", "FRACN": 8, "RADION": 7 }, "geometry": { "type": "Polygon", "coordinates": [ [ [ -60.689797673004264, -27.573286146111677 ], [ -60.689124365642876, -27.573303024063136 ], [ -60.687944691709355, -27.573313383770447 ], [ -60.688954794766765, -27.574526599418867 ], [ -60.689547099187948, -27.574510124358888 ], [ -60.689820453014335, -27.574499743146063 ], [ -60.689797673004264, -27.573286146111677 ] ] ] } },
{ "type": "Feature", "properties": { "ArcIds": [ -1215, 1216, 1213, 1210, -1187 ], "AREA": 8709.875, "PERIMETER": 391.546, "CODLOC": "030", "NOMMUNI": "VILLA ANGELA", "NOMLOC": "VILLA ANGELA", "FRAC": "09", "RADIO": "01", "MZA": "005", "MZATXT": 5, "UGEO": "", "MZAM": "", "TMZA": 20, "DEPTO10": "098", "FRAC10": "07", "RADIO10": "01", "MZA10": "005", "CEN2010": "0980701005", "LINK2010": "220980701005", "DF": "09809", "TFRAC": 3754, "DFR": "0980901", "TRADIO": 398, "DFRM": "0980901005", "FRACN": 9, "RADION": 1 }, "geometry": { "type": "Polygon", "coordinates": [ [ [ -60.735490997185508, -27.573683375049161 ], [ -60.735471716401364, -27.573069857616204 ], [ -60.736762700052189, -27.573049480083728 ], [ -60.736782018146307, -27.573667508946482 ], [ -60.736260552802278, -27.573674786014742 ], [ -60.735490997185508, -27.573683375049161 ] ] ] } },
{ "type": "Feature", "properties": { "ArcIds": [ -1206, 1207, 1204, -1192 ], "AREA": 2886.25, "PERIMETER": 215.019, "CODLOC": "030", "NOMMUNI": "VILLA ANGELA", "NOMLOC": "VILLA ANGELA", "FRAC": "09", "RADIO": "01", "MZA": "008", "MZATXT": 8, "UGEO": "", "MZAM": "", "TMZA": 6, "DEPTO10": "098", "FRAC10": "07", "RADIO10": "01", "MZA10": "006", "CEN2010": "0980701006", "LINK2010": "220980701006", "DF": "09809", "TFRAC": 3754, "DFR": "0980901", "TRADIO": 398, "DFRM": "0980901008", "FRACN": 9, "RADION": 1 }, "geometry": { "type": "Polygon", "coordinates": [ [ [ -60.737870485843978, -27.573648195128897 ], [ -60.737867316603989, -27.573174461742866 ], [ -60.738424250796932, -27.573171502023552 ], [ -60.73843748813384, -27.573636158023771 ], [ -60.737870485843978, -27.573648195128897 ] ] ] } },
{ "type": "Feature", "properties": { "ArcIds": [ -1305, -1337, 1338, 1333, 1331, -1198 ], "AREA": 32751.25, "PERIMETER": 759.516, "CODLOC": "030", "NOMMUNI": "VILLA ANGELA", "NOMLOC": "VILLA ANGELA", "FRAC": "01", "RADIO": "11", "MZA": "007", "MZATXT": 7, "UGEO": "", "MZAM": "", "TMZA": 26, "DEPTO10": "098", "FRAC10": "01", "RADIO10": "19", "MZA10": "020", "CEN2010": "0980119020", "LINK2010": "220980119020", "DF": "09801", "TFRAC": 4496, "DFR": "0980111", "TRADIO": 238, "DFRM": "0980111007", "FRACN": 1, "RADION": 11 }, "geometry": { "type": "Polygon", "coordinates": [ [ [ -60.743287028364897, -27.574232933606989 ], [ -60.743277617339245, -27.573587781784717 ], [ -60.745773792275529, -27.573587937250281 ], [ -60.745791942016659, -27.574774469954452 ], [ -60.744273041291223, -27.574787129395602 ], [ -60.743290859567061, -27.574801412881676 ], [ -60.743287028364897, -27.574232933606989 ] ] ] } },
{ "type": "Feature", "properties": { "ArcIds": [ -1311, 1312, 1310, 1305, -1197 ], "AREA": 10595.375, "PERIMETER": 435.547, "CODLOC": "030", "NOMMUNI": "VILLA ANGELA", "NOMLOC": "VILLA ANGELA", "FRAC": "01", "RADIO": "11", "MZA": "008", "MZATXT": 8, "UGEO": "", "MZAM": "", "TMZA": 20, "DEPTO10": "098", "FRAC10": "01", "RADIO10": "19", "MZA10": "019", "CEN2010": "0980119019", "LINK2010": "220980119019", "DF": "09801", "TFRAC": 4496, "DFR": "0980111", "TRADIO": 238, "DFRM": "0980111008", "FRACN": 1, "RADION": 11 }, "geometry": { "type": "Polygon", "coordinates": [ [ [ -60.741818947035497, -27.574272365559551 ], [ -60.741814425571825, -27.573600115977488 ], [ -60.743277617339245, -27.573587781784717 ], [ -60.743287028364897, -27.574232933606989 ], [ -60.742401140952197, -27.57426023109408 ], [ -60.741818947035497, -27.574272365559551 ] ] ] } },
{ "type": "Feature", "properties": { "ArcIds": [ -1313, 1314, 1311, -1201 ], "AREA": 6993.0, "PERIMETER": 337.005, "CODLOC": "030", "NOMMUNI": "VILLA ANGELA", "NOMLOC": "VILLA ANGELA", "FRAC": "01", "RADIO": "11", "MZA": "009", "MZATXT": 9, "UGEO": "", "MZAM": "", "TMZA": 12, "DEPTO10": "098", "FRAC10": "01", "RADIO10": "19", "MZA10": "018", "CEN2010": "0980119018", "LINK2010": "220980119018", "DF": "09801", "TFRAC": 4496, "DFR": "0980111", "TRADIO": 238, "DFRM": "0980111009", "FRACN": 1, "RADION": 11 }, "geometry": { "type": "Polygon", "coordinates": [ [ [ -60.740862023963111, -27.574277473090927 ], [ -60.740857568942154, -27.573614246850191 ], [ -60.741814425571825, -27.573600115977488 ], [ -60.741818947035497, -27.574272365559551 ], [ -60.740862023963111, -27.574277473090927 ] ] ] } },
{ "type": "Feature", "properties": { "ArcIds": [ -1316, 1317, 1315, 1313, -1203 ], "AREA": 10729.625, "PERIMETER": 438.504, "CODLOC": "030", "NOMMUNI": "VILLA ANGELA", "NOMLOC": "VILLA ANGELA", "FRAC": "01", "RADIO": "09", "MZA": "024", "MZATXT": 24, "UGEO": "", "MZAM": "", "TMZA": 20, "DEPTO10": "098", "FRAC10": "01", "RADIO10": "04", "MZA10": "027", "CEN2010": "0980104027", "LINK2010": "220980104027", "DF": "09801", "TFRAC": 4496, "DFR": "0980109", "TRADIO": 366, "DFRM": "0980109024", "FRACN": 1, "RADION": 9 }, "geometry": { "type": "Polygon", "coordinates": [ [ [ -60.739383632883062, -27.574289862877453 ], [ -60.739384249806804, -27.573626609463901 ], [ -60.740857568942154, -27.573614246850191 ], [ -60.740862023963111, -27.574277473090927 ], [ -60.740077275868778, -27.574286168631296 ], [ -60.739383632883062, -27.574289862877453 ] ] ] } },
{ "type": "Feature", "properties": { "ArcIds": [ -1318, 1319, 1316, -1205 ], "AREA": 6926.75, "PERIMETER": 335.532, "CODLOC": "030", "NOMMUNI": "VILLA ANGELA", "NOMLOC": "VILLA ANGELA", "FRAC": "01", "RADIO": "09", "MZA": "023", "MZATXT": 23, "UGEO": "", "MZAM": "", "TMZA": 8, "DEPTO10": "098", "FRAC10": "01", "RADIO10": "04", "MZA10": "032", "CEN2010": "0980104032", "LINK2010": "220980104032", "DF": "09801", "TFRAC": 4496, "DFR": "0980109", "TRADIO": 366, "DFRM": "0980109023", "FRACN": 1, "RADION": 9 }, "geometry": { "type": "Polygon", "coordinates": [ [ [ -60.73842167624899, -27.574299492297484 ], [ -60.73843748813384, -27.573636158023771 ], [ -60.739384249806804, -27.573626609463901 ], [ -60.739383632883062, -27.574289862877453 ], [ -60.73842167624899, -27.574299492297484 ] ] ] } },
{ "type": "Feature", "properties": { "ArcIds": [ -1209, -1211, -1279, -1335, 1336, 1334, 1318, -1207 ], "AREA": 21001.25, "PERIMETER": 585.59, "CODLOC": "030", "NOMMUNI": "VILLA ANGELA", "NOMLOC": "VILLA ANGELA", "FRAC": "09", "RADIO": "01", "MZA": "009", "MZATXT": 9, "UGEO": "", "MZAM": "", "TMZA": 0, "DEPTO10": "098", "FRAC10": "07", "RADIO10": "01", "MZA10": "011", "CEN2010": "0980701011", "LINK2010": "220980701011", "DF": "09809", "TFRAC": 3754, "DFR": "0980901", "TRADIO": 398, "DFRM": "0980901009", "FRACN": 9, "RADION": 1 }, "geometry": { "type": "Polygon", "coordinates": [ [ [ -60.73743009007287, -27.573664069703945 ], [ -60.737870485843978, -27.573648195128897 ], [ -60.73843748813384, -27.573636158023771 ], [ -60.73842167624899, -27.574299492297484 ], [ -60.738440369647499, -27.574822773987751 ], [ -60.736804983616992, -27.574831459119359 ], [ -60.736790306155569, -27.574150239051242 ], [ -60.736782018146307, -27.573667508946482 ], [ -60.73743009007287, -27.573664069703945 ] ] ] } },
{ "type": "Feature", "properties": { "ArcIds": [ -1283, 1284, 1282, 1279, -1213 ], "AREA": 2758.125, "PERIMETER": 210.01, "CODLOC": "030", "NOMMUNI": "VILLA ANGELA", "NOMLOC": "VILLA ANGELA", "FRAC": "09", "RADIO": "01", "MZA": "010", "MZATXT": 10, "UGEO": "", "MZAM": "", "TMZA": 6, "DEPTO10": "098", "FRAC10": "07", "RADIO10": "01", "MZA10": "013", "CEN2010": "0980701013", "LINK2010": "220980701013", "DF": "09809", "TFRAC": 3754, "DFR": "0980901", "TRADIO": 398, "DFRM": "0980901010", "FRACN": 9, "RADION": 1 }, "geometry": { "type": "Polygon", "coordinates": [ [ [ -60.736268838531132, -27.574157516194727 ], [ -60.736260552802278, -27.573674786014742 ], [ -60.736782018146307, -27.573667508946482 ], [ -60.736790306155569, -27.574150239051242 ], [ -60.736375163324098, -27.574156952534921 ], [ -60.736268838531132, -27.574157516194727 ] ] ] } },
{ "type": "Feature", "properties": { "ArcIds": [ -1351, 1352, 1349, 1324, -1214 ], "AREA": 17568.5, "PERIMETER": 532.086, "CODLOC": "030", "NOMMUNI": "VILLA ANGELA", "NOMLOC": "VILLA ANGELA", "FRAC": "09", "RADIO": "02", "MZA": "010", "MZATXT": 10, "UGEO": "", "MZAM": "", "TMZA": 20, "DEPTO10": "098", "FRAC10": "07", "RADIO10": "02", "MZA10": "010", "CEN2010": "0980702010", "LINK2010": "220980702010", "DF": "09809", "TFRAC": 3754, "DFR": "0980902", "TRADIO": 208, "DFRM": "0980902010", "FRACN": 9, "RADION": 2 }, "geometry": { "type": "Polygon", "coordinates": [ [ [ -60.734157243406479, -27.574886086961286 ], [ -60.734144161698602, -27.573681476541619 ], [ -60.735490997185508, -27.573683375049161 ], [ -60.735491199297954, -27.574472957850389 ], [ -60.735519132516949, -27.574865345878678 ], [ -60.734157243406479, -27.574886086961286 ] ] ] } },
{ "type": "Feature", "properties": { "ArcIds": [ -1353, 1354, 1351, -1229 ], "AREA": 15785.625, "PERIMETER": 503.1, "CODLOC": "030", "NOMMUNI": "VILLA ANGELA", "NOMLOC": "VILLA ANGELA", "FRAC": "09", "RADIO": "02", "MZA": "009", "MZATXT": 9, "UGEO": "", "MZAM": "", "TMZA": 22, "DEPTO10": "098", "FRAC10": "07", "RADIO10": "02", "MZA10": "009", "CEN2010": "0980702009", "LINK2010": "220980702009", "DF": "09809", "TFRAC": 3754, "DFR": "0980902", "TRADIO": 208, "DFRM": "0980902009", "FRACN": 9, "RADION": 2 }, "geometry": { "type": "Polygon", "coordinates": [ [ [ -60.732947157215783, -27.574892477972426 ], [ -60.732919169347426, -27.573728553095226 ], [ -60.734144161698602, -27.573681476541619 ], [ -60.734157243406479, -27.574886086961286 ], [ -60.732947157215783, -27.574892477972426 ] ] ] } },
{ "type": "Feature", "properties": { "ArcIds": [ -1324, 1325, 1323, 1321, 1287, 1283, -1216 ], "AREA": 6215.625, "PERIMETER": 327.041, "CODLOC": "030", "NOMMUNI": "VILLA ANGELA", "NOMLOC": "VILLA ANGELA", "FRAC": "09", "RADIO": "01", "MZA": "011", "MZATXT": 11, "UGEO": "", "MZAM": "", "TMZA": 12, "DEPTO10": "098", "FRAC10": "07", "RADIO10": "01", "MZA10": "060", "CEN2010": "0980701060", "LINK2010": "220980701060", "DF": "09809", "TFRAC": 3754, "DFR": "0980901", "TRADIO": 398, "DFRM": "0980901011", "FRACN": 9, "RADION": 1 }, "geometry": { "type": "Polygon", "coordinates": [ [ [ -60.735491199297954, -27.574472957850389 ], [ -60.735490997185508, -27.573683375049161 ], [ -60.736260552802278, -27.573674786014742 ], [ -60.736268838531132, -27.574157516194727 ], [ -60.736132165334496, -27.574162752528398 ], [ -60.736133219299397, -27.574320663700004 ], [ -60.736139185804021, -27.574455989295455 ], [ -60.735491199297954, -27.574472957850389 ] ] ] } },
{ "type": "Feature", "properties": { "ArcIds": [ -1362, 1363, 1357, -1221 ], "AREA": 17255.625, "PERIMETER": 525.552, "CODLOC": "030", "NOMMUNI": "VILLA ANGELA", "NOMLOC": "VILLA ANGELA", "FRAC": "09", "RADIO": "02", "MZA": "006", "MZATXT": 6, "UGEO": "", "MZAM": "", "TMZA": 23, "DEPTO10": "098", "FRAC10": "07", "RADIO10": "02", "MZA10": "006", "CEN2010": "0980702006", "LINK2010": "220980702006", "DF": "09809", "TFRAC": 3754, "DFR": "0980902", "TRADIO": 208, "DFRM": "0980902006", "FRACN": 9, "RADION": 2 }, "geometry": { "type": "Polygon", "coordinates": [ [ [ -60.729225849446557, -27.574925601546578 ], [ -60.729187476381171, -27.573716610774103 ], [ -60.730509027910848, -27.57372320224156 ], [ -60.730532106536309, -27.574914225247685 ], [ -60.729225849446557, -27.574925601546578 ] ] ] } },
{ "type": "Feature", "properties": { "ArcIds": [ 1219, -1359, -1361, 1362 ], "AREA": 17623.0, "PERIMETER": 531.062, "CODLOC": "030", "NOMMUNI": "VILLA ANGELA", "NOMLOC": "VILLA ANGELA", "FRAC": "09", "RADIO": "03", "MZA": "001", "MZATXT": 1, "UGEO": "", "MZAM": "0001", "TMZA": 15, "DEPTO10": "098", "FRAC10": "07", "RADIO10": "03", "MZA10": "001", "CEN2010": "0980703001", "LINK2010": "220980703001", "DF": "09809", "TFRAC": 3754, "DFR": "0980903", "TRADIO": 270, "DFRM": "0980903001", "FRACN": 9, "RADION": 3 }, "geometry": { "type": "Polygon", "coordinates": [ [ [ -60.729187476381171, -27.573716610774103 ], [ -60.727850884349103, -27.573732645106968 ], [ -60.727884090319527, -27.57492812779628 ], [ -60.729225849446557, -27.574925601546578 ], [ -60.729187476381171, -27.573716610774103 ] ] ] } },
{ "type": "Feature", "properties": { "ArcIds": [ 1224, -1368, -1369, 1359 ], "AREA": 15734.0, "PERIMETER": 502.577, "CODLOC": "030", "NOMMUNI": "VILLA ANGELA", "NOMLOC": "VILLA ANGELA", "FRAC": "09", "RADIO": "03", "MZA": "002", "MZATXT": 2, "UGEO": "", "MZAM": "0002", "TMZA": 21, "DEPTO10": "098", "FRAC10": "07", "RADIO10": "03", "MZA10": "002", "CEN2010": "0980703002", "LINK2010": "220980703002", "DF": "09809", "TFRAC": 3754, "DFR": "0980903", "TRADIO": 270, "DFRM": "0980903002", "FRACN": 9, "RADION": 3 }, "geometry": { "type": "Polygon", "coordinates": [ [ [ -60.727850884349103, -27.573732645106968 ], [ -60.726676339825566, -27.573752330788821 ], [ -60.726653838623058, -27.574948105393837 ], [ -60.727884090319527, -27.57492812779628 ], [ -60.727850884349103, -27.573732645106968 ] ] ] } },
{ "type": "Feature", "properties": { "ArcIds": [ 1225, 1365, -1366, -1360 ], "AREA": 15843.125, "PERIMETER": 504.041, "CODLOC": "030", "NOMMUNI": "VILLA ANGELA", "NOMLOC": "VILLA ANGELA", "FRAC": "09", "RADIO": "03", "MZA": "004", "MZATXT": 4, "UGEO": "", "MZAM": "0004", "TMZA": 23, "DEPTO10": "098", "FRAC10": "07", "RADIO10": "03", "MZA10": "004", "CEN2010": "0980703004", "LINK2010": "220980703004", "DF": "09809", "TFRAC": 3754, "DFR": "0980903", "TRADIO": 270, "DFRM": "0980903004", "FRACN": 9, "RADION": 3 }, "geometry": { "type": "Polygon", "coordinates": [ [ [ -60.72547135680874, -27.573763141701935 ], [ -60.724235846683492, -27.57375154176842 ], [ -60.72425891685581, -27.574951590636744 ], [ -60.725458850095414, -27.574940816438318 ], [ -60.72547135680874, -27.573763141701935 ] ] ] } },
{ "type": "Feature", "properties": { "ArcIds": [ 1234, -1364, -1365 ], "AREA": 8681.25, "PERIMETER": 448.137, "CODLOC": "030", "NOMMUNI": "VILLA ANGELA", "NOMLOC": "VILLA ANGELA", "FRAC": "09", "RADIO": "03", "MZA": "005", "MZATXT": 5, "UGEO": "", "MZAM": "0005", "TMZA": 6, "DEPTO10": "098", "FRAC10": "07", "RADIO10": "03", "MZA10": "005", "CEN2010": "0980703005", "LINK2010": "220980703005", "DF": "09809", "TFRAC": 3754, "DFR": "0980903", "TRADIO": 270, "DFRM": "0980903005", "FRACN": 9, "RADION": 3 }, "geometry": { "type": "Polygon", "coordinates": [ [ [ -60.724235846683492, -27.57375154176842 ], [ -60.722914619033439, -27.573794519983689 ], [ -60.72425891685581, -27.574951590636744 ], [ -60.724235846683492, -27.57375154176842 ] ] ] } },
{ "type": "Feature", "properties": { "ArcIds": [ -1357, 1358, 1355, -1230 ], "AREA": 15587.0, "PERIMETER": 500.049, "CODLOC": "030", "NOMMUNI": "VILLA ANGELA", "NOMLOC": "VILLA ANGELA", "FRAC": "09", "RADIO": "02", "MZA": "007", "MZATXT": 7, "UGEO": "", "MZAM": "", "TMZA": 21, "DEPTO10": "098", "FRAC10": "07", "RADIO10": "02", "MZA10": "007", "CEN2010": "0980702007", "LINK2010": "220980702007", "DF": "09809", "TFRAC": 3754, "DFR": "0980902", "TRADIO": 208, "DFRM": "0980902007", "FRACN": 9, "RADION": 2 }, "geometry": { "type": "Polygon", "coordinates": [ [ [ -60.730532106536309, -27.574914225247685 ], [ -60.730509027910848, -27.57372320224156 ], [ -60.731709095520294, -27.57373493307464 ], [ -60.731742193620406, -27.574907855271714 ], [ -60.730532106536309, -27.574914225247685 ] ] ] } },
{ "type": "Feature", "properties": { "ArcIds": [ 1227, 1360, -1367, 1368 ], "AREA": 15584.0, "PERIMETER": 500.06, "CODLOC": "030", "NOMMUNI": "VILLA ANGELA", "NOMLOC": "VILLA ANGELA", "FRAC": "09", "RADIO": "03", "MZA": "003", "MZATXT": 3, "UGEO": "", "MZAM": "0003", "TMZA": 25, "DEPTO10": "098", "FRAC10": "07", "RADIO10": "03", "MZA10": "003", "CEN2010": "0980703003", "LINK2010": "220980703003", "DF": "09809", "TFRAC": 3754, "DFR": "0980903", "TRADIO": 270, "DFRM": "0980903003", "FRACN": 9, "RADION": 3 }, "geometry": { "type": "Polygon", "coordinates": [ [ [ -60.726676339825566, -27.573752330788821 ], [ -60.72547135680874, -27.573763141701935 ], [ -60.725458850095414, -27.574940816438318 ], [ -60.726653838623058, -27.574948105393837 ], [ -60.726676339825566, -27.573752330788821 ] ] ] } },
{ "type": "Feature", "properties": { "ArcIds": [ -1355, 1356, 1353, -1232 ], "AREA": 15444.0, "PERIMETER": 497.544, "CODLOC": "030", "NOMMUNI": "VILLA ANGELA", "NOMLOC": "VILLA ANGELA", "FRAC": "09", "RADIO": "02", "MZA": "008", "MZATXT": 8, "UGEO": "", "MZAM": "", "TMZA": 30, "DEPTO10": "098", "FRAC10": "07", "RADIO10": "02", "MZA10": "008", "CEN2010": "0980702008", "LINK2010": "220980702008", "DF": "09809", "TFRAC": 3754, "DFR": "0980902", "TRADIO": 208, "DFRM": "0980902008", "FRACN": 9, "RADION": 2 }, "geometry": { "type": "Polygon", "coordinates": [ [ [ -60.731742193620406, -27.574907855271714 ], [ -60.731709095520294, -27.57373493307464 ], [ -60.732919169347426, -27.573728553095226 ], [ -60.732947157215783, -27.574892477972426 ], [ -60.731742193620406, -27.574907855271714 ] ] ] } },
{ "type": "Feature", "properties": { "ArcIds": [ -1370, -1371, 1364, -1235 ], "AREA": 8381.25, "PERIMETER": 443.644, "CODLOC": "030", "NOMMUNI": "VILLA ANGELA", "NOMLOC": "VILLA ANGELA", "FRAC": "09", "RADIO": "03", "MZA": "006", "MZATXT": 6, "UGEO": "", "MZAM": "0006", "TMZA": 6, "DEPTO10": "098", "FRAC10": "07", "RADIO10": "03", "MZA10": "006", "CEN2010": "0980703006", "LINK2010": "220980703006", "DF": "09809", "TFRAC": 3754, "DFR": "0980903", "TRADIO": 270, "DFRM": "0980903006", "FRACN": 9, "RADION": 3 }, "geometry": { "type": "Polygon", "coordinates": [ [ [ -60.722962872246903, -27.574976390526434 ], [ -60.722920450997869, -27.5739117994259 ], [ -60.722914619033439, -27.573794519983689 ], [ -60.72425891685581, -27.574951590636744 ], [ -60.722962872246903, -27.574976390526434 ] ] ] } },
{ "type": "Feature", "properties": { "ArcIds": [ 1235, 1237, -1240, -1372, -1373, 1370 ], "AREA": 18953.375, "PERIMETER": 553.877, "CODLOC": "030", "NOMMUNI": "VILLA ANGELA", "NOMLOC": "VILLA ANGELA", "FRAC": "09", "RADIO": "04", "MZA": "001", "MZATXT": 1, "UGEO": "", "MZAM": "0001", "TMZA": 8, "DEPTO10": "098", "FRAC10": "07", "RADIO10": "04", "MZA10": "001", "CEN2010": "0980704001", "LINK2010": "220980704001", "DF": "09809", "TFRAC": 3754, "DFR": "0980904", "TRADIO": 307, "DFRM": "0980904001", "FRACN": 9, "RADION": 4 }, "geometry": { "type": "Polygon", "coordinates": [ [ [ -60.722920450997869, -27.5739117994259 ], [ -60.722914619033439, -27.573794519983689 ], [ -60.721614173740583, -27.573918592159721 ], [ -60.721381419093333, -27.573942360791065 ], [ -60.721408577068274, -27.574998008012379 ], [ -60.722962872246903, -27.574976390526434 ], [ -60.722920450997869, -27.5739117994259 ] ] ] } },
{ "type": "Feature", "properties": { "ArcIds": [ 1378, -1379, 1372, -1239 ], "AREA": 14348.75, "PERIMETER": 479.253, "CODLOC": "030", "NOMMUNI": "VILLA ANGELA", "NOMLOC": "VILLA ANGELA", "FRAC": "09", "RADIO": "04", "MZA": "002", "MZATXT": 2, "UGEO": "", "MZAM": "0002", "TMZA": 18, "DEPTO10": "098", "FRAC10": "07", "RADIO10": "04", "MZA10": "002", "CEN2010": "0980704002", "LINK2010": "220980704002", "DF": "09809", "TFRAC": 3754, "DFR": "0980904", "TRADIO": 307, "DFRM": "0980904002", "FRACN": 9, "RADION": 4 }, "geometry": { "type": "Polygon", "coordinates": [ [ [ -60.720161184170479, -27.573944181042322 ], [ -60.720214029203198, -27.575058350377258 ], [ -60.721408577068274, -27.574998008012379 ], [ -60.721381419093333, -27.573942360791065 ], [ -60.720161184170479, -27.573944181042322 ] ] ] } },
{ "type": "Feature", "properties": { "ArcIds": [ -1374, -1377, -1378, -1242 ], "AREA": 14425.875, "PERIMETER": 480.652, "CODLOC": "030", "NOMMUNI": "VILLA ANGELA", "NOMLOC": "VILLA ANGELA", "FRAC": "09", "RADIO": "04", "MZA": "003", "MZATXT": 3, "UGEO": "", "MZAM": "0003", "TMZA": 35, "DEPTO10": "098", "FRAC10": "07", "RADIO10": "04", "MZA10": "003", "CEN2010": "0980704003", "LINK2010": "220980704003", "DF": "09809", "TFRAC": 3754, "DFR": "0980904", "TRADIO": 307, "DFRM": "0980904003", "FRACN": 9, "RADION": 4 }, "geometry": { "type": "Polygon", "coordinates": [ [ [ -60.718983449484426, -27.575028630676375 ], [ -60.718976478849591, -27.573959342414071 ], [ -60.720161184170479, -27.573944181042322 ], [ -60.720214029203198, -27.575058350377258 ], [ -60.718983449484426, -27.575028630676375 ] ] ] } },
{ "type": "Feature", "properties": { "ArcIds": [ -1375, -1376, 1374, -1244 ], "AREA": 14309.375, "PERIMETER": 478.588, "CODLOC": "030", "NOMMUNI": "VILLA ANGELA", "NOMLOC": "VILLA ANGELA", "FRAC": "09", "RADIO": "04", "MZA": "004", "MZATXT": 4, "UGEO": "", "MZAM": "0004", "TMZA": 17, "DEPTO10": "098", "FRAC10": "07", "RADIO10": "04", "MZA10": "004", "CEN2010": "0980704004", "LINK2010": "220980704004", "DF": "09809", "TFRAC": 3754, "DFR": "0980904", "TRADIO": 307, "DFRM": "0980904004", "FRACN": 9, "RADION": 4 }, "geometry": { "type": "Polygon", "coordinates": [ [ [ -60.717763436899993, -27.575066524214183 ], [ -60.71775644872023, -27.573992723904659 ], [ -60.718976478849591, -27.573959342414071 ], [ -60.718983449484426, -27.575028630676375 ], [ -60.717763436899993, -27.575066524214183 ] ] ] } },
{ "type": "Feature", "properties": { "ArcIds": [ 1246, 1380, -1381, 1375 ], "AREA": 14432.25, "PERIMETER": 480.589, "CODLOC": "030", "NOMMUNI": "VILLA ANGELA", "NOMLOC": "VILLA ANGELA", "FRAC": "08", "RADIO": "13", "MZA": "010", "MZATXT": 10, "UGEO": "", "MZAM": "0010", "TMZA": 20, "DEPTO10": "098", "FRAC10": "01", "RADIO10": "15", "MZA10": "010", "CEN2010": "0980115010", "LINK2010": "220980115010", "DF": "09808", "TFRAC": 4286, "DFR": "0980813", "TRADIO": 232, "DFRM": "0980813010", "FRACN": 8, "RADION": 13 }, "geometry": { "type": "Polygon", "coordinates": [ [ [ -60.71775644872023, -27.573992723904659 ], [ -60.716531178626823, -27.573999050206073 ], [ -60.716568738976022, -27.575104276444062 ], [ -60.717763436899993, -27.575066524214183 ], [ -60.71775644872023, -27.573992723904659 ] ] ] } },
{ "type": "Feature", "properties": { "ArcIds": [ 1250, -1382, -1383, -1380 ], "AREA": 14402.0, "PERIMETER": 480.119, "CODLOC": "030", "NOMMUNI": "VILLA ANGELA", "NOMLOC": "VILLA ANGELA", "FRAC": "08", "RADIO": "13", "MZA": "009", "MZATXT": 9, "UGEO": "", "MZAM": "0009", "TMZA": 31, "DEPTO10": "098", "FRAC10": "01", "RADIO10": "15", "MZA10": "009", "CEN2010": "0980115009", "LINK2010": "220980115009", "DF": "09808", "TFRAC": 4286, "DFR": "0980813", "TRADIO": 232, "DFRM": "0980813009", "FRACN": 8, "RADION": 13 }, "geometry": { "type": "Polygon", "coordinates": [ [ [ -60.716531178626823, -27.573999050206073 ], [ -60.715346617789372, -27.574036739477719 ], [ -60.715363855150422, -27.57513304703232 ], [ -60.716568738976022, -27.575104276444062 ], [ -60.716531178626823, -27.573999050206073 ] ] ] } },
{ "type": "Feature", "properties": { "ArcIds": [ 1248, 1384, -1385, 1382 ], "AREA": 14853.125, "PERIMETER": 487.513, "CODLOC": "030", "NOMMUNI": "VILLA ANGELA", "NOMLOC": "VILLA ANGELA", "FRAC": "08", "RADIO": "13", "MZA": "008", "MZATXT": 8, "UGEO": "", "MZAM": "0008", "TMZA": 36, "DEPTO10": "098", "FRAC10": "01", "RADIO10": "15", "MZA10": "008", "CEN2010": "0980115008", "LINK2010": "220980115008", "DF": "09808", "TFRAC": 4286, "DFR": "0980813", "TRADIO": 232, "DFRM": "0980813008", "FRACN": 8, "RADION": 13 }, "geometry": { "type": "Polygon", "coordinates": [ [ [ -60.715346617789372, -27.574036739477719 ], [ -60.714121288135154, -27.574034020991231 ], [ -60.714133567020916, -27.575148402039169 ], [ -60.715363855150422, -27.57513304703232 ], [ -60.715346617789372, -27.574036739477719 ] ] ] } },
{ "type": "Feature", "properties": { "ArcIds": [ 1252, -1386, -1387, -1384 ], "AREA": 14583.0, "PERIMETER": 483.106, "CODLOC": "030", "NOMMUNI": "VILLA ANGELA", "NOMLOC": "VILLA ANGELA", "FRAC": "08", "RADIO": "13", "MZA": "007", "MZATXT": 7, "UGEO": "", "MZAM": "0007", "TMZA": 22, "DEPTO10": "098", "FRAC10": "01", "RADIO10": "15", "MZA10": "007", "CEN2010": "0980115007", "LINK2010": "220980115007", "DF": "09808", "TFRAC": 4286, "DFR": "0980813", "TRADIO": 232, "DFRM": "0980813007", "FRACN": 8, "RADION": 13 }, "geometry": { "type": "Polygon", "coordinates": [ [ [ -60.714121288135154, -27.574034020991231 ], [ -60.712901342179741, -27.574080895188196 ], [ -60.712928594078129, -27.575163616210713 ], [ -60.714133567020916, -27.575148402039169 ], [ -60.714121288135154, -27.574034020991231 ] ] ] } },
{ "type": "Feature", "properties": { "ArcIds": [ 1254, -1388, -1389, 1386 ], "AREA": 14254.0, "PERIMETER": 477.597, "CODLOC": "030", "NOMMUNI": "VILLA ANGELA", "NOMLOC": "VILLA ANGELA", "FRAC": "08", "RADIO": "13", "MZA": "006", "MZATXT": 6, "UGEO": "", "MZAM": "0006", "TMZA": 20, "DEPTO10": "098", "FRAC10": "01", "RADIO10": "15", "MZA10": "006", "CEN2010": "0980115006", "LINK2010": "220980115006", "DF": "09808", "TFRAC": 4286, "DFR": "0980813", "TRADIO": 232, "DFRM": "0980813006", "FRACN": 8, "RADION": 13 }, "geometry": { "type": "Polygon", "coordinates": [ [ [ -60.712901342179741, -27.574080895188196 ], [ -60.711686428931081, -27.574123220973561 ], [ -60.711708431074364, -27.575178897768627 ], [ -60.712928594078129, -27.575163616210713 ], [ -60.712901342179741, -27.574080895188196 ] ] ] } },
{ "type": "Feature", "properties": { "ArcIds": [ 1259, -1391, -1392, 1388 ], "AREA": 14045.0, "PERIMETER": 474.074, "CODLOC": "030", "NOMMUNI": "VILLA ANGELA", "NOMLOC": "VILLA ANGELA", "FRAC": "08", "RADIO": "12", "MZA": "011", "MZATXT": 11, "UGEO": "", "MZAM": "0011", "TMZA": 16, "DEPTO10": "098", "FRAC10": "01", "RADIO10": "12", "MZA10": "011", "CEN2010": "0980112011", "LINK2010": "220980112011", "DF": "09808", "TFRAC": 4286, "DFR": "0980812", "TRADIO": 257, "DFRM": "0980812011", "FRACN": 8, "RADION": 12 }, "geometry": { "type": "Polygon", "coordinates": [ [ [ -60.711686428931081, -27.574123220973561 ], [ -60.710476461357551, -27.574147463156201 ], [ -60.710498510065058, -27.575212163903146 ], [ -60.711708431074364, -27.575178897768627 ], [ -60.711686428931081, -27.574123220973561 ] ] ] } },
{ "type": "Feature", "properties": { "ArcIds": [ 1255, 1394, -1395, 1391, 1257 ], "AREA": 14878.625, "PERIMETER": 488.118, "CODLOC": "030", "NOMMUNI": "VILLA ANGELA", "NOMLOC": "VILLA ANGELA", "FRAC": "08", "RADIO": "12", "MZA": "012", "MZATXT": 12, "UGEO": "", "MZAM": "0012", "TMZA": 21, "DEPTO10": "098", "FRAC10": "01", "RADIO10": "12", "MZA10": "012", "CEN2010": "0980112012", "LINK2010": "220980112012", "DF": "09808", "TFRAC": 4286, "DFR": "0980812", "TRADIO": 257, "DFRM": "0980812012", "FRACN": 8, "RADION": 12 }, "geometry": { "type": "Polygon", "coordinates": [ [ [ -60.709559979580604, -27.574143124275238 ], [ -60.709215658753457, -27.574140370923285 ], [ -60.709258238097412, -27.575250086420105 ], [ -60.710498510065058, -27.575212163903146 ], [ -60.710476461357551, -27.574147463156201 ], [ -60.709559979580604, -27.574143124275238 ] ] ] } },
{ "type": "Feature", "properties": { "ArcIds": [ 1260, -1390, -1393, -1394 ], "AREA": 14129.0, "PERIMETER": 475.645, "CODLOC": "030", "NOMMUNI": "VILLA ANGELA", "NOMLOC": "VILLA ANGELA", "FRAC": "08", "RADIO": "12", "MZA": "013", "MZATXT": 13, "UGEO": "", "MZAM": "0013", "TMZA": 18, "DEPTO10": "098", "FRAC10": "01", "RADIO10": "12", "MZA10": "013", "CEN2010": "0980112013", "LINK2010": "220980112013", "DF": "09808", "TFRAC": 4286, "DFR": "0980812", "TRADIO": 257, "DFRM": "0980812013", "FRACN": 8, "RADION": 12 }, "geometry": { "type": "Polygon", "coordinates": [ [ [ -60.709215658753457, -27.574140370923285 ], [ -60.708036097606588, -27.574168948514025 ], [ -60.708047909542422, -27.575220166385819 ], [ -60.709258238097412, -27.575250086420105 ], [ -60.709215658753457, -27.574140370923285 ] ] ] } },
{ "type": "Feature", "properties": { "ArcIds": [ 1263, 1266, 1396, -1397, 1390 ], "AREA": 14154.0, "PERIMETER": 476.137, "CODLOC": "030", "NOMMUNI": "VILLA ANGELA", "NOMLOC": "VILLA ANGELA", "FRAC": "08", "RADIO": "12", "MZA": "014", "MZATXT": 14, "UGEO": "", "MZAM": "0014", "TMZA": 18, "DEPTO10": "098", "FRAC10": "01", "RADIO10": "12", "MZA10": "014", "CEN2010": "0980112014", "LINK2010": "220980112014", "DF": "09808", "TFRAC": 4286, "DFR": "0980812", "TRADIO": 257, "DFRM": "0980812014", "FRACN": 8, "RADION": 12 }, "geometry": { "type": "Polygon", "coordinates": [ [ [ -60.708036097606588, -27.574168948514025 ], [ -60.707620950891304, -27.574175576082212 ], [ -60.706826070147294, -27.574184135365414 ], [ -60.706843193972155, -27.575275933773426 ], [ -60.708047909542422, -27.575220166385819 ], [ -60.708036097606588, -27.574168948514025 ] ] ] } },
{ "type": "Feature", "properties": { "ArcIds": [ 1264, 1398, -1399, -1396 ], "AREA": 14608.875, "PERIMETER": 483.522, "CODLOC": "030", "NOMMUNI": "VILLA ANGELA", "NOMLOC": "VILLA ANGELA", "FRAC": "08", "RADIO": "12", "MZA": "015", "MZATXT": 15, "UGEO": "", "MZAM": "0015", "TMZA": 19, "DEPTO10": "098", "FRAC10": "01", "RADIO10": "12", "MZA10": "015", "CEN2010": "0980112015", "LINK2010": "220980112015", "DF": "09808", "TFRAC": 4286, "DFR": "0980812", "TRADIO": 257, "DFRM": "0980812015", "FRACN": 8, "RADION": 12 }, "geometry": { "type": "Polygon", "coordinates": [ [ [ -60.706826070147294, -27.574184135365414 ], [ -60.705626052887709, -27.574181213124344 ], [ -60.70562305648393, -27.575295673683605 ], [ -60.706843193972155, -27.575275933773426 ], [ -60.706826070147294, -27.574184135365414 ] ] ] } },
{ "type": "Feature", "properties": { "ArcIds": [ 1268, -1400, -1401, -1398 ], "AREA": 18399.75, "PERIMETER": 545.564, "CODLOC": "030", "NOMMUNI": "VILLA ANGELA", "NOMLOC": "VILLA ANGELA", "FRAC": "08", "RADIO": "10", "MZA": "012", "MZATXT": 12, "UGEO": "", "MZAM": "0018", "TMZA": 28, "DEPTO10": "098", "FRAC10": "01", "RADIO10": "11", "MZA10": "018", "CEN2010": "0980111018", "LINK2010": "220980111018", "DF": "09808", "TFRAC": 4286, "DFR": "0980810", "TRADIO": 328, "DFRM": "0980810012", "FRACN": 8, "RADION": 10 }, "geometry": { "type": "Polygon", "coordinates": [ [ [ -60.705626052887709, -27.574181213124344 ], [ -60.704087065484316, -27.57422060656382 ], [ -60.704114288563559, -27.575312354475621 ], [ -60.70562305648393, -27.575295673683605 ], [ -60.705626052887709, -27.574181213124344 ] ] ] } },
{ "type": "Feature", "properties": { "ArcIds": [ 1270, -1402, -1403, 1400 ], "AREA": 12011.25, "PERIMETER": 440.062, "CODLOC": "030", "NOMMUNI": "VILLA ANGELA", "NOMLOC": "VILLA ANGELA", "FRAC": "08", "RADIO": "10", "MZA": "011", "MZATXT": 11, "UGEO": "", "MZAM": "0019", "TMZA": 19, "DEPTO10": "098", "FRAC10": "01", "RADIO10": "11", "MZA10": "019", "CEN2010": "0980111019", "LINK2010": "220980111019", "DF": "09808", "TFRAC": 4286, "DFR": "0980810", "TRADIO": 328, "DFRM": "0980810011", "FRACN": 8, "RADION": 10 }, "geometry": { "type": "Polygon", "coordinates": [ [ [ -60.704087065484316, -27.57422060656382 ], [ -60.703079676194271, -27.5742527811285 ], [ -60.703086464035984, -27.575317561262967 ], [ -60.704114288563559, -27.575312354475621 ], [ -60.704087065484316, -27.57422060656382 ] ] ] } },
{ "type": "Feature", "properties": { "ArcIds": [ 1272, -1404, -1405, 1402 ], "AREA": 14044.0, "PERIMETER": 474.051, "CODLOC": "030", "NOMMUNI": "VILLA ANGELA", "NOMLOC": "VILLA ANGELA", "FRAC": "08", "RADIO": "10", "MZA": "010", "MZATXT": 10, "UGEO": "", "MZAM": "0020", "TMZA": 19, "DEPTO10": "098", "FRAC10": "01", "RADIO10": "11", "MZA10": "020", "CEN2010": "0980111020", "LINK2010": "220980111020", "DF": "09808", "TFRAC": 4286, "DFR": "0980810", "TRADIO": 328, "DFRM": "0980810010", "FRACN": 8, "RADION": 10 }, "geometry": { "type": "Polygon", "coordinates": [ [ [ -60.703079676194271, -27.5742527811285 ], [ -60.701864640411131, -27.574276973975774 ], [ -60.70189166924235, -27.575341652038276 ], [ -60.703086464035984, -27.575317561262967 ], [ -60.703079676194271, -27.5742527811285 ] ] ] } },
{ "type": "Feature", "properties": { "ArcIds": [ 1274, -1406, -1407, 1404 ], "AREA": 14226.875, "PERIMETER": 477.145, "CODLOC": "030", "NOMMUNI": "VILLA ANGELA", "NOMLOC": "VILLA ANGELA", "FRAC": "08", "RADIO": "11", "MZA": "009", "MZATXT": 9, "UGEO": "", "MZAM": "0021", "TMZA": 24, "DEPTO10": "098", "FRAC10": "01", "RADIO10": "11", "MZA10": "021", "CEN2010": "0980111021", "LINK2010": "220980111021", "DF": "09808", "TFRAC": 4286, "DFR": "0980811", "TRADIO": 333, "DFRM": "0980811009", "FRACN": 8, "RADION": 11 }, "geometry": { "type": "Polygon", "coordinates": [ [ [ -60.701864640411131, -27.574276973975774 ], [ -60.700634414450754, -27.574301232824663 ], [ -60.700686775989546, -27.575370295413059 ], [ -60.70189166924235, -27.575341652038276 ], [ -60.701864640411131, -27.574276973975774 ] ] ] } },
{ "type": "Feature", "properties": { "ArcIds": [ 1276, 1408, -1409, 1406 ], "AREA": 14284.5, "PERIMETER": 478.132, "CODLOC": "030", "NOMMUNI": "VILLA ANGELA", "NOMLOC": "VILLA ANGELA", "FRAC": "08", "RADIO": "11", "MZA": "010", "MZATXT": 10, "UGEO": "", "MZAM": "0022", "TMZA": 32, "DEPTO10": "098", "FRAC10": "01", "RADIO10": "11", "MZA10": "022", "CEN2010": "0980111022", "LINK2010": "220980111022", "DF": "09808", "TFRAC": 4286, "DFR": "0980811", "TRADIO": 333, "DFRM": "0980811010", "FRACN": 8, "RADION": 11 }, "geometry": { "type": "Polygon", "coordinates": [ [ [ -60.700634414450754, -27.574301232824663 ], [ -60.699444578316687, -27.574307229681033 ], [ -60.69946672093117, -27.575403516625993 ], [ -60.700686775989546, -27.575370295413059 ], [ -60.700634414450754, -27.574301232824663 ] ] ] } },
{ "type": "Feature", "properties": { "ArcIds": [ 1278, -1410, -1411, -1408 ], "AREA": 14607.25, "PERIMETER": 483.594, "CODLOC": "030", "NOMMUNI": "VILLA ANGELA", "NOMLOC": "VILLA ANGELA", "FRAC": "07", "RADIO": "01", "MZA": "001", "MZATXT": 1, "UGEO": "", "MZAM": "0001", "TMZA": 27, "DEPTO10": "098", "FRAC10": "07", "RADIO10": "07", "MZA10": "001", "CEN2010": "0980707001", "LINK2010": "220980707001", "DF": "09807", "TFRAC": 4624, "DFR": "0980701", "TRADIO": 301, "DFRM": "0980701001", "FRACN": 7, "RADION": 1 }, "geometry": { "type": "Polygon", "coordinates": [ [ [ -60.699444578316687, -27.574307229681033 ], [ -60.698254827507007, -27.574326751702021 ], [ -60.698246722017551, -27.575445750703363 ], [ -60.69946672093117, -27.575403516625993 ], [ -60.699444578316687, -27.574307229681033 ] ] ] } },
{ "type": "Feature", "properties": { "ArcIds": [ 1281, 1286, -1412, -1413, 1410 ], "AREA": 14917.375, "PERIMETER": 489.581, "CODLOC": "030", "NOMMUNI": "VILLA ANGELA", "NOMLOC": "VILLA ANGELA", "FRAC": "07", "RADIO": "01", "MZA": "002", "MZATXT": 2, "UGEO": "", "MZAM": "0002", "TMZA": 29, "DEPTO10": "098", "FRAC10": "07", "RADIO10": "07", "MZA10": "002", "CEN2010": "0980707002", "LINK2010": "220980707002", "DF": "09807", "TFRAC": 4624, "DFR": "0980701", "TRADIO": 301, "DFRM": "0980701002", "FRACN": 7, "RADION": 1 }, "geometry": { "type": "Polygon", "coordinates": [ [ [ -60.698254827507007, -27.574326751702021 ], [ -60.697606888802206, -27.574352567167807 ], [ -60.697004403924964, -27.574360103806534 ], [ -60.697031614017973, -27.575460877957148 ], [ -60.698246722017551, -27.575445750703363 ], [ -60.698254827507007, -27.574326751702021 ] ] ] } },
{ "type": "Feature", "properties": { "ArcIds": [ -1320, -1322, -1323, -1340, 1341, 1335, -1282 ], "AREA": 4472.125, "PERIMETER": 281.023, "CODLOC": "030", "NOMMUNI": "VILLA ANGELA", "NOMLOC": "VILLA ANGELA", "FRAC": "09", "RADIO": "01", "MZA": "012", "MZATXT": 12, "UGEO": "", "MZAM": "", "TMZA": 12, "DEPTO10": "098", "FRAC10": "07", "RADIO10": "01", "MZA10": "016", "CEN2010": "0980701016", "LINK2010": "220980701016", "DF": "09809", "TFRAC": 3754, "DFR": "0980901", "TRADIO": 398, "DFRM": "0980901012", "FRACN": 9, "RADION": 1 }, "geometry": { "type": "Polygon", "coordinates": [ [ [ -60.736376247759978, -27.574319375445484 ], [ -60.736375163324098, -27.574156952534921 ], [ -60.736790306155569, -27.574150239051242 ], [ -60.736804983616992, -27.574831459119359 ], [ -60.736146808621157, -27.574839460996905 ], [ -60.736139185804021, -27.574455989295455 ], [ -60.736133219299397, -27.574320663700004 ], [ -60.736376247759978, -27.574319375445484 ] ] ] } },
{ "type": "Feature", "properties": { "ArcIds": [ -1287, -1321, 1322, 1320, -1284 ], "AREA": 428.625, "PERIMETER": 83.509, "CODLOC": "030", "NOMMUNI": "VILLA ANGELA", "NOMLOC": "VILLA ANGELA", "FRAC": "09", "RADIO": "01", "MZA": "901", "MZATXT": 901, "UGEO": "", "MZAM": "", "TMZA": 0, "DEPTO10": "098", "FRAC10": "07", "RADIO10": "01", "MZA10": "061", "CEN2010": "0980701061", "LINK2010": "220980701061", "DF": "09809", "TFRAC": 3754, "DFR": "0980901", "TRADIO": 398, "DFRM": "0980901901", "FRACN": 9, "RADION": 1 }, "geometry": { "type": "Polygon", "coordinates": [ [ [ -60.736132165334496, -27.574162752528398 ], [ -60.736268838531132, -27.574157516194727 ], [ -60.736375163324098, -27.574156952534921 ], [ -60.736376247759978, -27.574319375445484 ], [ -60.736133219299397, -27.574320663700004 ], [ -60.736132165334496, -27.574162752528398 ] ] ] } },
{ "type": "Feature", "properties": { "ArcIds": [ 1289, -1414, -1415, 1412 ], "AREA": 7412.5, "PERIMETER": 365.037, "CODLOC": "030", "NOMMUNI": "VILLA ANGELA", "NOMLOC": "VILLA ANGELA", "FRAC": "07", "RADIO": "02", "MZA": "001", "MZATXT": 1, "UGEO": "", "MZAM": "0003", "TMZA": 7, "DEPTO10": "098", "FRAC10": "07", "RADIO10": "07", "MZA10": "003", "CEN2010": "0980707003", "LINK2010": "220980707003", "DF": "09807", "TFRAC": 4624, "DFR": "0980702", "TRADIO": 301, "DFRM": "0980702001", "FRACN": 7, "RADION": 2 }, "geometry": { "type": "Polygon", "coordinates": [ [ [ -60.697004403924964, -27.574360103806534 ], [ -60.696396912741271, -27.574376686792998 ], [ -60.69640380704093, -27.575468539149071 ], [ -60.697031614017973, -27.575460877957148 ], [ -60.697004403924964, -27.574360103806534 ] ] ] } },
{ "type": "Feature", "properties": { "ArcIds": [ 1291, -1416, -1417, 1414 ], "AREA": 7049.75, "PERIMETER": 358.025, "CODLOC": "030", "NOMMUNI": "VILLA ANGELA", "NOMLOC": "VILLA ANGELA", "FRAC": "07", "RADIO": "02", "MZA": "002", "MZATXT": 2, "UGEO": "", "MZAM": "0004", "TMZA": 20, "DEPTO10": "098", "FRAC10": "07", "RADIO10": "07", "MZA10": "004", "CEN2010": "0980707004", "LINK2010": "220980707004", "DF": "09807", "TFRAC": 4624, "DFR": "0980702", "TRADIO": 301, "DFRM": "0980702002", "FRACN": 7, "RADION": 2 }, "geometry": { "type": "Polygon", "coordinates": [ [ [ -60.696396912741271, -27.574376686792998 ], [ -60.695799547595421, -27.574393216397848 ], [ -60.695816505437577, -27.575475994585798 ], [ -60.69640380704093, -27.575468539149071 ], [ -60.696396912741271, -27.574376686792998 ] ] ] } },
{ "type": "Feature", "properties": { "ArcIds": [ 1292, -1418, -1419, 1416 ], "AREA": 7289.75, "PERIMETER": 361.012, "CODLOC": "030", "NOMMUNI": "VILLA ANGELA", "NOMLOC": "VILLA ANGELA", "FRAC": "07", "RADIO": "02", "MZA": "003", "MZATXT": 3, "UGEO": "", "MZAM": "0005", "TMZA": 20, "DEPTO10": "098", "FRAC10": "07", "RADIO10": "07", "MZA10": "005", "CEN2010": "0980707005", "LINK2010": "220980707005", "DF": "09807", "TFRAC": 4624, "DFR": "0980702", "TRADIO": 301, "DFRM": "0980702003", "FRACN": 7, "RADION": 2 }, "geometry": { "type": "Polygon", "coordinates": [ [ [ -60.695799547595421, -27.574393216397848 ], [ -60.695186964344551, -27.574405307674596 ], [ -60.695193732914049, -27.575479113157812 ], [ -60.695816505437577, -27.575475994585798 ], [ -60.695799547595421, -27.574393216397848 ] ] ] } },
{ "type": "Feature", "properties": { "ArcIds": [ 1294, -1420, -1421, 1418 ], "AREA": 7081.0, "PERIMETER": 357.021, "CODLOC": "030", "NOMMUNI": "VILLA ANGELA", "NOMLOC": "VILLA ANGELA", "FRAC": "07", "RADIO": "02", "MZA": "004", "MZATXT": 4, "UGEO": "", "MZAM": "0006", "TMZA": 10, "DEPTO10": "098", "FRAC10": "07", "RADIO10": "07", "MZA10": "006", "CEN2010": "0980707006", "LINK2010": "220980707006", "DF": "09807", "TFRAC": 4624, "DFR": "0980702", "TRADIO": 301, "DFRM": "0980702004", "FRACN": 7, "RADION": 2 }, "geometry": { "type": "Polygon", "coordinates": [ [ [ -60.695186964344551, -27.574405307674596 ], [ -60.694574352483116, -27.574412884463179 ], [ -60.69460136786109, -27.575486588801297 ], [ -60.695193732914049, -27.575479113157812 ], [ -60.695186964344551, -27.574405307674596 ] ] ] } },
{ "type": "Feature", "properties": { "ArcIds": [ 1296, 1298, 1300, -1422, -1525, -1526, -1527, -1432, 1431, 1420, 0, -1326 ], "AREA": 49288.125, "PERIMETER": 954.662, "CODLOC": "030", "NOMMUNI": "VILLA ANGELA", "NOMLOC": "VILLA ANGELA", "FRAC": "07", "RADIO": "02", "MZA": "005", "MZATXT": 5, "UGEO": "", "MZAM": "0007", "TMZA": 44, "DEPTO10": "098", "FRAC10": "07", "RADIO10": "07", "MZA10": "007", "CEN2010": "0980707007", "LINK2010": "220980707007", "DF": "09807", "TFRAC": 4624, "DFR": "0980702", "TRADIO": 301, "DFRM": "0980702005", "FRACN": 7, "RADION": 2 }, "geometry": { "type": "Polygon", "coordinates": [ [ [ -60.694574352483116, -27.574412884463179 ], [ -60.694306034277496, -27.574418737922091 ], [ -60.693435286891209, -27.574441135609948 ], [ -60.692129136598197, -27.574470210126812 ], [ -60.692145916864881, -27.575530430462578 ], [ -60.692187957282492, -27.576581500881581 ], [ -60.693393094626742, -27.576589025267957 ], [ -60.693379223695906, -27.575993519728552 ], [ -60.694609471618392, -27.575969324773709 ], [ -60.69460136786109, -27.575486588801297 ], [ -60.694574352483116, -27.574412884463179 ] ] ] } },
{ "type": "Feature", "properties": { "ArcIds": [ 1302, -1423, -1424, 1422 ], "AREA": 13808.25, "PERIMETER": 470.043, "CODLOC": "030", "NOMMUNI": "VILLA ANGELA", "NOMLOC": "VILLA ANGELA", "FRAC": "07", "RADIO": "03", "MZA": "004", "MZATXT": 4, "UGEO": "", "MZAM": "0008", "TMZA": 18, "DEPTO10": "098", "FRAC10": "07", "RADIO10": "07", "MZA10": "008", "CEN2010": "0980707008", "LINK2010": "220980707008", "DF": "09807", "TFRAC": 4624, "DFR": "0980703", "TRADIO": 298, "DFRM": "0980703004", "FRACN": 7, "RADION": 3 }, "geometry": { "type": "Polygon", "coordinates": [ [ [ -60.692129136598197, -27.574470210126812 ], [ -60.690929283245417, -27.574494231701955 ], [ -60.690956121854818, -27.57554537843119 ], [ -60.692145916864881, -27.575530430462578 ], [ -60.692129136598197, -27.574470210126812 ] ] ] } },
{ "type": "Feature", "properties": { "ArcIds": [ 1304, -1426, -1427, 1423 ], "AREA": 12897.375, "PERIMETER": 454.545, "CODLOC": "030", "NOMMUNI": "VILLA ANGELA", "NOMLOC": "VILLA ANGELA", "FRAC": "07", "RADIO": "03", "MZA": "003", "MZATXT": 3, "UGEO": "", "MZAM": "0009", "TMZA": 22, "DEPTO10": "098", "FRAC10": "07", "RADIO10": "07", "MZA10": "009", "CEN2010": "0980707009", "LINK2010": "220980707009", "DF": "09807", "TFRAC": 4624, "DFR": "0980703", "TRADIO": 298, "DFRM": "0980703003", "FRACN": 7, "RADION": 3 }, "geometry": { "type": "Polygon", "coordinates": [ [ [ -60.690929283245417, -27.574494231701955 ], [ -60.689820453014335, -27.574499743146063 ], [ -60.689842330747027, -27.575568962600091 ], [ -60.690956121854818, -27.57554537843119 ], [ -60.690929283245417, -27.574494231701955 ] ] ] } },
{ "type": "Feature", "properties": { "ArcIds": [ 1307, 1309, 1425, 1426 ], "AREA": 5058.75, "PERIMETER": 349.047, "CODLOC": "030", "NOMMUNI": "VILLA ANGELA", "NOMLOC": "VILLA ANGELA", "FRAC": "07", "RADIO": "03", "MZA": "002", "MZATXT": 2, "UGEO": "", "MZAM": "0010", "TMZA": 9, "DEPTO10": "098", "FRAC10": "07", "RADIO10": "07", "MZA10": "010", "CEN2010": "0980707010", "LINK2010": "220980707010", "DF": "09807", "TFRAC": 4624, "DFR": "0980703", "TRADIO": 298, "DFRM": "0980703002", "FRACN": 7, "RADION": 3 }, "geometry": { "type": "Polygon", "coordinates": [ [ [ -60.689820453014335, -27.574499743146063 ], [ -60.689547099187948, -27.574510124358888 ], [ -60.688954794766765, -27.574526599418867 ], [ -60.689842330747027, -27.575568962600091 ], [ -60.689820453014335, -27.574499743146063 ] ] ] } },
{ "type": "Feature", "properties": { "ArcIds": [ -1342, 1343, 1337, -1310 ], "AREA": 5425.0, "PERIMETER": 299.037, "CODLOC": "030", "NOMMUNI": "VILLA ANGELA", "NOMLOC": "VILLA ANGELA", "FRAC": "01", "RADIO": "11", "MZA": "011", "MZATXT": 11, "UGEO": "", "MZAM": "", "TMZA": 12, "DEPTO10": "098", "FRAC10": "01", "RADIO10": "19", "MZA10": "021", "CEN2010": "0980119021", "LINK2010": "220980119021", "DF": "09801", "TFRAC": 4496, "DFR": "0980111", "TRADIO": 238, "DFRM": "0980111011", "FRACN": 1, "RADION": 11 }, "geometry": { "type": "Polygon", "coordinates": [ [ [ -60.74240484611046, -27.574810663517031 ], [ -60.742401140952197, -27.57426023109408 ], [ -60.743287028364897, -27.574232933606989 ], [ -60.743290859567061, -27.574801412881676 ], [ -60.74240484611046, -27.574810663517031 ] ] ] } },
{ "type": "Feature", "properties": { "ArcIds": [ -1314, -1339, 1344, 1345, 1342, -1312 ], "AREA": 9088.75, "PERIMETER": 423.518, "CODLOC": "030", "NOMMUNI": "VILLA ANGELA", "NOMLOC": "VILLA ANGELA", "FRAC": "01", "RADIO": "11", "MZA": "010", "MZATXT": 10, "UGEO": "", "MZAM": "", "TMZA": 20, "DEPTO10": "098", "FRAC10": "01", "RADIO10": "19", "MZA10": "022", "CEN2010": "0980119022", "LINK2010": "220980119022", "DF": "09801", "TFRAC": 4496, "DFR": "0980111", "TRADIO": 238, "DFRM": "0980111010", "FRACN": 1, "RADION": 11 }, "geometry": { "type": "Polygon", "coordinates": [ [ [ -60.740862023963111, -27.574277473090927 ], [ -60.741818947035497, -27.574272365559551 ], [ -60.742401140952197, -27.57426023109408 ], [ -60.74240484611046, -27.574810663517031 ], [ -60.742080807157805, -27.574812395187418 ], [ -60.740875756740891, -27.574814316462351 ], [ -60.740862023963111, -27.574277473090927 ] ] ] } },
{ "type": "Feature", "properties": { "ArcIds": [ -1347, 1348, 1339, -1315 ], "AREA": 4631.375, "PERIMETER": 274.525, "CODLOC": "030", "NOMMUNI": "VILLA ANGELA", "NOMLOC": "VILLA ANGELA", "FRAC": "01", "RADIO": "09", "MZA": "025", "MZATXT": 25, "UGEO": "", "MZAM": "", "TMZA": 13, "DEPTO10": "098", "FRAC10": "01", "RADIO10": "04", "MZA10": "028", "CEN2010": "0980104028", "LINK2010": "220980104028", "DF": "09801", "TFRAC": 4496, "DFR": "0980109", "TRADIO": 366, "DFRM": "0980109025", "FRACN": 1, "RADION": 9 }, "geometry": { "type": "Polygon", "coordinates": [ [ [ -60.74009103510646, -27.57482752389803 ], [ -60.740077275868778, -27.574286168631296 ], [ -60.740862023963111, -27.574277473090927 ], [ -60.740875756740891, -27.574814316462351 ], [ -60.74009103510646, -27.57482752389803 ] ] ] } },
{ "type": "Feature", "properties": { "ArcIds": [ -1319, -1334, 1346, 1347, -1317 ], "AREA": 9648.25, "PERIMETER": 444.536, "CODLOC": "030", "NOMMUNI": "VILLA ANGELA", "NOMLOC": "VILLA ANGELA", "FRAC": "01", "RADIO": "09", "MZA": "026", "MZATXT": 26, "UGEO": "", "MZAM": "", "TMZA": 20, "DEPTO10": "098", "FRAC10": "01", "RADIO10": "04", "MZA10": "033", "CEN2010": "0980104033", "LINK2010": "220980104033", "DF": "09801", "TFRAC": 4496, "DFR": "0980109", "TRADIO": 366, "DFRM": "0980109026", "FRACN": 1, "RADION": 9 }, "geometry": { "type": "Polygon", "coordinates": [ [ [ -60.73842167624899, -27.574299492297484 ], [ -60.739383632883062, -27.574289862877453 ], [ -60.740077275868778, -27.574286168631296 ], [ -60.74009103510646, -27.57482752389803 ], [ -60.738440369647499, -27.574822773987751 ], [ -60.73842167624899, -27.574299492297484 ] ] ] } },
{ "type": "Feature", "properties": { "ArcIds": [ -1349, 1350, 1340, -1325 ], "AREA": 2712.0, "PERIMETER": 212.143, "CODLOC": "030", "NOMMUNI": "VILLA ANGELA", "NOMLOC": "VILLA ANGELA", "FRAC": "09", "RADIO": "01", "MZA": "013", "MZATXT": 13, "UGEO": "", "MZAM": "", "TMZA": 6, "DEPTO10": "098", "FRAC10": "07", "RADIO10": "01", "MZA10": "062", "CEN2010": "0980701062", "LINK2010": "220980701062", "DF": "09809", "TFRAC": 3754, "DFR": "0980901", "TRADIO": 398, "DFRM": "0980901013", "FRACN": 9, "RADION": 1 }, "geometry": { "type": "Polygon", "coordinates": [ [ [ -60.735519132516949, -27.574865345878678 ], [ -60.735491199297954, -27.574472957850389 ], [ -60.736139185804021, -27.574455989295455 ], [ -60.736146808621157, -27.574839460996905 ], [ -60.735519132516949, -27.574865345878678 ] ] ] } },
{ "type": "Feature", "properties": { "ArcIds": [ 1471, 1472, -1465, -1327 ], "AREA": 17352.0, "PERIMETER": 527.01, "CODLOC": "030", "NOMMUNI": "VILLA ANGELA", "NOMLOC": "VILLA ANGELA", "FRAC": "02", "RADIO": "02", "MZA": "012", "MZATXT": 12, "UGEO": "", "MZAM": "", "TMZA": 1, "DEPTO10": "098", "FRAC10": "02", "RADIO10": "02", "MZA10": "019", "CEN2010": "0980202019", "LINK2010": "220980202019", "DF": "09802", "TFRAC": 904, "DFR": "0980202", "TRADIO": 100, "DFRM": "0980202012", "FRACN": 2, "RADION": 2 }, "geometry": { "type": "Polygon", "coordinates": [ [ [ -60.749599332016061, -27.574744949921843 ], [ -60.749612368254297, -27.575917973237591 ], [ -60.75097429414685, -27.57590159213856 ], [ -60.750956272497511, -27.574742131807994 ], [ -60.749599332016061, -27.574744949921843 ] ] ] } },
{ "type": "Feature", "properties": { "ArcIds": [ 1475, 1476, -1471, -1328 ], "AREA": 17907.875, "PERIMETER": 535.507, "CODLOC": "030", "NOMMUNI": "VILLA ANGELA", "NOMLOC": "VILLA ANGELA", "FRAC": "02", "RADIO": "02", "MZA": "013", "MZATXT": 13, "UGEO": "", "MZAM": "", "TMZA": 2, "DEPTO10": "098", "FRAC10": "02", "RADIO10": "02", "MZA10": "020", "CEN2010": "0980202020", "LINK2010": "220980202020", "DF": "09802", "TFRAC": 904, "DFR": "0980202", "TRADIO": 100, "DFRM": "0980202013", "FRACN": 2, "RADION": 2 }, "geometry": { "type": "Polygon", "coordinates": [ [ [ -60.748201947558101, -27.574756996451157 ], [ -60.748220032093279, -27.575929992915199 ], [ -60.749612368254297, -27.575917973237591 ], [ -60.749599332016061, -27.574744949921843 ], [ -60.748201947558101, -27.574756996451157 ] ] ] } },
{ "type": "Feature", "properties": { "ArcIds": [ 1465, 1583, 1680, 1764, -1772, -1773, -1329 ], "AREA": 129383.633, "PERIMETER": 1508.06, "CODLOC": "030", "NOMMUNI": "VILLA ANGELA", "NOMLOC": "VILLA ANGELA", "FRAC": "02", "RADIO": "02", "MZA": "011", "MZATXT": 11, "UGEO": "", "MZAM": "", "TMZA": 12, "DEPTO10": "098", "FRAC10": "02", "RADIO10": "02", "MZA10": "010", "CEN2010": "0980202010", "LINK2010": "220980202010", "DF": "09802", "TFRAC": 904, "DFR": "0980202", "TRADIO": 100, "DFRM": "0980202011", "FRACN": 2, "RADION": 2 }, "geometry": { "type": "Polygon", "coordinates": [ [ [ -60.750956272497511, -27.574742131807994 ], [ -60.75097429414685, -27.57590159213856 ], [ -60.75098697675822, -27.577020474069226 ], [ -60.751009448418699, -27.578089672025573 ], [ -60.751011636854422, -27.579154467602311 ], [ -60.753715467741273, -27.579144331590694 ], [ -60.753619490503731, -27.574732218810052 ], [ -60.750956272497511, -27.574742131807994 ] ] ] } },
{ "type": "Feature", "properties": { "ArcIds": [ -1446, -1539, -1648, -1776, -1777, -1767, -1685, -1584, -1475, -1332 ], "AREA": 116730.633, "PERIMETER": 1454.517, "CODLOC": "030", "NOMMUNI": "VILLA ANGELA", "NOMLOC": "VILLA ANGELA", "FRAC": "02", "RADIO": "02", "MZA": "014", "MZATXT": 14, "UGEO": "", "MZAM": "", "TMZA": 5, "DEPTO10": "098", "FRAC10": "02", "RADIO10": "02", "MZA10": "011", "CEN2010": "0980202011", "LINK2010": "220980202011", "DF": "09802", "TFRAC": 904, "DFR": "0980202", "TRADIO": 100, "DFRM": "0980202014", "FRACN": 2, "RADION": 2 }, "geometry": { "type": "Polygon", "coordinates": [ [ [ -60.745799416955862, -27.57587984556184 ], [ -60.745791942016659, -27.574774469954452 ], [ -60.748201947558101, -27.574756996451157 ], [ -60.748220032093279, -27.575929992915199 ], [ -60.748227531735601, -27.577035367725301 ], [ -60.748244944017884, -27.578109105669764 ], [ -60.748252138449487, -27.579169362805366 ], [ -60.745842067035653, -27.579191350813623 ], [ -60.745824036902334, -27.578022865831095 ], [ -60.745811619885288, -27.576935564704996 ], [ -60.745799416955862, -27.57587984556184 ] ] ] } },
{ "type": "Feature", "properties": { "ArcIds": [ -1448, 1449, 1446, -1333 ], "AREA": 18337.5, "PERIMETER": 544.501, "CODLOC": "030", "NOMMUNI": "VILLA ANGELA", "NOMLOC": "VILLA ANGELA", "FRAC": "09", "RADIO": "06", "MZA": "001", "MZATXT": 1, "UGEO": "", "MZAM": "", "TMZA": 6, "DEPTO10": "098", "FRAC10": "07", "RADIO10": "01", "MZA10": "024", "CEN2010": "0980701024", "LINK2010": "220980701024", "DF": "09809", "TFRAC": 3754, "DFR": "0980906", "TRADIO": 390, "DFRM": "0980906001", "FRACN": 9, "RADION": 6 }, "geometry": { "type": "Polygon", "coordinates": [ [ [ -60.744280470562906, -27.575887993645257 ], [ -60.744273041291223, -27.574787129395602 ], [ -60.745791942016659, -27.574774469954452 ], [ -60.745799416955862, -27.57587984556184 ], [ -60.744280470562906, -27.575887993645257 ] ] ] } },
{ "type": "Feature", "properties": { "ArcIds": [ -1443, 1447, 1448, -1338 ], "AREA": 11579.75, "PERIMETER": 433.544, "CODLOC": "030", "NOMMUNI": "VILLA ANGELA", "NOMLOC": "VILLA ANGELA", "FRAC": "09", "RADIO": "06", "MZA": "002", "MZATXT": 2, "UGEO": "", "MZAM": "", "TMZA": 2, "DEPTO10": "098", "FRAC10": "07", "RADIO10": "01", "MZA10": "023", "CEN2010": "0980701023", "LINK2010": "220980701023", "DF": "09809", "TFRAC": 3754, "DFR": "0980906", "TRADIO": 390, "DFRM": "0980906002", "FRACN": 9, "RADION": 6 }, "geometry": { "type": "Polygon", "coordinates": [ [ [ -60.74332856675526, -27.575888579572901 ], [ -60.743290859567061, -27.574801412881676 ], [ -60.744273041291223, -27.574787129395602 ], [ -60.744280470562906, -27.575887993645257 ], [ -60.74332856675526, -27.575888579572901 ] ] ] } },
{ "type": "Feature", "properties": { "ArcIds": [ -1430, -1438, -1554, 1555, 1553, 1548, 1450, -1346 ], "AREA": 39595.0, "PERIMETER": 809.047, "CODLOC": "030", "NOMMUNI": "VILLA ANGELA", "NOMLOC": "VILLA ANGELA", "FRAC": "09", "RADIO": "01", "MZA": "016", "MZATXT": 16, "UGEO": "", "MZAM": "", "TMZA": 47, "DEPTO10": "098", "FRAC10": "07", "RADIO10": "01", "MZA10": "019", "CEN2010": "0980701019", "LINK2010": "220980701019", "DF": "09809", "TFRAC": 3754, "DFR": "0980901", "TRADIO": 398, "DFRM": "0980901016", "FRACN": 9, "RADION": 1 }, "geometry": { "type": "Polygon", "coordinates": [ [ [ -60.738449480780751, -27.575427320876212 ], [ -60.738440369647499, -27.574822773987751 ], [ -60.74009103510646, -27.57482752389803 ], [ -60.740123647624344, -27.575914719055483 ], [ -60.740135887081472, -27.576983974987801 ], [ -60.739675195394234, -27.576995453115828 ], [ -60.738460024349784, -27.577001919572439 ], [ -60.738452592404073, -27.575892030557632 ], [ -60.738449480780751, -27.575427320876212 ] ] ] } },
{ "type": "Feature", "properties": { "ArcIds": [ -1428, 1429, 1430, -1336 ], "AREA": 10780.0, "PERIMETER": 456.505, "CODLOC": "030", "NOMMUNI": "VILLA ANGELA", "NOMLOC": "VILLA ANGELA", "FRAC": "09", "RADIO": "01", "MZA": "015", "MZATXT": 15, "UGEO": "", "MZAM": "", "TMZA": 17, "DEPTO10": "098", "FRAC10": "07", "RADIO10": "01", "MZA10": "031", "CEN2010": "0980701031", "LINK2010": "220980701031", "DF": "09809", "TFRAC": 3754, "DFR": "0980901", "TRADIO": 398, "DFRM": "0980901015", "FRACN": 9, "RADION": 1 }, "geometry": { "type": "Polygon", "coordinates": [ [ [ -60.736814055646917, -27.575431494543473 ], [ -60.736804983616992, -27.574831459119359 ], [ -60.738440369647499, -27.574822773987751 ], [ -60.738449480780751, -27.575427320876212 ], [ -60.736814055646917, -27.575431494543473 ] ] ] } },
{ "type": "Feature", "properties": { "ArcIds": [ -1350, -1452, -1550, 1551, 1552, 1439, 1428, -1341 ], "AREA": 31058.875, "PERIMETER": 737.61, "CODLOC": "030", "NOMMUNI": "VILLA ANGELA", "NOMLOC": "VILLA ANGELA", "FRAC": "09", "RADIO": "01", "MZA": "014", "MZATXT": 14, "UGEO": "", "MZAM": "", "TMZA": 0, "DEPTO10": "098", "FRAC10": "07", "RADIO10": "01", "MZA10": "032", "CEN2010": "0980701032", "LINK2010": "220980701032", "DF": "09809", "TFRAC": 3754, "DFR": "0980901", "TRADIO": 398, "DFRM": "0980901014", "FRACN": 9, "RADION": 1 }, "geometry": { "type": "Polygon", "coordinates": [ [ [ -60.735519132516949, -27.574865345878678 ], [ -60.736146808621157, -27.574839460996905 ], [ -60.736804983616992, -27.574831459119359 ], [ -60.736814055646917, -27.575431494543473 ], [ -60.736837533615436, -27.575914143936281 ], [ -60.736865081593017, -27.57700587891944 ], [ -60.735528362356007, -27.577008452648688 ], [ -60.735521230724906, -27.575939168626977 ], [ -60.735519132516949, -27.574865345878678 ] ] ] } },
{ "type": "Feature", "properties": { "ArcIds": [ -1345, -1441, 1442, 1443, -1343 ], "AREA": 14482.0, "PERIMETER": 481.541, "CODLOC": "030", "NOMMUNI": "VILLA ANGELA", "NOMLOC": "VILLA ANGELA", "FRAC": "09", "RADIO": "06", "MZA": "003", "MZATXT": 3, "UGEO": "", "MZAM": "", "TMZA": 27, "DEPTO10": "098", "FRAC10": "07", "RADIO10": "01", "MZA10": "022", "CEN2010": "0980701022", "LINK2010": "220980701022", "DF": "09809", "TFRAC": 3754, "DFR": "0980906", "TRADIO": 390, "DFRM": "0980906003", "FRACN": 9, "RADION": 6 }, "geometry": { "type": "Polygon", "coordinates": [ [ [ -60.742080807157805, -27.574812395187418 ], [ -60.74240484611046, -27.574810663517031 ], [ -60.743290859567061, -27.574801412881676 ], [ -60.74332856675526, -27.575888579572901 ], [ -60.742093125919133, -27.575890674225921 ], [ -60.742080807157805, -27.574812395187418 ] ] ] } },
{ "type": "Feature", "properties": { "ArcIds": [ -1444, 1445, 1441, -1344 ], "AREA": 14340.0, "PERIMETER": 479.004, "CODLOC": "030", "NOMMUNI": "VILLA ANGELA", "NOMLOC": "VILLA ANGELA", "FRAC": "09", "RADIO": "06", "MZA": "004", "MZATXT": 4, "UGEO": "", "MZAM": "", "TMZA": 18, "DEPTO10": "098", "FRAC10": "07", "RADIO10": "01", "MZA10": "021", "CEN2010": "0980701021", "LINK2010": "220980701021", "DF": "09809", "TFRAC": 3754, "DFR": "0980906", "TRADIO": 390, "DFRM": "0980906004", "FRACN": 9, "RADION": 6 }, "geometry": { "type": "Polygon", "coordinates": [ [ [ -60.7408779980221, -27.575901673340422 ], [ -60.740875756740891, -27.574814316462351 ], [ -60.742080807157805, -27.574812395187418 ], [ -60.742093125919133, -27.575890674225921 ], [ -60.7408779980221, -27.575901673340422 ] ] ] } },
{ "type": "Feature", "properties": { "ArcIds": [ -1450, 1451, 1444, -1348 ], "AREA": 9159.0, "PERIMETER": 393.04, "CODLOC": "030", "NOMMUNI": "VILLA ANGELA", "NOMLOC": "VILLA ANGELA", "FRAC": "09", "RADIO": "01", "MZA": "017", "MZATXT": 17, "UGEO": "", "MZAM": "", "TMZA": 18, "DEPTO10": "098", "FRAC10": "07", "RADIO10": "01", "MZA10": "020", "CEN2010": "0980701020", "LINK2010": "220980701020", "DF": "09809", "TFRAC": 3754, "DFR": "0980901", "TRADIO": 398, "DFRM": "0980901017", "FRACN": 9, "RADION": 1 }, "geometry": { "type": "Polygon", "coordinates": [ [ [ -60.740123647624344, -27.575914719055483 ], [ -60.74009103510646, -27.57482752389803 ], [ -60.740875756740891, -27.574814316462351 ], [ -60.7408779980221, -27.575901673340422 ], [ -60.740123647624344, -27.575914719055483 ] ] ] } },
{ "type": "Feature", "properties": { "ArcIds": [ -1453, 1454, 1452, -1352 ], "AREA": 15883.125, "PERIMETER": 505.017, "CODLOC": "030", "NOMMUNI": "VILLA ANGELA", "NOMLOC": "VILLA ANGELA", "FRAC": "09", "RADIO": "05", "MZA": "001", "MZATXT": 1, "UGEO": "", "MZAM": "", "TMZA": 21, "DEPTO10": "098", "FRAC10": "07", "RADIO10": "02", "MZA10": "011", "CEN2010": "0980702011", "LINK2010": "220980702011", "DF": "09809", "TFRAC": 3754, "DFR": "0980905", "TRADIO": 239, "DFRM": "0980905001", "FRACN": 9, "RADION": 5 }, "geometry": { "type": "Polygon", "coordinates": [ [ [ -60.734174487835311, -27.575955317944867 ], [ -60.734157243406479, -27.574886086961286 ], [ -60.735519132516949, -27.574865345878678 ], [ -60.735521230724906, -27.575939168626977 ], [ -60.734174487835311, -27.575955317944867 ] ] ] } },
{ "type": "Feature", "properties": { "ArcIds": [ -1459, 1460, 1453, -1354 ], "AREA": 14222.0, "PERIMETER": 477.038, "CODLOC": "030", "NOMMUNI": "VILLA ANGELA", "NOMLOC": "VILLA ANGELA", "FRAC": "09", "RADIO": "05", "MZA": "002", "MZATXT": 2, "UGEO": "", "MZAM": "", "TMZA": 22, "DEPTO10": "098", "FRAC10": "07", "RADIO10": "02", "MZA10": "012", "CEN2010": "0980702012", "LINK2010": "220980702012", "DF": "09809", "TFRAC": 3754, "DFR": "0980905", "TRADIO": 239, "DFRM": "0980905002", "FRACN": 9, "RADION": 5 }, "geometry": { "type": "Polygon", "coordinates": [ [ [ -60.732974636207288, -27.575979702892262 ], [ -60.732947157215783, -27.574892477972426 ], [ -60.734157243406479, -27.574886086961286 ], [ -60.734174487835311, -27.575955317944867 ], [ -60.732974636207288, -27.575979702892262 ] ] ] } },
{ "type": "Feature", "properties": { "ArcIds": [ -1455, 1458, 1459, -1356 ], "AREA": 14189.875, "PERIMETER": 476.547, "CODLOC": "030", "NOMMUNI": "VILLA ANGELA", "NOMLOC": "VILLA ANGELA", "FRAC": "09", "RADIO": "05", "MZA": "003", "MZATXT": 3, "UGEO": "", "MZAM": "", "TMZA": 26, "DEPTO10": "098", "FRAC10": "07", "RADIO10": "02", "MZA10": "013", "CEN2010": "0980702013", "LINK2010": "220980702013", "DF": "09809", "TFRAC": 3754, "DFR": "0980905", "TRADIO": 239, "DFRM": "0980905003", "FRACN": 9, "RADION": 5 }, "geometry": { "type": "Polygon", "coordinates": [ [ [ -60.731764417949712, -27.575968036828513 ], [ -60.731742193620406, -27.574907855271714 ], [ -60.732947157215783, -27.574892477972426 ], [ -60.732974636207288, -27.575979702892262 ], [ -60.731764417949712, -27.575968036828513 ] ] ] } },
{ "type": "Feature", "properties": { "ArcIds": [ -1461, 1462, 1455, -1358 ], "AREA": 14309.125, "PERIMETER": 478.53, "CODLOC": "030", "NOMMUNI": "VILLA ANGELA", "NOMLOC": "VILLA ANGELA", "FRAC": "09", "RADIO": "05", "MZA": "004", "MZATXT": 4, "UGEO": "", "MZAM": "", "TMZA": 24, "DEPTO10": "098", "FRAC10": "07", "RADIO10": "02", "MZA10": "014", "CEN2010": "0980702014", "LINK2010": "220980702014", "DF": "09809", "TFRAC": 3754, "DFR": "0980905", "TRADIO": 239, "DFRM": "0980905004", "FRACN": 9, "RADION": 5 }, "geometry": { "type": "Polygon", "coordinates": [ [ [ -60.730529122907889, -27.575992587391269 ], [ -60.730532106536309, -27.574914225247685 ], [ -60.731742193620406, -27.574907855271714 ], [ -60.731764417949712, -27.575968036828513 ], [ -60.730529122907889, -27.575992587391269 ] ] ] } },
{ "type": "Feature", "properties": { "ArcIds": [ -1463, 1464, 1461, -1363 ], "AREA": 15353.25, "PERIMETER": 496.006, "CODLOC": "030", "NOMMUNI": "VILLA ANGELA", "NOMLOC": "VILLA ANGELA", "FRAC": "09", "RADIO": "05", "MZA": "005", "MZATXT": 5, "UGEO": "", "MZAM": "", "TMZA": 25, "DEPTO10": "098", "FRAC10": "07", "RADIO10": "02", "MZA10": "015", "CEN2010": "0980702015", "LINK2010": "220980702015", "DF": "09809", "TFRAC": 3754, "DFR": "0980905", "TRADIO": 239, "DFRM": "0980905005", "FRACN": 9, "RADION": 5 }, "geometry": { "type": "Polygon", "coordinates": [ [ [ -60.72922788639157, -27.575999425570163 ], [ -60.729225849446557, -27.574925601546578 ], [ -60.730532106536309, -27.574914225247685 ], [ -60.730529122907889, -27.575992587391269 ], [ -60.72922788639157, -27.575999425570163 ] ] ] } },
{ "type": "Feature", "properties": { "ArcIds": [ 1361, 1469, -1470, 1463 ], "AREA": 15935.875, "PERIMETER": 505.526, "CODLOC": "030", "NOMMUNI": "VILLA ANGELA", "NOMLOC": "VILLA ANGELA", "FRAC": "09", "RADIO": "03", "MZA": "012", "MZATXT": 12, "UGEO": "", "MZAM": "0011", "TMZA": 17, "DEPTO10": "098", "FRAC10": "07", "RADIO10": "03", "MZA10": "011", "CEN2010": "0980703011", "LINK2010": "220980703011", "DF": "09809", "TFRAC": 3754, "DFR": "0980903", "TRADIO": 270, "DFRM": "0980903012", "FRACN": 9, "RADION": 3 }, "geometry": { "type": "Polygon", "coordinates": [ [ [ -60.729225849446557, -27.574925601546578 ], [ -60.727884090319527, -27.57492812779628 ], [ -60.727891356050371, -27.576028996086112 ], [ -60.72922788639157, -27.575999425570163 ], [ -60.729225849446557, -27.574925601546578 ] ] ] } },
{ "type": "Feature", "properties": { "ArcIds": [ 1369, 1467, -1468, -1469 ], "AREA": 14430.375, "PERIMETER": 480.595, "CODLOC": "030", "NOMMUNI": "VILLA ANGELA", "NOMLOC": "VILLA ANGELA", "FRAC": "09", "RADIO": "03", "MZA": "011", "MZATXT": 11, "UGEO": "", "MZAM": "0010", "TMZA": 14, "DEPTO10": "098", "FRAC10": "07", "RADIO10": "03", "MZA10": "010", "CEN2010": "0980703010", "LINK2010": "220980703010", "DF": "09809", "TFRAC": 3754, "DFR": "0980903", "TRADIO": 270, "DFRM": "0980903011", "FRACN": 9, "RADION": 3 }, "geometry": { "type": "Polygon", "coordinates": [ [ [ -60.727884090319527, -27.57492812779628 ], [ -60.726653838623058, -27.574948105393837 ], [ -60.726706541808667, -27.576030688535742 ], [ -60.727891356050371, -27.576028996086112 ], [ -60.727884090319527, -27.57492812779628 ] ] ] } },
{ "type": "Feature", "properties": { "ArcIds": [ 1367, 1457, -1466, -1467 ], "AREA": 14213.5, "PERIMETER": 477.146, "CODLOC": "030", "NOMMUNI": "VILLA ANGELA", "NOMLOC": "VILLA ANGELA", "FRAC": "09", "RADIO": "03", "MZA": "010", "MZATXT": 10, "UGEO": "", "MZAM": "0009", "TMZA": 3, "DEPTO10": "098", "FRAC10": "07", "RADIO10": "03", "MZA10": "009", "CEN2010": "0980703009", "LINK2010": "220980703009", "DF": "09809", "TFRAC": 3754, "DFR": "0980903", "TRADIO": 270, "DFRM": "0980903010", "FRACN": 9, "RADION": 3 }, "geometry": { "type": "Polygon", "coordinates": [ [ [ -60.726653838623058, -27.574948105393837 ], [ -60.725458850095414, -27.574940816438318 ], [ -60.725491229462044, -27.576014482538849 ], [ -60.726706541808667, -27.576030688535742 ], [ -60.726653838623058, -27.574948105393837 ] ] ] } },
{ "type": "Feature", "properties": { "ArcIds": [ 1366, -1456, -1457 ], "AREA": 7051.375, "PERIMETER": 406.889, "CODLOC": "030", "NOMMUNI": "VILLA ANGELA", "NOMLOC": "VILLA ANGELA", "FRAC": "09", "RADIO": "03", "MZA": "009", "MZATXT": 9, "UGEO": "", "MZAM": "0008", "TMZA": 7, "DEPTO10": "098", "FRAC10": "07", "RADIO10": "03", "MZA10": "008", "CEN2010": "0980703008", "LINK2010": "220980703008", "DF": "09809", "TFRAC": 3754, "DFR": "0980903", "TRADIO": 270, "DFRM": "0980903009", "FRACN": 9, "RADION": 3 }, "geometry": { "type": "Polygon", "coordinates": [ [ [ -60.725458850095414, -27.574940816438318 ], [ -60.72425891685581, -27.574951590636744 ], [ -60.725491229462044, -27.576014482538849 ], [ -60.725458850095414, -27.574940816438318 ] ] ] } },
{ "type": "Feature", "properties": { "ArcIds": [ 1456, 1473, -1474 ], "AREA": 7381.0, "PERIMETER": 412.412, "CODLOC": "030", "NOMMUNI": "VILLA ANGELA", "NOMLOC": "VILLA ANGELA", "FRAC": "09", "RADIO": "03", "MZA": "008", "MZATXT": 8, "UGEO": "", "MZAM": "0012", "TMZA": 11, "DEPTO10": "098", "FRAC10": "07", "RADIO10": "03", "MZA10": "012", "CEN2010": "0980703012", "LINK2010": "220980703012", "DF": "09809", "TFRAC": 3754, "DFR": "0980903", "TRADIO": 270, "DFRM": "0980903008", "FRACN": 9, "RADION": 3 }, "geometry": { "type": "Polygon", "coordinates": [ [ [ -60.725491229462044, -27.576014482538849 ], [ -60.72425891685581, -27.574951590636744 ], [ -60.724266146409313, -27.576052459809254 ], [ -60.725491229462044, -27.576014482538849 ] ] ] } },
{ "type": "Feature", "properties": { "ArcIds": [ 1371, -1477, -1478, -1473 ], "AREA": 15582.0, "PERIMETER": 499.521, "CODLOC": "030", "NOMMUNI": "VILLA ANGELA", "NOMLOC": "VILLA ANGELA", "FRAC": "09", "RADIO": "03", "MZA": "007", "MZATXT": 7, "UGEO": "", "MZAM": "0007", "TMZA": 14, "DEPTO10": "098", "FRAC10": "07", "RADIO10": "03", "MZA10": "007", "CEN2010": "0980703007", "LINK2010": "220980703007", "DF": "09809", "TFRAC": 3754, "DFR": "0980903", "TRADIO": 270, "DFRM": "0980903007", "FRACN": 9, "RADION": 3 }, "geometry": { "type": "Polygon", "coordinates": [ [ [ -60.72425891685581, -27.574951590636744 ], [ -60.722962872246903, -27.574976390526434 ], [ -60.722964966529069, -27.57606826284702 ], [ -60.724266146409313, -27.576052459809254 ], [ -60.72425891685581, -27.574951590636744 ] ] ] } },
{ "type": "Feature", "properties": { "ArcIds": [ 1373, -1479, -1480, 1477 ], "AREA": 18257.25, "PERIMETER": 544.06, "CODLOC": "030", "NOMMUNI": "VILLA ANGELA", "NOMLOC": "VILLA ANGELA", "FRAC": "09", "RADIO": "04", "MZA": "008", "MZATXT": 8, "UGEO": "", "MZAM": "0008", "TMZA": 11, "DEPTO10": "098", "FRAC10": "07", "RADIO10": "04", "MZA10": "008", "CEN2010": "0980704008", "LINK2010": "220980704008", "DF": "09809", "TFRAC": 3754, "DFR": "0980904", "TRADIO": 307, "DFRM": "0980904008", "FRACN": 9, "RADION": 4 }, "geometry": { "type": "Polygon", "coordinates": [ [ [ -60.722962872246903, -27.574976390526434 ], [ -60.721408577068274, -27.574998008012379 ], [ -60.721451102464421, -27.576080646726446 ], [ -60.722964966529069, -27.57606826284702 ], [ -60.722962872246903, -27.574976390526434 ] ] ] } },
{ "type": "Feature", "properties": { "ArcIds": [ 1379, -1481, -1482, 1479 ], "AREA": 14141.25, "PERIMETER": 475.745, "CODLOC": "030", "NOMMUNI": "VILLA ANGELA", "NOMLOC": "VILLA ANGELA", "FRAC": "09", "RADIO": "04", "MZA": "007", "MZATXT": 7, "UGEO": "", "MZAM": "0007", "TMZA": 21, "DEPTO10": "098", "FRAC10": "07", "RADIO10": "04", "MZA10": "007", "CEN2010": "0980704007", "LINK2010": "220980704007", "DF": "09809", "TFRAC": 3754, "DFR": "0980904", "TRADIO": 307, "DFRM": "0980904007", "FRACN": 9, "RADION": 4 }, "geometry": { "type": "Polygon", "coordinates": [ [ [ -60.721408577068274, -27.574998008012379 ], [ -60.720214029203198, -27.575058350377258 ], [ -60.72023105015424, -27.576114050379552 ], [ -60.721451102464421, -27.576080646726446 ], [ -60.721408577068274, -27.574998008012379 ] ] ] } },
{ "type": "Feature", "properties": { "ArcIds": [ 1377, 1483, -1484, 1481 ], "AREA": 14426.625, "PERIMETER": 480.588, "CODLOC": "030", "NOMMUNI": "VILLA ANGELA", "NOMLOC": "VILLA ANGELA", "FRAC": "09", "RADIO": "04", "MZA": "006", "MZATXT": 6, "UGEO": "", "MZAM": "0006", "TMZA": 20, "DEPTO10": "098", "FRAC10": "07", "RADIO10": "04", "MZA10": "006", "CEN2010": "0980704006", "LINK2010": "220980704006", "DF": "09809", "TFRAC": 3754, "DFR": "0980904", "TRADIO": 307, "DFRM": "0980904006", "FRACN": 9, "RADION": 4 }, "geometry": { "type": "Polygon", "coordinates": [ [ [ -60.720214029203198, -27.575058350377258 ], [ -60.718983449484426, -27.575028630676375 ], [ -60.719010849770939, -27.576124884509799 ], [ -60.72023105015424, -27.576114050379552 ], [ -60.720214029203198, -27.575058350377258 ] ] ] } },
{ "type": "Feature", "properties": { "ArcIds": [ 1376, -1485, -1486, -1483 ], "AREA": 14403.875, "PERIMETER": 480.094, "CODLOC": "030", "NOMMUNI": "VILLA ANGELA", "NOMLOC": "VILLA ANGELA", "FRAC": "09", "RADIO": "04", "MZA": "005", "MZATXT": 5, "UGEO": "", "MZAM": "0005", "TMZA": 21, "DEPTO10": "098", "FRAC10": "07", "RADIO10": "04", "MZA10": "005", "CEN2010": "0980704005", "LINK2010": "220980704005", "DF": "09809", "TFRAC": 3754, "DFR": "0980904", "TRADIO": 307, "DFRM": "0980904005", "FRACN": 9, "RADION": 4 }, "geometry": { "type": "Polygon", "coordinates": [ [ [ -60.718983449484426, -27.575028630676375 ], [ -60.717763436899993, -27.575066524214183 ], [ -60.717795682721949, -27.576131169991569 ], [ -60.719010849770939, -27.576124884509799 ], [ -60.718983449484426, -27.575028630676375 ] ] ] } },
{ "type": "Feature", "properties": { "ArcIds": [ 1381, -1487, -1488, 1485 ], "AREA": 13815.25, "PERIMETER": 470.157, "CODLOC": "030", "NOMMUNI": "VILLA ANGELA", "NOMLOC": "VILLA ANGELA", "FRAC": "08", "RADIO": "14", "MZA": "001", "MZATXT": 1, "UGEO": "", "MZAM": "0001", "TMZA": 22, "DEPTO10": "098", "FRAC10": "01", "RADIO10": "14", "MZA10": "001", "CEN2010": "0980114001", "LINK2010": "220980114001", "DF": "09808", "TFRAC": 4286, "DFR": "0980814", "TRADIO": 228, "DFRM": "0980814001", "FRACN": 8, "RADION": 14 }, "geometry": { "type": "Polygon", "coordinates": [ [ [ -60.717763436899993, -27.575066524214183 ], [ -60.716568738976022, -27.575104276444062 ], [ -60.716611041055963, -27.576159846932118 ], [ -60.717795682721949, -27.576131169991569 ], [ -60.717763436899993, -27.575066524214183 ] ] ] } },
{ "type": "Feature", "properties": { "ArcIds": [ 1383, -1489, -1490, 1487 ], "AREA": 14197.375, "PERIMETER": 476.666, "CODLOC": "030", "NOMMUNI": "VILLA ANGELA", "NOMLOC": "VILLA ANGELA", "FRAC": "08", "RADIO": "14", "MZA": "002", "MZATXT": 2, "UGEO": "", "MZAM": "0002", "TMZA": 18, "DEPTO10": "098", "FRAC10": "01", "RADIO10": "14", "MZA10": "002", "CEN2010": "0980114002", "LINK2010": "220980114002", "DF": "09808", "TFRAC": 4286, "DFR": "0980814", "TRADIO": 228, "DFRM": "0980814002", "FRACN": 8, "RADION": 14 }, "geometry": { "type": "Polygon", "coordinates": [ [ [ -60.716568738976022, -27.575104276444062 ], [ -60.715363855150422, -27.57513304703232 ], [ -60.715380946780229, -27.576206795570201 ], [ -60.716611041055963, -27.576159846932118 ], [ -60.716568738976022, -27.575104276444062 ] ] ] } },
{ "type": "Feature", "properties": { "ArcIds": [ 1385, -1491, -1492, 1489 ], "AREA": 14459.5, "PERIMETER": 481.017, "CODLOC": "030", "NOMMUNI": "VILLA ANGELA", "NOMLOC": "VILLA ANGELA", "FRAC": "08", "RADIO": "14", "MZA": "003", "MZATXT": 3, "UGEO": "", "MZAM": "0003", "TMZA": 23, "DEPTO10": "098", "FRAC10": "01", "RADIO10": "14", "MZA10": "003", "CEN2010": "0980114003", "LINK2010": "220980114003", "DF": "09808", "TFRAC": 4286, "DFR": "0980814", "TRADIO": 228, "DFRM": "0980814003", "FRACN": 8, "RADION": 14 }, "geometry": { "type": "Polygon", "coordinates": [ [ [ -60.715363855150422, -27.57513304703232 ], [ -60.714133567020916, -27.575148402039169 ], [ -60.714150646681155, -27.576222150953196 ], [ -60.715380946780229, -27.576206795570201 ], [ -60.715363855150422, -27.57513304703232 ] ] ] } },
{ "type": "Feature", "properties": { "ArcIds": [ 1387, -1493, -1494, 1491 ], "AREA": 13986.5, "PERIMETER": 473.161, "CODLOC": "030", "NOMMUNI": "VILLA ANGELA", "NOMLOC": "VILLA ANGELA", "FRAC": "08", "RADIO": "14", "MZA": "004", "MZATXT": 4, "UGEO": "", "MZAM": "0004", "TMZA": 26, "DEPTO10": "098", "FRAC10": "01", "RADIO10": "14", "MZA10": "004", "CEN2010": "0980114004", "LINK2010": "220980114004", "DF": "09808", "TFRAC": 4286, "DFR": "0980814", "TRADIO": 228, "DFRM": "0980814004", "FRACN": 8, "RADION": 14 }, "geometry": { "type": "Polygon", "coordinates": [ [ [ -60.714133567020916, -27.575148402039169 ], [ -60.712928594078129, -27.575163616210713 ], [ -60.712991318386322, -27.576250666878078 ], [ -60.714150646681155, -27.576222150953196 ], [ -60.714133567020916, -27.575148402039169 ] ] ] } },
{ "type": "Feature", "properties": { "ArcIds": [ 1389, -1497, -1498, 1493 ], "AREA": 15016.75, "PERIMETER": 490.239, "CODLOC": "030", "NOMMUNI": "VILLA ANGELA", "NOMLOC": "VILLA ANGELA", "FRAC": "08", "RADIO": "14", "MZA": "005", "MZATXT": 5, "UGEO": "", "MZAM": "0005", "TMZA": 22, "DEPTO10": "098", "FRAC10": "01", "RADIO10": "14", "MZA10": "005", "CEN2010": "0980114005", "LINK2010": "220980114005", "DF": "09808", "TFRAC": 4286, "DFR": "0980814", "TRADIO": 228, "DFRM": "0980814005", "FRACN": 8, "RADION": 14 }, "geometry": { "type": "Polygon", "coordinates": [ [ [ -60.712928594078129, -27.575163616210713 ], [ -60.711708431074364, -27.575178897768627 ], [ -60.711730870643407, -27.576302250955319 ], [ -60.712991318386322, -27.576250666878078 ], [ -60.712928594078129, -27.575163616210713 ] ] ] } },
{ "type": "Feature", "properties": { "ArcIds": [ 1392, -1495, -1496, 1497 ], "AREA": 14670.875, "PERIMETER": 484.563, "CODLOC": "030", "NOMMUNI": "VILLA ANGELA", "NOMLOC": "VILLA ANGELA", "FRAC": "08", "RADIO": "15", "MZA": "001", "MZATXT": 1, "UGEO": "", "MZAM": "0001", "TMZA": 0, "DEPTO10": "098", "FRAC10": "01", "RADIO10": "13", "MZA10": "001", "CEN2010": "0980113001", "LINK2010": "220980113001", "DF": "09808", "TFRAC": 4286, "DFR": "0980815", "TRADIO": 172, "DFRM": "0980815001", "FRACN": 8, "RADION": 15 }, "geometry": { "type": "Polygon", "coordinates": [ [ [ -60.711708431074364, -27.575178897768627 ], [ -60.710498510065058, -27.575212163903146 ], [ -60.710505457010022, -27.576290477498624 ], [ -60.711730870643407, -27.576302250955319 ], [ -60.711708431074364, -27.575178897768627 ] ] ] } },
{ "type": "Feature", "properties": { "ArcIds": [ 1393, 1499, -1500, -1501 ], "AREA": 14064.0, "PERIMETER": 474.66, "CODLOC": "030", "NOMMUNI": "VILLA ANGELA", "NOMLOC": "VILLA ANGELA", "FRAC": "08", "RADIO": "15", "MZA": "003", "MZATXT": 3, "UGEO": "", "MZAM": "0003", "TMZA": 24, "DEPTO10": "098", "FRAC10": "01", "RADIO10": "13", "MZA10": "003", "CEN2010": "0980113003", "LINK2010": "220980113003", "DF": "09808", "TFRAC": 4286, "DFR": "0980815", "TRADIO": 172, "DFRM": "0980815003", "FRACN": 8, "RADION": 15 }, "geometry": { "type": "Polygon", "coordinates": [ [ [ -60.709258238097412, -27.575250086420105 ], [ -60.708047909542422, -27.575220166385819 ], [ -60.708100575282415, -27.576325318880269 ], [ -60.709249954265076, -27.576323966095764 ], [ -60.709258238097412, -27.575250086420105 ] ] ] } },
{ "type": "Feature", "properties": { "ArcIds": [ 1397, -1503, -1504, -1499 ], "AREA": 14504.75, "PERIMETER": 481.773, "CODLOC": "030", "NOMMUNI": "VILLA ANGELA", "NOMLOC": "VILLA ANGELA", "FRAC": "08", "RADIO": "15", "MZA": "004", "MZATXT": 4, "UGEO": "", "MZAM": "0004", "TMZA": 22, "DEPTO10": "098", "FRAC10": "01", "RADIO10": "13", "MZA10": "004", "CEN2010": "0980113004", "LINK2010": "220980113004", "DF": "09808", "TFRAC": 4286, "DFR": "0980815", "TRADIO": 172, "DFRM": "0980815004", "FRACN": 8, "RADION": 15 }, "geometry": { "type": "Polygon", "coordinates": [ [ [ -60.708047909542422, -27.575220166385819 ], [ -60.706843193972155, -27.575275933773426 ], [ -60.706880484512475, -27.576354093598852 ], [ -60.708100575282415, -27.576325318880269 ], [ -60.708047909542422, -27.575220166385819 ] ] ] } },
{ "type": "Feature", "properties": { "ArcIds": [ 1395, 1501, -1502, 1495 ], "AREA": 14695.125, "PERIMETER": 485.096, "CODLOC": "030", "NOMMUNI": "VILLA ANGELA", "NOMLOC": "VILLA ANGELA", "FRAC": "08", "RADIO": "15", "MZA": "002", "MZATXT": 2, "UGEO": "", "MZAM": "0002", "TMZA": 15, "DEPTO10": "098", "FRAC10": "01", "RADIO10": "13", "MZA10": "002", "CEN2010": "0980113002", "LINK2010": "220980113002", "DF": "09808", "TFRAC": 4286, "DFR": "0980815", "TRADIO": 172, "DFRM": "0980815002", "FRACN": 8, "RADION": 15 }, "geometry": { "type": "Polygon", "coordinates": [ [ [ -60.710498510065058, -27.575212163903146 ], [ -60.709258238097412, -27.575250086420105 ], [ -60.709249954265076, -27.576323966095764 ], [ -60.710505457010022, -27.576290477498624 ], [ -60.710498510065058, -27.575212163903146 ] ] ] } },
{ "type": "Feature", "properties": { "ArcIds": [ 1399, -1505, -1506, 1503 ], "AREA": 14526.375, "PERIMETER": 482.11, "CODLOC": "030", "NOMMUNI": "VILLA ANGELA", "NOMLOC": "VILLA ANGELA", "FRAC": "08", "RADIO": "15", "MZA": "005", "MZATXT": 5, "UGEO": "", "MZAM": "0005", "TMZA": 30, "DEPTO10": "098", "FRAC10": "01", "RADIO10": "13", "MZA10": "005", "CEN2010": "0980113005", "LINK2010": "220980113005", "DF": "09808", "TFRAC": 4286, "DFR": "0980815", "TRADIO": 172, "DFRM": "0980815005", "FRACN": 8, "RADION": 15 }, "geometry": { "type": "Polygon", "coordinates": [ [ [ -60.706843193972155, -27.575275933773426 ], [ -60.70562305648393, -27.575295673683605 ], [ -60.705655358500337, -27.57638739511216 ], [ -60.706880484512475, -27.576354093598852 ], [ -60.706843193972155, -27.575275933773426 ] ] ] } },
{ "type": "Feature", "properties": { "ArcIds": [ 1401, -1509, -1510, 1505 ], "AREA": 18159.375, "PERIMETER": 542.041, "CODLOC": "030", "NOMMUNI": "VILLA ANGELA", "NOMLOC": "VILLA ANGELA", "FRAC": "08", "RADIO": "10", "MZA": "013", "MZATXT": 13, "UGEO": "", "MZAM": "0027", "TMZA": 14, "DEPTO10": "098", "FRAC10": "01", "RADIO10": "11", "MZA10": "027", "CEN2010": "0980111027", "LINK2010": "220980111027", "DF": "09808", "TFRAC": 4286, "DFR": "0980810", "TRADIO": 328, "DFRM": "0980810013", "FRACN": 8, "RADION": 10 }, "geometry": { "type": "Polygon", "coordinates": [ [ [ -60.70562305648393, -27.575295673683605 ], [ -60.704114288563559, -27.575312354475621 ], [ -60.704131414794048, -27.576408665319139 ], [ -60.705655358500337, -27.57638739511216 ], [ -60.70562305648393, -27.575295673683605 ] ] ] } },
{ "type": "Feature", "properties": { "ArcIds": [ 1403, 1507, -1508, 1509 ], "AREA": 12103.5, "PERIMETER": 442.066, "CODLOC": "030", "NOMMUNI": "VILLA ANGELA", "NOMLOC": "VILLA ANGELA", "FRAC": "08", "RADIO": "10", "MZA": "014", "MZATXT": 14, "UGEO": "", "MZAM": "0026", "TMZA": 12, "DEPTO10": "098", "FRAC10": "01", "RADIO10": "11", "MZA10": "026", "CEN2010": "0980111026", "LINK2010": "220980111026", "DF": "09808", "TFRAC": 4286, "DFR": "0980810", "TRADIO": 328, "DFRM": "0980810014", "FRACN": 8, "RADION": 10 }, "geometry": { "type": "Polygon", "coordinates": [ [ [ -60.704114288563559, -27.575312354475621 ], [ -60.703086464035984, -27.575317561262967 ], [ -60.703128809885619, -27.576400208923289 ], [ -60.704131414794048, -27.576408665319139 ], [ -60.704114288563559, -27.575312354475621 ] ] ] } },
{ "type": "Feature", "properties": { "ArcIds": [ 1405, -1512, -1513, -1507 ], "AREA": 14407.375, "PERIMETER": 480.169, "CODLOC": "030", "NOMMUNI": "VILLA ANGELA", "NOMLOC": "VILLA ANGELA", "FRAC": "08", "RADIO": "10", "MZA": "015", "MZATXT": 15, "UGEO": "", "MZAM": "0025", "TMZA": 18, "DEPTO10": "098", "FRAC10": "01", "RADIO10": "11", "MZA10": "025", "CEN2010": "0980111025", "LINK2010": "220980111025", "DF": "09808", "TFRAC": 4286, "DFR": "0980810", "TRADIO": 328, "DFRM": "0980810015", "FRACN": 8, "RADION": 10 }, "geometry": { "type": "Polygon", "coordinates": [ [ [ -60.703086464035984, -27.575317561262967 ], [ -60.70189166924235, -27.575341652038276 ], [ -60.701918957284207, -27.576446935946407 ], [ -60.703128809885619, -27.576400208923289 ], [ -60.703086464035984, -27.575317561262967 ] ] ] } },
{ "type": "Feature", "properties": { "ArcIds": [ 1407, -1515, -1516, 1512 ], "AREA": 14491.25, "PERIMETER": 481.547, "CODLOC": "030", "NOMMUNI": "VILLA ANGELA", "NOMLOC": "VILLA ANGELA", "FRAC": "08", "RADIO": "11", "MZA": "012", "MZATXT": 12, "UGEO": "", "MZAM": "0024", "TMZA": 43, "DEPTO10": "098", "FRAC10": "01", "RADIO10": "11", "MZA10": "024", "CEN2010": "0980111024", "LINK2010": "220980111024", "DF": "09808", "TFRAC": 4286, "DFR": "0980811", "TRADIO": 333, "DFRM": "0980811012", "FRACN": 8, "RADION": 11 }, "geometry": { "type": "Polygon", "coordinates": [ [ [ -60.70189166924235, -27.575341652038276 ], [ -60.700686775989546, -27.575370295413059 ], [ -60.700703782177598, -27.576453071960305 ], [ -60.701918957284207, -27.576446935946407 ], [ -60.70189166924235, -27.575341652038276 ] ] ] } },
{ "type": "Feature", "properties": { "ArcIds": [ 1409, -1511, -1514, 1515 ], "AREA": 14250.375, "PERIMETER": 477.547, "CODLOC": "030", "NOMMUNI": "VILLA ANGELA", "NOMLOC": "VILLA ANGELA", "FRAC": "08", "RADIO": "11", "MZA": "011", "MZATXT": 11, "UGEO": "", "MZAM": "0023", "TMZA": 21, "DEPTO10": "098", "FRAC10": "01", "RADIO10": "11", "MZA10": "023", "CEN2010": "0980111023", "LINK2010": "220980111023", "DF": "09808", "TFRAC": 4286, "DFR": "0980811", "TRADIO": 333, "DFRM": "0980811011", "FRACN": 8, "RADION": 11 }, "geometry": { "type": "Polygon", "coordinates": [ [ [ -60.700686775989546, -27.575370295413059 ], [ -60.69946672093117, -27.575403516625993 ], [ -60.699483514838086, -27.57645471106153 ], [ -60.700703782177598, -27.576453071960305 ], [ -60.700686775989546, -27.575370295413059 ] ] ] } },
{ "type": "Feature", "properties": { "ArcIds": [ 1411, -1517, -1518, 1511 ], "AREA": 13866.75, "PERIMETER": 471.124, "CODLOC": "030", "NOMMUNI": "VILLA ANGELA", "NOMLOC": "VILLA ANGELA", "FRAC": "07", "RADIO": "01", "MZA": "004", "MZATXT": 4, "UGEO": "", "MZAM": "0019", "TMZA": 1, "DEPTO10": "098", "FRAC10": "07", "RADIO10": "07", "MZA10": "019", "CEN2010": "0980707019", "LINK2010": "220980707019", "DF": "09807", "TFRAC": 4624, "DFR": "0980701", "TRADIO": 301, "DFRM": "0980701004", "FRACN": 7, "RADION": 1 }, "geometry": { "type": "Polygon", "coordinates": [ [ [ -60.69946672093117, -27.575403516625993 ], [ -60.698246722017551, -27.575445750703363 ], [ -60.698278608316677, -27.576483333776448 ], [ -60.699483514838086, -27.57645471106153 ], [ -60.69946672093117, -27.575403516625993 ] ] ] } },
{ "type": "Feature", "properties": { "ArcIds": [ 1413, -1435, -1521, -1522, 1517 ], "AREA": 14149.75, "PERIMETER": 474.211, "CODLOC": "030", "NOMMUNI": "VILLA ANGELA", "NOMLOC": "VILLA ANGELA", "FRAC": "07", "RADIO": "01", "MZA": "003", "MZATXT": 3, "UGEO": "", "MZAM": "0018", "TMZA": 24, "DEPTO10": "098", "FRAC10": "07", "RADIO10": "07", "MZA10": "018", "CEN2010": "0980707018", "LINK2010": "220980707018", "DF": "09807", "TFRAC": 4624, "DFR": "0980701", "TRADIO": 301, "DFRM": "0980701003", "FRACN": 7, "RADION": 1 }, "geometry": { "type": "Polygon", "coordinates": [ [ [ -60.698246722017551, -27.575445750703363 ], [ -60.697031614017973, -27.575460877957148 ], [ -60.697029858626422, -27.575984270481662 ], [ -60.69706371704163, -27.576534555797853 ], [ -60.698278608316677, -27.576483333776448 ], [ -60.698246722017551, -27.575445750703363 ] ] ] } },
{ "type": "Feature", "properties": { "ArcIds": [ 1415, -1433, -1434, 1435 ], "AREA": 3694.375, "PERIMETER": 243.725, "CODLOC": "030", "NOMMUNI": "VILLA ANGELA", "NOMLOC": "VILLA ANGELA", "FRAC": "07", "RADIO": "02", "MZA": "008", "MZATXT": 8, "UGEO": "", "MZAM": "0017", "TMZA": 8, "DEPTO10": "098", "FRAC10": "07", "RADIO10": "07", "MZA10": "017", "CEN2010": "0980707017", "LINK2010": "220980707017", "DF": "09807", "TFRAC": 4624, "DFR": "0980702", "TRADIO": 301, "DFRM": "0980702008", "FRACN": 7, "RADION": 2 }, "geometry": { "type": "Polygon", "coordinates": [ [ [ -60.697031614017973, -27.575460877957148 ], [ -60.69640380704093, -27.575468539149071 ], [ -60.696356422768254, -27.575983136627165 ], [ -60.697029858626422, -27.575984270481662 ], [ -60.697031614017973, -27.575460877957148 ] ] ] } },
{ "type": "Feature", "properties": { "ArcIds": [ 1417, -1436, -1437, 1433 ], "AREA": 3148.125, "PERIMETER": 224.726, "CODLOC": "030", "NOMMUNI": "VILLA ANGELA", "NOMLOC": "VILLA ANGELA", "FRAC": "07", "RADIO": "02", "MZA": "007", "MZATXT": 7, "UGEO": "", "MZAM": "0015", "TMZA": 6, "DEPTO10": "098", "FRAC10": "07", "RADIO10": "07", "MZA10": "015", "CEN2010": "0980707015", "LINK2010": "220980707015", "DF": "09807", "TFRAC": 4624, "DFR": "0980702", "TRADIO": 301, "DFRM": "0980702007", "FRACN": 7, "RADION": 2 }, "geometry": { "type": "Polygon", "coordinates": [ [ [ -60.69640380704093, -27.575468539149071 ], [ -60.695816505437577, -27.575475994585798 ], [ -60.695824813776547, -27.575990312895161 ], [ -60.696356422768254, -27.575983136627165 ], [ -60.69640380704093, -27.575468539149071 ] ] ] } },
{ "type": "Feature", "properties": { "ArcIds": [ 1419, 1421, -1431, -1523, -1524, -1519, 1436 ], "AREA": 14170.875, "PERIMETER": 475.144, "CODLOC": "030", "NOMMUNI": "VILLA ANGELA", "NOMLOC": "VILLA ANGELA", "FRAC": "07", "RADIO": "02", "MZA": "006", "MZATXT": 6, "UGEO": "", "MZAM": "0014", "TMZA": 33, "DEPTO10": "098", "FRAC10": "07", "RADIO10": "07", "MZA10": "014", "CEN2010": "0980707014", "LINK2010": "220980707014", "DF": "09807", "TFRAC": 4624, "DFR": "0980702", "TRADIO": 301, "DFRM": "0980702006", "FRACN": 7, "RADION": 2 }, "geometry": { "type": "Polygon", "coordinates": [ [ [ -60.695816505437577, -27.575475994585798 ], [ -60.695193732914049, -27.575479113157812 ], [ -60.69460136786109, -27.575486588801297 ], [ -60.694609471618392, -27.575969324773709 ], [ -60.69464866539434, -27.576564703452608 ], [ -60.695843448000801, -27.576536162932889 ], [ -60.695824813776547, -27.575990312895161 ], [ -60.695816505437577, -27.575475994585798 ] ] ] } },
{ "type": "Feature", "properties": { "ArcIds": [ 1424, -1529, -1530, 1525 ], "AREA": 13781.625, "PERIMETER": 469.612, "CODLOC": "030", "NOMMUNI": "VILLA ANGELA", "NOMLOC": "VILLA ANGELA", "FRAC": "07", "RADIO": "03", "MZA": "005", "MZATXT": 5, "UGEO": "", "MZAM": "0013", "TMZA": 25, "DEPTO10": "098", "FRAC10": "07", "RADIO10": "07", "MZA10": "013", "CEN2010": "0980707013", "LINK2010": "220980707013", "DF": "09807", "TFRAC": 4624, "DFR": "0980703", "TRADIO": 298, "DFRM": "0980703005", "FRACN": 7, "RADION": 3 }, "geometry": { "type": "Polygon", "coordinates": [ [ [ -60.692145916864881, -27.575530430462578 ], [ -60.690956121854818, -27.57554537843119 ], [ -60.690993144241347, -27.576605498188208 ], [ -60.692187957282492, -27.576581500881581 ], [ -60.692145916864881, -27.575530430462578 ] ] ] } },
{ "type": "Feature", "properties": { "ArcIds": [ 1427, 1531, -1532, 1529 ], "AREA": 8226.875, "PERIMETER": 399.995, "CODLOC": "030", "NOMMUNI": "VILLA ANGELA", "NOMLOC": "VILLA ANGELA", "FRAC": "07", "RADIO": "03", "MZA": "006", "MZATXT": 6, "UGEO": "", "MZAM": "0012", "TMZA": 13, "DEPTO10": "098", "FRAC10": "07", "RADIO10": "07", "MZA10": "012", "CEN2010": "0980707012", "LINK2010": "220980707012", "DF": "09807", "TFRAC": 4624, "DFR": "0980703", "TRADIO": 298, "DFRM": "0980703006", "FRACN": 7, "RADION": 3 }, "geometry": { "type": "Polygon", "coordinates": [ [ [ -60.690956121854818, -27.57554537843119 ], [ -60.689842330747027, -27.575568962600091 ], [ -60.690684286108727, -27.576607034478513 ], [ -60.690993144241347, -27.576605498188208 ], [ -60.690956121854818, -27.57554537843119 ] ] ] } },
{ "type": "Feature", "properties": { "ArcIds": [ -1439, 1440, 1438, -1429 ], "AREA": 8426.75, "PERIMETER": 426.045, "CODLOC": "030", "NOMMUNI": "VILLA ANGELA", "NOMLOC": "VILLA ANGELA", "FRAC": "09", "RADIO": "01", "MZA": "018", "MZATXT": 18, "UGEO": "", "MZAM": "", "TMZA": 22, "DEPTO10": "098", "FRAC10": "07", "RADIO10": "01", "MZA10": "030", "CEN2010": "0980701030", "LINK2010": "220980701030", "DF": "09809", "TFRAC": 3754, "DFR": "0980901", "TRADIO": 398, "DFRM": "0980901018", "FRACN": 9, "RADION": 1 }, "geometry": { "type": "Polygon", "coordinates": [ [ [ -60.736837533615436, -27.575914143936281 ], [ -60.736814055646917, -27.575431494543473 ], [ -60.738449480780751, -27.575427320876212 ], [ -60.738452592404073, -27.575892030557632 ], [ -60.736837533615436, -27.575914143936281 ] ] ] } },
{ "type": "Feature", "properties": { "ArcIds": [ 1432, 1527, -1528, 1523 ], "AREA": 8106.0, "PERIMETER": 377.633, "CODLOC": "030", "NOMMUNI": "VILLA ANGELA", "NOMLOC": "VILLA ANGELA", "FRAC": "07", "RADIO": "02", "MZA": "010", "MZATXT": 10, "UGEO": "", "MZAM": "0039", "TMZA": 20, "DEPTO10": "098", "FRAC10": "07", "RADIO10": "07", "MZA10": "039", "CEN2010": "0980707039", "LINK2010": "220980707039", "DF": "09807", "TFRAC": 4624, "DFR": "0980702", "TRADIO": 301, "DFRM": "0980702010", "FRACN": 7, "RADION": 2 }, "geometry": { "type": "Polygon", "coordinates": [ [ [ -60.694609471618392, -27.575969324773709 ], [ -60.693379223695906, -27.575993519728552 ], [ -60.693393094626742, -27.576589025267957 ], [ -60.69464866539434, -27.576564703452608 ], [ -60.694609471618392, -27.575969324773709 ] ] ] } },
{ "type": "Feature", "properties": { "ArcIds": [ 1434, 1437, 1519, -1520, 1521 ], "AREA": 7304.0, "PERIMETER": 361.098, "CODLOC": "030", "NOMMUNI": "VILLA ANGELA", "NOMLOC": "VILLA ANGELA", "FRAC": "07", "RADIO": "02", "MZA": "009", "MZATXT": 9, "UGEO": "", "MZAM": "0016", "TMZA": 16, "DEPTO10": "098", "FRAC10": "07", "RADIO10": "07", "MZA10": "016", "CEN2010": "0980707016", "LINK2010": "220980707016", "DF": "09807", "TFRAC": 4624, "DFR": "0980702", "TRADIO": 301, "DFRM": "0980702009", "FRACN": 7, "RADION": 2 }, "geometry": { "type": "Polygon", "coordinates": [ [ [ -60.697029858626422, -27.575984270481662 ], [ -60.696356422768254, -27.575983136627165 ], [ -60.695824813776547, -27.575990312895161 ], [ -60.695843448000801, -27.576536162932889 ], [ -60.69706371704163, -27.576534555797853 ], [ -60.697029858626422, -27.575984270481662 ] ] ] } },
{ "type": "Feature", "properties": { "ArcIds": [ -1552, 1556, 1557, 1554, -1440 ], "AREA": 19357.75, "PERIMETER": 561.025, "CODLOC": "030", "NOMMUNI": "VILLA ANGELA", "NOMLOC": "VILLA ANGELA", "FRAC": "09", "RADIO": "01", "MZA": "019", "MZATXT": 19, "UGEO": "", "MZAM": "", "TMZA": 34, "DEPTO10": "098", "FRAC10": "07", "RADIO10": "01", "MZA10": "034", "CEN2010": "0980701034", "LINK2010": "220980701034", "DF": "09809", "TFRAC": 3754, "DFR": "0980901", "TRADIO": 398, "DFRM": "0980901019", "FRACN": 9, "RADION": 1 }, "geometry": { "type": "Polygon", "coordinates": [ [ [ -60.736865081593017, -27.57700587891944 ], [ -60.736837533615436, -27.575914143936281 ], [ -60.738452592404073, -27.575892030557632 ], [ -60.738460024349784, -27.577001919572439 ], [ -60.737639783665919, -27.577006278421305 ], [ -60.736865081593017, -27.57700587891944 ] ] ] } },
{ "type": "Feature", "properties": { "ArcIds": [ -1544, 1545, 1542, -1442 ], "AREA": 14336.125, "PERIMETER": 479.002, "CODLOC": "030", "NOMMUNI": "VILLA ANGELA", "NOMLOC": "VILLA ANGELA", "FRAC": "09", "RADIO": "06", "MZA": "006", "MZATXT": 6, "UGEO": "", "MZAM": "", "TMZA": 30, "DEPTO10": "098", "FRAC10": "07", "RADIO10": "01", "MZA10": "027", "CEN2010": "0980701027", "LINK2010": "220980701027", "DF": "09809", "TFRAC": 3754, "DFR": "0980906", "TRADIO": 390, "DFRM": "0980906006", "FRACN": 9, "RADION": 6 }, "geometry": { "type": "Polygon", "coordinates": [ [ [ -60.742100290892253, -27.576955444927016 ], [ -60.742093125919133, -27.575890674225921 ], [ -60.74332856675526, -27.575888579572901 ], [ -60.743330650038445, -27.576948865335808 ], [ -60.742100290892253, -27.576955444927016 ] ] ] } },
{ "type": "Feature", "properties": { "ArcIds": [ -1546, 1547, 1544, -1445 ], "AREA": 14131.25, "PERIMETER": 475.509, "CODLOC": "030", "NOMMUNI": "VILLA ANGELA", "NOMLOC": "VILLA ANGELA", "FRAC": "09", "RADIO": "06", "MZA": "005", "MZATXT": 5, "UGEO": "", "MZAM": "", "TMZA": 26, "DEPTO10": "098", "FRAC10": "07", "RADIO10": "01", "MZA10": "028", "CEN2010": "0980701028", "LINK2010": "220980701028", "DF": "09809", "TFRAC": 3754, "DFR": "0980906", "TRADIO": 390, "DFRM": "0980906005", "FRACN": 9, "RADION": 6 }, "geometry": { "type": "Polygon", "coordinates": [ [ [ -60.740895307996887, -27.57697090205447 ], [ -60.7408779980221, -27.575901673340422 ], [ -60.742093125919133, -27.575890674225921 ], [ -60.742100290892253, -27.576955444927016 ], [ -60.740895307996887, -27.57697090205447 ] ] ] } },
{ "type": "Feature", "properties": { "ArcIds": [ -1542, 1543, 1540, -1447 ], "AREA": 11138.625, "PERIMETER": 424.512, "CODLOC": "030", "NOMMUNI": "VILLA ANGELA", "NOMLOC": "VILLA ANGELA", "FRAC": "09", "RADIO": "06", "MZA": "007", "MZATXT": 7, "UGEO": "", "MZAM": "", "TMZA": 21, "DEPTO10": "098", "FRAC10": "07", "RADIO10": "01", "MZA10": "026", "CEN2010": "0980701026", "LINK2010": "220980701026", "DF": "09809", "TFRAC": 3754, "DFR": "0980906", "TRADIO": 390, "DFRM": "0980906007", "FRACN": 9, "RADION": 6 }, "geometry": { "type": "Polygon", "coordinates": [ [ [ -60.743330650038445, -27.576948865335808 ], [ -60.74332856675526, -27.575888579572901 ], [ -60.744280470562906, -27.575887993645257 ], [ -60.744302785364773, -27.576943658939665 ], [ -60.743330650038445, -27.576948865335808 ] ] ] } },
{ "type": "Feature", "properties": { "ArcIds": [ -1548, 1549, 1546, -1451 ], "AREA": 8858.625, "PERIMETER": 386.519, "CODLOC": "030", "NOMMUNI": "VILLA ANGELA", "NOMLOC": "VILLA ANGELA", "FRAC": "09", "RADIO": "01", "MZA": "020", "MZATXT": 20, "UGEO": "", "MZAM": "", "TMZA": 20, "DEPTO10": "098", "FRAC10": "07", "RADIO10": "01", "MZA10": "029", "CEN2010": "0980701029", "LINK2010": "220980701029", "DF": "09809", "TFRAC": 3754, "DFR": "0980901", "TRADIO": 398, "DFRM": "0980901020", "FRACN": 9, "RADION": 1 }, "geometry": { "type": "Polygon", "coordinates": [ [ [ -60.740135887081472, -27.576983974987801 ], [ -60.740123647624344, -27.575914719055483 ], [ -60.7408779980221, -27.575901673340422 ], [ -60.740895307996887, -27.57697090205447 ], [ -60.740135887081472, -27.576983974987801 ] ] ] } },
{ "type": "Feature", "properties": { "ArcIds": [ -1540, 1541, 1539, -1449 ], "AREA": 17491.5, "PERIMETER": 533.011, "CODLOC": "030", "NOMMUNI": "VILLA ANGELA", "NOMLOC": "VILLA ANGELA", "FRAC": "09", "RADIO": "06", "MZA": "008", "MZATXT": 8, "UGEO": "", "MZAM": "", "TMZA": 3, "DEPTO10": "098", "FRAC10": "07", "RADIO10": "01", "MZA10": "025", "CEN2010": "0980701025", "LINK2010": "220980701025", "DF": "09809", "TFRAC": 3754, "DFR": "0980906", "TRADIO": 390, "DFRM": "0980906008", "FRACN": 9, "RADION": 6 }, "geometry": { "type": "Polygon", "coordinates": [ [ [ -60.744302785364773, -27.576943658939665 ], [ -60.744280470562906, -27.575887993645257 ], [ -60.745799416955862, -27.57587984556184 ], [ -60.745811619885288, -27.576935564704996 ], [ -60.744302785364773, -27.576943658939665 ] ] ] } },
{ "type": "Feature", "properties": { "ArcIds": [ -1561, 1562, 1550, -1454 ], "AREA": 15860.25, "PERIMETER": 504.527, "CODLOC": "030", "NOMMUNI": "VILLA ANGELA", "NOMLOC": "VILLA ANGELA", "FRAC": "09", "RADIO": "05", "MZA": "010", "MZATXT": 10, "UGEO": "", "MZAM": "", "TMZA": 23, "DEPTO10": "098", "FRAC10": "07", "RADIO10": "02", "MZA10": "020", "CEN2010": "0980702020", "LINK2010": "220980702020", "DF": "09809", "TFRAC": 3754, "DFR": "0980905", "TRADIO": 239, "DFRM": "0980905010", "FRACN": 9, "RADION": 5 }, "geometry": { "type": "Polygon", "coordinates": [ [ [ -60.734181696525042, -27.577038137531581 ], [ -60.734174487835311, -27.575955317944867 ], [ -60.735521230724906, -27.575939168626977 ], [ -60.735528362356007, -27.577008452648688 ], [ -60.734181696525042, -27.577038137531581 ] ] ] } },
{ "type": "Feature", "properties": { "ArcIds": [ -1564, 1565, 1561, -1460 ], "AREA": 14101.5, "PERIMETER": 475.017, "CODLOC": "030", "NOMMUNI": "VILLA ANGELA", "NOMLOC": "VILLA ANGELA", "FRAC": "09", "RADIO": "05", "MZA": "009", "MZATXT": 9, "UGEO": "", "MZAM": "", "TMZA": 33, "DEPTO10": "098", "FRAC10": "07", "RADIO10": "02", "MZA10": "019", "CEN2010": "0980702019", "LINK2010": "220980702019", "DF": "09809", "TFRAC": 3754, "DFR": "0980905", "TRADIO": 239, "DFRM": "0980905009", "FRACN": 9, "RADION": 5 }, "geometry": { "type": "Polygon", "coordinates": [ [ [ -60.732981713172144, -27.577044475770212 ], [ -60.732974636207288, -27.575979702892262 ], [ -60.734174487835311, -27.575955317944867 ], [ -60.734181696525042, -27.577038137531581 ], [ -60.732981713172144, -27.577044475770212 ] ] ] } },
{ "type": "Feature", "properties": { "ArcIds": [ -1558, 1563, 1564, -1458 ], "AREA": 14280.75, "PERIMETER": 478.038, "CODLOC": "030", "NOMMUNI": "VILLA ANGELA", "NOMLOC": "VILLA ANGELA", "FRAC": "09", "RADIO": "05", "MZA": "008", "MZATXT": 8, "UGEO": "", "MZAM": "", "TMZA": 18, "DEPTO10": "098", "FRAC10": "07", "RADIO10": "02", "MZA10": "018", "CEN2010": "0980702018", "LINK2010": "220980702018", "DF": "09809", "TFRAC": 3754, "DFR": "0980905", "TRADIO": 239, "DFRM": "0980905008", "FRACN": 9, "RADION": 5 }, "geometry": { "type": "Polygon", "coordinates": [ [ [ -60.731751290211818, -27.577041940206755 ], [ -60.731764417949712, -27.575968036828513 ], [ -60.732974636207288, -27.575979702892262 ], [ -60.732981713172144, -27.577044475770212 ], [ -60.731751290211818, -27.577041940206755 ] ] ] } },
{ "type": "Feature", "properties": { "ArcIds": [ -1559, 1560, 1558, -1462 ], "AREA": 14247.75, "PERIMETER": 477.534, "CODLOC": "030", "NOMMUNI": "VILLA ANGELA", "NOMLOC": "VILLA ANGELA", "FRAC": "09", "RADIO": "05", "MZA": "007", "MZATXT": 7, "UGEO": "", "MZAM": "", "TMZA": 22, "DEPTO10": "098", "FRAC10": "07", "RADIO10": "02", "MZA10": "017", "CEN2010": "0980702017", "LINK2010": "220980702017", "DF": "09809", "TFRAC": 3754, "DFR": "0980905", "TRADIO": 239, "DFRM": "0980905007", "FRACN": 9, "RADION": 5 }, "geometry": { "type": "Polygon", "coordinates": [ [ [ -60.73054117971494, -27.577048310714236 ], [ -60.730529122907889, -27.575992587391269 ], [ -60.731764417949712, -27.575968036828513 ], [ -60.731751290211818, -27.577041940206755 ], [ -60.73054117971494, -27.577048310714236 ] ] ] } },
{ "type": "Feature", "properties": { "ArcIds": [ 1466, 1570, -1571 ], "AREA": 7230.0, "PERIMETER": 412.366, "CODLOC": "030", "NOMMUNI": "VILLA ANGELA", "NOMLOC": "VILLA ANGELA", "FRAC": "09", "RADIO": "03", "MZA": "015", "MZATXT": 15, "UGEO": "", "MZAM": "0015", "TMZA": 9, "DEPTO10": "098", "FRAC10": "07", "RADIO10": "03", "MZA10": "015", "CEN2010": "0980703015", "LINK2010": "220980703015", "DF": "09809", "TFRAC": 3754, "DFR": "0980903", "TRADIO": 270, "DFRM": "0980903015", "FRACN": 9, "RADION": 3 }, "geometry": { "type": "Polygon", "coordinates": [ [ [ -60.726706541808667, -27.576030688535742 ], [ -60.725491229462044, -27.576014482538849 ], [ -60.726713706930752, -27.577118021672977 ], [ -60.726706541808667, -27.576030688535742 ] ] ] } },
{ "type": "Feature", "properties": { "ArcIds": [ 1577, 1578, -1570 ], "AREA": 7439.25, "PERIMETER": 415.85, "CODLOC": "030", "NOMMUNI": "VILLA ANGELA", "NOMLOC": "VILLA ANGELA", "FRAC": "09", "RADIO": "03", "MZA": "016", "MZATXT": 16, "UGEO": "", "MZAM": "0018", "TMZA": 8, "DEPTO10": "098", "FRAC10": "07", "RADIO10": "03", "MZA10": "018", "CEN2010": "0980703018", "LINK2010": "220980703018", "DF": "09809", "TFRAC": 3754, "DFR": "0980903", "TRADIO": 270, "DFRM": "0980903016", "FRACN": 9, "RADION": 3 }, "geometry": { "type": "Polygon", "coordinates": [ [ [ -60.725491229462044, -27.576014482538849 ], [ -60.725503683287002, -27.57713788357594 ], [ -60.726713706930752, -27.577118021672977 ], [ -60.725491229462044, -27.576014482538849 ] ] ] } },
{ "type": "Feature", "properties": { "ArcIds": [ 1474, -1573, 1576, -1577 ], "AREA": 14671.875, "PERIMETER": 484.582, "CODLOC": "030", "NOMMUNI": "VILLA ANGELA", "NOMLOC": "VILLA ANGELA", "FRAC": "09", "RADIO": "03", "MZA": "017", "MZATXT": 17, "UGEO": "", "MZAM": "0014", "TMZA": 22, "DEPTO10": "098", "FRAC10": "07", "RADIO10": "03", "MZA10": "014", "CEN2010": "0980703014", "LINK2010": "220980703014", "DF": "09809", "TFRAC": 3754, "DFR": "0980903", "TRADIO": 270, "DFRM": "0980903017", "FRACN": 9, "RADION": 3 }, "geometry": { "type": "Polygon", "coordinates": [ [ [ -60.725491229462044, -27.576014482538849 ], [ -60.724266146409313, -27.576052459809254 ], [ -60.724298574024374, -27.577135149749971 ], [ -60.725503683287002, -27.57713788357594 ], [ -60.725491229462044, -27.576014482538849 ] ] ] } },
{ "type": "Feature", "properties": { "ArcIds": [ -1566, 1567, 1559, -1464 ], "AREA": 15318.75, "PERIMETER": 495.549, "CODLOC": "030", "NOMMUNI": "VILLA ANGELA", "NOMLOC": "VILLA ANGELA", "FRAC": "09", "RADIO": "05", "MZA": "006", "MZATXT": 6, "UGEO": "", "MZAM": "", "TMZA": 25, "DEPTO10": "098", "FRAC10": "07", "RADIO10": "02", "MZA10": "016", "CEN2010": "0980702016", "LINK2010": "220980702016", "DF": "09809", "TFRAC": 3754, "DFR": "0980905", "TRADIO": 239, "DFRM": "0980905006", "FRACN": 9, "RADION": 5 }, "geometry": { "type": "Polygon", "coordinates": [ [ [ -60.729230013134618, -27.577086784686912 ], [ -60.72922788639157, -27.575999425570163 ], [ -60.730529122907889, -27.575992587391269 ], [ -60.73054117971494, -27.577048310714236 ], [ -60.729230013134618, -27.577086784686912 ] ] ] } },
{ "type": "Feature", "properties": { "ArcIds": [ 1470, -1568, 1569, 1566 ], "AREA": 15717.625, "PERIMETER": 502.033, "CODLOC": "030", "NOMMUNI": "VILLA ANGELA", "NOMLOC": "VILLA ANGELA", "FRAC": "09", "RADIO": "03", "MZA": "013", "MZATXT": 13, "UGEO": "", "MZAM": "0017", "TMZA": 22, "DEPTO10": "098", "FRAC10": "07", "RADIO10": "03", "MZA10": "017", "CEN2010": "0980703017", "LINK2010": "220980703017", "DF": "09809", "TFRAC": 3754, "DFR": "0980903", "TRADIO": 270, "DFRM": "0980903013", "FRACN": 9, "RADION": 3 }, "geometry": { "type": "Polygon", "coordinates": [ [ [ -60.72922788639157, -27.575999425570163 ], [ -60.727891356050371, -27.576028996086112 ], [ -60.727908569973287, -27.577102740600989 ], [ -60.729230013134618, -27.577086784686912 ], [ -60.72922788639157, -27.575999425570163 ] ] ] } },
{ "type": "Feature", "properties": { "ArcIds": [ 1579, 1582, -1583, -1472 ], "AREA": 16577.25, "PERIMETER": 515.507, "CODLOC": "030", "NOMMUNI": "VILLA ANGELA", "NOMLOC": "VILLA ANGELA", "FRAC": "02", "RADIO": "02", "MZA": "016", "MZATXT": 16, "UGEO": "", "MZAM": "", "TMZA": 1, "DEPTO10": "098", "FRAC10": "02", "RADIO10": "02", "MZA10": "021", "CEN2010": "0980202021", "LINK2010": "220980202021", "DF": "09802", "TFRAC": 904, "DFR": "0980202", "TRADIO": 100, "DFRM": "0980202016", "FRACN": 2, "RADION": 2 }, "geometry": { "type": "Polygon", "coordinates": [ [ [ -60.749612368254297, -27.575917973237591 ], [ -60.749624945049476, -27.577023320368667 ], [ -60.75098697675822, -27.577020474069226 ], [ -60.75097429414685, -27.57590159213856 ], [ -60.749612368254297, -27.575917973237591 ] ] ] } },
{ "type": "Feature", "properties": { "ArcIds": [ 1468, 1571, 1572, 1568 ], "AREA": 14070.75, "PERIMETER": 474.51, "CODLOC": "030", "NOMMUNI": "VILLA ANGELA", "NOMLOC": "VILLA ANGELA", "FRAC": "09", "RADIO": "03", "MZA": "014", "MZATXT": 14, "UGEO": "", "MZAM": "0016", "TMZA": 25, "DEPTO10": "098", "FRAC10": "07", "RADIO10": "03", "MZA10": "016", "CEN2010": "0980703016", "LINK2010": "220980703016", "DF": "09809", "TFRAC": 3754, "DFR": "0980903", "TRADIO": 270, "DFRM": "0980903014", "FRACN": 9, "RADION": 3 }, "geometry": { "type": "Polygon", "coordinates": [ [ [ -60.727891356050371, -27.576028996086112 ], [ -60.726706541808667, -27.576030688535742 ], [ -60.726713706930752, -27.577118021672977 ], [ -60.727908569973287, -27.577102740600989 ], [ -60.727891356050371, -27.576028996086112 ] ] ] } },
{ "type": "Feature", "properties": { "ArcIds": [ 1584, 1585, -1579, -1476 ], "AREA": 16874.5, "PERIMETER": 520.503, "CODLOC": "030", "NOMMUNI": "VILLA ANGELA", "NOMLOC": "VILLA ANGELA", "FRAC": "02", "RADIO": "02", "MZA": "015", "MZATXT": 15, "UGEO": "", "MZAM": "", "TMZA": 2, "DEPTO10": "098", "FRAC10": "02", "RADIO10": "02", "MZA10": "022", "CEN2010": "0980202022", "LINK2010": "220980202022", "DF": "09802", "TFRAC": 904, "DFR": "0980202", "TRADIO": 100, "DFRM": "0980202015", "FRACN": 2, "RADION": 2 }, "geometry": { "type": "Polygon", "coordinates": [ [ [ -60.748220032093279, -27.575929992915199 ], [ -60.748227531735601, -27.577035367725301 ], [ -60.749624945049476, -27.577023320368667 ], [ -60.749612368254297, -27.575917973237591 ], [ -60.748220032093279, -27.575929992915199 ] ] ] } },
{ "type": "Feature", "properties": { "ArcIds": [ 1478, -1574, 1575, 1573 ], "AREA": 15476.0, "PERIMETER": 498.031, "CODLOC": "030", "NOMMUNI": "VILLA ANGELA", "NOMLOC": "VILLA ANGELA", "FRAC": "09", "RADIO": "03", "MZA": "018", "MZATXT": 18, "UGEO": "", "MZAM": "0013", "TMZA": 22, "DEPTO10": "098", "FRAC10": "07", "RADIO10": "03", "MZA10": "013", "CEN2010": "0980703013", "LINK2010": "220980703013", "DF": "09809", "TFRAC": 3754, "DFR": "0980903", "TRADIO": 270, "DFRM": "0980903018", "FRACN": 9, "RADION": 3 }, "geometry": { "type": "Polygon", "coordinates": [ [ [ -60.724266146409313, -27.576052459809254 ], [ -60.722964966529069, -27.57606826284702 ], [ -60.722977069275295, -27.577142035246055 ], [ -60.724298574024374, -27.577135149749971 ], [ -60.724266146409313, -27.576052459809254 ] ] ] } },
{ "type": "Feature", "properties": { "ArcIds": [ 1480, -1580, -1581, 1574 ], "AREA": 17822.25, "PERIMETER": 537.049, "CODLOC": "030", "NOMMUNI": "VILLA ANGELA", "NOMLOC": "VILLA ANGELA", "FRAC": "09", "RADIO": "04", "MZA": "009", "MZATXT": 9, "UGEO": "", "MZAM": "0009", "TMZA": 28, "DEPTO10": "098", "FRAC10": "07", "RADIO10": "04", "MZA10": "009", "CEN2010": "0980704009", "LINK2010": "220980704009", "DF": "09809", "TFRAC": 3754, "DFR": "0980904", "TRADIO": 307, "DFRM": "0980904009", "FRACN": 9, "RADION": 4 }, "geometry": { "type": "Polygon", "coordinates": [ [ [ -60.722964966529069, -27.57606826284702 ], [ -60.721451102464421, -27.576080646726446 ], [ -60.721483561506673, -27.57717236137097 ], [ -60.722977069275295, -27.577142035246055 ], [ -60.722964966529069, -27.57606826284702 ] ] ] } },
{ "type": "Feature", "properties": { "ArcIds": [ 1482, -1586, -1587, 1580 ], "AREA": 14494.5, "PERIMETER": 481.584, "CODLOC": "030", "NOMMUNI": "VILLA ANGELA", "NOMLOC": "VILLA ANGELA", "FRAC": "09", "RADIO": "04", "MZA": "010", "MZATXT": 10, "UGEO": "", "MZAM": "0010", "TMZA": 24, "DEPTO10": "098", "FRAC10": "07", "RADIO10": "04", "MZA10": "010", "CEN2010": "0980704010", "LINK2010": "220980704010", "DF": "09809", "TFRAC": 3754, "DFR": "0980904", "TRADIO": 307, "DFRM": "0980904010", "FRACN": 9, "RADION": 4 }, "geometry": { "type": "Polygon", "coordinates": [ [ [ -60.721451102464421, -27.576080646726446 ], [ -60.72023105015424, -27.576114050379552 ], [ -60.720258316028399, -27.577187744745817 ], [ -60.721483561506673, -27.57717236137097 ], [ -60.721451102464421, -27.576080646726446 ] ] ] } },
{ "type": "Feature", "properties": { "ArcIds": [ 1484, -1588, -1589, 1586 ], "AREA": 14310.875, "PERIMETER": 478.545, "CODLOC": "030", "NOMMUNI": "VILLA ANGELA", "NOMLOC": "VILLA ANGELA", "FRAC": "09", "RADIO": "04", "MZA": "011", "MZATXT": 11, "UGEO": "", "MZAM": "0011", "TMZA": 12, "DEPTO10": "098", "FRAC10": "07", "RADIO10": "04", "MZA10": "011", "CEN2010": "0980704011", "LINK2010": "220980704011", "DF": "09809", "TFRAC": 3754, "DFR": "0980904", "TRADIO": 307, "DFRM": "0980904011", "FRACN": 9, "RADION": 4 }, "geometry": { "type": "Polygon", "coordinates": [ [ [ -60.72023105015424, -27.576114050379552 ], [ -60.719010849770939, -27.576124884509799 ], [ -60.719043167019741, -27.577198553127026 ], [ -60.720258316028399, -27.577187744745817 ], [ -60.72023105015424, -27.576114050379552 ] ] ] } },
{ "type": "Feature", "properties": { "ArcIds": [ 1486, 1590, -1591, 1588 ], "AREA": 14524.125, "PERIMETER": 482.093, "CODLOC": "030", "NOMMUNI": "VILLA ANGELA", "NOMLOC": "VILLA ANGELA", "FRAC": "09", "RADIO": "04", "MZA": "012", "MZATXT": 12, "UGEO": "", "MZAM": "0012", "TMZA": 18, "DEPTO10": "098", "FRAC10": "07", "RADIO10": "04", "MZA10": "012", "CEN2010": "0980704012", "LINK2010": "220980704012", "DF": "09809", "TFRAC": 3754, "DFR": "0980904", "TRADIO": 307, "DFRM": "0980904012", "FRACN": 9, "RADION": 4 }, "geometry": { "type": "Polygon", "coordinates": [ [ [ -60.719010849770939, -27.576124884509799 ], [ -60.717795682721949, -27.576131169991569 ], [ -60.717823130479452, -27.577236447634785 ], [ -60.719043167019741, -27.577198553127026 ], [ -60.719010849770939, -27.576124884509799 ] ] ] } },
{ "type": "Feature", "properties": { "ArcIds": [ 1488, -1592, -1593, -1590 ], "AREA": 14458.0, "PERIMETER": 481.057, "CODLOC": "030", "NOMMUNI": "VILLA ANGELA", "NOMLOC": "VILLA ANGELA", "FRAC": "08", "RADIO": "14", "MZA": "010", "MZATXT": 10, "UGEO": "", "MZAM": "0010", "TMZA": 1, "DEPTO10": "098", "FRAC10": "01", "RADIO10": "14", "MZA10": "010", "CEN2010": "0980114010", "LINK2010": "220980114010", "DF": "09808", "TFRAC": 4286, "DFR": "0980814", "TRADIO": 228, "DFRM": "0980814010", "FRACN": 8, "RADION": 14 }, "geometry": { "type": "Polygon", "coordinates": [ [ [ -60.717795682721949, -27.576131169991569 ], [ -60.716611041055963, -27.576159846932118 ], [ -60.716608038821114, -27.577256258253634 ], [ -60.717823130479452, -27.577236447634785 ], [ -60.717795682721949, -27.576131169991569 ] ] ] } },
{ "type": "Feature", "properties": { "ArcIds": [ 1490, -1594, -1595, 1592 ], "AREA": 14375.75, "PERIMETER": 479.724, "CODLOC": "030", "NOMMUNI": "VILLA ANGELA", "NOMLOC": "VILLA ANGELA", "FRAC": "08", "RADIO": "14", "MZA": "009", "MZATXT": 9, "UGEO": "", "MZAM": "0009", "TMZA": 15, "DEPTO10": "098", "FRAC10": "01", "RADIO10": "14", "MZA10": "009", "CEN2010": "0980114009", "LINK2010": "220980114009", "DF": "09808", "TFRAC": 4286, "DFR": "0980814", "TRADIO": 228, "DFRM": "0980814009", "FRACN": 8, "RADION": 14 }, "geometry": { "type": "Polygon", "coordinates": [ [ [ -60.716611041055963, -27.576159846932118 ], [ -60.715380946780229, -27.576206795570201 ], [ -60.715433569569697, -27.577293896663218 ], [ -60.716608038821114, -27.577256258253634 ], [ -60.716611041055963, -27.576159846932118 ] ] ] } },
{ "type": "Feature", "properties": { "ArcIds": [ 1492, -1596, 1597, 1594 ], "AREA": 14768.0, "PERIMETER": 486.155, "CODLOC": "030", "NOMMUNI": "VILLA ANGELA", "NOMLOC": "VILLA ANGELA", "FRAC": "08", "RADIO": "14", "MZA": "008", "MZATXT": 8, "UGEO": "", "MZAM": "0008", "TMZA": 10, "DEPTO10": "098", "FRAC10": "01", "RADIO10": "14", "MZA10": "008", "CEN2010": "0980114008", "LINK2010": "220980114008", "DF": "09808", "TFRAC": 4286, "DFR": "0980814", "TRADIO": 228, "DFRM": "0980814008", "FRACN": 8, "RADION": 14 }, "geometry": { "type": "Polygon", "coordinates": [ [ [ -60.715380946780229, -27.576206795570201 ], [ -60.714150646681155, -27.576222150953196 ], [ -60.714193189293375, -27.577318328349769 ], [ -60.715433569569697, -27.577293896663218 ], [ -60.715380946780229, -27.576206795570201 ] ] ] } },
{ "type": "Feature", "properties": { "ArcIds": [ 1494, -1604, 1605, 1596 ], "AREA": 14484.25, "PERIMETER": 481.739, "CODLOC": "030", "NOMMUNI": "VILLA ANGELA", "NOMLOC": "VILLA ANGELA", "FRAC": "08", "RADIO": "14", "MZA": "007", "MZATXT": 7, "UGEO": "", "MZAM": "0007", "TMZA": 28, "DEPTO10": "098", "FRAC10": "01", "RADIO10": "14", "MZA10": "007", "CEN2010": "0980114007", "LINK2010": "220980114007", "DF": "09808", "TFRAC": 4286, "DFR": "0980814", "TRADIO": 228, "DFRM": "0980814007", "FRACN": 8, "RADION": 14 }, "geometry": { "type": "Polygon", "coordinates": [ [ [ -60.714150646681155, -27.576222150953196 ], [ -60.712991318386322, -27.576250666878078 ], [ -60.712968202163914, -27.577374253373829 ], [ -60.714193189293375, -27.577318328349769 ], [ -60.714150646681155, -27.576222150953196 ] ] ] } },
{ "type": "Feature", "properties": { "ArcIds": [ 1498, -1599, 1603, 1604 ], "AREA": 14671.625, "PERIMETER": 484.706, "CODLOC": "030", "NOMMUNI": "VILLA ANGELA", "NOMLOC": "VILLA ANGELA", "FRAC": "08", "RADIO": "14", "MZA": "006", "MZATXT": 6, "UGEO": "", "MZAM": "0006", "TMZA": 17, "DEPTO10": "098", "FRAC10": "01", "RADIO10": "14", "MZA10": "006", "CEN2010": "0980114006", "LINK2010": "220980114006", "DF": "09808", "TFRAC": 4286, "DFR": "0980814", "TRADIO": 228, "DFRM": "0980814006", "FRACN": 8, "RADION": 14 }, "geometry": { "type": "Polygon", "coordinates": [ [ [ -60.712991318386322, -27.576250666878078 ], [ -60.711730870643407, -27.576302250955319 ], [ -60.711773156302954, -27.577362335374357 ], [ -60.712968202163914, -27.577374253373829 ], [ -60.712991318386322, -27.576250666878078 ] ] ] } },
{ "type": "Feature", "properties": { "ArcIds": [ 1496, 1601, -1602, 1599 ], "AREA": 14215.5, "PERIMETER": 477.195, "CODLOC": "030", "NOMMUNI": "VILLA ANGELA", "NOMLOC": "VILLA ANGELA", "FRAC": "08", "RADIO": "15", "MZA": "010", "MZATXT": 10, "UGEO": "", "MZAM": "0010", "TMZA": 0, "DEPTO10": "098", "FRAC10": "01", "RADIO10": "13", "MZA10": "010", "CEN2010": "0980113010", "LINK2010": "220980113010", "DF": "09808", "TFRAC": 4286, "DFR": "0980815", "TRADIO": 172, "DFRM": "0980815010", "FRACN": 8, "RADION": 15 }, "geometry": { "type": "Polygon", "coordinates": [ [ [ -60.711730870643407, -27.576302250955319 ], [ -60.710505457010022, -27.576290477498624 ], [ -60.710568100219831, -27.577368505981632 ], [ -60.711773156302954, -27.577362335374357 ], [ -60.711730870643407, -27.576302250955319 ] ] ] } },
{ "type": "Feature", "properties": { "ArcIds": [ 1502, -1598, -1600, -1601 ], "AREA": 14840.875, "PERIMETER": 487.673, "CODLOC": "030", "NOMMUNI": "VILLA ANGELA", "NOMLOC": "VILLA ANGELA", "FRAC": "08", "RADIO": "15", "MZA": "009", "MZATXT": 9, "UGEO": "", "MZAM": "0009", "TMZA": 19, "DEPTO10": "098", "FRAC10": "01", "RADIO10": "13", "MZA10": "009", "CEN2010": "0980113009", "LINK2010": "220980113009", "DF": "09808", "TFRAC": 4286, "DFR": "0980815", "TRADIO": 172, "DFRM": "0980815009", "FRACN": 8, "RADION": 15 }, "geometry": { "type": "Polygon", "coordinates": [ [ [ -60.710505457010022, -27.576290477498624 ], [ -60.709249954265076, -27.576323966095764 ], [ -60.709271875995427, -27.577370619830976 ], [ -60.710568100219831, -27.577368505981632 ], [ -60.710505457010022, -27.576290477498624 ] ] ] } },
{ "type": "Feature", "properties": { "ArcIds": [ 1500, 1606, -1607, 1598 ], "AREA": 13306.75, "PERIMETER": 461.707, "CODLOC": "030", "NOMMUNI": "VILLA ANGELA", "NOMLOC": "VILLA ANGELA", "FRAC": "08", "RADIO": "15", "MZA": "008", "MZATXT": 8, "UGEO": "", "MZAM": "0008", "TMZA": 16, "DEPTO10": "098", "FRAC10": "01", "RADIO10": "13", "MZA10": "008", "CEN2010": "0980113008", "LINK2010": "220980113008", "DF": "09808", "TFRAC": 4286, "DFR": "0980815", "TRADIO": 172, "DFRM": "0980815008", "FRACN": 8, "RADION": 15 }, "geometry": { "type": "Polygon", "coordinates": [ [ [ -60.709249954265076, -27.576323966095764 ], [ -60.708100575282415, -27.576325318880269 ], [ -60.708153184394227, -27.577421447613169 ], [ -60.709271875995427, -27.577370619830976 ], [ -60.709249954265076, -27.576323966095764 ] ] ] } },
{ "type": "Feature", "properties": { "ArcIds": [ 1504, -1610, -1611, -1606 ], "AREA": 14830.5, "PERIMETER": 487.144, "CODLOC": "030", "NOMMUNI": "VILLA ANGELA", "NOMLOC": "VILLA ANGELA", "FRAC": "08", "RADIO": "15", "MZA": "007", "MZATXT": 7, "UGEO": "", "MZAM": "0007", "TMZA": 21, "DEPTO10": "098", "FRAC10": "01", "RADIO10": "13", "MZA10": "007", "CEN2010": "0980113007", "LINK2010": "220980113007", "DF": "09808", "TFRAC": 4286, "DFR": "0980815", "TRADIO": 172, "DFRM": "0980815007", "FRACN": 8, "RADION": 15 }, "geometry": { "type": "Polygon", "coordinates": [ [ [ -60.708100575282415, -27.576325318880269 ], [ -60.706880484512475, -27.576354093598852 ], [ -60.706902701911133, -27.577450377648592 ], [ -60.708153184394227, -27.577421447613169 ], [ -60.708100575282415, -27.576325318880269 ] ] ] } },
{ "type": "Feature", "properties": { "ArcIds": [ 1506, -1608, -1609, 1610 ], "AREA": 14549.875, "PERIMETER": 482.551, "CODLOC": "030", "NOMMUNI": "VILLA ANGELA", "NOMLOC": "VILLA ANGELA", "FRAC": "08", "RADIO": "15", "MZA": "006", "MZATXT": 6, "UGEO": "", "MZAM": "0006", "TMZA": 25, "DEPTO10": "098", "FRAC10": "01", "RADIO10": "13", "MZA10": "006", "CEN2010": "0980113006", "LINK2010": "220980113006", "DF": "09808", "TFRAC": 4286, "DFR": "0980815", "TRADIO": 172, "DFRM": "0980815006", "FRACN": 8, "RADION": 15 }, "geometry": { "type": "Polygon", "coordinates": [ [ [ -60.706880484512475, -27.576354093598852 ], [ -60.705655358500337, -27.57638739511216 ], [ -60.705662142954687, -27.577447662552355 ], [ -60.706902701911133, -27.577450377648592 ], [ -60.706880484512475, -27.576354093598852 ] ] ] } },
{ "type": "Feature", "properties": { "ArcIds": [ 1510, 1614, -1615, 1608 ], "AREA": 17799.0, "PERIMETER": 536.735, "CODLOC": "030", "NOMMUNI": "VILLA ANGELA", "NOMLOC": "VILLA ANGELA", "FRAC": "07", "RADIO": "01", "MZA": "005", "MZATXT": 5, "UGEO": "", "MZAM": "0020", "TMZA": 30, "DEPTO10": "098", "FRAC10": "07", "RADIO10": "07", "MZA10": "020", "CEN2010": "0980707020", "LINK2010": "220980707020", "DF": "09807", "TFRAC": 4624, "DFR": "0980701", "TRADIO": 301, "DFRM": "0980701005", "FRACN": 7, "RADION": 1 }, "geometry": { "type": "Polygon", "coordinates": [ [ [ -60.705655358500337, -27.57638739511216 ], [ -60.704131414794048, -27.576408665319139 ], [ -60.704184042166823, -27.577513819835268 ], [ -60.705662142954687, -27.577447662552355 ], [ -60.705655358500337, -27.57638739511216 ] ] ] } },
{ "type": "Feature", "properties": { "ArcIds": [ 1508, 1612, -1613, -1614 ], "AREA": 12120.75, "PERIMETER": 443.188, "CODLOC": "030", "NOMMUNI": "VILLA ANGELA", "NOMLOC": "VILLA ANGELA", "FRAC": "07", "RADIO": "01", "MZA": "006", "MZATXT": 6, "UGEO": "", "MZAM": "0021", "TMZA": 30, "DEPTO10": "098", "FRAC10": "07", "RADIO10": "07", "MZA10": "021", "CEN2010": "0980707021", "LINK2010": "220980707021", "DF": "09807", "TFRAC": 4624, "DFR": "0980701", "TRADIO": 301, "DFRM": "0980701006", "FRACN": 7, "RADION": 1 }, "geometry": { "type": "Polygon", "coordinates": [ [ [ -60.704131414794048, -27.576408665319139 ], [ -60.703128809885619, -27.576400208923289 ], [ -60.703181427213046, -27.577505364008331 ], [ -60.704184042166823, -27.577513819835268 ], [ -60.704131414794048, -27.576408665319139 ] ] ] } },
{ "type": "Feature", "properties": { "ArcIds": [ 1513, -1616, -1617, -1612 ], "AREA": 14800.5, "PERIMETER": 486.693, "CODLOC": "030", "NOMMUNI": "VILLA ANGELA", "NOMLOC": "VILLA ANGELA", "FRAC": "07", "RADIO": "01", "MZA": "007", "MZATXT": 7, "UGEO": "", "MZAM": "0022", "TMZA": 28, "DEPTO10": "098", "FRAC10": "07", "RADIO10": "07", "MZA10": "022", "CEN2010": "0980707022", "LINK2010": "220980707022", "DF": "09807", "TFRAC": 4624, "DFR": "0980701", "TRADIO": 301, "DFRM": "0980701007", "FRACN": 7, "RADION": 1 }, "geometry": { "type": "Polygon", "coordinates": [ [ [ -60.703128809885619, -27.576400208923289 ], [ -60.701918957284207, -27.576446935946407 ], [ -60.701925878142347, -27.577534274907869 ], [ -60.703181427213046, -27.577505364008331 ], [ -60.703128809885619, -27.576400208923289 ] ] ] } },
{ "type": "Feature", "properties": { "ArcIds": [ 1514, 1621, -1622, -1618 ], "AREA": 14700.5, "PERIMETER": 485.102, "CODLOC": "030", "NOMMUNI": "VILLA ANGELA", "NOMLOC": "VILLA ANGELA", "FRAC": "07", "RADIO": "01", "MZA": "009", "MZATXT": 9, "UGEO": "", "MZAM": "0024", "TMZA": 20, "DEPTO10": "098", "FRAC10": "07", "RADIO10": "07", "MZA10": "024", "CEN2010": "0980707024", "LINK2010": "220980707024", "DF": "09807", "TFRAC": 4624, "DFR": "0980701", "TRADIO": 301, "DFRM": "0980701009", "FRACN": 7, "RADION": 1 }, "geometry": { "type": "Polygon", "coordinates": [ [ [ -60.700703782177598, -27.576453071960305 ], [ -60.699483514838086, -27.57645471106153 ], [ -60.699510951006204, -27.577587066401659 ], [ -60.700710691056607, -27.577540411204261 ], [ -60.700703782177598, -27.576453071960305 ] ] ] } },
{ "type": "Feature", "properties": { "ArcIds": [ 1518, -1623, -1624, -1621 ], "AREA": 14971.75, "PERIMETER": 489.546, "CODLOC": "030", "NOMMUNI": "VILLA ANGELA", "NOMLOC": "VILLA ANGELA", "FRAC": "07", "RADIO": "01", "MZA": "010", "MZATXT": 10, "UGEO": "", "MZAM": "0025", "TMZA": 30, "DEPTO10": "098", "FRAC10": "07", "RADIO10": "07", "MZA10": "025", "CEN2010": "0980707025", "LINK2010": "220980707025", "DF": "09807", "TFRAC": 4624, "DFR": "0980701", "TRADIO": 301, "DFRM": "0980701010", "FRACN": 7, "RADION": 1 }, "geometry": { "type": "Polygon", "coordinates": [ [ [ -60.699483514838086, -27.57645471106153 ], [ -60.698278608316677, -27.576483333776448 ], [ -60.698285693278073, -27.577602256061265 ], [ -60.699510951006204, -27.577587066401659 ], [ -60.699483514838086, -27.57645471106153 ] ] ] } },
{ "type": "Feature", "properties": { "ArcIds": [ 1516, 1618, -1619, 1616 ], "AREA": 14460.0, "PERIMETER": 481.0, "CODLOC": "030", "NOMMUNI": "VILLA ANGELA", "NOMLOC": "VILLA ANGELA", "FRAC": "07", "RADIO": "01", "MZA": "008", "MZATXT": 8, "UGEO": "", "MZAM": "0023", "TMZA": 29, "DEPTO10": "098", "FRAC10": "07", "RADIO10": "07", "MZA10": "023", "CEN2010": "0980707023", "LINK2010": "220980707023", "DF": "09807", "TFRAC": 4624, "DFR": "0980701", "TRADIO": 301, "DFRM": "0980701008", "FRACN": 7, "RADION": 1 }, "geometry": { "type": "Polygon", "coordinates": [ [ [ -60.701918957284207, -27.576446935946407 ], [ -60.700703782177598, -27.576453071960305 ], [ -60.700710691056607, -27.577540411204261 ], [ -60.701925878142347, -27.577534274907869 ], [ -60.701918957284207, -27.576446935946407 ] ] ] } },
{ "type": "Feature", "properties": { "ArcIds": [ 1522, -1625, -1626, 1623 ], "AREA": 14550.25, "PERIMETER": 482.605, "CODLOC": "030", "NOMMUNI": "VILLA ANGELA", "NOMLOC": "VILLA ANGELA", "FRAC": "07", "RADIO": "01", "MZA": "011", "MZATXT": 11, "UGEO": "", "MZAM": "0026", "TMZA": 30, "DEPTO10": "098", "FRAC10": "07", "RADIO10": "07", "MZA10": "026", "CEN2010": "0980707026", "LINK2010": "220980707026", "DF": "09807", "TFRAC": 4624, "DFR": "0980701", "TRADIO": 301, "DFRM": "0980701011", "FRACN": 7, "RADION": 1 }, "geometry": { "type": "Polygon", "coordinates": [ [ [ -60.698278608316677, -27.576483333776448 ], [ -60.69706371704163, -27.576534555797853 ], [ -60.697075567784303, -27.577608335109431 ], [ -60.698285693278073, -27.577602256061265 ], [ -60.698278608316677, -27.576483333776448 ] ] ] } },
{ "type": "Feature", "properties": { "ArcIds": [ 1520, 1631, -1632, 1625 ], "AREA": 14400.875, "PERIMETER": 480.035, "CODLOC": "030", "NOMMUNI": "VILLA ANGELA", "NOMLOC": "VILLA ANGELA", "FRAC": "07", "RADIO": "01", "MZA": "012", "MZATXT": 12, "UGEO": "", "MZAM": "0027", "TMZA": 23, "DEPTO10": "098", "FRAC10": "07", "RADIO10": "07", "MZA10": "027", "CEN2010": "0980707027", "LINK2010": "220980707027", "DF": "09807", "TFRAC": 4624, "DFR": "0980701", "TRADIO": 301, "DFRM": "0980701012", "FRACN": 7, "RADION": 1 }, "geometry": { "type": "Polygon", "coordinates": [ [ [ -60.69706371704163, -27.576534555797853 ], [ -60.695843448000801, -27.576536162932889 ], [ -60.695870619082321, -27.577632425387357 ], [ -60.697075567784303, -27.577608335109431 ], [ -60.69706371704163, -27.576534555797853 ] ] ] } },
{ "type": "Feature", "properties": { "ArcIds": [ 1524, -1629, -1630, -1631 ], "AREA": 14340.5, "PERIMETER": 479.048, "CODLOC": "030", "NOMMUNI": "VILLA ANGELA", "NOMLOC": "VILLA ANGELA", "FRAC": "07", "RADIO": "02", "MZA": "011", "MZATXT": 11, "UGEO": "", "MZAM": "0028", "TMZA": 24, "DEPTO10": "098", "FRAC10": "07", "RADIO10": "07", "MZA10": "028", "CEN2010": "0980707028", "LINK2010": "220980707028", "DF": "09807", "TFRAC": 4624, "DFR": "0980702", "TRADIO": 301, "DFRM": "0980702011", "FRACN": 7, "RADION": 2 }, "geometry": { "type": "Polygon", "coordinates": [ [ [ -60.695843448000801, -27.576536162932889 ], [ -60.69464866539434, -27.576564703452608 ], [ -60.694645274340502, -27.57763404758801 ], [ -60.695870619082321, -27.577632425387357 ], [ -60.695843448000801, -27.576536162932889 ] ] ] } },
{ "type": "Feature", "properties": { "ArcIds": [ 1528, -1633, -1634, 1629 ], "AREA": 14455.75, "PERIMETER": 481.042, "CODLOC": "030", "NOMMUNI": "VILLA ANGELA", "NOMLOC": "VILLA ANGELA", "FRAC": "07", "RADIO": "02", "MZA": "012", "MZATXT": 12, "UGEO": "", "MZAM": "0029", "TMZA": 24, "DEPTO10": "098", "FRAC10": "07", "RADIO10": "07", "MZA10": "029", "CEN2010": "0980707029", "LINK2010": "220980707029", "DF": "09807", "TFRAC": 4624, "DFR": "0980702", "TRADIO": 301, "DFRM": "0980702012", "FRACN": 7, "RADION": 2 }, "geometry": { "type": "Polygon", "coordinates": [ [ [ -60.69464866539434, -27.576564703452608 ], [ -60.693393094626742, -27.576589025267957 ], [ -60.693420014422408, -27.57764919434068 ], [ -60.694645274340502, -27.57763404758801 ], [ -60.69464866539434, -27.576564703452608 ] ] ] } },
{ "type": "Feature", "properties": { "ArcIds": [ 1526, 1620, -1736, -1737, -1734, -1732, 1633, 0, -1733 ], "AREA": 26633.25, "PERIMETER": 696.786, "CODLOC": "030", "NOMMUNI": "VILLA ANGELA", "NOMLOC": "VILLA ANGELA", "FRAC": "07", "RADIO": "02", "MZA": "013", "MZATXT": 13, "UGEO": "", "MZAM": "0030", "TMZA": 44, "DEPTO10": "098", "FRAC10": "07", "RADIO10": "07", "MZA10": "030", "CEN2010": "0980707030", "LINK2010": "220980707030", "DF": "09807", "TFRAC": 4624, "DFR": "0980702", "TRADIO": 301, "DFRM": "0980702013", "FRACN": 7, "RADION": 2 }, "geometry": { "type": "Polygon", "coordinates": [ [ [ -60.693393094626742, -27.576589025267957 ], [ -60.692187957282492, -27.576581500881581 ], [ -60.692270391789769, -27.577614322060725 ], [ -60.692292294583922, -27.578683540205521 ], [ -60.692854325493251, -27.578680737448412 ], [ -60.693436609682983, -27.578677831292563 ], [ -60.693420014422408, -27.57764919434068 ], [ -60.693393094626742, -27.576589025267957 ] ] ] } },
{ "type": "Feature", "properties": { "ArcIds": [ 1530, 1532, -1627, -1628, -1620 ], "AREA": 12797.125, "PERIMETER": 478.123, "CODLOC": "030", "NOMMUNI": "VILLA ANGELA", "NOMLOC": "VILLA ANGELA", "FRAC": "07", "RADIO": "03", "MZA": "011", "MZATXT": 11, "UGEO": "", "MZAM": "0031", "TMZA": 22, "DEPTO10": "098", "FRAC10": "07", "RADIO10": "07", "MZA10": "031", "CEN2010": "0980707031", "LINK2010": "220980707031", "DF": "09807", "TFRAC": 4624, "DFR": "0980703", "TRADIO": 298, "DFRM": "0980703011", "FRACN": 7, "RADION": 3 }, "geometry": { "type": "Polygon", "coordinates": [ [ [ -60.692187957282492, -27.576581500881581 ], [ -60.690993144241347, -27.576605498188208 ], [ -60.690684286108727, -27.576607034478513 ], [ -60.691521137549827, -27.577636102439776 ], [ -60.692270391789769, -27.577614322060725 ], [ -60.692187957282492, -27.576581500881581 ] ] ] } },
{ "type": "Feature", "properties": { "ArcIds": [ 1533, -1635, -1745, -1747, -1749, -1751, -1753, -1855, -1856, -1851, -1735, 1627 ], "AREA": 109604.25, "PERIMETER": 1734.299, "CODLOC": "030", "NOMMUNI": "VILLA ANGELA", "NOMLOC": "VILLA ANGELA", "FRAC": "07", "RADIO": "03", "MZA": "013", "MZATXT": 13, "UGEO": "", "MZAM": "0040", "TMZA": 22, "DEPTO10": "098", "FRAC10": "07", "RADIO10": "07", "MZA10": "040", "CEN2010": "0980707040", "LINK2010": "220980707040", "DF": "09807", "TFRAC": 4624, "DFR": "0980703", "TRADIO": 298, "DFRM": "0980703013", "FRACN": 7, "RADION": 3 }, "geometry": { "type": "Polygon", "coordinates": [ [ [ -60.690684286108727, -27.576607034478513 ], [ -60.68996032622038, -27.57662416862901 ], [ -60.689967213911501, -27.57772504570373 ], [ -60.689958544951011, -27.578767344794603 ], [ -60.68913831064684, -27.578775929242891 ], [ -60.688480103324949, -27.578783705713747 ], [ -60.687887691263796, -27.57878664125861 ], [ -60.687351004109019, -27.578793810423324 ], [ -60.687373394100533, -27.579948754079126 ], [ -60.687373900362076, -27.580029966333722 ], [ -60.693267306823472, -27.57993750453749 ], [ -60.692292294583922, -27.578683540205521 ], [ -60.691521137549827, -27.577636102439776 ], [ -60.690684286108727, -27.576607034478513 ] ] ] } },
{ "type": "Feature", "properties": { "ArcIds": [ 1534, -1636, -1637, 1635 ], "AREA": 10187.0, "PERIMETER": 411.012, "CODLOC": "030", "NOMMUNI": "VILLA ANGELA", "NOMLOC": "VILLA ANGELA", "FRAC": "07", "RADIO": "03", "MZA": "010", "MZATXT": 10, "UGEO": "", "MZAM": "0035", "TMZA": 24, "DEPTO10": "098", "FRAC10": "07", "RADIO10": "07", "MZA10": "035", "CEN2010": "0980707035", "LINK2010": "220980707035", "DF": "09807", "TFRAC": 4624, "DFR": "0980703", "TRADIO": 298, "DFRM": "0980703010", "FRACN": 7, "RADION": 3 }, "geometry": { "type": "Polygon", "coordinates": [ [ [ -60.68996032622038, -27.57662416862901 ], [ -60.689114819791847, -27.576637390204922 ], [ -60.689121699046773, -27.57773826747389 ], [ -60.689967213911501, -27.57772504570373 ], [ -60.68996032622038, -27.57662416862901 ] ] ] } },
{ "type": "Feature", "properties": { "ArcIds": [ 1536, -1638, -1639, 1636 ], "AREA": 7853.0, "PERIMETER": 372.506, "CODLOC": "030", "NOMMUNI": "VILLA ANGELA", "NOMLOC": "VILLA ANGELA", "FRAC": "07", "RADIO": "03", "MZA": "009", "MZATXT": 9, "UGEO": "", "MZAM": "0036", "TMZA": 24, "DEPTO10": "098", "FRAC10": "07", "RADIO10": "07", "MZA10": "036", "CEN2010": "0980707036", "LINK2010": "220980707036", "DF": "09807", "TFRAC": 4624, "DFR": "0980703", "TRADIO": 298, "DFRM": "0980703009", "FRACN": 7, "RADION": 3 }, "geometry": { "type": "Polygon", "coordinates": [ [ [ -60.689114819791847, -27.576637390204922 ], [ -60.688456625227325, -27.576645166333606 ], [ -60.688473596352154, -27.577741481762395 ], [ -60.689121699046773, -27.57773826747389 ], [ -60.689114819791847, -27.576637390204922 ] ] ] } },
{ "type": "Feature", "properties": { "ArcIds": [ 1537, -1642, -1643, -1640 ], "AREA": 6862.375, "PERIMETER": 356.535, "CODLOC": "030", "NOMMUNI": "VILLA ANGELA", "NOMLOC": "VILLA ANGELA", "FRAC": "07", "RADIO": "03", "MZA": "007", "MZATXT": 7, "UGEO": "", "MZAM": "0042", "TMZA": 4, "DEPTO10": "098", "FRAC10": "07", "RADIO10": "07", "MZA10": "042", "CEN2010": "0980707042", "LINK2010": "220980707042", "DF": "09807", "TFRAC": 4624, "DFR": "0980703", "TRADIO": 298, "DFRM": "0980703007", "FRACN": 7, "RADION": 3 }, "geometry": { "type": "Polygon", "coordinates": [ [ [ -60.687884533948754, -27.576657024848451 ], [ -60.687302175389867, -27.576646372150904 ], [ -60.687324282707642, -27.577756198252455 ], [ -60.687881218032679, -27.577748928970621 ], [ -60.687884533948754, -27.576657024848451 ] ] ] } },
{ "type": "Feature", "properties": { "ArcIds": [ 1538, 1640, -1641, 1638 ], "AREA": 6971.875, "PERIMETER": 357.519, "CODLOC": "030", "NOMMUNI": "VILLA ANGELA", "NOMLOC": "VILLA ANGELA", "FRAC": "07", "RADIO": "03", "MZA": "008", "MZATXT": 8, "UGEO": "", "MZAM": "0041", "TMZA": 5, "DEPTO10": "098", "FRAC10": "07", "RADIO10": "07", "MZA10": "041", "CEN2010": "0980707041", "LINK2010": "220980707041", "DF": "09807", "TFRAC": 4624, "DFR": "0980703", "TRADIO": 298, "DFRM": "0980703008", "FRACN": 7, "RADION": 3 }, "geometry": { "type": "Polygon", "coordinates": [ [ [ -60.688456625227325, -27.576645166333606 ], [ -60.687884533948754, -27.576657024848451 ], [ -60.687881218032679, -27.577748928970621 ], [ -60.688473596352154, -27.577741481762395 ], [ -60.688456625227325, -27.576645166333606 ] ] ] } },
{ "type": "Feature", "properties": { "ArcIds": [ -1654, 1655, 1648, -1541 ], "AREA": 18126.875, "PERIMETER": 541.51, "CODLOC": "030", "NOMMUNI": "VILLA ANGELA", "NOMLOC": "VILLA ANGELA", "FRAC": "09", "RADIO": "06", "MZA": "009", "MZATXT": 9, "UGEO": "", "MZAM": "", "TMZA": 0, "DEPTO10": "098", "FRAC10": "07", "RADIO10": "01", "MZA10": "040", "CEN2010": "0980701040", "LINK2010": "220980701040", "DF": "09809", "TFRAC": 3754, "DFR": "0980906", "TRADIO": 390, "DFRM": "0980906009", "FRACN": 9, "RADION": 6 }, "geometry": { "type": "Polygon", "coordinates": [ [ [ -60.744305152359409, -27.578044549975477 ], [ -60.744302785364773, -27.576943658939665 ], [ -60.745811619885288, -27.576935564704996 ], [ -60.745824036902334, -27.578022865831095 ], [ -60.744305152359409, -27.578044549975477 ] ] ] } },
{ "type": "Feature", "properties": { "ArcIds": [ -1644, -1647, 1653, 1654, -1543 ], "AREA": 11494.25, "PERIMETER": 432.531, "CODLOC": "030", "NOMMUNI": "VILLA ANGELA", "NOMLOC": "VILLA ANGELA", "FRAC": "09", "RADIO": "06", "MZA": "010", "MZATXT": 10, "UGEO": "", "MZAM": "", "TMZA": 18, "DEPTO10": "098", "FRAC10": "07", "RADIO10": "01", "MZA10": "039", "CEN2010": "0980701039", "LINK2010": "220980701039", "DF": "09809", "TFRAC": 3754, "DFR": "0980906", "TRADIO": 390, "DFRM": "0980906010", "FRACN": 9, "RADION": 6 }, "geometry": { "type": "Polygon", "coordinates": [ [ [ -60.743344334658374, -27.577476684538407 ], [ -60.743330650038445, -27.576948865335808 ], [ -60.744302785364773, -27.576943658939665 ], [ -60.744305152359409, -27.578044549975477 ], [ -60.743348075443983, -27.578031628326322 ], [ -60.743344334658374, -27.577476684538407 ] ] ] } },
{ "type": "Feature", "properties": { "ArcIds": [ -1645, 1646, 1644, -1545 ], "AREA": 7093.125, "PERIMETER": 359.528, "CODLOC": "030", "NOMMUNI": "VILLA ANGELA", "NOMLOC": "VILLA ANGELA", "FRAC": "09", "RADIO": "06", "MZA": "011", "MZATXT": 11, "UGEO": "", "MZAM": "", "TMZA": 20, "DEPTO10": "098", "FRAC10": "07", "RADIO10": "01", "MZA10": "038", "CEN2010": "0980701038", "LINK2010": "220980701038", "DF": "09809", "TFRAC": 3754, "DFR": "0980906", "TRADIO": 390, "DFRM": "0980906011", "FRACN": 9, "RADION": 6 }, "geometry": { "type": "Polygon", "coordinates": [ [ [ -60.742119032858916, -27.57748323731121 ], [ -60.742100290892253, -27.576955444927016 ], [ -60.743330650038445, -27.576948865335808 ], [ -60.743344334658374, -27.577476684538407 ], [ -60.742119032858916, -27.57748323731121 ] ] ] } },
{ "type": "Feature", "properties": { "ArcIds": [ -1651, 1652, 1649, 1645, -1547 ], "AREA": 14493.875, "PERIMETER": 481.543, "CODLOC": "030", "NOMMUNI": "VILLA ANGELA", "NOMLOC": "VILLA ANGELA", "FRAC": "09", "RADIO": "06", "MZA": "013", "MZATXT": 13, "UGEO": "", "MZAM": "", "TMZA": 21, "DEPTO10": "098", "FRAC10": "07", "RADIO10": "01", "MZA10": "037", "CEN2010": "0980701037", "LINK2010": "220980701037", "DF": "09809", "TFRAC": 3754, "DFR": "0980906", "TRADIO": 390, "DFRM": "0980906013", "FRACN": 9, "RADION": 6 }, "geometry": { "type": "Polygon", "coordinates": [ [ [ -60.74090258298709, -27.578053719840899 ], [ -60.740895307996887, -27.57697090205447 ], [ -60.742100290892253, -27.576955444927016 ], [ -60.742119032858916, -27.57748323731121 ], [ -60.742137987614242, -27.578042611823793 ], [ -60.74090258298709, -27.578053719840899 ] ] ] } },
{ "type": "Feature", "properties": { "ArcIds": [ -1553, -1664, 1665, 1651, -1549 ], "AREA": 14445.875, "PERIMETER": 480.548, "CODLOC": "030", "NOMMUNI": "VILLA ANGELA", "NOMLOC": "VILLA ANGELA", "FRAC": "09", "RADIO": "01", "MZA": "021", "MZATXT": 21, "UGEO": "", "MZAM": "", "TMZA": 20, "DEPTO10": "098", "FRAC10": "07", "RADIO10": "01", "MZA10": "036", "CEN2010": "0980701036", "LINK2010": "220980701036", "DF": "09809", "TFRAC": 3754, "DFR": "0980901", "TRADIO": 398, "DFRM": "0980901021", "FRACN": 9, "RADION": 1 }, "geometry": { "type": "Polygon", "coordinates": [ [ [ -60.739675195394234, -27.576995453115828 ], [ -60.740135887081472, -27.576983974987801 ], [ -60.740895307996887, -27.57697090205447 ], [ -60.74090258298709, -27.578053719840899 ], [ -60.739692615199075, -27.578082729004976 ], [ -60.739675195394234, -27.576995453115828 ] ] ] } },
{ "type": "Feature", "properties": { "ArcIds": [ -1661, 1662, 1657, -1551 ], "AREA": 15993.125, "PERIMETER": 506.515, "CODLOC": "030", "NOMMUNI": "VILLA ANGELA", "NOMLOC": "VILLA ANGELA", "FRAC": "09", "RADIO": "01", "MZA": "025", "MZATXT": 25, "UGEO": "", "MZAM": "", "TMZA": 0, "DEPTO10": "098", "FRAC10": "07", "RADIO10": "01", "MZA10": "033", "CEN2010": "0980701033", "LINK2010": "220980701033", "DF": "09809", "TFRAC": 3754, "DFR": "0980901", "TRADIO": 398, "DFRM": "0980901025", "FRACN": 9, "RADION": 1 }, "geometry": { "type": "Polygon", "coordinates": [ [ [ -60.735520455047208, -27.578100375679899 ], [ -60.735528362356007, -27.577008452648688 ], [ -60.736865081593017, -27.57700587891944 ], [ -60.736877350139139, -27.578084159077697 ], [ -60.735520455047208, -27.578100375679899 ] ] ] } },
{ "type": "Feature", "properties": { "ArcIds": [ -1666, 1667, 1661, -1562 ], "AREA": 15753.625, "PERIMETER": 502.563, "CODLOC": "030", "NOMMUNI": "VILLA ANGELA", "NOMLOC": "VILLA ANGELA", "FRAC": "09", "RADIO": "07", "MZA": "001", "MZATXT": 1, "UGEO": "", "MZAM": "", "TMZA": 23, "DEPTO10": "098", "FRAC10": "07", "RADIO10": "12", "MZA10": "001", "CEN2010": "0980712001", "LINK2010": "220980712001", "DF": "09809", "TFRAC": 3754, "DFR": "0980907", "TRADIO": 218, "DFRM": "0980907001", "FRACN": 9, "RADION": 7 }, "geometry": { "type": "Polygon", "coordinates": [ [ [ -60.734214191926256, -27.578116311364575 ], [ -60.734181696525042, -27.577038137531581 ], [ -60.735528362356007, -27.577008452648688 ], [ -60.735520455047208, -27.578100375679899 ], [ -60.734214191926256, -27.578116311364575 ] ] ] } },
{ "type": "Feature", "properties": { "ArcIds": [ -1657, 1658, 1656, -1556 ], "AREA": 9063.0, "PERIMETER": 390.504, "CODLOC": "030", "NOMMUNI": "VILLA ANGELA", "NOMLOC": "VILLA ANGELA", "FRAC": "09", "RADIO": "01", "MZA": "024", "MZATXT": 24, "UGEO": "", "MZAM": "", "TMZA": 20, "DEPTO10": "098", "FRAC10": "07", "RADIO10": "01", "MZA10": "048", "CEN2010": "0980701048", "LINK2010": "220980701048", "DF": "09809", "TFRAC": 3754, "DFR": "0980901", "TRADIO": 398, "DFRM": "0980901024", "FRACN": 9, "RADION": 1 }, "geometry": { "type": "Polygon", "coordinates": [ [ [ -60.736877350139139, -27.578084159077697 ], [ -60.736865081593017, -27.57700587891944 ], [ -60.737639783665919, -27.577006278421305 ], [ -60.737641903077893, -27.57808010040462 ], [ -60.736877350139139, -27.578084159077697 ] ] ] } },
{ "type": "Feature", "properties": { "ArcIds": [ -1660, 1663, 1664, -1555 ], "AREA": 14459.75, "PERIMETER": 481.008, "CODLOC": "030", "NOMMUNI": "VILLA ANGELA", "NOMLOC": "VILLA ANGELA", "FRAC": "09", "RADIO": "01", "MZA": "022", "MZATXT": 22, "UGEO": "", "MZAM": "", "TMZA": 1, "DEPTO10": "098", "FRAC10": "07", "RADIO10": "01", "MZA10": "035", "CEN2010": "0980701035", "LINK2010": "220980701035", "DF": "09809", "TFRAC": 3754, "DFR": "0980901", "TRADIO": 398, "DFRM": "0980901022", "FRACN": 9, "RADION": 1 }, "geometry": { "type": "Polygon", "coordinates": [ [ [ -60.738467245224641, -27.57808022620781 ], [ -60.738460024349784, -27.577001919572439 ], [ -60.739675195394234, -27.576995453115828 ], [ -60.739692615199075, -27.578082729004976 ], [ -60.738467245224641, -27.57808022620781 ] ] ] } },
{ "type": "Feature", "properties": { "ArcIds": [ -1656, 1659, 1660, -1557 ], "AREA": 9689.125, "PERIMETER": 401.003, "CODLOC": "030", "NOMMUNI": "VILLA ANGELA", "NOMLOC": "VILLA ANGELA", "FRAC": "09", "RADIO": "01", "MZA": "023", "MZATXT": 23, "UGEO": "", "MZAM": "", "TMZA": 21, "DEPTO10": "098", "FRAC10": "07", "RADIO10": "01", "MZA10": "047", "CEN2010": "0980701047", "LINK2010": "220980701047", "DF": "09809", "TFRAC": 3754, "DFR": "0980901", "TRADIO": 398, "DFRM": "0980901023", "FRACN": 9, "RADION": 1 }, "geometry": { "type": "Polygon", "coordinates": [ [ [ -60.737641903077893, -27.57808010040462 ], [ -60.737639783665919, -27.577006278421305 ], [ -60.738460024349784, -27.577001919572439 ], [ -60.738467245224641, -27.57808022620781 ], [ -60.737641903077893, -27.57808010040462 ] ] ] } },
{ "type": "Feature", "properties": { "ArcIds": [ -1672, 1673, 1668, -1563 ], "AREA": 14519.25, "PERIMETER": 482.115, "CODLOC": "030", "NOMMUNI": "VILLA ANGELA", "NOMLOC": "VILLA ANGELA", "FRAC": "09", "RADIO": "07", "MZA": "003", "MZATXT": 3, "UGEO": "", "MZAM": "", "TMZA": 15, "DEPTO10": "098", "FRAC10": "07", "RADIO10": "12", "MZA10": "003", "CEN2010": "0980712003", "LINK2010": "220980712003", "DF": "09809", "TFRAC": 3754, "DFR": "0980907", "TRADIO": 218, "DFRM": "0980907003", "FRACN": 9, "RADION": 7 }, "geometry": { "type": "Polygon", "coordinates": [ [ [ -60.731809257875398, -27.578147052169939 ], [ -60.731751290211818, -27.577041940206755 ], [ -60.732981713172144, -27.577044475770212 ], [ -60.73299906701687, -27.57813175377898 ], [ -60.731809257875398, -27.578147052169939 ] ] ] } },
{ "type": "Feature", "properties": { "ArcIds": [ -1677, 1678, 1672, -1560 ], "AREA": 14915.375, "PERIMETER": 488.615, "CODLOC": "030", "NOMMUNI": "VILLA ANGELA", "NOMLOC": "VILLA ANGELA", "FRAC": "09", "RADIO": "07", "MZA": "004", "MZATXT": 4, "UGEO": "", "MZAM": "", "TMZA": 16, "DEPTO10": "098", "FRAC10": "07", "RADIO10": "12", "MZA10": "004", "CEN2010": "0980712004", "LINK2010": "220980712004", "DF": "09809", "TFRAC": 3754, "DFR": "0980907", "TRADIO": 218, "DFRM": "0980907004", "FRACN": 9, "RADION": 7 }, "geometry": { "type": "Polygon", "coordinates": [ [ [ -60.730563752121249, -27.578162633365043 ], [ -60.73054117971494, -27.577048310714236 ], [ -60.731751290211818, -27.577041940206755 ], [ -60.731809257875398, -27.578147052169939 ], [ -60.730563752121249, -27.578162633365043 ] ] ] } },
{ "type": "Feature", "properties": { "ArcIds": [ -1675, 1676, 1677, -1567 ], "AREA": 15703.75, "PERIMETER": 501.57, "CODLOC": "030", "NOMMUNI": "VILLA ANGELA", "NOMLOC": "VILLA ANGELA", "FRAC": "09", "RADIO": "07", "MZA": "005", "MZATXT": 5, "UGEO": "", "MZAM": "", "TMZA": 13, "DEPTO10": "098", "FRAC10": "07", "RADIO10": "12", "MZA10": "005", "CEN2010": "0980712005", "LINK2010": "220980712005", "DF": "09809", "TFRAC": 3754, "DFR": "0980907", "TRADIO": 218, "DFRM": "0980907005", "FRACN": 9, "RADION": 7 }, "geometry": { "type": "Polygon", "coordinates": [ [ [ -60.72925230378172, -27.578160502031658 ], [ -60.729230013134618, -27.577086784686912 ], [ -60.73054117971494, -27.577048310714236 ], [ -60.730563752121249, -27.578162633365043 ], [ -60.72925230378172, -27.578160502031658 ] ] ] } },
{ "type": "Feature", "properties": { "ArcIds": [ -1668, 1669, 1666, -1565 ], "AREA": 14310.875, "PERIMETER": 478.534, "CODLOC": "030", "NOMMUNI": "VILLA ANGELA", "NOMLOC": "VILLA ANGELA", "FRAC": "09", "RADIO": "07", "MZA": "002", "MZATXT": 2, "UGEO": "", "MZAM": "", "TMZA": 27, "DEPTO10": "098", "FRAC10": "07", "RADIO10": "12", "MZA10": "002", "CEN2010": "0980712002", "LINK2010": "220980712002", "DF": "09809", "TFRAC": 3754, "DFR": "0980907", "TRADIO": 218, "DFRM": "0980907002", "FRACN": 9, "RADION": 7 }, "geometry": { "type": "Polygon", "coordinates": [ [ [ -60.73299906701687, -27.57813175377898 ], [ -60.732981713172144, -27.577044475770212 ], [ -60.734181696525042, -27.577038137531581 ], [ -60.734214191926256, -27.578116311364575 ], [ -60.73299906701687, -27.57813175377898 ] ] ] } },
{ "type": "Feature", "properties": { "ArcIds": [ -1671, 1674, 1675, -1569 ], "AREA": 15461.5, "PERIMETER": 498.018, "CODLOC": "030", "NOMMUNI": "VILLA ANGELA", "NOMLOC": "VILLA ANGELA", "FRAC": "09", "RADIO": "08", "MZA": "001", "MZATXT": 1, "UGEO": "", "MZAM": "", "TMZA": 11, "DEPTO10": "098", "FRAC10": "07", "RADIO10": "11", "MZA10": "001", "CEN2010": "0980711001", "LINK2010": "220980711001", "DF": "09809", "TFRAC": 3754, "DFR": "0980908", "TRADIO": 117, "DFRM": "0980908001", "FRACN": 9, "RADION": 8 }, "geometry": { "type": "Polygon", "coordinates": [ [ [ -60.727925695138055, -27.578162949682024 ], [ -60.727908569973287, -27.577102740600989 ], [ -60.729230013134618, -27.577086784686912 ], [ -60.72925230378172, -27.578160502031658 ], [ -60.727925695138055, -27.578162949682024 ] ] ] } },
{ "type": "Feature", "properties": { "ArcIds": [ -1670, 1671, -1572 ], "AREA": 6933.0, "PERIMETER": 402.042, "CODLOC": "030", "NOMMUNI": "VILLA ANGELA", "NOMLOC": "VILLA ANGELA", "FRAC": "09", "RADIO": "08", "MZA": "002", "MZATXT": 2, "UGEO": "", "MZAM": "", "TMZA": 6, "DEPTO10": "098", "FRAC10": "07", "RADIO10": "11", "MZA10": "002", "CEN2010": "0980711002", "LINK2010": "220980711002", "DF": "09809", "TFRAC": 3754, "DFR": "0980908", "TRADIO": 117, "DFRM": "0980908002", "FRACN": 9, "RADION": 8 }, "geometry": { "type": "Polygon", "coordinates": [ [ [ -60.727925695138055, -27.578162949682024 ], [ -60.726713706930752, -27.577118021672977 ], [ -60.727908569973287, -27.577102740600989 ], [ -60.727925695138055, -27.578162949682024 ] ] ] } },
{ "type": "Feature", "properties": { "ArcIds": [ 1670, -1683, 1684 ], "AREA": 7375.5, "PERIMETER": 409.674, "CODLOC": "030", "NOMMUNI": "VILLA ANGELA", "NOMLOC": "VILLA ANGELA", "FRAC": "09", "RADIO": "08", "MZA": "003", "MZATXT": 3, "UGEO": "", "MZAM": "", "TMZA": 1, "DEPTO10": "098", "FRAC10": "07", "RADIO10": "11", "MZA10": "006", "CEN2010": "0980711006", "LINK2010": "220980711006", "DF": "09809", "TFRAC": 3754, "DFR": "0980908", "TRADIO": 117, "DFRM": "0980908003", "FRACN": 9, "RADION": 8 }, "geometry": { "type": "Polygon", "coordinates": [ [ [ -60.727925695138055, -27.578162949682024 ], [ -60.726713706930752, -27.577118021672977 ], [ -60.726700708523467, -27.578218995879002 ], [ -60.727925695138055, -27.578162949682024 ] ] ] } },
{ "type": "Feature", "properties": { "ArcIds": [ -1687, 1688, 1683, -1578 ], "AREA": 14336.5, "PERIMETER": 479.031, "CODLOC": "030", "NOMMUNI": "VILLA ANGELA", "NOMLOC": "VILLA ANGELA", "FRAC": "09", "RADIO": "08", "MZA": "004", "MZATXT": 4, "UGEO": "", "MZAM": "", "TMZA": 14, "DEPTO10": "098", "FRAC10": "07", "RADIO10": "11", "MZA10": "003", "CEN2010": "0980711003", "LINK2010": "220980711003", "DF": "09809", "TFRAC": 3754, "DFR": "0980908", "TRADIO": 117, "DFRM": "0980908004", "FRACN": 9, "RADION": 8 }, "geometry": { "type": "Polygon", "coordinates": [ [ [ -60.725520993139327, -27.578229675684906 ], [ -60.725503683287002, -27.57713788357594 ], [ -60.726713706930752, -27.577118021672977 ], [ -60.726700708523467, -27.578218995879002 ], [ -60.725520993139327, -27.578229675684906 ] ] ] } },
{ "type": "Feature", "properties": { "ArcIds": [ -1690, 1691, 1687, -1576 ], "AREA": 14671.5, "PERIMETER": 484.534, "CODLOC": "030", "NOMMUNI": "VILLA ANGELA", "NOMLOC": "VILLA ANGELA", "FRAC": "09", "RADIO": "08", "MZA": "005", "MZATXT": 5, "UGEO": "", "MZAM": "", "TMZA": 15, "DEPTO10": "098", "FRAC10": "07", "RADIO10": "11", "MZA10": "004", "CEN2010": "0980711004", "LINK2010": "220980711004", "DF": "09809", "TFRAC": 3754, "DFR": "0980908", "TRADIO": 117, "DFRM": "0980908005", "FRACN": 9, "RADION": 8 }, "geometry": { "type": "Polygon", "coordinates": [ [ [ -60.724280488213289, -27.578236150596918 ], [ -60.724298574024374, -27.577135149749971 ], [ -60.725503683287002, -27.57713788357594 ], [ -60.725520993139327, -27.578229675684906 ], [ -60.724280488213289, -27.578236150596918 ] ] ] } },
{ "type": "Feature", "properties": { "ArcIds": [ -1679, 1689, 1690, -1575 ], "AREA": 15704.5, "PERIMETER": 501.53, "CODLOC": "030", "NOMMUNI": "VILLA ANGELA", "NOMLOC": "VILLA ANGELA", "FRAC": "09", "RADIO": "08", "MZA": "006", "MZATXT": 6, "UGEO": "", "MZAM": "", "TMZA": 20, "DEPTO10": "098", "FRAC10": "07", "RADIO10": "11", "MZA10": "005", "CEN2010": "0980711005", "LINK2010": "220980711005", "DF": "09809", "TFRAC": 3754, "DFR": "0980908", "TRADIO": 117, "DFRM": "0980908006", "FRACN": 9, "RADION": 8 }, "geometry": { "type": "Polygon", "coordinates": [ [ [ -60.722984227544792, -27.578233880866811 ], [ -60.722977069275295, -27.577142035246055 ], [ -60.724298574024374, -27.577135149749971 ], [ -60.724280488213289, -27.578236150596918 ], [ -60.722984227544792, -27.578233880866811 ] ] ] } },
{ "type": "Feature", "properties": { "ArcIds": [ 1581, -1692, -1693, 1679 ], "AREA": 17677.625, "PERIMETER": 534.529, "CODLOC": "030", "NOMMUNI": "VILLA ANGELA", "NOMLOC": "VILLA ANGELA", "FRAC": "09", "RADIO": "04", "MZA": "016", "MZATXT": 16, "UGEO": "", "MZAM": "0016", "TMZA": 24, "DEPTO10": "098", "FRAC10": "07", "RADIO10": "04", "MZA10": "016", "CEN2010": "0980704016", "LINK2010": "220980704016", "DF": "09809", "TFRAC": 3754, "DFR": "0980904", "TRADIO": 307, "DFRM": "0980904016", "FRACN": 9, "RADION": 4 }, "geometry": { "type": "Polygon", "coordinates": [ [ [ -60.722977069275295, -27.577142035246055 ], [ -60.721483561506673, -27.57717236137097 ], [ -60.721500743020719, -27.578250619459418 ], [ -60.722984227544792, -27.578233880866811 ], [ -60.722977069275295, -27.577142035246055 ] ] ] } },
{ "type": "Feature", "properties": { "ArcIds": [ 1681, 1682, -1680, -1582 ], "AREA": 16001.25, "PERIMETER": 507.015, "CODLOC": "030", "NOMMUNI": "VILLA ANGELA", "NOMLOC": "VILLA ANGELA", "FRAC": "02", "RADIO": "02", "MZA": "017", "MZATXT": 17, "UGEO": "", "MZAM": "", "TMZA": 3, "DEPTO10": "098", "FRAC10": "02", "RADIO10": "02", "MZA10": "023", "CEN2010": "0980202023", "LINK2010": "220980202023", "DF": "09802", "TFRAC": 904, "DFR": "0980202", "TRADIO": 100, "DFRM": "0980202017", "FRACN": 2, "RADION": 2 }, "geometry": { "type": "Polygon", "coordinates": [ [ [ -60.749624945049476, -27.577023320368667 ], [ -60.749642370930033, -27.57809705786935 ], [ -60.751009448418699, -27.578089672025573 ], [ -60.75098697675822, -27.577020474069226 ], [ -60.749624945049476, -27.577023320368667 ] ] ] } },
{ "type": "Feature", "properties": { "ArcIds": [ 1685, 1686, -1681, -1585 ], "AREA": 16422.5, "PERIMETER": 514.01, "CODLOC": "030", "NOMMUNI": "VILLA ANGELA", "NOMLOC": "VILLA ANGELA", "FRAC": "02", "RADIO": "02", "MZA": "018", "MZATXT": 18, "UGEO": "", "MZAM": "", "TMZA": 4, "DEPTO10": "098", "FRAC10": "02", "RADIO10": "02", "MZA10": "024", "CEN2010": "0980202024", "LINK2010": "220980202024", "DF": "09802", "TFRAC": 904, "DFR": "0980202", "TRADIO": 100, "DFRM": "0980202018", "FRACN": 2, "RADION": 2 }, "geometry": { "type": "Polygon", "coordinates": [ [ [ -60.748227531735601, -27.577035367725301 ], [ -60.748244944017884, -27.578109105669764 ], [ -60.749642370930033, -27.57809705786935 ], [ -60.749624945049476, -27.577023320368667 ], [ -60.748227531735601, -27.577035367725301 ] ] ] } },
{ "type": "Feature", "properties": { "ArcIds": [ 1587, -1696, -1697, 1692 ], "AREA": 14491.875, "PERIMETER": 481.534, "CODLOC": "030", "NOMMUNI": "VILLA ANGELA", "NOMLOC": "VILLA ANGELA", "FRAC": "09", "RADIO": "04", "MZA": "015", "MZATXT": 15, "UGEO": "", "MZAM": "0015", "TMZA": 14, "DEPTO10": "098", "FRAC10": "07", "RADIO10": "04", "MZA10": "015", "CEN2010": "0980704015", "LINK2010": "220980704015", "DF": "09809", "TFRAC": 3754, "DFR": "0980904", "TRADIO": 307, "DFRM": "0980904015", "FRACN": 9, "RADION": 4 }, "geometry": { "type": "Polygon", "coordinates": [ [ [ -60.721483561506673, -27.57717236137097 ], [ -60.720258316028399, -27.577187744745817 ], [ -60.720280607802806, -27.578275000474957 ], [ -60.721500743020719, -27.578250619459418 ], [ -60.721483561506673, -27.57717236137097 ] ] ] } },
{ "type": "Feature", "properties": { "ArcIds": [ 1589, -1694, -1695, 1696 ], "AREA": 14430.0, "PERIMETER": 480.516, "CODLOC": "030", "NOMMUNI": "VILLA ANGELA", "NOMLOC": "VILLA ANGELA", "FRAC": "09", "RADIO": "04", "MZA": "014", "MZATXT": 14, "UGEO": "", "MZAM": "0014", "TMZA": 11, "DEPTO10": "098", "FRAC10": "07", "RADIO10": "04", "MZA10": "014", "CEN2010": "0980704014", "LINK2010": "220980704014", "DF": "09809", "TFRAC": 3754, "DFR": "0980904", "TRADIO": 307, "DFRM": "0980904014", "FRACN": 9, "RADION": 4 }, "geometry": { "type": "Polygon", "coordinates": [ [ [ -60.720258316028399, -27.577187744745817 ], [ -60.719043167019741, -27.577198553127026 ], [ -60.719060324687611, -27.57827681196909 ], [ -60.720280607802806, -27.578275000474957 ], [ -60.720258316028399, -27.577187744745817 ] ] ] } },
{ "type": "Feature", "properties": { "ArcIds": [ 1591, -1698, -1699, 1694 ], "AREA": 14251.375, "PERIMETER": 477.563, "CODLOC": "030", "NOMMUNI": "VILLA ANGELA", "NOMLOC": "VILLA ANGELA", "FRAC": "09", "RADIO": "04", "MZA": "013", "MZATXT": 13, "UGEO": "", "MZAM": "0013", "TMZA": 21, "DEPTO10": "098", "FRAC10": "07", "RADIO10": "04", "MZA10": "013", "CEN2010": "0980704013", "LINK2010": "220980704013", "DF": "09809", "TFRAC": 3754, "DFR": "0980904", "TRADIO": 307, "DFRM": "0980904013", "FRACN": 9, "RADION": 4 }, "geometry": { "type": "Polygon", "coordinates": [ [ [ -60.719043167019741, -27.577198553127026 ], [ -60.717823130479452, -27.577236447634785 ], [ -60.717840129385003, -27.578292148031622 ], [ -60.719060324687611, -27.57827681196909 ], [ -60.719043167019741, -27.577198553127026 ] ] ] } },
{ "type": "Feature", "properties": { "ArcIds": [ 1593, -1700, -1701, 1698 ], "AREA": 13990.625, "PERIMETER": 473.167, "CODLOC": "030", "NOMMUNI": "VILLA ANGELA", "NOMLOC": "VILLA ANGELA", "FRAC": "08", "RADIO": "14", "MZA": "011", "MZATXT": 11, "UGEO": "", "MZAM": "0011", "TMZA": 13, "DEPTO10": "098", "FRAC10": "01", "RADIO10": "14", "MZA10": "011", "CEN2010": "0980114011", "LINK2010": "220980114011", "DF": "09808", "TFRAC": 4286, "DFR": "0980814", "TRADIO": 228, "DFRM": "0980814011", "FRACN": 8, "RADION": 14 }, "geometry": { "type": "Polygon", "coordinates": [ [ [ -60.717823130479452, -27.577236447634785 ], [ -60.716608038821114, -27.577256258253634 ], [ -60.716660615801516, -27.578334334950007 ], [ -60.717840129385003, -27.578292148031622 ], [ -60.717823130479452, -27.577236447634785 ] ] ] } },
{ "type": "Feature", "properties": { "ArcIds": [ 1595, -1702, -1703, 1700 ], "AREA": 14104.125, "PERIMETER": 475.159, "CODLOC": "030", "NOMMUNI": "VILLA ANGELA", "NOMLOC": "VILLA ANGELA", "FRAC": "08", "RADIO": "14", "MZA": "012", "MZATXT": 12, "UGEO": "", "MZAM": "0012", "TMZA": 24, "DEPTO10": "098", "FRAC10": "01", "RADIO10": "14", "MZA10": "012", "CEN2010": "0980114012", "LINK2010": "220980114012", "DF": "09808", "TFRAC": 4286, "DFR": "0980814", "TRADIO": 228, "DFRM": "0980814012", "FRACN": 8, "RADION": 14 }, "geometry": { "type": "Polygon", "coordinates": [ [ [ -60.716608038821114, -27.577256258253634 ], [ -60.715433569569697, -27.577293896663218 ], [ -60.715420165818493, -27.578349754277941 ], [ -60.716660615801516, -27.578334334950007 ], [ -60.716608038821114, -27.577256258253634 ] ] ] } },
{ "type": "Feature", "properties": { "ArcIds": [ -1704, 1705, 1702, -1597 ], "AREA": 14477.75, "PERIMETER": 481.625, "CODLOC": "030", "NOMMUNI": "VILLA ANGELA", "NOMLOC": "VILLA ANGELA", "FRAC": "07", "RADIO": "05", "MZA": "001", "MZATXT": 1, "UGEO": "", "MZAM": "", "TMZA": 13, "DEPTO10": "098", "FRAC10": "07", "RADIO10": "05", "MZA10": "001", "CEN2010": "0980705001", "LINK2010": "220980705001", "DF": "09807", "TFRAC": 4624, "DFR": "0980705", "TRADIO": 252, "DFRM": "0980705001", "FRACN": 7, "RADION": 5 }, "geometry": { "type": "Polygon", "coordinates": [ [ [ -60.714174827241735, -27.578392259171913 ], [ -60.714193189293375, -27.577318328349769 ], [ -60.715433569569697, -27.577293896663218 ], [ -60.715420165818493, -27.578349754277941 ], [ -60.714174827241735, -27.578392259171913 ] ] ] } },
{ "type": "Feature", "properties": { "ArcIds": [ -1706, 1707, 1704, -1605 ], "AREA": 13776.875, "PERIMETER": 469.692, "CODLOC": "030", "NOMMUNI": "VILLA ANGELA", "NOMLOC": "VILLA ANGELA", "FRAC": "07", "RADIO": "05", "MZA": "002", "MZATXT": 2, "UGEO": "", "MZAM": "", "TMZA": 10, "DEPTO10": "098", "FRAC10": "07", "RADIO10": "05", "MZA10": "002", "CEN2010": "0980705002", "LINK2010": "220980705002", "DF": "09807", "TFRAC": 4624, "DFR": "0980705", "TRADIO": 252, "DFRM": "0980705002", "FRACN": 7, "RADION": 5 }, "geometry": { "type": "Polygon", "coordinates": [ [ [ -60.713005232851295, -27.578402780638651 ], [ -60.712968202163914, -27.577374253373829 ], [ -60.714193189293375, -27.577318328349769 ], [ -60.714174827241735, -27.578392259171913 ], [ -60.713005232851295, -27.578402780638651 ] ] ] } },
{ "type": "Feature", "properties": { "ArcIds": [ 1600, -1710, -1711, 1712 ], "AREA": 15092.125, "PERIMETER": 491.776, "CODLOC": "030", "NOMMUNI": "VILLA ANGELA", "NOMLOC": "VILLA ANGELA", "FRAC": "07", "RADIO": "05", "MZA": "005", "MZATXT": 5, "UGEO": "", "MZAM": "", "TMZA": 10, "DEPTO10": "098", "FRAC10": "07", "RADIO10": "05", "MZA10": "005", "CEN2010": "0980705005", "LINK2010": "220980705005", "DF": "09807", "TFRAC": 4624, "DFR": "0980705", "TRADIO": 252, "DFRM": "0980705005", "FRACN": 7, "RADION": 5 }, "geometry": { "type": "Polygon", "coordinates": [ [ [ -60.710568100219831, -27.577368505981632 ], [ -60.709271875995427, -27.577370619830976 ], [ -60.70935991165549, -27.578462054927822 ], [ -60.710580257159151, -27.578469352172313 ], [ -60.710568100219831, -27.577368505981632 ] ] ] } },
{ "type": "Feature", "properties": { "ArcIds": [ 1607, -1714, -1715, 1710 ], "AREA": 13841.75, "PERIMETER": 470.92, "CODLOC": "030", "NOMMUNI": "VILLA ANGELA", "NOMLOC": "VILLA ANGELA", "FRAC": "07", "RADIO": "05", "MZA": "006", "MZATXT": 6, "UGEO": "", "MZAM": "", "TMZA": 20, "DEPTO10": "098", "FRAC10": "07", "RADIO10": "05", "MZA10": "006", "CEN2010": "0980705006", "LINK2010": "220980705006", "DF": "09807", "TFRAC": 4624, "DFR": "0980705", "TRADIO": 252, "DFRM": "0980705006", "FRACN": 7, "RADION": 5 }, "geometry": { "type": "Polygon", "coordinates": [ [ [ -60.709271875995427, -27.577370619830976 ], [ -60.708153184394227, -27.577421447613169 ], [ -60.708134705557654, -27.578486355184015 ], [ -60.70935991165549, -27.578462054927822 ], [ -60.709271875995427, -27.577370619830976 ] ] ] } },
{ "type": "Feature", "properties": { "ArcIds": [ -1708, 1709, 1706, -1603 ], "AREA": 13805.25, "PERIMETER": 470.092, "CODLOC": "030", "NOMMUNI": "VILLA ANGELA", "NOMLOC": "VILLA ANGELA", "FRAC": "07", "RADIO": "05", "MZA": "003", "MZATXT": 3, "UGEO": "", "MZAM": "", "TMZA": 12, "DEPTO10": "098", "FRAC10": "07", "RADIO10": "05", "MZA10": "003", "CEN2010": "0980705003", "LINK2010": "220980705003", "DF": "09807", "TFRAC": 4624, "DFR": "0980705", "TRADIO": 252, "DFRM": "0980705003", "FRACN": 7, "RADION": 5 }, "geometry": { "type": "Polygon", "coordinates": [ [ [ -60.711795248028714, -27.578431546947165 ], [ -60.711773156302954, -27.577362335374357 ], [ -60.712968202163914, -27.577374253373829 ], [ -60.713005232851295, -27.578402780638651 ], [ -60.711795248028714, -27.578431546947165 ] ] ] } },
{ "type": "Feature", "properties": { "ArcIds": [ 1602, -1712, -1713, 1708 ], "AREA": 14371.625, "PERIMETER": 479.562, "CODLOC": "030", "NOMMUNI": "VILLA ANGELA", "NOMLOC": "VILLA ANGELA", "FRAC": "07", "RADIO": "05", "MZA": "004", "MZATXT": 4, "UGEO": "", "MZAM": "", "TMZA": 3, "DEPTO10": "098", "FRAC10": "07", "RADIO10": "05", "MZA10": "004", "CEN2010": "0980705004", "LINK2010": "220980705004", "DF": "09807", "TFRAC": 4624, "DFR": "0980705", "TRADIO": 252, "DFRM": "0980705004", "FRACN": 7, "RADION": 5 }, "geometry": { "type": "Polygon", "coordinates": [ [ [ -60.711773156302954, -27.577362335374357 ], [ -60.710568100219831, -27.577368505981632 ], [ -60.710580257159151, -27.578469352172313 ], [ -60.711795248028714, -27.578431546947165 ], [ -60.711773156302954, -27.577362335374357 ] ] ] } },
{ "type": "Feature", "properties": { "ArcIds": [ 1611, -1716, -1717, 1714 ], "AREA": 14304.125, "PERIMETER": 478.565, "CODLOC": "030", "NOMMUNI": "VILLA ANGELA", "NOMLOC": "VILLA ANGELA", "FRAC": "07", "RADIO": "05", "MZA": "007", "MZATXT": 7, "UGEO": "", "MZAM": "", "TMZA": 12, "DEPTO10": "098", "FRAC10": "07", "RADIO10": "05", "MZA10": "007", "CEN2010": "0980705007", "LINK2010": "220980705007", "DF": "09807", "TFRAC": 4624, "DFR": "0980705", "TRADIO": 252, "DFRM": "0980705007", "FRACN": 7, "RADION": 5 }, "geometry": { "type": "Polygon", "coordinates": [ [ [ -60.708153184394227, -27.577421447613169 ], [ -60.706902701911133, -27.577450377648592 ], [ -60.706919596376935, -27.578506081321144 ], [ -60.708134705557654, -27.578486355184015 ], [ -60.708153184394227, -27.577421447613169 ] ] ] } },
{ "type": "Feature", "properties": { "ArcIds": [ 1609, -1718, -1719, 1716 ], "AREA": 14337.0, "PERIMETER": 479.05, "CODLOC": "030", "NOMMUNI": "VILLA ANGELA", "NOMLOC": "VILLA ANGELA", "FRAC": "07", "RADIO": "05", "MZA": "008", "MZATXT": 8, "UGEO": "", "MZAM": "", "TMZA": 34, "DEPTO10": "098", "FRAC10": "07", "RADIO10": "05", "MZA10": "008", "CEN2010": "0980705008", "LINK2010": "220980705008", "DF": "09807", "TFRAC": 4624, "DFR": "0980705", "TRADIO": 252, "DFRM": "0980705008", "FRACN": 7, "RADION": 5 }, "geometry": { "type": "Polygon", "coordinates": [ [ [ -60.706902701911133, -27.577450377648592 ], [ -60.705662142954687, -27.577447662552355 ], [ -60.705699394316724, -27.578521310787558 ], [ -60.706919596376935, -27.578506081321144 ], [ -60.706902701911133, -27.577450377648592 ] ] ] } },
{ "type": "Feature", "properties": { "ArcIds": [ 1615, -1720, -1721, 1718 ], "AREA": 17469.5, "PERIMETER": 532.254, "CODLOC": "030", "NOMMUNI": "VILLA ANGELA", "NOMLOC": "VILLA ANGELA", "FRAC": "07", "RADIO": "04", "MZA": "001", "MZATXT": 1, "UGEO": "", "MZAM": "0001", "TMZA": 29, "DEPTO10": "098", "FRAC10": "07", "RADIO10": "06", "MZA10": "001", "CEN2010": "0980706001", "LINK2010": "220980706001", "DF": "09807", "TFRAC": 4624, "DFR": "0980704", "TRADIO": 405, "DFRM": "0980704001", "FRACN": 7, "RADION": 4 }, "geometry": { "type": "Polygon", "coordinates": [ [ [ -60.705662142954687, -27.577447662552355 ], [ -60.704184042166823, -27.577513819835268 ], [ -60.704180657340459, -27.578569627009781 ], [ -60.705699394316724, -27.578521310787558 ], [ -60.705662142954687, -27.577447662552355 ] ] ] } },
{ "type": "Feature", "properties": { "ArcIds": [ 1613, 1722, -1723, 1720 ], "AREA": 11696.75, "PERIMETER": 434.536, "CODLOC": "030", "NOMMUNI": "VILLA ANGELA", "NOMLOC": "VILLA ANGELA", "FRAC": "07", "RADIO": "04", "MZA": "002", "MZATXT": 2, "UGEO": "", "MZAM": "0002", "TMZA": 49, "DEPTO10": "098", "FRAC10": "07", "RADIO10": "06", "MZA10": "002", "CEN2010": "0980706002", "LINK2010": "220980706002", "DF": "09807", "TFRAC": 4624, "DFR": "0980704", "TRADIO": 405, "DFRM": "0980704002", "FRACN": 7, "RADION": 4 }, "geometry": { "type": "Polygon", "coordinates": [ [ [ -60.704184042166823, -27.577513819835268 ], [ -60.703181427213046, -27.577505364008331 ], [ -60.70318836083019, -27.578592702509003 ], [ -60.704180657340459, -27.578569627009781 ], [ -60.704184042166823, -27.577513819835268 ] ] ] } },
{ "type": "Feature", "properties": { "ArcIds": [ 1617, -1724, -1725, -1722 ], "AREA": 14760.5, "PERIMETER": 486.039, "CODLOC": "030", "NOMMUNI": "VILLA ANGELA", "NOMLOC": "VILLA ANGELA", "FRAC": "07", "RADIO": "04", "MZA": "003", "MZATXT": 3, "UGEO": "", "MZAM": "0003", "TMZA": 20, "DEPTO10": "098", "FRAC10": "07", "RADIO10": "06", "MZA10": "003", "CEN2010": "0980706003", "LINK2010": "220980706003", "DF": "09807", "TFRAC": 4624, "DFR": "0980704", "TRADIO": 405, "DFRM": "0980704003", "FRACN": 7, "RADION": 4 }, "geometry": { "type": "Polygon", "coordinates": [ [ [ -60.703181427213046, -27.577505364008331 ], [ -60.701925878142347, -27.577534274907869 ], [ -60.701947903213515, -27.578608001586378 ], [ -60.70318836083019, -27.578592702509003 ], [ -60.703181427213046, -27.577505364008331 ] ] ] } },
{ "type": "Feature", "properties": { "ArcIds": [ 1619, 1728, -1729, 1724 ], "AREA": 14402.125, "PERIMETER": 480.052, "CODLOC": "030", "NOMMUNI": "VILLA ANGELA", "NOMLOC": "VILLA ANGELA", "FRAC": "07", "RADIO": "04", "MZA": "004", "MZATXT": 4, "UGEO": "", "MZAM": "0004", "TMZA": 27, "DEPTO10": "098", "FRAC10": "07", "RADIO10": "06", "MZA10": "004", "CEN2010": "0980706004", "LINK2010": "220980706004", "DF": "09807", "TFRAC": 4624, "DFR": "0980704", "TRADIO": 405, "DFRM": "0980704004", "FRACN": 7, "RADION": 4 }, "geometry": { "type": "Polygon", "coordinates": [ [ [ -60.701925878142347, -27.577534274907869 ], [ -60.700710691056607, -27.577540411204261 ], [ -60.700737910985431, -27.578636671647125 ], [ -60.701947903213515, -27.578608001586378 ], [ -60.701925878142347, -27.577534274907869 ] ] ] } },
{ "type": "Feature", "properties": { "ArcIds": [ 1622, -1726, -1727, -1728 ], "AREA": 14162.25, "PERIMETER": 476.111, "CODLOC": "030", "NOMMUNI": "VILLA ANGELA", "NOMLOC": "VILLA ANGELA", "FRAC": "07", "RADIO": "04", "MZA": "005", "MZATXT": 5, "UGEO": "", "MZAM": "0005", "TMZA": 21, "DEPTO10": "098", "FRAC10": "07", "RADIO10": "06", "MZA10": "005", "CEN2010": "0980706005", "LINK2010": "220980706005", "DF": "09807", "TFRAC": 4624, "DFR": "0980704", "TRADIO": 405, "DFRM": "0980704005", "FRACN": 7, "RADION": 4 }, "geometry": { "type": "Polygon", "coordinates": [ [ [ -60.700710691056607, -27.577540411204261 ], [ -60.699510951006204, -27.577587066401659 ], [ -60.699517562247934, -27.578629287934096 ], [ -60.700737910985431, -27.578636671647125 ], [ -60.700710691056607, -27.577540411204261 ] ] ] } },
{ "type": "Feature", "properties": { "ArcIds": [ 1628, 1735, 1736 ], "AREA": 4386.0, "PERIMETER": 331.362, "CODLOC": "030", "NOMMUNI": "VILLA ANGELA", "NOMLOC": "VILLA ANGELA", "FRAC": "07", "RADIO": "03", "MZA": "012", "MZATXT": 12, "UGEO": "", "MZAM": "0032", "TMZA": 5, "DEPTO10": "098", "FRAC10": "07", "RADIO10": "07", "MZA10": "032", "CEN2010": "0980707032", "LINK2010": "220980707032", "DF": "09807", "TFRAC": 4624, "DFR": "0980703", "TRADIO": 298, "DFRM": "0980703012", "FRACN": 7, "RADION": 3 }, "geometry": { "type": "Polygon", "coordinates": [ [ [ -60.692270391789769, -27.577614322060725 ], [ -60.691521137549827, -27.577636102439776 ], [ -60.692292294583922, -27.578683540205521 ], [ -60.692270391789769, -27.577614322060725 ] ] ] } },
{ "type": "Feature", "properties": { "ArcIds": [ 1624, -1730, -1731, 1726 ], "AREA": 13835.625, "PERIMETER": 470.574, "CODLOC": "030", "NOMMUNI": "VILLA ANGELA", "NOMLOC": "VILLA ANGELA", "FRAC": "07", "RADIO": "04", "MZA": "006", "MZATXT": 6, "UGEO": "", "MZAM": "0006", "TMZA": 1, "DEPTO10": "098", "FRAC10": "07", "RADIO10": "06", "MZA10": "006", "CEN2010": "0980706006", "LINK2010": "220980706006", "DF": "09807", "TFRAC": 4624, "DFR": "0980704", "TRADIO": 405, "DFRM": "0980704006", "FRACN": 7, "RADION": 4 }, "geometry": { "type": "Polygon", "coordinates": [ [ [ -60.699510951006204, -27.577587066401659 ], [ -60.698285693278073, -27.577602256061265 ], [ -60.698327793424141, -27.578653323214866 ], [ -60.699517562247934, -27.578629287934096 ], [ -60.699510951006204, -27.577587066401659 ] ] ] } },
{ "type": "Feature", "properties": { "ArcIds": [ 1626, 1738, -1739, 1730 ], "AREA": 14128.875, "PERIMETER": 475.561, "CODLOC": "030", "NOMMUNI": "VILLA ANGELA", "NOMLOC": "VILLA ANGELA", "FRAC": "07", "RADIO": "04", "MZA": "007", "MZATXT": 7, "UGEO": "", "MZAM": "0007", "TMZA": 22, "DEPTO10": "098", "FRAC10": "07", "RADIO10": "06", "MZA10": "007", "CEN2010": "0980706007", "LINK2010": "220980706007", "DF": "09807", "TFRAC": 4624, "DFR": "0980704", "TRADIO": 405, "DFRM": "0980704007", "FRACN": 7, "RADION": 4 }, "geometry": { "type": "Polygon", "coordinates": [ [ [ -60.698285693278073, -27.577602256061265 ], [ -60.697075567784303, -27.577608335109431 ], [ -60.697092396772852, -27.578668553485677 ], [ -60.698327793424141, -27.578653323214866 ], [ -60.698285693278073, -27.577602256061265 ] ] ] } },
{ "type": "Feature", "properties": { "ArcIds": [ 1632, -1740, -1741, -1738 ], "AREA": 14008.875, "PERIMETER": 473.531, "CODLOC": "030", "NOMMUNI": "VILLA ANGELA", "NOMLOC": "VILLA ANGELA", "FRAC": "07", "RADIO": "04", "MZA": "008", "MZATXT": 8, "UGEO": "", "MZAM": "0008", "TMZA": 26, "DEPTO10": "098", "FRAC10": "07", "RADIO10": "06", "MZA10": "008", "CEN2010": "0980706008", "LINK2010": "220980706008", "DF": "09807", "TFRAC": 4624, "DFR": "0980704", "TRADIO": 405, "DFRM": "0980704008", "FRACN": 7, "RADION": 4 }, "geometry": { "type": "Polygon", "coordinates": [ [ [ -60.697075567784303, -27.577608335109431 ], [ -60.695870619082321, -27.577632425387357 ], [ -60.695862005919828, -27.578674723833426 ], [ -60.697092396772852, -27.578668553485677 ], [ -60.697075567784303, -27.577608335109431 ] ] ] } },
{ "type": "Feature", "properties": { "ArcIds": [ 1630, 1743, -1744, 1740 ], "AREA": 13832.125, "PERIMETER": 470.52, "CODLOC": "030", "NOMMUNI": "VILLA ANGELA", "NOMLOC": "VILLA ANGELA", "FRAC": "07", "RADIO": "04", "MZA": "009", "MZATXT": 9, "UGEO": "", "MZAM": "0009", "TMZA": 24, "DEPTO10": "098", "FRAC10": "07", "RADIO10": "06", "MZA10": "009", "CEN2010": "0980706009", "LINK2010": "220980706009", "DF": "09807", "TFRAC": 4624, "DFR": "0980704", "TRADIO": 405, "DFRM": "0980704009", "FRACN": 7, "RADION": 4 }, "geometry": { "type": "Polygon", "coordinates": [ [ [ -60.695870619082321, -27.577632425387357 ], [ -60.694645274340502, -27.57763404758801 ], [ -60.694667058050427, -27.578680706002249 ], [ -60.695862005919828, -27.578674723833426 ], [ -60.695870619082321, -27.577632425387357 ] ] ] } },
{ "type": "Feature", "properties": { "ArcIds": [ 1634, 1732, -1742, -1743 ], "AREA": 13943.75, "PERIMETER": 472.522, "CODLOC": "030", "NOMMUNI": "VILLA ANGELA", "NOMLOC": "VILLA ANGELA", "FRAC": "07", "RADIO": "02", "MZA": "014", "MZATXT": 14, "UGEO": "", "MZAM": "0033", "TMZA": 25, "DEPTO10": "098", "FRAC10": "07", "RADIO10": "07", "MZA10": "033", "CEN2010": "0980707033", "LINK2010": "220980707033", "DF": "09807", "TFRAC": 4624, "DFR": "0980702", "TRADIO": 301, "DFRM": "0980702014", "FRACN": 7, "RADION": 2 }, "geometry": { "type": "Polygon", "coordinates": [ [ [ -60.694645274340502, -27.57763404758801 ], [ -60.693420014422408, -27.57764919434068 ], [ -60.693436609682983, -27.578677831292563 ], [ -60.694667058050427, -27.578680706002249 ], [ -60.694645274340502, -27.57763404758801 ] ] ] } },
{ "type": "Feature", "properties": { "ArcIds": [ 1637, -1746, 1747, 1745 ], "AREA": 9479.125, "PERIMETER": 395.022, "CODLOC": "030", "NOMMUNI": "VILLA ANGELA", "NOMLOC": "VILLA ANGELA", "FRAC": "07", "RADIO": "03", "MZA": "014", "MZATXT": 14, "UGEO": "", "MZAM": "0038", "TMZA": 24, "DEPTO10": "098", "FRAC10": "07", "RADIO10": "07", "MZA10": "038", "CEN2010": "0980707038", "LINK2010": "220980707038", "DF": "09807", "TFRAC": 4624, "DFR": "0980703", "TRADIO": 298, "DFRM": "0980703014", "FRACN": 7, "RADION": 3 }, "geometry": { "type": "Polygon", "coordinates": [ [ [ -60.689967213911501, -27.57772504570373 ], [ -60.689121699046773, -27.57773826747389 ], [ -60.68913831064684, -27.578775929242891 ], [ -60.689958544951011, -27.578767344794603 ], [ -60.689967213911501, -27.57772504570373 ] ] ] } },
{ "type": "Feature", "properties": { "ArcIds": [ 1639, 1748, 1749, 1746 ], "AREA": 7433.75, "PERIMETER": 359.506, "CODLOC": "030", "NOMMUNI": "VILLA ANGELA", "NOMLOC": "VILLA ANGELA", "FRAC": "07", "RADIO": "03", "MZA": "015", "MZATXT": 15, "UGEO": "", "MZAM": "0037", "TMZA": 25, "DEPTO10": "098", "FRAC10": "07", "RADIO10": "07", "MZA10": "037", "CEN2010": "0980707037", "LINK2010": "220980707037", "DF": "09807", "TFRAC": 4624, "DFR": "0980703", "TRADIO": 298, "DFRM": "0980703015", "FRACN": 7, "RADION": 3 }, "geometry": { "type": "Polygon", "coordinates": [ [ [ -60.689121699046773, -27.57773826747389 ], [ -60.688473596352154, -27.577741481762395 ], [ -60.688480103324949, -27.578783705713747 ], [ -60.68913831064684, -27.578775929242891 ], [ -60.689121699046773, -27.57773826747389 ] ] ] } },
{ "type": "Feature", "properties": { "ArcIds": [ 1641, -1750, 1751, -1748 ], "AREA": 6742.125, "PERIMETER": 347.502, "CODLOC": "030", "NOMMUNI": "VILLA ANGELA", "NOMLOC": "VILLA ANGELA", "FRAC": "07", "RADIO": "03", "MZA": "016", "MZATXT": 16, "UGEO": "", "MZAM": "0044", "TMZA": 20, "DEPTO10": "098", "FRAC10": "07", "RADIO10": "07", "MZA10": "044", "CEN2010": "0980707044", "LINK2010": "220980707044", "DF": "09807", "TFRAC": 4624, "DFR": "0980703", "TRADIO": 298, "DFRM": "0980703016", "FRACN": 7, "RADION": 3 }, "geometry": { "type": "Polygon", "coordinates": [ [ [ -60.688473596352154, -27.577741481762395 ], [ -60.687881218032679, -27.577748928970621 ], [ -60.687887691263796, -27.57878664125861 ], [ -60.688480103324949, -27.578783705713747 ], [ -60.688473596352154, -27.577741481762395 ] ] ] } },
{ "type": "Feature", "properties": { "ArcIds": [ 1643, -1752, 1753, 1750 ], "AREA": 6210.5, "PERIMETER": 338.022, "CODLOC": "030", "NOMMUNI": "VILLA ANGELA", "NOMLOC": "VILLA ANGELA", "FRAC": "07", "RADIO": "03", "MZA": "017", "MZATXT": 17, "UGEO": "", "MZAM": "0043", "TMZA": 20, "DEPTO10": "098", "FRAC10": "07", "RADIO10": "07", "MZA10": "043", "CEN2010": "0980707043", "LINK2010": "220980707043", "DF": "09807", "TFRAC": 4624, "DFR": "0980703", "TRADIO": 298, "DFRM": "0980703017", "FRACN": 7, "RADION": 3 }, "geometry": { "type": "Polygon", "coordinates": [ [ [ -60.687881218032679, -27.577748928970621 ], [ -60.687324282707642, -27.577756198252455 ], [ -60.687351004109019, -27.578793810423324 ], [ -60.687887691263796, -27.57878664125861 ], [ -60.687881218032679, -27.577748928970621 ] ] ] } },
{ "type": "Feature", "properties": { "ArcIds": [ -1649, 1650, 1647, -1646 ], "AREA": 7425.625, "PERIMETER": 364.019, "CODLOC": "030", "NOMMUNI": "VILLA ANGELA", "NOMLOC": "VILLA ANGELA", "FRAC": "09", "RADIO": "06", "MZA": "012", "MZATXT": 12, "UGEO": "", "MZAM": "", "TMZA": 16, "DEPTO10": "098", "FRAC10": "07", "RADIO10": "01", "MZA10": "068", "CEN2010": "0980701068", "LINK2010": "220980701068", "DF": "09809", "TFRAC": 3754, "DFR": "0980906", "TRADIO": 390, "DFRM": "0980906012", "FRACN": 9, "RADION": 6 }, "geometry": { "type": "Polygon", "coordinates": [ [ [ -60.742137987614242, -27.578042611823793 ], [ -60.742119032858916, -27.57748323731121 ], [ -60.743344334658374, -27.577476684538407 ], [ -60.743348075443983, -27.578031628326322 ], [ -60.742137987614242, -27.578042611823793 ] ] ] } },
{ "type": "Feature", "properties": { "ArcIds": [ -1780, 1781, 1774, -1653 ], "AREA": 12190.5, "PERIMETER": 447.026, "CODLOC": "030", "NOMMUNI": "VILLA ANGELA", "NOMLOC": "VILLA ANGELA", "FRAC": "09", "RADIO": "06", "MZA": "016", "MZATXT": 16, "UGEO": "", "MZAM": "", "TMZA": 7, "DEPTO10": "098", "FRAC10": "07", "RADIO10": "01", "MZA10": "042", "CEN2010": "0980701042", "LINK2010": "220980701042", "DF": "09809", "TFRAC": 3754, "DFR": "0980906", "TRADIO": 390, "DFRM": "0980906016", "FRACN": 9, "RADION": 6 }, "geometry": { "type": "Polygon", "coordinates": [ [ [ -60.74335601356303, -27.579209191825335 ], [ -60.743348075443983, -27.578031628326322 ], [ -60.744305152359409, -27.578044549975477 ], [ -60.744312917976799, -27.579195042798816 ], [ -60.74335601356303, -27.579209191825335 ] ] ] } },
{ "type": "Feature", "properties": { "ArcIds": [ -1782, 1783, 1780, -1650 ], "AREA": 15497.25, "PERIMETER": 498.511, "CODLOC": "030", "NOMMUNI": "VILLA ANGELA", "NOMLOC": "VILLA ANGELA", "FRAC": "09", "RADIO": "06", "MZA": "015", "MZATXT": 15, "UGEO": "", "MZAM": "", "TMZA": 1, "DEPTO10": "098", "FRAC10": "07", "RADIO10": "01", "MZA10": "043", "CEN2010": "0980701043", "LINK2010": "220980701043", "DF": "09809", "TFRAC": 3754, "DFR": "0980906", "TRADIO": 390, "DFRM": "0980906015", "FRACN": 9, "RADION": 6 }, "geometry": { "type": "Polygon", "coordinates": [ [ [ -60.742161102748746, -27.579220094470518 ], [ -60.742137987614242, -27.578042611823793 ], [ -60.743348075443983, -27.578031628326322 ], [ -60.74335601356303, -27.579209191825335 ], [ -60.742161102748746, -27.579220094470518 ] ] ] } },
{ "type": "Feature", "properties": { "ArcIds": [ -1774, 1775, 1776, -1655 ], "AREA": 19339.5, "PERIMETER": 558.012, "CODLOC": "030", "NOMMUNI": "VILLA ANGELA", "NOMLOC": "VILLA ANGELA", "FRAC": "09", "RADIO": "06", "MZA": "017", "MZATXT": 17, "UGEO": "", "MZAM": "", "TMZA": 0, "DEPTO10": "098", "FRAC10": "07", "RADIO10": "01", "MZA10": "041", "CEN2010": "0980701041", "LINK2010": "220980701041", "DF": "09809", "TFRAC": 3754, "DFR": "0980906", "TRADIO": 390, "DFRM": "0980906017", "FRACN": 9, "RADION": 6 }, "geometry": { "type": "Polygon", "coordinates": [ [ [ -60.744312917976799, -27.579195042798816 ], [ -60.744305152359409, -27.578044549975477 ], [ -60.745824036902334, -27.578022865831095 ], [ -60.745842067035653, -27.579191350813623 ], [ -60.744312917976799, -27.579195042798816 ] ] ] } },
{ "type": "Feature", "properties": { "ArcIds": [ -1785, 1786, 1782, -1652 ], "AREA": 15890.875, "PERIMETER": 504.518, "CODLOC": "030", "NOMMUNI": "VILLA ANGELA", "NOMLOC": "VILLA ANGELA", "FRAC": "09", "RADIO": "06", "MZA": "014", "MZATXT": 14, "UGEO": "", "MZAM": "", "TMZA": 1, "DEPTO10": "098", "FRAC10": "07", "RADIO10": "01", "MZA10": "044", "CEN2010": "0980701044", "LINK2010": "220980701044", "DF": "09809", "TFRAC": 3754, "DFR": "0980906", "TRADIO": 390, "DFRM": "0980906014", "FRACN": 9, "RADION": 6 }, "geometry": { "type": "Polygon", "coordinates": [ [ [ -60.740925654623339, -27.579226691211197 ], [ -60.74090258298709, -27.578053719840899 ], [ -60.742137987614242, -27.578042611823793 ], [ -60.742161102748746, -27.579220094470518 ], [ -60.740925654623339, -27.579226691211197 ] ] ] } },
{ "type": "Feature", "properties": { "ArcIds": [ -1778, 1784, 1785, -1665 ], "AREA": 15454.5, "PERIMETER": 497.54, "CODLOC": "030", "NOMMUNI": "VILLA ANGELA", "NOMLOC": "VILLA ANGELA", "FRAC": "09", "RADIO": "01", "MZA": "029", "MZATXT": 29, "UGEO": "", "MZAM": "", "TMZA": 15, "DEPTO10": "098", "FRAC10": "07", "RADIO10": "01", "MZA10": "045", "CEN2010": "0980701045", "LINK2010": "220980701045", "DF": "09809", "TFRAC": 3754, "DFR": "0980901", "TRADIO": 398, "DFRM": "0980901029", "FRACN": 9, "RADION": 1 }, "geometry": { "type": "Polygon", "coordinates": [ [ [ -60.739695208861875, -27.579224226513265 ], [ -60.739692615199075, -27.578082729004976 ], [ -60.74090258298709, -27.578053719840899 ], [ -60.740925654623339, -27.579226691211197 ], [ -60.739695208861875, -27.579224226513265 ] ] ] } },
{ "type": "Feature", "properties": { "ArcIds": [ -1789, 1790, 1787, -1659, -1658 ], "AREA": 20408.125, "PERIMETER": 574.01, "CODLOC": "030", "NOMMUNI": "VILLA ANGELA", "NOMLOC": "VILLA ANGELA", "FRAC": "09", "RADIO": "01", "MZA": "027", "MZATXT": 27, "UGEO": "", "MZAM": "", "TMZA": 9, "DEPTO10": "098", "FRAC10": "07", "RADIO10": "01", "MZA10": "050", "CEN2010": "0980701050", "LINK2010": "220980701050", "DF": "09809", "TFRAC": 3754, "DFR": "0980901", "TRADIO": 398, "DFRM": "0980901027", "FRACN": 9, "RADION": 1 }, "geometry": { "type": "Polygon", "coordinates": [ [ [ -60.736880125710108, -27.579257239415131 ], [ -60.736877350139139, -27.578084159077697 ], [ -60.737641903077893, -27.57808010040462 ], [ -60.738467245224641, -27.57808022620781 ], [ -60.738485137011452, -27.579239690184437 ], [ -60.736880125710108, -27.579257239415131 ] ] ] } },
{ "type": "Feature", "properties": { "ArcIds": [ -1791, 1792, 1789, -1662 ], "AREA": 17325.0, "PERIMETER": 526.535, "CODLOC": "030", "NOMMUNI": "VILLA ANGELA", "NOMLOC": "VILLA ANGELA", "FRAC": "09", "RADIO": "01", "MZA": "026", "MZATXT": 26, "UGEO": "", "MZAM": "", "TMZA": 0, "DEPTO10": "098", "FRAC10": "07", "RADIO10": "01", "MZA10": "049", "CEN2010": "0980701049", "LINK2010": "220980701049", "DF": "09809", "TFRAC": 3754, "DFR": "0980901", "TRADIO": 398, "DFRM": "0980901026", "FRACN": 9, "RADION": 1 }, "geometry": { "type": "Polygon", "coordinates": [ [ [ -60.735548592984884, -27.579282345729499 ], [ -60.735520455047208, -27.578100375679899 ], [ -60.736877350139139, -27.578084159077697 ], [ -60.736880125710108, -27.579257239415131 ], [ -60.735548592984884, -27.579282345729499 ] ] ] } },
{ "type": "Feature", "properties": { "ArcIds": [ -1787, 1788, 1779, 1778, -1663 ], "AREA": 15318.625, "PERIMETER": 495.514, "CODLOC": "030", "NOMMUNI": "VILLA ANGELA", "NOMLOC": "VILLA ANGELA", "FRAC": "09", "RADIO": "01", "MZA": "028", "MZATXT": 28, "UGEO": "", "MZAM": "", "TMZA": 0, "DEPTO10": "098", "FRAC10": "07", "RADIO10": "01", "MZA10": "046", "CEN2010": "0980701046", "LINK2010": "220980701046", "DF": "09809", "TFRAC": 3754, "DFR": "0980901", "TRADIO": 398, "DFRM": "0980901028", "FRACN": 9, "RADION": 1 }, "geometry": { "type": "Polygon", "coordinates": [ [ [ -60.738485137011452, -27.579239690184437 ], [ -60.738467245224641, -27.57808022620781 ], [ -60.739692615199075, -27.578082729004976 ], [ -60.739695208861875, -27.579224226513265 ], [ -60.739426853202161, -27.579225655581613 ], [ -60.738485137011452, -27.579239690184437 ] ] ] } },
{ "type": "Feature", "properties": { "ArcIds": [ -1793, 1794, 1791, -1667 ], "AREA": 16998.5, "PERIMETER": 521.524, "CODLOC": "030", "NOMMUNI": "VILLA ANGELA", "NOMLOC": "VILLA ANGELA", "FRAC": "09", "RADIO": "07", "MZA": "010", "MZATXT": 10, "UGEO": "", "MZAM": "", "TMZA": 26, "DEPTO10": "098", "FRAC10": "07", "RADIO10": "12", "MZA10": "010", "CEN2010": "0980712010", "LINK2010": "220980712010", "DF": "09809", "TFRAC": 3754, "DFR": "0980907", "TRADIO": 218, "DFRM": "0980907010", "FRACN": 9, "RADION": 7 }, "geometry": { "type": "Polygon", "coordinates": [ [ [ -60.73422712590461, -27.57929836225734 ], [ -60.734214191926256, -27.578116311364575 ], [ -60.735520455047208, -27.578100375679899 ], [ -60.735548592984884, -27.579282345729499 ], [ -60.73422712590461, -27.57929836225734 ] ] ] } },
{ "type": "Feature", "properties": { "ArcIds": [ -1798, 1799, 1793, -1669 ], "AREA": 15785.5, "PERIMETER": 503.01, "CODLOC": "030", "NOMMUNI": "VILLA ANGELA", "NOMLOC": "VILLA ANGELA", "FRAC": "09", "RADIO": "07", "MZA": "009", "MZATXT": 9, "UGEO": "", "MZAM": "", "TMZA": 19, "DEPTO10": "098", "FRAC10": "07", "RADIO10": "12", "MZA10": "009", "CEN2010": "0980712009", "LINK2010": "220980712009", "DF": "09809", "TFRAC": 3754, "DFR": "0980907", "TRADIO": 218, "DFRM": "0980907009", "FRACN": 9, "RADION": 7 }, "geometry": { "type": "Polygon", "coordinates": [ [ [ -60.733001861325477, -27.579313858485133 ], [ -60.73299906701687, -27.57813175377898 ], [ -60.734214191926256, -27.578116311364575 ], [ -60.73422712590461, -27.57929836225734 ], [ -60.733001861325477, -27.579313858485133 ] ] ] } },
{ "type": "Feature", "properties": { "ArcIds": [ -1803, 1804, 1798, -1673 ], "AREA": 15479.75, "PERIMETER": 498.533, "CODLOC": "030", "NOMMUNI": "VILLA ANGELA", "NOMLOC": "VILLA ANGELA", "FRAC": "09", "RADIO": "07", "MZA": "008", "MZATXT": 8, "UGEO": "", "MZAM": "", "TMZA": 19, "DEPTO10": "098", "FRAC10": "07", "RADIO10": "12", "MZA10": "008", "CEN2010": "0980712008", "LINK2010": "220980712008", "DF": "09809", "TFRAC": 3754, "DFR": "0980907", "TRADIO": 218, "DFRM": "0980907008", "FRACN": 9, "RADION": 7 }, "geometry": { "type": "Polygon", "coordinates": [ [ [ -60.731812129262238, -27.579342692391698 ], [ -60.731809257875398, -27.578147052169939 ], [ -60.73299906701687, -27.57813175377898 ], [ -60.733001861325477, -27.579313858485133 ], [ -60.731812129262238, -27.579342692391698 ] ] ] } },
{ "type": "Feature", "properties": { "ArcIds": [ -1758, 1759, -1674 ], "AREA": 8023.875, "PERIMETER": 432.832, "CODLOC": "030", "NOMMUNI": "VILLA ANGELA", "NOMLOC": "VILLA ANGELA", "FRAC": "09", "RADIO": "08", "MZA": "012", "MZATXT": 12, "UGEO": "", "MZAM": "", "TMZA": 0, "DEPTO10": "098", "FRAC10": "07", "RADIO10": "11", "MZA10": "007", "CEN2010": "0980711007", "LINK2010": "220980711007", "DF": "09809", "TFRAC": 3754, "DFR": "0980908", "TRADIO": 117, "DFRM": "0980908012", "FRACN": 9, "RADION": 8 }, "geometry": { "type": "Polygon", "coordinates": [ [ [ -60.729254550679634, -27.579265907812658 ], [ -60.727925695138055, -27.578162949682024 ], [ -60.72925230378172, -27.578160502031658 ], [ -60.729254550679634, -27.579265907812658 ] ] ] } },
{ "type": "Feature", "properties": { "ArcIds": [ 1757, 1758, -1756 ], "AREA": 7899.0, "PERIMETER": 430.838, "CODLOC": "030", "NOMMUNI": "VILLA ANGELA", "NOMLOC": "VILLA ANGELA", "FRAC": "09", "RADIO": "08", "MZA": "011", "MZATXT": 11, "UGEO": "", "MZAM": "", "TMZA": 0, "DEPTO10": "098", "FRAC10": "07", "RADIO10": "11", "MZA10": "012", "CEN2010": "0980711012", "LINK2010": "220980711012", "DF": "09809", "TFRAC": 3754, "DFR": "0980908", "TRADIO": 117, "DFRM": "0980908011", "FRACN": 9, "RADION": 8 }, "geometry": { "type": "Polygon", "coordinates": [ [ [ -60.727943088941501, -27.579263764369049 ], [ -60.729254550679634, -27.579265907812658 ], [ -60.727925695138055, -27.578162949682024 ], [ -60.727943088941501, -27.579263764369049 ] ] ] } },
{ "type": "Feature", "properties": { "ArcIds": [ -1770, 1771, 1756, -1684 ], "AREA": 14261.375, "PERIMETER": 477.767, "CODLOC": "030", "NOMMUNI": "VILLA ANGELA", "NOMLOC": "VILLA ANGELA", "FRAC": "09", "RADIO": "08", "MZA": "010", "MZATXT": 10, "UGEO": "", "MZAM": "", "TMZA": 11, "DEPTO10": "098", "FRAC10": "07", "RADIO10": "11", "MZA10": "008", "CEN2010": "0980711008", "LINK2010": "220980711008", "DF": "09809", "TFRAC": 3754, "DFR": "0980908", "TRADIO": 117, "DFRM": "0980908010", "FRACN": 9, "RADION": 8 }, "geometry": { "type": "Polygon", "coordinates": [ [ [ -60.726763422231024, -27.579283478448676 ], [ -60.726700708523467, -27.578218995879002 ], [ -60.727925695138055, -27.578162949682024 ], [ -60.727943088941501, -27.579263764369049 ], [ -60.726763422231024, -27.579283478448676 ] ] ] } },
{ "type": "Feature", "properties": { "ArcIds": [ -1806, 1807, 1803, -1678 ], "AREA": 16200.625, "PERIMETER": 509.507, "CODLOC": "030", "NOMMUNI": "VILLA ANGELA", "NOMLOC": "VILLA ANGELA", "FRAC": "09", "RADIO": "07", "MZA": "007", "MZATXT": 7, "UGEO": "", "MZAM": "", "TMZA": 18, "DEPTO10": "098", "FRAC10": "07", "RADIO10": "12", "MZA10": "007", "CEN2010": "0980712007", "LINK2010": "220980712007", "DF": "09809", "TFRAC": 3754, "DFR": "0980907", "TRADIO": 218, "DFRM": "0980907007", "FRACN": 9, "RADION": 7 }, "geometry": { "type": "Polygon", "coordinates": [ [ [ -60.730576706776283, -27.579353708849844 ], [ -60.730563752121249, -27.578162633365043 ], [ -60.731809257875398, -27.578147052169939 ], [ -60.731812129262238, -27.579342692391698 ], [ -60.730576706776283, -27.579353708849844 ] ] ] } },
{ "type": "Feature", "properties": { "ArcIds": [ -1759, 1805, 1808, 1809, 1806, -1676 ], "AREA": 17198.875, "PERIMETER": 524.507, "CODLOC": "030", "NOMMUNI": "VILLA ANGELA", "NOMLOC": "VILLA ANGELA", "FRAC": "09", "RADIO": "07", "MZA": "006", "MZATXT": 6, "UGEO": "", "MZAM": "", "TMZA": 20, "DEPTO10": "098", "FRAC10": "07", "RADIO10": "12", "MZA10": "006", "CEN2010": "0980712006", "LINK2010": "220980712006", "DF": "09809", "TFRAC": 3754, "DFR": "0980907", "TRADIO": 218, "DFRM": "0980907006", "FRACN": 9, "RADION": 7 }, "geometry": { "type": "Polygon", "coordinates": [ [ [ -60.729254550679634, -27.579265907812658 ], [ -60.72925230378172, -27.578160502031658 ], [ -60.730563752121249, -27.578162633365043 ], [ -60.730576706776283, -27.579353708849844 ], [ -60.730419743528195, -27.579354534481094 ], [ -60.729255147447013, -27.579356142841085 ], [ -60.729254550679634, -27.579265907812658 ] ] ] } },
{ "type": "Feature", "properties": { "ArcIds": [ -1762, 1763, 1760, -1689 ], "AREA": 15009.75, "PERIMETER": 490.53, "CODLOC": "030", "NOMMUNI": "VILLA ANGELA", "NOMLOC": "VILLA ANGELA", "FRAC": "09", "RADIO": "08", "MZA": "007", "MZATXT": 7, "UGEO": "", "MZAM": "", "TMZA": 16, "DEPTO10": "098", "FRAC10": "07", "RADIO10": "11", "MZA10": "011", "CEN2010": "0980711011", "LINK2010": "220980711011", "DF": "09809", "TFRAC": 3754, "DFR": "0980908", "TRADIO": 117, "DFRM": "0980908007", "FRACN": 9, "RADION": 8 }, "geometry": { "type": "Polygon", "coordinates": [ [ [ -60.723011462070502, -27.579298550328353 ], [ -60.722984227544792, -27.578233880866811 ], [ -60.724280488213289, -27.578236150596918 ], [ -60.724302612643804, -27.579291822458181 ], [ -60.723011462070502, -27.579298550328353 ] ] ] } },
{ "type": "Feature", "properties": { "ArcIds": [ 1693, 1697, 1695, 1699, -1795, -1796, 1762 ], "AREA": 60769.625, "PERIMETER": 1258.088, "CODLOC": "030", "NOMMUNI": "VILLA ANGELA", "NOMLOC": "VILLA ANGELA", "FRAC": "09", "RADIO": "04", "MZA": "017", "MZATXT": 17, "UGEO": "", "MZAM": "0017", "TMZA": 4, "DEPTO10": "098", "FRAC10": "07", "RADIO10": "04", "MZA10": "017", "CEN2010": "0980704017", "LINK2010": "220980704017", "DF": "09809", "TFRAC": 3754, "DFR": "0980904", "TRADIO": 307, "DFRM": "0980904017", "FRACN": 9, "RADION": 4 }, "geometry": { "type": "Polygon", "coordinates": [ [ [ -60.722984227544792, -27.578233880866811 ], [ -60.721500743020719, -27.578250619459418 ], [ -60.720280607802806, -27.578275000474957 ], [ -60.719060324687611, -27.57827681196909 ], [ -60.717840129385003, -27.578292148031622 ], [ -60.717837110450752, -27.579384047051327 ], [ -60.723011462070502, -27.579298550328353 ], [ -60.722984227544792, -27.578233880866811 ] ] ] } },
{ "type": "Feature", "properties": { "ArcIds": [ 1765, -1766, -1764, -1682 ], "AREA": 15871.0, "PERIMETER": 505.002, "CODLOC": "030", "NOMMUNI": "VILLA ANGELA", "NOMLOC": "VILLA ANGELA", "FRAC": "02", "RADIO": "02", "MZA": "020", "MZATXT": 20, "UGEO": "", "MZAM": "", "TMZA": 0, "DEPTO10": "098", "FRAC10": "02", "RADIO10": "02", "MZA10": "025", "CEN2010": "0980202025", "LINK2010": "220980202025", "DF": "09802", "TFRAC": 904, "DFR": "0980202", "TRADIO": 100, "DFRM": "0980202020", "FRACN": 2, "RADION": 2 }, "geometry": { "type": "Polygon", "coordinates": [ [ [ -60.749642370930033, -27.57809705786935 ], [ -60.749654672765985, -27.579161799066654 ], [ -60.751011636854422, -27.579154467602311 ], [ -60.751009448418699, -27.578089672025573 ], [ -60.749642370930033, -27.57809705786935 ] ] ] } },
{ "type": "Feature", "properties": { "ArcIds": [ 1767, -1768, -1765, -1686 ], "AREA": 16279.0, "PERIMETER": 512.002, "CODLOC": "030", "NOMMUNI": "VILLA ANGELA", "NOMLOC": "VILLA ANGELA", "FRAC": "02", "RADIO": "02", "MZA": "019", "MZATXT": 19, "UGEO": "", "MZAM": "", "TMZA": 0, "DEPTO10": "098", "FRAC10": "02", "RADIO10": "02", "MZA10": "026", "CEN2010": "0980202026", "LINK2010": "220980202026", "DF": "09802", "TFRAC": 904, "DFR": "0980202", "TRADIO": 100, "DFRM": "0980202019", "FRACN": 2, "RADION": 2 }, "geometry": { "type": "Polygon", "coordinates": [ [ [ -60.748244944017884, -27.578109105669764 ], [ -60.748252138449487, -27.579169362805366 ], [ -60.749654672765985, -27.579161799066654 ], [ -60.749642370930033, -27.57809705786935 ], [ -60.748244944017884, -27.578109105669764 ] ] ] } },
{ "type": "Feature", "properties": { "ArcIds": [ -1754, 1769, 1770, -1688 ], "AREA": 13802.875, "PERIMETER": 470.163, "CODLOC": "030", "NOMMUNI": "VILLA ANGELA", "NOMLOC": "VILLA ANGELA", "FRAC": "09", "RADIO": "08", "MZA": "009", "MZATXT": 9, "UGEO": "", "MZAM": "", "TMZA": 22, "DEPTO10": "098", "FRAC10": "07", "RADIO10": "11", "MZA10": "009", "CEN2010": "0980711009", "LINK2010": "220980711009", "DF": "09809", "TFRAC": 3754, "DFR": "0980908", "TRADIO": 117, "DFRM": "0980908009", "FRACN": 9, "RADION": 8 }, "geometry": { "type": "Polygon", "coordinates": [ [ [ -60.725548103712107, -27.579271785402923 ], [ -60.725520993139327, -27.578229675684906 ], [ -60.726700708523467, -27.578218995879002 ], [ -60.726763422231024, -27.579283478448676 ], [ -60.725548103712107, -27.579271785402923 ] ] ] } },
{ "type": "Feature", "properties": { "ArcIds": [ -1760, 1761, 1755, 1754, -1691 ], "AREA": 14266.875, "PERIMETER": 478.036, "CODLOC": "030", "NOMMUNI": "VILLA ANGELA", "NOMLOC": "VILLA ANGELA", "FRAC": "09", "RADIO": "08", "MZA": "008", "MZATXT": 8, "UGEO": "", "MZAM": "", "TMZA": 1, "DEPTO10": "098", "FRAC10": "07", "RADIO10": "11", "MZA10": "010", "CEN2010": "0980711010", "LINK2010": "220980711010", "DF": "09809", "TFRAC": 3754, "DFR": "0980908", "TRADIO": 117, "DFRM": "0980908008", "FRACN": 9, "RADION": 8 }, "geometry": { "type": "Polygon", "coordinates": [ [ [ -60.724302612643804, -27.579291822458181 ], [ -60.724280488213289, -27.578236150596918 ], [ -60.725520993139327, -27.578229675684906 ], [ -60.725548103712107, -27.579271785402923 ], [ -60.725492407055455, -27.579272076371751 ], [ -60.724302612643804, -27.579291822458181 ] ] ] } },
{ "type": "Feature", "properties": { "ArcIds": [ 1701, -1801, -1802, 1795 ], "AREA": 13772.625, "PERIMETER": 469.6, "CODLOC": "030", "NOMMUNI": "VILLA ANGELA", "NOMLOC": "VILLA ANGELA", "FRAC": "08", "RADIO": "14", "MZA": "014", "MZATXT": 14, "UGEO": "", "MZAM": "0014", "TMZA": 6, "DEPTO10": "098", "FRAC10": "01", "RADIO10": "14", "MZA10": "014", "CEN2010": "0980114014", "LINK2010": "220980114014", "DF": "09808", "TFRAC": 4286, "DFR": "0980814", "TRADIO": 228, "DFRM": "0980814014", "FRACN": 8, "RADION": 14 }, "geometry": { "type": "Polygon", "coordinates": [ [ [ -60.717840129385003, -27.578292148031622 ], [ -60.716660615801516, -27.578334334950007 ], [ -60.716687818669705, -27.579403518564497 ], [ -60.717837110450752, -27.579384047051327 ], [ -60.717840129385003, -27.578292148031622 ] ] ] } },
{ "type": "Feature", "properties": { "ArcIds": [ 1703, -1797, -1800, 1801 ], "AREA": 13951.375, "PERIMETER": 472.879, "CODLOC": "030", "NOMMUNI": "VILLA ANGELA", "NOMLOC": "VILLA ANGELA", "FRAC": "08", "RADIO": "14", "MZA": "013", "MZATXT": 13, "UGEO": "", "MZAM": "0013", "TMZA": 3, "DEPTO10": "098", "FRAC10": "01", "RADIO10": "14", "MZA10": "013", "CEN2010": "0980114013", "LINK2010": "220980114013", "DF": "09808", "TFRAC": 4286, "DFR": "0980814", "TRADIO": 228, "DFRM": "0980814013", "FRACN": 8, "RADION": 14 }, "geometry": { "type": "Polygon", "coordinates": [ [ [ -60.716660615801516, -27.578334334950007 ], [ -60.715420165818493, -27.578349754277941 ], [ -60.715518097194277, -27.579396014333522 ], [ -60.716687818669705, -27.579403518564497 ], [ -60.716660615801516, -27.578334334950007 ] ] ] } },
{ "type": "Feature", "properties": { "ArcIds": [ -1811, 1812, 1810, 1797, -1705 ], "AREA": 15384.0, "PERIMETER": 492.322, "CODLOC": "030", "NOMMUNI": "VILLA ANGELA", "NOMLOC": "VILLA ANGELA", "FRAC": "07", "RADIO": "05", "MZA": "016", "MZATXT": 16, "UGEO": "", "MZAM": "", "TMZA": 14, "DEPTO10": "098", "FRAC10": "07", "RADIO10": "05", "MZA10": "016", "CEN2010": "0980705016", "LINK2010": "220980705016", "DF": "09807", "TFRAC": 4624, "DFR": "0980705", "TRADIO": 252, "DFRM": "0980705016", "FRACN": 7, "RADION": 5 }, "geometry": { "type": "Polygon", "coordinates": [ [ [ -60.714222580919042, -27.579510968992125 ], [ -60.714174827241735, -27.578392259171913 ], [ -60.715420165818493, -27.578349754277941 ], [ -60.715518097194277, -27.579396014333522 ], [ -60.714951557844891, -27.579484658485132 ], [ -60.714222580919042, -27.579510968992125 ] ] ] } },
{ "type": "Feature", "properties": { "ArcIds": [ -1813, 1814, 1815, 1811, -1707 ], "AREA": 14722.75, "PERIMETER": 484.595, "CODLOC": "030", "NOMMUNI": "VILLA ANGELA", "NOMLOC": "VILLA ANGELA", "FRAC": "07", "RADIO": "05", "MZA": "015", "MZATXT": 15, "UGEO": "", "MZAM": "", "TMZA": 6, "DEPTO10": "098", "FRAC10": "07", "RADIO10": "05", "MZA10": "015", "CEN2010": "0980705015", "LINK2010": "220980705015", "DF": "09807", "TFRAC": 4624, "DFR": "0980705", "TRADIO": 252, "DFRM": "0980705015", "FRACN": 7, "RADION": 5 }, "geometry": { "type": "Polygon", "coordinates": [ [ [ -60.713007462806175, -27.579530748587981 ], [ -60.713005232851295, -27.578402780638651 ], [ -60.714174827241735, -27.578392259171913 ], [ -60.714222580919042, -27.579510968992125 ], [ -60.713427750708348, -27.579533102071547 ], [ -60.713007462806175, -27.579530748587981 ] ] ] } },
{ "type": "Feature", "properties": { "ArcIds": [ -1817, 1818, 1816, 1813, -1709 ], "AREA": 14788.375, "PERIMETER": 486.541, "CODLOC": "030", "NOMMUNI": "VILLA ANGELA", "NOMLOC": "VILLA ANGELA", "FRAC": "07", "RADIO": "05", "MZA": "014", "MZATXT": 14, "UGEO": "", "MZAM": "", "TMZA": 15, "DEPTO10": "098", "FRAC10": "07", "RADIO10": "05", "MZA10": "014", "CEN2010": "0980705014", "LINK2010": "220980705014", "DF": "09807", "TFRAC": 4624, "DFR": "0980705", "TRADIO": 252, "DFRM": "0980705014", "FRACN": 7, "RADION": 5 }, "geometry": { "type": "Polygon", "coordinates": [ [ [ -60.711812597446162, -27.579550413752095 ], [ -60.711795248028714, -27.578431546947165 ], [ -60.713005232851295, -27.578402780638651 ], [ -60.713007462806175, -27.579530748587981 ], [ -60.712258143997872, -27.579543617474698 ], [ -60.711812597446162, -27.579550413752095 ] ] ] } },
{ "type": "Feature", "properties": { "ArcIds": [ 1713, -1820, -1821, -1819, 1817 ], "AREA": 14834.625, "PERIMETER": 486.106, "CODLOC": "030", "NOMMUNI": "VILLA ANGELA", "NOMLOC": "VILLA ANGELA", "FRAC": "07", "RADIO": "05", "MZA": "013", "MZATXT": 13, "UGEO": "", "MZAM": "", "TMZA": 25, "DEPTO10": "098", "FRAC10": "07", "RADIO10": "05", "MZA10": "013", "CEN2010": "0980705013", "LINK2010": "220980705013", "DF": "09807", "TFRAC": 4624, "DFR": "0980705", "TRADIO": 252, "DFRM": "0980705013", "FRACN": 7, "RADION": 5 }, "geometry": { "type": "Polygon", "coordinates": [ [ [ -60.711795248028714, -27.578431546947165 ], [ -60.710580257159151, -27.578469352172313 ], [ -60.710602570403097, -27.579574658138071 ], [ -60.711331694592609, -27.579570925455524 ], [ -60.711812597446162, -27.579550413752095 ], [ -60.711795248028714, -27.578431546947165 ] ] ] } },
{ "type": "Feature", "properties": { "ArcIds": [ 1711, -1822, -1823, 1820 ], "AREA": 15094.5, "PERIMETER": 491.594, "CODLOC": "030", "NOMMUNI": "VILLA ANGELA", "NOMLOC": "VILLA ANGELA", "FRAC": "07", "RADIO": "05", "MZA": "012", "MZATXT": 12, "UGEO": "", "MZAM": "", "TMZA": 15, "DEPTO10": "098", "FRAC10": "07", "RADIO10": "05", "MZA10": "012", "CEN2010": "0980705012", "LINK2010": "220980705012", "DF": "09807", "TFRAC": 4624, "DFR": "0980705", "TRADIO": 252, "DFRM": "0980705012", "FRACN": 7, "RADION": 5 }, "geometry": { "type": "Polygon", "coordinates": [ [ [ -60.710580257159151, -27.578469352172313 ], [ -60.70935991165549, -27.578462054927822 ], [ -60.709382531949785, -27.579616990801835 ], [ -60.710602570403097, -27.579574658138071 ], [ -60.710580257159151, -27.578469352172313 ] ] ] } },
{ "type": "Feature", "properties": { "ArcIds": [ 1715, -1824, -1825, 1822 ], "AREA": 15491.0, "PERIMETER": 498.051, "CODLOC": "030", "NOMMUNI": "VILLA ANGELA", "NOMLOC": "VILLA ANGELA", "FRAC": "07", "RADIO": "05", "MZA": "011", "MZATXT": 11, "UGEO": "", "MZAM": "", "TMZA": 16, "DEPTO10": "098", "FRAC10": "07", "RADIO10": "05", "MZA10": "011", "CEN2010": "0980705011", "LINK2010": "220980705011", "DF": "09807", "TFRAC": 4624, "DFR": "0980705", "TRADIO": 252, "DFRM": "0980705011", "FRACN": 7, "RADION": 5 }, "geometry": { "type": "Polygon", "coordinates": [ [ [ -60.70935991165549, -27.578462054927822 ], [ -60.708134705557654, -27.578486355184015 ], [ -60.708157313034192, -27.579641291494752 ], [ -60.709382531949785, -27.579616990801835 ], [ -60.70935991165549, -27.578462054927822 ] ] ] } },
{ "type": "Feature", "properties": { "ArcIds": [ 1717, -1826, -1827, 1824 ], "AREA": 15755.875, "PERIMETER": 502.835, "CODLOC": "030", "NOMMUNI": "VILLA ANGELA", "NOMLOC": "VILLA ANGELA", "FRAC": "07", "RADIO": "05", "MZA": "010", "MZATXT": 10, "UGEO": "", "MZAM": "", "TMZA": 23, "DEPTO10": "098", "FRAC10": "07", "RADIO10": "05", "MZA10": "010", "CEN2010": "0980705010", "LINK2010": "220980705010", "DF": "09807", "TFRAC": 4624, "DFR": "0980705", "TRADIO": 252, "DFRM": "0980705010", "FRACN": 7, "RADION": 5 }, "geometry": { "type": "Polygon", "coordinates": [ [ [ -60.708134705557654, -27.578486355184015 ], [ -60.706919596376935, -27.578506081321144 ], [ -60.706947659476327, -27.579724157116313 ], [ -60.708157313034192, -27.579641291494752 ], [ -60.708134705557654, -27.578486355184015 ] ] ] } },
{ "type": "Feature", "properties": { "ArcIds": [ 1719, -1828, -1829, 1826 ], "AREA": 16303.0, "PERIMETER": 511.531, "CODLOC": "030", "NOMMUNI": "VILLA ANGELA", "NOMLOC": "VILLA ANGELA", "FRAC": "07", "RADIO": "05", "MZA": "009", "MZATXT": 9, "UGEO": "", "MZAM": "", "TMZA": 24, "DEPTO10": "098", "FRAC10": "07", "RADIO10": "05", "MZA10": "009", "CEN2010": "0980705009", "LINK2010": "220980705009", "DF": "09807", "TFRAC": 4624, "DFR": "0980705", "TRADIO": 252, "DFRM": "0980705009", "FRACN": 7, "RADION": 5 }, "geometry": { "type": "Polygon", "coordinates": [ [ [ -60.706919596376935, -27.578506081321144 ], [ -60.705699394316724, -27.578521310787558 ], [ -60.705722380574123, -27.579739412809531 ], [ -60.706947659476327, -27.579724157116313 ], [ -60.706919596376935, -27.578506081321144 ] ] ] } },
{ "type": "Feature", "properties": { "ArcIds": [ 1721, -1830, -1831, 1828 ], "AREA": 20105.25, "PERIMETER": 568.105, "CODLOC": "030", "NOMMUNI": "VILLA ANGELA", "NOMLOC": "VILLA ANGELA", "FRAC": "07", "RADIO": "04", "MZA": "020", "MZATXT": 20, "UGEO": "", "MZAM": "0020", "TMZA": 21, "DEPTO10": "098", "FRAC10": "07", "RADIO10": "06", "MZA10": "020", "CEN2010": "0980706020", "LINK2010": "220980706020", "DF": "09807", "TFRAC": 4624, "DFR": "0980704", "TRADIO": 405, "DFRM": "0980704020", "FRACN": 7, "RADION": 4 }, "geometry": { "type": "Polygon", "coordinates": [ [ [ -60.705699394316724, -27.578521310787558 ], [ -60.704180657340459, -27.578569627009781 ], [ -60.704203511592262, -27.579769682484635 ], [ -60.705722380574123, -27.579739412809531 ], [ -60.705699394316724, -27.578521310787558 ] ] ] } },
{ "type": "Feature", "properties": { "ArcIds": [ 1723, -1834, -1835, 1830 ], "AREA": 13259.625, "PERIMETER": 466.131, "CODLOC": "030", "NOMMUNI": "VILLA ANGELA", "NOMLOC": "VILLA ANGELA", "FRAC": "07", "RADIO": "04", "MZA": "019", "MZATXT": 19, "UGEO": "", "MZAM": "0019", "TMZA": 0, "DEPTO10": "098", "FRAC10": "07", "RADIO10": "06", "MZA10": "019", "CEN2010": "0980706019", "LINK2010": "220980706019", "DF": "09807", "TFRAC": 4624, "DFR": "0980704", "TRADIO": 405, "DFRM": "0980704019", "FRACN": 7, "RADION": 4 }, "geometry": { "type": "Polygon", "coordinates": [ [ [ -60.704180657340459, -27.578569627009781 ], [ -60.70318836083019, -27.578592702509003 ], [ -60.703196158017484, -27.579815394144664 ], [ -60.704203511592262, -27.579769682484635 ], [ -60.704180657340459, -27.578569627009781 ] ] ] } },
{ "type": "Feature", "properties": { "ArcIds": [ 1725, -1832, -1833, 1834 ], "AREA": 16415.0, "PERIMETER": 513.02, "CODLOC": "030", "NOMMUNI": "VILLA ANGELA", "NOMLOC": "VILLA ANGELA", "FRAC": "07", "RADIO": "04", "MZA": "018", "MZATXT": 18, "UGEO": "", "MZAM": "0018", "TMZA": 23, "DEPTO10": "098", "FRAC10": "07", "RADIO10": "06", "MZA10": "018", "CEN2010": "0980706018", "LINK2010": "220980706018", "DF": "09807", "TFRAC": 4624, "DFR": "0980704", "TRADIO": 405, "DFRM": "0980704018", "FRACN": 7, "RADION": 4 }, "geometry": { "type": "Polygon", "coordinates": [ [ [ -60.70318836083019, -27.578592702509003 ], [ -60.701947903213515, -27.578608001586378 ], [ -60.701955514319557, -27.579803622876977 ], [ -60.703196158017484, -27.579815394144664 ], [ -60.70318836083019, -27.578592702509003 ] ] ] } },
{ "type": "Feature", "properties": { "ArcIds": [ 1729, -1836, -1837, 1832 ], "AREA": 15931.25, "PERIMETER": 505.56, "CODLOC": "030", "NOMMUNI": "VILLA ANGELA", "NOMLOC": "VILLA ANGELA", "FRAC": "07", "RADIO": "04", "MZA": "017", "MZATXT": 17, "UGEO": "", "MZAM": "0017", "TMZA": 16, "DEPTO10": "098", "FRAC10": "07", "RADIO10": "06", "MZA10": "017", "CEN2010": "0980706017", "LINK2010": "220980706017", "DF": "09807", "TFRAC": 4624, "DFR": "0980704", "TRADIO": 405, "DFRM": "0980704017", "FRACN": 7, "RADION": 4 }, "geometry": { "type": "Polygon", "coordinates": [ [ [ -60.701947903213515, -27.578608001586378 ], [ -60.700737910985431, -27.578636671647125 ], [ -60.700730318825052, -27.579832369889246 ], [ -60.701955514319557, -27.579803622876977 ], [ -60.701947903213515, -27.578608001586378 ] ] ] } },
{ "type": "Feature", "properties": { "ArcIds": [ 1727, 1838, -1839, 1836 ], "AREA": 15916.25, "PERIMETER": 505.53, "CODLOC": "030", "NOMMUNI": "VILLA ANGELA", "NOMLOC": "VILLA ANGELA", "FRAC": "07", "RADIO": "04", "MZA": "016", "MZATXT": 16, "UGEO": "", "MZAM": "0016", "TMZA": 25, "DEPTO10": "098", "FRAC10": "07", "RADIO10": "06", "MZA10": "016", "CEN2010": "0980706016", "LINK2010": "220980706016", "DF": "09807", "TFRAC": 4624, "DFR": "0980704", "TRADIO": 405, "DFRM": "0980704016", "FRACN": 7, "RADION": 4 }, "geometry": { "type": "Polygon", "coordinates": [ [ [ -60.700737910985431, -27.578636671647125 ], [ -60.699517562247934, -27.578629287934096 ], [ -60.699540480286153, -27.579847392231542 ], [ -60.700730318825052, -27.579832369889246 ], [ -60.700737910985431, -27.578636671647125 ] ] ] } },
{ "type": "Feature", "properties": { "ArcIds": [ 1731, -1840, -1841, -1838 ], "AREA": 16035.25, "PERIMETER": 507.543, "CODLOC": "030", "NOMMUNI": "VILLA ANGELA", "NOMLOC": "VILLA ANGELA", "FRAC": "07", "RADIO": "04", "MZA": "015", "MZATXT": 15, "UGEO": "", "MZAM": "0015", "TMZA": 27, "DEPTO10": "098", "FRAC10": "07", "RADIO10": "06", "MZA10": "015", "CEN2010": "0980706015", "LINK2010": "220980706015", "DF": "09807", "TFRAC": 4624, "DFR": "0980704", "TRADIO": 405, "DFRM": "0980704015", "FRACN": 7, "RADION": 4 }, "geometry": { "type": "Polygon", "coordinates": [ [ [ -60.699517562247934, -27.578629287934096 ], [ -60.698327793424141, -27.578653323214866 ], [ -60.698320289421204, -27.579867068933364 ], [ -60.699540480286153, -27.579847392231542 ], [ -60.699517562247934, -27.578629287934096 ] ] ] } },
{ "type": "Feature", "properties": { "ArcIds": [ 1739, -1845, -1846, -1843, 1840 ], "AREA": 16463.875, "PERIMETER": 513.559, "CODLOC": "030", "NOMMUNI": "VILLA ANGELA", "NOMLOC": "VILLA ANGELA", "FRAC": "07", "RADIO": "04", "MZA": "014", "MZATXT": 14, "UGEO": "", "MZAM": "0014", "TMZA": 20, "DEPTO10": "098", "FRAC10": "07", "RADIO10": "06", "MZA10": "014", "CEN2010": "0980706014", "LINK2010": "220980706014", "DF": "09807", "TFRAC": 4624, "DFR": "0980704", "TRADIO": 405, "DFRM": "0980704014", "FRACN": 7, "RADION": 4 }, "geometry": { "type": "Polygon", "coordinates": [ [ [ -60.698327793424141, -27.578653323214866 ], [ -60.697092396772852, -27.578668553485677 ], [ -60.69710018344125, -27.579900270269714 ], [ -60.697343226277731, -27.579899050082918 ], [ -60.698320289421204, -27.579867068933364 ], [ -60.698327793424141, -27.578653323214866 ] ] ] } },
{ "type": "Feature", "properties": { "ArcIds": [ 1742, -1847, -1848, 1849 ], "AREA": 16960.875, "PERIMETER": 522.031, "CODLOC": "030", "NOMMUNI": "VILLA ANGELA", "NOMLOC": "VILLA ANGELA", "FRAC": "07", "RADIO": "04", "MZA": "011", "MZATXT": 11, "UGEO": "", "MZAM": "0011", "TMZA": 0, "DEPTO10": "098", "FRAC10": "07", "RADIO10": "06", "MZA10": "011", "CEN2010": "0980706011", "LINK2010": "220980706011", "DF": "09807", "TFRAC": 4624, "DFR": "0980704", "TRADIO": 405, "DFRM": "0980704011", "FRACN": 7, "RADION": 4 }, "geometry": { "type": "Polygon", "coordinates": [ [ [ -60.694667058050427, -27.578680706002249 ], [ -60.693436609682983, -27.578677831292563 ], [ -60.693454624186195, -27.579932057397436 ], [ -60.694700248312607, -27.579930343919081 ], [ -60.694667058050427, -27.578680706002249 ] ] ] } },
{ "type": "Feature", "properties": { "ArcIds": [ 1734, 1737, 1851, -1852, 1847 ], "AREA": 9167.75, "PERIMETER": 439.568, "CODLOC": "030", "NOMMUNI": "VILLA ANGELA", "NOMLOC": "VILLA ANGELA", "FRAC": "07", "RADIO": "04", "MZA": "010", "MZATXT": 10, "UGEO": "", "MZAM": "0010", "TMZA": 14, "DEPTO10": "098", "FRAC10": "07", "RADIO10": "06", "MZA10": "010", "CEN2010": "0980706010", "LINK2010": "220980706010", "DF": "09807", "TFRAC": 4624, "DFR": "0980704", "TRADIO": 405, "DFRM": "0980704010", "FRACN": 7, "RADION": 4 }, "geometry": { "type": "Polygon", "coordinates": [ [ [ -60.693436609682983, -27.578677831292563 ], [ -60.692854325493251, -27.578680737448412 ], [ -60.692292294583922, -27.578683540205521 ], [ -60.693267306823472, -27.57993750453749 ], [ -60.693454624186195, -27.579932057397436 ], [ -60.693436609682983, -27.578677831292563 ] ] ] } },
{ "type": "Feature", "properties": { "ArcIds": [ 1741, -1842, -1844, 1845 ], "AREA": 16520.25, "PERIMETER": 515.002, "CODLOC": "030", "NOMMUNI": "VILLA ANGELA", "NOMLOC": "VILLA ANGELA", "FRAC": "07", "RADIO": "04", "MZA": "013", "MZATXT": 13, "UGEO": "", "MZAM": "0013", "TMZA": 19, "DEPTO10": "098", "FRAC10": "07", "RADIO10": "06", "MZA10": "013", "CEN2010": "0980706013", "LINK2010": "220980706013", "DF": "09807", "TFRAC": 4624, "DFR": "0980704", "TRADIO": 405, "DFRM": "0980704013", "FRACN": 7, "RADION": 4 }, "geometry": { "type": "Polygon", "coordinates": [ [ [ -60.697092396772852, -27.578668553485677 ], [ -60.695862005919828, -27.578674723833426 ], [ -60.695874813768029, -27.579901903784013 ], [ -60.69710018344125, -27.579900270269714 ], [ -60.697092396772852, -27.578668553485677 ] ] ] } },
{ "type": "Feature", "properties": { "ArcIds": [ 1744, -1849, -1850, 1842 ], "AREA": 16060.125, "PERIMETER": 508.55, "CODLOC": "030", "NOMMUNI": "VILLA ANGELA", "NOMLOC": "VILLA ANGELA", "FRAC": "07", "RADIO": "04", "MZA": "012", "MZATXT": 12, "UGEO": "", "MZAM": "0012", "TMZA": 21, "DEPTO10": "098", "FRAC10": "07", "RADIO10": "06", "MZA10": "012", "CEN2010": "0980706012", "LINK2010": "220980706012", "DF": "09807", "TFRAC": 4624, "DFR": "0980704", "TRADIO": 405, "DFRM": "0980704012", "FRACN": 7, "RADION": 4 }, "geometry": { "type": "Polygon", "coordinates": [ [ [ -60.695862005919828, -27.578674723833426 ], [ -60.694667058050427, -27.578680706002249 ], [ -60.694700248312607, -27.579930343919081 ], [ -60.695874813768029, -27.579901903784013 ], [ -60.695862005919828, -27.578674723833426 ] ] ] } },
{ "type": "Feature", "properties": { "ArcIds": [ 1862, -1863, -1858, -1769 ], "AREA": 9519.0, "PERIMETER": 403.382, "CODLOC": "030", "NOMMUNI": "VILLA ANGELA", "NOMLOC": "VILLA ANGELA", "FRAC": "09", "RADIO": "09", "MZA": "004", "MZATXT": 4, "UGEO": "", "MZAM": "0002", "TMZA": 2, "DEPTO10": "098", "FRAC10": "07", "RADIO10": "13", "MZA10": "002", "CEN2010": "0980713002", "LINK2010": "220980713002", "DF": "09809", "TFRAC": 3754, "DFR": "0980909", "TRADIO": 231, "DFRM": "0980909004", "FRACN": 9, "RADION": 9 }, "geometry": { "type": "Polygon", "coordinates": [ [ [ -60.725548103712107, -27.579271785402923 ], [ -60.725436277525439, -27.579976227555104 ], [ -60.726757696569507, -27.579951270994901 ], [ -60.726763422231024, -27.579283478448676 ], [ -60.725548103712107, -27.579271785402923 ] ] ] } },
{ "type": "Feature", "properties": { "ArcIds": [ -1761, -1763, -1860, -1861, -1862, -1755 ], "AREA": 18615.125, "PERIMETER": 641.881, "CODLOC": "030", "NOMMUNI": "VILLA ANGELA", "NOMLOC": "VILLA ANGELA", "FRAC": "09", "RADIO": "09", "MZA": "005", "MZATXT": 5, "UGEO": "", "MZAM": "0003", "TMZA": 0, "DEPTO10": "098", "FRAC10": "07", "RADIO10": "13", "MZA10": "003", "CEN2010": "0980713003", "LINK2010": "220980713003", "DF": "09809", "TFRAC": 3754, "DFR": "0980909", "TRADIO": 231, "DFRM": "0980909005", "FRACN": 9, "RADION": 9 }, "geometry": { "type": "Polygon", "coordinates": [ [ [ -60.724302612643804, -27.579291822458181 ], [ -60.725492407055455, -27.579272076371751 ], [ -60.725548103712107, -27.579271785402923 ], [ -60.725436277525439, -27.579976227555104 ], [ -60.723036182639369, -27.579979720259583 ], [ -60.723011462070502, -27.579298550328353 ], [ -60.724302612643804, -27.579291822458181 ] ] ] } },
{ "type": "Feature", "properties": { "ArcIds": [ -1771, 1858, -1859, -1857, -1805, -1757 ], "AREA": 18380.0, "PERIMETER": 640.523, "CODLOC": "030", "NOMMUNI": "VILLA ANGELA", "NOMLOC": "VILLA ANGELA", "FRAC": "09", "RADIO": "09", "MZA": "003", "MZATXT": 3, "UGEO": "", "MZAM": "0001", "TMZA": 6, "DEPTO10": "098", "FRAC10": "07", "RADIO10": "13", "MZA10": "001", "CEN2010": "0980713001", "LINK2010": "220980713001", "DF": "09809", "TFRAC": 3754, "DFR": "0980909", "TRADIO": 231, "DFRM": "0980909003", "FRACN": 9, "RADION": 9 }, "geometry": { "type": "Polygon", "coordinates": [ [ [ -60.726763422231024, -27.579283478448676 ], [ -60.727943088941501, -27.579263764369049 ], [ -60.729254550679634, -27.579265907812658 ], [ -60.729255147447013, -27.579356142841085 ], [ -60.72925390346537, -27.579933673583419 ], [ -60.726757696569507, -27.579951270994901 ], [ -60.726763422231024, -27.579283478448676 ] ] ] } },
{ "type": "Feature", "properties": { "ArcIds": [ 1796, -1867, -1892, -1893, -1888, -1884, -1883, -1882, 1860, 0, -1874, 0, -1875, 0, -1887 ], "AREA": 89333.625, "PERIMETER": 1368.737, "CODLOC": "030", "NOMMUNI": "VILLA ANGELA", "NOMLOC": "VILLA ANGELA", "FRAC": "07", "RADIO": "06", "MZA": "001", "MZATXT": 1, "UGEO": "", "MZAM": "0001", "TMZA": 23, "DEPTO10": "098", "FRAC10": "07", "RADIO10": "10", "MZA10": "001", "CEN2010": "0980710001", "LINK2010": "220980710001", "DF": "09807", "TFRAC": 4624, "DFR": "0980706", "TRADIO": 362, "DFRM": "0980706001", "FRACN": 7, "RADION": 6 }, "geometry": { "type": "Polygon", "coordinates": [ [ [ -60.723011462070502, -27.579298550328353 ], [ -60.717837110450752, -27.579384047051327 ], [ -60.717866921230829, -27.580074215856644 ], [ -60.717918190559637, -27.580949262109851 ], [ -60.719224522730713, -27.580937990792091 ], [ -60.720540951683368, -27.580922142888248 ], [ -60.721685223959568, -27.580907177271577 ], [ -60.723057349133576, -27.580891016068151 ], [ -60.723036182639369, -27.579979720259583 ], [ -60.723011462070502, -27.579298550328353 ] ] ] } },
{ "type": "Feature", "properties": { "ArcIds": [ 1766, 1768, 1777, 1955, 1956, -1954, 1772 ], "AREA": 253474.875, "PERIMETER": 2209.537, "CODLOC": "030", "NOMMUNI": "VILLA ANGELA", "NOMLOC": "VILLA ANGELA", "FRAC": "02", "RADIO": "02", "MZA": "021", "MZATXT": 21, "UGEO": "", "MZAM": "", "TMZA": 9, "DEPTO10": "098", "FRAC10": "02", "RADIO10": "02", "MZA10": "012", "CEN2010": "0980202012", "LINK2010": "220980202012", "DF": "09802", "TFRAC": 904, "DFR": "0980202", "TRADIO": 100, "DFRM": "0980202021", "FRACN": 2, "RADION": 2 }, "geometry": { "type": "Polygon", "coordinates": [ [ [ -60.751011636854422, -27.579154467602311 ], [ -60.749654672765985, -27.579161799066654 ], [ -60.748252138449487, -27.579169362805366 ], [ -60.745842067035653, -27.579191350813623 ], [ -60.745846653133732, -27.582115035808243 ], [ -60.753781054576159, -27.582072194109539 ], [ -60.753715467741273, -27.579144331590694 ], [ -60.751011636854422, -27.579154467602311 ] ] ] } },
{ "type": "Feature", "properties": { "ArcIds": [ -1781, 1962, 1963, -1955, -1775 ], "AREA": 79641.75, "PERIMETER": 1139.522, "CODLOC": "030", "NOMMUNI": "VILLA ANGELA", "NOMLOC": "VILLA ANGELA", "FRAC": "09", "RADIO": "06", "MZA": "018", "MZATXT": 18, "UGEO": "", "MZAM": "", "TMZA": 0, "DEPTO10": "098", "FRAC10": "07", "RADIO10": "01", "MZA10": "051", "CEN2010": "0980701051", "LINK2010": "220980701051", "DF": "09809", "TFRAC": 3754, "DFR": "0980906", "TRADIO": 390, "DFRM": "0980906018", "FRACN": 9, "RADION": 6 }, "geometry": { "type": "Polygon", "coordinates": [ [ [ -60.74335601356303, -27.579209191825335 ], [ -60.744312917976799, -27.579195042798816 ], [ -60.745842067035653, -27.579191350813623 ], [ -60.745846653133732, -27.582115035808243 ], [ -60.743375845759104, -27.582150843822145 ], [ -60.74335601356303, -27.579209191825335 ] ] ] } },
{ "type": "Feature", "properties": { "ArcIds": [ 1960, 1961, 1966, -1967, -1784, -1779 ], "AREA": 47961.75, "PERIMETER": 945.515, "CODLOC": "030", "NOMMUNI": "VILLA ANGELA", "NOMLOC": "VILLA ANGELA", "FRAC": "09", "RADIO": "06", "MZA": "020", "MZATXT": 20, "UGEO": "", "MZAM": "", "TMZA": 0, "DEPTO10": "098", "FRAC10": "07", "RADIO10": "01", "MZA10": "053", "CEN2010": "0980701053", "LINK2010": "220980701053", "DF": "09809", "TFRAC": 3754, "DFR": "0980906", "TRADIO": 390, "DFRM": "0980906020", "FRACN": 9, "RADION": 6 }, "geometry": { "type": "Polygon", "coordinates": [ [ [ -60.739426853202161, -27.579225655581613 ], [ -60.73945158352177, -27.582158259752266 ], [ -60.739800961496719, -27.582156398921413 ], [ -60.740940328229428, -27.58216386010254 ], [ -60.740925654623339, -27.579226691211197 ], [ -60.739695208861875, -27.579224226513265 ], [ -60.739426853202161, -27.579225655581613 ] ] ] } },
{ "type": "Feature", "properties": { "ArcIds": [ 1958, 1959, -1960, -1788 ], "AREA": 30236.375, "PERIMETER": 835.007, "CODLOC": "030", "NOMMUNI": "VILLA ANGELA", "NOMLOC": "VILLA ANGELA", "FRAC": "09", "RADIO": "06", "MZA": "021", "MZATXT": 21, "UGEO": "", "MZAM": "", "TMZA": 22, "DEPTO10": "098", "FRAC10": "07", "RADIO10": "01", "MZA10": "054", "CEN2010": "0980701054", "LINK2010": "220980701054", "DF": "09809", "TFRAC": 3754, "DFR": "0980906", "TRADIO": 390, "DFRM": "0980906021", "FRACN": 9, "RADION": 6 }, "geometry": { "type": "Polygon", "coordinates": [ [ [ -60.738485137011452, -27.579239690184437 ], [ -60.738504688186296, -27.58215878671496 ], [ -60.73945158352177, -27.582158259752266 ], [ -60.739426853202161, -27.579225655581613 ], [ -60.738485137011452, -27.579239690184437 ] ] ] } },
{ "type": "Feature", "properties": { "ArcIds": [ -1786, 1967, 1968, 1965, 1964, -1962, -1783 ], "AREA": 78230.875, "PERIMETER": 1132.001, "CODLOC": "030", "NOMMUNI": "VILLA ANGELA", "NOMLOC": "VILLA ANGELA", "FRAC": "09", "RADIO": "06", "MZA": "019", "MZATXT": 19, "UGEO": "", "MZAM": "", "TMZA": 0, "DEPTO10": "098", "FRAC10": "07", "RADIO10": "01", "MZA10": "052", "CEN2010": "0980701052", "LINK2010": "220980701052", "DF": "09809", "TFRAC": 3754, "DFR": "0980906", "TRADIO": 390, "DFRM": "0980906019", "FRACN": 9, "RADION": 6 }, "geometry": { "type": "Polygon", "coordinates": [ [ [ -60.740925654623339, -27.579226691211197 ], [ -60.742161102748746, -27.579220094470518 ], [ -60.74335601356303, -27.579209191825335 ], [ -60.743375845759104, -27.582150843822145 ], [ -60.742702407603574, -27.582154447190199 ], [ -60.742018842430646, -27.582158101404975 ], [ -60.740940328229428, -27.58216386010254 ], [ -60.740925654623339, -27.579226691211197 ] ] ] } },
{ "type": "Feature", "properties": { "ArcIds": [ -1792, 1973, 2005, 2038, 2066, -2067, -2002, -1958, -1790, 0, -1957, 0, -2006 ], "AREA": 116131.5, "PERIMETER": 1420.326, "CODLOC": "030", "NOMMUNI": "VILLA ANGELA", "NOMLOC": "VILLA ANGELA", "FRAC": "09", "RADIO": "01", "MZA": "030", "MZATXT": 30, "UGEO": "", "MZAM": "", "TMZA": 30, "DEPTO10": "098", "FRAC10": "07", "RADIO10": "01", "MZA10": "055", "CEN2010": "0980701055", "LINK2010": "220980701055", "DF": "09809", "TFRAC": 3754, "DFR": "0980901", "TRADIO": 398, "DFRM": "0980901030", "FRACN": 9, "RADION": 1 }, "geometry": { "type": "Polygon", "coordinates": [ [ [ -60.735548592984884, -27.579282345729499 ], [ -60.736880125710108, -27.579257239415131 ], [ -60.738485137011452, -27.579239690184437 ], [ -60.738504688186296, -27.58215878671496 ], [ -60.738519318077017, -27.582830982114842 ], [ -60.738539313995567, -27.583548267907886 ], [ -60.738066896948418, -27.58332518462537 ], [ -60.737142563769602, -27.582914999520668 ], [ -60.735573190111822, -27.582210440840331 ], [ -60.735548592984884, -27.579282345729499 ] ] ] } },
{ "type": "Feature", "properties": { "ArcIds": [ 1933, 1972, -1973, -1794 ], "AREA": 37832.25, "PERIMETER": 858.629, "CODLOC": "030", "NOMMUNI": "VILLA ANGELA", "NOMLOC": "VILLA ANGELA", "FRAC": "09", "RADIO": "07", "MZA": "011", "MZATXT": 11, "UGEO": "", "MZAM": "", "TMZA": 1, "DEPTO10": "098", "FRAC10": "07", "RADIO10": "12", "MZA10": "011", "CEN2010": "0980712011", "LINK2010": "220980712011", "DF": "09809", "TFRAC": 3754, "DFR": "0980907", "TRADIO": 218, "DFRM": "0980907011", "FRACN": 9, "RADION": 7 }, "geometry": { "type": "Polygon", "coordinates": [ [ [ -60.73422712590461, -27.57929836225734 ], [ -60.734268095783349, -27.581648847872238 ], [ -60.735573190111822, -27.582210440840331 ], [ -60.735548592984884, -27.579282345729499 ], [ -60.73422712590461, -27.57929836225734 ] ] ] } },
{ "type": "Feature", "properties": { "ArcIds": [ -1804, 1880, -1917, 1932, -1933, -1799 ], "AREA": 46853.5, "PERIMETER": 897.796, "CODLOC": "030", "NOMMUNI": "VILLA ANGELA", "NOMLOC": "VILLA ANGELA", "FRAC": "09", "RADIO": "07", "MZA": "012", "MZATXT": 12, "UGEO": "", "MZAM": "", "TMZA": 21, "DEPTO10": "098", "FRAC10": "07", "RADIO10": "12", "MZA10": "012", "CEN2010": "0980712012", "LINK2010": "220980712012", "DF": "09809", "TFRAC": 3754, "DFR": "0980907", "TRADIO": 218, "DFRM": "0980907012", "FRACN": 9, "RADION": 7 }, "geometry": { "type": "Polygon", "coordinates": [ [ [ -60.731812129262238, -27.579342692391698 ], [ -60.733001861325477, -27.579313858485133 ], [ -60.73422712590461, -27.57929836225734 ], [ -60.734268095783349, -27.581648847872238 ], [ -60.733059489225894, -27.581127340249818 ], [ -60.731809218979627, -27.580430077136196 ], [ -60.731812129262238, -27.579342692391698 ] ] ] } },
{ "type": "Feature", "properties": { "ArcIds": [ 1802, 1868, -1869, 1867 ], "AREA": 8906.5, "PERIMETER": 384.622, "CODLOC": "030", "NOMMUNI": "VILLA ANGELA", "NOMLOC": "VILLA ANGELA", "FRAC": "07", "RADIO": "07", "MZA": "001", "MZATXT": 1, "UGEO": "", "MZAM": "0001", "TMZA": 3, "DEPTO10": "098", "FRAC10": "07", "RADIO10": "09", "MZA10": "001", "CEN2010": "0980709001", "LINK2010": "220980709001", "DF": "09807", "TFRAC": 4624, "DFR": "0980707", "TRADIO": 248, "DFRM": "0980707001", "FRACN": 7, "RADION": 7 }, "geometry": { "type": "Polygon", "coordinates": [ [ [ -60.717837110450752, -27.579384047051327 ], [ -60.716687818669705, -27.579403518564497 ], [ -60.716697515377689, -27.580116351093096 ], [ -60.717866921230829, -27.580074215856644 ], [ -60.717837110450752, -27.579384047051327 ] ] ] } },
{ "type": "Feature", "properties": { "ArcIds": [ 1800, 1870, -1871, -1868 ], "AREA": 9478.875, "PERIMETER": 396.618, "CODLOC": "030", "NOMMUNI": "VILLA ANGELA", "NOMLOC": "VILLA ANGELA", "FRAC": "07", "RADIO": "07", "MZA": "002", "MZATXT": 2, "UGEO": "", "MZAM": "0002", "TMZA": 0, "DEPTO10": "098", "FRAC10": "07", "RADIO10": "09", "MZA10": "002", "CEN2010": "0980709002", "LINK2010": "220980709002", "DF": "09807", "TFRAC": 4624, "DFR": "0980707", "TRADIO": 248, "DFRM": "0980707002", "FRACN": 7, "RADION": 7 }, "geometry": { "type": "Polygon", "coordinates": [ [ [ -60.716687818669705, -27.579403518564497 ], [ -60.715518097194277, -27.579396014333522 ], [ -60.715482391557003, -27.580136152461758 ], [ -60.716697515377689, -27.580116351093096 ], [ -60.716687818669705, -27.579403518564497 ] ] ] } },
{ "type": "Feature", "properties": { "ArcIds": [ -1872, -1873, -1870, -1810 ], "AREA": 4136.375, "PERIMETER": 263.502, "CODLOC": "030", "NOMMUNI": "VILLA ANGELA", "NOMLOC": "VILLA ANGELA", "FRAC": "07", "RADIO": "07", "MZA": "003", "MZATXT": 3, "UGEO": "", "MZAM": "0003", "TMZA": 0, "DEPTO10": "098", "FRAC10": "07", "RADIO10": "09", "MZA10": "003", "CEN2010": "0980709003", "LINK2010": "220980709003", "DF": "09807", "TFRAC": 4624, "DFR": "0980707", "TRADIO": 248, "DFRM": "0980707003", "FRACN": 7, "RADION": 7 }, "geometry": { "type": "Polygon", "coordinates": [ [ [ -60.714981262853321, -27.580161292947274 ], [ -60.714951557844891, -27.579484658485132 ], [ -60.715518097194277, -27.579396014333522 ], [ -60.715482391557003, -27.580136152461758 ], [ -60.714981262853321, -27.580161292947274 ] ] ] } },
{ "type": "Feature", "properties": { "ArcIds": [ -1809, 1864, -1879, -1880, -1807 ], "AREA": 12921.25, "PERIMETER": 472.074, "CODLOC": "030", "NOMMUNI": "VILLA ANGELA", "NOMLOC": "VILLA ANGELA", "FRAC": "09", "RADIO": "09", "MZA": "001", "MZATXT": 1, "UGEO": "", "MZAM": "0017", "TMZA": 11, "DEPTO10": "098", "FRAC10": "07", "RADIO10": "13", "MZA10": "017", "CEN2010": "0980713017", "LINK2010": "220980713017", "DF": "09809", "TFRAC": 3754, "DFR": "0980909", "TRADIO": 231, "DFRM": "0980909001", "FRACN": 9, "RADION": 9 }, "geometry": { "type": "Polygon", "coordinates": [ [ [ -60.730419743528195, -27.579354534481094 ], [ -60.730576706776283, -27.579353708849844 ], [ -60.731812129262238, -27.579342692391698 ], [ -60.731809218979627, -27.580430077136196 ], [ -60.730423808099999, -27.57996813248354 ], [ -60.730419743528195, -27.579354534481094 ] ] ] } },
{ "type": "Feature", "properties": { "ArcIds": [ 1857, -1885, -1979, -1980, -1977, -1970, -1881, 1879, -1864, -1808 ], "AREA": 67798.875, "PERIMETER": 1101.109, "CODLOC": "030", "NOMMUNI": "VILLA ANGELA", "NOMLOC": "VILLA ANGELA", "FRAC": "09", "RADIO": "09", "MZA": "002", "MZATXT": 2, "UGEO": "", "MZAM": "0007", "TMZA": 16, "DEPTO10": "098", "FRAC10": "07", "RADIO10": "13", "MZA10": "007", "CEN2010": "0980713007", "LINK2010": "220980713007", "DF": "09809", "TFRAC": 3754, "DFR": "0980909", "TRADIO": 231, "DFRM": "0980909002", "FRACN": 9, "RADION": 9 }, "geometry": { "type": "Polygon", "coordinates": [ [ [ -60.729255147447013, -27.579356142841085 ], [ -60.72925390346537, -27.579933673583419 ], [ -60.729270296637694, -27.580881088052418 ], [ -60.729284521614765, -27.582266168689568 ], [ -60.73064147036866, -27.582250012016964 ], [ -60.731826170877127, -27.582221214221608 ], [ -60.731810147256347, -27.580569941326438 ], [ -60.731809218979627, -27.580430077136196 ], [ -60.730423808099999, -27.57996813248354 ], [ -60.730419743528195, -27.579354534481094 ], [ -60.729255147447013, -27.579356142841085 ] ] ] } },
{ "type": "Feature", "properties": { "ArcIds": [ -1903, -1904, -1897, 1872, -1812 ], "AREA": 12039.875, "PERIMETER": 476.756, "CODLOC": "030", "NOMMUNI": "VILLA ANGELA", "NOMLOC": "VILLA ANGELA", "FRAC": "07", "RADIO": "07", "MZA": "004", "MZATXT": 4, "UGEO": "", "MZAM": "0004", "TMZA": 1, "DEPTO10": "098", "FRAC10": "07", "RADIO10": "09", "MZA10": "004", "CEN2010": "0980709004", "LINK2010": "220980709004", "DF": "09807", "TFRAC": 4624, "DFR": "0980707", "TRADIO": 248, "DFRM": "0980707004", "FRACN": 7, "RADION": 7 }, "geometry": { "type": "Polygon", "coordinates": [ [ [ -60.714272849376783, -27.581017690419934 ], [ -60.714222580919042, -27.579510968992125 ], [ -60.714951557844891, -27.579484658485132 ], [ -60.714981262853321, -27.580161292947274 ], [ -60.715001748465895, -27.580977844172459 ], [ -60.714272849376783, -27.581017690419934 ] ] ] } },
{ "type": "Feature", "properties": { "ArcIds": [ -1905, -1906, 1903, -1815 ], "AREA": 13241.25, "PERIMETER": 492.092, "CODLOC": "030", "NOMMUNI": "VILLA ANGELA", "NOMLOC": "VILLA ANGELA", "FRAC": "07", "RADIO": "07", "MZA": "005", "MZATXT": 5, "UGEO": "", "MZAM": "0005", "TMZA": 0, "DEPTO10": "098", "FRAC10": "07", "RADIO10": "09", "MZA10": "005", "CEN2010": "0980709005", "LINK2010": "220980709005", "DF": "09807", "TFRAC": 4624, "DFR": "0980707", "TRADIO": 248, "DFRM": "0980707005", "FRACN": 7, "RADION": 7 }, "geometry": { "type": "Polygon", "coordinates": [ [ [ -60.713457696231771, -27.581030904511103 ], [ -60.713427750708348, -27.579533102071547 ], [ -60.714222580919042, -27.579510968992125 ], [ -60.714272849376783, -27.581017690419934 ], [ -60.713457696231771, -27.581030904511103 ] ] ] } },
{ "type": "Feature", "properties": { "ArcIds": [ -1816, -1854, -1866, -1909, -1910, 1905, -1814 ], "AREA": 24184.375, "PERIMETER": 630.13, "CODLOC": "030", "NOMMUNI": "VILLA ANGELA", "NOMLOC": "VILLA ANGELA", "FRAC": "07", "RADIO": "08", "MZA": "001", "MZATXT": 1, "UGEO": "", "MZAM": "0010", "TMZA": 1, "DEPTO10": "098", "FRAC10": "07", "RADIO10": "09", "MZA10": "010", "CEN2010": "0980709010", "LINK2010": "220980709010", "DF": "09807", "TFRAC": 4624, "DFR": "0980708", "TRADIO": 245, "DFRM": "0980708001", "FRACN": 7, "RADION": 8 }, "geometry": { "type": "Polygon", "coordinates": [ [ [ -60.712258143997872, -27.579543617474698 ], [ -60.713007462806175, -27.579530748587981 ], [ -60.713427750708348, -27.579533102071547 ], [ -60.713457696231771, -27.581030904511103 ], [ -60.711842491918397, -27.581043705183223 ], [ -60.71185150706841, -27.580087132521701 ], [ -60.712184670538889, -27.579927507271382 ], [ -60.712245168778296, -27.579886589753286 ], [ -60.712260096610919, -27.57984590593594 ], [ -60.712258143997872, -27.579543617474698 ] ] ] } },
{ "type": "Feature", "properties": { "ArcIds": [ 1819, -1853, -1865, 1866, 1854, -1818 ], "AREA": 4365.75, "PERIMETER": 262.751, "CODLOC": "030", "NOMMUNI": "VILLA ANGELA", "NOMLOC": "VILLA ANGELA", "FRAC": "07", "RADIO": "08", "MZA": "002", "MZATXT": 2, "UGEO": "", "MZAM": "", "TMZA": 0, "DEPTO10": "098", "FRAC10": "07", "RADIO10": "09", "MZA10": "006", "CEN2010": "0980709006", "LINK2010": "220980709006", "DF": "09807", "TFRAC": 4624, "DFR": "0980708", "TRADIO": 245, "DFRM": "0980708002", "FRACN": 7, "RADION": 8 }, "geometry": { "type": "Polygon", "coordinates": [ [ [ -60.711812597446162, -27.579550413752095 ], [ -60.711331694592609, -27.579570925455524 ], [ -60.711338329666106, -27.579814535045916 ], [ -60.711348747476343, -27.579859600864058 ], [ -60.711419896712421, -27.579899843667096 ], [ -60.711597784586004, -27.580002706394119 ], [ -60.71185150706841, -27.580087132521701 ], [ -60.712184670538889, -27.579927507271382 ], [ -60.712245168778296, -27.579886589753286 ], [ -60.712260096610919, -27.57984590593594 ], [ -60.712258143997872, -27.579543617474698 ], [ -60.711812597446162, -27.579550413752095 ] ] ] } },
{ "type": "Feature", "properties": { "ArcIds": [ 1821, 1911, -1912, 1909, 1865, 1853 ], "AREA": 17664.25, "PERIMETER": 551.699, "CODLOC": "030", "NOMMUNI": "VILLA ANGELA", "NOMLOC": "VILLA ANGELA", "FRAC": "07", "RADIO": "08", "MZA": "003", "MZATXT": 3, "UGEO": "", "MZAM": "0009", "TMZA": 0, "DEPTO10": "098", "FRAC10": "07", "RADIO10": "09", "MZA10": "009", "CEN2010": "0980709009", "LINK2010": "220980709009", "DF": "09807", "TFRAC": 4624, "DFR": "0980708", "TRADIO": 245, "DFRM": "0980708003", "FRACN": 7, "RADION": 8 }, "geometry": { "type": "Polygon", "coordinates": [ [ [ -60.711331694592609, -27.579570925455524 ], [ -60.710602570403097, -27.579574658138071 ], [ -60.710642662607341, -27.581081433618458 ], [ -60.711842491918397, -27.581043705183223 ], [ -60.71185150706841, -27.580087132521701 ], [ -60.711597784586004, -27.580002706394119 ], [ -60.711419896712421, -27.579899843667096 ], [ -60.711348747476343, -27.579859600864058 ], [ -60.711338329666106, -27.579814535045916 ], [ -60.711331694592609, -27.579570925455524 ] ] ] } },
{ "type": "Feature", "properties": { "ArcIds": [ 1823, -1913, -1914, -1911 ], "AREA": 19970.0, "PERIMETER": 572.106, "CODLOC": "030", "NOMMUNI": "VILLA ANGELA", "NOMLOC": "VILLA ANGELA", "FRAC": "07", "RADIO": "08", "MZA": "004", "MZATXT": 4, "UGEO": "", "MZAM": "0007", "TMZA": 0, "DEPTO10": "098", "FRAC10": "07", "RADIO10": "09", "MZA10": "007", "CEN2010": "0980709007", "LINK2010": "220980709007", "DF": "09807", "TFRAC": 4624, "DFR": "0980708", "TRADIO": 245, "DFRM": "0980708004", "FRACN": 7, "RADION": 8 }, "geometry": { "type": "Polygon", "coordinates": [ [ [ -60.710602570403097, -27.579574658138071 ], [ -60.709382531949785, -27.579616990801835 ], [ -60.709412248417422, -27.581087724511868 ], [ -60.710642662607341, -27.581081433618458 ], [ -60.710602570403097, -27.579574658138071 ] ] ] } },
{ "type": "Feature", "properties": { "ArcIds": [ 1825, 1876, 1915, -1916, 1913 ], "AREA": 19450.75, "PERIMETER": 564.596, "CODLOC": "030", "NOMMUNI": "VILLA ANGELA", "NOMLOC": "VILLA ANGELA", "FRAC": "07", "RADIO": "08", "MZA": "005", "MZATXT": 5, "UGEO": "", "MZAM": "0008", "TMZA": 0, "DEPTO10": "098", "FRAC10": "07", "RADIO10": "09", "MZA10": "008", "CEN2010": "0980709008", "LINK2010": "220980709008", "DF": "09807", "TFRAC": 4624, "DFR": "0980708", "TRADIO": 245, "DFRM": "0980708005", "FRACN": 7, "RADION": 8 }, "geometry": { "type": "Polygon", "coordinates": [ [ [ -60.709382531949785, -27.579616990801835 ], [ -60.708157313034192, -27.579641291494752 ], [ -60.708181391454424, -27.580236742110394 ], [ -60.708212272400011, -27.581102873117537 ], [ -60.709412248417422, -27.581087724511868 ], [ -60.709382531949785, -27.579616990801835 ] ] ] } },
{ "type": "Feature", "properties": { "ArcIds": [ 1827, 1829, 1831, 1835, 1833, 1837, 1839, 1841, 1843, 1907, -1908, -1894, -1878, -1877, -1876 ], "AREA": 111186.133, "PERIMETER": 2413.35, "CODLOC": "030", "NOMMUNI": "VILLA ANGELA", "NOMLOC": "VILLA ANGELA", "FRAC": "07", "RADIO": "09", "MZA": "001", "MZATXT": 1, "UGEO": "", "MZAM": "", "TMZA": 18, "DEPTO10": "098", "FRAC10": "07", "RADIO10": "08", "MZA10": "002", "CEN2010": "0980708002", "LINK2010": "220980708002", "DF": "09807", "TFRAC": 4624, "DFR": "0980709", "TRADIO": 228, "DFRM": "0980709001", "FRACN": 7, "RADION": 9 }, "geometry": { "type": "Polygon", "coordinates": [ [ [ -60.708157313034192, -27.579641291494752 ], [ -60.706947659476327, -27.579724157116313 ], [ -60.705722380574123, -27.579739412809531 ], [ -60.704203511592262, -27.579769682484635 ], [ -60.703196158017484, -27.579815394144664 ], [ -60.701955514319557, -27.579803622876977 ], [ -60.700730318825052, -27.579832369889246 ], [ -60.699540480286153, -27.579847392231542 ], [ -60.698320289421204, -27.579867068933364 ], [ -60.697343226277731, -27.579899050082918 ], [ -60.69735090201403, -27.581112719456147 ], [ -60.703533021589799, -27.581027395045567 ], [ -60.703589176432772, -27.580305203066366 ], [ -60.705634733412133, -27.580285800622654 ], [ -60.708181391454424, -27.580236742110394 ], [ -60.708157313034192, -27.579641291494752 ] ] ] } },
{ "type": "Feature", "properties": { "ArcIds": [ 1844, 1850, 1848, 1852, 1856, -2135, -2136, -2137, -2116, -2106, -1907, 1846 ], "AREA": 512164.125, "PERIMETER": 3002.283, "CODLOC": "030", "NOMMUNI": "VILLA ANGELA", "NOMLOC": "VILLA ANGELA", "FRAC": "07", "RADIO": "09", "MZA": "002", "MZATXT": 2, "UGEO": "", "MZAM": "", "TMZA": 10, "DEPTO10": "098", "FRAC10": "07", "RADIO10": "08", "MZA10": "003", "CEN2010": "0980708003", "LINK2010": "220980708003", "DF": "09807", "TFRAC": 4624, "DFR": "0980709", "TRADIO": 228, "DFRM": "0980709002", "FRACN": 7, "RADION": 9 }, "geometry": { "type": "Polygon", "coordinates": [ [ [ -60.69710018344125, -27.579900270269714 ], [ -60.695874813768029, -27.579901903784013 ], [ -60.694700248312607, -27.579930343919081 ], [ -60.693454624186195, -27.579932057397436 ], [ -60.693267306823472, -27.57993750453749 ], [ -60.687373900362076, -27.580029966333722 ], [ -60.68746895361032, -27.584717390634893 ], [ -60.689737513020027, -27.584715164765107 ], [ -60.694132364797291, -27.584634610345613 ], [ -60.697418220237353, -27.58455046734321 ], [ -60.69735090201403, -27.581112719456147 ], [ -60.697343226277731, -27.579899050082918 ], [ -60.69710018344125, -27.579900270269714 ] ] ] } },
{ "type": "Feature", "properties": { "ArcIds": [ 1859, -1889, -1890, 1885 ], "AREA": 26023.25, "PERIMETER": 705.008, "CODLOC": "030", "NOMMUNI": "VILLA ANGELA", "NOMLOC": "VILLA ANGELA", "FRAC": "09", "RADIO": "09", "MZA": "008", "MZATXT": 8, "UGEO": "", "MZAM": "0006", "TMZA": 28, "DEPTO10": "098", "FRAC10": "07", "RADIO10": "13", "MZA10": "006", "CEN2010": "0980713006", "LINK2010": "220980713006", "DF": "09809", "TFRAC": 3754, "DFR": "0980909", "TRADIO": 231, "DFRM": "0980909008", "FRACN": 9, "RADION": 9 }, "geometry": { "type": "Polygon", "coordinates": [ [ [ -60.72925390346537, -27.579933673583419 ], [ -60.726757696569507, -27.579951270994901 ], [ -60.726758907826444, -27.580903277418816 ], [ -60.729270296637694, -27.580881088052418 ], [ -60.72925390346537, -27.579933673583419 ] ] ] } },
{ "type": "Feature", "properties": { "ArcIds": [ 1863, -1901, -1902, 1889 ], "AREA": 13805.875, "PERIMETER": 472.551, "CODLOC": "030", "NOMMUNI": "VILLA ANGELA", "NOMLOC": "VILLA ANGELA", "FRAC": "09", "RADIO": "09", "MZA": "007", "MZATXT": 7, "UGEO": "", "MZAM": "0005", "TMZA": 22, "DEPTO10": "098", "FRAC10": "07", "RADIO10": "13", "MZA10": "005", "CEN2010": "0980713005", "LINK2010": "220980713005", "DF": "09809", "TFRAC": 3754, "DFR": "0980909", "TRADIO": 231, "DFRM": "0980909007", "FRACN": 9, "RADION": 9 }, "geometry": { "type": "Polygon", "coordinates": [ [ [ -60.726757696569507, -27.579951270994901 ], [ -60.725436277525439, -27.579976227555104 ], [ -60.725442600155596, -27.580937231264986 ], [ -60.726758907826444, -27.580903277418816 ], [ -60.726757696569507, -27.579951270994901 ] ] ] } },
{ "type": "Feature", "properties": { "ArcIds": [ 1861, 1882, -1899, -1900, 1901 ], "AREA": 24718.625, "PERIMETER": 680.131, "CODLOC": "030", "NOMMUNI": "VILLA ANGELA", "NOMLOC": "VILLA ANGELA", "FRAC": "09", "RADIO": "09", "MZA": "006", "MZATXT": 6, "UGEO": "", "MZAM": "0004", "TMZA": 1, "DEPTO10": "098", "FRAC10": "07", "RADIO10": "13", "MZA10": "004", "CEN2010": "0980713004", "LINK2010": "220980713004", "DF": "09809", "TFRAC": 3754, "DFR": "0980909", "TRADIO": 231, "DFRM": "0980909006", "FRACN": 9, "RADION": 9 }, "geometry": { "type": "Polygon", "coordinates": [ [ [ -60.725436277525439, -27.579976227555104 ], [ -60.723036182639369, -27.579979720259583 ], [ -60.723057349133576, -27.580891016068151 ], [ -60.724419732116239, -27.580933546958548 ], [ -60.725442600155596, -27.580937231264986 ], [ -60.725436277525439, -27.579976227555104 ] ] ] } },
{ "type": "Feature", "properties": { "ArcIds": [ 1869, -1886, -1891, 1892 ], "AREA": 11107.5, "PERIMETER": 424.179, "CODLOC": "030", "NOMMUNI": "VILLA ANGELA", "NOMLOC": "VILLA ANGELA", "FRAC": "07", "RADIO": "07", "MZA": "008", "MZATXT": 8, "UGEO": "", "MZAM": "0013", "TMZA": 15, "DEPTO10": "098", "FRAC10": "07", "RADIO10": "09", "MZA10": "013", "CEN2010": "0980709013", "LINK2010": "220980709013", "DF": "09807", "TFRAC": 4624, "DFR": "0980707", "TRADIO": 248, "DFRM": "0980707008", "FRACN": 7, "RADION": 7 }, "geometry": { "type": "Polygon", "coordinates": [ [ [ -60.717866921230829, -27.580074215856644 ], [ -60.716697515377689, -27.580116351093096 ], [ -60.716707974822718, -27.580946489381841 ], [ -60.717918190559637, -27.580949262109851 ], [ -60.717866921230829, -27.580074215856644 ] ] ] } },
{ "type": "Feature", "properties": { "ArcIds": [ 1871, -1895, -1896, 1886 ], "AREA": 11010.5, "PERIMETER": 423.071, "CODLOC": "030", "NOMMUNI": "VILLA ANGELA", "NOMLOC": "VILLA ANGELA", "FRAC": "07", "RADIO": "07", "MZA": "007", "MZATXT": 7, "UGEO": "", "MZAM": "0012", "TMZA": 13, "DEPTO10": "098", "FRAC10": "07", "RADIO10": "09", "MZA10": "012", "CEN2010": "0980709012", "LINK2010": "220980709012", "DF": "09807", "TFRAC": 4624, "DFR": "0980707", "TRADIO": 248, "DFRM": "0980707007", "FRACN": 7, "RADION": 7 }, "geometry": { "type": "Polygon", "coordinates": [ [ [ -60.716697515377689, -27.580116351093096 ], [ -60.715482391557003, -27.580136152461758 ], [ -60.715513154102602, -27.58097521018955 ], [ -60.716707974822718, -27.580946489381841 ], [ -60.716697515377689, -27.580116351093096 ] ] ] } },
{ "type": "Feature", "properties": { "ArcIds": [ 1873, 1897, -1898, 1895 ], "AREA": 4590.0, "PERIMETER": 283.609, "CODLOC": "030", "NOMMUNI": "VILLA ANGELA", "NOMLOC": "VILLA ANGELA", "FRAC": "07", "RADIO": "07", "MZA": "006", "MZATXT": 6, "UGEO": "", "MZAM": "0011", "TMZA": 5, "DEPTO10": "098", "FRAC10": "07", "RADIO10": "09", "MZA10": "011", "CEN2010": "0980709011", "LINK2010": "220980709011", "DF": "09807", "TFRAC": 4624, "DFR": "0980707", "TRADIO": 248, "DFRM": "0980707006", "FRACN": 7, "RADION": 7 }, "geometry": { "type": "Polygon", "coordinates": [ [ [ -60.715482391557003, -27.580136152461758 ], [ -60.714981262853321, -27.580161292947274 ], [ -60.715001748465895, -27.580977844172459 ], [ -60.715513154102602, -27.58097521018955 ], [ -60.715482391557003, -27.580136152461758 ] ] ] } },
{ "type": "Feature", "properties": { "ArcIds": [ 1877, 1951, 1950, -1947, 1908, 2106, -2107, -2105, -2104, -2103, -2102, -2100, -2098, -2024, -1952, -1915 ], "AREA": 400902.75, "PERIMETER": 3321.833, "CODLOC": "030", "NOMMUNI": "VILLA ANGELA", "NOMLOC": "VILLA ANGELA", "FRAC": "07", "RADIO": "09", "MZA": "004", "MZATXT": 4, "UGEO": "", "MZAM": "", "TMZA": 0, "DEPTO10": "098", "FRAC10": "07", "RADIO10": "08", "MZA10": "004", "CEN2010": "0980708004", "LINK2010": "220980708004", "DF": "09807", "TFRAC": 4624, "DFR": "0980709", "TRADIO": 228, "DFRM": "0980709004", "FRACN": 7, "RADION": 9 }, "geometry": { "type": "Polygon", "coordinates": [ [ [ -60.708181391454424, -27.580236742110394 ], [ -60.705634733412133, -27.580285800622654 ], [ -60.705672322559913, -27.582203175729227 ], [ -60.703565824173104, -27.582200328370519 ], [ -60.703533021589799, -27.581027395045567 ], [ -60.69735090201403, -27.581112719456147 ], [ -60.697418220237353, -27.58455046734321 ], [ -60.698344859986449, -27.584545810258668 ], [ -60.702446147527233, -27.584489028491387 ], [ -60.704370141142803, -27.584452210848397 ], [ -60.70660804649102, -27.584409257622266 ], [ -60.708015463280056, -27.584361481442457 ], [ -60.708268613564641, -27.584355678547308 ], [ -60.708256506644148, -27.583259344428257 ], [ -60.708234505108585, -27.582199155943432 ], [ -60.708212272400011, -27.581102873117537 ], [ -60.708181391454424, -27.580236742110394 ] ] ] } },
{ "type": "Feature", "properties": { "ArcIds": [ 1878, 1894, 1947, -1950, -1951 ], "AREA": 43796.375, "PERIMETER": 832.771, "CODLOC": "030", "NOMMUNI": "VILLA ANGELA", "NOMLOC": "VILLA ANGELA", "FRAC": "07", "RADIO": "09", "MZA": "003", "MZATXT": 3, "UGEO": "", "MZAM": "", "TMZA": 8, "DEPTO10": "098", "FRAC10": "07", "RADIO10": "08", "MZA10": "005", "CEN2010": "0980708005", "LINK2010": "220980708005", "DF": "09807", "TFRAC": 4624, "DFR": "0980709", "TRADIO": 228, "DFRM": "0980709003", "FRACN": 7, "RADION": 9 }, "geometry": { "type": "Polygon", "coordinates": [ [ [ -60.705634733412133, -27.580285800622654 ], [ -60.703589176432772, -27.580305203066366 ], [ -60.703533021589799, -27.581027395045567 ], [ -60.703565824173104, -27.582200328370519 ], [ -60.705672322559913, -27.582203175729227 ], [ -60.705634733412133, -27.580285800622654 ] ] ] } },
{ "type": "Feature", "properties": { "ArcIds": [ 1881, 1970, -1971, -1969, 1917 ], "AREA": 19542.625, "PERIMETER": 586.649, "CODLOC": "030", "NOMMUNI": "VILLA ANGELA", "NOMLOC": "VILLA ANGELA", "FRAC": "09", "RADIO": "09", "MZA": "009", "MZATXT": 9, "UGEO": "", "MZAM": "0008", "TMZA": 33, "DEPTO10": "098", "FRAC10": "07", "RADIO10": "13", "MZA10": "008", "CEN2010": "0980713008", "LINK2010": "220980713008", "DF": "09809", "TFRAC": 3754, "DFR": "0980909", "TRADIO": 231, "DFRM": "0980909009", "FRACN": 9, "RADION": 9 }, "geometry": { "type": "Polygon", "coordinates": [ [ [ -60.731809218979627, -27.580430077136196 ], [ -60.731810147256347, -27.580569941326438 ], [ -60.731826170877127, -27.582221214221608 ], [ -60.733061655088996, -27.582214697775882 ], [ -60.733059489225894, -27.581127340249818 ], [ -60.731809218979627, -27.580430077136196 ] ] ] } },
{ "type": "Feature", "properties": { "ArcIds": [ 1899, 1921, -1996, 1997, 1986, -1984, -1930 ], "AREA": 20831.625, "PERIMETER": 577.651, "CODLOC": "030", "NOMMUNI": "VILLA ANGELA", "NOMLOC": "VILLA ANGELA", "FRAC": "09", "RADIO": "09", "MZA": "015", "MZATXT": 15, "UGEO": "", "MZAM": "0014", "TMZA": 22, "DEPTO10": "098", "FRAC10": "07", "RADIO10": "13", "MZA10": "014", "CEN2010": "0980713014", "LINK2010": "220980713014", "DF": "09809", "TFRAC": 3754, "DFR": "0980909", "TRADIO": 231, "DFRM": "0980909015", "FRACN": 9, "RADION": 9 }, "geometry": { "type": "Polygon", "coordinates": [ [ [ -60.724419732116239, -27.580933546958548 ], [ -60.723057349133576, -27.580891016068151 ], [ -60.723051778697915, -27.581585879278141 ], [ -60.723061665016473, -27.582321269128098 ], [ -60.724352702762054, -27.582291981342447 ], [ -60.724418527902834, -27.582291637973455 ], [ -60.724424119294731, -27.581601286698234 ], [ -60.724419732116239, -27.580933546958548 ] ] ] } },
{ "type": "Feature", "properties": { "ArcIds": [ 1883, 1922, -1923, -1921 ], "AREA": 10360.875, "PERIMETER": 423.511, "CODLOC": "030", "NOMMUNI": "VILLA ANGELA", "NOMLOC": "VILLA ANGELA", "FRAC": "07", "RADIO": "06", "MZA": "005", "MZATXT": 5, "UGEO": "", "MZAM": "0005", "TMZA": 20, "DEPTO10": "098", "FRAC10": "07", "RADIO10": "10", "MZA10": "005", "CEN2010": "0980710005", "LINK2010": "220980710005", "DF": "09807", "TFRAC": 4624, "DFR": "0980706", "TRADIO": 362, "DFRM": "0980706005", "FRACN": 7, "RADION": 6 }, "geometry": { "type": "Polygon", "coordinates": [ [ [ -60.723057349133576, -27.580891016068151 ], [ -60.721685223959568, -27.580907177271577 ], [ -60.721689742232002, -27.581597476205236 ], [ -60.723051778697915, -27.581585879278141 ], [ -60.723057349133576, -27.580891016068151 ] ] ] } },
{ "type": "Feature", "properties": { "ArcIds": [ 1884, -1925, -1926, -1922 ], "AREA": 8672.875, "PERIMETER": 380.02, "CODLOC": "030", "NOMMUNI": "VILLA ANGELA", "NOMLOC": "VILLA ANGELA", "FRAC": "07", "RADIO": "06", "MZA": "004", "MZATXT": 4, "UGEO": "", "MZAM": "0004", "TMZA": 19, "DEPTO10": "098", "FRAC10": "07", "RADIO10": "10", "MZA10": "004", "CEN2010": "0980710004", "LINK2010": "220980710004", "DF": "09807", "TFRAC": 4624, "DFR": "0980706", "TRADIO": 362, "DFRM": "0980706004", "FRACN": 7, "RADION": 6 }, "geometry": { "type": "Polygon", "coordinates": [ [ [ -60.721685223959568, -27.580907177271577 ], [ -60.720540951683368, -27.580922142888248 ], [ -60.720530242974348, -27.58160800905236 ], [ -60.721689742232002, -27.581597476205236 ], [ -60.721685223959568, -27.580907177271577 ] ] ] } },
{ "type": "Feature", "properties": { "ArcIds": [ 1888, -1920, -1924, 1925 ], "AREA": 9661.625, "PERIMETER": 408.027, "CODLOC": "030", "NOMMUNI": "VILLA ANGELA", "NOMLOC": "VILLA ANGELA", "FRAC": "07", "RADIO": "06", "MZA": "003", "MZATXT": 3, "UGEO": "", "MZAM": "0003", "TMZA": 20, "DEPTO10": "098", "FRAC10": "07", "RADIO10": "10", "MZA10": "003", "CEN2010": "0980710003", "LINK2010": "220980710003", "DF": "09807", "TFRAC": 4624, "DFR": "0980706", "TRADIO": 362, "DFRM": "0980706003", "FRACN": 7, "RADION": 6 }, "geometry": { "type": "Polygon", "coordinates": [ [ [ -60.720540951683368, -27.580922142888248 ], [ -60.719224522730713, -27.580937990792091 ], [ -60.719228849017767, -27.581601219537387 ], [ -60.720530242974348, -27.58160800905236 ], [ -60.720540951683368, -27.580922142888248 ] ] ] } },
{ "type": "Feature", "properties": { "ArcIds": [ 1890, -1927, -1978, 1987, 1988, 1979 ], "AREA": 37944.375, "PERIMETER": 799.556, "CODLOC": "030", "NOMMUNI": "VILLA ANGELA", "NOMLOC": "VILLA ANGELA", "FRAC": "09", "RADIO": "09", "MZA": "012", "MZATXT": 12, "UGEO": "", "MZAM": "0011", "TMZA": 12, "DEPTO10": "098", "FRAC10": "07", "RADIO10": "13", "MZA10": "011", "CEN2010": "0980713011", "LINK2010": "220980713011", "DF": "09809", "TFRAC": 3754, "DFR": "0980909", "TRADIO": 231, "DFRM": "0980909012", "FRACN": 9, "RADION": 9 }, "geometry": { "type": "Polygon", "coordinates": [ [ [ -60.729270296637694, -27.580881088052418 ], [ -60.726758907826444, -27.580903277418816 ], [ -60.726758305206438, -27.581580066818574 ], [ -60.726788172711906, -27.582270232408927 ], [ -60.72798324049721, -27.58227750838395 ], [ -60.729284521614765, -27.582266168689568 ], [ -60.729270296637694, -27.580881088052418 ] ] ] } },
{ "type": "Feature", "properties": { "ArcIds": [ 1891, 1935, -1936, -1934, 1918 ], "AREA": 13777.25, "PERIMETER": 468.076, "CODLOC": "030", "NOMMUNI": "VILLA ANGELA", "NOMLOC": "VILLA ANGELA", "FRAC": "07", "RADIO": "07", "MZA": "009", "MZATXT": 9, "UGEO": "", "MZAM": "0014", "TMZA": 16, "DEPTO10": "098", "FRAC10": "07", "RADIO10": "09", "MZA10": "014", "CEN2010": "0980709014", "LINK2010": "220980709014", "DF": "09807", "TFRAC": 4624, "DFR": "0980707", "TRADIO": 248, "DFRM": "0980707009", "FRACN": 7, "RADION": 7 }, "geometry": { "type": "Polygon", "coordinates": [ [ [ -60.717918190559637, -27.580949262109851 ], [ -60.716707974822718, -27.580946489381841 ], [ -60.716714808213347, -27.581997730051981 ], [ -60.717914732290296, -27.581973484288373 ], [ -60.717932518376116, -27.58159439164567 ], [ -60.717918190559637, -27.580949262109851 ] ] ] } },
{ "type": "Feature", "properties": { "ArcIds": [ 1896, -1937, -1938, -1935 ], "AREA": 13664.5, "PERIMETER": 467.634, "CODLOC": "030", "NOMMUNI": "VILLA ANGELA", "NOMLOC": "VILLA ANGELA", "FRAC": "07", "RADIO": "07", "MZA": "010", "MZATXT": 10, "UGEO": "", "MZAM": "0015", "TMZA": 15, "DEPTO10": "098", "FRAC10": "07", "RADIO10": "09", "MZA10": "015", "CEN2010": "0980709015", "LINK2010": "220980709015", "DF": "09807", "TFRAC": 4624, "DFR": "0980707", "TRADIO": 248, "DFRM": "0980707010", "FRACN": 7, "RADION": 7 }, "geometry": { "type": "Polygon", "coordinates": [ [ [ -60.716707974822718, -27.580946489381841 ], [ -60.715513154102602, -27.58097521018955 ], [ -60.715550444773676, -27.582039829879989 ], [ -60.716714808213347, -27.581997730051981 ], [ -60.716707974822718, -27.580946489381841 ] ] ] } },
{ "type": "Feature", "properties": { "ArcIds": [ 1893, -1918, -1919, 1920 ], "AREA": 9316.0, "PERIMETER": 402.017, "CODLOC": "030", "NOMMUNI": "VILLA ANGELA", "NOMLOC": "VILLA ANGELA", "FRAC": "07", "RADIO": "06", "MZA": "002", "MZATXT": 2, "UGEO": "", "MZAM": "0002", "TMZA": 18, "DEPTO10": "098", "FRAC10": "07", "RADIO10": "10", "MZA10": "002", "CEN2010": "0980710002", "LINK2010": "220980710002", "DF": "09807", "TFRAC": 4624, "DFR": "0980706", "TRADIO": 362, "DFRM": "0980706002", "FRACN": 7, "RADION": 6 }, "geometry": { "type": "Polygon", "coordinates": [ [ [ -60.719224522730713, -27.580937990792091 ], [ -60.717918190559637, -27.580949262109851 ], [ -60.717932518376116, -27.58159439164567 ], [ -60.719228849017767, -27.581601219537387 ], [ -60.719224522730713, -27.580937990792091 ] ] ] } },
{ "type": "Feature", "properties": { "ArcIds": [ 1902, -1928, -1929, 1927 ], "AREA": 9550.625, "PERIMETER": 406.539, "CODLOC": "030", "NOMMUNI": "VILLA ANGELA", "NOMLOC": "VILLA ANGELA", "FRAC": "09", "RADIO": "09", "MZA": "013", "MZATXT": 13, "UGEO": "", "MZAM": "0012", "TMZA": 7, "DEPTO10": "098", "FRAC10": "07", "RADIO10": "13", "MZA10": "012", "CEN2010": "0980713012", "LINK2010": "220980713012", "DF": "09809", "TFRAC": 3754, "DFR": "0980909", "TRADIO": 231, "DFRM": "0980909013", "FRACN": 9, "RADION": 9 }, "geometry": { "type": "Polygon", "coordinates": [ [ [ -60.726758907826444, -27.580903277418816 ], [ -60.725442600155596, -27.580937231264986 ], [ -60.72545196791171, -27.581591409140401 ], [ -60.726758305206438, -27.581580066818574 ], [ -60.726758907826444, -27.580903277418816 ] ] ] } },
{ "type": "Feature", "properties": { "ArcIds": [ 1898, 1904, -1941, -1942, -1939, 1937 ], "AREA": 14672.0, "PERIMETER": 481.793, "CODLOC": "030", "NOMMUNI": "VILLA ANGELA", "NOMLOC": "VILLA ANGELA", "FRAC": "07", "RADIO": "07", "MZA": "011", "MZATXT": 11, "UGEO": "", "MZAM": "0016", "TMZA": 15, "DEPTO10": "098", "FRAC10": "07", "RADIO10": "09", "MZA10": "016", "CEN2010": "0980709016", "LINK2010": "220980709016", "DF": "09807", "TFRAC": 4624, "DFR": "0980707", "TRADIO": 248, "DFRM": "0980707011", "FRACN": 7, "RADION": 7 }, "geometry": { "type": "Polygon", "coordinates": [ [ [ -60.715513154102602, -27.58097521018955 ], [ -60.715001748465895, -27.580977844172459 ], [ -60.714272849376783, -27.581017690419934 ], [ -60.714310157333372, -27.582086822428288 ], [ -60.714912652202699, -27.582074698183298 ], [ -60.715550444773676, -27.582039829879989 ], [ -60.715513154102602, -27.58097521018955 ] ] ] } },
{ "type": "Feature", "properties": { "ArcIds": [ 1900, 1930, -1931, 1928 ], "AREA": 7416.5, "PERIMETER": 349.008, "CODLOC": "030", "NOMMUNI": "VILLA ANGELA", "NOMLOC": "VILLA ANGELA", "FRAC": "09", "RADIO": "09", "MZA": "014", "MZATXT": 14, "UGEO": "", "MZAM": "0013", "TMZA": 14, "DEPTO10": "098", "FRAC10": "07", "RADIO10": "13", "MZA10": "013", "CEN2010": "0980713013", "LINK2010": "220980713013", "DF": "09809", "TFRAC": 3754, "DFR": "0980909", "TRADIO": 231, "DFRM": "0980909014", "FRACN": 9, "RADION": 9 }, "geometry": { "type": "Polygon", "coordinates": [ [ [ -60.725442600155596, -27.580937231264986 ], [ -60.724419732116239, -27.580933546958548 ], [ -60.724424119294731, -27.581601286698234 ], [ -60.72545196791171, -27.581591409140401 ], [ -60.725442600155596, -27.580937231264986 ] ] ] } },
{ "type": "Feature", "properties": { "ArcIds": [ 1906, -1940, -2015, -2016, -2011, 1941 ], "AREA": 19361.375, "PERIMETER": 640.61, "CODLOC": "030", "NOMMUNI": "VILLA ANGELA", "NOMLOC": "VILLA ANGELA", "FRAC": "07", "RADIO": "07", "MZA": "012", "MZATXT": 12, "UGEO": "", "MZAM": "0017", "TMZA": 44, "DEPTO10": "098", "FRAC10": "07", "RADIO10": "09", "MZA10": "017", "CEN2010": "0980709017", "LINK2010": "220980709017", "DF": "09807", "TFRAC": 4624, "DFR": "0980707", "TRADIO": 248, "DFRM": "0980707012", "FRACN": 7, "RADION": 7 }, "geometry": { "type": "Polygon", "coordinates": [ [ [ -60.714272849376783, -27.581017690419934 ], [ -60.713457696231771, -27.581030904511103 ], [ -60.713489845230121, -27.58208652760575 ], [ -60.71351728195242, -27.583196317714552 ], [ -60.71433242185406, -27.583178591210839 ], [ -60.714310157333372, -27.582086822428288 ], [ -60.714272849376783, -27.581017690419934 ] ] ] } },
{ "type": "Feature", "properties": { "ArcIds": [ 1910, -1943, -1944, 1940 ], "AREA": 18894.375, "PERIMETER": 556.072, "CODLOC": "030", "NOMMUNI": "VILLA ANGELA", "NOMLOC": "VILLA ANGELA", "FRAC": "07", "RADIO": "08", "MZA": "009", "MZATXT": 9, "UGEO": "", "MZAM": "0018", "TMZA": 20, "DEPTO10": "098", "FRAC10": "07", "RADIO10": "09", "MZA10": "018", "CEN2010": "0980709018", "LINK2010": "220980709018", "DF": "09807", "TFRAC": 4624, "DFR": "0980708", "TRADIO": 245, "DFRM": "0980708009", "FRACN": 7, "RADION": 8 }, "geometry": { "type": "Polygon", "coordinates": [ [ [ -60.713457696231771, -27.581030904511103 ], [ -60.711842491918397, -27.581043705183223 ], [ -60.711869707642123, -27.582121913733097 ], [ -60.713489845230121, -27.58208652760575 ], [ -60.713457696231771, -27.581030904511103 ] ] ] } },
{ "type": "Feature", "properties": { "ArcIds": [ 1912, -1945, -1946, 1943 ], "AREA": 14168.875, "PERIMETER": 476.162, "CODLOC": "030", "NOMMUNI": "VILLA ANGELA", "NOMLOC": "VILLA ANGELA", "FRAC": "07", "RADIO": "08", "MZA": "008", "MZATXT": 8, "UGEO": "", "MZAM": "0019", "TMZA": 22, "DEPTO10": "098", "FRAC10": "07", "RADIO10": "09", "MZA10": "019", "CEN2010": "0980709019", "LINK2010": "220980709019", "DF": "09807", "TFRAC": 4624, "DFR": "0980708", "TRADIO": 245, "DFRM": "0980708008", "FRACN": 7, "RADION": 8 }, "geometry": { "type": "Polygon", "coordinates": [ [ [ -60.711842491918397, -27.581043705183223 ], [ -60.710642662607341, -27.581081433618458 ], [ -60.71067495918394, -27.582164128473963 ], [ -60.711869707642123, -27.582121913733097 ], [ -60.711842491918397, -27.581043705183223 ] ] ] } },
{ "type": "Feature", "properties": { "ArcIds": [ 1914, 1948, -1949, 1945 ], "AREA": 14613.0, "PERIMETER": 483.586, "CODLOC": "030", "NOMMUNI": "VILLA ANGELA", "NOMLOC": "VILLA ANGELA", "FRAC": "07", "RADIO": "08", "MZA": "007", "MZATXT": 7, "UGEO": "", "MZAM": "0020", "TMZA": 3, "DEPTO10": "098", "FRAC10": "07", "RADIO10": "09", "MZA10": "020", "CEN2010": "0980709020", "LINK2010": "220980709020", "DF": "09807", "TFRAC": 4624, "DFR": "0980708", "TRADIO": 245, "DFRM": "0980708007", "FRACN": 7, "RADION": 8 }, "geometry": { "type": "Polygon", "coordinates": [ [ [ -60.710642662607341, -27.581081433618458 ], [ -60.709412248417422, -27.581087724511868 ], [ -60.709454746983056, -27.582183903451103 ], [ -60.71067495918394, -27.582164128473963 ], [ -60.710642662607341, -27.581081433618458 ] ] ] } },
{ "type": "Feature", "properties": { "ArcIds": [ 1916, 1952, -1953, -1948 ], "AREA": 14521.75, "PERIMETER": 482.068, "CODLOC": "030", "NOMMUNI": "VILLA ANGELA", "NOMLOC": "VILLA ANGELA", "FRAC": "07", "RADIO": "08", "MZA": "006", "MZATXT": 6, "UGEO": "", "MZAM": "0021", "TMZA": 21, "DEPTO10": "098", "FRAC10": "07", "RADIO10": "09", "MZA10": "021", "CEN2010": "0980709021", "LINK2010": "220980709021", "DF": "09807", "TFRAC": 4624, "DFR": "0980708", "TRADIO": 245, "DFRM": "0980708006", "FRACN": 7, "RADION": 8 }, "geometry": { "type": "Polygon", "coordinates": [ [ [ -60.709412248417422, -27.581087724511868 ], [ -60.708212272400011, -27.581102873117537 ], [ -60.708234505108585, -27.582199155943432 ], [ -60.709454746983056, -27.582183903451103 ], [ -60.709412248417422, -27.581087724511868 ] ] ] } },
{ "type": "Feature", "properties": { "ArcIds": [ 1969, -1974, -1975, -1932 ], "AREA": 10948.625, "PERIMETER": 435.607, "CODLOC": "030", "NOMMUNI": "VILLA ANGELA", "NOMLOC": "VILLA ANGELA", "FRAC": "09", "RADIO": "09", "MZA": "010", "MZATXT": 10, "UGEO": "", "MZAM": "0009", "TMZA": 19, "DEPTO10": "098", "FRAC10": "07", "RADIO10": "13", "MZA10": "009", "CEN2010": "0980713009", "LINK2010": "220980713009", "DF": "09809", "TFRAC": 3754, "DFR": "0980909", "TRADIO": 231, "DFRM": "0980909010", "FRACN": 9, "RADION": 9 }, "geometry": { "type": "Polygon", "coordinates": [ [ [ -60.733059489225894, -27.581127340249818 ], [ -60.733061655088996, -27.582214697775882 ], [ -60.734271881693424, -27.582217327698402 ], [ -60.734268095783349, -27.581648847872238 ], [ -60.733059489225894, -27.581127340249818 ] ] ] } },
{ "type": "Feature", "properties": { "ArcIds": [ 1919, 1934, -1998, -1999, 1989 ], "AREA": 10612.5, "PERIMETER": 420.639, "CODLOC": "030", "NOMMUNI": "VILLA ANGELA", "NOMLOC": "VILLA ANGELA", "FRAC": "07", "RADIO": "06", "MZA": "009", "MZATXT": 9, "UGEO": "", "MZAM": "0009", "TMZA": 21, "DEPTO10": "098", "FRAC10": "07", "RADIO10": "10", "MZA10": "009", "CEN2010": "0980710009", "LINK2010": "220980710009", "DF": "09807", "TFRAC": 4624, "DFR": "0980706", "TRADIO": 362, "DFRM": "0980706009", "FRACN": 7, "RADION": 6 }, "geometry": { "type": "Polygon", "coordinates": [ [ [ -60.719228849017767, -27.581601219537387 ], [ -60.717932518376116, -27.58159439164567 ], [ -60.717914732290296, -27.581973484288373 ], [ -60.717937483351541, -27.582356879253673 ], [ -60.719233558069767, -27.582323101092168 ], [ -60.719228849017767, -27.581601219537387 ] ] ] } },
{ "type": "Feature", "properties": { "ArcIds": [ 1924, -1989, -1990, -1991, -1992 ], "AREA": 10155.125, "PERIMETER": 416.546, "CODLOC": "030", "NOMMUNI": "VILLA ANGELA", "NOMLOC": "VILLA ANGELA", "FRAC": "07", "RADIO": "06", "MZA": "008", "MZATXT": 8, "UGEO": "", "MZAM": "0008", "TMZA": 18, "DEPTO10": "098", "FRAC10": "07", "RADIO10": "10", "MZA10": "008", "CEN2010": "0980710008", "LINK2010": "220980710008", "DF": "09807", "TFRAC": 4624, "DFR": "0980706", "TRADIO": 362, "DFRM": "0980706008", "FRACN": 7, "RADION": 6 }, "geometry": { "type": "Polygon", "coordinates": [ [ [ -60.720530242974348, -27.58160800905236 ], [ -60.719228849017767, -27.581601219537387 ], [ -60.719233558069767, -27.582323101092168 ], [ -60.719810735784243, -27.58231108670444 ], [ -60.720534931062573, -27.582325378641361 ], [ -60.720530242974348, -27.58160800905236 ] ] ] } },
{ "type": "Feature", "properties": { "ArcIds": [ 1923, 1994, -1995, 1996 ], "AREA": 10914.75, "PERIMETER": 431.503, "CODLOC": "030", "NOMMUNI": "VILLA ANGELA", "NOMLOC": "VILLA ANGELA", "FRAC": "07", "RADIO": "06", "MZA": "006", "MZATXT": 6, "UGEO": "", "MZAM": "0006", "TMZA": 18, "DEPTO10": "098", "FRAC10": "07", "RADIO10": "10", "MZA10": "006", "CEN2010": "0980710006", "LINK2010": "220980710006", "DF": "09807", "TFRAC": 4624, "DFR": "0980706", "TRADIO": 362, "DFRM": "0980706006", "FRACN": 7, "RADION": 6 }, "geometry": { "type": "Polygon", "coordinates": [ [ [ -60.723051778697915, -27.581585879278141 ], [ -60.721689742232002, -27.581597476205236 ], [ -60.721694496927583, -27.582323869125926 ], [ -60.723061665016473, -27.582321269128098 ], [ -60.723051778697915, -27.581585879278141 ] ] ] } },
{ "type": "Feature", "properties": { "ArcIds": [ 1926, 1992, -1993, -1994 ], "AREA": 9160.0, "PERIMETER": 389.002, "CODLOC": "030", "NOMMUNI": "VILLA ANGELA", "NOMLOC": "VILLA ANGELA", "FRAC": "07", "RADIO": "06", "MZA": "007", "MZATXT": 7, "UGEO": "", "MZAM": "0007", "TMZA": 23, "DEPTO10": "098", "FRAC10": "07", "RADIO10": "10", "MZA10": "007", "CEN2010": "0980710007", "LINK2010": "220980710007", "DF": "09807", "TFRAC": 4624, "DFR": "0980706", "TRADIO": 362, "DFRM": "0980706007", "FRACN": 7, "RADION": 6 }, "geometry": { "type": "Polygon", "coordinates": [ [ [ -60.721689742232002, -27.581597476205236 ], [ -60.720530242974348, -27.58160800905236 ], [ -60.720534931062573, -27.582325378641361 ], [ -60.721694496927583, -27.582323869125926 ], [ -60.721689742232002, -27.581597476205236 ] ] ] } },
{ "type": "Feature", "properties": { "ArcIds": [ 1929, -1981, 1982, 1978 ], "AREA": 9579.625, "PERIMETER": 403.828, "CODLOC": "030", "NOMMUNI": "VILLA ANGELA", "NOMLOC": "VILLA ANGELA", "FRAC": "09", "RADIO": "09", "MZA": "017", "MZATXT": 17, "UGEO": "", "MZAM": "0016", "TMZA": 18, "DEPTO10": "098", "FRAC10": "07", "RADIO10": "13", "MZA10": "016", "CEN2010": "0980713016", "LINK2010": "220980713016", "DF": "09809", "TFRAC": 3754, "DFR": "0980909", "TRADIO": 231, "DFRM": "0980909017", "FRACN": 9, "RADION": 9 }, "geometry": { "type": "Polygon", "coordinates": [ [ [ -60.726758305206438, -27.581580066818574 ], [ -60.72545196791171, -27.581591409140401 ], [ -60.725567935942493, -27.582285637194214 ], [ -60.726788172711906, -27.582270232408927 ], [ -60.726758305206438, -27.581580066818574 ] ] ] } },
{ "type": "Feature", "properties": { "ArcIds": [ 1931, 1984, 1985, 1983, 1981 ], "AREA": 8251.875, "PERIMETER": 369.29, "CODLOC": "030", "NOMMUNI": "VILLA ANGELA", "NOMLOC": "VILLA ANGELA", "FRAC": "09", "RADIO": "09", "MZA": "016", "MZATXT": 16, "UGEO": "", "MZAM": "0015", "TMZA": 14, "DEPTO10": "098", "FRAC10": "07", "RADIO10": "13", "MZA10": "015", "CEN2010": "0980713015", "LINK2010": "220980713015", "DF": "09809", "TFRAC": 3754, "DFR": "0980909", "TRADIO": 231, "DFRM": "0980909016", "FRACN": 9, "RADION": 9 }, "geometry": { "type": "Polygon", "coordinates": [ [ [ -60.72545196791171, -27.581591409140401 ], [ -60.724424119294731, -27.581601286698234 ], [ -60.724418527902834, -27.582291637973455 ], [ -60.725456539584179, -27.582286219183789 ], [ -60.725567935942493, -27.582285637194214 ], [ -60.72545196791171, -27.581591409140401 ] ] ] } },
{ "type": "Feature", "properties": { "ArcIds": [ 1975, -1976, -1972 ], "AREA": 4047.75, "PERIMETER": 334.613, "CODLOC": "030", "NOMMUNI": "VILLA ANGELA", "NOMLOC": "VILLA ANGELA", "FRAC": "09", "RADIO": "09", "MZA": "011", "MZATXT": 11, "UGEO": "", "MZAM": "0010", "TMZA": 6, "DEPTO10": "098", "FRAC10": "07", "RADIO10": "13", "MZA10": "010", "CEN2010": "0980713010", "LINK2010": "220980713010", "DF": "09809", "TFRAC": 3754, "DFR": "0980909", "TRADIO": 231, "DFRM": "0980909011", "FRACN": 9, "RADION": 9 }, "geometry": { "type": "Polygon", "coordinates": [ [ [ -60.734268095783349, -27.581648847872238 ], [ -60.734271881693424, -27.582217327698402 ], [ -60.735573190111822, -27.582210440840331 ], [ -60.734268095783349, -27.581648847872238 ] ] ] } },
{ "type": "Feature", "properties": { "ArcIds": [ 1936, 1938, -2008, -2009, -2010, -2007, 1998 ], "AREA": 30072.5, "PERIMETER": 723.667, "CODLOC": "030", "NOMMUNI": "VILLA ANGELA", "NOMLOC": "VILLA ANGELA", "FRAC": "07", "RADIO": "07", "MZA": "015", "MZATXT": 15, "UGEO": "", "MZAM": "0028", "TMZA": 0, "DEPTO10": "098", "FRAC10": "07", "RADIO10": "09", "MZA10": "028", "CEN2010": "0980709028", "LINK2010": "220980709028", "DF": "09807", "TFRAC": 4624, "DFR": "0980707", "TRADIO": 248, "DFRM": "0980707015", "FRACN": 7, "RADION": 7 }, "geometry": { "type": "Polygon", "coordinates": [ [ [ -60.717914732290296, -27.581973484288373 ], [ -60.716714808213347, -27.581997730051981 ], [ -60.715550444773676, -27.582039829879989 ], [ -60.715542457555493, -27.583149801839742 ], [ -60.716767917587767, -27.583157017619882 ], [ -60.717952693080086, -27.583137361460047 ], [ -60.717937483351541, -27.582356879253673 ], [ -60.717914732290296, -27.581973484288373 ] ] ] } },
{ "type": "Feature", "properties": { "ArcIds": [ 1939, -2013, -2014, 2008 ], "AREA": 7668.625, "PERIMETER": 370.68, "CODLOC": "030", "NOMMUNI": "VILLA ANGELA", "NOMLOC": "VILLA ANGELA", "FRAC": "07", "RADIO": "07", "MZA": "014", "MZATXT": 14, "UGEO": "", "MZAM": "0027", "TMZA": 12, "DEPTO10": "098", "FRAC10": "07", "RADIO10": "09", "MZA10": "027", "CEN2010": "0980709027", "LINK2010": "220980709027", "DF": "09807", "TFRAC": 4624, "DFR": "0980707", "TRADIO": 248, "DFRM": "0980707014", "FRACN": 7, "RADION": 7 }, "geometry": { "type": "Polygon", "coordinates": [ [ [ -60.715550444773676, -27.582039829879989 ], [ -60.714912652202699, -27.582074698183298 ], [ -60.714914756359406, -27.583180106322938 ], [ -60.715542457555493, -27.583149801839742 ], [ -60.715550444773676, -27.582039829879989 ] ] ] } },
{ "type": "Feature", "properties": { "ArcIds": [ 1942, 2011, -2012, 2013 ], "AREA": 7122.5, "PERIMETER": 360.521, "CODLOC": "030", "NOMMUNI": "VILLA ANGELA", "NOMLOC": "VILLA ANGELA", "FRAC": "07", "RADIO": "07", "MZA": "013", "MZATXT": 13, "UGEO": "", "MZAM": "0026", "TMZA": 16, "DEPTO10": "098", "FRAC10": "07", "RADIO10": "09", "MZA10": "026", "CEN2010": "0980709026", "LINK2010": "220980709026", "DF": "09807", "TFRAC": 4624, "DFR": "0980707", "TRADIO": 248, "DFRM": "0980707013", "FRACN": 7, "RADION": 7 }, "geometry": { "type": "Polygon", "coordinates": [ [ [ -60.714912652202699, -27.582074698183298 ], [ -60.714310157333372, -27.582086822428288 ], [ -60.71433242185406, -27.583178591210839 ], [ -60.714914756359406, -27.583180106322938 ], [ -60.714912652202699, -27.582074698183298 ] ] ] } },
{ "type": "Feature", "properties": { "ArcIds": [ 1944, -2020, -2021, -2018, 2015 ], "AREA": 19704.5, "PERIMETER": 566.065, "CODLOC": "030", "NOMMUNI": "VILLA ANGELA", "NOMLOC": "VILLA ANGELA", "FRAC": "07", "RADIO": "08", "MZA": "010", "MZATXT": 10, "UGEO": "", "MZAM": "0025", "TMZA": 27, "DEPTO10": "098", "FRAC10": "07", "RADIO10": "09", "MZA10": "025", "CEN2010": "0980709025", "LINK2010": "220980709025", "DF": "09807", "TFRAC": 4624, "DFR": "0980708", "TRADIO": 245, "DFRM": "0980708010", "FRACN": 7, "RADION": 8 }, "geometry": { "type": "Polygon", "coordinates": [ [ [ -60.713489845230121, -27.58208652760575 ], [ -60.711869707642123, -27.582121913733097 ], [ -60.711886942755854, -27.583222732848728 ], [ -60.713102131161421, -27.583207474060071 ], [ -60.71351728195242, -27.583196317714552 ], [ -60.713489845230121, -27.58208652760575 ] ] ] } },
{ "type": "Feature", "properties": { "ArcIds": [ 1946, -2017, -2019, 2020 ], "AREA": 14102.25, "PERIMETER": 475.082, "CODLOC": "030", "NOMMUNI": "VILLA ANGELA", "NOMLOC": "VILLA ANGELA", "FRAC": "07", "RADIO": "08", "MZA": "011", "MZATXT": 11, "UGEO": "", "MZAM": "0024", "TMZA": 24, "DEPTO10": "098", "FRAC10": "07", "RADIO10": "09", "MZA10": "024", "CEN2010": "0980709024", "LINK2010": "220980709024", "DF": "09807", "TFRAC": 4624, "DFR": "0980708", "TRADIO": 245, "DFRM": "0980708011", "FRACN": 7, "RADION": 8 }, "geometry": { "type": "Polygon", "coordinates": [ [ [ -60.711869707642123, -27.582121913733097 ], [ -60.71067495918394, -27.582164128473963 ], [ -60.710686798936713, -27.583215344430108 ], [ -60.711886942755854, -27.583222732848728 ], [ -60.711869707642123, -27.582121913733097 ] ] ] } },
{ "type": "Feature", "properties": { "ArcIds": [ 1949, -2022, -2023, 2017 ], "AREA": 14070.75, "PERIMETER": 474.541, "CODLOC": "030", "NOMMUNI": "VILLA ANGELA", "NOMLOC": "VILLA ANGELA", "FRAC": "07", "RADIO": "08", "MZA": "012", "MZATXT": 12, "UGEO": "", "MZAM": "0023", "TMZA": 24, "DEPTO10": "098", "FRAC10": "07", "RADIO10": "09", "MZA10": "023", "CEN2010": "0980709023", "LINK2010": "220980709023", "DF": "09807", "TFRAC": 4624, "DFR": "0980708", "TRADIO": 245, "DFRM": "0980708012", "FRACN": 7, "RADION": 8 }, "geometry": { "type": "Polygon", "coordinates": [ [ [ -60.71067495918394, -27.582164128473963 ], [ -60.709454746983056, -27.582183903451103 ], [ -60.709471696709606, -27.583244117394404 ], [ -60.710686798936713, -27.583215344430108 ], [ -60.71067495918394, -27.582164128473963 ] ] ] } },
{ "type": "Feature", "properties": { "ArcIds": [ 1953, 2024, -2025, 2022 ], "AREA": 14130.625, "PERIMETER": 475.522, "CODLOC": "030", "NOMMUNI": "VILLA ANGELA", "NOMLOC": "VILLA ANGELA", "FRAC": "07", "RADIO": "08", "MZA": "013", "MZATXT": 13, "UGEO": "", "MZAM": "0022", "TMZA": 15, "DEPTO10": "098", "FRAC10": "07", "RADIO10": "09", "MZA10": "022", "CEN2010": "0980709022", "LINK2010": "220980709022", "DF": "09807", "TFRAC": 4624, "DFR": "0980708", "TRADIO": 245, "DFRM": "0980708013", "FRACN": 7, "RADION": 8 }, "geometry": { "type": "Polygon", "coordinates": [ [ [ -60.709454746983056, -27.582183903451103 ], [ -60.708234505108585, -27.582199155943432 ], [ -60.708256506644148, -27.583259344428257 ], [ -60.709471696709606, -27.583244117394404 ], [ -60.709454746983056, -27.582183903451103 ] ] ] } },
{ "type": "Feature", "properties": { "ArcIds": [ 2272, 2402, -2403, -1956 ], "AREA": 561879.875, "PERIMETER": 3100.255, "CODLOC": "030", "NOMMUNI": "VILLA ANGELA", "NOMLOC": "VILLA ANGELA", "FRAC": "02", "RADIO": "02", "MZA": "022", "MZATXT": 22, "UGEO": "", "MZAM": "", "TMZA": 26, "DEPTO10": "098", "FRAC10": "02", "RADIO10": "02", "MZA10": "013", "CEN2010": "0980202013", "LINK2010": "220980202013", "DF": "09802", "TFRAC": 904, "DFR": "0980202", "TRADIO": 100, "DFRM": "0980202022", "FRACN": 2, "RADION": 2 }, "geometry": { "type": "Polygon", "coordinates": [ [ [ -60.745846653133732, -27.582115035808243 ], [ -60.745949259289723, -27.586802343665536 ], [ -60.753959045149941, -27.590327985115458 ], [ -60.753781054576159, -27.582072194109539 ], [ -60.745846653133732, -27.582115035808243 ] ] ] } },
{ "type": "Feature", "properties": { "ArcIds": [ 2060, 2209, 2271, -2272, -1963 ], "AREA": 112114.383, "PERIMETER": 1434.244, "CODLOC": "030", "NOMMUNI": "VILLA ANGELA", "NOMLOC": "VILLA ANGELA", "FRAC": "09", "RADIO": "06", "MZA": "026", "MZATXT": 26, "UGEO": "", "MZAM": "", "TMZA": 5, "DEPTO10": "098", "FRAC10": "07", "RADIO10": "01", "MZA10": "056", "CEN2010": "0980701056", "LINK2010": "220980701056", "DF": "09809", "TFRAC": 3754, "DFR": "0980906", "TRADIO": 390, "DFRM": "0980906026", "FRACN": 9, "RADION": 6 }, "geometry": { "type": "Polygon", "coordinates": [ [ [ -60.743375845759104, -27.582150843822145 ], [ -60.743390035519425, -27.583504337149499 ], [ -60.743409732981185, -27.585674453910368 ], [ -60.745949259289723, -27.586802343665536 ], [ -60.745846653133732, -27.582115035808243 ], [ -60.743375845759104, -27.582150843822145 ] ] ] } },
{ "type": "Feature", "properties": { "ArcIds": [ 2002, 2003, -2004, -1961, -1959 ], "AREA": 9489.875, "PERIMETER": 404.009, "CODLOC": "030", "NOMMUNI": "VILLA ANGELA", "NOMLOC": "VILLA ANGELA", "FRAC": "09", "RADIO": "06", "MZA": "022", "MZATXT": 22, "UGEO": "", "MZAM": "", "TMZA": 23, "DEPTO10": "098", "FRAC10": "07", "RADIO10": "01", "MZA10": "066", "CEN2010": "0980701066", "LINK2010": "220980701066", "DF": "09809", "TFRAC": 3754, "DFR": "0980906", "TRADIO": 390, "DFRM": "0980906022", "FRACN": 9, "RADION": 6 }, "geometry": { "type": "Polygon", "coordinates": [ [ [ -60.738504688186296, -27.58215878671496 ], [ -60.738519318077017, -27.582830982114842 ], [ -60.73980547232815, -27.582828647981742 ], [ -60.739800961496719, -27.582156398921413 ], [ -60.73945158352177, -27.582158259752266 ], [ -60.738504688186296, -27.58215878671496 ] ] ] } },
{ "type": "Feature", "properties": { "ArcIds": [ 2004, -2003, 2067, 2101, 2146, 2166, 2181, -2182, -2140, -2139, -2064, -1968, -1966 ], "AREA": 78853.0, "PERIMETER": 1401.125, "CODLOC": "030", "NOMMUNI": "VILLA ANGELA", "NOMLOC": "VILLA ANGELA", "FRAC": "09", "RADIO": "06", "MZA": "023", "MZATXT": 23, "UGEO": "", "MZAM": "", "TMZA": 19, "DEPTO10": "098", "FRAC10": "07", "RADIO10": "01", "MZA10": "065", "CEN2010": "0980701065", "LINK2010": "220980701065", "DF": "09809", "TFRAC": 3754, "DFR": "0980906", "TRADIO": 390, "DFRM": "0980906023", "FRACN": 9, "RADION": 6 }, "geometry": { "type": "Polygon", "coordinates": [ [ [ -60.739800961496719, -27.582156398921413 ], [ -60.73980547232815, -27.582828647981742 ], [ -60.738519318077017, -27.582830982114842 ], [ -60.738539313995567, -27.583548267907886 ], [ -60.740037502269757, -27.584203540889249 ], [ -60.741114157765246, -27.584671548123623 ], [ -60.742155255669815, -27.585121689308988 ], [ -60.742774866988789, -27.585393601958785 ], [ -60.742799168568865, -27.584491092637911 ], [ -60.742029538882775, -27.584499719365695 ], [ -60.74202288852026, -27.583511649312374 ], [ -60.742018842430646, -27.582158101404975 ], [ -60.740940328229428, -27.58216386010254 ], [ -60.739800961496719, -27.582156398921413 ] ] ] } },
{ "type": "Feature", "properties": { "ArcIds": [ 2062, -2063, 2061, -2060, -1964 ], "AREA": 10050.0, "PERIMETER": 434.002, "CODLOC": "030", "NOMMUNI": "VILLA ANGELA", "NOMLOC": "VILLA ANGELA", "FRAC": "09", "RADIO": "06", "MZA": "025", "MZATXT": 25, "UGEO": "", "MZAM": "", "TMZA": 23, "DEPTO10": "098", "FRAC10": "07", "RADIO10": "01", "MZA10": "063", "CEN2010": "0980701063", "LINK2010": "220980701063", "DF": "09809", "TFRAC": 3754, "DFR": "0980906", "TRADIO": 390, "DFRM": "0980906025", "FRACN": 9, "RADION": 6 }, "geometry": { "type": "Polygon", "coordinates": [ [ [ -60.742702407603574, -27.582154447190199 ], [ -60.742706462084264, -27.583507994913116 ], [ -60.742787478201834, -27.583507561576123 ], [ -60.743390035519425, -27.583504337149499 ], [ -60.743375845759104, -27.582150843822145 ], [ -60.742702407603574, -27.582154447190199 ] ] ] } },
{ "type": "Feature", "properties": { "ArcIds": [ 2064, 2065, -2062, -1965 ], "AREA": 10125.0, "PERIMETER": 435.002, "CODLOC": "030", "NOMMUNI": "VILLA ANGELA", "NOMLOC": "VILLA ANGELA", "FRAC": "09", "RADIO": "06", "MZA": "024", "MZATXT": 24, "UGEO": "", "MZAM": "", "TMZA": 26, "DEPTO10": "098", "FRAC10": "07", "RADIO10": "01", "MZA10": "064", "CEN2010": "0980701064", "LINK2010": "220980701064", "DF": "09809", "TFRAC": 3754, "DFR": "0980906", "TRADIO": 390, "DFRM": "0980906024", "FRACN": 9, "RADION": 6 }, "geometry": { "type": "Polygon", "coordinates": [ [ [ -60.742018842430646, -27.582158101404975 ], [ -60.74202288852026, -27.583511649312374 ], [ -60.742706462084264, -27.583507994913116 ], [ -60.742702407603574, -27.582154447190199 ], [ -60.742018842430646, -27.582158101404975 ] ] ] } },
{ "type": "Feature", "properties": { "ArcIds": [ 1974, 2033, -2035, -2036 ], "AREA": 14847.5, "PERIMETER": 487.507, "CODLOC": "030", "NOMMUNI": "VILLA ANGELA", "NOMLOC": "VILLA ANGELA", "FRAC": "09", "RADIO": "10", "MZA": "003", "MZATXT": 3, "UGEO": "", "MZAM": "0003", "TMZA": 26, "DEPTO10": "098", "FRAC10": "07", "RADIO10": "14", "MZA10": "003", "CEN2010": "0980714003", "LINK2010": "220980714003", "DF": "09809", "TFRAC": 3754, "DFR": "0980910", "TRADIO": 325, "DFRM": "0980910003", "FRACN": 9, "RADION": 10 }, "geometry": { "type": "Polygon", "coordinates": [ [ [ -60.734271881693424, -27.582217327698402 ], [ -60.733061655088996, -27.582214697775882 ], [ -60.733074188273285, -27.583338095630847 ], [ -60.734284397159179, -27.583336213459944 ], [ -60.734271881693424, -27.582217327698402 ] ] ] } },
{ "type": "Feature", "properties": { "ArcIds": [ 1971, 2039, -2040, -2033 ], "AREA": 15311.5, "PERIMETER": 495.018, "CODLOC": "030", "NOMMUNI": "VILLA ANGELA", "NOMLOC": "VILLA ANGELA", "FRAC": "09", "RADIO": "10", "MZA": "004", "MZATXT": 4, "UGEO": "", "MZAM": "0004", "TMZA": 29, "DEPTO10": "098", "FRAC10": "07", "RADIO10": "14", "MZA10": "004", "CEN2010": "0980714004", "LINK2010": "220980714004", "DF": "09809", "TFRAC": 3754, "DFR": "0980910", "TRADIO": 325, "DFRM": "0980910004", "FRACN": 9, "RADION": 10 }, "geometry": { "type": "Polygon", "coordinates": [ [ [ -60.733061655088996, -27.582214697775882 ], [ -60.731826170877127, -27.582221214221608 ], [ -60.73183881127359, -27.583362659416313 ], [ -60.733074188273285, -27.583338095630847 ], [ -60.733061655088996, -27.582214697775882 ] ] ] } },
{ "type": "Feature", "properties": { "ArcIds": [ 1977, -2000, -2042, -2043, -2041, -2039, 0, -2001 ], "AREA": 14868.5, "PERIMETER": 488.046, "CODLOC": "030", "NOMMUNI": "VILLA ANGELA", "NOMLOC": "VILLA ANGELA", "FRAC": "09", "RADIO": "10", "MZA": "005", "MZATXT": 5, "UGEO": "", "MZAM": "0005", "TMZA": 32, "DEPTO10": "098", "FRAC10": "07", "RADIO10": "14", "MZA10": "005", "CEN2010": "0980714005", "LINK2010": "220980714005", "DF": "09809", "TFRAC": 3754, "DFR": "0980910", "TRADIO": 325, "DFRM": "0980910005", "FRACN": 9, "RADION": 10 }, "geometry": { "type": "Polygon", "coordinates": [ [ [ -60.731826170877127, -27.582221214221608 ], [ -60.73064147036866, -27.582250012016964 ], [ -60.730638499826185, -27.582565861019003 ], [ -60.730633784648816, -27.583382540626442 ], [ -60.73138818850731, -27.583369545459 ], [ -60.73183881127359, -27.583362659416313 ], [ -60.731826170877127, -27.582221214221608 ] ] ] } },
{ "type": "Feature", "properties": { "ArcIds": [ 2034, -2047, -2048, -2005 ], "AREA": 13325.75, "PERIMETER": 499.134, "CODLOC": "030", "NOMMUNI": "VILLA ANGELA", "NOMLOC": "VILLA ANGELA", "FRAC": "09", "RADIO": "10", "MZA": "001", "MZATXT": 1, "UGEO": "", "MZAM": "0001", "TMZA": 19, "DEPTO10": "098", "FRAC10": "07", "RADIO10": "14", "MZA10": "001", "CEN2010": "0980714001", "LINK2010": "220980714001", "DF": "09809", "TFRAC": 3754, "DFR": "0980910", "TRADIO": 325, "DFRM": "0980910001", "FRACN": 9, "RADION": 10 }, "geometry": { "type": "Polygon", "coordinates": [ [ [ -60.735573190111822, -27.582210440840331 ], [ -60.735585718779554, -27.583329326228217 ], [ -60.737125296180523, -27.583361769390056 ], [ -60.737142563769602, -27.582914999520668 ], [ -60.735573190111822, -27.582210440840331 ] ] ] } },
{ "type": "Feature", "properties": { "ArcIds": [ 1976, 2036, -2037, -2034 ], "AREA": 15934.0, "PERIMETER": 505.002, "CODLOC": "030", "NOMMUNI": "VILLA ANGELA", "NOMLOC": "VILLA ANGELA", "FRAC": "09", "RADIO": "10", "MZA": "002", "MZATXT": 2, "UGEO": "", "MZAM": "0002", "TMZA": 26, "DEPTO10": "098", "FRAC10": "07", "RADIO10": "14", "MZA10": "002", "CEN2010": "0980714002", "LINK2010": "220980714002", "DF": "09809", "TFRAC": 3754, "DFR": "0980910", "TRADIO": 325, "DFRM": "0980910002", "FRACN": 9, "RADION": 10 }, "geometry": { "type": "Polygon", "coordinates": [ [ [ -60.735573190111822, -27.582210440840331 ], [ -60.734271881693424, -27.582217327698402 ], [ -60.734284397159179, -27.583336213459944 ], [ -60.735585718779554, -27.583329326228217 ], [ -60.735573190111822, -27.582210440840331 ] ] ] } },
{ "type": "Feature", "properties": { "ArcIds": [ 1980, 2045, -2046, -2044, 2042, 2000 ], "AREA": 16600.125, "PERIMETER": 515.533, "CODLOC": "030", "NOMMUNI": "VILLA ANGELA", "NOMLOC": "VILLA ANGELA", "FRAC": "09", "RADIO": "10", "MZA": "006", "MZATXT": 6, "UGEO": "", "MZAM": "0006", "TMZA": 24, "DEPTO10": "098", "FRAC10": "07", "RADIO10": "14", "MZA10": "006", "CEN2010": "0980714006", "LINK2010": "220980714006", "DF": "09809", "TFRAC": 3754, "DFR": "0980910", "TRADIO": 325, "DFRM": "0980910006", "FRACN": 9, "RADION": 10 }, "geometry": { "type": "Polygon", "coordinates": [ [ [ -60.73064147036866, -27.582250012016964 ], [ -60.729284521614765, -27.582266168689568 ], [ -60.729312266579697, -27.583398511340437 ], [ -60.730127462951458, -27.583389715629192 ], [ -60.730633784648816, -27.583382540626442 ], [ -60.730638499826185, -27.582565861019003 ], [ -60.73064147036866, -27.582250012016964 ] ] ] } },
{ "type": "Feature", "properties": { "ArcIds": [ 2053, 2054, -2050, -1987 ], "AREA": 15017.375, "PERIMETER": 490.516, "CODLOC": "030", "NOMMUNI": "VILLA ANGELA", "NOMLOC": "VILLA ANGELA", "FRAC": "09", "RADIO": "11", "MZA": "002", "MZATXT": 2, "UGEO": "", "MZAM": "", "TMZA": 25, "DEPTO10": "098", "FRAC10": "07", "RADIO10": "15", "MZA10": "002", "CEN2010": "0980715002", "LINK2010": "220980715002", "DF": "09809", "TFRAC": 3754, "DFR": "0980911", "TRADIO": 250, "DFRM": "0980911002", "FRACN": 9, "RADION": 11 }, "geometry": { "type": "Polygon", "coordinates": [ [ [ -60.726788172711906, -27.582270232408927 ], [ -60.726800850203809, -27.583425214315834 ], [ -60.728000874861159, -27.583414416393168 ], [ -60.72798324049721, -27.58227750838395 ], [ -60.726788172711906, -27.582270232408927 ] ] ] } },
{ "type": "Feature", "properties": { "ArcIds": [ 2058, 2059, -2053, -1982 ], "AREA": 15486.5, "PERIMETER": 498.014, "CODLOC": "030", "NOMMUNI": "VILLA ANGELA", "NOMLOC": "VILLA ANGELA", "FRAC": "09", "RADIO": "11", "MZA": "003", "MZATXT": 3, "UGEO": "", "MZAM": "", "TMZA": 30, "DEPTO10": "098", "FRAC10": "07", "RADIO10": "15", "MZA10": "003", "CEN2010": "0980715003", "LINK2010": "220980715003", "DF": "09809", "TFRAC": 3754, "DFR": "0980911", "TRADIO": 250, "DFRM": "0980911003", "FRACN": 9, "RADION": 11 }, "geometry": { "type": "Polygon", "coordinates": [ [ [ -60.725567935942493, -27.582285637194214 ], [ -60.72557556682797, -27.583445157666056 ], [ -60.726800850203809, -27.583425214315834 ], [ -60.726788172711906, -27.582270232408927 ], [ -60.725567935942493, -27.582285637194214 ] ] ] } },
{ "type": "Feature", "properties": { "ArcIds": [ 1991, 2027, -2028, -2029 ], "AREA": 7507.0, "PERIMETER": 353.542, "CODLOC": "030", "NOMMUNI": "VILLA ANGELA", "NOMLOC": "VILLA ANGELA", "FRAC": "07", "RADIO": "06", "MZA": "011", "MZATXT": 11, "UGEO": "", "MZAM": "0011", "TMZA": 8, "DEPTO10": "098", "FRAC10": "07", "RADIO10": "10", "MZA10": "011", "CEN2010": "0980710011", "LINK2010": "220980710011", "DF": "09807", "TFRAC": 4624, "DFR": "0980706", "TRADIO": 362, "DFRM": "0980706011", "FRACN": 7, "RADION": 6 }, "geometry": { "type": "Polygon", "coordinates": [ [ [ -60.720534931062573, -27.582325378641361 ], [ -60.719810735784243, -27.58231108670444 ], [ -60.719832200576604, -27.5832720125435 ], [ -60.720546186664642, -27.583272821521348 ], [ -60.720534931062573, -27.582325378641361 ] ] ] } },
{ "type": "Feature", "properties": { "ArcIds": [ 1990, 1999, 2007, -2081, -2082, -2078, -2077, -2075, -2027 ], "AREA": 37667.75, "PERIMETER": 776.205, "CODLOC": "030", "NOMMUNI": "VILLA ANGELA", "NOMLOC": "VILLA ANGELA", "FRAC": "07", "RADIO": "06", "MZA": "010", "MZATXT": 10, "UGEO": "", "MZAM": "0010", "TMZA": 0, "DEPTO10": "098", "FRAC10": "07", "RADIO10": "10", "MZA10": "010", "CEN2010": "0980710010", "LINK2010": "220980710010", "DF": "09807", "TFRAC": 4624, "DFR": "0980706", "TRADIO": 362, "DFRM": "0980706010", "FRACN": 7, "RADION": 6 }, "geometry": { "type": "Polygon", "coordinates": [ [ [ -60.719810735784243, -27.58231108670444 ], [ -60.719233558069767, -27.582323101092168 ], [ -60.717937483351541, -27.582356879253673 ], [ -60.717952693080086, -27.583137361460047 ], [ -60.718010204025504, -27.584192851458027 ], [ -60.718951939062535, -27.584174443099226 ], [ -60.719311422715755, -27.584168069502411 ], [ -60.719858258150445, -27.584160723868301 ], [ -60.719832200576604, -27.5832720125435 ], [ -60.719810735784243, -27.58231108670444 ] ] ] } },
{ "type": "Feature", "properties": { "ArcIds": [ 2050, 2051, -2045, -1988 ], "AREA": 16222.875, "PERIMETER": 509.525, "CODLOC": "030", "NOMMUNI": "VILLA ANGELA", "NOMLOC": "VILLA ANGELA", "FRAC": "09", "RADIO": "11", "MZA": "001", "MZATXT": 1, "UGEO": "", "MZAM": "", "TMZA": 24, "DEPTO10": "098", "FRAC10": "07", "RADIO10": "15", "MZA10": "001", "CEN2010": "0980715001", "LINK2010": "220980715001", "DF": "09809", "TFRAC": 3754, "DFR": "0980911", "TRADIO": 250, "DFRM": "0980911001", "FRACN": 9, "RADION": 11 }, "geometry": { "type": "Polygon", "coordinates": [ [ [ -60.72798324049721, -27.58227750838395 ], [ -60.728000874861159, -27.583414416393168 ], [ -60.729312266579697, -27.583398511340437 ], [ -60.729284521614765, -27.582266168689568 ], [ -60.72798324049721, -27.58227750838395 ] ] ] } },
{ "type": "Feature", "properties": { "ArcIds": [ -1985, -1986, 2052, 2057, -2058, -1983 ], "AREA": 15267.875, "PERIMETER": 494.518, "CODLOC": "030", "NOMMUNI": "VILLA ANGELA", "NOMLOC": "VILLA ANGELA", "FRAC": "09", "RADIO": "11", "MZA": "004", "MZATXT": 4, "UGEO": "", "MZAM": "", "TMZA": 22, "DEPTO10": "098", "FRAC10": "07", "RADIO10": "15", "MZA10": "004", "CEN2010": "0980715004", "LINK2010": "220980715004", "DF": "09809", "TFRAC": 3754, "DFR": "0980911", "TRADIO": 250, "DFRM": "0980911004", "FRACN": 9, "RADION": 11 }, "geometry": { "type": "Polygon", "coordinates": [ [ [ -60.724418527902834, -27.582291637973455 ], [ -60.725456539584179, -27.582286219183789 ], [ -60.725567935942493, -27.582285637194214 ], [ -60.72557556682797, -27.583445157666056 ], [ -60.724365265821064, -27.583433428697958 ], [ -60.724352702762054, -27.582291981342447 ], [ -60.724418527902834, -27.582291637973455 ] ] ] } },
{ "type": "Feature", "properties": { "ArcIds": [ 2026, 2055, 2056, -2052, -1997 ], "AREA": 15918.625, "PERIMETER": 504.543, "CODLOC": "030", "NOMMUNI": "VILLA ANGELA", "NOMLOC": "VILLA ANGELA", "FRAC": "09", "RADIO": "11", "MZA": "005", "MZATXT": 5, "UGEO": "", "MZAM": "", "TMZA": 25, "DEPTO10": "098", "FRAC10": "07", "RADIO10": "15", "MZA10": "005", "CEN2010": "0980715005", "LINK2010": "220980715005", "DF": "09809", "TFRAC": 3754, "DFR": "0980911", "TRADIO": 250, "DFRM": "0980911005", "FRACN": 9, "RADION": 11 }, "geometry": { "type": "Polygon", "coordinates": [ [ [ -60.723061665016473, -27.582321269128098 ], [ -60.723082951001487, -27.583250611635407 ], [ -60.723089286939164, -27.583444590733009 ], [ -60.724365265821064, -27.583433428697958 ], [ -60.724352702762054, -27.582291981342447 ], [ -60.723061665016473, -27.582321269128098 ] ] ] } },
{ "type": "Feature", "properties": { "ArcIds": [ 1993, 2029, -2030, -2031 ], "AREA": 11998.5, "PERIMETER": 438.508, "CODLOC": "030", "NOMMUNI": "VILLA ANGELA", "NOMLOC": "VILLA ANGELA", "FRAC": "07", "RADIO": "06", "MZA": "012", "MZATXT": 12, "UGEO": "", "MZAM": "0012", "TMZA": 6, "DEPTO10": "098", "FRAC10": "07", "RADIO10": "10", "MZA10": "012", "CEN2010": "0980710012", "LINK2010": "220980710012", "DF": "09807", "TFRAC": 4624, "DFR": "0980706", "TRADIO": 362, "DFRM": "0980706012", "FRACN": 7, "RADION": 6 }, "geometry": { "type": "Polygon", "coordinates": [ [ [ -60.721694496927583, -27.582323869125926 ], [ -60.720534931062573, -27.582325378641361 ], [ -60.720546186664642, -27.583272821521348 ], [ -60.721695664985702, -27.58327587610983 ], [ -60.721694496927583, -27.582323869125926 ] ] ] } },
{ "type": "Feature", "properties": { "ArcIds": [ 1995, 2031, -2032, -2026 ], "AREA": 14178.375, "PERIMETER": 480.528, "CODLOC": "030", "NOMMUNI": "VILLA ANGELA", "NOMLOC": "VILLA ANGELA", "FRAC": "07", "RADIO": "06", "MZA": "013", "MZATXT": 13, "UGEO": "", "MZAM": "0013", "TMZA": 7, "DEPTO10": "098", "FRAC10": "07", "RADIO10": "10", "MZA10": "013", "CEN2010": "0980710013", "LINK2010": "220980710013", "DF": "09807", "TFRAC": 4624, "DFR": "0980706", "TRADIO": 362, "DFRM": "0980706013", "FRACN": 7, "RADION": 6 }, "geometry": { "type": "Polygon", "coordinates": [ [ [ -60.723061665016473, -27.582321269128098 ], [ -60.721694496927583, -27.582323869125926 ], [ -60.721695664985702, -27.58327587610983 ], [ -60.723082951001487, -27.583250611635407 ], [ -60.723061665016473, -27.582321269128098 ] ] ] } },
{ "type": "Feature", "properties": { "ArcIds": [ 2048, -2049, -2038 ], "AREA": 2298.25, "PERIMETER": 244.572, "CODLOC": "030", "NOMMUNI": "VILLA ANGELA", "NOMLOC": "VILLA ANGELA", "FRAC": "09", "RADIO": "10", "MZA": "013", "MZATXT": 13, "UGEO": "", "MZAM": "0013", "TMZA": 1, "DEPTO10": "098", "FRAC10": "07", "RADIO10": "14", "MZA10": "013", "CEN2010": "0980714013", "LINK2010": "220980714013", "DF": "09809", "TFRAC": 3754, "DFR": "0980910", "TRADIO": 325, "DFRM": "0980910013", "FRACN": 9, "RADION": 10 }, "geometry": { "type": "Polygon", "coordinates": [ [ [ -60.737142563769602, -27.582914999520668 ], [ -60.737125296180523, -27.583361769390056 ], [ -60.738066896948418, -27.58332518462537 ], [ -60.737142563769602, -27.582914999520668 ] ] ] } },
{ "type": "Feature", "properties": { "ArcIds": [ 2010, 2083, -2084, 2081 ], "AREA": 13868.125, "PERIMETER": 471.13, "CODLOC": "030", "NOMMUNI": "VILLA ANGELA", "NOMLOC": "VILLA ANGELA", "FRAC": "07", "RADIO": "07", "MZA": "016", "MZATXT": 16, "UGEO": "", "MZAM": "0029", "TMZA": 17, "DEPTO10": "098", "FRAC10": "07", "RADIO10": "09", "MZA10": "029", "CEN2010": "0980709029", "LINK2010": "220980709029", "DF": "09807", "TFRAC": 4624, "DFR": "0980707", "TRADIO": 248, "DFRM": "0980707016", "FRACN": 7, "RADION": 7 }, "geometry": { "type": "Polygon", "coordinates": [ [ [ -60.717952693080086, -27.583137361460047 ], [ -60.716767917587767, -27.583157017619882 ], [ -60.716789942898245, -27.584208179529128 ], [ -60.718010204025504, -27.584192851458027 ], [ -60.717952693080086, -27.583137361460047 ] ] ] } },
{ "type": "Feature", "properties": { "ArcIds": [ 2009, 2085, -2086, -2083 ], "AREA": 14399.375, "PERIMETER": 480.06, "CODLOC": "030", "NOMMUNI": "VILLA ANGELA", "NOMLOC": "VILLA ANGELA", "FRAC": "07", "RADIO": "07", "MZA": "017", "MZATXT": 17, "UGEO": "", "MZAM": "0030", "TMZA": 27, "DEPTO10": "098", "FRAC10": "07", "RADIO10": "09", "MZA10": "030", "CEN2010": "0980709030", "LINK2010": "220980709030", "DF": "09807", "TFRAC": 4624, "DFR": "0980707", "TRADIO": 248, "DFRM": "0980707017", "FRACN": 7, "RADION": 7 }, "geometry": { "type": "Polygon", "coordinates": [ [ [ -60.716767917587767, -27.583157017619882 ], [ -60.715542457555493, -27.583149801839742 ], [ -60.715559671169842, -27.584241596116264 ], [ -60.716789942898245, -27.584208179529128 ], [ -60.716767917587767, -27.583157017619882 ] ] ] } },
{ "type": "Feature", "properties": { "ArcIds": [ 2012, -2088, 2089, -2087, -2085, 2014 ], "AREA": 14220.5, "PERIMETER": 478.59, "CODLOC": "030", "NOMMUNI": "VILLA ANGELA", "NOMLOC": "VILLA ANGELA", "FRAC": "07", "RADIO": "07", "MZA": "018", "MZATXT": 18, "UGEO": "", "MZAM": "0031", "TMZA": 25, "DEPTO10": "098", "FRAC10": "07", "RADIO10": "09", "MZA10": "031", "CEN2010": "0980709031", "LINK2010": "220980709031", "DF": "09807", "TFRAC": 4624, "DFR": "0980707", "TRADIO": 248, "DFRM": "0980707018", "FRACN": 7, "RADION": 7 }, "geometry": { "type": "Polygon", "coordinates": [ [ [ -60.714914756359406, -27.583180106322938 ], [ -60.71433242185406, -27.583178591210839 ], [ -60.714354570134113, -27.584252312758903 ], [ -60.714774846718029, -27.584250150059422 ], [ -60.715559671169842, -27.584241596116264 ], [ -60.715542457555493, -27.583149801839742 ], [ -60.714914756359406, -27.583180106322938 ] ] ] } },
{ "type": "Feature", "properties": { "ArcIds": [ 2016, 2018, -2090, 2091, 2088 ], "AREA": 14353.625, "PERIMETER": 479.09, "CODLOC": "030", "NOMMUNI": "VILLA ANGELA", "NOMLOC": "VILLA ANGELA", "FRAC": "07", "RADIO": "07", "MZA": "019", "MZATXT": 19, "UGEO": "", "MZAM": "0032", "TMZA": 24, "DEPTO10": "098", "FRAC10": "07", "RADIO10": "09", "MZA10": "032", "CEN2010": "0980709032", "LINK2010": "220980709032", "DF": "09807", "TFRAC": 4624, "DFR": "0980707", "TRADIO": 248, "DFRM": "0980707019", "FRACN": 7, "RADION": 7 }, "geometry": { "type": "Polygon", "coordinates": [ [ [ -60.71433242185406, -27.583178591210839 ], [ -60.71351728195242, -27.583196317714552 ], [ -60.713102131161421, -27.583207474060071 ], [ -60.713139429019307, -27.584276606249169 ], [ -60.714354570134113, -27.584252312758903 ], [ -60.71433242185406, -27.583178591210839 ] ] ] } },
{ "type": "Feature", "properties": { "ArcIds": [ 2019, 2094, -2095, -2092 ], "AREA": 14429.875, "PERIMETER": 480.537, "CODLOC": "030", "NOMMUNI": "VILLA ANGELA", "NOMLOC": "VILLA ANGELA", "FRAC": "07", "RADIO": "08", "MZA": "016", "MZATXT": 16, "UGEO": "", "MZAM": "0034", "TMZA": 29, "DEPTO10": "098", "FRAC10": "07", "RADIO10": "09", "MZA10": "034", "CEN2010": "0980709034", "LINK2010": "220980709034", "DF": "09807", "TFRAC": 4624, "DFR": "0980708", "TRADIO": 245, "DFRM": "0980708016", "FRACN": 7, "RADION": 8 }, "geometry": { "type": "Polygon", "coordinates": [ [ [ -60.711886942755854, -27.583222732848728 ], [ -60.710686798936713, -27.583215344430108 ], [ -60.710688831930639, -27.584316241486931 ], [ -60.711914130823772, -27.584296429270275 ], [ -60.711886942755854, -27.583222732848728 ] ] ] } },
{ "type": "Feature", "properties": { "ArcIds": [ 2023, -2096, -2097, -2094 ], "AREA": 14429.625, "PERIMETER": 480.532, "CODLOC": "030", "NOMMUNI": "VILLA ANGELA", "NOMLOC": "VILLA ANGELA", "FRAC": "07", "RADIO": "08", "MZA": "015", "MZATXT": 15, "UGEO": "", "MZAM": "0035", "TMZA": 21, "DEPTO10": "098", "FRAC10": "07", "RADIO10": "09", "MZA10": "035", "CEN2010": "0980709035", "LINK2010": "220980709035", "DF": "09807", "TFRAC": 4624, "DFR": "0980708", "TRADIO": 245, "DFRM": "0980708015", "FRACN": 7, "RADION": 8 }, "geometry": { "type": "Polygon", "coordinates": [ [ [ -60.710686798936713, -27.583215344430108 ], [ -60.709471696709606, -27.583244117394404 ], [ -60.709488792182917, -27.584326890007798 ], [ -60.710688831930639, -27.584316241486931 ], [ -60.710686798936713, -27.583215344430108 ] ] ] } },
{ "type": "Feature", "properties": { "ArcIds": [ 2021, 2092, 2093, 2090 ], "AREA": 14312.5, "PERIMETER": 478.568, "CODLOC": "030", "NOMMUNI": "VILLA ANGELA", "NOMLOC": "VILLA ANGELA", "FRAC": "07", "RADIO": "08", "MZA": "017", "MZATXT": 17, "UGEO": "", "MZAM": "0033", "TMZA": 21, "DEPTO10": "098", "FRAC10": "07", "RADIO10": "09", "MZA10": "033", "CEN2010": "0980709033", "LINK2010": "220980709033", "DF": "09807", "TFRAC": 4624, "DFR": "0980708", "TRADIO": 245, "DFRM": "0980708017", "FRACN": 7, "RADION": 8 }, "geometry": { "type": "Polygon", "coordinates": [ [ [ -60.713102131161421, -27.583207474060071 ], [ -60.711886942755854, -27.583222732848728 ], [ -60.711914130823772, -27.584296429270275 ], [ -60.713139429019307, -27.584276606249169 ], [ -60.713102131161421, -27.583207474060071 ] ] ] } },
{ "type": "Feature", "properties": { "ArcIds": [ 2025, 2098, -2099, 2096 ], "AREA": 14521.5, "PERIMETER": 482.035, "CODLOC": "030", "NOMMUNI": "VILLA ANGELA", "NOMLOC": "VILLA ANGELA", "FRAC": "07", "RADIO": "08", "MZA": "014", "MZATXT": 14, "UGEO": "", "MZAM": "0036", "TMZA": 17, "DEPTO10": "098", "FRAC10": "07", "RADIO10": "09", "MZA10": "036", "CEN2010": "0980709036", "LINK2010": "220980709036", "DF": "09807", "TFRAC": 4624, "DFR": "0980708", "TRADIO": 245, "DFRM": "0980708014", "FRACN": 7, "RADION": 8 }, "geometry": { "type": "Polygon", "coordinates": [ [ [ -60.709471696709606, -27.583244117394404 ], [ -60.708256506644148, -27.583259344428257 ], [ -60.708268613564641, -27.584355678547308 ], [ -60.709488792182917, -27.584326890007798 ], [ -60.709471696709606, -27.583244117394404 ] ] ] } },
{ "type": "Feature", "properties": { "ArcIds": [ 2032, -2071, -2072, -2070, -2055 ], "AREA": 12923.875, "PERIMETER": 463.06, "CODLOC": "030", "NOMMUNI": "VILLA ANGELA", "NOMLOC": "VILLA ANGELA", "FRAC": "07", "RADIO": "06", "MZA": "014", "MZATXT": 14, "UGEO": "", "MZAM": "0014", "TMZA": 0, "DEPTO10": "098", "FRAC10": "07", "RADIO10": "10", "MZA10": "014", "CEN2010": "0980710014", "LINK2010": "220980710014", "DF": "09807", "TFRAC": 4624, "DFR": "0980706", "TRADIO": 362, "DFRM": "0980706014", "FRACN": 7, "RADION": 6 }, "geometry": { "type": "Polygon", "coordinates": [ [ [ -60.723082951001487, -27.583250611635407 ], [ -60.721695664985702, -27.58327587610983 ], [ -60.72171634911804, -27.584114983800433 ], [ -60.72311389116436, -27.584107713201934 ], [ -60.723089286939164, -27.583444590733009 ], [ -60.723082951001487, -27.583250611635407 ] ] ] } },
{ "type": "Feature", "properties": { "ArcIds": [ 2028, 2075, -2076, -2073 ], "AREA": 6686.125, "PERIMETER": 332.064, "CODLOC": "030", "NOMMUNI": "VILLA ANGELA", "NOMLOC": "VILLA ANGELA", "FRAC": "07", "RADIO": "06", "MZA": "016", "MZATXT": 16, "UGEO": "", "MZAM": "0016", "TMZA": 7, "DEPTO10": "098", "FRAC10": "07", "RADIO10": "10", "MZA10": "016", "CEN2010": "0980710016", "LINK2010": "220980710016", "DF": "09807", "TFRAC": 4624, "DFR": "0980706", "TRADIO": 362, "DFRM": "0980706016", "FRACN": 7, "RADION": 6 }, "geometry": { "type": "Polygon", "coordinates": [ [ [ -60.720546186664642, -27.583272821521348 ], [ -60.719832200576604, -27.5832720125435 ], [ -60.719858258150445, -27.584160723868301 ], [ -60.720536657615156, -27.584139157741753 ], [ -60.720546186664642, -27.583272821521348 ] ] ] } },
{ "type": "Feature", "properties": { "ArcIds": [ 2030, 2073, -2074, 2071 ], "AREA": 10867.5, "PERIMETER": 419.045, "CODLOC": "030", "NOMMUNI": "VILLA ANGELA", "NOMLOC": "VILLA ANGELA", "FRAC": "07", "RADIO": "06", "MZA": "015", "MZATXT": 15, "UGEO": "", "MZAM": "0015", "TMZA": 1, "DEPTO10": "098", "FRAC10": "07", "RADIO10": "10", "MZA10": "015", "CEN2010": "0980710015", "LINK2010": "220980710015", "DF": "09807", "TFRAC": 4624, "DFR": "0980706", "TRADIO": 362, "DFRM": "0980706015", "FRACN": 7, "RADION": 6 }, "geometry": { "type": "Polygon", "coordinates": [ [ [ -60.721695664985702, -27.58327587610983 ], [ -60.720546186664642, -27.583272821521348 ], [ -60.720536657615156, -27.584139157741753 ], [ -60.72171634911804, -27.584114983800433 ], [ -60.721695664985702, -27.58327587610983 ] ] ] } },
{ "type": "Feature", "properties": { "ArcIds": [ 2035, 2118, -2119, -2114 ], "AREA": 14609.625, "PERIMETER": 483.511, "CODLOC": "030", "NOMMUNI": "VILLA ANGELA", "NOMLOC": "VILLA ANGELA", "FRAC": "09", "RADIO": "10", "MZA": "010", "MZATXT": 10, "UGEO": "", "MZAM": "0010", "TMZA": 22, "DEPTO10": "098", "FRAC10": "07", "RADIO10": "14", "MZA10": "010", "CEN2010": "0980714010", "LINK2010": "220980714010", "DF": "09809", "TFRAC": 3754, "DFR": "0980910", "TRADIO": 325, "DFRM": "0980910010", "FRACN": 9, "RADION": 10 }, "geometry": { "type": "Polygon", "coordinates": [ [ [ -60.734284397159179, -27.583336213459944 ], [ -60.733074188273285, -27.583338095630847 ], [ -60.733081568426655, -27.584447984798832 ], [ -60.734296732850268, -27.584428028578589 ], [ -60.734284397159179, -27.583336213459944 ] ] ] } },
{ "type": "Feature", "properties": { "ArcIds": [ 2040, -2122, -2123, -2118 ], "AREA": 14793.5, "PERIMETER": 486.534, "CODLOC": "030", "NOMMUNI": "VILLA ANGELA", "NOMLOC": "VILLA ANGELA", "FRAC": "09", "RADIO": "10", "MZA": "009", "MZATXT": 9, "UGEO": "", "MZAM": "0009", "TMZA": 24, "DEPTO10": "098", "FRAC10": "07", "RADIO10": "14", "MZA10": "009", "CEN2010": "0980714009", "LINK2010": "220980714009", "DF": "09809", "TFRAC": 3754, "DFR": "0980910", "TRADIO": 325, "DFRM": "0980910009", "FRACN": 9, "RADION": 10 }, "geometry": { "type": "Polygon", "coordinates": [ [ [ -60.733074188273285, -27.583338095630847 ], [ -60.73183881127359, -27.583362659416313 ], [ -60.731866343399311, -27.584458906901986 ], [ -60.733081568426655, -27.584447984798832 ], [ -60.733074188273285, -27.583338095630847 ] ] ] } },
{ "type": "Feature", "properties": { "ArcIds": [ 2047, 2111, -2112, -2109 ], "AREA": 17741.5, "PERIMETER": 537.078, "CODLOC": "030", "NOMMUNI": "VILLA ANGELA", "NOMLOC": "VILLA ANGELA", "FRAC": "09", "RADIO": "10", "MZA": "012", "MZATXT": 12, "UGEO": "", "MZAM": "0012", "TMZA": 29, "DEPTO10": "098", "FRAC10": "07", "RADIO10": "14", "MZA10": "012", "CEN2010": "0980714012", "LINK2010": "220980714012", "DF": "09809", "TFRAC": 3754, "DFR": "0980910", "TRADIO": 325, "DFRM": "0980910012", "FRACN": 9, "RADION": 10 }, "geometry": { "type": "Polygon", "coordinates": [ [ [ -60.737125296180523, -27.583361769390056 ], [ -60.735585718779554, -27.583329326228217 ], [ -60.735608134259202, -27.5844120638499 ], [ -60.73712717089267, -27.584399496580811 ], [ -60.737125296180523, -27.583361769390056 ] ] ] } },
{ "type": "Feature", "properties": { "ArcIds": [ 2037, 2114, -2115, -2111 ], "AREA": 15545.0, "PERIMETER": 499.014, "CODLOC": "030", "NOMMUNI": "VILLA ANGELA", "NOMLOC": "VILLA ANGELA", "FRAC": "09", "RADIO": "10", "MZA": "011", "MZATXT": 11, "UGEO": "", "MZAM": "0011", "TMZA": 23, "DEPTO10": "098", "FRAC10": "07", "RADIO10": "14", "MZA10": "011", "CEN2010": "0980714011", "LINK2010": "220980714011", "DF": "09809", "TFRAC": 3754, "DFR": "0980910", "TRADIO": 325, "DFRM": "0980910011", "FRACN": 9, "RADION": 10 }, "geometry": { "type": "Polygon", "coordinates": [ [ [ -60.735585718779554, -27.583329326228217 ], [ -60.734284397159179, -27.583336213459944 ], [ -60.734296732850268, -27.584428028578589 ], [ -60.735608134259202, -27.5844120638499 ], [ -60.735585718779554, -27.583329326228217 ] ] ] } },
{ "type": "Feature", "properties": { "ArcIds": [ 2049, 2109, -2110, -2108, -2066 ], "AREA": 15722.0, "PERIMETER": 492.383, "CODLOC": "030", "NOMMUNI": "VILLA ANGELA", "NOMLOC": "VILLA ANGELA", "FRAC": "09", "RADIO": "13", "MZA": "001", "MZATXT": 1, "UGEO": "", "MZAM": "0001", "TMZA": 27, "DEPTO10": "098", "FRAC10": "07", "RADIO10": "20", "MZA10": "001", "CEN2010": "0980720001", "LINK2010": "220980720001", "DF": "09809", "TFRAC": 3754, "DFR": "0980913", "TRADIO": 411, "DFRM": "0980913001", "FRACN": 9, "RADION": 13 }, "geometry": { "type": "Polygon", "coordinates": [ [ [ -60.738066896948418, -27.58332518462537 ], [ -60.737125296180523, -27.583361769390056 ], [ -60.73712717089267, -27.584399496580811 ], [ -60.73852471173425, -27.584392070821387 ], [ -60.738539313995567, -27.583548267907886 ], [ -60.738066896948418, -27.58332518462537 ] ] ] } },
{ "type": "Feature", "properties": { "ArcIds": [ 2041, 2043, -2080, -2117, -2121, 2122, 0, -2069 ], "AREA": 14384.875, "PERIMETER": 479.535, "CODLOC": "030", "NOMMUNI": "VILLA ANGELA", "NOMLOC": "VILLA ANGELA", "FRAC": "09", "RADIO": "10", "MZA": "008", "MZATXT": 8, "UGEO": "", "MZAM": "0008", "TMZA": 36, "DEPTO10": "098", "FRAC10": "07", "RADIO10": "14", "MZA10": "008", "CEN2010": "0980714008", "LINK2010": "220980714008", "DF": "09809", "TFRAC": 3754, "DFR": "0980910", "TRADIO": 325, "DFRM": "0980910008", "FRACN": 9, "RADION": 10 }, "geometry": { "type": "Polygon", "coordinates": [ [ [ -60.73183881127359, -27.583362659416313 ], [ -60.73138818850731, -27.583369545459 ], [ -60.730633784648816, -27.583382540626442 ], [ -60.730643721983519, -27.584117928768276 ], [ -60.730651028165177, -27.584456283134021 ], [ -60.731866343399311, -27.584458906901986 ], [ -60.73183881127359, -27.583362659416313 ] ] ] } },
{ "type": "Feature", "properties": { "ArcIds": [ 2044, 2046, 2125, -2126, 2117, 2080, 0, -2068, 0, -2079 ], "AREA": 15669.5, "PERIMETER": 501.533, "CODLOC": "030", "NOMMUNI": "VILLA ANGELA", "NOMLOC": "VILLA ANGELA", "FRAC": "09", "RADIO": "10", "MZA": "007", "MZATXT": 7, "UGEO": "", "MZAM": "0007", "TMZA": 34, "DEPTO10": "098", "FRAC10": "07", "RADIO10": "14", "MZA10": "007", "CEN2010": "0980714007", "LINK2010": "220980714007", "DF": "09809", "TFRAC": 3754, "DFR": "0980910", "TRADIO": 325, "DFRM": "0980910007", "FRACN": 9, "RADION": 10 }, "geometry": { "type": "Polygon", "coordinates": [ [ [ -60.730633784648816, -27.583382540626442 ], [ -60.730127462951458, -27.583389715629192 ], [ -60.729312266579697, -27.583398511340437 ], [ -60.729319459643193, -27.584485842692754 ], [ -60.730651028165177, -27.584456283134021 ], [ -60.730643721983519, -27.584117928768276 ], [ -60.730633784648816, -27.583382540626442 ] ] ] } },
{ "type": "Feature", "properties": { "ArcIds": [ 2120, 2124, -2125, -2051 ], "AREA": 15320.875, "PERIMETER": 495.529, "CODLOC": "030", "NOMMUNI": "VILLA ANGELA", "NOMLOC": "VILLA ANGELA", "FRAC": "09", "RADIO": "11", "MZA": "010", "MZATXT": 10, "UGEO": "", "MZAM": "", "TMZA": 27, "DEPTO10": "098", "FRAC10": "07", "RADIO10": "15", "MZA10": "010", "CEN2010": "0980715010", "LINK2010": "220980715010", "DF": "09809", "TFRAC": 3754, "DFR": "0980911", "TRADIO": 250, "DFRM": "0980911010", "FRACN": 9, "RADION": 11 }, "geometry": { "type": "Polygon", "coordinates": [ [ [ -60.728000874861159, -27.583414416393168 ], [ -60.728023066938384, -27.584474597923148 ], [ -60.729319459643193, -27.584485842692754 ], [ -60.729312266579697, -27.583398511340437 ], [ -60.728000874861159, -27.583414416393168 ] ] ] } },
{ "type": "Feature", "properties": { "ArcIds": [ 2127, 2128, -2120, -2054 ], "AREA": 14102.25, "PERIMETER": 475.027, "CODLOC": "030", "NOMMUNI": "VILLA ANGELA", "NOMLOC": "VILLA ANGELA", "FRAC": "09", "RADIO": "11", "MZA": "009", "MZATXT": 9, "UGEO": "", "MZAM": "", "TMZA": 21, "DEPTO10": "098", "FRAC10": "07", "RADIO10": "15", "MZA10": "009", "CEN2010": "0980715009", "LINK2010": "220980715009", "DF": "09809", "TFRAC": 3754, "DFR": "0980911", "TRADIO": 250, "DFRM": "0980911009", "FRACN": 9, "RADION": 11 }, "geometry": { "type": "Polygon", "coordinates": [ [ [ -60.726800850203809, -27.583425214315834 ], [ -60.726807929272709, -27.584499011020633 ], [ -60.728023066938384, -27.584474597923148 ], [ -60.728000874861159, -27.583414416393168 ], [ -60.726800850203809, -27.583425214315834 ] ] ] } },
{ "type": "Feature", "properties": { "ArcIds": [ 2133, 2134, -2129, -2057 ], "AREA": 14429.875, "PERIMETER": 480.526, "CODLOC": "030", "NOMMUNI": "VILLA ANGELA", "NOMLOC": "VILLA ANGELA", "FRAC": "09", "RADIO": "11", "MZA": "007", "MZATXT": 7, "UGEO": "", "MZAM": "", "TMZA": 21, "DEPTO10": "098", "FRAC10": "07", "RADIO10": "15", "MZA10": "007", "CEN2010": "0980715007", "LINK2010": "220980715007", "DF": "09809", "TFRAC": 3754, "DFR": "0980911", "TRADIO": 250, "DFRM": "0980911007", "FRACN": 9, "RADION": 11 }, "geometry": { "type": "Polygon", "coordinates": [ [ [ -60.724365265821064, -27.583433428697958 ], [ -60.724367405821631, -27.584529811161048 ], [ -60.725592731420662, -27.584514389990758 ], [ -60.72557556682797, -27.583445157666056 ], [ -60.724365265821064, -27.583433428697958 ] ] ] } },
{ "type": "Feature", "properties": { "ArcIds": [ 2070, 2131, 2132, -2133, -2056 ], "AREA": 15040.625, "PERIMETER": 492.044, "CODLOC": "030", "NOMMUNI": "VILLA ANGELA", "NOMLOC": "VILLA ANGELA", "FRAC": "09", "RADIO": "11", "MZA": "006", "MZATXT": 6, "UGEO": "", "MZAM": "", "TMZA": 26, "DEPTO10": "098", "FRAC10": "07", "RADIO10": "15", "MZA10": "006", "CEN2010": "0980715006", "LINK2010": "220980715006", "DF": "09809", "TFRAC": 3754, "DFR": "0980911", "TRADIO": 250, "DFRM": "0980911006", "FRACN": 9, "RADION": 11 }, "geometry": { "type": "Polygon", "coordinates": [ [ [ -60.723089286939164, -27.583444590733009 ], [ -60.72311389116436, -27.584107713201934 ], [ -60.723106516203828, -27.584527359090778 ], [ -60.724367405821631, -27.584529811161048 ], [ -60.724365265821064, -27.583433428697958 ], [ -60.723089286939164, -27.583444590733009 ] ] ] } },
{ "type": "Feature", "properties": { "ArcIds": [ 2129, 2130, -2127, -2059 ], "AREA": 14310.0, "PERIMETER": 478.518, "CODLOC": "030", "NOMMUNI": "VILLA ANGELA", "NOMLOC": "VILLA ANGELA", "FRAC": "09", "RADIO": "11", "MZA": "008", "MZATXT": 8, "UGEO": "", "MZAM": "", "TMZA": 29, "DEPTO10": "098", "FRAC10": "07", "RADIO10": "15", "MZA10": "008", "CEN2010": "0980715008", "LINK2010": "220980715008", "DF": "09809", "TFRAC": 3754, "DFR": "0980911", "TRADIO": 250, "DFRM": "0980911008", "FRACN": 9, "RADION": 11 }, "geometry": { "type": "Polygon", "coordinates": [ [ [ -60.72557556682797, -27.583445157666056 ], [ -60.725592731420662, -27.584514389990758 ], [ -60.726807929272709, -27.584499011020633 ], [ -60.726800850203809, -27.583425214315834 ], [ -60.72557556682797, -27.583445157666056 ] ] ] } },
{ "type": "Feature", "properties": { "ArcIds": [ 2138, 2182, 2208, -2209, -2061 ], "AREA": 13537.0, "PERIMETER": 579.036, "CODLOC": "030", "NOMMUNI": "VILLA ANGELA", "NOMLOC": "VILLA ANGELA", "FRAC": "09", "RADIO": "06", "MZA": "027", "MZATXT": 27, "UGEO": "", "MZAM": "", "TMZA": 35, "DEPTO10": "098", "FRAC10": "07", "RADIO10": "01", "MZA10": "069", "CEN2010": "0980701069", "LINK2010": "220980701069", "DF": "09809", "TFRAC": 3754, "DFR": "0980906", "TRADIO": 390, "DFRM": "0980906027", "FRACN": 9, "RADION": 6 }, "geometry": { "type": "Polygon", "coordinates": [ [ [ -60.742787478201834, -27.583507561576123 ], [ -60.742799168568865, -27.584491092637911 ], [ -60.742774866988789, -27.585393601958785 ], [ -60.743409732981185, -27.585674453910368 ], [ -60.743390035519425, -27.583504337149499 ], [ -60.742787478201834, -27.583507561576123 ] ] ] } },
{ "type": "Feature", "properties": { "ArcIds": [ 2063, -2065, 2139, 2140, -2138 ], "AREA": 8275.75, "PERIMETER": 370.003, "CODLOC": "030", "NOMMUNI": "VILLA ANGELA", "NOMLOC": "VILLA ANGELA", "FRAC": "09", "RADIO": "06", "MZA": "028", "MZATXT": 28, "UGEO": "", "MZAM": "", "TMZA": 20, "DEPTO10": "098", "FRAC10": "07", "RADIO10": "01", "MZA10": "067", "CEN2010": "0980701067", "LINK2010": "220980701067", "DF": "09809", "TFRAC": 3754, "DFR": "0980906", "TRADIO": 390, "DFRM": "0980906028", "FRACN": 9, "RADION": 6 }, "geometry": { "type": "Polygon", "coordinates": [ [ [ -60.742787478201834, -27.583507561576123 ], [ -60.742706462084264, -27.583507994913116 ], [ -60.74202288852026, -27.583511649312374 ], [ -60.742029538882775, -27.584499719365695 ], [ -60.742799168568865, -27.584491092637911 ], [ -60.742787478201834, -27.583507561576123 ] ] ] } },
{ "type": "Feature", "properties": { "ArcIds": [ 2108, 2167, 2183, 2254, 2273, 2274, 2275, -2101, 0, -2113, 0, -2168 ], "AREA": 47146.875, "PERIMETER": 966.324, "CODLOC": "030", "NOMMUNI": "VILLA ANGELA", "NOMLOC": "VILLA ANGELA", "FRAC": "09", "RADIO": "14", "MZA": "001", "MZATXT": 1, "UGEO": "", "MZAM": "", "TMZA": 32, "DEPTO10": "098", "FRAC10": "07", "RADIO10": "16", "MZA10": "004", "CEN2010": "0980716004", "LINK2010": "220980716004", "DF": "09809", "TFRAC": 3754, "DFR": "0980914", "TRADIO": 148, "DFRM": "0980914001", "FRACN": 9, "RADION": 14 }, "geometry": { "type": "Polygon", "coordinates": [ [ [ -60.738539313995567, -27.583548267907886 ], [ -60.73852471173425, -27.584392070821387 ], [ -60.738544950029059, -27.585145450353288 ], [ -60.738552220144982, -27.585474780303141 ], [ -60.738559625891369, -27.586580156023686 ], [ -60.738566866022389, -27.586904974165481 ], [ -60.739883449793403, -27.586902476771424 ], [ -60.740037502269757, -27.584203540889249 ], [ -60.738539313995567, -27.583548267907886 ] ] ] } },
{ "type": "Feature", "properties": { "ArcIds": [ 2072, 2074, 2076, -2142, -2147, -2152, -2150, -2215, 2217, -2307, 2308, 2306, 2305, 2304, -2303, -2269, -2206, -2131, 0, -2145, 0, -2148 ], "AREA": 181148.625, "PERIMETER": 1826.288, "CODLOC": "030", "NOMMUNI": "VILLA ANGELA", "NOMLOC": "VILLA ANGELA", "FRAC": "07", "RADIO": "06", "MZA": "024", "MZATXT": 24, "UGEO": "", "MZAM": "0024", "TMZA": 19, "DEPTO10": "098", "FRAC10": "07", "RADIO10": "10", "MZA10": "024", "CEN2010": "0980710024", "LINK2010": "220980710024", "DF": "09807", "TFRAC": 4624, "DFR": "0980706", "TRADIO": 362, "DFRM": "0980706024", "FRACN": 7, "RADION": 6 }, "geometry": { "type": "Polygon", "coordinates": [ [ [ -60.72311389116436, -27.584107713201934 ], [ -60.72171634911804, -27.584114983800433 ], [ -60.720536657615156, -27.584139157741753 ], [ -60.719858258150445, -27.584160723868301 ], [ -60.719795701628954, -27.584661870186881 ], [ -60.719803799452301, -27.585126554935286 ], [ -60.719333001667039, -27.585147042269988 ], [ -60.71898861737786, -27.585139802053654 ], [ -60.71893889075551, -27.586055977250659 ], [ -60.718022428526162, -27.586069743144861 ], [ -60.718034712989763, -27.587955657833223 ], [ -60.719016990053127, -27.587937038934033 ], [ -60.719680251254793, -27.587920066978121 ], [ -60.720925812103211, -27.58789555777215 ], [ -60.723108043874149, -27.587848114861234 ], [ -60.723136090427111, -27.58671999216563 ], [ -60.723118830413846, -27.585632712409527 ], [ -60.723106516203828, -27.584527359090778 ], [ -60.72311389116436, -27.584107713201934 ] ] ] } },
{ "type": "Feature", "properties": { "ArcIds": [ 2077, -2141, -2151, 2152, 2147, 2142 ], "AREA": 5243.0, "PERIMETER": 316.438, "CODLOC": "030", "NOMMUNI": "VILLA ANGELA", "NOMLOC": "VILLA ANGELA", "FRAC": "07", "RADIO": "06", "MZA": "023", "MZATXT": 23, "UGEO": "", "MZAM": "0023", "TMZA": 16, "DEPTO10": "098", "FRAC10": "07", "RADIO10": "10", "MZA10": "023", "CEN2010": "0980710023", "LINK2010": "220980710023", "DF": "09807", "TFRAC": 4624, "DFR": "0980706", "TRADIO": 362, "DFRM": "0980706023", "FRACN": 7, "RADION": 6 }, "geometry": { "type": "Polygon", "coordinates": [ [ [ -60.719858258150445, -27.584160723868301 ], [ -60.719311422715755, -27.584168069502411 ], [ -60.719319606727645, -27.584646289625159 ], [ -60.719333001667039, -27.585147042269988 ], [ -60.719803799452301, -27.585126554935286 ], [ -60.719795701628954, -27.584661870186881 ], [ -60.719858258150445, -27.584160723868301 ] ] ] } },
{ "type": "Feature", "properties": { "ArcIds": [ 2078, -2143, -2144, 2141 ], "AREA": 1882.5, "PERIMETER": 177.584, "CODLOC": "030", "NOMMUNI": "VILLA ANGELA", "NOMLOC": "VILLA ANGELA", "FRAC": "07", "RADIO": "06", "MZA": "021", "MZATXT": 21, "UGEO": "", "MZAM": "0021", "TMZA": 6, "DEPTO10": "098", "FRAC10": "07", "RADIO10": "10", "MZA10": "021", "CEN2010": "0980710021", "LINK2010": "220980710021", "DF": "09807", "TFRAC": 4624, "DFR": "0980706", "TRADIO": 362, "DFRM": "0980706021", "FRACN": 7, "RADION": 6 }, "geometry": { "type": "Polygon", "coordinates": [ [ [ -60.719311422715755, -27.584168069502411 ], [ -60.718951939062535, -27.584174443099226 ], [ -60.718970336963103, -27.584666146112269 ], [ -60.719319606727645, -27.584646289625159 ], [ -60.719311422715755, -27.584168069502411 ] ] ] } },
{ "type": "Feature", "properties": { "ArcIds": [ 2082, -2153, -2154, -2149, 2143 ], "AREA": 10239.375, "PERIMETER": 405.597, "CODLOC": "030", "NOMMUNI": "VILLA ANGELA", "NOMLOC": "VILLA ANGELA", "FRAC": "07", "RADIO": "06", "MZA": "020", "MZATXT": 20, "UGEO": "", "MZAM": "0020", "TMZA": 18, "DEPTO10": "098", "FRAC10": "07", "RADIO10": "10", "MZA10": "020", "CEN2010": "0980710020", "LINK2010": "220980710020", "DF": "09807", "TFRAC": 4624, "DFR": "0980706", "TRADIO": 362, "DFRM": "0980706020", "FRACN": 7, "RADION": 6 }, "geometry": { "type": "Polygon", "coordinates": [ [ [ -60.718951939062535, -27.584174443099226 ], [ -60.718010204025504, -27.584192851458027 ], [ -60.718001360380086, -27.58516746998534 ], [ -60.71898861737786, -27.585139802053654 ], [ -60.718970336963103, -27.584666146112269 ], [ -60.718951939062535, -27.584174443099226 ] ] ] } },
{ "type": "Feature", "properties": { "ArcIds": [ 2084, -2155, 2156, 2153 ], "AREA": 12819.25, "PERIMETER": 453.519, "CODLOC": "030", "NOMMUNI": "VILLA ANGELA", "NOMLOC": "VILLA ANGELA", "FRAC": "07", "RADIO": "06", "MZA": "019", "MZATXT": 19, "UGEO": "", "MZAM": "0019", "TMZA": 23, "DEPTO10": "098", "FRAC10": "07", "RADIO10": "10", "MZA10": "019", "CEN2010": "0980710019", "LINK2010": "220980710019", "DF": "09807", "TFRAC": 4624, "DFR": "0980706", "TRADIO": 362, "DFRM": "0980706019", "FRACN": 7, "RADION": 6 }, "geometry": { "type": "Polygon", "coordinates": [ [ [ -60.718010204025504, -27.584192851458027 ], [ -60.716789942898245, -27.584208179529128 ], [ -60.716806347859603, -27.585173643968208 ], [ -60.718001360380086, -27.58516746998534 ], [ -60.718010204025504, -27.584192851458027 ] ] ] } },
{ "type": "Feature", "properties": { "ArcIds": [ 2086, -2157, 2158, 2155 ], "AREA": 12885.625, "PERIMETER": 455.062, "CODLOC": "030", "NOMMUNI": "VILLA ANGELA", "NOMLOC": "VILLA ANGELA", "FRAC": "07", "RADIO": "06", "MZA": "018", "MZATXT": 18, "UGEO": "", "MZAM": "0018", "TMZA": 15, "DEPTO10": "098", "FRAC10": "07", "RADIO10": "10", "MZA10": "018", "CEN2010": "0980710018", "LINK2010": "220980710018", "DF": "09807", "TFRAC": 4624, "DFR": "0980706", "TRADIO": 362, "DFRM": "0980706018", "FRACN": 7, "RADION": 6 }, "geometry": { "type": "Polygon", "coordinates": [ [ [ -60.716789942898245, -27.584208179529128 ], [ -60.715559671169842, -27.584241596116264 ], [ -60.715581041128935, -27.585193499522511 ], [ -60.716806347859603, -27.585173643968208 ], [ -60.716789942898245, -27.584208179529128 ] ] ] } },
{ "type": "Feature", "properties": { "ArcIds": [ 2087, 2159, -2160, 2157 ], "AREA": 8091.75, "PERIMETER": 364.577, "CODLOC": "030", "NOMMUNI": "VILLA ANGELA", "NOMLOC": "VILLA ANGELA", "FRAC": "07", "RADIO": "06", "MZA": "017", "MZATXT": 17, "UGEO": "", "MZAM": "0017", "TMZA": 16, "DEPTO10": "098", "FRAC10": "07", "RADIO10": "10", "MZA10": "017", "CEN2010": "0980710017", "LINK2010": "220980710017", "DF": "09807", "TFRAC": 4624, "DFR": "0980706", "TRADIO": 362, "DFRM": "0980706017", "FRACN": 7, "RADION": 6 }, "geometry": { "type": "Polygon", "coordinates": [ [ [ -60.715559671169842, -27.584241596116264 ], [ -60.714774846718029, -27.584250150059422 ], [ -60.714816493628, -27.585206461210731 ], [ -60.715581041128935, -27.585193499522511 ], [ -60.715559671169842, -27.584241596116264 ] ] ] } },
{ "type": "Feature", "properties": { "ArcIds": [ -2091, 2161, 2162, -2159, -2089 ], "AREA": 17230.25, "PERIMETER": 536.592, "CODLOC": "030", "NOMMUNI": "VILLA ANGELA", "NOMLOC": "VILLA ANGELA", "FRAC": "07", "RADIO": "12", "MZA": "001", "MZATXT": 1, "UGEO": "", "MZAM": "", "TMZA": 29, "DEPTO10": "098", "FRAC10": "07", "RADIO10": "17", "MZA10": "001", "CEN2010": "0980717001", "LINK2010": "220980717001", "DF": "09807", "TFRAC": 4624, "DFR": "0980712", "TRADIO": 234, "DFRM": "0980712001", "FRACN": 7, "RADION": 12 }, "geometry": { "type": "Polygon", "coordinates": [ [ [ -60.713139429019307, -27.584276606249169 ], [ -60.714354570134113, -27.584252312758903 ], [ -60.714774846718029, -27.584250150059422 ], [ -60.714816493628, -27.585206461210731 ], [ -60.713160778101816, -27.585228510418744 ], [ -60.713139429019307, -27.584276606249169 ] ] ] } },
{ "type": "Feature", "properties": { "ArcIds": [ 2163, 2164, -2161, -2093 ], "AREA": 12829.0, "PERIMETER": 454.056, "CODLOC": "030", "NOMMUNI": "VILLA ANGELA", "NOMLOC": "VILLA ANGELA", "FRAC": "07", "RADIO": "12", "MZA": "002", "MZATXT": 2, "UGEO": "", "MZAM": "", "TMZA": 21, "DEPTO10": "098", "FRAC10": "07", "RADIO10": "17", "MZA10": "002", "CEN2010": "0980717002", "LINK2010": "220980717002", "DF": "09807", "TFRAC": 4624, "DFR": "0980712", "TRADIO": 234, "DFRM": "0980712002", "FRACN": 7, "RADION": 12 }, "geometry": { "type": "Polygon", "coordinates": [ [ [ -60.711914130823772, -27.584296429270275 ], [ -60.71193552761212, -27.585257357354944 ], [ -60.713160778101816, -27.585228510418744 ], [ -60.713139429019307, -27.584276606249169 ], [ -60.711914130823772, -27.584296429270275 ] ] ] } },
{ "type": "Feature", "properties": { "ArcIds": [ 2095, 2171, -2172, -2163 ], "AREA": 12989.375, "PERIMETER": 456.615, "CODLOC": "030", "NOMMUNI": "VILLA ANGELA", "NOMLOC": "VILLA ANGELA", "FRAC": "07", "RADIO": "12", "MZA": "003", "MZATXT": 3, "UGEO": "", "MZAM": "", "TMZA": 0, "DEPTO10": "098", "FRAC10": "07", "RADIO10": "17", "MZA10": "003", "CEN2010": "0980717003", "LINK2010": "220980717003", "DF": "09807", "TFRAC": 4624, "DFR": "0980712", "TRADIO": 234, "DFRM": "0980712003", "FRACN": 7, "RADION": 12 }, "geometry": { "type": "Polygon", "coordinates": [ [ [ -60.711914130823772, -27.584296429270275 ], [ -60.710688831930639, -27.584316241486931 ], [ -60.710720490736804, -27.585299676954552 ], [ -60.71193552761212, -27.585257357354944 ], [ -60.711914130823772, -27.584296429270275 ] ] ] } },
{ "type": "Feature", "properties": { "ArcIds": [ 2097, -2173, -2174, -2171 ], "AREA": 13123.25, "PERIMETER": 458.577, "CODLOC": "030", "NOMMUNI": "VILLA ANGELA", "NOMLOC": "VILLA ANGELA", "FRAC": "07", "RADIO": "11", "MZA": "001", "MZATXT": 1, "UGEO": "", "MZAM": "0001", "TMZA": 20, "DEPTO10": "098", "FRAC10": "07", "RADIO10": "18", "MZA10": "001", "CEN2010": "0980718001", "LINK2010": "220980718001", "DF": "09807", "TFRAC": 4624, "DFR": "0980711", "TRADIO": 358, "DFRM": "0980711001", "FRACN": 7, "RADION": 11 }, "geometry": { "type": "Polygon", "coordinates": [ [ [ -60.710688831930639, -27.584316241486931 ], [ -60.709488792182917, -27.584326890007798 ], [ -60.709510458229659, -27.585332936531469 ], [ -60.710720490736804, -27.585299676954552 ], [ -60.710688831930639, -27.584316241486931 ] ] ] } },
{ "type": "Feature", "properties": { "ArcIds": [ 2099, 2100, -2179, -2180, 2173 ], "AREA": 16199.5, "PERIMETER": 513.59, "CODLOC": "030", "NOMMUNI": "VILLA ANGELA", "NOMLOC": "VILLA ANGELA", "FRAC": "07", "RADIO": "11", "MZA": "002", "MZATXT": 2, "UGEO": "", "MZAM": "0002", "TMZA": 13, "DEPTO10": "098", "FRAC10": "07", "RADIO10": "18", "MZA10": "002", "CEN2010": "0980718002", "LINK2010": "220980718002", "DF": "09807", "TFRAC": 4624, "DFR": "0980711", "TRADIO": 358, "DFRM": "0980711002", "FRACN": 7, "RADION": 11 }, "geometry": { "type": "Polygon", "coordinates": [ [ [ -60.709488792182917, -27.584326890007798 ], [ -60.708268613564641, -27.584355678547308 ], [ -60.708015463280056, -27.584361481442457 ], [ -60.708042179531986, -27.585367502623935 ], [ -60.709510458229659, -27.585332936531469 ], [ -60.709488792182917, -27.584326890007798 ] ] ] } },
{ "type": "Feature", "properties": { "ArcIds": [ 2102, 2165, -2178, 2179 ], "AREA": 14681.0, "PERIMETER": 490.413, "CODLOC": "030", "NOMMUNI": "VILLA ANGELA", "NOMLOC": "VILLA ANGELA", "FRAC": "07", "RADIO": "11", "MZA": "003", "MZATXT": 3, "UGEO": "", "MZAM": "0003", "TMZA": 27, "DEPTO10": "098", "FRAC10": "07", "RADIO10": "18", "MZA10": "003", "CEN2010": "0980718003", "LINK2010": "220980718003", "DF": "09807", "TFRAC": 4624, "DFR": "0980711", "TRADIO": 358, "DFRM": "0980711003", "FRACN": 7, "RADION": 11 }, "geometry": { "type": "Polygon", "coordinates": [ [ [ -60.708015463280056, -27.584361481442457 ], [ -60.70660804649102, -27.584409257622266 ], [ -60.706603558380387, -27.585289104357521 ], [ -60.708042179531986, -27.585367502623935 ], [ -60.708015463280056, -27.584361481442457 ] ] ] } },
{ "type": "Feature", "properties": { "ArcIds": [ -2275, 2276, 2277, -2146 ], "AREA": 29758.25, "PERIMETER": 774.169, "CODLOC": "030", "NOMMUNI": "VILLA ANGELA", "NOMLOC": "VILLA ANGELA", "FRAC": "09", "RADIO": "14", "MZA": "002", "MZATXT": 2, "UGEO": "", "MZAM": "", "TMZA": 20, "DEPTO10": "098", "FRAC10": "07", "RADIO10": "16", "MZA10": "003", "CEN2010": "0980716003", "LINK2010": "220980716003", "DF": "09809", "TFRAC": 3754, "DFR": "0980914", "TRADIO": 148, "DFRM": "0980914002", "FRACN": 9, "RADION": 14 }, "geometry": { "type": "Polygon", "coordinates": [ [ [ -60.739883449793403, -27.586902476771424 ], [ -60.740037502269757, -27.584203540889249 ], [ -60.741114157765246, -27.584671548123623 ], [ -60.740987359262881, -27.586901101999661 ], [ -60.739883449793403, -27.586902476771424 ] ] ] } },
{ "type": "Feature", "properties": { "ArcIds": [ 2103, 2169, -2170, -2165 ], "AREA": 21442.0, "PERIMETER": 635.553, "CODLOC": "030", "NOMMUNI": "VILLA ANGELA", "NOMLOC": "VILLA ANGELA", "FRAC": "07", "RADIO": "09", "MZA": "005", "MZATXT": 5, "UGEO": "", "MZAM": "", "TMZA": 18, "DEPTO10": "098", "FRAC10": "07", "RADIO10": "08", "MZA10": "006", "CEN2010": "0980708006", "LINK2010": "220980708006", "DF": "09807", "TFRAC": 4624, "DFR": "0980709", "TRADIO": 228, "DFRM": "0980709005", "FRACN": 7, "RADION": 9 }, "geometry": { "type": "Polygon", "coordinates": [ [ [ -60.70660804649102, -27.584409257622266 ], [ -60.704370141142803, -27.584452210848397 ], [ -60.704375733615137, -27.585327494696188 ], [ -60.706603558380387, -27.585289104357521 ], [ -60.70660804649102, -27.584409257622266 ] ] ] } },
{ "type": "Feature", "properties": { "ArcIds": [ 2104, 2175, -2176, -2169 ], "AREA": 18572.5, "PERIMETER": 575.577, "CODLOC": "030", "NOMMUNI": "VILLA ANGELA", "NOMLOC": "VILLA ANGELA", "FRAC": "07", "RADIO": "09", "MZA": "006", "MZATXT": 6, "UGEO": "", "MZAM": "", "TMZA": 27, "DEPTO10": "098", "FRAC10": "07", "RADIO10": "08", "MZA10": "007", "CEN2010": "0980708007", "LINK2010": "220980708007", "DF": "09807", "TFRAC": 4624, "DFR": "0980709", "TRADIO": 228, "DFRM": "0980709006", "FRACN": 7, "RADION": 9 }, "geometry": { "type": "Polygon", "coordinates": [ [ [ -60.704370141142803, -27.584452210848397 ], [ -60.702446147527233, -27.584489028491387 ], [ -60.702451810980605, -27.585377848018787 ], [ -60.704375733615137, -27.585327494696188 ], [ -60.704370141142803, -27.584452210848397 ] ] ] } },
{ "type": "Feature", "properties": { "ArcIds": [ 2105, 2334, -2335, -2327, -2301, -2267, -2213, -2175 ], "AREA": 167781.125, "PERIMETER": 1636.768, "CODLOC": "030", "NOMMUNI": "VILLA ANGELA", "NOMLOC": "VILLA ANGELA", "FRAC": "07", "RADIO": "10", "MZA": "001", "MZATXT": 1, "UGEO": "", "MZAM": "", "TMZA": 13, "DEPTO10": "098", "FRAC10": "07", "RADIO10": "19", "MZA10": "008", "CEN2010": "0980719008", "LINK2010": "220980719008", "DF": "09807", "TFRAC": 4624, "DFR": "0980710", "TRADIO": 195, "DFRM": "0980710001", "FRACN": 7, "RADION": 10 }, "geometry": { "type": "Polygon", "coordinates": [ [ [ -60.702446147527233, -27.584489028491387 ], [ -60.698344859986449, -27.584545810258668 ], [ -60.698424371036495, -27.588303840521544 ], [ -60.702510319404574, -27.588202012979504 ], [ -60.702511156229896, -27.587538756833887 ], [ -60.702511648097932, -27.586821359350218 ], [ -60.702496834046727, -27.586085991554594 ], [ -60.702451810980605, -27.585377848018787 ], [ -60.702446147527233, -27.584489028491387 ] ] ] } },
{ "type": "Feature", "properties": { "ArcIds": [ 2107, 2116, 2337, -2338, -2336, -2334 ], "AREA": 172801.0, "PERIMETER": 1660.163, "CODLOC": "030", "NOMMUNI": "VILLA ANGELA", "NOMLOC": "VILLA ANGELA", "FRAC": "07", "RADIO": "10", "MZA": "002", "MZATXT": 2, "UGEO": "", "MZAM": "", "TMZA": 5, "DEPTO10": "098", "FRAC10": "07", "RADIO10": "19", "MZA10": "009", "CEN2010": "0980719009", "LINK2010": "220980719009", "DF": "09807", "TFRAC": 4624, "DFR": "0980710", "TRADIO": 195, "DFRM": "0980710002", "FRACN": 7, "RADION": 10 }, "geometry": { "type": "Polygon", "coordinates": [ [ [ -60.698344859986449, -27.584545810258668 ], [ -60.697418220237353, -27.58455046734321 ], [ -60.694132364797291, -27.584634610345613 ], [ -60.694206356062516, -27.58834304135976 ], [ -60.696328080751968, -27.588332417020816 ], [ -60.698424371036495, -27.588303840521544 ], [ -60.698344859986449, -27.584545810258668 ] ] ] } },
{ "type": "Feature", "properties": { "ArcIds": [ 2110, 2184, -2185, -2183, -2167 ], "AREA": 16696.5, "PERIMETER": 518.025, "CODLOC": "030", "NOMMUNI": "VILLA ANGELA", "NOMLOC": "VILLA ANGELA", "FRAC": "09", "RADIO": "13", "MZA": "002", "MZATXT": 2, "UGEO": "", "MZAM": "0002", "TMZA": 33, "DEPTO10": "098", "FRAC10": "07", "RADIO10": "20", "MZA10": "002", "CEN2010": "0980720002", "LINK2010": "220980720002", "DF": "09809", "TFRAC": 3754, "DFR": "0980913", "TRADIO": 411, "DFRM": "0980913002", "FRACN": 9, "RADION": 13 }, "geometry": { "type": "Polygon", "coordinates": [ [ [ -60.73852471173425, -27.584392070821387 ], [ -60.73712717089267, -27.584399496580811 ], [ -60.737144598716419, -27.585491283848089 ], [ -60.738552220144982, -27.585474780303141 ], [ -60.738544950029059, -27.585145450353288 ], [ -60.73852471173425, -27.584392070821387 ] ] ] } },
{ "type": "Feature", "properties": { "ArcIds": [ 2112, -2186, -2187, -2184 ], "AREA": 18181.0, "PERIMETER": 542.063, "CODLOC": "030", "NOMMUNI": "VILLA ANGELA", "NOMLOC": "VILLA ANGELA", "FRAC": "09", "RADIO": "13", "MZA": "003", "MZATXT": 3, "UGEO": "", "MZAM": "0003", "TMZA": 33, "DEPTO10": "098", "FRAC10": "07", "RADIO10": "20", "MZA10": "003", "CEN2010": "0980720003", "LINK2010": "220980720003", "DF": "09809", "TFRAC": 3754, "DFR": "0980913", "TRADIO": 411, "DFRM": "0980913003", "FRACN": 9, "RADION": 13 }, "geometry": { "type": "Polygon", "coordinates": [ [ [ -60.73712717089267, -27.584399496580811 ], [ -60.735608134259202, -27.5844120638499 ], [ -60.735645921907306, -27.585521791259094 ], [ -60.737144598716419, -27.585491283848089 ], [ -60.73712717089267, -27.584399496580811 ] ] ] } },
{ "type": "Feature", "properties": { "ArcIds": [ 2115, -2196, -2197, 2186 ], "AREA": 16159.75, "PERIMETER": 508.569, "CODLOC": "030", "NOMMUNI": "VILLA ANGELA", "NOMLOC": "VILLA ANGELA", "FRAC": "09", "RADIO": "13", "MZA": "004", "MZATXT": 4, "UGEO": "", "MZAM": "0004", "TMZA": 29, "DEPTO10": "098", "FRAC10": "07", "RADIO10": "20", "MZA10": "004", "CEN2010": "0980720004", "LINK2010": "220980720004", "DF": "09809", "TFRAC": 3754, "DFR": "0980913", "TRADIO": 411, "DFRM": "0980913004", "FRACN": 9, "RADION": 13 }, "geometry": { "type": "Polygon", "coordinates": [ [ [ -60.735608134259202, -27.5844120638499 ], [ -60.734296732850268, -27.584428028578589 ], [ -60.734314343033567, -27.585551398939138 ], [ -60.734370042752538, -27.58555110437095 ], [ -60.735645921907306, -27.585521791259094 ], [ -60.735608134259202, -27.5844120638499 ] ] ] } },
{ "type": "Feature", "properties": { "ArcIds": [ 2119, 2123, -2188, -2204, -2205, -2200, 2196 ], "AREA": 29716.5, "PERIMETER": 726.552, "CODLOC": "030", "NOMMUNI": "VILLA ANGELA", "NOMLOC": "VILLA ANGELA", "FRAC": "09", "RADIO": "13", "MZA": "005", "MZATXT": 5, "UGEO": "", "MZAM": "0005", "TMZA": 11, "DEPTO10": "098", "FRAC10": "07", "RADIO10": "20", "MZA10": "005", "CEN2010": "0980720005", "LINK2010": "220980720005", "DF": "09809", "TFRAC": 3754, "DFR": "0980913", "TRADIO": 411, "DFRM": "0980913005", "FRACN": 9, "RADION": 13 }, "geometry": { "type": "Polygon", "coordinates": [ [ [ -60.734296732850268, -27.584428028578589 ], [ -60.733081568426655, -27.584447984798832 ], [ -60.731866343399311, -27.584458906901986 ], [ -60.731878685497669, -27.585555234267986 ], [ -60.733104229851371, -27.585571328817423 ], [ -60.733711803321114, -27.585559095946181 ], [ -60.734314343033567, -27.585551398939138 ], [ -60.734296732850268, -27.584428028578589 ] ] ] } },
{ "type": "Feature", "properties": { "ArcIds": [ 2300, -2513, -2514, -2510, -2506, -2337 ], "AREA": 324994.125, "PERIMETER": 2478.162, "CODLOC": "030", "NOMMUNI": "VILLA ANGELA", "NOMLOC": "VILLA ANGELA", "FRAC": "07", "RADIO": "10", "MZA": "003", "MZATXT": 3, "UGEO": "", "MZAM": "", "TMZA": 16, "DEPTO10": "098", "FRAC10": "07", "RADIO10": "19", "MZA10": "012", "CEN2010": "0980719012", "LINK2010": "220980719012", "DF": "09807", "TFRAC": 4624, "DFR": "0980710", "TRADIO": 195, "DFRM": "0980710003", "FRACN": 7, "RADION": 10 }, "geometry": { "type": "Polygon", "coordinates": [ [ [ -60.694132364797291, -27.584634610345613 ], [ -60.6898415794154, -27.587588744573793 ], [ -60.689936093817245, -27.592980023125453 ], [ -60.692138621965405, -27.592919428923448 ], [ -60.694315883780234, -27.59286795000455 ], [ -60.694206356062516, -27.58834304135976 ], [ -60.694132364797291, -27.584634610345613 ] ] ] } },
{ "type": "Feature", "properties": { "ArcIds": [ 2137, -2299, -2300 ], "AREA": 69142.125, "PERIMETER": 1288.083, "CODLOC": "030", "NOMMUNI": "VILLA ANGELA", "NOMLOC": "VILLA ANGELA", "FRAC": "07", "RADIO": "10", "MZA": "004", "MZATXT": 4, "UGEO": "", "MZAM": "", "TMZA": 7, "DEPTO10": "098", "FRAC10": "07", "RADIO10": "19", "MZA10": "011", "CEN2010": "0980719011", "LINK2010": "220980719011", "DF": "09807", "TFRAC": 4624, "DFR": "0980710", "TRADIO": 195, "DFRM": "0980710004", "FRACN": 7, "RADION": 10 }, "geometry": { "type": "Polygon", "coordinates": [ [ [ -60.694132364797291, -27.584634610345613 ], [ -60.689737513020027, -27.584715164765107 ], [ -60.6898415794154, -27.587588744573793 ], [ -60.694132364797291, -27.584634610345613 ] ] ] } },
{ "type": "Feature", "properties": { "ArcIds": [ 2121, 2191, -2192, 2188 ], "AREA": 14639.25, "PERIMETER": 484.01, "CODLOC": "030", "NOMMUNI": "VILLA ANGELA", "NOMLOC": "VILLA ANGELA", "FRAC": "09", "RADIO": "13", "MZA": "006", "MZATXT": 6, "UGEO": "", "MZAM": "0006", "TMZA": 29, "DEPTO10": "098", "FRAC10": "07", "RADIO10": "20", "MZA10": "006", "CEN2010": "0980720006", "LINK2010": "220980720006", "DF": "09809", "TFRAC": 3754, "DFR": "0980913", "TRADIO": 411, "DFRM": "0980913006", "FRACN": 9, "RADION": 13 }, "geometry": { "type": "Polygon", "coordinates": [ [ [ -60.731866343399311, -27.584458906901986 ], [ -60.730651028165177, -27.584456283134021 ], [ -60.730668511505669, -27.585566119435747 ], [ -60.731878685497669, -27.585555234267986 ], [ -60.731866343399311, -27.584458906901986 ] ] ] } },
{ "type": "Feature", "properties": { "ArcIds": [ 2126, 2189, -2190, -2191 ], "AREA": 15887.875, "PERIMETER": 504.555, "CODLOC": "030", "NOMMUNI": "VILLA ANGELA", "NOMLOC": "VILLA ANGELA", "FRAC": "09", "RADIO": "13", "MZA": "007", "MZATXT": 7, "UGEO": "", "MZAM": "0007", "TMZA": 27, "DEPTO10": "098", "FRAC10": "07", "RADIO10": "20", "MZA10": "007", "CEN2010": "0980720007", "LINK2010": "220980720007", "DF": "09809", "TFRAC": 3754, "DFR": "0980913", "TRADIO": 411, "DFRM": "0980913007", "FRACN": 9, "RADION": 13 }, "geometry": { "type": "Polygon", "coordinates": [ [ [ -60.730651028165177, -27.584456283134021 ], [ -60.729319459643193, -27.584485842692754 ], [ -60.729351941347041, -27.585568529143167 ], [ -60.730668511505669, -27.585566119435747 ], [ -60.730651028165177, -27.584456283134021 ] ] ] } },
{ "type": "Feature", "properties": { "ArcIds": [ 2198, 2199, -2189, -2124 ], "AREA": 15672.75, "PERIMETER": 501.047, "CODLOC": "030", "NOMMUNI": "VILLA ANGELA", "NOMLOC": "VILLA ANGELA", "FRAC": "09", "RADIO": "12", "MZA": "001", "MZATXT": 1, "UGEO": "", "MZAM": "", "TMZA": 27, "DEPTO10": "098", "FRAC10": "07", "RADIO10": "15", "MZA10": "011", "CEN2010": "0980715011", "LINK2010": "220980715011", "DF": "09809", "TFRAC": 3754, "DFR": "0980912", "TRADIO": 242, "DFRM": "0980912001", "FRACN": 9, "RADION": 12 }, "geometry": { "type": "Polygon", "coordinates": [ [ [ -60.728023066938384, -27.584474597923148 ], [ -60.728035460216113, -27.58558446161339 ], [ -60.729351941347041, -27.585568529143167 ], [ -60.729319459643193, -27.584485842692754 ], [ -60.728023066938384, -27.584474597923148 ] ] ] } },
{ "type": "Feature", "properties": { "ArcIds": [ 2202, 2203, -2198, -2128 ], "AREA": 14610.0, "PERIMETER": 483.538, "CODLOC": "030", "NOMMUNI": "VILLA ANGELA", "NOMLOC": "VILLA ANGELA", "FRAC": "09", "RADIO": "12", "MZA": "002", "MZATXT": 2, "UGEO": "", "MZAM": "", "TMZA": 19, "DEPTO10": "098", "FRAC10": "07", "RADIO10": "15", "MZA10": "012", "CEN2010": "0980715012", "LINK2010": "220980715012", "DF": "09809", "TFRAC": 3754, "DFR": "0980912", "TRADIO": 242, "DFRM": "0980912002", "FRACN": 9, "RADION": 12 }, "geometry": { "type": "Polygon", "coordinates": [ [ [ -60.726807929272709, -27.584499011020633 ], [ -60.726835441698505, -27.585599772036936 ], [ -60.728035460216113, -27.58558446161339 ], [ -60.728023066938384, -27.584474597923148 ], [ -60.726807929272709, -27.584499011020633 ] ] ] } },
{ "type": "Feature", "properties": { "ArcIds": [ 2193, 2201, -2202, -2130 ], "AREA": 14550.0, "PERIMETER": 482.534, "CODLOC": "030", "NOMMUNI": "VILLA ANGELA", "NOMLOC": "VILLA ANGELA", "FRAC": "09", "RADIO": "12", "MZA": "003", "MZATXT": 3, "UGEO": "", "MZAM": "", "TMZA": 27, "DEPTO10": "098", "FRAC10": "07", "RADIO10": "15", "MZA10": "013", "CEN2010": "0980715013", "LINK2010": "220980715013", "DF": "09809", "TFRAC": 3754, "DFR": "0980912", "TRADIO": 242, "DFRM": "0980912003", "FRACN": 9, "RADION": 12 }, "geometry": { "type": "Polygon", "coordinates": [ [ [ -60.725592731420662, -27.584514389990758 ], [ -60.72560995599197, -27.585592645645555 ], [ -60.726835441698505, -27.585599772036936 ], [ -60.726807929272709, -27.584499011020633 ], [ -60.725592731420662, -27.584514389990758 ] ] ] } },
{ "type": "Feature", "properties": { "ArcIds": [ 2194, 2195, -2193, -2134 ], "AREA": 14429.125, "PERIMETER": 480.509, "CODLOC": "030", "NOMMUNI": "VILLA ANGELA", "NOMLOC": "VILLA ANGELA", "FRAC": "09", "RADIO": "12", "MZA": "004", "MZATXT": 4, "UGEO": "", "MZAM": "", "TMZA": 19, "DEPTO10": "098", "FRAC10": "07", "RADIO10": "15", "MZA10": "014", "CEN2010": "0980715014", "LINK2010": "220980715014", "DF": "09809", "TFRAC": 3754, "DFR": "0980912", "TRADIO": 242, "DFRM": "0980912004", "FRACN": 9, "RADION": 12 }, "geometry": { "type": "Polygon", "coordinates": [ [ [ -60.724367405821631, -27.584529811161048 ], [ -60.724379495498631, -27.585599070107151 ], [ -60.72560995599197, -27.585592645645555 ], [ -60.725592731420662, -27.584514389990758 ], [ -60.724367405821631, -27.584529811161048 ] ] ] } },
{ "type": "Feature", "properties": { "ArcIds": [ 2206, 2207, -2194, -2132 ], "AREA": 15002.75, "PERIMETER": 490.042, "CODLOC": "030", "NOMMUNI": "VILLA ANGELA", "NOMLOC": "VILLA ANGELA", "FRAC": "09", "RADIO": "12", "MZA": "005", "MZATXT": 5, "UGEO": "", "MZAM": "", "TMZA": 23, "DEPTO10": "098", "FRAC10": "07", "RADIO10": "15", "MZA10": "015", "CEN2010": "0980715015", "LINK2010": "220980715015", "DF": "09809", "TFRAC": 3754, "DFR": "0980912", "TRADIO": 242, "DFRM": "0980912005", "FRACN": 9, "RADION": 12 }, "geometry": { "type": "Polygon", "coordinates": [ [ [ -60.723106516203828, -27.584527359090778 ], [ -60.723118830413846, -27.585632712409527 ], [ -60.724379495498631, -27.585599070107151 ], [ -60.724367405821631, -27.584529811161048 ], [ -60.723106516203828, -27.584527359090778 ] ] ] } },
{ "type": "Feature", "properties": { "ArcIds": [ 2136, 2350, -2351, 2299 ], "AREA": 93778.5, "PERIMETER": 1341.091, "CODLOC": "030", "NOMMUNI": "VILLA ANGELA", "NOMLOC": "VILLA ANGELA", "FRAC": "07", "RADIO": "10", "MZA": "005", "MZATXT": 5, "UGEO": "", "MZAM": "", "TMZA": 11, "DEPTO10": "098", "FRAC10": "07", "RADIO10": "19", "MZA10": "014", "CEN2010": "0980719014", "LINK2010": "220980719014", "DF": "09807", "TFRAC": 4624, "DFR": "0980710", "TRADIO": 195, "DFRM": "0980710005", "FRACN": 7, "RADION": 10 }, "geometry": { "type": "Polygon", "coordinates": [ [ [ -60.689737513020027, -27.584715164765107 ], [ -60.68746895361032, -27.584717390634893 ], [ -60.687527700205649, -27.589265121754458 ], [ -60.6898415794154, -27.587588744573793 ], [ -60.689737513020027, -27.584715164765107 ] ] ] } },
{ "type": "Feature", "properties": { "ArcIds": [ 2144, 2149, 2150, 2151 ], "AREA": 1850.125, "PERIMETER": 176.603, "CODLOC": "030", "NOMMUNI": "VILLA ANGELA", "NOMLOC": "VILLA ANGELA", "FRAC": "07", "RADIO": "06", "MZA": "022", "MZATXT": 22, "UGEO": "", "MZAM": "0022", "TMZA": 6, "DEPTO10": "098", "FRAC10": "07", "RADIO10": "10", "MZA10": "022", "CEN2010": "0980710022", "LINK2010": "220980710022", "DF": "09807", "TFRAC": 4624, "DFR": "0980706", "TRADIO": 362, "DFRM": "0980706022", "FRACN": 7, "RADION": 6 }, "geometry": { "type": "Polygon", "coordinates": [ [ [ -60.719319606727645, -27.584646289625159 ], [ -60.718970336963103, -27.584666146112269 ], [ -60.71898861737786, -27.585139802053654 ], [ -60.719333001667039, -27.585147042269988 ], [ -60.719319606727645, -27.584646289625159 ] ] ] } },
{ "type": "Feature", "properties": { "ArcIds": [ -2277, -2276, -2274, 2364, 2446, 2447, -2444, -2271, -2208, -2181, -2166, 0, -2241, 0, -2365 ], "AREA": 415221.0, "PERIMETER": 2723.565, "CODLOC": "030", "NOMMUNI": "VILLA ANGELA", "NOMLOC": "VILLA ANGELA", "FRAC": "09", "RADIO": "14", "MZA": "003", "MZATXT": 3, "UGEO": "", "MZAM": "", "TMZA": 34, "DEPTO10": "098", "FRAC10": "07", "RADIO10": "16", "MZA10": "001", "CEN2010": "0980716001", "LINK2010": "220980716001", "DF": "09809", "TFRAC": 3754, "DFR": "0980914", "TRADIO": 148, "DFRM": "0980914003", "FRACN": 9, "RADION": 14 }, "geometry": { "type": "Polygon", "coordinates": [ [ [ -60.740987359262881, -27.586901101999661 ], [ -60.741114157765246, -27.584671548123623 ], [ -60.742155255669815, -27.585121689308988 ], [ -60.742774866988789, -27.585393601958785 ], [ -60.743409732981185, -27.585674453910368 ], [ -60.745949259289723, -27.586802343665536 ], [ -60.746014691280429, -27.59123267019838 ], [ -60.738636702520679, -27.591281142193786 ], [ -60.738602206310212, -27.589156222837687 ], [ -60.738566866022389, -27.586904974165481 ], [ -60.739883449793403, -27.586902476771424 ], [ -60.740987359262881, -27.586901101999661 ] ] ] } },
{ "type": "Feature", "properties": { "ArcIds": [ 2154, 2216, -2217, 2215 ], "AREA": 9467.0, "PERIMETER": 389.698, "CODLOC": "030", "NOMMUNI": "VILLA ANGELA", "NOMLOC": "VILLA ANGELA", "FRAC": "07", "RADIO": "06", "MZA": "025", "MZATXT": 25, "UGEO": "", "MZAM": "0025", "TMZA": 19, "DEPTO10": "098", "FRAC10": "07", "RADIO10": "10", "MZA10": "025", "CEN2010": "0980710025", "LINK2010": "220980710025", "DF": "09807", "TFRAC": 4624, "DFR": "0980706", "TRADIO": 362, "DFRM": "0980706025", "FRACN": 7, "RADION": 6 }, "geometry": { "type": "Polygon", "coordinates": [ [ [ -60.71898861737786, -27.585139802053654 ], [ -60.718001360380086, -27.58516746998534 ], [ -60.718022428526162, -27.586069743144861 ], [ -60.71893889075551, -27.586055977250659 ], [ -60.71898861737786, -27.585139802053654 ] ] ] } },
{ "type": "Feature", "properties": { "ArcIds": [ 2218, 2219, -2216, -2156 ], "AREA": 12009.125, "PERIMETER": 439.574, "CODLOC": "030", "NOMMUNI": "VILLA ANGELA", "NOMLOC": "VILLA ANGELA", "FRAC": "07", "RADIO": "12", "MZA": "008", "MZATXT": 8, "UGEO": "", "MZAM": "", "TMZA": 19, "DEPTO10": "098", "FRAC10": "07", "RADIO10": "17", "MZA10": "008", "CEN2010": "0980717008", "LINK2010": "220980717008", "DF": "09807", "TFRAC": 4624, "DFR": "0980712", "TRADIO": 234, "DFRM": "0980712008", "FRACN": 7, "RADION": 12 }, "geometry": { "type": "Polygon", "coordinates": [ [ [ -60.716806347859603, -27.585173643968208 ], [ -60.716827611599371, -27.586107499810197 ], [ -60.718022428526162, -27.586069743144861 ], [ -60.718001360380086, -27.58516746998534 ], [ -60.716806347859603, -27.585173643968208 ] ] ] } },
{ "type": "Feature", "properties": { "ArcIds": [ 2220, 2221, -2218, -2158 ], "AREA": 12479.875, "PERIMETER": 448.08, "CODLOC": "030", "NOMMUNI": "VILLA ANGELA", "NOMLOC": "VILLA ANGELA", "FRAC": "07", "RADIO": "12", "MZA": "007", "MZATXT": 7, "UGEO": "", "MZAM": "", "TMZA": 15, "DEPTO10": "098", "FRAC10": "07", "RADIO10": "17", "MZA10": "007", "CEN2010": "0980717007", "LINK2010": "220980717007", "DF": "09807", "TFRAC": 4624, "DFR": "0980712", "TRADIO": 234, "DFRM": "0980712007", "FRACN": 7, "RADION": 12 }, "geometry": { "type": "Polygon", "coordinates": [ [ [ -60.715581041128935, -27.585193499522511 ], [ -60.715617514764183, -27.58613178921804 ], [ -60.716827611599371, -27.586107499810197 ], [ -60.716806347859603, -27.585173643968208 ], [ -60.715581041128935, -27.585193499522511 ] ] ] } },
{ "type": "Feature", "properties": { "ArcIds": [ 2160, 2222, 2223, -2220 ], "AREA": 7958.0, "PERIMETER": 361.061, "CODLOC": "030", "NOMMUNI": "VILLA ANGELA", "NOMLOC": "VILLA ANGELA", "FRAC": "07", "RADIO": "06", "MZA": "026", "MZATXT": 26, "UGEO": "", "MZAM": "0026", "TMZA": 15, "DEPTO10": "098", "FRAC10": "07", "RADIO10": "10", "MZA10": "026", "CEN2010": "0980710026", "LINK2010": "220980710026", "DF": "09807", "TFRAC": 4624, "DFR": "0980706", "TRADIO": 362, "DFRM": "0980706026", "FRACN": 7, "RADION": 6 }, "geometry": { "type": "Polygon", "coordinates": [ [ [ -60.715581041128935, -27.585193499522511 ], [ -60.714816493628, -27.585206461210731 ], [ -60.714832706127211, -27.586144855502319 ], [ -60.715617514764183, -27.58613178921804 ], [ -60.715581041128935, -27.585193499522511 ] ] ] } },
{ "type": "Feature", "properties": { "ArcIds": [ 2224, 2281, 2315, 2316, -2311, -2282, -2222, -2162 ], "AREA": 50652.875, "PERIMETER": 949.102, "CODLOC": "030", "NOMMUNI": "VILLA ANGELA", "NOMLOC": "VILLA ANGELA", "FRAC": "07", "RADIO": "12", "MZA": "006", "MZATXT": 6, "UGEO": "", "MZAM": "", "TMZA": 13, "DEPTO10": "098", "FRAC10": "07", "RADIO10": "17", "MZA10": "006", "CEN2010": "0980717006", "LINK2010": "220980717006", "DF": "09807", "TFRAC": 4624, "DFR": "0980712", "TRADIO": 234, "DFRM": "0980712006", "FRACN": 7, "RADION": 12 }, "geometry": { "type": "Polygon", "coordinates": [ [ [ -60.713160778101816, -27.585228510418744 ], [ -60.713181952613198, -27.58615334387077 ], [ -60.713208337326719, -27.587100709992743 ], [ -60.713244879380134, -27.588052535711327 ], [ -60.714860127300234, -27.588030693277435 ], [ -60.714838967236396, -27.587110372363767 ], [ -60.714832706127211, -27.586144855502319 ], [ -60.714816493628, -27.585206461210731 ], [ -60.713160778101816, -27.585228510418744 ] ] ] } },
{ "type": "Feature", "properties": { "ArcIds": [ 2229, 2230, -2224, -2164 ], "AREA": 12411.875, "PERIMETER": 447.094, "CODLOC": "030", "NOMMUNI": "VILLA ANGELA", "NOMLOC": "VILLA ANGELA", "FRAC": "07", "RADIO": "12", "MZA": "005", "MZATXT": 5, "UGEO": "", "MZAM": "", "TMZA": 30, "DEPTO10": "098", "FRAC10": "07", "RADIO10": "17", "MZA10": "005", "CEN2010": "0980717005", "LINK2010": "220980717005", "DF": "09807", "TFRAC": 4624, "DFR": "0980712", "TRADIO": 234, "DFRM": "0980712005", "FRACN": 7, "RADION": 12 }, "geometry": { "type": "Polygon", "coordinates": [ [ [ -60.71193552761212, -27.585257357354944 ], [ -60.711961784663551, -27.586186676984973 ], [ -60.713181952613198, -27.58615334387077 ], [ -60.713160778101816, -27.585228510418744 ], [ -60.71193552761212, -27.585257357354944 ] ] ] } },
{ "type": "Feature", "properties": { "ArcIds": [ 2172, 2231, -2232, -2229 ], "AREA": 12430.75, "PERIMETER": 447.624, "CODLOC": "030", "NOMMUNI": "VILLA ANGELA", "NOMLOC": "VILLA ANGELA", "FRAC": "07", "RADIO": "12", "MZA": "004", "MZATXT": 4, "UGEO": "", "MZAM": "", "TMZA": 24, "DEPTO10": "098", "FRAC10": "07", "RADIO10": "17", "MZA10": "004", "CEN2010": "0980717004", "LINK2010": "220980717004", "DF": "09807", "TFRAC": 4624, "DFR": "0980712", "TRADIO": 234, "DFRM": "0980712004", "FRACN": 7, "RADION": 12 }, "geometry": { "type": "Polygon", "coordinates": [ [ [ -60.71193552761212, -27.585257357354944 ], [ -60.710720490736804, -27.585299676954552 ], [ -60.710721361049472, -27.586220103064278 ], [ -60.711961784663551, -27.586186676984973 ], [ -60.71193552761212, -27.585257357354944 ] ] ] } },
{ "type": "Feature", "properties": { "ArcIds": [ 2177, 2210, 2239, -2240, -2238, 2235, 2178 ], "AREA": 16074.75, "PERIMETER": 509.886, "CODLOC": "030", "NOMMUNI": "VILLA ANGELA", "NOMLOC": "VILLA ANGELA", "FRAC": "07", "RADIO": "11", "MZA": "004", "MZATXT": 4, "UGEO": "", "MZAM": "0004", "TMZA": 22, "DEPTO10": "098", "FRAC10": "07", "RADIO10": "18", "MZA10": "004", "CEN2010": "0980718004", "LINK2010": "220980718004", "DF": "09807", "TFRAC": 4624, "DFR": "0980711", "TRADIO": 358, "DFRM": "0980711004", "FRACN": 7, "RADION": 11 }, "geometry": { "type": "Polygon", "coordinates": [ [ [ -60.706603558380387, -27.585289104357521 ], [ -60.706609142556104, -27.585370290449266 ], [ -60.706633474892293, -27.586006346904554 ], [ -60.706645915956933, -27.586367236914842 ], [ -60.707658651663394, -27.586362079284378 ], [ -60.708053560556685, -27.586351042271016 ], [ -60.708042179531986, -27.585367502623935 ], [ -60.706603558380387, -27.585289104357521 ] ] ] } },
{ "type": "Feature", "properties": { "ArcIds": [ 2170, 2211, -2212, -2210, -2177 ], "AREA": 17674.75, "PERIMETER": 601.605, "CODLOC": "030", "NOMMUNI": "VILLA ANGELA", "NOMLOC": "VILLA ANGELA", "FRAC": "07", "RADIO": "09", "MZA": "008", "MZATXT": 8, "UGEO": "", "MZAM": "", "TMZA": 27, "DEPTO10": "098", "FRAC10": "07", "RADIO10": "08", "MZA10": "009", "CEN2010": "0980708009", "LINK2010": "220980708009", "DF": "09807", "TFRAC": 4624, "DFR": "0980709", "TRADIO": 228, "DFRM": "0980709008", "FRACN": 7, "RADION": 9 }, "geometry": { "type": "Polygon", "coordinates": [ [ [ -60.706603558380387, -27.585289104357521 ], [ -60.704375733615137, -27.585327494696188 ], [ -60.704390502316805, -27.58605383859582 ], [ -60.706633474892293, -27.586006346904554 ], [ -60.706609142556104, -27.585370290449266 ], [ -60.706603558380387, -27.585289104357521 ] ] ] } },
{ "type": "Feature", "properties": { "ArcIds": [ 2176, 2213, -2214, -2211 ], "AREA": 14994.5, "PERIMETER": 536.178, "CODLOC": "030", "NOMMUNI": "VILLA ANGELA", "NOMLOC": "VILLA ANGELA", "FRAC": "07", "RADIO": "09", "MZA": "007", "MZATXT": 7, "UGEO": "", "MZAM": "", "TMZA": 17, "DEPTO10": "098", "FRAC10": "07", "RADIO10": "08", "MZA10": "008", "CEN2010": "0980708008", "LINK2010": "220980708008", "DF": "09807", "TFRAC": 4624, "DFR": "0980709", "TRADIO": 228, "DFRM": "0980709007", "FRACN": 7, "RADION": 9 }, "geometry": { "type": "Polygon", "coordinates": [ [ [ -60.704375733615137, -27.585327494696188 ], [ -60.702451810980605, -27.585377848018787 ], [ -60.702496834046727, -27.586085991554594 ], [ -60.704390502316805, -27.58605383859582 ], [ -60.704375733615137, -27.585327494696188 ] ] ] } },
{ "type": "Feature", "properties": { "ArcIds": [ 2174, -2233, -2234, -2231 ], "AREA": 11944.75, "PERIMETER": 438.563, "CODLOC": "030", "NOMMUNI": "VILLA ANGELA", "NOMLOC": "VILLA ANGELA", "FRAC": "07", "RADIO": "11", "MZA": "006", "MZATXT": 6, "UGEO": "", "MZAM": "0006", "TMZA": 7, "DEPTO10": "098", "FRAC10": "07", "RADIO10": "18", "MZA10": "006", "CEN2010": "0980718006", "LINK2010": "220980718006", "DF": "09807", "TFRAC": 4624, "DFR": "0980711", "TRADIO": 358, "DFRM": "0980711006", "FRACN": 7, "RADION": 11 }, "geometry": { "type": "Polygon", "coordinates": [ [ [ -60.710720490736804, -27.585299676954552 ], [ -60.709510458229659, -27.585332936531469 ], [ -60.709536520638913, -27.586235186395935 ], [ -60.710721361049472, -27.586220103064278 ], [ -60.710720490736804, -27.585299676954552 ] ] ] } },
{ "type": "Feature", "properties": { "ArcIds": [ 2180, -2235, -2236, -2237, 2233 ], "AREA": 15627.875, "PERIMETER": 501.438, "CODLOC": "030", "NOMMUNI": "VILLA ANGELA", "NOMLOC": "VILLA ANGELA", "FRAC": "07", "RADIO": "11", "MZA": "005", "MZATXT": 5, "UGEO": "", "MZAM": "0005", "TMZA": 24, "DEPTO10": "098", "FRAC10": "07", "RADIO10": "18", "MZA10": "005", "CEN2010": "0980718005", "LINK2010": "220980718005", "DF": "09807", "TFRAC": 4624, "DFR": "0980711", "TRADIO": 358, "DFRM": "0980711005", "FRACN": 7, "RADION": 11 }, "geometry": { "type": "Polygon", "coordinates": [ [ [ -60.709510458229659, -27.585332936531469 ], [ -60.708042179531986, -27.585367502623935 ], [ -60.708053560556685, -27.586351042271016 ], [ -60.708646039713926, -27.586352531716862 ], [ -60.709536520638913, -27.586235186395935 ], [ -60.709510458229659, -27.585332936531469 ] ] ] } },
{ "type": "Feature", "properties": { "ArcIds": [ 2185, -2244, 2253, -2254 ], "AREA": 16814.625, "PERIMETER": 520.027, "CODLOC": "030", "NOMMUNI": "VILLA ANGELA", "NOMLOC": "VILLA ANGELA", "FRAC": "09", "RADIO": "13", "MZA": "015", "MZATXT": 15, "UGEO": "", "MZAM": "0015", "TMZA": 28, "DEPTO10": "098", "FRAC10": "07", "RADIO10": "20", "MZA10": "015", "CEN2010": "0980720015", "LINK2010": "220980720015", "DF": "09809", "TFRAC": 3754, "DFR": "0980913", "TRADIO": 411, "DFRM": "0980913015", "FRACN": 9, "RADION": 13 }, "geometry": { "type": "Polygon", "coordinates": [ [ [ -60.738552220144982, -27.585474780303141 ], [ -60.737144598716419, -27.585491283848089 ], [ -60.737146715504323, -27.586565104628463 ], [ -60.738559625891369, -27.586580156023686 ], [ -60.738552220144982, -27.585474780303141 ] ] ] } },
{ "type": "Feature", "properties": { "ArcIds": [ 2187, -2225, -2242, 2243, 2244 ], "AREA": 17199.625, "PERIMETER": 528.051, "CODLOC": "030", "NOMMUNI": "VILLA ANGELA", "NOMLOC": "VILLA ANGELA", "FRAC": "09", "RADIO": "13", "MZA": "014", "MZATXT": 14, "UGEO": "", "MZAM": "0014", "TMZA": 36, "DEPTO10": "098", "FRAC10": "07", "RADIO10": "20", "MZA10": "014", "CEN2010": "0980720014", "LINK2010": "220980720014", "DF": "09809", "TFRAC": 3754, "DFR": "0980913", "TRADIO": 411, "DFRM": "0980913014", "FRACN": 9, "RADION": 13 }, "geometry": { "type": "Polygon", "coordinates": [ [ [ -60.737144598716419, -27.585491283848089 ], [ -60.735645921907306, -27.585521791259094 ], [ -60.735664575245508, -27.586040560963838 ], [ -60.735678225384532, -27.586568380933237 ], [ -60.737146715504323, -27.586565104628463 ], [ -60.737144598716419, -27.585491283848089 ] ] ] } },
{ "type": "Feature", "properties": { "ArcIds": [ 2197, -2227, -2228, 2225 ], "AREA": 7571.875, "PERIMETER": 378.577, "CODLOC": "030", "NOMMUNI": "VILLA ANGELA", "NOMLOC": "VILLA ANGELA", "FRAC": "09", "RADIO": "13", "MZA": "012", "MZATXT": 12, "UGEO": "", "MZAM": "0012", "TMZA": 20, "DEPTO10": "098", "FRAC10": "07", "RADIO10": "20", "MZA10": "012", "CEN2010": "0980720012", "LINK2010": "220980720012", "DF": "09809", "TFRAC": 3754, "DFR": "0980913", "TRADIO": 411, "DFRM": "0980913012", "FRACN": 9, "RADION": 13 }, "geometry": { "type": "Polygon", "coordinates": [ [ [ -60.735645921907306, -27.585521791259094 ], [ -60.734370042752538, -27.58555110437095 ], [ -60.734314343033567, -27.585551398939138 ], [ -60.734327926483125, -27.586070195721543 ], [ -60.735664575245508, -27.586040560963838 ], [ -60.735645921907306, -27.585521791259094 ] ] ] } },
{ "type": "Feature", "properties": { "ArcIds": [ 2204, 2251, 2252, -2246 ], "AREA": 13915.0, "PERIMETER": 472.027, "CODLOC": "030", "NOMMUNI": "VILLA ANGELA", "NOMLOC": "VILLA ANGELA", "FRAC": "09", "RADIO": "13", "MZA": "010", "MZATXT": 10, "UGEO": "", "MZAM": "0010", "TMZA": 27, "DEPTO10": "098", "FRAC10": "07", "RADIO10": "20", "MZA10": "010", "CEN2010": "0980720010", "LINK2010": "220980720010", "DF": "09809", "TFRAC": 3754, "DFR": "0980913", "TRADIO": 411, "DFRM": "0980913010", "FRACN": 9, "RADION": 13 }, "geometry": { "type": "Polygon", "coordinates": [ [ [ -60.733104229851371, -27.585571328817423 ], [ -60.731878685497669, -27.585555234267986 ], [ -60.73188566489069, -27.58660647070668 ], [ -60.733111040903005, -27.586595494508273 ], [ -60.733104229851371, -27.585571328817423 ] ] ] } },
{ "type": "Feature", "properties": { "ArcIds": [ 2192, 2245, 2250, -2251 ], "AREA": 13861.125, "PERIMETER": 471.006, "CODLOC": "030", "NOMMUNI": "VILLA ANGELA", "NOMLOC": "VILLA ANGELA", "FRAC": "09", "RADIO": "13", "MZA": "009", "MZATXT": 9, "UGEO": "", "MZAM": "0009", "TMZA": 24, "DEPTO10": "098", "FRAC10": "07", "RADIO10": "20", "MZA10": "009", "CEN2010": "0980720009", "LINK2010": "220980720009", "DF": "09809", "TFRAC": 3754, "DFR": "0980913", "TRADIO": 411, "DFRM": "0980913009", "FRACN": 9, "RADION": 13 }, "geometry": { "type": "Polygon", "coordinates": [ [ [ -60.731878685497669, -27.585555234267986 ], [ -60.730668511505669, -27.585566119435747 ], [ -60.730670325981364, -27.586603847567698 ], [ -60.73188566489069, -27.58660647070668 ], [ -60.731878685497669, -27.585555234267986 ] ] ] } },
{ "type": "Feature", "properties": { "ArcIds": [ 2190, 2257, 2258, 2255, -2245 ], "AREA": 15091.25, "PERIMETER": 492.041, "CODLOC": "030", "NOMMUNI": "VILLA ANGELA", "NOMLOC": "VILLA ANGELA", "FRAC": "09", "RADIO": "13", "MZA": "008", "MZATXT": 8, "UGEO": "", "MZAM": "0008", "TMZA": 29, "DEPTO10": "098", "FRAC10": "07", "RADIO10": "20", "MZA10": "008", "CEN2010": "0980720008", "LINK2010": "220980720008", "DF": "09809", "TFRAC": 3754, "DFR": "0980913", "TRADIO": 411, "DFRM": "0980913008", "FRACN": 9, "RADION": 13 }, "geometry": { "type": "Polygon", "coordinates": [ [ [ -60.730668511505669, -27.585566119435747 ], [ -60.729351941347041, -27.585568529143167 ], [ -60.729369143389924, -27.58663775996304 ], [ -60.729809622596171, -27.586626421698487 ], [ -60.730670325981364, -27.586603847567698 ], [ -60.730668511505669, -27.585566119435747 ] ] ] } },
{ "type": "Feature", "properties": { "ArcIds": [ 2259, 2260, -2257, -2199 ], "AREA": 15569.75, "PERIMETER": 499.559, "CODLOC": "030", "NOMMUNI": "VILLA ANGELA", "NOMLOC": "VILLA ANGELA", "FRAC": "09", "RADIO": "12", "MZA": "010", "MZATXT": 10, "UGEO": "", "MZAM": "", "TMZA": 22, "DEPTO10": "098", "FRAC10": "07", "RADIO10": "15", "MZA10": "019", "CEN2010": "0980715019", "LINK2010": "220980715019", "DF": "09809", "TFRAC": 3754, "DFR": "0980912", "TRADIO": 242, "DFRM": "0980912010", "FRACN": 9, "RADION": 12 }, "geometry": { "type": "Polygon", "coordinates": [ [ [ -60.728035460216113, -27.58558446161339 ], [ -60.728052798491483, -27.586676251579835 ], [ -60.729369143389924, -27.58663775996304 ], [ -60.729351941347041, -27.585568529143167 ], [ -60.728035460216113, -27.58558446161339 ] ] ] } },
{ "type": "Feature", "properties": { "ArcIds": [ 2263, 2264, -2261, -2201 ], "AREA": 14520.5, "PERIMETER": 482.027, "CODLOC": "030", "NOMMUNI": "VILLA ANGELA", "NOMLOC": "VILLA ANGELA", "FRAC": "09", "RADIO": "12", "MZA": "008", "MZATXT": 8, "UGEO": "", "MZAM": "", "TMZA": 26, "DEPTO10": "098", "FRAC10": "07", "RADIO10": "15", "MZA10": "017", "CEN2010": "0980715017", "LINK2010": "220980715017", "DF": "09809", "TFRAC": 3754, "DFR": "0980912", "TRADIO": 242, "DFRM": "0980912008", "FRACN": 9, "RADION": 12 }, "geometry": { "type": "Polygon", "coordinates": [ [ [ -60.72560995599197, -27.585592645645555 ], [ -60.725617202305784, -27.586693512800853 ], [ -60.726822326571074, -27.586682697919553 ], [ -60.726835441698505, -27.585599772036936 ], [ -60.72560995599197, -27.585592645645555 ] ] ] } },
{ "type": "Feature", "properties": { "ArcIds": [ 2265, 2266, -2263, -2195 ], "AREA": 14823.0, "PERIMETER": 487.0, "CODLOC": "030", "NOMMUNI": "VILLA ANGELA", "NOMLOC": "VILLA ANGELA", "FRAC": "09", "RADIO": "12", "MZA": "007", "MZATXT": 7, "UGEO": "", "MZAM": "", "TMZA": 22, "DEPTO10": "098", "FRAC10": "07", "RADIO10": "15", "MZA10": "016", "CEN2010": "0980715016", "LINK2010": "220980715016", "DF": "09809", "TFRAC": 3754, "DFR": "0980912", "TRADIO": 242, "DFRM": "0980912007", "FRACN": 9, "RADION": 12 }, "geometry": { "type": "Polygon", "coordinates": [ [ [ -60.724379495498631, -27.585599070107151 ], [ -60.724386729527048, -27.586699937561857 ], [ -60.725617202305784, -27.586693512800853 ], [ -60.72560995599197, -27.585592645645555 ], [ -60.724379495498631, -27.585599070107151 ] ] ] } },
{ "type": "Feature", "properties": { "ArcIds": [ 2269, 2270, -2265, -2207 ], "AREA": 15036.125, "PERIMETER": 490.549, "CODLOC": "030", "NOMMUNI": "VILLA ANGELA", "NOMLOC": "VILLA ANGELA", "FRAC": "09", "RADIO": "12", "MZA": "006", "MZATXT": 6, "UGEO": "", "MZAM": "", "TMZA": 31, "DEPTO10": "098", "FRAC10": "07", "RADIO10": "15", "MZA10": "020", "CEN2010": "0980715020", "LINK2010": "220980715020", "DF": "09809", "TFRAC": 3754, "DFR": "0980912", "TRADIO": 242, "DFRM": "0980912006", "FRACN": 9, "RADION": 12 }, "geometry": { "type": "Polygon", "coordinates": [ [ [ -60.723118830413846, -27.585632712409527 ], [ -60.723136090427111, -27.58671999216563 ], [ -60.724386729527048, -27.586699937561857 ], [ -60.724379495498631, -27.585599070107151 ], [ -60.723118830413846, -27.585632712409527 ] ] ] } },
{ "type": "Feature", "properties": { "ArcIds": [ 2200, 2205, 2246, 2247, -2248, 2227, 0, -2226 ], "AREA": 13755.25, "PERIMETER": 468.029, "CODLOC": "030", "NOMMUNI": "VILLA ANGELA", "NOMLOC": "VILLA ANGELA", "FRAC": "09", "RADIO": "13", "MZA": "011", "MZATXT": 11, "UGEO": "", "MZAM": "0011", "TMZA": 38, "DEPTO10": "098", "FRAC10": "07", "RADIO10": "20", "MZA10": "011", "CEN2010": "0980720011", "LINK2010": "220980720011", "DF": "09809", "TFRAC": 3754, "DFR": "0980913", "TRADIO": 411, "DFRM": "0980913011", "FRACN": 9, "RADION": 13 }, "geometry": { "type": "Polygon", "coordinates": [ [ [ -60.734314343033567, -27.585551398939138 ], [ -60.733711803321114, -27.585559095946181 ], [ -60.733104229851371, -27.585571328817423 ], [ -60.733111040903005, -27.586595494508273 ], [ -60.734321285541355, -27.586593611321078 ], [ -60.734327926483125, -27.586070195721543 ], [ -60.734314343033567, -27.585551398939138 ] ] ] } },
{ "type": "Feature", "properties": { "ArcIds": [ 2261, 2262, -2259, -2203 ], "AREA": 14459.75, "PERIMETER": 481.025, "CODLOC": "030", "NOMMUNI": "VILLA ANGELA", "NOMLOC": "VILLA ANGELA", "FRAC": "09", "RADIO": "12", "MZA": "009", "MZATXT": 9, "UGEO": "", "MZAM": "", "TMZA": 26, "DEPTO10": "098", "FRAC10": "07", "RADIO10": "15", "MZA10": "018", "CEN2010": "0980715018", "LINK2010": "220980715018", "DF": "09809", "TFRAC": 3754, "DFR": "0980912", "TRADIO": 242, "DFRM": "0980912009", "FRACN": 9, "RADION": 12 }, "geometry": { "type": "Polygon", "coordinates": [ [ [ -60.726835441698505, -27.585599772036936 ], [ -60.726822326571074, -27.586682697919553 ], [ -60.728052798491483, -27.586676251579835 ], [ -60.728035460216113, -27.58558446161339 ], [ -60.726835441698505, -27.585599772036936 ] ] ] } },
{ "type": "Feature", "properties": { "ArcIds": [ 2212, 2256, 2297, -2298, -2295, -2239 ], "AREA": 35621.375, "PERIMETER": 763.104, "CODLOC": "030", "NOMMUNI": "VILLA ANGELA", "NOMLOC": "VILLA ANGELA", "FRAC": "07", "RADIO": "09", "MZA": "009", "MZATXT": 9, "UGEO": "", "MZAM": "", "TMZA": 6, "DEPTO10": "098", "FRAC10": "07", "RADIO10": "08", "MZA10": "010", "CEN2010": "0980708010", "LINK2010": "220980708010", "DF": "09807", "TFRAC": 4624, "DFR": "0980709", "TRADIO": 228, "DFRM": "0980709009", "FRACN": 7, "RADION": 9 }, "geometry": { "type": "Polygon", "coordinates": [ [ [ -60.706633474892293, -27.586006346904554 ], [ -60.704390502316805, -27.58605383859582 ], [ -60.704400092302656, -27.586762161018388 ], [ -60.704430110444243, -27.587497451232473 ], [ -60.706658007933797, -27.587463570981239 ], [ -60.706645915956933, -27.586367236914842 ], [ -60.706633474892293, -27.586006346904554 ] ] ] } },
{ "type": "Feature", "properties": { "ArcIds": [ 2214, 2267, -2268, -2256 ], "AREA": 14943.0, "PERIMETER": 533.606, "CODLOC": "030", "NOMMUNI": "VILLA ANGELA", "NOMLOC": "VILLA ANGELA", "FRAC": "07", "RADIO": "09", "MZA": "010", "MZATXT": 10, "UGEO": "", "MZAM": "", "TMZA": 22, "DEPTO10": "098", "FRAC10": "07", "RADIO10": "08", "MZA10": "011", "CEN2010": "0980708011", "LINK2010": "220980708011", "DF": "09807", "TFRAC": 4624, "DFR": "0980709", "TRADIO": 228, "DFRM": "0980709010", "FRACN": 7, "RADION": 9 }, "geometry": { "type": "Polygon", "coordinates": [ [ [ -60.704390502316805, -27.58605383859582 ], [ -60.702496834046727, -27.586085991554594 ], [ -60.702511648097932, -27.586821359350218 ], [ -60.704400092302656, -27.586762161018388 ], [ -60.704390502316805, -27.58605383859582 ] ] ] } },
{ "type": "Feature", "properties": { "ArcIds": [ 2280, 2309, 2310, 2307, -2219 ], "AREA": 24413.5, "PERIMETER": 649.576, "CODLOC": "030", "NOMMUNI": "VILLA ANGELA", "NOMLOC": "VILLA ANGELA", "FRAC": "07", "RADIO": "06", "MZA": "027", "MZATXT": 27, "UGEO": "", "MZAM": "0027", "TMZA": 0, "DEPTO10": "098", "FRAC10": "07", "RADIO10": "10", "MZA10": "027", "CEN2010": "0980710027", "LINK2010": "220980710027", "DF": "09807", "TFRAC": 4624, "DFR": "0980706", "TRADIO": 362, "DFRM": "0980706027", "FRACN": 7, "RADION": 6 }, "geometry": { "type": "Polygon", "coordinates": [ [ [ -60.716827611599371, -27.586107499810197 ], [ -60.716833743471589, -27.587050457461189 ], [ -60.716859983902211, -27.587970751619228 ], [ -60.718034712989763, -27.587955657833223 ], [ -60.718022428526162, -27.586069743144861 ], [ -60.716827611599371, -27.586107499810197 ] ] ] } },
{ "type": "Feature", "properties": { "ArcIds": [ -2223, 2282, 2283, -2280, -2221 ], "AREA": 20815.0, "PERIMETER": 605.6, "CODLOC": "030", "NOMMUNI": "VILLA ANGELA", "NOMLOC": "VILLA ANGELA", "FRAC": "07", "RADIO": "12", "MZA": "009", "MZATXT": 9, "UGEO": "", "MZAM": "", "TMZA": 8, "DEPTO10": "098", "FRAC10": "07", "RADIO10": "17", "MZA10": "009", "CEN2010": "0980717009", "LINK2010": "220980717009", "DF": "09807", "TFRAC": 4624, "DFR": "0980712", "TRADIO": 234, "DFRM": "0980712009", "FRACN": 7, "RADION": 12 }, "geometry": { "type": "Polygon", "coordinates": [ [ [ -60.714832706127211, -27.586144855502319 ], [ -60.715617514764183, -27.58613178921804 ], [ -60.716827611599371, -27.586107499810197 ], [ -60.716833743471589, -27.587050457461189 ], [ -60.714838967236396, -27.587110372363767 ], [ -60.714832706127211, -27.586144855502319 ] ] ] } },
{ "type": "Feature", "properties": { "ArcIds": [ 2284, 2285, -2281, -2230 ], "AREA": 12546.25, "PERIMETER": 449.116, "CODLOC": "030", "NOMMUNI": "VILLA ANGELA", "NOMLOC": "VILLA ANGELA", "FRAC": "07", "RADIO": "12", "MZA": "010", "MZATXT": 10, "UGEO": "", "MZAM": "", "TMZA": 17, "DEPTO10": "098", "FRAC10": "07", "RADIO10": "17", "MZA10": "010", "CEN2010": "0980717010", "LINK2010": "220980717010", "DF": "09807", "TFRAC": 4624, "DFR": "0980712", "TRADIO": 234, "DFRM": "0980712010", "FRACN": 7, "RADION": 12 }, "geometry": { "type": "Polygon", "coordinates": [ [ [ -60.711961784663551, -27.586186676984973 ], [ -60.71199822804337, -27.587124968074566 ], [ -60.713208337326719, -27.587100709992743 ], [ -60.713181952613198, -27.58615334387077 ], [ -60.711961784663551, -27.586186676984973 ] ] ] } },
{ "type": "Feature", "properties": { "ArcIds": [ 2228, 2248, 2249, 2242 ], "AREA": 7747.25, "PERIMETER": 382.556, "CODLOC": "030", "NOMMUNI": "VILLA ANGELA", "NOMLOC": "VILLA ANGELA", "FRAC": "09", "RADIO": "13", "MZA": "013", "MZATXT": 13, "UGEO": "", "MZAM": "0013", "TMZA": 20, "DEPTO10": "098", "FRAC10": "07", "RADIO10": "20", "MZA10": "013", "CEN2010": "0980720013", "LINK2010": "220980720013", "DF": "09809", "TFRAC": 3754, "DFR": "0980913", "TRADIO": 411, "DFRM": "0980913013", "FRACN": 9, "RADION": 13 }, "geometry": { "type": "Polygon", "coordinates": [ [ [ -60.735664575245508, -27.586040560963838 ], [ -60.734327926483125, -27.586070195721543 ], [ -60.734321285541355, -27.586593611321078 ], [ -60.735678225384532, -27.586568380933237 ], [ -60.735664575245508, -27.586040560963838 ] ] ] } },
{ "type": "Feature", "properties": { "ArcIds": [ 2232, 2286, -2287, -2284 ], "AREA": 12812.5, "PERIMETER": 454.597, "CODLOC": "030", "NOMMUNI": "VILLA ANGELA", "NOMLOC": "VILLA ANGELA", "FRAC": "07", "RADIO": "12", "MZA": "011", "MZATXT": 11, "UGEO": "", "MZAM": "", "TMZA": 13, "DEPTO10": "098", "FRAC10": "07", "RADIO10": "17", "MZA10": "011", "CEN2010": "0980717011", "LINK2010": "220980717011", "DF": "09807", "TFRAC": 4624, "DFR": "0980712", "TRADIO": 234, "DFRM": "0980712011", "FRACN": 7, "RADION": 12 }, "geometry": { "type": "Polygon", "coordinates": [ [ [ -60.711961784663551, -27.586186676984973 ], [ -60.710721361049472, -27.586220103064278 ], [ -60.710732417160031, -27.587149500743696 ], [ -60.71199822804337, -27.587124968074566 ], [ -60.711961784663551, -27.586186676984973 ] ] ] } },
{ "type": "Feature", "properties": { "ArcIds": [ 2234, 2288, -2289, -2286 ], "AREA": 12026.0, "PERIMETER": 439.515, "CODLOC": "030", "NOMMUNI": "VILLA ANGELA", "NOMLOC": "VILLA ANGELA", "FRAC": "07", "RADIO": "11", "MZA": "007", "MZATXT": 7, "UGEO": "", "MZAM": "0007", "TMZA": 26, "DEPTO10": "098", "FRAC10": "07", "RADIO10": "18", "MZA10": "007", "CEN2010": "0980718007", "LINK2010": "220980718007", "DF": "09807", "TFRAC": 4624, "DFR": "0980711", "TRADIO": 358, "DFRM": "0980711007", "FRACN": 7, "RADION": 11 }, "geometry": { "type": "Polygon", "coordinates": [ [ [ -60.710721361049472, -27.586220103064278 ], [ -60.709536520638913, -27.586235186395935 ], [ -60.709552630478555, -27.587164558479454 ], [ -60.710732417160031, -27.587149500743696 ], [ -60.710721361049472, -27.586220103064278 ] ] ] } },
{ "type": "Feature", "properties": { "ArcIds": [ 2237, -2290, -2291, -2288 ], "AREA": 8654.5, "PERIMETER": 373.411, "CODLOC": "030", "NOMMUNI": "VILLA ANGELA", "NOMLOC": "VILLA ANGELA", "FRAC": "07", "RADIO": "11", "MZA": "008", "MZATXT": 8, "UGEO": "", "MZAM": "0029", "TMZA": 19, "DEPTO10": "098", "FRAC10": "07", "RADIO10": "18", "MZA10": "029", "CEN2010": "0980718029", "LINK2010": "220980718029", "DF": "09807", "TFRAC": 4624, "DFR": "0980711", "TRADIO": 358, "DFRM": "0980711008", "FRACN": 7, "RADION": 11 }, "geometry": { "type": "Polygon", "coordinates": [ [ [ -60.709536520638913, -27.586235186395935 ], [ -60.708646039713926, -27.586352531716862 ], [ -60.708651405541815, -27.587187208615568 ], [ -60.709552630478555, -27.587164558479454 ], [ -60.709536520638913, -27.586235186395935 ] ] ] } },
{ "type": "Feature", "properties": { "ArcIds": [ 2236, 2238, -2293, -2294, -2292, 2290 ], "AREA": 11535.875, "PERIMETER": 430.041, "CODLOC": "030", "NOMMUNI": "VILLA ANGELA", "NOMLOC": "VILLA ANGELA", "FRAC": "07", "RADIO": "11", "MZA": "009", "MZATXT": 9, "UGEO": "", "MZAM": "0008", "TMZA": 23, "DEPTO10": "098", "FRAC10": "07", "RADIO10": "18", "MZA10": "008", "CEN2010": "0980718008", "LINK2010": "220980718008", "DF": "09807", "TFRAC": 4624, "DFR": "0980711", "TRADIO": 358, "DFRM": "0980711009", "FRACN": 7, "RADION": 11 }, "geometry": { "type": "Polygon", "coordinates": [ [ [ -60.708646039713926, -27.586352531716862 ], [ -60.708053560556685, -27.586351042271016 ], [ -60.707658651663394, -27.586362079284378 ], [ -60.707660423499036, -27.58742688231726 ], [ -60.708642728355137, -27.587412848636355 ], [ -60.708651405541815, -27.587187208615568 ], [ -60.708646039713926, -27.586352531716862 ] ] ] } },
{ "type": "Feature", "properties": { "ArcIds": [ 2240, 2295, -2296, 2293 ], "AREA": 11915.125, "PERIMETER": 438.564, "CODLOC": "030", "NOMMUNI": "VILLA ANGELA", "NOMLOC": "VILLA ANGELA", "FRAC": "07", "RADIO": "11", "MZA": "010", "MZATXT": 10, "UGEO": "", "MZAM": "0009", "TMZA": 24, "DEPTO10": "098", "FRAC10": "07", "RADIO10": "18", "MZA10": "009", "CEN2010": "0980718009", "LINK2010": "220980718009", "DF": "09807", "TFRAC": 4624, "DFR": "0980711", "TRADIO": 358, "DFRM": "0980711010", "FRACN": 7, "RADION": 11 }, "geometry": { "type": "Polygon", "coordinates": [ [ [ -60.707658651663394, -27.586362079284378 ], [ -60.706645915956933, -27.586367236914842 ], [ -60.706658007933797, -27.587463570981239 ], [ -60.707660423499036, -27.58742688231726 ], [ -60.707658651663394, -27.586362079284378 ] ] ] } },
{ "type": "Feature", "properties": { "ArcIds": [ -2249, -2247, -2252, -2250, -2255, 2278, 2279, -2273, -2253, -2243 ], "AREA": 34023.625, "PERIMETER": 1803.582, "CODLOC": "030", "NOMMUNI": "VILLA ANGELA", "NOMLOC": "VILLA ANGELA", "FRAC": "09", "RADIO": "14", "MZA": "004", "MZATXT": 4, "UGEO": "", "MZAM": "", "TMZA": 25, "DEPTO10": "098", "FRAC10": "07", "RADIO10": "16", "MZA10": "002", "CEN2010": "0980716002", "LINK2010": "220980716002", "DF": "09809", "TFRAC": 3754, "DFR": "0980914", "TRADIO": 148, "DFRM": "0980914004", "FRACN": 9, "RADION": 14 }, "geometry": { "type": "Polygon", "coordinates": [ [ [ -60.734321285541355, -27.586593611321078 ], [ -60.735678225384532, -27.586568380933237 ], [ -60.737146715504323, -27.586565104628463 ], [ -60.738559625891369, -27.586580156023686 ], [ -60.738566866022389, -27.586904974165481 ], [ -60.729817046057015, -27.58698282301669 ], [ -60.729809622596171, -27.586626421698487 ], [ -60.730670325981364, -27.586603847567698 ], [ -60.73188566489069, -27.58660647070668 ], [ -60.733111040903005, -27.586595494508273 ], [ -60.734321285541355, -27.586593611321078 ] ] ] } },
{ "type": "Feature", "properties": { "ArcIds": [ -2260, -2262, -2264, -2266, -2270, 2303, 2376, 2414, 2452, 2453, -2446, -2364, -2279, -2278, -2258 ], "AREA": 765188.75, "PERIMETER": 4099.155, "CODLOC": "030", "NOMMUNI": "VILLA ANGELA", "NOMLOC": "VILLA ANGELA", "FRAC": "09", "RADIO": "14", "MZA": "005", "MZATXT": 5, "UGEO": "", "MZAM": "", "TMZA": 37, "DEPTO10": "098", "FRAC10": "07", "RADIO10": "16", "MZA10": "005", "CEN2010": "0980716005", "LINK2010": "220980716005", "DF": "09809", "TFRAC": 3754, "DFR": "0980914", "TRADIO": 148, "DFRM": "0980914005", "FRACN": 9, "RADION": 14 }, "geometry": { "type": "Polygon", "coordinates": [ [ [ -60.728052798491483, -27.586676251579835 ], [ -60.729369143389924, -27.58663775996304 ], [ -60.729809622596171, -27.586626421698487 ], [ -60.729817046057015, -27.58698282301669 ], [ -60.738566866022389, -27.586904974165481 ], [ -60.738602206310212, -27.589156222837687 ], [ -60.738636702520679, -27.591281142193786 ], [ -60.723126364240855, -27.591412424418191 ], [ -60.723121746281549, -27.590708591429269 ], [ -60.723118223720093, -27.590171693139247 ], [ -60.723108043874149, -27.587848114861234 ], [ -60.723136090427111, -27.58671999216563 ], [ -60.724386729527048, -27.586699937561857 ], [ -60.725617202305784, -27.586693512800853 ], [ -60.726822326571074, -27.586682697919553 ], [ -60.728052798491483, -27.586676251579835 ] ] ] } },
{ "type": "Feature", "properties": { "ArcIds": [ 2268, 2301, -2302, -2297 ], "AREA": 15138.5, "PERIMETER": 537.153, "CODLOC": "030", "NOMMUNI": "VILLA ANGELA", "NOMLOC": "VILLA ANGELA", "FRAC": "07", "RADIO": "09", "MZA": "011", "MZATXT": 11, "UGEO": "", "MZAM": "", "TMZA": 21, "DEPTO10": "098", "FRAC10": "07", "RADIO10": "08", "MZA10": "012", "CEN2010": "0980708012", "LINK2010": "220980708012", "DF": "09807", "TFRAC": 4624, "DFR": "0980709", "TRADIO": 228, "DFRM": "0980709011", "FRACN": 7, "RADION": 9 }, "geometry": { "type": "Polygon", "coordinates": [ [ [ -60.704400092302656, -27.586762161018388 ], [ -60.702511648097932, -27.586821359350218 ], [ -60.702511156229896, -27.587538756833887 ], [ -60.704430110444243, -27.587497451232473 ], [ -60.704400092302656, -27.586762161018388 ] ] ] } },
{ "type": "Feature", "properties": { "ArcIds": [ 2444, 2445, -2436, -2402 ], "AREA": 228477.5, "PERIMETER": 2250.17, "CODLOC": "030", "NOMMUNI": "VILLA ANGELA", "NOMLOC": "VILLA ANGELA", "FRAC": "02", "RADIO": "01", "MZA": "001", "MZATXT": 1, "UGEO": "", "MZAM": "", "TMZA": 1, "DEPTO10": "098", "FRAC10": "02", "RADIO10": "01", "MZA10": "001", "CEN2010": "0980201001", "LINK2010": "220980201001", "DF": "09802", "TFRAC": 904, "DFR": "0980201", "TRADIO": 38, "DFRM": "0980201001", "FRACN": 2, "RADION": 1 }, "geometry": { "type": "Polygon", "coordinates": [ [ [ -60.745949259289723, -27.586802343665536 ], [ -60.746014691280429, -27.59123267019838 ], [ -60.753979823106363, -27.591144523701903 ], [ -60.753959045149941, -27.590327985115458 ], [ -60.745949259289723, -27.586802343665536 ] ] ] } },
{ "type": "Feature", "properties": { "ArcIds": [ 2311, 2312, -2309, -2283 ], "AREA": 20129.125, "PERIMETER": 598.684, "CODLOC": "030", "NOMMUNI": "VILLA ANGELA", "NOMLOC": "VILLA ANGELA", "FRAC": "07", "RADIO": "12", "MZA": "014", "MZATXT": 14, "UGEO": "", "MZAM": "", "TMZA": 12, "DEPTO10": "098", "FRAC10": "07", "RADIO10": "17", "MZA10": "014", "CEN2010": "0980717014", "LINK2010": "220980717014", "DF": "09807", "TFRAC": 4624, "DFR": "0980712", "TRADIO": 234, "DFRM": "0980712014", "FRACN": 7, "RADION": 12 }, "geometry": { "type": "Polygon", "coordinates": [ [ [ -60.714838967236396, -27.587110372363767 ], [ -60.714860127300234, -27.588030693277435 ], [ -60.716859983902211, -27.587970751619228 ], [ -60.716833743471589, -27.587050457461189 ], [ -60.714838967236396, -27.587110372363767 ] ] ] } },
{ "type": "Feature", "properties": { "ArcIds": [ 2313, 2314, -2315, -2285 ], "AREA": 12580.0, "PERIMETER": 450.07, "CODLOC": "030", "NOMMUNI": "VILLA ANGELA", "NOMLOC": "VILLA ANGELA", "FRAC": "07", "RADIO": "12", "MZA": "013", "MZATXT": 13, "UGEO": "", "MZAM": "", "TMZA": 17, "DEPTO10": "098", "FRAC10": "07", "RADIO10": "17", "MZA10": "013", "CEN2010": "0980717013", "LINK2010": "220980717013", "DF": "09807", "TFRAC": 4624, "DFR": "0980712", "TRADIO": 234, "DFRM": "0980712013", "FRACN": 7, "RADION": 12 }, "geometry": { "type": "Polygon", "coordinates": [ [ [ -60.71199822804337, -27.587124968074566 ], [ -60.711999109402107, -27.588045393734522 ], [ -60.713244879380134, -27.588052535711327 ], [ -60.713208337326719, -27.587100709992743 ], [ -60.71199822804337, -27.587124968074566 ] ] ] } },
{ "type": "Feature", "properties": { "ArcIds": [ 2287, 2317, -2318, -2313 ], "AREA": 12649.0, "PERIMETER": 452.045, "CODLOC": "030", "NOMMUNI": "VILLA ANGELA", "NOMLOC": "VILLA ANGELA", "FRAC": "07", "RADIO": "12", "MZA": "012", "MZATXT": 12, "UGEO": "", "MZAM": "", "TMZA": 16, "DEPTO10": "098", "FRAC10": "07", "RADIO10": "17", "MZA10": "012", "CEN2010": "0980717012", "LINK2010": "220980717012", "DF": "09807", "TFRAC": 4624, "DFR": "0980712", "TRADIO": 234, "DFRM": "0980712012", "FRACN": 7, "RADION": 12 }, "geometry": { "type": "Polygon", "coordinates": [ [ [ -60.71199822804337, -27.587124968074566 ], [ -60.710732417160031, -27.587149500743696 ], [ -60.71075354296525, -27.588069822925473 ], [ -60.711999109402107, -27.588045393734522 ], [ -60.71199822804337, -27.587124968074566 ] ] ] } },
{ "type": "Feature", "properties": { "ArcIds": [ 2289, -2319, -2320, -2317 ], "AREA": 12200.5, "PERIMETER": 442.645, "CODLOC": "030", "NOMMUNI": "VILLA ANGELA", "NOMLOC": "VILLA ANGELA", "FRAC": "07", "RADIO": "11", "MZA": "014", "MZATXT": 14, "UGEO": "", "MZAM": "0013", "TMZA": 12, "DEPTO10": "098", "FRAC10": "07", "RADIO10": "18", "MZA10": "013", "CEN2010": "0980718013", "LINK2010": "220980718013", "DF": "09807", "TFRAC": 4624, "DFR": "0980711", "TRADIO": 358, "DFRM": "0980711014", "FRACN": 7, "RADION": 11 }, "geometry": { "type": "Polygon", "coordinates": [ [ [ -60.710732417160031, -27.587149500743696 ], [ -60.709552630478555, -27.587164558479454 ], [ -60.709563880325263, -27.588125538666983 ], [ -60.71075354296525, -27.588069822925473 ], [ -60.710732417160031, -27.587149500743696 ] ] ] } },
{ "type": "Feature", "properties": { "ArcIds": [ 2291, 2292, -2321, -2322, 2319 ], "AREA": 9598.625, "PERIMETER": 392.566, "CODLOC": "030", "NOMMUNI": "VILLA ANGELA", "NOMLOC": "VILLA ANGELA", "FRAC": "07", "RADIO": "11", "MZA": "013", "MZATXT": 13, "UGEO": "", "MZAM": "0012", "TMZA": 21, "DEPTO10": "098", "FRAC10": "07", "RADIO10": "18", "MZA10": "012", "CEN2010": "0980718012", "LINK2010": "220980718012", "DF": "09807", "TFRAC": 4624, "DFR": "0980711", "TRADIO": 358, "DFRM": "0980711013", "FRACN": 7, "RADION": 11 }, "geometry": { "type": "Polygon", "coordinates": [ [ [ -60.709552630478555, -27.587164558479454 ], [ -60.708651405541815, -27.587187208615568 ], [ -60.708642728355137, -27.587412848636355 ], [ -60.708647456263328, -27.588148266554114 ], [ -60.709563880325263, -27.588125538666983 ], [ -60.709552630478555, -27.587164558479454 ] ] ] } },
{ "type": "Feature", "properties": { "ArcIds": [ 2294, -2323, -2324, 2321 ], "AREA": 7893.625, "PERIMETER": 356.54, "CODLOC": "030", "NOMMUNI": "VILLA ANGELA", "NOMLOC": "VILLA ANGELA", "FRAC": "07", "RADIO": "11", "MZA": "012", "MZATXT": 12, "UGEO": "", "MZAM": "0011", "TMZA": 17, "DEPTO10": "098", "FRAC10": "07", "RADIO10": "18", "MZA10": "011", "CEN2010": "0980718011", "LINK2010": "220980718011", "DF": "09807", "TFRAC": 4624, "DFR": "0980711", "TRADIO": 358, "DFRM": "0980711012", "FRACN": 7, "RADION": 11 }, "geometry": { "type": "Polygon", "coordinates": [ [ [ -60.708642728355137, -27.587412848636355 ], [ -60.707660423499036, -27.58742688231726 ], [ -60.70768039407136, -27.588171246498124 ], [ -60.708647456263328, -27.588148266554114 ], [ -60.708642728355137, -27.587412848636355 ] ] ] } },
{ "type": "Feature", "properties": { "ArcIds": [ 2296, 2325, -2326, 2323 ], "AREA": 8041.75, "PERIMETER": 360.583, "CODLOC": "030", "NOMMUNI": "VILLA ANGELA", "NOMLOC": "VILLA ANGELA", "FRAC": "07", "RADIO": "11", "MZA": "011", "MZATXT": 11, "UGEO": "", "MZAM": "0010", "TMZA": 16, "DEPTO10": "098", "FRAC10": "07", "RADIO10": "18", "MZA10": "010", "CEN2010": "0980718010", "LINK2010": "220980718010", "DF": "09807", "TFRAC": 4624, "DFR": "0980711", "TRADIO": 358, "DFRM": "0980711011", "FRACN": 7, "RADION": 11 }, "geometry": { "type": "Polygon", "coordinates": [ [ [ -60.707660423499036, -27.58742688231726 ], [ -60.706658007933797, -27.587463570981239 ], [ -60.706672734436445, -27.588180890593357 ], [ -60.70768039407136, -27.588171246498124 ], [ -60.707660423499036, -27.58742688231726 ] ] ] } },
{ "type": "Feature", "properties": { "ArcIds": [ 2298, 2329, -2330, -2328, -2325 ], "AREA": 17792.125, "PERIMETER": 602.068, "CODLOC": "030", "NOMMUNI": "VILLA ANGELA", "NOMLOC": "VILLA ANGELA", "FRAC": "07", "RADIO": "09", "MZA": "012", "MZATXT": 12, "UGEO": "", "MZAM": "", "TMZA": 26, "DEPTO10": "098", "FRAC10": "07", "RADIO10": "08", "MZA10": "014", "CEN2010": "0980708014", "LINK2010": "220980708014", "DF": "09807", "TFRAC": 4624, "DFR": "0980709", "TRADIO": 228, "DFRM": "0980709012", "FRACN": 7, "RADION": 9 }, "geometry": { "type": "Polygon", "coordinates": [ [ [ -60.706658007933797, -27.587463570981239 ], [ -60.704430110444243, -27.587497451232473 ], [ -60.704434810265063, -27.588232869810849 ], [ -60.70536139295713, -27.588214630021596 ], [ -60.706672734436445, -27.588180890593357 ], [ -60.706658007933797, -27.587463570981239 ] ] ] } },
{ "type": "Feature", "properties": { "ArcIds": [ 2302, 2327, 2332, -2333, -2331, -2329 ], "AREA": 15612.5, "PERIMETER": 538.054, "CODLOC": "030", "NOMMUNI": "VILLA ANGELA", "NOMLOC": "VILLA ANGELA", "FRAC": "07", "RADIO": "09", "MZA": "013", "MZATXT": 13, "UGEO": "", "MZAM": "", "TMZA": 28, "DEPTO10": "098", "FRAC10": "07", "RADIO10": "08", "MZA10": "015", "CEN2010": "0980708015", "LINK2010": "220980708015", "DF": "09807", "TFRAC": 4624, "DFR": "0980709", "TRADIO": 228, "DFRM": "0980709013", "FRACN": 7, "RADION": 9 }, "geometry": { "type": "Polygon", "coordinates": [ [ [ -60.704430110444243, -27.587497451232473 ], [ -60.702511156229896, -27.587538756833887 ], [ -60.702510319404574, -27.588202012979504 ], [ -60.702612112428845, -27.588282712428633 ], [ -60.703958931364731, -27.588253330999084 ], [ -60.704434810265063, -27.588232869810849 ], [ -60.704430110444243, -27.587497451232473 ] ] ] } },
{ "type": "Feature", "properties": { "ArcIds": [ 2351, 2511, -2512, 2513 ], "AREA": 114577.383, "PERIMETER": 1523.244, "CODLOC": "030", "NOMMUNI": "VILLA ANGELA", "NOMLOC": "VILLA ANGELA", "FRAC": "07", "RADIO": "10", "MZA": "006", "MZATXT": 6, "UGEO": "", "MZAM": "", "TMZA": 13, "DEPTO10": "098", "FRAC10": "07", "RADIO10": "19", "MZA10": "013", "CEN2010": "0980719013", "LINK2010": "220980719013", "DF": "09807", "TFRAC": 4624, "DFR": "0980710", "TRADIO": 195, "DFRM": "0980710006", "FRACN": 7, "RADION": 10 }, "geometry": { "type": "Polygon", "coordinates": [ [ [ -60.6898415794154, -27.587588744573793 ], [ -60.687527700205649, -27.589265121754458 ], [ -60.687677267148494, -27.59294611091007 ], [ -60.689936093817245, -27.592980023125453 ], [ -60.6898415794154, -27.587588744573793 ] ] ] } },
{ "type": "Feature", "properties": { "ArcIds": [ 2339, 2342, 2366, 2369, 2378, 2379, 2377, -2376, -2304 ], "AREA": 54993.75, "PERIMETER": 941.55, "CODLOC": "030", "NOMMUNI": "VILLA ANGELA", "NOMLOC": "VILLA ANGELA", "FRAC": "07", "RADIO": "13", "MZA": "001", "MZATXT": 1, "UGEO": "", "MZAM": "", "TMZA": 2, "DEPTO10": "098", "FRAC10": "07", "RADIO10": "17", "MZA10": "015", "CEN2010": "0980717015", "LINK2010": "220980717015", "DF": "09807", "TFRAC": 4624, "DFR": "0980713", "TRADIO": 268, "DFRM": "0980713001", "FRACN": 7, "RADION": 13 }, "geometry": { "type": "Polygon", "coordinates": [ [ [ -60.720925812103211, -27.58789555777215 ], [ -60.720929117081702, -27.588400874221374 ], [ -60.720927358366254, -27.588906216926222 ], [ -60.720941145231109, -27.58946562175273 ], [ -60.720939888368015, -27.590047664177515 ], [ -60.720940773719867, -27.590183016759109 ], [ -60.722515627219337, -27.590174830302189 ], [ -60.723118223720093, -27.590171693139247 ], [ -60.723108043874149, -27.587848114861234 ], [ -60.720925812103211, -27.58789555777215 ] ] ] } },
{ "type": "Feature", "properties": { "ArcIds": [ 2340, 2341, -2339, -2305 ], "AREA": 6888.0, "PERIMETER": 358.033, "CODLOC": "030", "NOMMUNI": "VILLA ANGELA", "NOMLOC": "VILLA ANGELA", "FRAC": "07", "RADIO": "13", "MZA": "002", "MZATXT": 2, "UGEO": "", "MZAM": "", "TMZA": 2, "DEPTO10": "098", "FRAC10": "07", "RADIO10": "17", "MZA10": "022", "CEN2010": "0980717022", "LINK2010": "220980717022", "DF": "09807", "TFRAC": 4624, "DFR": "0980713", "TRADIO": 268, "DFRM": "0980713002", "FRACN": 7, "RADION": 13 }, "geometry": { "type": "Polygon", "coordinates": [ [ [ -60.719680251254793, -27.587920066978121 ], [ -60.719683550526952, -27.588425383564253 ], [ -60.720929117081702, -27.588400874221374 ], [ -60.720925812103211, -27.58789555777215 ], [ -60.719680251254793, -27.587920066978121 ] ] ] } },
{ "type": "Feature", "properties": { "ArcIds": [ 2345, 2346, -2343, -2340, -2306 ], "AREA": 7254.125, "PERIMETER": 352.517, "CODLOC": "030", "NOMMUNI": "VILLA ANGELA", "NOMLOC": "VILLA ANGELA", "FRAC": "07", "RADIO": "13", "MZA": "003", "MZATXT": 3, "UGEO": "", "MZAM": "", "TMZA": 20, "DEPTO10": "098", "FRAC10": "07", "RADIO10": "17", "MZA10": "023", "CEN2010": "0980717023", "LINK2010": "220980717023", "DF": "09807", "TFRAC": 4624, "DFR": "0980713", "TRADIO": 268, "DFRM": "0980713003", "FRACN": 7, "RADION": 13 }, "geometry": { "type": "Polygon", "coordinates": [ [ [ -60.719016990053127, -27.587937038934033 ], [ -60.719023464879889, -27.588929625192598 ], [ -60.719686820426098, -27.588926188358471 ], [ -60.719683550526952, -27.588425383564253 ], [ -60.719680251254793, -27.587920066978121 ], [ -60.719016990053127, -27.587937038934033 ] ] ] } },
{ "type": "Feature", "properties": { "ArcIds": [ -2310, 2422, 2469, 2480, 2481, -2477, -2472, -2463, -2461, -2460, -2430, -2429, -2410, 2375, 2374, -2372, -2345, -2308 ], "AREA": 140092.75, "PERIMETER": 2151.582, "CODLOC": "030", "NOMMUNI": "VILLA ANGELA", "NOMLOC": "VILLA ANGELA", "FRAC": "07", "RADIO": "14", "MZA": "001", "MZATXT": 1, "UGEO": "", "MZAM": "", "TMZA": 17, "DEPTO10": "098", "FRAC10": "07", "RADIO10": "17", "MZA10": "024", "CEN2010": "0980717024", "LINK2010": "220980717024", "DF": "09807", "TFRAC": 4624, "DFR": "0980714", "TRADIO": 288, "DFRM": "0980714001", "FRACN": 7, "RADION": 14 }, "geometry": { "type": "Polygon", "coordinates": [ [ [ -60.716859983902211, -27.587970751619228 ], [ -60.718034712989763, -27.587955657833223 ], [ -60.719016990053127, -27.587937038934033 ], [ -60.719023464879889, -27.588929625192598 ], [ -60.719020754235764, -27.590066639906809 ], [ -60.717759976514785, -27.590091211025122 ], [ -60.717263779079076, -27.590102799116128 ], [ -60.717267273112739, -27.590639698103953 ], [ -60.717270502977762, -27.591135991248688 ], [ -60.717761699941732, -27.591133452736589 ], [ -60.717760779081829, -27.591769636372035 ], [ -60.719026787085042, -27.591767597428575 ], [ -60.719705292522576, -27.591755057997368 ], [ -60.71970317494651, -27.592206259521728 ], [ -60.719709535298293, -27.592404750381604 ], [ -60.714950070596934, -27.592528603703176 ], [ -60.714932068953765, -27.592095553240526 ], [ -60.714884972675748, -27.591080616353445 ], [ -60.715348038974305, -27.590645087997263 ], [ -60.715920894374456, -27.589960837060481 ], [ -60.716031272854181, -27.589802351052306 ], [ -60.716395184510347, -27.588916139658831 ], [ -60.716655391881552, -27.588436534445538 ], [ -60.716859983902211, -27.587970751619228 ] ] ] } },
{ "type": "Feature", "properties": { "ArcIds": [ 2347, 2380, 2421, -2422, -2312 ], "AREA": 38896.875, "PERIMETER": 936.419, "CODLOC": "030", "NOMMUNI": "VILLA ANGELA", "NOMLOC": "VILLA ANGELA", "FRAC": "07", "RADIO": "14", "MZA": "002", "MZATXT": 2, "UGEO": "", "MZAM": "", "TMZA": 13, "DEPTO10": "098", "FRAC10": "07", "RADIO10": "17", "MZA10": "019", "CEN2010": "0980717019", "LINK2010": "220980717019", "DF": "09807", "TFRAC": 4624, "DFR": "0980714", "TRADIO": 288, "DFRM": "0980714002", "FRACN": 7, "RADION": 14 }, "geometry": { "type": "Polygon", "coordinates": [ [ [ -60.714860127300234, -27.588030693277435 ], [ -60.71489249820236, -27.589117897013612 ], [ -60.714899872677705, -27.590254860278346 ], [ -60.714884972675748, -27.591080616353445 ], [ -60.715348038974305, -27.590645087997263 ], [ -60.715920894374456, -27.589960837060481 ], [ -60.716031272854181, -27.589802351052306 ], [ -60.716395184510347, -27.588916139658831 ], [ -60.716655391881552, -27.588436534445538 ], [ -60.716859983902211, -27.587970751619228 ], [ -60.714860127300234, -27.588030693277435 ] ] ] } },
{ "type": "Feature", "properties": { "ArcIds": [ 2348, 2349, -2347, -2316 ], "AREA": 19331.75, "PERIMETER": 562.036, "CODLOC": "030", "NOMMUNI": "VILLA ANGELA", "NOMLOC": "VILLA ANGELA", "FRAC": "07", "RADIO": "14", "MZA": "003", "MZATXT": 3, "UGEO": "", "MZAM": "", "TMZA": 27, "DEPTO10": "098", "FRAC10": "07", "RADIO10": "17", "MZA10": "016", "CEN2010": "0980717016", "LINK2010": "220980717016", "DF": "09807", "TFRAC": 4624, "DFR": "0980714", "TRADIO": 288, "DFRM": "0980714003", "FRACN": 7, "RADION": 14 }, "geometry": { "type": "Polygon", "coordinates": [ [ [ -60.713244879380134, -27.588052535711327 ], [ -60.713251886177282, -27.5891353584284 ], [ -60.71489249820236, -27.589117897013612 ], [ -60.714860127300234, -27.588030693277435 ], [ -60.713244879380134, -27.588052535711327 ] ] ] } },
{ "type": "Feature", "properties": { "ArcIds": [ 2318, -2393, -2400, -2401, -2382, -2348, -2314 ], "AREA": 63658.375, "PERIMETER": 999.594, "CODLOC": "030", "NOMMUNI": "VILLA ANGELA", "NOMLOC": "VILLA ANGELA", "FRAC": "07", "RADIO": "15", "MZA": "001", "MZATXT": 1, "UGEO": "", "MZAM": "0014", "TMZA": 18, "DEPTO10": "098", "FRAC10": "07", "RADIO10": "18", "MZA10": "014", "CEN2010": "0980718014", "LINK2010": "220980718014", "DF": "09807", "TFRAC": 4624, "DFR": "0980715", "TRADIO": 309, "DFRM": "0980715001", "FRACN": 7, "RADION": 15 }, "geometry": { "type": "Polygon", "coordinates": [ [ [ -60.711999109402107, -27.588045393734522 ], [ -60.71075354296525, -27.588069822925473 ], [ -60.710732846587355, -27.590357468410041 ], [ -60.712439687160753, -27.590398351526115 ], [ -60.713284621388844, -27.590281215544675 ], [ -60.713251886177282, -27.5891353584284 ], [ -60.713244879380134, -27.588052535711327 ], [ -60.711999109402107, -27.588045393734522 ] ] ] } },
{ "type": "Feature", "properties": { "ArcIds": [ 2320, 2322, -2352, -2384, -2398, -2399, 2393 ], "AREA": 51303.5, "PERIMETER": 907.75, "CODLOC": "030", "NOMMUNI": "VILLA ANGELA", "NOMLOC": "VILLA ANGELA", "FRAC": "07", "RADIO": "15", "MZA": "002", "MZATXT": 2, "UGEO": "", "MZAM": "0015", "TMZA": 0, "DEPTO10": "098", "FRAC10": "07", "RADIO10": "18", "MZA10": "015", "CEN2010": "0980718015", "LINK2010": "220980718015", "DF": "09807", "TFRAC": 4624, "DFR": "0980715", "TRADIO": 309, "DFRM": "0980715002", "FRACN": 7, "RADION": 15 }, "geometry": { "type": "Polygon", "coordinates": [ [ [ -60.71075354296525, -27.588069822925473 ], [ -60.709563880325263, -27.588125538666983 ], [ -60.708647456263328, -27.588148266554114 ], [ -60.708669551335703, -27.589221989271099 ], [ -60.708646159395109, -27.590309479727331 ], [ -60.709578461064723, -27.590390444445962 ], [ -60.710732846587355, -27.590357468410041 ], [ -60.71075354296525, -27.588069822925473 ] ] ] } },
{ "type": "Feature", "properties": { "ArcIds": [ 2324, -2353, -2354, 2352 ], "AREA": 11241.25, "PERIMETER": 426.547, "CODLOC": "030", "NOMMUNI": "VILLA ANGELA", "NOMLOC": "VILLA ANGELA", "FRAC": "07", "RADIO": "11", "MZA": "015", "MZATXT": 15, "UGEO": "", "MZAM": "0016", "TMZA": 26, "DEPTO10": "098", "FRAC10": "07", "RADIO10": "18", "MZA10": "016", "CEN2010": "0980718016", "LINK2010": "220980718016", "DF": "09807", "TFRAC": 4624, "DFR": "0980711", "TRADIO": 358, "DFRM": "0980711015", "FRACN": 7, "RADION": 11 }, "geometry": { "type": "Polygon", "coordinates": [ [ [ -60.708647456263328, -27.588148266554114 ], [ -60.70768039407136, -27.588171246498124 ], [ -60.707707427670442, -27.589226896666116 ], [ -60.708669551335703, -27.589221989271099 ], [ -60.708647456263328, -27.588148266554114 ] ] ] } },
{ "type": "Feature", "properties": { "ArcIds": [ 2326, 2355, -2356, 2353 ], "AREA": 11823.875, "PERIMETER": 436.589, "CODLOC": "030", "NOMMUNI": "VILLA ANGELA", "NOMLOC": "VILLA ANGELA", "FRAC": "07", "RADIO": "11", "MZA": "016", "MZATXT": 16, "UGEO": "", "MZAM": "0017", "TMZA": 11, "DEPTO10": "098", "FRAC10": "07", "RADIO10": "18", "MZA10": "017", "CEN2010": "0980718017", "LINK2010": "220980718017", "DF": "09807", "TFRAC": 4624, "DFR": "0980711", "TRADIO": 358, "DFRM": "0980711016", "FRACN": 7, "RADION": 11 }, "geometry": { "type": "Polygon", "coordinates": [ [ [ -60.70768039407136, -27.588171246498124 ], [ -60.706672734436445, -27.588180890593357 ], [ -60.706694868147679, -27.589263637514911 ], [ -60.707707427670442, -27.589226896666116 ], [ -60.70768039407136, -27.588171246498124 ] ] ] } },
{ "type": "Feature", "properties": { "ArcIds": [ 2328, 2357, -2358, -2355 ], "AREA": 15537.5, "PERIMETER": 499.06, "CODLOC": "030", "NOMMUNI": "VILLA ANGELA", "NOMLOC": "VILLA ANGELA", "FRAC": "07", "RADIO": "16", "MZA": "001", "MZATXT": 1, "UGEO": "", "MZAM": "", "TMZA": 27, "DEPTO10": "098", "FRAC10": "07", "RADIO10": "08", "MZA10": "018", "CEN2010": "0980708018", "LINK2010": "220980708018", "DF": "09807", "TFRAC": 4624, "DFR": "0980716", "TRADIO": 332, "DFRM": "0980716001", "FRACN": 7, "RADION": 16 }, "geometry": { "type": "Polygon", "coordinates": [ [ [ -60.706672734436445, -27.588180890593357 ], [ -60.70536139295713, -27.588214630021596 ], [ -60.705373328427996, -27.589288405302746 ], [ -60.706694868147679, -27.589263637514911 ], [ -60.706672734436445, -27.588180890593357 ] ] ] } },
{ "type": "Feature", "properties": { "ArcIds": [ 2335, 2504, -2505, -2503, -2502, -2500, -2454, -2396, -2362, -2332 ], "AREA": 210324.875, "PERIMETER": 1832.651, "CODLOC": "030", "NOMMUNI": "VILLA ANGELA", "NOMLOC": "VILLA ANGELA", "FRAC": "07", "RADIO": "10", "MZA": "009", "MZATXT": 9, "UGEO": "", "MZAM": "", "TMZA": 8, "DEPTO10": "098", "FRAC10": "07", "RADIO10": "19", "MZA10": "005", "CEN2010": "0980719005", "LINK2010": "220980719005", "DF": "09807", "TFRAC": 4624, "DFR": "0980710", "TRADIO": 195, "DFRM": "0980710009", "FRACN": 7, "RADION": 10 }, "geometry": { "type": "Polygon", "coordinates": [ [ [ -60.702510319404574, -27.588202012979504 ], [ -60.698424371036495, -27.588303840521544 ], [ -60.698508809055731, -27.592837893605193 ], [ -60.700590049098906, -27.592818382824159 ], [ -60.702610577455417, -27.59280817194222 ], [ -60.702701556474906, -27.592780639994448 ], [ -60.702703629420476, -27.59151729332471 ], [ -60.702681332578983, -27.590402962999008 ], [ -60.702649138913337, -27.58932477790669 ], [ -60.702612112428845, -27.588282712428633 ], [ -60.702510319404574, -27.588202012979504 ] ] ] } },
{ "type": "Feature", "properties": { "ArcIds": [ 2330, 2331, 2360, -2361, -2359, -2357 ], "AREA": 16303.375, "PERIMETER": 512.067, "CODLOC": "030", "NOMMUNI": "VILLA ANGELA", "NOMLOC": "VILLA ANGELA", "FRAC": "07", "RADIO": "16", "MZA": "002", "MZATXT": 2, "UGEO": "", "MZAM": "", "TMZA": 0, "DEPTO10": "098", "FRAC10": "07", "RADIO10": "08", "MZA10": "017", "CEN2010": "0980708017", "LINK2010": "220980708017", "DF": "09807", "TFRAC": 4624, "DFR": "0980716", "TRADIO": 332, "DFRM": "0980716002", "FRACN": 7, "RADION": 16 }, "geometry": { "type": "Polygon", "coordinates": [ [ [ -60.70536139295713, -27.588214630021596 ], [ -60.704434810265063, -27.588232869810849 ], [ -60.703958931364731, -27.588253330999084 ], [ -60.703975772924402, -27.589304522125612 ], [ -60.704694777186539, -27.589291850899837 ], [ -60.705373328427996, -27.589288405302746 ], [ -60.70536139295713, -27.588214630021596 ] ] ] } },
{ "type": "Feature", "properties": { "ArcIds": [ 2333, 2362, -2363, -2360 ], "AREA": 15316.0, "PERIMETER": 496.075, "CODLOC": "030", "NOMMUNI": "VILLA ANGELA", "NOMLOC": "VILLA ANGELA", "FRAC": "07", "RADIO": "16", "MZA": "003", "MZATXT": 3, "UGEO": "", "MZAM": "", "TMZA": 27, "DEPTO10": "098", "FRAC10": "07", "RADIO10": "08", "MZA10": "016", "CEN2010": "0980708016", "LINK2010": "220980708016", "DF": "09807", "TFRAC": 4624, "DFR": "0980716", "TRADIO": 332, "DFRM": "0980716003", "FRACN": 7, "RADION": 16 }, "geometry": { "type": "Polygon", "coordinates": [ [ [ -60.703958931364731, -27.588253330999084 ], [ -60.702612112428845, -27.588282712428633 ], [ -60.702649138913337, -27.58932477790669 ], [ -60.703975772924402, -27.589304522125612 ], [ -60.703958931364731, -27.588253330999084 ] ] ] } },
{ "type": "Feature", "properties": { "ArcIds": [ 2336, 2508, -2509, -2504 ], "AREA": 102151.633, "PERIMETER": 1411.718, "CODLOC": "030", "NOMMUNI": "VILLA ANGELA", "NOMLOC": "VILLA ANGELA", "FRAC": "07", "RADIO": "10", "MZA": "008", "MZATXT": 8, "UGEO": "", "MZAM": "", "TMZA": 5, "DEPTO10": "098", "FRAC10": "07", "RADIO10": "19", "MZA10": "006", "CEN2010": "0980719006", "LINK2010": "220980719006", "DF": "09807", "TFRAC": 4624, "DFR": "0980710", "TRADIO": 195, "DFRM": "0980710008", "FRACN": 7, "RADION": 10 }, "geometry": { "type": "Polygon", "coordinates": [ [ [ -60.698424371036495, -27.588303840521544 ], [ -60.696328080751968, -27.588332417020816 ], [ -60.696488392437963, -27.592866091903566 ], [ -60.698508809055731, -27.592837893605193 ], [ -60.698424371036495, -27.588303840521544 ] ] ] } },
{ "type": "Feature", "properties": { "ArcIds": [ 2338, 2506, -2507, -2508 ], "AREA": 106418.75, "PERIMETER": 1428.234, "CODLOC": "030", "NOMMUNI": "VILLA ANGELA", "NOMLOC": "VILLA ANGELA", "FRAC": "07", "RADIO": "10", "MZA": "007", "MZATXT": 7, "UGEO": "", "MZAM": "", "TMZA": 6, "DEPTO10": "098", "FRAC10": "07", "RADIO10": "19", "MZA10": "007", "CEN2010": "0980719007", "LINK2010": "220980719007", "DF": "09807", "TFRAC": 4624, "DFR": "0980710", "TRADIO": 195, "DFRM": "0980710007", "FRACN": 7, "RADION": 10 }, "geometry": { "type": "Polygon", "coordinates": [ [ [ -60.696328080751968, -27.588332417020816 ], [ -60.694206356062516, -27.58834304135976 ], [ -60.694315883780234, -27.59286795000455 ], [ -60.696488392437963, -27.592866091903566 ], [ -60.696328080751968, -27.588332417020816 ] ] ] } },
{ "type": "Feature", "properties": { "ArcIds": [ 2343, 2344, -2342, -2341 ], "AREA": 6842.875, "PERIMETER": 357.028, "CODLOC": "030", "NOMMUNI": "VILLA ANGELA", "NOMLOC": "VILLA ANGELA", "FRAC": "07", "RADIO": "13", "MZA": "004", "MZATXT": 4, "UGEO": "", "MZAM": "", "TMZA": 26, "DEPTO10": "098", "FRAC10": "07", "RADIO10": "17", "MZA10": "026", "CEN2010": "0980717026", "LINK2010": "220980717026", "DF": "09807", "TFRAC": 4624, "DFR": "0980713", "TRADIO": 268, "DFRM": "0980713004", "FRACN": 7, "RADION": 13 }, "geometry": { "type": "Polygon", "coordinates": [ [ [ -60.719683550526952, -27.588425383564253 ], [ -60.719686820426098, -27.588926188358471 ], [ -60.720927358366254, -27.588906216926222 ], [ -60.720929117081702, -27.588400874221374 ], [ -60.719683550526952, -27.588425383564253 ] ] ] } },
{ "type": "Feature", "properties": { "ArcIds": [ 2367, 2368, -2366, -2344 ], "AREA": 7595.875, "PERIMETER": 369.521, "CODLOC": "030", "NOMMUNI": "VILLA ANGELA", "NOMLOC": "VILLA ANGELA", "FRAC": "07", "RADIO": "13", "MZA": "005", "MZATXT": 5, "UGEO": "", "MZAM": "", "TMZA": 24, "DEPTO10": "098", "FRAC10": "07", "RADIO10": "17", "MZA10": "027", "CEN2010": "0980717027", "LINK2010": "220980717027", "DF": "09807", "TFRAC": 4624, "DFR": "0980713", "TRADIO": 268, "DFRM": "0980713005", "FRACN": 7, "RADION": 13 }, "geometry": { "type": "Polygon", "coordinates": [ [ [ -60.719686820426098, -27.588926188358471 ], [ -60.719690443926453, -27.589481134168924 ], [ -60.720941145231109, -27.58946562175273 ], [ -60.720927358366254, -27.588906216926222 ], [ -60.719686820426098, -27.588926188358471 ] ] ] } },
{ "type": "Feature", "properties": { "ArcIds": [ 2372, 2373, -2370, -2367, -2346 ], "AREA": 8299.375, "PERIMETER": 383.506, "CODLOC": "030", "NOMMUNI": "VILLA ANGELA", "NOMLOC": "VILLA ANGELA", "FRAC": "07", "RADIO": "13", "MZA": "006", "MZATXT": 6, "UGEO": "", "MZAM": "", "TMZA": 20, "DEPTO10": "098", "FRAC10": "07", "RADIO10": "17", "MZA10": "025", "CEN2010": "0980717025", "LINK2010": "220980717025", "DF": "09807", "TFRAC": 4624, "DFR": "0980713", "TRADIO": 268, "DFRM": "0980713006", "FRACN": 7, "RADION": 13 }, "geometry": { "type": "Polygon", "coordinates": [ [ [ -60.719023464879889, -27.588929625192598 ], [ -60.719020754235764, -27.590066639906809 ], [ -60.719694214833616, -27.590058638704573 ], [ -60.719690443926453, -27.589481134168924 ], [ -60.719686820426098, -27.588926188358471 ], [ -60.719023464879889, -27.588929625192598 ] ] ] } },
{ "type": "Feature", "properties": { "ArcIds": [ 2382, 2383, 2381, -2380, -2349 ], "AREA": 20319.625, "PERIMETER": 574.541, "CODLOC": "030", "NOMMUNI": "VILLA ANGELA", "NOMLOC": "VILLA ANGELA", "FRAC": "07", "RADIO": "14", "MZA": "004", "MZATXT": 4, "UGEO": "", "MZAM": "", "TMZA": 37, "DEPTO10": "098", "FRAC10": "07", "RADIO10": "17", "MZA10": "017", "CEN2010": "0980717017", "LINK2010": "220980717017", "DF": "09807", "TFRAC": 4624, "DFR": "0980714", "TRADIO": 288, "DFRM": "0980714004", "FRACN": 7, "RADION": 14 }, "geometry": { "type": "Polygon", "coordinates": [ [ [ -60.713251886177282, -27.5891353584284 ], [ -60.713284621388844, -27.590281215544675 ], [ -60.714322623122094, -27.590262343278997 ], [ -60.714899872677705, -27.590254860278346 ], [ -60.71489249820236, -27.589117897013612 ], [ -60.713251886177282, -27.5891353584284 ] ] ] } },
{ "type": "Feature", "properties": { "ArcIds": [ 2354, 2385, -2386, 2384 ], "AREA": 11222.375, "PERIMETER": 427.552, "CODLOC": "030", "NOMMUNI": "VILLA ANGELA", "NOMLOC": "VILLA ANGELA", "FRAC": "07", "RADIO": "11", "MZA": "018", "MZATXT": 18, "UGEO": "", "MZAM": "0019", "TMZA": 27, "DEPTO10": "098", "FRAC10": "07", "RADIO10": "18", "MZA10": "019", "CEN2010": "0980718019", "LINK2010": "220980718019", "DF": "09807", "TFRAC": 4624, "DFR": "0980711", "TRADIO": 358, "DFRM": "0980711018", "FRACN": 7, "RADION": 11 }, "geometry": { "type": "Polygon", "coordinates": [ [ [ -60.708669551335703, -27.589221989271099 ], [ -60.707707427670442, -27.589226896666116 ], [ -60.707729658909209, -27.590323178363054 ], [ -60.708646159395109, -27.590309479727331 ], [ -60.708669551335703, -27.589221989271099 ] ] ] } },
{ "type": "Feature", "properties": { "ArcIds": [ 2356, 2387, -2388, -2385 ], "AREA": 12041.375, "PERIMETER": 441.153, "CODLOC": "030", "NOMMUNI": "VILLA ANGELA", "NOMLOC": "VILLA ANGELA", "FRAC": "07", "RADIO": "11", "MZA": "017", "MZATXT": 17, "UGEO": "", "MZAM": "0018", "TMZA": 23, "DEPTO10": "098", "FRAC10": "07", "RADIO10": "18", "MZA10": "018", "CEN2010": "0980718018", "LINK2010": "220980718018", "DF": "09807", "TFRAC": 4624, "DFR": "0980711", "TRADIO": 358, "DFRM": "0980711017", "FRACN": 7, "RADION": 11 }, "geometry": { "type": "Polygon", "coordinates": [ [ [ -60.707707427670442, -27.589226896666116 ], [ -60.706694868147679, -27.589263637514911 ], [ -60.706732251991397, -27.590355330462383 ], [ -60.707729658909209, -27.590323178363054 ], [ -60.707707427670442, -27.589226896666116 ] ] ] } },
{ "type": "Feature", "properties": { "ArcIds": [ 2358, 2389, -2390, -2387 ], "AREA": 15722.5, "PERIMETER": 502.069, "CODLOC": "030", "NOMMUNI": "VILLA ANGELA", "NOMLOC": "VILLA ANGELA", "FRAC": "07", "RADIO": "16", "MZA": "007", "MZATXT": 7, "UGEO": "", "MZAM": "", "TMZA": 23, "DEPTO10": "098", "FRAC10": "07", "RADIO10": "08", "MZA10": "019", "CEN2010": "0980708019", "LINK2010": "220980708019", "DF": "09807", "TFRAC": 4624, "DFR": "0980716", "TRADIO": 332, "DFRM": "0980716007", "FRACN": 7, "RADION": 16 }, "geometry": { "type": "Polygon", "coordinates": [ [ [ -60.706694868147679, -27.589263637514911 ], [ -60.705373328427996, -27.589288405302746 ], [ -60.705400455970143, -27.590362103231417 ], [ -60.706732251991397, -27.590355330462383 ], [ -60.706694868147679, -27.589263637514911 ] ] ] } },
{ "type": "Feature", "properties": { "ArcIds": [ 2359, 2391, -2392, -2389 ], "AREA": 8139.0, "PERIMETER": 375.02, "CODLOC": "030", "NOMMUNI": "VILLA ANGELA", "NOMLOC": "VILLA ANGELA", "FRAC": "07", "RADIO": "16", "MZA": "006", "MZATXT": 6, "UGEO": "", "MZAM": "", "TMZA": 25, "DEPTO10": "098", "FRAC10": "07", "RADIO10": "08", "MZA10": "020", "CEN2010": "0980708020", "LINK2010": "220980708020", "DF": "09807", "TFRAC": 4624, "DFR": "0980716", "TRADIO": 332, "DFRM": "0980716006", "FRACN": 7, "RADION": 16 }, "geometry": { "type": "Polygon", "coordinates": [ [ [ -60.705373328427996, -27.589288405302746 ], [ -60.704694777186539, -27.589291850899837 ], [ -60.704696607644991, -27.590370189365057 ], [ -60.705400455970143, -27.590362103231417 ], [ -60.705373328427996, -27.589288405302746 ] ] ] } },
{ "type": "Feature", "properties": { "ArcIds": [ 2361, 2394, -2395, -2391 ], "AREA": 8507.25, "PERIMETER": 382.052, "CODLOC": "030", "NOMMUNI": "VILLA ANGELA", "NOMLOC": "VILLA ANGELA", "FRAC": "07", "RADIO": "16", "MZA": "005", "MZATXT": 5, "UGEO": "", "MZAM": "", "TMZA": 13, "DEPTO10": "098", "FRAC10": "07", "RADIO10": "08", "MZA10": "021", "CEN2010": "0980708021", "LINK2010": "220980708021", "DF": "09807", "TFRAC": 4624, "DFR": "0980716", "TRADIO": 332, "DFRM": "0980716005", "FRACN": 7, "RADION": 16 }, "geometry": { "type": "Polygon", "coordinates": [ [ [ -60.704694777186539, -27.589291850899837 ], [ -60.703975772924402, -27.589304522125612 ], [ -60.70398274667162, -27.590396370361447 ], [ -60.704696607644991, -27.590370189365057 ], [ -60.704694777186539, -27.589291850899837 ] ] ] } },
{ "type": "Feature", "properties": { "ArcIds": [ 2363, 2396, -2397, -2394 ], "AREA": 15603.375, "PERIMETER": 500.035, "CODLOC": "030", "NOMMUNI": "VILLA ANGELA", "NOMLOC": "VILLA ANGELA", "FRAC": "07", "RADIO": "16", "MZA": "004", "MZATXT": 4, "UGEO": "", "MZAM": "", "TMZA": 30, "DEPTO10": "098", "FRAC10": "07", "RADIO10": "08", "MZA10": "027", "CEN2010": "0980708027", "LINK2010": "220980708027", "DF": "09807", "TFRAC": 4624, "DFR": "0980716", "TRADIO": 332, "DFRM": "0980716004", "FRACN": 7, "RADION": 16 }, "geometry": { "type": "Polygon", "coordinates": [ [ [ -60.703975772924402, -27.589304522125612 ], [ -60.702649138913337, -27.58932477790669 ], [ -60.702681332578983, -27.590402962999008 ], [ -60.70398274667162, -27.590396370361447 ], [ -60.703975772924402, -27.589304522125612 ] ] ] } },
{ "type": "Feature", "properties": { "ArcIds": [ 2370, 2371, -2369, -2368 ], "AREA": 7918.625, "PERIMETER": 375.007, "CODLOC": "030", "NOMMUNI": "VILLA ANGELA", "NOMLOC": "VILLA ANGELA", "FRAC": "07", "RADIO": "13", "MZA": "007", "MZATXT": 7, "UGEO": "", "MZAM": "", "TMZA": 24, "DEPTO10": "098", "FRAC10": "07", "RADIO10": "17", "MZA10": "028", "CEN2010": "0980717028", "LINK2010": "220980717028", "DF": "09807", "TFRAC": 4624, "DFR": "0980713", "TRADIO": 268, "DFRM": "0980713007", "FRACN": 7, "RADION": 13 }, "geometry": { "type": "Polygon", "coordinates": [ [ [ -60.719690443926453, -27.589481134168924 ], [ -60.719694214833616, -27.590058638704573 ], [ -60.720939888368015, -27.590047664177515 ], [ -60.720941145231109, -27.58946562175273 ], [ -60.719690443926453, -27.589481134168924 ] ] ] } },
{ "type": "Feature", "properties": { "ArcIds": [ 2405, 2406, -2404, -2378, -2371 ], "AREA": 7319.5, "PERIMETER": 364.509, "CODLOC": "030", "NOMMUNI": "VILLA ANGELA", "NOMLOC": "VILLA ANGELA", "FRAC": "07", "RADIO": "13", "MZA": "010", "MZATXT": 10, "UGEO": "", "MZAM": "", "TMZA": 20, "DEPTO10": "098", "FRAC10": "07", "RADIO10": "17", "MZA10": "031", "CEN2010": "0980717031", "LINK2010": "220980717031", "DF": "09807", "TFRAC": 4624, "DFR": "0980713", "TRADIO": 268, "DFRM": "0980713010", "FRACN": 7, "RADION": 13 }, "geometry": { "type": "Polygon", "coordinates": [ [ [ -60.719694214833616, -27.590058638704573 ], [ -60.719707848417592, -27.590595484910011 ], [ -60.720943429812529, -27.590589074487866 ], [ -60.720940773719867, -27.590183016759109 ], [ -60.720939888368015, -27.590047664177515 ], [ -60.719694214833616, -27.590058638704573 ] ] ] } },
{ "type": "Feature", "properties": { "ArcIds": [ 2407, 2426, 2462, 2463, -2459, -2457, -2424, -2405, -2373 ], "AREA": 12685.5, "PERIMETER": 510.028, "CODLOC": "030", "NOMMUNI": "VILLA ANGELA", "NOMLOC": "VILLA ANGELA", "FRAC": "07", "RADIO": "13", "MZA": "011", "MZATXT": 11, "UGEO": "", "MZAM": "", "TMZA": 14, "DEPTO10": "098", "FRAC10": "07", "RADIO10": "17", "MZA10": "032", "CEN2010": "0980717032", "LINK2010": "220980717032", "DF": "09807", "TFRAC": 4624, "DFR": "0980713", "TRADIO": 268, "DFRM": "0980713011", "FRACN": 7, "RADION": 13 }, "geometry": { "type": "Polygon", "coordinates": [ [ [ -60.719020754235764, -27.590066639906809 ], [ -60.719024345124176, -27.590617073953116 ], [ -60.719022548448706, -27.591117904887117 ], [ -60.719026787085042, -27.591767597428575 ], [ -60.719705292522576, -27.591755057997368 ], [ -60.719704762185621, -27.591673846445033 ], [ -60.719711118728547, -27.591096289544993 ], [ -60.719707848417592, -27.590595484910011 ], [ -60.719694214833616, -27.590058638704573 ], [ -60.719020754235764, -27.590066639906809 ] ] ] } },
{ "type": "Feature", "properties": { "ArcIds": [ 2408, 2409, -2407, -2374 ], "AREA": 7547.0, "PERIMETER": 370.522, "CODLOC": "030", "NOMMUNI": "VILLA ANGELA", "NOMLOC": "VILLA ANGELA", "FRAC": "07", "RADIO": "14", "MZA": "005", "MZATXT": 5, "UGEO": "", "MZAM": "", "TMZA": 24, "DEPTO10": "098", "FRAC10": "07", "RADIO10": "17", "MZA10": "033", "CEN2010": "0980717033", "LINK2010": "220980717033", "DF": "09807", "TFRAC": 4624, "DFR": "0980714", "TRADIO": 288, "DFRM": "0980714005", "FRACN": 7, "RADION": 14 }, "geometry": { "type": "Polygon", "coordinates": [ [ [ -60.717759976514785, -27.590091211025122 ], [ -60.71775843848318, -27.590632647889638 ], [ -60.719024345124176, -27.590617073953116 ], [ -60.719020754235764, -27.590066639906809 ], [ -60.717759976514785, -27.590091211025122 ] ] ] } },
{ "type": "Feature", "properties": { "ArcIds": [ 2410, 2411, -2408, -2375 ], "AREA": 2912.625, "PERIMETER": 217.015, "CODLOC": "030", "NOMMUNI": "VILLA ANGELA", "NOMLOC": "VILLA ANGELA", "FRAC": "07", "RADIO": "14", "MZA": "006", "MZATXT": 6, "UGEO": "", "MZAM": "", "TMZA": 14, "DEPTO10": "098", "FRAC10": "07", "RADIO10": "17", "MZA10": "034", "CEN2010": "0980717034", "LINK2010": "220980717034", "DF": "09807", "TFRAC": 4624, "DFR": "0980714", "TRADIO": 288, "DFRM": "0980714006", "FRACN": 7, "RADION": 14 }, "geometry": { "type": "Polygon", "coordinates": [ [ [ -60.717263779079076, -27.590102799116128 ], [ -60.717267273112739, -27.590639698103953 ], [ -60.71775843848318, -27.590632647889638 ], [ -60.717759976514785, -27.590091211025122 ], [ -60.717263779079076, -27.590102799116128 ] ] ] } },
{ "type": "Feature", "properties": { "ArcIds": [ 2415, 2416, -2414, -2377 ], "AREA": 3555.125, "PERIMETER": 238.502, "CODLOC": "030", "NOMMUNI": "VILLA ANGELA", "NOMLOC": "VILLA ANGELA", "FRAC": "07", "RADIO": "13", "MZA": "008", "MZATXT": 8, "UGEO": "", "MZAM": "", "TMZA": 12, "DEPTO10": "098", "FRAC10": "07", "RADIO10": "17", "MZA10": "029", "CEN2010": "0980717029", "LINK2010": "220980717029", "DF": "09807", "TFRAC": 4624, "DFR": "0980713", "TRADIO": 268, "DFRM": "0980713008", "FRACN": 7, "RADION": 13 }, "geometry": { "type": "Polygon", "coordinates": [ [ [ -60.722515627219337, -27.590174830302189 ], [ -60.722519176423063, -27.59071624041426 ], [ -60.723121746281549, -27.590708591429269 ], [ -60.723118223720093, -27.590171693139247 ], [ -60.722515627219337, -27.590174830302189 ] ] ] } },
{ "type": "Feature", "properties": { "ArcIds": [ 2404, 2417, 2418, -2415, -2379 ], "AREA": 9407.75, "PERIMETER": 432.003, "CODLOC": "030", "NOMMUNI": "VILLA ANGELA", "NOMLOC": "VILLA ANGELA", "FRAC": "07", "RADIO": "13", "MZA": "009", "MZATXT": 9, "UGEO": "", "MZAM": "", "TMZA": 20, "DEPTO10": "098", "FRAC10": "07", "RADIO10": "17", "MZA10": "030", "CEN2010": "0980717030", "LINK2010": "220980717030", "DF": "09807", "TFRAC": 4624, "DFR": "0980713", "TRADIO": 268, "DFRM": "0980713009", "FRACN": 7, "RADION": 13 }, "geometry": { "type": "Polygon", "coordinates": [ [ [ -60.720940773719867, -27.590183016759109 ], [ -60.720943429812529, -27.590589074487866 ], [ -60.720944374214426, -27.59073345056343 ], [ -60.722519176423063, -27.59071624041426 ], [ -60.722515627219337, -27.590174830302189 ], [ -60.720940773719867, -27.590183016759109 ] ] ] } },
{ "type": "Feature", "properties": { "ArcIds": [ -2383, 2431, 2432, -2421, -2381, 0, -2412, 0, -2413 ], "AREA": 15750.125, "PERIMETER": 516.139, "CODLOC": "030", "NOMMUNI": "VILLA ANGELA", "NOMLOC": "VILLA ANGELA", "FRAC": "07", "RADIO": "14", "MZA": "007", "MZATXT": 7, "UGEO": "", "MZAM": "", "TMZA": 46, "DEPTO10": "098", "FRAC10": "07", "RADIO10": "17", "MZA10": "018", "CEN2010": "0980717018", "LINK2010": "220980717018", "DF": "09807", "TFRAC": 4624, "DFR": "0980714", "TRADIO": 288, "DFRM": "0980714007", "FRACN": 7, "RADION": 14 }, "geometry": { "type": "Polygon", "coordinates": [ [ [ -60.713284621388844, -27.590281215544675 ], [ -60.714322623122094, -27.590262343278997 ], [ -60.714899872677705, -27.590254860278346 ], [ -60.714884972675748, -27.591080616353445 ], [ -60.713306120126404, -27.591255677626798 ], [ -60.713284621388844, -27.590281215544675 ] ] ] } },
{ "type": "Feature", "properties": { "ArcIds": [ 2401, 2483, -2486, -2487, -2431 ], "AREA": 20946.875, "PERIMETER": 660.498, "CODLOC": "030", "NOMMUNI": "VILLA ANGELA", "NOMLOC": "VILLA ANGELA", "FRAC": "07", "RADIO": "15", "MZA": "008", "MZATXT": 8, "UGEO": "", "MZAM": "0030", "TMZA": 50, "DEPTO10": "098", "FRAC10": "07", "RADIO10": "18", "MZA10": "030", "CEN2010": "0980718030", "LINK2010": "220980718030", "DF": "09807", "TFRAC": 4624, "DFR": "0980715", "TRADIO": 309, "DFRM": "0980715008", "FRACN": 7, "RADION": 15 }, "geometry": { "type": "Polygon", "coordinates": [ [ [ -60.713284621388844, -27.590281215544675 ], [ -60.712439687160753, -27.590398351526115 ], [ -60.712428221101852, -27.592541567572052 ], [ -60.713299367529409, -27.592559654062313 ], [ -60.713306120126404, -27.591255677626798 ], [ -60.713284621388844, -27.590281215544675 ] ] ] } },
{ "type": "Feature", "properties": { "ArcIds": [ 2398, 2438, -2439, 2433 ], "AREA": 10119.0, "PERIMETER": 405.626, "CODLOC": "030", "NOMMUNI": "VILLA ANGELA", "NOMLOC": "VILLA ANGELA", "FRAC": "07", "RADIO": "15", "MZA": "005", "MZATXT": 5, "UGEO": "", "MZAM": "0022", "TMZA": 16, "DEPTO10": "098", "FRAC10": "07", "RADIO10": "18", "MZA10": "022", "CEN2010": "0980718022", "LINK2010": "220980718022", "DF": "09807", "TFRAC": 4624, "DFR": "0980715", "TRADIO": 309, "DFRM": "0980715005", "FRACN": 7, "RADION": 15 }, "geometry": { "type": "Polygon", "coordinates": [ [ [ -60.709578461064723, -27.590390444445962 ], [ -60.708646159395109, -27.590309479727331 ], [ -60.708693574923437, -27.591383072863785 ], [ -60.709584619179076, -27.591346938295832 ], [ -60.709578461064723, -27.590390444445962 ] ] ] } },
{ "type": "Feature", "properties": { "ArcIds": [ 2386, -2440, -2441, -2438 ], "AREA": 11009.625, "PERIMETER": 423.655, "CODLOC": "030", "NOMMUNI": "VILLA ANGELA", "NOMLOC": "VILLA ANGELA", "FRAC": "07", "RADIO": "15", "MZA": "004", "MZATXT": 4, "UGEO": "", "MZAM": "0023", "TMZA": 29, "DEPTO10": "098", "FRAC10": "07", "RADIO10": "18", "MZA10": "023", "CEN2010": "0980718023", "LINK2010": "220980718023", "DF": "09807", "TFRAC": 4624, "DFR": "0980715", "TRADIO": 309, "DFRM": "0980715004", "FRACN": 7, "RADION": 15 }, "geometry": { "type": "Polygon", "coordinates": [ [ [ -60.708646159395109, -27.590309479727331 ], [ -60.707729658909209, -27.590323178363054 ], [ -60.707756954757997, -27.59141943406183 ], [ -60.708693574923437, -27.591383072863785 ], [ -60.708646159395109, -27.590309479727331 ] ] ] } },
{ "type": "Feature", "properties": { "ArcIds": [ 2388, 2442, -2443, 2440 ], "AREA": 11843.625, "PERIMETER": 437.593, "CODLOC": "030", "NOMMUNI": "VILLA ANGELA", "NOMLOC": "VILLA ANGELA", "FRAC": "07", "RADIO": "15", "MZA": "003", "MZATXT": 3, "UGEO": "", "MZAM": "0024", "TMZA": 36, "DEPTO10": "098", "FRAC10": "07", "RADIO10": "18", "MZA10": "024", "CEN2010": "0980718024", "LINK2010": "220980718024", "DF": "09807", "TFRAC": 4624, "DFR": "0980715", "TRADIO": 309, "DFRM": "0980715003", "FRACN": 7, "RADION": 15 }, "geometry": { "type": "Polygon", "coordinates": [ [ [ -60.707729658909209, -27.590323178363054 ], [ -60.706732251991397, -27.590355330462383 ], [ -60.706764486118985, -27.59143351369649 ], [ -60.707756954757997, -27.59141943406183 ], [ -60.707729658909209, -27.590323178363054 ] ] ] } },
{ "type": "Feature", "properties": { "ArcIds": [ 2390, 2448, -2449, -2442 ], "AREA": 15848.25, "PERIMETER": 504.067, "CODLOC": "030", "NOMMUNI": "VILLA ANGELA", "NOMLOC": "VILLA ANGELA", "FRAC": "07", "RADIO": "16", "MZA": "008", "MZATXT": 8, "UGEO": "", "MZAM": "", "TMZA": 24, "DEPTO10": "098", "FRAC10": "07", "RADIO10": "08", "MZA10": "024", "CEN2010": "0980708024", "LINK2010": "220980708024", "DF": "09807", "TFRAC": 4624, "DFR": "0980716", "TRADIO": 332, "DFRM": "0980716008", "FRACN": 7, "RADION": 16 }, "geometry": { "type": "Polygon", "coordinates": [ [ [ -60.706732251991397, -27.590355330462383 ], [ -60.705400455970143, -27.590362103231417 ], [ -60.705432792593484, -27.591458334085956 ], [ -60.706764486118985, -27.59143351369649 ], [ -60.706732251991397, -27.590355330462383 ] ] ] } },
{ "type": "Feature", "properties": { "ArcIds": [ 2392, 2395, 2450, -2451, -2448 ], "AREA": 16914.625, "PERIMETER": 520.613, "CODLOC": "030", "NOMMUNI": "VILLA ANGELA", "NOMLOC": "VILLA ANGELA", "FRAC": "07", "RADIO": "16", "MZA": "009", "MZATXT": 9, "UGEO": "", "MZAM": "", "TMZA": 30, "DEPTO10": "098", "FRAC10": "07", "RADIO10": "08", "MZA10": "023", "CEN2010": "0980708023", "LINK2010": "220980708023", "DF": "09807", "TFRAC": 4624, "DFR": "0980716", "TRADIO": 332, "DFRM": "0980716009", "FRACN": 7, "RADION": 16 }, "geometry": { "type": "Polygon", "coordinates": [ [ [ -60.705400455970143, -27.590362103231417 ], [ -60.704696607644991, -27.590370189365057 ], [ -60.70398274667162, -27.590396370361447 ], [ -60.704020017852947, -27.591474529051919 ], [ -60.705432792593484, -27.591458334085956 ], [ -60.705400455970143, -27.590362103231417 ] ] ] } },
{ "type": "Feature", "properties": { "ArcIds": [ 2400, -2420, -2435, -2468, -2479, -2482, -2483, 0, -2437 ], "AREA": 40140.25, "PERIMETER": 812.195, "CODLOC": "030", "NOMMUNI": "VILLA ANGELA", "NOMLOC": "VILLA ANGELA", "FRAC": "07", "RADIO": "15", "MZA": "007", "MZATXT": 7, "UGEO": "", "MZAM": "0020", "TMZA": 32, "DEPTO10": "098", "FRAC10": "07", "RADIO10": "18", "MZA10": "020", "CEN2010": "0980718020", "LINK2010": "220980718020", "DF": "09807", "TFRAC": 4624, "DFR": "0980715", "TRADIO": 309, "DFRM": "0980715007", "FRACN": 7, "RADION": 15 }, "geometry": { "type": "Polygon", "coordinates": [ [ [ -60.712439687160753, -27.590398351526115 ], [ -60.710732846587355, -27.590357468410041 ], [ -60.710725948323784, -27.590858325890636 ], [ -60.71071905005153, -27.591359183336206 ], [ -60.710722716059927, -27.591927665325841 ], [ -60.710726440368923, -27.592505170790975 ], [ -60.712428221101852, -27.592541567572052 ], [ -60.712439687160753, -27.590398351526115 ] ] ] } },
{ "type": "Feature", "properties": { "ArcIds": [ 2399, -2433, -2434, 2435, 2420, 0, -2419 ], "AREA": 12260.0, "PERIMETER": 443.075, "CODLOC": "030", "NOMMUNI": "VILLA ANGELA", "NOMLOC": "VILLA ANGELA", "FRAC": "07", "RADIO": "15", "MZA": "006", "MZATXT": 6, "UGEO": "", "MZAM": "0021", "TMZA": 26, "DEPTO10": "098", "FRAC10": "07", "RADIO10": "18", "MZA10": "021", "CEN2010": "0980718021", "LINK2010": "220980718021", "DF": "09807", "TFRAC": 4624, "DFR": "0980715", "TRADIO": 309, "DFRM": "0980715006", "FRACN": 7, "RADION": 15 }, "geometry": { "type": "Polygon", "coordinates": [ [ [ -60.710732846587355, -27.590357468410041 ], [ -60.709578461064723, -27.590390444445962 ], [ -60.709584619179076, -27.591346938295832 ], [ -60.71071905005153, -27.591359183336206 ], [ -60.710725948323784, -27.590858325890636 ], [ -60.710732846587355, -27.590357468410041 ] ] ] } },
{ "type": "Feature", "properties": { "ArcIds": [ 2397, 2454, -2455, -2450 ], "AREA": 15708.375, "PERIMETER": 501.608, "CODLOC": "030", "NOMMUNI": "VILLA ANGELA", "NOMLOC": "VILLA ANGELA", "FRAC": "07", "RADIO": "16", "MZA": "010", "MZATXT": 10, "UGEO": "", "MZAM": "", "TMZA": 34, "DEPTO10": "098", "FRAC10": "07", "RADIO10": "08", "MZA10": "022", "CEN2010": "0980708022", "LINK2010": "220980708022", "DF": "09807", "TFRAC": 4624, "DFR": "0980716", "TRADIO": 332, "DFRM": "0980716010", "FRACN": 7, "RADION": 16 }, "geometry": { "type": "Polygon", "coordinates": [ [ [ -60.70398274667162, -27.590396370361447 ], [ -60.702681332578983, -27.590402962999008 ], [ -60.702703629420476, -27.59151729332471 ], [ -60.704020017852947, -27.591474529051919 ], [ -60.70398274667162, -27.590396370361447 ] ] ] } },
{ "type": "Feature", "properties": { "ArcIds": [ 2424, 2425, -2423, -2417, -2406 ], "AREA": 6740.5, "PERIMETER": 354.501, "CODLOC": "030", "NOMMUNI": "VILLA ANGELA", "NOMLOC": "VILLA ANGELA", "FRAC": "07", "RADIO": "13", "MZA": "012", "MZATXT": 12, "UGEO": "", "MZAM": "", "TMZA": 20, "DEPTO10": "098", "FRAC10": "07", "RADIO10": "17", "MZA10": "037", "CEN2010": "0980717037", "LINK2010": "220980717037", "DF": "09807", "TFRAC": 4624, "DFR": "0980713", "TRADIO": 268, "DFRM": "0980713012", "FRACN": 7, "RADION": 13 }, "geometry": { "type": "Polygon", "coordinates": [ [ [ -60.719707848417592, -27.590595484910011 ], [ -60.719711118728547, -27.591096289544993 ], [ -60.720946676223498, -27.591085367234868 ], [ -60.720944374214426, -27.59073345056343 ], [ -60.720943429812529, -27.590589074487866 ], [ -60.719707848417592, -27.590595484910011 ] ] ] } },
{ "type": "Feature", "properties": { "ArcIds": [ 2427, 2428, -2426, -2409 ], "AREA": 6923.375, "PERIMETER": 360.51, "CODLOC": "030", "NOMMUNI": "VILLA ANGELA", "NOMLOC": "VILLA ANGELA", "FRAC": "07", "RADIO": "14", "MZA": "009", "MZATXT": 9, "UGEO": "", "MZAM": "", "TMZA": 24, "DEPTO10": "098", "FRAC10": "07", "RADIO10": "17", "MZA10": "036", "CEN2010": "0980717036", "LINK2010": "220980717036", "DF": "09807", "TFRAC": 4624, "DFR": "0980714", "TRADIO": 288, "DFRM": "0980714009", "FRACN": 7, "RADION": 14 }, "geometry": { "type": "Polygon", "coordinates": [ [ [ -60.71775843848318, -27.590632647889638 ], [ -60.717761699941732, -27.591133452736589 ], [ -60.719022548448706, -27.591117904887117 ], [ -60.719024345124176, -27.590617073953116 ], [ -60.71775843848318, -27.590632647889638 ] ] ] } },
{ "type": "Feature", "properties": { "ArcIds": [ 2429, 2430, -2427, -2411 ], "AREA": 2679.625, "PERIMETER": 207.503, "CODLOC": "030", "NOMMUNI": "VILLA ANGELA", "NOMLOC": "VILLA ANGELA", "FRAC": "07", "RADIO": "14", "MZA": "008", "MZATXT": 8, "UGEO": "", "MZAM": "", "TMZA": 14, "DEPTO10": "098", "FRAC10": "07", "RADIO10": "17", "MZA10": "035", "CEN2010": "0980717035", "LINK2010": "220980717035", "DF": "09807", "TFRAC": 4624, "DFR": "0980714", "TRADIO": 288, "DFRM": "0980714008", "FRACN": 7, "RADION": 14 }, "geometry": { "type": "Polygon", "coordinates": [ [ [ -60.717267273112739, -27.590639698103953 ], [ -60.717270502977762, -27.591135991248688 ], [ -60.717761699941732, -27.591133452736589 ], [ -60.71775843848318, -27.590632647889638 ], [ -60.717267273112739, -27.590639698103953 ] ] ] } },
{ "type": "Feature", "properties": { "ArcIds": [ 2475, 2476, -2474, -2452, -2416 ], "AREA": 10861.5, "PERIMETER": 487.029, "CODLOC": "030", "NOMMUNI": "VILLA ANGELA", "NOMLOC": "VILLA ANGELA", "FRAC": "07", "RADIO": "13", "MZA": "014", "MZATXT": 14, "UGEO": "", "MZAM": "", "TMZA": 11, "DEPTO10": "098", "FRAC10": "07", "RADIO10": "17", "MZA10": "038", "CEN2010": "0980717038", "LINK2010": "220980717038", "DF": "09807", "TFRAC": 4624, "DFR": "0980713", "TRADIO": 268, "DFRM": "0980713014", "FRACN": 7, "RADION": 13 }, "geometry": { "type": "Polygon", "coordinates": [ [ [ -60.722519176423063, -27.59071624041426 ], [ -60.722540277881023, -27.59239004703219 ], [ -60.723122541928241, -27.592373479788613 ], [ -60.723126364240855, -27.591412424418191 ], [ -60.723121746281549, -27.590708591429269 ], [ -60.722519176423063, -27.59071624041426 ] ] ] } },
{ "type": "Feature", "properties": { "ArcIds": [ 2423, 2456, 2471, -2473, 2477, 2478, -2475, -2418 ], "AREA": 31694.125, "PERIMETER": 927.548, "CODLOC": "030", "NOMMUNI": "VILLA ANGELA", "NOMLOC": "VILLA ANGELA", "FRAC": "07", "RADIO": "13", "MZA": "013", "MZATXT": 13, "UGEO": "", "MZAM": "", "TMZA": 5, "DEPTO10": "098", "FRAC10": "07", "RADIO10": "17", "MZA10": "039", "CEN2010": "0980717039", "LINK2010": "220980717039", "DF": "09807", "TFRAC": 4624, "DFR": "0980713", "TRADIO": 268, "DFRM": "0980713013", "FRACN": 7, "RADION": 13 }, "geometry": { "type": "Polygon", "coordinates": [ [ [ -60.720944374214426, -27.59073345056343 ], [ -60.720946676223498, -27.591085367234868 ], [ -60.720945183466263, -27.591631315511005 ], [ -60.720963975995801, -27.592181670310069 ], [ -60.71970317494651, -27.592206259521728 ], [ -60.719709535298293, -27.592404750381604 ], [ -60.722540277881023, -27.59239004703219 ], [ -60.722519176423063, -27.59071624041426 ], [ -60.720944374214426, -27.59073345056343 ] ] ] } },
{ "type": "Feature", "properties": { "ArcIds": [ 2488, -2489, -2480, -2469, 0, -2470 ], "AREA": 13782.625, "PERIMETER": 550.759, "CODLOC": "030", "NOMMUNI": "VILLA ANGELA", "NOMLOC": "VILLA ANGELA", "FRAC": "07", "RADIO": "14", "MZA": "012", "MZATXT": 12, "UGEO": "", "MZAM": "", "TMZA": 29, "DEPTO10": "098", "FRAC10": "07", "RADIO10": "17", "MZA10": "021", "CEN2010": "0980717021", "LINK2010": "220980717021", "DF": "09807", "TFRAC": 4624, "DFR": "0980714", "TRADIO": 288, "DFRM": "0980714012", "FRACN": 7, "RADION": 14 }, "geometry": { "type": "Polygon", "coordinates": [ [ [ -60.714884972675748, -27.591080616353445 ], [ -60.714582894633942, -27.591352885972352 ], [ -60.714280668894887, -27.591602596159895 ], [ -60.713867590737728, -27.591938601994745 ], [ -60.713299367529409, -27.592559654062313 ], [ -60.714950070596934, -27.592528603703176 ], [ -60.714932068953765, -27.592095553240526 ], [ -60.714884972675748, -27.591080616353445 ] ] ] } },
{ "type": "Feature", "properties": { "ArcIds": [ 2487, -2488, -2432 ], "AREA": 10573.75, "PERIMETER": 528.746, "CODLOC": "030", "NOMMUNI": "VILLA ANGELA", "NOMLOC": "VILLA ANGELA", "FRAC": "07", "RADIO": "14", "MZA": "011", "MZATXT": 11, "UGEO": "", "MZAM": "", "TMZA": 21, "DEPTO10": "098", "FRAC10": "07", "RADIO10": "17", "MZA10": "020", "CEN2010": "0980717020", "LINK2010": "220980717020", "DF": "09807", "TFRAC": 4624, "DFR": "0980714", "TRADIO": 288, "DFRM": "0980714011", "FRACN": 7, "RADION": 14 }, "geometry": { "type": "Polygon", "coordinates": [ [ [ -60.713306120126404, -27.591255677626798 ], [ -60.713299367529409, -27.592559654062313 ], [ -60.713867590737728, -27.591938601994745 ], [ -60.714280668894887, -27.591602596159895 ], [ -60.714582894633942, -27.591352885972352 ], [ -60.714884972675748, -27.591080616353445 ], [ -60.713306120126404, -27.591255677626798 ] ] ] } },
{ "type": "Feature", "properties": { "ArcIds": [ 2457, 2458, -2456, -2425 ], "AREA": 7608.375, "PERIMETER": 369.076, "CODLOC": "030", "NOMMUNI": "VILLA ANGELA", "NOMLOC": "VILLA ANGELA", "FRAC": "07", "RADIO": "13", "MZA": "015", "MZATXT": 15, "UGEO": "", "MZAM": "", "TMZA": 24, "DEPTO10": "098", "FRAC10": "07", "RADIO10": "17", "MZA10": "040", "CEN2010": "0980717040", "LINK2010": "220980717040", "DF": "09807", "TFRAC": 4624, "DFR": "0980713", "TRADIO": 268, "DFRM": "0980713015", "FRACN": 7, "RADION": 13 }, "geometry": { "type": "Polygon", "coordinates": [ [ [ -60.719711118728547, -27.591096289544993 ], [ -60.719704762185621, -27.591673846445033 ], [ -60.720945183466263, -27.591631315511005 ], [ -60.720946676223498, -27.591085367234868 ], [ -60.719711118728547, -27.591096289544993 ] ] ] } },
{ "type": "Feature", "properties": { "ArcIds": [ 2460, 2461, -2462, -2428 ], "AREA": 8888.375, "PERIMETER": 392.007, "CODLOC": "030", "NOMMUNI": "VILLA ANGELA", "NOMLOC": "VILLA ANGELA", "FRAC": "07", "RADIO": "14", "MZA": "010", "MZATXT": 10, "UGEO": "", "MZAM": "", "TMZA": 22, "DEPTO10": "098", "FRAC10": "07", "RADIO10": "17", "MZA10": "041", "CEN2010": "0980717041", "LINK2010": "220980717041", "DF": "09807", "TFRAC": 4624, "DFR": "0980714", "TRADIO": 288, "DFRM": "0980714010", "FRACN": 7, "RADION": 14 }, "geometry": { "type": "Polygon", "coordinates": [ [ [ -60.717761699941732, -27.591133452736589 ], [ -60.717760779081829, -27.591769636372035 ], [ -60.719026787085042, -27.591767597428575 ], [ -60.719022548448706, -27.591117904887117 ], [ -60.717761699941732, -27.591133452736589 ] ] ] } },
{ "type": "Feature", "properties": { "ArcIds": [ 2434, 2464, -2465, -2467, 2468, 0, -2466 ], "AREA": 7040.75, "PERIMETER": 349.054, "CODLOC": "030", "NOMMUNI": "VILLA ANGELA", "NOMLOC": "VILLA ANGELA", "FRAC": "07", "RADIO": "15", "MZA": "009", "MZATXT": 9, "UGEO": "", "MZAM": "0028", "TMZA": 15, "DEPTO10": "098", "FRAC10": "07", "RADIO10": "18", "MZA10": "028", "CEN2010": "0980718028", "LINK2010": "220980718028", "DF": "09807", "TFRAC": 4624, "DFR": "0980715", "TRADIO": 309, "DFRM": "0980715009", "FRACN": 7, "RADION": 15 }, "geometry": { "type": "Polygon", "coordinates": [ [ [ -60.71071905005153, -27.591359183336206 ], [ -60.709584619179076, -27.591346938295832 ], [ -60.709608593157881, -27.591924340423521 ], [ -60.710292252892643, -27.59192535636409 ], [ -60.710722716059927, -27.591927665325841 ], [ -60.71071905005153, -27.591359183336206 ] ] ] } },
{ "type": "Feature", "properties": { "ArcIds": [ 2439, -2490, -2491, -2484, -2464 ], "AREA": 12201.625, "PERIMETER": 451.749, "CODLOC": "030", "NOMMUNI": "VILLA ANGELA", "NOMLOC": "VILLA ANGELA", "FRAC": "07", "RADIO": "15", "MZA": "011", "MZATXT": 11, "UGEO": "", "MZAM": "0027", "TMZA": 17, "DEPTO10": "098", "FRAC10": "07", "RADIO10": "18", "MZA10": "027", "CEN2010": "0980718027", "LINK2010": "220980718027", "DF": "09807", "TFRAC": 4624, "DFR": "0980715", "TRADIO": 309, "DFRM": "0980715011", "FRACN": 7, "RADION": 15 }, "geometry": { "type": "Polygon", "coordinates": [ [ [ -60.709584619179076, -27.591346938295832 ], [ -60.708693574923437, -27.591383072863785 ], [ -60.708716716355745, -27.592619218531556 ], [ -60.709633032289389, -27.592573930691589 ], [ -60.709608593157881, -27.591924340423521 ], [ -60.709584619179076, -27.591346938295832 ] ] ] } },
{ "type": "Feature", "properties": { "ArcIds": [ 2516, 2517, -2515, -2445 ], "AREA": 413712.0, "PERIMETER": 2627.066, "CODLOC": "030", "NOMMUNI": "VILLA ANGELA", "NOMLOC": "VILLA ANGELA", "FRAC": "02", "RADIO": "01", "MZA": "002", "MZATXT": 2, "UGEO": "", "MZAM": "", "TMZA": 14, "DEPTO10": "098", "FRAC10": "02", "RADIO10": "01", "MZA10": "002", "CEN2010": "0980201002", "LINK2010": "220980201002", "DF": "09802", "TFRAC": 904, "DFR": "0980201", "TRADIO": 38, "DFRM": "0980201002", "FRACN": 2, "RADION": 1 }, "geometry": { "type": "Polygon", "coordinates": [ [ [ -60.746014691280429, -27.59123267019838 ], [ -60.746056737129798, -27.595947368456926 ], [ -60.754083163566783, -27.595885953029708 ], [ -60.753979823106363, -27.591144523701903 ], [ -60.746014691280429, -27.59123267019838 ] ] ] } },
{ "type": "Feature", "properties": { "ArcIds": [ 2441, -2492, -2493, 2490 ], "AREA": 12593.625, "PERIMETER": 457.083, "CODLOC": "030", "NOMMUNI": "VILLA ANGELA", "NOMLOC": "VILLA ANGELA", "FRAC": "07", "RADIO": "15", "MZA": "012", "MZATXT": 12, "UGEO": "", "MZAM": "0026", "TMZA": 26, "DEPTO10": "098", "FRAC10": "07", "RADIO10": "18", "MZA10": "026", "CEN2010": "0980718026", "LINK2010": "220980718026", "DF": "09807", "TFRAC": 4624, "DFR": "0980715", "TRADIO": 309, "DFRM": "0980715012", "FRACN": 7, "RADION": 15 }, "geometry": { "type": "Polygon", "coordinates": [ [ [ -60.708693574923437, -27.591383072863785 ], [ -60.707756954757997, -27.59141943406183 ], [ -60.70777487685838, -27.592633047072447 ], [ -60.708716716355745, -27.592619218531556 ], [ -60.708693574923437, -27.591383072863785 ] ] ] } },
{ "type": "Feature", "properties": { "ArcIds": [ 2443, 2494, -2495, 2492 ], "AREA": 13536.0, "PERIMETER": 472.987, "CODLOC": "030", "NOMMUNI": "VILLA ANGELA", "NOMLOC": "VILLA ANGELA", "FRAC": "07", "RADIO": "15", "MZA": "013", "MZATXT": 13, "UGEO": "", "MZAM": "0025", "TMZA": 32, "DEPTO10": "098", "FRAC10": "07", "RADIO10": "18", "MZA10": "025", "CEN2010": "0980718025", "LINK2010": "220980718025", "DF": "09807", "TFRAC": 4624, "DFR": "0980715", "TRADIO": 309, "DFRM": "0980715013", "FRACN": 7, "RADION": 15 }, "geometry": { "type": "Polygon", "coordinates": [ [ [ -60.707756954757997, -27.59141943406183 ], [ -60.706764486118985, -27.59143351369649 ], [ -60.706793017141948, -27.592723775481943 ], [ -60.70777487685838, -27.592633047072447 ], [ -60.707756954757997, -27.59141943406183 ] ] ] } },
{ "type": "Feature", "properties": { "ArcIds": [ 2449, 2496, -2497, -2494 ], "AREA": 18745.5, "PERIMETER": 548.033, "CODLOC": "030", "NOMMUNI": "VILLA ANGELA", "NOMLOC": "VILLA ANGELA", "FRAC": "07", "RADIO": "16", "MZA": "013", "MZATXT": 13, "UGEO": "", "MZAM": "", "TMZA": 27, "DEPTO10": "098", "FRAC10": "07", "RADIO10": "08", "MZA10": "025", "CEN2010": "0980708025", "LINK2010": "220980708025", "DF": "09807", "TFRAC": 4624, "DFR": "0980716", "TRADIO": 332, "DFRM": "0980716013", "FRACN": 7, "RADION": 16 }, "geometry": { "type": "Polygon", "coordinates": [ [ [ -60.706764486118985, -27.59143351369649 ], [ -60.705432792593484, -27.591458334085956 ], [ -60.705451064573154, -27.592730600830652 ], [ -60.706793017141948, -27.592723775481943 ], [ -60.706764486118985, -27.59143351369649 ] ] ] } },
{ "type": "Feature", "properties": { "ArcIds": [ -2453, 2474, 2518, 2568, 2569, -2565, -2516, -2447 ], "AREA": 2303383.5, "PERIMETER": 6556.558, "CODLOC": "030", "NOMMUNI": "VILLA ANGELA", "NOMLOC": "VILLA ANGELA", "FRAC": "02", "RADIO": "01", "MZA": "003", "MZATXT": 3, "UGEO": "", "MZAM": "", "TMZA": 20, "DEPTO10": "098", "FRAC10": "02", "RADIO10": "01", "MZA10": "003", "CEN2010": "0980201003", "LINK2010": "220980201003", "DF": "09802", "TFRAC": 904, "DFR": "0980201", "TRADIO": 38, "DFRM": "0980201003", "FRACN": 2, "RADION": 1 }, "geometry": { "type": "Polygon", "coordinates": [ [ [ -60.723126364240855, -27.591412424418191 ], [ -60.738636702520679, -27.591281142193786 ], [ -60.746014691280429, -27.59123267019838 ], [ -60.746056737129798, -27.595947368456926 ], [ -60.746091894023223, -27.600391387447523 ], [ -60.723202050160687, -27.600629843711321 ], [ -60.723162869776239, -27.596975409543784 ], [ -60.723122541928241, -27.592373479788613 ], [ -60.723126364240855, -27.591412424418191 ] ] ] } },
{ "type": "Feature", "properties": { "ArcIds": [ 2451, 2498, -2499, -2496 ], "AREA": 19635.5, "PERIMETER": 560.519, "CODLOC": "030", "NOMMUNI": "VILLA ANGELA", "NOMLOC": "VILLA ANGELA", "FRAC": "07", "RADIO": "16", "MZA": "012", "MZATXT": 12, "UGEO": "", "MZAM": "", "TMZA": 34, "DEPTO10": "098", "FRAC10": "07", "RADIO10": "08", "MZA10": "026", "CEN2010": "0980708026", "LINK2010": "220980708026", "DF": "09807", "TFRAC": 4624, "DFR": "0980716", "TRADIO": 332, "DFRM": "0980716012", "FRACN": 7, "RADION": 16 }, "geometry": { "type": "Polygon", "coordinates": [ [ [ -60.705432792593484, -27.591458334085956 ], [ -60.704020017852947, -27.591474529051919 ], [ -60.704043337508615, -27.592746770604041 ], [ -60.705451064573154, -27.592730600830652 ], [ -60.705432792593484, -27.591458334085956 ] ] ] } },
{ "type": "Feature", "properties": { "ArcIds": [ 2455, 2500, -2501, -2498 ], "AREA": 18441.5, "PERIMETER": 543.607, "CODLOC": "030", "NOMMUNI": "VILLA ANGELA", "NOMLOC": "VILLA ANGELA", "FRAC": "07", "RADIO": "16", "MZA": "011", "MZATXT": 11, "UGEO": "", "MZAM": "", "TMZA": 38, "DEPTO10": "098", "FRAC10": "07", "RADIO10": "08", "MZA10": "028", "CEN2010": "0980708028", "LINK2010": "220980708028", "DF": "09807", "TFRAC": 4624, "DFR": "0980716", "TRADIO": 332, "DFRM": "0980716011", "FRACN": 7, "RADION": 16 }, "geometry": { "type": "Polygon", "coordinates": [ [ [ -60.704020017852947, -27.591474529051919 ], [ -60.702703629420476, -27.59151729332471 ], [ -60.702701556474906, -27.592780639994448 ], [ -60.704043337508615, -27.592746770604041 ], [ -60.704020017852947, -27.591474529051919 ] ] ] } },
{ "type": "Feature", "properties": { "ArcIds": [ 2459, 2472, 2473, -2471, -2458 ], "AREA": 7409.25, "PERIMETER": 367.102, "CODLOC": "030", "NOMMUNI": "VILLA ANGELA", "NOMLOC": "VILLA ANGELA", "FRAC": "07", "RADIO": "13", "MZA": "016", "MZATXT": 16, "UGEO": "", "MZAM": "", "TMZA": 24, "DEPTO10": "098", "FRAC10": "07", "RADIO10": "17", "MZA10": "042", "CEN2010": "0980717042", "LINK2010": "220980717042", "DF": "09807", "TFRAC": 4624, "DFR": "0980713", "TRADIO": 268, "DFRM": "0980713016", "FRACN": 7, "RADION": 13 }, "geometry": { "type": "Polygon", "coordinates": [ [ [ -60.719704762185621, -27.591673846445033 ], [ -60.719705292522576, -27.591755057997368 ], [ -60.71970317494651, -27.592206259521728 ], [ -60.720963975995801, -27.592181670310069 ], [ -60.720945183466263, -27.591631315511005 ], [ -60.719704762185621, -27.591673846445033 ] ] ] } },
{ "type": "Feature", "properties": { "ArcIds": [ 2465, 2484, -2485, 2479, 2467 ], "AREA": 7421.25, "PERIMETER": 354.259, "CODLOC": "030", "NOMMUNI": "VILLA ANGELA", "NOMLOC": "VILLA ANGELA", "FRAC": "07", "RADIO": "15", "MZA": "010", "MZATXT": 10, "UGEO": "", "MZAM": "0031", "TMZA": 12, "DEPTO10": "098", "FRAC10": "07", "RADIO10": "18", "MZA10": "031", "CEN2010": "0980718031", "LINK2010": "220980718031", "DF": "09807", "TFRAC": 4624, "DFR": "0980715", "TRADIO": 309, "DFRM": "0980715010", "FRACN": 7, "RADION": 15 }, "geometry": { "type": "Polygon", "coordinates": [ [ [ -60.710292252892643, -27.59192535636409 ], [ -60.709608593157881, -27.591924340423521 ], [ -60.709633032289389, -27.592573930691589 ], [ -60.710726440368923, -27.592505170790975 ], [ -60.710722716059927, -27.591927665325841 ], [ -60.710292252892643, -27.59192535636409 ] ] ] } },
{ "type": "Feature", "properties": { "ArcIds": [ -2478, -2481, 2519, 2520, -2518, -2476 ], "AREA": 411723.625, "PERIMETER": 2630.247, "CODLOC": "030", "NOMMUNI": "VILLA ANGELA", "NOMLOC": "VILLA ANGELA", "FRAC": "02", "RADIO": "01", "MZA": "004", "MZATXT": 4, "UGEO": "", "MZAM": "", "TMZA": 1, "DEPTO10": "098", "FRAC10": "02", "RADIO10": "01", "MZA10": "004", "CEN2010": "0980201004", "LINK2010": "220980201004", "DF": "09802", "TFRAC": 904, "DFR": "0980201", "TRADIO": 38, "DFRM": "0980201004", "FRACN": 2, "RADION": 1 }, "geometry": { "type": "Polygon", "coordinates": [ [ [ -60.719709535298293, -27.592404750381604 ], [ -60.722540277881023, -27.59239004703219 ], [ -60.723122541928241, -27.592373479788613 ], [ -60.723162869776239, -27.596975409543784 ], [ -60.7150203838181, -27.597121362213009 ], [ -60.714950070596934, -27.592528603703176 ], [ -60.719709535298293, -27.592404750381604 ] ] ] } },
{ "type": "Feature", "properties": { "ArcIds": [ 2482, 2485, 2491, 2493, 2495, 2521, 2538, 2543, 2548, 2560, 2585, -2586, -2583, -2519, 2489, 2486 ], "AREA": 1224870.25, "PERIMETER": 4644.134, "CODLOC": "030", "NOMMUNI": "VILLA ANGELA", "NOMLOC": "VILLA ANGELA", "FRAC": "02", "RADIO": "01", "MZA": "007", "MZATXT": 7, "UGEO": "", "MZAM": "", "TMZA": 2, "DEPTO10": "098", "FRAC10": "02", "RADIO10": "01", "MZA10": "007", "CEN2010": "0980201007", "LINK2010": "220980201007", "DF": "09802", "TFRAC": 904, "DFR": "0980201", "TRADIO": 38, "DFRM": "0980201007", "FRACN": 2, "RADION": 1 }, "geometry": { "type": "Polygon", "coordinates": [ [ [ -60.712428221101852, -27.592541567572052 ], [ -60.710726440368923, -27.592505170790975 ], [ -60.709633032289389, -27.592573930691589 ], [ -60.708716716355745, -27.592619218531556 ], [ -60.70777487685838, -27.592633047072447 ], [ -60.706793017141948, -27.592723775481943 ], [ -60.706877893869759, -27.597271349408281 ], [ -60.70688145414416, -27.597826296102419 ], [ -60.706895866658826, -27.598493985202673 ], [ -60.706910800518727, -27.59924288592584 ], [ -60.706925937353411, -27.600023368884063 ], [ -60.70704273288851, -27.606384560663361 ], [ -60.715165783894463, -27.606257214419326 ], [ -60.7150203838181, -27.597121362213009 ], [ -60.714950070596934, -27.592528603703176 ], [ -60.713299367529409, -27.592559654062313 ], [ -60.712428221101852, -27.592541567572052 ] ] ] } },
{ "type": "Feature", "properties": { "ArcIds": [ 2497, 2499, 2501, 2502, 2524, -2525, -2523, -2522, -2521 ], "AREA": 209250.0, "PERIMETER": 1834.618, "CODLOC": "030", "NOMMUNI": "VILLA ANGELA", "NOMLOC": "VILLA ANGELA", "FRAC": "02", "RADIO": "16", "MZA": "001", "MZATXT": 1, "UGEO": "", "MZAM": "", "TMZA": 2, "DEPTO10": "098", "FRAC10": "02", "RADIO10": "01", "MZA10": "009", "CEN2010": "0980201009", "LINK2010": "220980201009", "DF": "09802", "TFRAC": 904, "DFR": "0980216", "TRADIO": 173, "DFRM": "0980216001", "FRACN": 2, "RADION": 16 }, "geometry": { "type": "Polygon", "coordinates": [ [ [ -60.706793017141948, -27.592723775481943 ], [ -60.705451064573154, -27.592730600830652 ], [ -60.704043337508615, -27.592746770604041 ], [ -60.702701556474906, -27.592780639994448 ], [ -60.702610577455417, -27.59280817194222 ], [ -60.702685095847613, -27.597346779329051 ], [ -60.704168787306436, -27.597321213400726 ], [ -60.705520808958951, -27.59729630087703 ], [ -60.706877893869759, -27.597271349408281 ], [ -60.706793017141948, -27.592723775481943 ] ] ] } },
{ "type": "Feature", "properties": { "ArcIds": [ 2503, 2526, -2527, -2524 ], "AREA": 100009.0, "PERIMETER": 1409.316, "CODLOC": "030", "NOMMUNI": "VILLA ANGELA", "NOMLOC": "VILLA ANGELA", "FRAC": "07", "RADIO": "10", "MZA": "010", "MZATXT": 10, "UGEO": "", "MZAM": "", "TMZA": 11, "DEPTO10": "098", "FRAC10": "07", "RADIO10": "19", "MZA10": "001", "CEN2010": "0980719001", "LINK2010": "220980719001", "DF": "09807", "TFRAC": 4624, "DFR": "0980710", "TRADIO": 195, "DFRM": "0980710010", "FRACN": 7, "RADION": 10 }, "geometry": { "type": "Polygon", "coordinates": [ [ [ -60.702610577455417, -27.59280817194222 ], [ -60.700590049098906, -27.592818382824159 ], [ -60.700715642681104, -27.59743794903849 ], [ -60.702685095847613, -27.597346779329051 ], [ -60.702610577455417, -27.59280817194222 ] ] ] } },
{ "type": "Feature", "properties": { "ArcIds": [ 2505, 2528, -2529, -2526 ], "AREA": 105245.75, "PERIMETER": 1434.67, "CODLOC": "030", "NOMMUNI": "VILLA ANGELA", "NOMLOC": "VILLA ANGELA", "FRAC": "07", "RADIO": "10", "MZA": "011", "MZATXT": 11, "UGEO": "", "MZAM": "", "TMZA": 9, "DEPTO10": "098", "FRAC10": "07", "RADIO10": "19", "MZA10": "002", "CEN2010": "0980719002", "LINK2010": "220980719002", "DF": "09807", "TFRAC": 4624, "DFR": "0980710", "TRADIO": 195, "DFRM": "0980710011", "FRACN": 7, "RADION": 10 }, "geometry": { "type": "Polygon", "coordinates": [ [ [ -60.700590049098906, -27.592818382824159 ], [ -60.698508809055731, -27.592837893605193 ], [ -60.69862919405324, -27.597448465253748 ], [ -60.700715642681104, -27.59743794903849 ], [ -60.700590049098906, -27.592818382824159 ] ] ] } },
{ "type": "Feature", "properties": { "ArcIds": [ 2509, 2530, -2531, -2528 ], "AREA": 100608.75, "PERIMETER": 1414.768, "CODLOC": "030", "NOMMUNI": "VILLA ANGELA", "NOMLOC": "VILLA ANGELA", "FRAC": "07", "RADIO": "10", "MZA": "012", "MZATXT": 12, "UGEO": "", "MZAM": "", "TMZA": 12, "DEPTO10": "098", "FRAC10": "07", "RADIO10": "19", "MZA10": "003", "CEN2010": "0980719003", "LINK2010": "220980719003", "DF": "09807", "TFRAC": 4624, "DFR": "0980710", "TRADIO": 195, "DFRM": "0980710012", "FRACN": 7, "RADION": 10 }, "geometry": { "type": "Polygon", "coordinates": [ [ [ -60.698508809055731, -27.592837893605193 ], [ -60.696488392437963, -27.592866091903566 ], [ -60.69665415669035, -27.597458391035676 ], [ -60.69862919405324, -27.597448465253748 ], [ -60.698508809055731, -27.592837893605193 ] ] ] } },
{ "type": "Feature", "properties": { "ArcIds": [ 2507, 2532, -2533, -2530 ], "AREA": 110857.5, "PERIMETER": 1457.861, "CODLOC": "030", "NOMMUNI": "VILLA ANGELA", "NOMLOC": "VILLA ANGELA", "FRAC": "07", "RADIO": "10", "MZA": "013", "MZATXT": 13, "UGEO": "", "MZAM": "", "TMZA": 15, "DEPTO10": "098", "FRAC10": "07", "RADIO10": "19", "MZA10": "004", "CEN2010": "0980719004", "LINK2010": "220980719004", "DF": "09807", "TFRAC": 4624, "DFR": "0980710", "TRADIO": 195, "DFRM": "0980710013", "FRACN": 7, "RADION": 10 }, "geometry": { "type": "Polygon", "coordinates": [ [ [ -60.696488392437963, -27.592866091903566 ], [ -60.694315883780234, -27.59286795000455 ], [ -60.694446506242222, -27.59752359557482 ], [ -60.69665415669035, -27.597458391035676 ], [ -60.696488392437963, -27.592866091903566 ] ] ] } },
{ "type": "Feature", "properties": { "ArcIds": [ 2510, 2534, -2535, -2532 ], "AREA": 113956.883, "PERIMETER": 1472.664, "CODLOC": "030", "NOMMUNI": "VILLA ANGELA", "NOMLOC": "VILLA ANGELA", "FRAC": "07", "RADIO": "10", "MZA": "014", "MZATXT": 14, "UGEO": "", "MZAM": "", "TMZA": 13, "DEPTO10": "098", "FRAC10": "07", "RADIO10": "19", "MZA10": "010", "CEN2010": "0980719010", "LINK2010": "220980719010", "DF": "09807", "TFRAC": 4624, "DFR": "0980710", "TRADIO": 195, "DFRM": "0980710014", "FRACN": 7, "RADION": 10 }, "geometry": { "type": "Polygon", "coordinates": [ [ [ -60.694315883780234, -27.59286795000455 ], [ -60.692138621965405, -27.592919428923448 ], [ -60.692142433976265, -27.597557662406171 ], [ -60.694446506242222, -27.59752359557482 ], [ -60.694315883780234, -27.59286795000455 ] ] ] } },
{ "type": "Feature", "properties": { "ArcIds": [ 2514, 2536, -2537, -2534 ], "AREA": 108314.75, "PERIMETER": 1448.722, "CODLOC": "030", "NOMMUNI": "VILLA ANGELA", "NOMLOC": "VILLA ANGELA", "FRAC": "07", "RADIO": "10", "MZA": "015", "MZATXT": 15, "UGEO": "", "MZAM": "", "TMZA": 20, "DEPTO10": "098", "FRAC10": "07", "RADIO10": "19", "MZA10": "020", "CEN2010": "0980719020", "LINK2010": "220980719020", "DF": "09807", "TFRAC": 4624, "DFR": "0980710", "TRADIO": 195, "DFRM": "0980710015", "FRACN": 7, "RADION": 10 }, "geometry": { "type": "Polygon", "coordinates": [ [ [ -60.692138621965405, -27.592919428923448 ], [ -60.689936093817245, -27.592980023125453 ], [ -60.690071397970151, -27.597604068512101 ], [ -60.692142433976265, -27.597557662406171 ], [ -60.692138621965405, -27.592919428923448 ] ] ] } },
{ "type": "Feature", "properties": { "ArcIds": [ 2512, 2558, -2559, -2556, -2536 ], "AREA": 172014.875, "PERIMETER": 1982.832, "CODLOC": "030", "NOMMUNI": "VILLA ANGELA", "NOMLOC": "VILLA ANGELA", "FRAC": "07", "RADIO": "10", "MZA": "016", "MZATXT": 16, "UGEO": "", "MZAM": "", "TMZA": 0, "DEPTO10": "098", "FRAC10": "07", "RADIO10": "19", "MZA10": "015", "CEN2010": "0980719015", "LINK2010": "220980719015", "DF": "09807", "TFRAC": 4624, "DFR": "0980710", "TRADIO": 195, "DFRM": "0980710016", "FRACN": 7, "RADION": 10 }, "geometry": { "type": "Polygon", "coordinates": [ [ [ -60.689936093817245, -27.592980023125453 ], [ -60.687677267148494, -27.59294611091007 ], [ -60.687852331904239, -27.599898112901851 ], [ -60.6901362270644, -27.599868728868767 ], [ -60.690071397970151, -27.597604068512101 ], [ -60.689936093817245, -27.592980023125453 ] ] ] } },
{ "type": "Feature", "properties": { "ArcIds": [ 2565, 2566, -2567, -2517 ], "AREA": 394290.375, "PERIMETER": 2582.562, "CODLOC": "030", "NOMMUNI": "VILLA ANGELA", "NOMLOC": "VILLA ANGELA", "FRAC": "02", "RADIO": "01", "MZA": "005", "MZATXT": 5, "UGEO": "", "MZAM": "", "TMZA": 0, "DEPTO10": "098", "FRAC10": "02", "RADIO10": "01", "MZA10": "005", "CEN2010": "0980201005", "LINK2010": "220980201005", "DF": "09802", "TFRAC": 904, "DFR": "0980201", "TRADIO": 38, "DFRM": "0980201005", "FRACN": 2, "RADION": 1 }, "geometry": { "type": "Polygon", "coordinates": [ [ [ -60.746056737129798, -27.595947368456926 ], [ -60.746091894023223, -27.600391387447523 ], [ -60.754184850203366, -27.600383746436677 ], [ -60.754083163566783, -27.595885953029708 ], [ -60.746056737129798, -27.595947368456926 ] ] ] } },
{ "type": "Feature", "properties": { "ArcIds": [ 2583, 2584, 2582, -2568, -2520 ], "AREA": 812089.125, "PERIMETER": 3627.245, "CODLOC": "030", "NOMMUNI": "VILLA ANGELA", "NOMLOC": "VILLA ANGELA", "FRAC": "02", "RADIO": "01", "MZA": "006", "MZATXT": 6, "UGEO": "", "MZAM": "", "TMZA": 0, "DEPTO10": "098", "FRAC10": "02", "RADIO10": "01", "MZA10": "006", "CEN2010": "0980201006", "LINK2010": "220980201006", "DF": "09802", "TFRAC": 904, "DFR": "0980201", "TRADIO": 38, "DFRM": "0980201006", "FRACN": 2, "RADION": 1 }, "geometry": { "type": "Polygon", "coordinates": [ [ [ -60.7150203838181, -27.597121362213009 ], [ -60.715165783894463, -27.606257214419326 ], [ -60.720295849812388, -27.606176541801535 ], [ -60.723263274502358, -27.606097942851893 ], [ -60.723202050160687, -27.600629843711321 ], [ -60.723162869776239, -27.596975409543784 ], [ -60.7150203838181, -27.597121362213009 ] ] ] } },
{ "type": "Feature", "properties": { "ArcIds": [ 2522, 2539, -2540, -2538 ], "AREA": 8211.25, "PERIMETER": 390.038, "CODLOC": "030", "NOMMUNI": "VILLA ANGELA", "NOMLOC": "VILLA ANGELA", "FRAC": "02", "RADIO": "16", "MZA": "002", "MZATXT": 2, "UGEO": "", "MZAM": "", "TMZA": 25, "DEPTO10": "098", "FRAC10": "02", "RADIO10": "01", "MZA10": "010", "CEN2010": "0980201010", "LINK2010": "220980201010", "DF": "09802", "TFRAC": 904, "DFR": "0980216", "TRADIO": 173, "DFRM": "0980216002", "FRACN": 2, "RADION": 16 }, "geometry": { "type": "Polygon", "coordinates": [ [ [ -60.706877893869759, -27.597271349408281 ], [ -60.705520808958951, -27.59729630087703 ], [ -60.705534490818494, -27.597851196254279 ], [ -60.70688145414416, -27.597826296102419 ], [ -60.706877893869759, -27.597271349408281 ] ] ] } },
{ "type": "Feature", "properties": { "ArcIds": [ 2523, 2541, -2542, -2539 ], "AREA": 8309.25, "PERIMETER": 392.057, "CODLOC": "030", "NOMMUNI": "VILLA ANGELA", "NOMLOC": "VILLA ANGELA", "FRAC": "02", "RADIO": "16", "MZA": "003", "MZATXT": 3, "UGEO": "", "MZAM": "", "TMZA": 20, "DEPTO10": "098", "FRAC10": "02", "RADIO10": "01", "MZA10": "014", "CEN2010": "0980201014", "LINK2010": "220980201014", "DF": "09802", "TFRAC": 904, "DFR": "0980216", "TRADIO": 173, "DFRM": "0980216003", "FRACN": 2, "RADION": 16 }, "geometry": { "type": "Polygon", "coordinates": [ [ [ -60.705520808958951, -27.59729630087703 ], [ -60.704168787306436, -27.597321213400726 ], [ -60.704172391614051, -27.597885183943671 ], [ -60.705534490818494, -27.597851196254279 ], [ -60.705520808958951, -27.59729630087703 ] ] ] } },
{ "type": "Feature", "properties": { "ArcIds": [ 2525, 2576, 2587, -2588, -2585, 2562, 2570, 2572, -2571, -2563, -2551, -2546, -2541 ], "AREA": 318030.0, "PERIMETER": 3016.91, "CODLOC": "030", "NOMMUNI": "VILLA ANGELA", "NOMLOC": "VILLA ANGELA", "FRAC": "02", "RADIO": "16", "MZA": "004", "MZATXT": 4, "UGEO": "", "MZAM": "", "TMZA": 9, "DEPTO10": "098", "FRAC10": "02", "RADIO10": "01", "MZA10": "012", "CEN2010": "0980201012", "LINK2010": "220980201012", "DF": "09802", "TFRAC": 904, "DFR": "0980216", "TRADIO": 173, "DFRM": "0980216004", "FRACN": 2, "RADION": 16 }, "geometry": { "type": "Polygon", "coordinates": [ [ [ -60.704168787306436, -27.597321213400726 ], [ -60.702685095847613, -27.597346779329051 ], [ -60.70282039752265, -27.60188507590772 ], [ -60.702960923313782, -27.606445902347396 ], [ -60.70704273288851, -27.606384560663361 ], [ -60.706925937353411, -27.600023368884063 ], [ -60.705533512882191, -27.600071060444144 ], [ -60.705528440618856, -27.600860670129144 ], [ -60.704176375244757, -27.600885583531173 ], [ -60.704181457197429, -27.600095973717451 ], [ -60.704176381820652, -27.599301903434203 ], [ -60.704171623843571, -27.598557462460366 ], [ -60.704172391614051, -27.597885183943671 ], [ -60.704168787306436, -27.597321213400726 ] ] ] } },
{ "type": "Feature", "properties": { "ArcIds": [ 2527, 2573, -2575, -2576 ], "AREA": 98520.25, "PERIMETER": 1389.874, "CODLOC": "030", "NOMMUNI": "VILLA ANGELA", "NOMLOC": "VILLA ANGELA", "FRAC": "07", "RADIO": "10", "MZA": "022", "MZATXT": 22, "UGEO": "", "MZAM": "", "TMZA": 7, "DEPTO10": "098", "FRAC10": "07", "RADIO10": "19", "MZA10": "016", "CEN2010": "0980719016", "LINK2010": "220980719016", "DF": "09807", "TFRAC": 4624, "DFR": "0980710", "TRADIO": 195, "DFRM": "0980710022", "FRACN": 7, "RADION": 10 }, "geometry": { "type": "Polygon", "coordinates": [ [ [ -60.702685095847613, -27.597346779329051 ], [ -60.700715642681104, -27.59743794903849 ], [ -60.700769058109451, -27.60185484045568 ], [ -60.70282039752265, -27.60188507590772 ], [ -60.702685095847613, -27.597346779329051 ] ] ] } },
{ "type": "Feature", "properties": { "ArcIds": [ 2529, 2578, -2579, -2573 ], "AREA": 102652.25, "PERIMETER": 1401.063, "CODLOC": "030", "NOMMUNI": "VILLA ANGELA", "NOMLOC": "VILLA ANGELA", "FRAC": "07", "RADIO": "10", "MZA": "021", "MZATXT": 21, "UGEO": "", "MZAM": "", "TMZA": 3, "DEPTO10": "098", "FRAC10": "07", "RADIO10": "19", "MZA10": "017", "CEN2010": "0980719017", "LINK2010": "220980719017", "DF": "09807", "TFRAC": 4624, "DFR": "0980710", "TRADIO": 195, "DFRM": "0980710021", "FRACN": 7, "RADION": 10 }, "geometry": { "type": "Polygon", "coordinates": [ [ [ -60.700715642681104, -27.59743794903849 ], [ -60.69862919405324, -27.597448465253748 ], [ -60.698627074974254, -27.601906245325264 ], [ -60.700769058109451, -27.60185484045568 ], [ -60.700715642681104, -27.59743794903849 ] ] ] } },
{ "type": "Feature", "properties": { "ArcIds": [ 2531, 2574, -2577, -2578 ], "AREA": 93551.5, "PERIMETER": 1364.107, "CODLOC": "030", "NOMMUNI": "VILLA ANGELA", "NOMLOC": "VILLA ANGELA", "FRAC": "07", "RADIO": "10", "MZA": "020", "MZATXT": 20, "UGEO": "", "MZAM": "", "TMZA": 7, "DEPTO10": "098", "FRAC10": "07", "RADIO10": "19", "MZA10": "018", "CEN2010": "0980719018", "LINK2010": "220980719018", "DF": "09807", "TFRAC": 4624, "DFR": "0980710", "TRADIO": 195, "DFRM": "0980710020", "FRACN": 7, "RADION": 10 }, "geometry": { "type": "Polygon", "coordinates": [ [ [ -60.69862919405324, -27.597448465253748 ], [ -60.69665415669035, -27.597458391035676 ], [ -60.696747924563226, -27.601875083646117 ], [ -60.698627074974254, -27.601906245325264 ], [ -60.69862919405324, -27.597448465253748 ] ] ] } },
{ "type": "Feature", "properties": { "ArcIds": [ 2533, 2555, 2580, -2581, -2574 ], "AREA": 106086.0, "PERIMETER": 1411.747, "CODLOC": "030", "NOMMUNI": "VILLA ANGELA", "NOMLOC": "VILLA ANGELA", "FRAC": "07", "RADIO": "10", "MZA": "019", "MZATXT": 19, "UGEO": "", "MZAM": "", "TMZA": 3, "DEPTO10": "098", "FRAC10": "07", "RADIO10": "19", "MZA10": "019", "CEN2010": "0980719019", "LINK2010": "220980719019", "DF": "09807", "TFRAC": 4624, "DFR": "0980710", "TRADIO": 195, "DFRM": "0980710019", "FRACN": 7, "RADION": 10 }, "geometry": { "type": "Polygon", "coordinates": [ [ [ -60.69665415669035, -27.597458391035676 ], [ -60.694446506242222, -27.59752359557482 ], [ -60.694506616802983, -27.599828883552359 ], [ -60.694560358049209, -27.601926654585665 ], [ -60.696747924563226, -27.601875083646117 ], [ -60.69665415669035, -27.597458391035676 ] ] ] } },
{ "type": "Feature", "properties": { "ArcIds": [ 2535, 2553, -2554, -2555 ], "AREA": 58548.5, "PERIMETER": 969.058, "CODLOC": "030", "NOMMUNI": "VILLA ANGELA", "NOMLOC": "VILLA ANGELA", "FRAC": "07", "RADIO": "10", "MZA": "018", "MZATXT": 18, "UGEO": "", "MZAM": "", "TMZA": 3, "DEPTO10": "098", "FRAC10": "07", "RADIO10": "19", "MZA10": "021", "CEN2010": "0980719021", "LINK2010": "220980719021", "DF": "09807", "TFRAC": 4624, "DFR": "0980710", "TRADIO": 195, "DFRM": "0980710018", "FRACN": 7, "RADION": 10 }, "geometry": { "type": "Polygon", "coordinates": [ [ [ -60.694446506242222, -27.59752359557482 ], [ -60.692142433976265, -27.597557662406171 ], [ -60.692141554534551, -27.599836184647057 ], [ -60.694506616802983, -27.599828883552359 ], [ -60.694446506242222, -27.59752359557482 ] ] ] } },
{ "type": "Feature", "properties": { "ArcIds": [ 2537, 2556, -2557, -2553 ], "AREA": 50670.375, "PERIMETER": 906.109, "CODLOC": "030", "NOMMUNI": "VILLA ANGELA", "NOMLOC": "VILLA ANGELA", "FRAC": "07", "RADIO": "10", "MZA": "017", "MZATXT": 17, "UGEO": "", "MZAM": "", "TMZA": 8, "DEPTO10": "098", "FRAC10": "07", "RADIO10": "19", "MZA10": "022", "CEN2010": "0980719022", "LINK2010": "220980719022", "DF": "09807", "TFRAC": 4624, "DFR": "0980710", "TRADIO": 195, "DFRM": "0980710017", "FRACN": 7, "RADION": 10 }, "geometry": { "type": "Polygon", "coordinates": [ [ [ -60.692142433976265, -27.597557662406171 ], [ -60.690071397970151, -27.597604068512101 ], [ -60.6901362270644, -27.599868728868767 ], [ -60.692141554534551, -27.599836184647057 ], [ -60.692142433976265, -27.597557662406171 ] ] ] } },
{ "type": "Feature", "properties": { "ArcIds": [ 2540, 2544, -2545, -2543 ], "AREA": 9913.5, "PERIMETER": 415.545, "CODLOC": "030", "NOMMUNI": "VILLA ANGELA", "NOMLOC": "VILLA ANGELA", "FRAC": "02", "RADIO": "16", "MZA": "006", "MZATXT": 6, "UGEO": "", "MZAM": "", "TMZA": 21, "DEPTO10": "098", "FRAC10": "02", "RADIO10": "01", "MZA10": "011", "CEN2010": "0980201011", "LINK2010": "220980201011", "DF": "09802", "TFRAC": 904, "DFR": "0980216", "TRADIO": 173, "DFRM": "0980216006", "FRACN": 2, "RADION": 16 }, "geometry": { "type": "Polygon", "coordinates": [ [ [ -60.70688145414416, -27.597826296102419 ], [ -60.705534490818494, -27.597851196254279 ], [ -60.70553879559418, -27.598523448886866 ], [ -60.706895866658826, -27.598493985202673 ], [ -60.70688145414416, -27.597826296102419 ] ] ] } },
{ "type": "Feature", "properties": { "ArcIds": [ 2542, 2546, -2547, -2544 ], "AREA": 10038.125, "PERIMETER": 418.568, "CODLOC": "030", "NOMMUNI": "VILLA ANGELA", "NOMLOC": "VILLA ANGELA", "FRAC": "02", "RADIO": "16", "MZA": "005", "MZATXT": 5, "UGEO": "", "MZAM": "", "TMZA": 20, "DEPTO10": "098", "FRAC10": "02", "RADIO10": "01", "MZA10": "015", "CEN2010": "0980201015", "LINK2010": "220980201015", "DF": "09802", "TFRAC": 904, "DFR": "0980216", "TRADIO": 173, "DFRM": "0980216005", "FRACN": 2, "RADION": 16 }, "geometry": { "type": "Polygon", "coordinates": [ [ [ -60.705534490818494, -27.597851196254279 ], [ -60.704172391614051, -27.597885183943671 ], [ -60.704171623843571, -27.598557462460366 ], [ -60.70553879559418, -27.598523448886866 ], [ -60.705534490818494, -27.597851196254279 ] ] ] } },
{ "type": "Feature", "properties": { "ArcIds": [ 2545, 2549, -2550, -2548 ], "AREA": 11151.125, "PERIMETER": 435.046, "CODLOC": "030", "NOMMUNI": "VILLA ANGELA", "NOMLOC": "VILLA ANGELA", "FRAC": "02", "RADIO": "16", "MZA": "007", "MZATXT": 7, "UGEO": "", "MZAM": "", "TMZA": 20, "DEPTO10": "098", "FRAC10": "02", "RADIO10": "01", "MZA10": "013", "CEN2010": "0980201013", "LINK2010": "220980201013", "DF": "09802", "TFRAC": 904, "DFR": "0980216", "TRADIO": 173, "DFRM": "0980216007", "FRACN": 2, "RADION": 16 }, "geometry": { "type": "Polygon", "coordinates": [ [ [ -60.706895866658826, -27.598493985202673 ], [ -60.70553879559418, -27.598523448886866 ], [ -60.705538498528504, -27.599267915385337 ], [ -60.706910800518727, -27.59924288592584 ], [ -60.706895866658826, -27.598493985202673 ] ] ] } },
{ "type": "Feature", "properties": { "ArcIds": [ 2547, 2551, -2552, -2549 ], "AREA": 11116.125, "PERIMETER": 434.568, "CODLOC": "030", "NOMMUNI": "VILLA ANGELA", "NOMLOC": "VILLA ANGELA", "FRAC": "02", "RADIO": "16", "MZA": "008", "MZATXT": 8, "UGEO": "", "MZAM": "", "TMZA": 20, "DEPTO10": "098", "FRAC10": "02", "RADIO10": "01", "MZA10": "016", "CEN2010": "0980201016", "LINK2010": "220980201016", "DF": "09802", "TFRAC": 904, "DFR": "0980216", "TRADIO": 173, "DFRM": "0980216008", "FRACN": 2, "RADION": 16 }, "geometry": { "type": "Polygon", "coordinates": [ [ [ -60.70553879559418, -27.598523448886866 ], [ -60.704171623843571, -27.598557462460366 ], [ -60.704176381820652, -27.599301903434203 ], [ -60.705538498528504, -27.599267915385337 ], [ -60.70553879559418, -27.598523448886866 ] ] ] } },
{ "type": "Feature", "properties": { "ArcIds": [ 2550, 2561, -2562, -2560 ], "AREA": 11977.875, "PERIMETER": 448.6, "CODLOC": "030", "NOMMUNI": "VILLA ANGELA", "NOMLOC": "VILLA ANGELA", "FRAC": "02", "RADIO": "16", "MZA": "010", "MZATXT": 10, "UGEO": "", "MZAM": "", "TMZA": 6, "DEPTO10": "098", "FRAC10": "02", "RADIO10": "01", "MZA10": "019", "CEN2010": "0980201019", "LINK2010": "220980201019", "DF": "09802", "TFRAC": 904, "DFR": "0980216", "TRADIO": 173, "DFRM": "0980216010", "FRACN": 2, "RADION": 16 }, "geometry": { "type": "Polygon", "coordinates": [ [ [ -60.706910800518727, -27.59924288592584 ], [ -60.705538498528504, -27.599267915385337 ], [ -60.705533512882191, -27.600071060444144 ], [ -60.706925937353411, -27.600023368884063 ], [ -60.706910800518727, -27.59924288592584 ] ] ] } },
{ "type": "Feature", "properties": { "ArcIds": [ 2552, 2563, -2564, -2561 ], "AREA": 11857.75, "PERIMETER": 445.054, "CODLOC": "030", "NOMMUNI": "VILLA ANGELA", "NOMLOC": "VILLA ANGELA", "FRAC": "02", "RADIO": "16", "MZA": "009", "MZATXT": 9, "UGEO": "", "MZAM": "", "TMZA": 20, "DEPTO10": "098", "FRAC10": "02", "RADIO10": "01", "MZA10": "017", "CEN2010": "0980201017", "LINK2010": "220980201017", "DF": "09802", "TFRAC": 904, "DFR": "0980216", "TRADIO": 173, "DFRM": "0980216009", "FRACN": 2, "RADION": 16 }, "geometry": { "type": "Polygon", "coordinates": [ [ [ -60.705538498528504, -27.599267915385337 ], [ -60.704176381820652, -27.599301903434203 ], [ -60.704181457197429, -27.600095973717451 ], [ -60.705533512882191, -27.600071060444144 ], [ -60.705538498528504, -27.599267915385337 ] ] ] } },
{ "type": "Feature", "properties": { "ArcIds": [ 2564, 2571, -2572, -2570 ], "AREA": 11679.25, "PERIMETER": 442.041, "CODLOC": "030", "NOMMUNI": "VILLA ANGELA", "NOMLOC": "VILLA ANGELA", "FRAC": "02", "RADIO": "16", "MZA": "011", "MZATXT": 11, "UGEO": "", "MZAM": "", "TMZA": 10, "DEPTO10": "098", "FRAC10": "02", "RADIO10": "01", "MZA10": "018", "CEN2010": "0980201018", "LINK2010": "220980201018", "DF": "09802", "TFRAC": 904, "DFR": "0980216", "TRADIO": 173, "DFRM": "0980216011", "FRACN": 2, "RADION": 16 }, "geometry": { "type": "Polygon", "coordinates": [ [ [ -60.705533512882191, -27.600071060444144 ], [ -60.704181457197429, -27.600095973717451 ], [ -60.704176375244757, -27.600885583531173 ], [ -60.705528440618856, -27.600860670129144 ], [ -60.705533512882191, -27.600071060444144 ] ] ] } }
]
}
