{
"type": "FeatureCollection",
"name": "radios_censo_va",
"crs": { "type": "name", "properties": { "name": "urn:ogc:def:crs:OGC:1.3:CRS84" } },
"features": [
{ "type": "Feature", "properties": { "ArcIds": "(5:-5950,6946,-6947,-6941,-5947)", "AREA": 45728088.0, "PERIMETER": 28204.555, "PAIS_22#": 1524, "PAIS_22-ID": 1525, "LINK": "220980205", "TIPO": "R", "Link2": "220980205R", "2022Total": 62, "2022Mujere": 27, "2022Varone": 35 }, "geometry": { "type": "MultiPolygon", "coordinates": [ [ [ [ -60.752399060415257, -27.463360967363769 ], [ -60.752830486677503, -27.509634136400457 ], [ -60.802773898280009, -27.509143579138307 ], [ -60.844623484458623, -27.508684471113682 ], [ -60.844388792591751, -27.495013975779855 ], [ -60.844271705741853, -27.479662799990436 ], [ -60.844237337652629, -27.462365291844815 ], [ -60.782700073082772, -27.463008979999554 ], [ -60.752399060415257, -27.463360967363769 ] ] ] ] } },
{ "type": "Feature", "properties": { "ArcIds": "(5:7065,7069,-7070,-6946,-5957)", "AREA": 24521978.0, "PERIMETER": 22175.205, "PAIS_22#": 1526, "PAIS_22-ID": 1527, "LINK": "220980204", "TIPO": "R", "Link2": "220980204R", "2022Total": 84, "2022Mujere": 40, "2022Varone": 44 }, "geometry": { "type": "MultiPolygon", "coordinates": [ [ [ [ -60.721996588386681, -27.4637159134295 ], [ -60.722586680862371, -27.536537229598963 ], [ -60.753225218875144, -27.536479518947409 ], [ -60.752830486677503, -27.509634136400457 ], [ -60.752399060415257, -27.463360967363769 ], [ -60.721996588386681, -27.4637159134295 ] ] ] ] } },
{ "type": "Feature", "properties": { "ArcIds": "(10:7302,-7303,7300,7225,7216,7177,-7107,-7066,-7065,-5981)", "AREA": 111496240.0, "PERIMETER": 45786.035, "PAIS_22#": 1530, "PAIS_22-ID": 1531, "LINK": "220980603", "TIPO": "R", "Link2": "220980603R", "2022Total": 147, "2022Mujere": 62, "2022Varone": 85 }, "geometry": { "type": "MultiPolygon", "coordinates": [ [ [ [ -60.620240113517369, -27.465319215454073 ], [ -60.620352940464599, -27.490750995052554 ], [ -60.620397362873831, -27.503958219263168 ], [ -60.620473996700198, -27.515506427111962 ], [ -60.620578448140961, -27.533055916272179 ], [ -60.620672682710278, -27.540335385827159 ], [ -60.620812003174102, -27.55562884786314 ], [ -60.62119835544771, -27.581085489072855 ], [ -60.687364134601815, -27.580011705529525 ], [ -60.687243806248162, -27.572595152833316 ], [ -60.687239662827892, -27.570978614353756 ], [ -60.68717637170483, -27.569383499606708 ], [ -60.687007650769068, -27.565136901818548 ], [ -60.686983362502659, -27.563140093896841 ], [ -60.686889673033441, -27.559516501077418 ], [ -60.686861116722106, -27.556832937716905 ], [ -60.686896108583532, -27.55483583434194 ], [ -60.688116852213668, -27.55478753164563 ], [ -60.687816611999082, -27.537038502594186 ], [ -60.700207722744267, -27.536868345014302 ], [ -60.70024194072532, -27.536656857049469 ], [ -60.70396253245687, -27.536469014493495 ], [ -60.722586680862371, -27.536537229598963 ], [ -60.721996588386681, -27.4637159134295 ], [ -60.620240113517369, -27.465319215454073 ] ] ] ] } },
{ "type": "Feature", "properties": { "ArcIds": "(5:6947,7070,7148,7149,-7146)", "AREA": 54413748.0, "PERIMETER": 30115.611, "PAIS_22#": 1761, "PAIS_22-ID": 1762, "LINK": "220980206", "TIPO": "R", "Link2": "220980206R", "2022Total": 56, "2022Mujere": 25, "2022Varone": 31 }, "geometry": { "type": "MultiPolygon", "coordinates": [ [ [ [ -60.844623484458623, -27.508684471113682 ], [ -60.802773898280009, -27.509143579138307 ], [ -60.752830486677503, -27.509634136400457 ], [ -60.753225218875144, -27.536479518947409 ], [ -60.75379715391017, -27.563830986401957 ], [ -60.845292572205139, -27.562739152780207 ], [ -60.844623484458623, -27.508684471113682 ] ] ] ] } },
{ "type": "Feature", "properties": { "ArcIds": "(13:-7098,7109,7110,-7151,7152,7150,-7203,-7248,-7349,-7366,-7367,-7148,-7069)", "AREA": 11026313.0, "PERIMETER": 17983.34, "PAIS_22#": 1785, "PAIS_22-ID": 1786, "LINK": "220980202", "TIPO": "M", "Link2": "220980202M", "2022Total": 423, "2022Mujere": 184, "2022Varone": 239 }, "geometry": { "type": "MultiPolygon", "coordinates": [ [ [ [ -60.722775303817748, -27.551323002556135 ], [ -60.724861567382852, -27.551306853626208 ], [ -60.724865313414227, -27.551877383290108 ], [ -60.724839493712032, -27.552458632846385 ], [ -60.724855198022787, -27.553044948629971 ], [ -60.724853294696359, -27.553657770512832 ], [ -60.724873266304108, -27.554893855805258 ], [ -60.730296102556451, -27.554786219293327 ], [ -60.730338305778666, -27.561135049264713 ], [ -60.730339812525649, -27.562127663417627 ], [ -60.730346441828132, -27.563129274337197 ], [ -60.7303426774372, -27.56409033250004 ], [ -60.73158296172241, -27.564074782998304 ], [ -60.735430586885656, -27.564058980449325 ], [ -60.738305974300005, -27.564016658099852 ], [ -60.740700288698598, -27.563958794294109 ], [ -60.741479961190123, -27.563959147184153 ], [ -60.74225966392877, -27.563964007446106 ], [ -60.743150713654906, -27.563963755853315 ], [ -60.74568198701283, -27.563945680719211 ], [ -60.745703361681223, -27.570104317810546 ], [ -60.745728921279067, -27.572387203707848 ], [ -60.745772446269214, -27.57358262411908 ], [ -60.745790595993931, -27.574769156754943 ], [ -60.745798070918852, -27.575874532298602 ], [ -60.745810273834103, -27.576930251380933 ], [ -60.745822690836562, -27.578017552444404 ], [ -60.745840720953694, -27.579186037359658 ], [ -60.745845307015607, -27.582109722185617 ], [ -60.745947913103436, -27.586797029773418 ], [ -60.753978911228771, -27.590350519313144 ], [ -60.75379715391017, -27.563830986401957 ], [ -60.753225218875144, -27.536479518947409 ], [ -60.722586680862371, -27.536537229598963 ], [ -60.722775303817748, -27.551323002556135 ] ] ] ] } },
{ "type": "Feature", "properties": { "ArcIds": "(11:7066,7107,-7177,7178,7108,-7106,-7105,7104,7103,7102,7098)", "AREA": 7618501.0, "PERIMETER": 13631.979, "PAIS_22#": 1786, "PAIS_22-ID": 1787, "LINK": "220980203", "TIPO": "R", "Link2": "220980203R", "2022Total": 79, "2022Mujere": 44, "2022Varone": 35 }, "geometry": { "type": "MultiPolygon", "coordinates": [ [ [ [ -60.722586680862371, -27.536537229598963 ], [ -60.70396253245687, -27.536469014493495 ], [ -60.70024194072532, -27.536656857049469 ], [ -60.700207722744267, -27.536868345014302 ], [ -60.687816611999082, -27.537038502594186 ], [ -60.688116852213668, -27.55478753164563 ], [ -60.686896108583532, -27.55483583434194 ], [ -60.686861116722106, -27.556832937716905 ], [ -60.686889673033441, -27.559516501077418 ], [ -60.686983362502659, -27.563140093896841 ], [ -60.687007650769068, -27.565136901818548 ], [ -60.68717637170483, -27.569383499606708 ], [ -60.688334944366652, -27.565045805800935 ], [ -60.688680652743457, -27.563448663576018 ], [ -60.689724220980629, -27.559316741353019 ], [ -60.690873985370729, -27.554853729248098 ], [ -60.692949496471392, -27.554798813254369 ], [ -60.695105315881989, -27.554788046190936 ], [ -60.697046010289505, -27.554771637707173 ], [ -60.699036609502677, -27.554737118455584 ], [ -60.702635342349488, -27.554698906863166 ], [ -60.705191192193418, -27.55466812744837 ], [ -60.711214452708404, -27.554520504207506 ], [ -60.717324420716842, -27.554471050849603 ], [ -60.719911146839905, -27.55444865011092 ], [ -60.72276597117429, -27.554424091932752 ], [ -60.722775303817748, -27.551323002556135 ], [ -60.722586680862371, -27.536537229598963 ] ] ] ] } },
{ "type": "Feature", "properties": { "ArcIds": "(7:-7154,7155,7153,7151,-7110,-7109,-7102)", "AREA": 861888.625, "PERIMETER": 4402.31, "PAIS_22#": 1791, "PAIS_22-ID": 1792, "LINK": "220980214", "TIPO": "U", "Link2": "220980214U", "2022Total": 392, "2022Mujere": 209, "2022Varone": 183 }, "geometry": { "type": "MultiPolygon", "coordinates": [ [ [ [ -60.722855306279179, -27.564170098885395 ], [ -60.72350835745214, -27.564162187554139 ], [ -60.724141157897989, -27.564154378708817 ], [ -60.724758740632907, -27.564142134449931 ], [ -60.725391540737277, -27.56413431991275 ], [ -60.72655585805024, -27.564114699991386 ], [ -60.727755642901109, -27.564099396447897 ], [ -60.72907704956026, -27.564101492015986 ], [ -60.7303426774372, -27.56409033250004 ], [ -60.730346441828132, -27.563129274337197 ], [ -60.730339812525649, -27.562127663417627 ], [ -60.730338305778666, -27.561135049264713 ], [ -60.730296102556451, -27.554786219293327 ], [ -60.724873266304108, -27.554893855805258 ], [ -60.724853294696359, -27.553657770512832 ], [ -60.724855198022787, -27.553044948629971 ], [ -60.724839493712032, -27.552458632846385 ], [ -60.724865313414227, -27.551877383290108 ], [ -60.724861567382852, -27.551306853626208 ], [ -60.722775303817748, -27.551323002556135 ], [ -60.72276597117429, -27.554424091932752 ], [ -60.722786119236041, -27.559017842921335 ], [ -60.722843918529847, -27.563204606932779 ], [ -60.722855306279179, -27.564170098885395 ] ] ] ] } },
{ "type": "Feature", "properties": { "ArcIds": "(10:-7127,-7144,7145,-7170,7171,7169,7168,7167,7154,-7103)", "AREA": 1211312.5, "PERIMETER": 4642.898, "PAIS_22#": 1793, "PAIS_22-ID": 1794, "LINK": "220980101", "TIPO": "U", "Link2": "220980101U", "2022Total": 778, "2022Mujere": 393, "2022Varone": 385 }, "geometry": { "type": "MultiPolygon", "coordinates": [ [ [ [ -60.711374446486865, -27.560493483189344 ], [ -60.711384104290403, -27.561206318654666 ], [ -60.711380756103772, -27.562257615317453 ], [ -60.711377233568818, -27.563281841147436 ], [ -60.712647716349004, -27.563239234614471 ], [ -60.713877930527289, -27.56323291880895 ], [ -60.715077739422263, -27.563222236682083 ], [ -60.716317960812411, -27.56319780006157 ], [ -60.717497430161742, -27.563173666135228 ], [ -60.717549507022724, -27.564175044428115 ], [ -60.717541067450099, -27.565212830512134 ], [ -60.718781310132812, -27.565188371490869 ], [ -60.719981079914696, -27.565168623082151 ], [ -60.720588632251086, -27.565169985028458 ], [ -60.721302412536197, -27.565157257055294 ], [ -60.722071882131587, -27.565144235978963 ], [ -60.722755315332662, -27.565136170192183 ], [ -60.722846443686905, -27.565135696068953 ], [ -60.722856252123314, -27.564314475440892 ], [ -60.722855306279179, -27.564170098885395 ], [ -60.722843918529847, -27.563204606932779 ], [ -60.722786119236041, -27.559017842921335 ], [ -60.72276597117429, -27.554424091932752 ], [ -60.719911146839905, -27.55444865011092 ], [ -60.717324420716842, -27.554471050849603 ], [ -60.711214452708404, -27.554520504207506 ], [ -60.711222011039347, -27.555693568258011 ], [ -60.71123501010149, -27.556925259384215 ], [ -60.711246468789248, -27.557917825794497 ], [ -60.711249201881479, -27.558341933379332 ], [ -60.711269477515437, -27.559131417559151 ], [ -60.711362256629386, -27.560173198558207 ], [ -60.711374446486865, -27.560493483189344 ] ] ] ] } },
{ "type": "Feature", "properties": { "ArcIds": "(8:-7130,-7135,7131,-7129,-7128,-7126,7127,-7104)", "AREA": 429239.625, "PERIMETER": 2703.124, "PAIS_22#": 1794, "PAIS_22-ID": 1795, "LINK": "220980102", "TIPO": "U", "Link2": "220980102U", "2022Total": 710, "2022Mujere": 375, "2022Varone": 335 }, "geometry": { "type": "MultiPolygon", "coordinates": [ [ [ [ -60.705329730770977, -27.561300352989864 ], [ -60.70533545656783, -27.561404098379111 ], [ -60.706545286561109, -27.561379903539763 ], [ -60.707765154022987, -27.561342111244603 ], [ -60.708990227857271, -27.561326841335138 ], [ -60.708967079155826, -27.560875766356133 ], [ -60.710182022388175, -27.560860537701483 ], [ -60.710184065241236, -27.560391286471965 ], [ -60.711374446486865, -27.560493483189344 ], [ -60.711362256629386, -27.560173198558207 ], [ -60.711269477515437, -27.559131417559151 ], [ -60.711249201881479, -27.558341933379332 ], [ -60.711246468789248, -27.557917825794497 ], [ -60.71123501010149, -27.556925259384215 ], [ -60.711222011039347, -27.555693568258011 ], [ -60.711214452708404, -27.554520504207506 ], [ -60.705191192193418, -27.55466812744837 ], [ -60.70524890142417, -27.555871536217026 ], [ -60.70528780419707, -27.558437005825812 ], [ -60.705308123693413, -27.559268348018708 ], [ -60.705327375192041, -27.559932514858769 ], [ -60.705350973815271, -27.560494122092621 ], [ -60.705368943685187, -27.56095767853904 ], [ -60.705329730770977, -27.561300352989864 ] ] ] ] } },
{ "type": "Feature", "properties": { "ArcIds": "(6:7105,-7118,-7119,-7133,-7134,7130)", "AREA": 528110.125, "PERIMETER": 3095.067, "PAIS_22#": 1795, "PAIS_22-ID": 1796, "LINK": "220980801", "TIPO": "U", "Link2": "220980801U", "2022Total": 703, "2022Mujere": 379, "2022Varone": 324 }, "geometry": { "type": "MultiPolygon", "coordinates": [ [ [ [ -60.705191192193418, -27.55466812744837 ], [ -60.702635342349488, -27.554698906863166 ], [ -60.699036609502677, -27.554737118455584 ], [ -60.697046010289505, -27.554771637707173 ], [ -60.697072276835854, -27.556460109027995 ], [ -60.697093020356206, -27.557339833329497 ], [ -60.697103668073382, -27.558224120103905 ], [ -60.697741444538572, -27.558207383113512 ], [ -60.698389316981313, -27.558186080514698 ], [ -60.699097966394397, -27.558168981060952 ], [ -60.699124732302955, -27.559197568268644 ], [ -60.699135914706616, -27.559364453696247 ], [ -60.699171688723808, -27.561015642654372 ], [ -60.699199345443255, -27.561385482263056 ], [ -60.7016041373764, -27.561386895271692 ], [ -60.702778674682648, -27.561385471114768 ], [ -60.704023856942136, -27.561347583605993 ], [ -60.705329730770977, -27.561300352989864 ], [ -60.705368943685187, -27.56095767853904 ], [ -60.705350973815271, -27.560494122092621 ], [ -60.705327375192041, -27.559932514858769 ], [ -60.705308123693413, -27.559268348018708 ], [ -60.70528780419707, -27.558437005825812 ], [ -60.70524890142417, -27.555871536217026 ], [ -60.705191192193418, -27.55466812744837 ] ] ] ] } },
{ "type": "Feature", "properties": { "ArcIds": "(8:7106,-7162,-7163,-7161,7160,7133,7119,7118)", "AREA": 599616.875, "PERIMETER": 3458.418, "PAIS_22#": 1796, "PAIS_22-ID": 1797, "LINK": "220980802", "TIPO": "U", "Link2": "220980802U", "2022Total": 634, "2022Mujere": 307, "2022Varone": 327 }, "geometry": { "type": "MultiPolygon", "coordinates": [ [ [ [ -60.697046010289505, -27.554771637707173 ], [ -60.695105315881989, -27.554788046190936 ], [ -60.692949496471392, -27.554798813254369 ], [ -60.693002140466035, -27.556013399554651 ], [ -60.69301973962861, -27.556824696937174 ], [ -60.693043330619204, -27.5573952237235 ], [ -60.693110517243262, -27.559331958649167 ], [ -60.693142158734254, -27.559989379121472 ], [ -60.693182653202335, -27.561259751971747 ], [ -60.693166804901345, -27.561736057433961 ], [ -60.69319133479641, -27.562417237863759 ], [ -60.69326508830661, -27.563034801467094 ], [ -60.693259087339179, -27.563531348629386 ], [ -60.693260022781274, -27.563680237920316 ], [ -60.693264104794423, -27.564329936606693 ], [ -60.693287536392504, -27.565015224912091 ], [ -60.695262781064969, -27.564951619771286 ], [ -60.697252253778778, -27.564914577515832 ], [ -60.699236547421265, -27.564859485113931 ], [ -60.699249591044584, -27.56452102440182 ], [ -60.699231143532039, -27.564006756725181 ], [ -60.699237980840927, -27.563487849815651 ], [ -60.699209265495483, -27.562951074058052 ], [ -60.699199345443255, -27.561385482263056 ], [ -60.699171688723808, -27.561015642654372 ], [ -60.699135914706616, -27.559364453696247 ], [ -60.699124732302955, -27.559197568268644 ], [ -60.699097966394397, -27.558168981060952 ], [ -60.698389316981313, -27.558186080514698 ], [ -60.697741444538572, -27.558207383113512 ], [ -60.697103668073382, -27.558224120103905 ], [ -60.697093020356206, -27.557339833329497 ], [ -60.697072276835854, -27.556460109027995 ], [ -60.697046010289505, -27.554771637707173 ] ] ] ] } },
{ "type": "Feature", "properties": { "ArcIds": "(7:-7178,-7216,-7217,-7214,7213,7162,-7108)", "AREA": 812632.25, "PERIMETER": 4470.081, "PAIS_22#": 1797, "PAIS_22-ID": 1798, "LINK": "220980215", "TIPO": "U", "Link2": "220980215U", "2022Total": 726, "2022Mujere": 353, "2022Varone": 373 }, "geometry": { "type": "MultiPolygon", "coordinates": [ [ [ [ -60.68717637170483, -27.569383499606708 ], [ -60.687239662827892, -27.570978614353756 ], [ -60.688406996519888, -27.570935405148802 ], [ -60.689107240572739, -27.570911871350848 ], [ -60.690192784767603, -27.57090202363149 ], [ -60.691138240856354, -27.570890635441877 ], [ -60.692151190179253, -27.570872217298511 ], [ -60.693421760423739, -27.570850276891001 ], [ -60.693401940682548, -27.568891018258494 ], [ -60.693334795268022, -27.566963202348287 ], [ -60.693287536392504, -27.565015224912091 ], [ -60.693264104794423, -27.564329936606693 ], [ -60.693260022781274, -27.563680237920316 ], [ -60.693259087339179, -27.563531348629386 ], [ -60.69326508830661, -27.563034801467094 ], [ -60.69319133479641, -27.562417237863759 ], [ -60.693166804901345, -27.561736057433961 ], [ -60.693182653202335, -27.561259751971747 ], [ -60.693142158734254, -27.559989379121472 ], [ -60.693110517243262, -27.559331958649167 ], [ -60.693043330619204, -27.5573952237235 ], [ -60.69301973962861, -27.556824696937174 ], [ -60.693002140466035, -27.556013399554651 ], [ -60.692949496471392, -27.554798813254369 ], [ -60.690873985370729, -27.554853729248098 ], [ -60.689724220980629, -27.559316741353019 ], [ -60.688680652743457, -27.563448663576018 ], [ -60.688334944366652, -27.565045805800935 ], [ -60.68717637170483, -27.569383499606708 ] ] ] ] } },
{ "type": "Feature", "properties": { "ArcIds": "(9:7126,7128,7129,-7131,7135,-7157,-7158,7156,7144)", "AREA": 216122.0, "PERIMETER": 2062.205, "PAIS_22#": 1802, "PAIS_22-ID": 1803, "LINK": "220980103", "TIPO": "U", "Link2": "220980103U", "2022Total": 1018, "2022Mujere": 549, "2022Varone": 469 }, "geometry": { "type": "MultiPolygon", "coordinates": [ [ [ [ -60.711374446486865, -27.560493483189344 ], [ -60.710184065241236, -27.560391286471965 ], [ -60.710182022388175, -27.560860537701483 ], [ -60.708967079155826, -27.560875766356133 ], [ -60.708990227857271, -27.561326841335138 ], [ -60.707765154022987, -27.561342111244603 ], [ -60.706545286561109, -27.561379903539763 ], [ -60.70533545656783, -27.561404098379111 ], [ -60.705329730770977, -27.561300352989864 ], [ -60.70533545656783, -27.561404098379111 ], [ -60.705348205940055, -27.561814619533298 ], [ -60.705348609683995, -27.561877784539689 ], [ -60.705351435928165, -27.562319939568141 ], [ -60.705369969163023, -27.5628432295997 ], [ -60.705378435067196, -27.56337559456459 ], [ -60.705390016191537, -27.564395232227376 ], [ -60.706579599374628, -27.564366627520279 ], [ -60.70783007841343, -27.564360262034512 ], [ -60.709055185726044, -27.564344990928717 ], [ -60.710234728473758, -27.564329941966836 ], [ -60.711404116249724, -27.564310423065677 ], [ -60.711377233568818, -27.563281841147436 ], [ -60.711380756103772, -27.562257615317453 ], [ -60.711384104290403, -27.561206318654666 ], [ -60.711374446486865, -27.560493483189344 ] ] ] ] } },
{ "type": "Feature", "properties": { "ArcIds": "(6:7134,-7160,-7173,-7174,7172,7157)", "AREA": 276829.5, "PERIMETER": 2134.493, "PAIS_22#": 1804, "PAIS_22-ID": 1805, "LINK": "220980803", "TIPO": "U", "Link2": "220980803U", "2022Total": 892, "2022Mujere": 462, "2022Varone": 430 }, "geometry": { "type": "MultiPolygon", "coordinates": [ [ [ [ -60.705329730770977, -27.561300352989864 ], [ -60.704023856942136, -27.561347583605993 ], [ -60.702778674682648, -27.561385471114768 ], [ -60.7016041373764, -27.561386895271692 ], [ -60.699199345443255, -27.561385482263056 ], [ -60.699209265495483, -27.562951074058052 ], [ -60.699237980840927, -27.563487849815651 ], [ -60.699231143532039, -27.564006756725181 ], [ -60.699249591044584, -27.56452102440182 ], [ -60.699236547421265, -27.564859485113931 ], [ -60.699237147868082, -27.564954232706146 ], [ -60.699250876070558, -27.565522667267764 ], [ -60.699858317768886, -27.565506072690802 ], [ -60.700460696495206, -27.565489500987507 ], [ -60.701047972804453, -27.56548653868359 ], [ -60.701680842247818, -27.565487855554569 ], [ -60.70231374035788, -27.565493681328789 ], [ -60.702890776035282, -27.565472715276968 ], [ -60.703908354595434, -27.56546305116191 ], [ -60.705442243734375, -27.565437222998405 ], [ -60.705408579035058, -27.564923033872756 ], [ -60.705390016191537, -27.564395232227376 ], [ -60.705378435067196, -27.56337559456459 ], [ -60.705369969163023, -27.5628432295997 ], [ -60.705351435928165, -27.562319939568141 ], [ -60.705348609683995, -27.561877784539689 ], [ -60.705348205940055, -27.561814619533298 ], [ -60.70533545656783, -27.561404098379111 ], [ -60.705329730770977, -27.561300352989864 ] ] ] ] } },
{ "type": "Feature", "properties": { "ArcIds": "(13:-7149,7367,7419,-7430,-7431,-7432,7433,-7452,-7453,7456,7485,-7486,-7147)", "AREA": 69335696.0, "PERIMETER": 42447.871, "PAIS_22#": 1806, "PAIS_22-ID": 1807, "LINK": "220980207", "TIPO": "R", "Link2": "220980207R", "2022Total": 65, "2022Mujere": 32, "2022Varone": 33 }, "geometry": { "type": "MultiPolygon", "coordinates": [ [ [ [ -60.75379715391017, -27.563830986401957 ], [ -60.753978911228771, -27.590350519313144 ], [ -60.769891680044317, -27.597371199737175 ], [ -60.806976625281123, -27.613716751806056 ], [ -60.807212049563809, -27.613344997594446 ], [ -60.815312628161401, -27.616983805050751 ], [ -60.815252951204151, -27.617133046141429 ], [ -60.815247986469878, -27.617146610806586 ], [ -60.815237956768001, -27.617160205231635 ], [ -60.81522796047318, -27.617178311290868 ], [ -60.815340692906553, -27.617353610288369 ], [ -60.816021387816981, -27.616934520142806 ], [ -60.836294496824557, -27.63057032628052 ], [ -60.835601788844563, -27.631409185843882 ], [ -60.841309746724058, -27.635223249452562 ], [ -60.847170840066369, -27.639135393709804 ], [ -60.862131524268143, -27.649508150360646 ], [ -60.862543619282036, -27.649104102765374 ], [ -60.860956511742977, -27.626099158772302 ], [ -60.865045684728479, -27.626091550908267 ], [ -60.86470219041145, -27.586172084267769 ], [ -60.902516557843583, -27.562257713092741 ], [ -60.845292572205139, -27.562739152780207 ], [ -60.75379715391017, -27.563830986401957 ] ] ] ] } },
{ "type": "Feature", "properties": { "ArcIds": "(7:-7156,-7180,7181,7179,-7171,7170,-7145)", "AREA": 329269.625, "PERIMETER": 2595.289, "PAIS_22#": 1807, "PAIS_22-ID": 1808, "LINK": "220980104", "TIPO": "U", "Link2": "220980104U", "2022Total": 893, "2022Mujere": 481, "2022Varone": 412 }, "geometry": { "type": "MultiPolygon", "coordinates": [ [ [ [ -60.711404116249724, -27.564310423065677 ], [ -60.711491752158814, -27.565338693692361 ], [ -60.711523728716415, -27.566371761103515 ], [ -60.711530333891091, -27.567395934449952 ], [ -60.712760565565688, -27.567385115889948 ], [ -60.713985646343936, -27.56736077713758 ], [ -60.715200483738393, -27.567318432629783 ], [ -60.716380114777849, -27.567312354450358 ], [ -60.717600042355578, -27.567274474646972 ], [ -60.718804868664385, -27.567250198043943 ], [ -60.720034949226488, -27.56721675626061 ], [ -60.720034654766721, -27.567171638578088 ], [ -60.720008131980812, -27.566210736829365 ], [ -60.719984112399523, -27.565633335337278 ], [ -60.719981079914696, -27.565168623082151 ], [ -60.718781310132812, -27.565188371490869 ], [ -60.717541067450099, -27.565212830512134 ], [ -60.717549507022724, -27.564175044428115 ], [ -60.717497430161742, -27.563173666135228 ], [ -60.716317960812411, -27.56319780006157 ], [ -60.715077739422263, -27.563222236682083 ], [ -60.713877930527289, -27.56323291880895 ], [ -60.712647716349004, -27.563239234614471 ], [ -60.711377233568818, -27.563281841147436 ], [ -60.711404116249724, -27.564310423065677 ] ] ] ] } },
{ "type": "Feature", "properties": { "ArcIds": "(6:-7226,7228,7227,7204,7203,-7150)", "AREA": 395318.125, "PERIMETER": 2849.617, "PAIS_22#": 1808, "PAIS_22-ID": 1809, "LINK": "220980110", "TIPO": "U", "Link2": "220980110U", "2022Total": 672, "2022Mujere": 368, "2022Varone": 304 }, "geometry": { "type": "MultiPolygon", "coordinates": [ [ [ [ -60.740822998910197, -27.57243150364156 ], [ -60.742362241900906, -27.572436821290818 ], [ -60.743258392648187, -27.572432028857019 ], [ -60.743254653203188, -27.57187708464286 ], [ -60.743261313369395, -27.571362691880523 ], [ -60.743252328755808, -27.570780704217089 ], [ -60.743253105312654, -27.570144521408711 ], [ -60.744427604947965, -27.570124696345122 ], [ -60.745703361681223, -27.570104317810546 ], [ -60.74568198701283, -27.563945680719211 ], [ -60.743150713654906, -27.563963755853315 ], [ -60.74225966392877, -27.563964007446106 ], [ -60.741479961190123, -27.563959147184153 ], [ -60.740700288698598, -27.563958794294109 ], [ -60.740701257882627, -27.56410317027726 ], [ -60.740711919383067, -27.565691305891747 ], [ -60.740782361966026, -27.5678882300376 ], [ -60.740797783187794, -27.570184708817958 ], [ -60.740807209228386, -27.570834373120075 ], [ -60.740810875593482, -27.571380294236704 ], [ -60.740814481458116, -27.571917191821509 ], [ -60.740822998910197, -27.57243150364156 ] ] ] ] } },
{ "type": "Feature", "properties": { "ArcIds": "(11:-7153,-7185,7186,7184,-7229,7230,-7249,7252,7250,7226,-7152)", "AREA": 830249.0, "PERIMETER": 4707.466, "PAIS_22#": 1809, "PAIS_22-ID": 1810, "LINK": "220980109", "TIPO": "U", "Link2": "220980109U", "2022Total": 1179, "2022Mujere": 637, "2022Varone": 542 }, "geometry": { "type": "MultiPolygon", "coordinates": [ [ [ [ -60.72907704956026, -27.564101492015986 ], [ -60.729077973730178, -27.564241356612278 ], [ -60.729093614429402, -27.565075979231313 ], [ -60.729109255519134, -27.565910601744484 ], [ -60.72912298871718, -27.566456471540885 ], [ -60.729126268594783, -27.566952765083514 ], [ -60.729124962859949, -27.567521273306568 ], [ -60.729133663535876, -27.568071681302648 ], [ -60.730429654059598, -27.568051337158824 ], [ -60.731021973065545, -27.568043709511148 ], [ -60.731654794403646, -27.568035866022072 ], [ -60.732252205869152, -27.568032718221804 ], [ -60.732834398843792, -27.568025136223874 ], [ -60.735451839368103, -27.568006791590207 ], [ -60.735438776669334, -27.569085207508767 ], [ -60.7354612445356, -27.570176970879974 ], [ -60.735461665665035, -27.570240135391128 ], [ -60.735449204967381, -27.571408785971094 ], [ -60.735452965235453, -27.571972754701694 ], [ -60.735466731300789, -27.572518622772598 ], [ -60.736778050874442, -27.572511673231954 ], [ -60.737319762640851, -27.572504286825751 ], [ -60.737775433338925, -27.572501867253198 ], [ -60.738418223795598, -27.572466868200763 ], [ -60.738416996792211, -27.573039886876249 ], [ -60.738422905577323, -27.573166188845192 ], [ -60.738436142907169, -27.573630844818716 ], [ -60.738420331015909, -27.574294179053979 ], [ -60.738439024406034, -27.574817460714218 ], [ -60.740089689689384, -27.574822210640225 ], [ -60.740874411240526, -27.574809003212906 ], [ -60.74086067847076, -27.574272159872347 ], [ -60.740856223458358, -27.573608933669842 ], [ -60.740852132254624, -27.572999848325438 ], [ -60.740822998910197, -27.57243150364156 ], [ -60.740814481458116, -27.571917191821509 ], [ -60.740810875593482, -27.571380294236704 ], [ -60.740807209228386, -27.570834373120075 ], [ -60.740797783187794, -27.570184708817958 ], [ -60.740782361966026, -27.5678882300376 ], [ -60.740711919383067, -27.565691305891747 ], [ -60.740701257882627, -27.56410317027726 ], [ -60.740700288698598, -27.563958794294109 ], [ -60.738305974300005, -27.564016658099852 ], [ -60.735430586885656, -27.564058980449325 ], [ -60.73158296172241, -27.564074782998304 ], [ -60.7303426774372, -27.56409033250004 ], [ -60.72907704956026, -27.564101492015986 ] ] ] ] } },
{ "type": "Feature", "properties": { "ArcIds": "(8:-7167,-7168,-7194,7195,7193,7187,7185,-7155)", "AREA": 290041.75, "PERIMETER": 2367.747, "PAIS_22#": 1810, "PAIS_22-ID": 1811, "LINK": "220980108", "TIPO": "U", "Link2": "220980108U", "2022Total": 933, "2022Mujere": 485, "2022Varone": 448 }, "geometry": { "type": "MultiPolygon", "coordinates": [ [ [ [ -60.722846443686905, -27.565135696068953 ], [ -60.722755315332662, -27.565136170192183 ], [ -60.722768573580247, -27.565614364786217 ], [ -60.722770819839901, -27.565957259035812 ], [ -60.7227675896074, -27.566237014882603 ], [ -60.722793101873386, -27.567040003845811 ], [ -60.722783390140933, -27.567103221246889 ], [ -60.72280295326091, -27.567770883492358 ], [ -60.722820654351885, -27.568154304487017 ], [ -60.72282763096463, -27.569219080909811 ], [ -60.724184392009455, -27.569198478606928 ], [ -60.724177224609008, -27.568106631919594 ], [ -60.725392331144953, -27.568104804062372 ], [ -60.725974495981333, -27.568092739038196 ], [ -60.726607288803351, -27.56808040677095 ], [ -60.72780208370154, -27.568069640244207 ], [ -60.729133663535876, -27.568071681302648 ], [ -60.729124962859949, -27.567521273306568 ], [ -60.729126268594783, -27.566952765083514 ], [ -60.72912298871718, -27.566456471540885 ], [ -60.729109255519134, -27.565910601744484 ], [ -60.729093614429402, -27.565075979231313 ], [ -60.729077973730178, -27.564241356612278 ], [ -60.72907704956026, -27.564101492015986 ], [ -60.727755642901109, -27.564099396447897 ], [ -60.72655585805024, -27.564114699991386 ], [ -60.725391540737277, -27.56413431991275 ], [ -60.724758740632907, -27.564142134449931 ], [ -60.724141157897989, -27.564154378708817 ], [ -60.72350835745214, -27.564162187554139 ], [ -60.722855306279179, -27.564170098885395 ], [ -60.722856252123314, -27.564314475440892 ], [ -60.722846443686905, -27.565135696068953 ] ] ] ] } },
{ "type": "Feature", "properties": { "ArcIds": "(7:7158,-7172,-7188,-7201,-7202,7199,7180)", "AREA": 341830.0, "PERIMETER": 2331.166, "PAIS_22#": 1811, "PAIS_22-ID": 1812, "LINK": "220980105", "TIPO": "U", "Link2": "220980105U", "2022Total": 711, "2022Mujere": 379, "2022Varone": 332 }, "geometry": { "type": "MultiPolygon", "coordinates": [ [ [ [ -60.711404116249724, -27.564310423065677 ], [ -60.710234728473758, -27.564329941966836 ], [ -60.709055185726044, -27.564344990928717 ], [ -60.70783007841343, -27.564360262034512 ], [ -60.706579599374628, -27.564366627520279 ], [ -60.705390016191537, -27.564395232227376 ], [ -60.705408579035058, -27.564923033872756 ], [ -60.705442243734375, -27.565437222998405 ], [ -60.7054438159754, -27.566474958890712 ], [ -60.705460432668147, -27.567490058586444 ], [ -60.705477194148379, -27.568527717035757 ], [ -60.705519213007157, -27.569556223192428 ], [ -60.70671900646775, -27.569532076621602 ], [ -60.707928896011403, -27.569503356314669 ], [ -60.709154118396725, -27.569497106829235 ], [ -60.710364151686981, -27.569490924212001 ], [ -60.711553641977964, -27.569439717042442 ], [ -60.711541885863355, -27.56840203460785 ], [ -60.711530333891091, -27.567395934449952 ], [ -60.711523728716415, -27.566371761103515 ], [ -60.711491752158814, -27.565338693692361 ], [ -60.711404116249724, -27.564310423065677 ] ] ] ] } },
{ "type": "Feature", "properties": { "ArcIds": "(17:7161,-7191,7192,-7211,-7212,-7242,-7243,7241,-7210,-7209,7208,7201,7190,7189,7183,7182,7173)", "AREA": 447472.375, "PERIMETER": 4089.281, "PAIS_22#": 1812, "PAIS_22-ID": 1813, "LINK": "220980805", "TIPO": "U", "Link2": "220980805U", "2022Total": 1301, "2022Mujere": 694, "2022Varone": 607 }, "geometry": { "type": "MultiPolygon", "coordinates": [ [ [ [ -60.699236547421265, -27.564859485113931 ], [ -60.697252253778778, -27.564914577515832 ], [ -60.697279645714943, -27.56684554799255 ], [ -60.697310976715571, -27.567797408705683 ], [ -60.697307096434741, -27.568785541492083 ], [ -60.695363006193546, -27.568804310553308 ], [ -60.695366589012352, -27.570175920317219 ], [ -60.69537034325824, -27.570771476625218 ], [ -60.695699550445184, -27.570787875945545 ], [ -60.696317204923908, -27.570780269183349 ], [ -60.696919613323047, -27.570763712305396 ], [ -60.696947448012949, -27.571963746336671 ], [ -60.696975169571694, -27.573145732997617 ], [ -60.697003063096297, -27.574354790159074 ], [ -60.697605547909546, -27.574347253526604 ], [ -60.698253486545738, -27.574321438068569 ], [ -60.699443237229112, -27.57430191606019 ], [ -60.699395264946773, -27.573124544345252 ], [ -60.699388198684545, -27.572010133455315 ], [ -60.699384308122362, -27.571396530621023 ], [ -60.699359708120745, -27.57071084111757 ], [ -60.700544127262823, -27.570655241603227 ], [ -60.701769421799249, -27.570658080580468 ], [ -60.702999750353236, -27.570656371341531 ], [ -60.704027358633631, -27.570624095312461 ], [ -60.705525936471176, -27.570607468084006 ], [ -60.705519213007157, -27.569556223192428 ], [ -60.705477194148379, -27.568527717035757 ], [ -60.703973668047112, -27.568557904221588 ], [ -60.702966186694411, -27.568567518103418 ], [ -60.702939409417404, -27.567543445507518 ], [ -60.701714264480181, -27.567558663349875 ], [ -60.700504221476727, -27.567560258442992 ], [ -60.699304532628382, -27.567597886330663 ], [ -60.699274271198462, -27.566817474335551 ], [ -60.699277932754434, -27.566596371195264 ], [ -60.699250876070558, -27.565522667267764 ], [ -60.699237147868082, -27.564954232706146 ], [ -60.699236547421265, -27.564859485113931 ] ] ] ] } },
{ "type": "Feature", "properties": { "ArcIds": "(10:7163,-7213,7214,7244,-7245,7242,7212,7211,-7192,7191)", "AREA": 404515.625, "PERIMETER": 3435.938, "PAIS_22#": 1813, "PAIS_22-ID": 1814, "LINK": "220980806", "TIPO": "U", "Link2": "220980806U", "2022Total": 1073, "2022Mujere": 553, "2022Varone": 520 }, "geometry": { "type": "MultiPolygon", "coordinates": [ [ [ [ -60.697252253778778, -27.564914577515832 ], [ -60.695262781064969, -27.564951619771286 ], [ -60.693287536392504, -27.565015224912091 ], [ -60.693334795268022, -27.566963202348287 ], [ -60.693401940682548, -27.568891018258494 ], [ -60.693421760423739, -27.570850276891001 ], [ -60.692151190179253, -27.570872217298511 ], [ -60.692112791047379, -27.572073646927876 ], [ -60.69212504509769, -27.573219616845016 ], [ -60.692127796286776, -27.574464896425955 ], [ -60.69343394644121, -27.574435821923363 ], [ -60.694304693735155, -27.574413424245215 ], [ -60.694573011912304, -27.574407570789212 ], [ -60.695185623708667, -27.574399994006985 ], [ -60.695798206894523, -27.574387902736838 ], [ -60.696395571977021, -27.574371373138717 ], [ -60.697003063096297, -27.574354790159074 ], [ -60.696975169571694, -27.573145732997617 ], [ -60.696947448012949, -27.571963746336671 ], [ -60.696919613323047, -27.570763712305396 ], [ -60.696317204923908, -27.570780269183349 ], [ -60.695699550445184, -27.570787875945545 ], [ -60.69537034325824, -27.570771476625218 ], [ -60.695366589012352, -27.570175920317219 ], [ -60.695363006193546, -27.568804310553308 ], [ -60.697307096434741, -27.568785541492083 ], [ -60.697310976715571, -27.567797408705683 ], [ -60.697279645714943, -27.56684554799255 ], [ -60.697252253778778, -27.564914577515832 ] ] ] ] } },
{ "type": "Feature", "properties": { "ArcIds": "(5:-7179,-7196,7197,7194,-7169)", "AREA": 124002.0, "PERIMETER": 1454.331, "PAIS_22#": 1814, "PAIS_22-ID": 1815, "LINK": "220980107", "TIPO": "U", "Link2": "220980107U", "2022Total": 714, "2022Mujere": 409, "2022Varone": 305 }, "geometry": { "type": "MultiPolygon", "coordinates": [ [ [ [ -60.720034949226488, -27.56721675626061 ], [ -60.720028828321496, -27.56783040919666 ], [ -60.720046784823218, -27.568254436634003 ], [ -60.720078813497196, -27.569282988337619 ], [ -60.721511431119858, -27.569248483132284 ], [ -60.72282763096463, -27.569219080909811 ], [ -60.722820654351885, -27.568154304487017 ], [ -60.72280295326091, -27.567770883492358 ], [ -60.722783390140933, -27.567103221246889 ], [ -60.722793101873386, -27.567040003845811 ], [ -60.7227675896074, -27.566237014882603 ], [ -60.722770819839901, -27.565957259035812 ], [ -60.722768573580247, -27.565614364786217 ], [ -60.722755315332662, -27.565136170192183 ], [ -60.722071882131587, -27.565144235978963 ], [ -60.721302412536197, -27.565157257055294 ], [ -60.720588632251086, -27.565169985028458 ], [ -60.719981079914696, -27.565168623082151 ], [ -60.719984112399523, -27.565633335337278 ], [ -60.720008131980812, -27.566210736829365 ], [ -60.720034654766721, -27.567171638578088 ], [ -60.720034949226488, -27.56721675626061 ] ] ] ] } },
{ "type": "Feature", "properties": { "ArcIds": "(6:7174,-7182,-7183,-7189,-7190,7188)", "AREA": 168055.875, "PERIMETER": 1904.762, "PAIS_22#": 1815, "PAIS_22-ID": 1816, "LINK": "220980804", "TIPO": "U", "Link2": "220980804U", "2022Total": 815, "2022Mujere": 438, "2022Varone": 377 }, "geometry": { "type": "MultiPolygon", "coordinates": [ [ [ [ -60.705442243734375, -27.565437222998405 ], [ -60.703908354595434, -27.56546305116191 ], [ -60.702890776035282, -27.565472715276968 ], [ -60.70231374035788, -27.565493681328789 ], [ -60.701680842247818, -27.565487855554569 ], [ -60.701047972804453, -27.56548653868359 ], [ -60.700460696495206, -27.565489500987507 ], [ -60.699858317768886, -27.565506072690802 ], [ -60.699250876070558, -27.565522667267764 ], [ -60.699277932754434, -27.566596371195264 ], [ -60.699274271198462, -27.566817474335551 ], [ -60.699304532628382, -27.567597886330663 ], [ -60.700504221476727, -27.567560258442992 ], [ -60.701714264480181, -27.567558663349875 ], [ -60.702939409417404, -27.567543445507518 ], [ -60.702966186694411, -27.568567518103418 ], [ -60.703973668047112, -27.568557904221588 ], [ -60.705477194148379, -27.568527717035757 ], [ -60.705460432668147, -27.567490058586444 ], [ -60.7054438159754, -27.566474958890712 ], [ -60.705442243734375, -27.565437222998405 ] ] ] ] } },
{ "type": "Feature", "properties": { "ArcIds": "(5:-7199,7200,7198,7196,-7181)", "AREA": 190046.5, "PERIMETER": 2137.907, "PAIS_22#": 1816, "PAIS_22-ID": 1817, "LINK": "220980106", "TIPO": "U", "Link2": "220980106U", "2022Total": 724, "2022Mujere": 411, "2022Varone": 313 }, "geometry": { "type": "MultiPolygon", "coordinates": [ [ [ [ -60.711553641977964, -27.569439717042442 ], [ -60.71276867859865, -27.56942446400998 ], [ -60.713988573112047, -27.569377591923022 ], [ -60.715218826121635, -27.569366751179999 ], [ -60.716423617688456, -27.569333471252659 ], [ -60.717643714331103, -27.569318149499143 ], [ -60.718858806296772, -27.569311866771187 ], [ -60.720078813497196, -27.569282988337619 ], [ -60.720046784823218, -27.568254436634003 ], [ -60.720028828321496, -27.56783040919666 ], [ -60.720034949226488, -27.56721675626061 ], [ -60.718804868664385, -27.567250198043943 ], [ -60.717600042355578, -27.567274474646972 ], [ -60.716380114777849, -27.567312354450358 ], [ -60.715200483738393, -27.567318432629783 ], [ -60.713985646343936, -27.56736077713758 ], [ -60.712760565565688, -27.567385115889948 ], [ -60.711530333891091, -27.567395934449952 ], [ -60.711541885863355, -27.56840203460785 ], [ -60.711553641977964, -27.569439717042442 ] ] ] ] } },
{ "type": "Feature", "properties": { "ArcIds": "(5:-7186,-7231,7232,7229,-7184)", "AREA": 311098.625, "PERIMETER": 2245.169, "PAIS_22#": 1817, "PAIS_22-ID": 1818, "LINK": "220980112", "TIPO": "U", "Link2": "220980112U", "2022Total": 941, "2022Mujere": 491, "2022Varone": 450 }, "geometry": { "type": "MultiPolygon", "coordinates": [ [ [ [ -60.729133663535876, -27.568071681302648 ], [ -60.729140760695017, -27.569145479761051 ], [ -60.729153636905885, -27.570327533646822 ], [ -60.72916130160651, -27.571487055122507 ], [ -60.729168489543632, -27.572574388313043 ], [ -60.730499854542209, -27.572535809428608 ], [ -60.731710065122435, -27.572551999002503 ], [ -60.732899963778095, -27.572559261381262 ], [ -60.734114967213408, -27.572534797515228 ], [ -60.735466731300789, -27.572518622772598 ], [ -60.735452965235453, -27.571972754701694 ], [ -60.735449204967381, -27.571408785971094 ], [ -60.735461665665035, -27.570240135391128 ], [ -60.7354612445356, -27.570176970879974 ], [ -60.735438776669334, -27.569085207508767 ], [ -60.735451839368103, -27.568006791590207 ], [ -60.732834398843792, -27.568025136223874 ], [ -60.732252205869152, -27.568032718221804 ], [ -60.731654794403646, -27.568035866022072 ], [ -60.731021973065545, -27.568043709511148 ], [ -60.730429654059598, -27.568051337158824 ], [ -60.729133663535876, -27.568071681302648 ] ] ] ] } },
{ "type": "Feature", "properties": { "ArcIds": "(7:-7193,-7195,-7237,-7238,7236,7231,-7187)", "AREA": 373247.625, "PERIMETER": 2495.738, "PAIS_22#": 1818, "PAIS_22-ID": 1819, "LINK": "220980113", "TIPO": "U", "Link2": "220980113U", "2022Total": 946, "2022Mujere": 508, "2022Varone": 438 }, "geometry": { "type": "MultiPolygon", "coordinates": [ [ [ [ -60.724184392009455, -27.569198478606928 ], [ -60.72282763096463, -27.569219080909811 ], [ -60.722845384232002, -27.570383063270544 ], [ -60.722857927355854, -27.571524512963176 ], [ -60.722915890457628, -27.572643166503013 ], [ -60.72291327545576, -27.573789206619249 ], [ -60.724234502965807, -27.57374622841925 ], [ -60.725470012959505, -27.573757828364037 ], [ -60.726674995848313, -27.573747017463212 ], [ -60.727849540247178, -27.573727331793854 ], [ -60.729186132137279, -27.573711297474855 ], [ -60.729168489543632, -27.572574388313043 ], [ -60.72916130160651, -27.571487055122507 ], [ -60.729153636905885, -27.570327533646822 ], [ -60.729140760695017, -27.569145479761051 ], [ -60.729133663535876, -27.568071681302648 ], [ -60.72780208370154, -27.568069640244207 ], [ -60.726607288803351, -27.56808040677095 ], [ -60.725974495981333, -27.568092739038196 ], [ -60.725392331144953, -27.568104804062372 ], [ -60.724177224609008, -27.568106631919594 ], [ -60.724184392009455, -27.569198478606928 ] ] ] ] } },
{ "type": "Feature", "properties": { "ArcIds": "(7:-7198,-7205,-7233,-7239,-7240,7237,-7197)", "AREA": 263009.125, "PERIMETER": 2046.595, "PAIS_22#": 1819, "PAIS_22-ID": 1820, "LINK": "220980114", "TIPO": "U", "Link2": "220980114U", "2022Total": 722, "2022Mujere": 368, "2022Varone": 354 }, "geometry": { "type": "MultiPolygon", "coordinates": [ [ [ [ -60.717643714331103, -27.569318149499143 ], [ -60.717670981112875, -27.570396357633769 ], [ -60.717709196622046, -27.571600842763477 ], [ -60.717737199116193, -27.572791844683866 ], [ -60.717755105688752, -27.573987410478896 ], [ -60.718975135688765, -27.573954029002039 ], [ -60.720159840883817, -27.573938867642607 ], [ -60.721380075676926, -27.573937047403266 ], [ -60.721612830299705, -27.573913278775553 ], [ -60.72291327545576, -27.573789206619249 ], [ -60.722915890457628, -27.572643166503013 ], [ -60.722857927355854, -27.571524512963176 ], [ -60.722845384232002, -27.570383063270544 ], [ -60.72282763096463, -27.569219080909811 ], [ -60.721511431119858, -27.569248483132284 ], [ -60.720078813497196, -27.569282988337619 ], [ -60.718858806296772, -27.569311866771187 ], [ -60.717643714331103, -27.569318149499143 ] ] ] ] } },
{ "type": "Feature", "properties": { "ArcIds": "(9:7202,-7208,-7223,-7224,7221,-7207,7206,7205,-7200)", "AREA": 204231.5, "PERIMETER": 2902.452, "PAIS_22#": 1820, "PAIS_22-ID": 1821, "LINK": "220980808", "TIPO": "U", "Link2": "220980808U", "2022Total": 690, "2022Mujere": 375, "2022Varone": 315 }, "geometry": { "type": "MultiPolygon", "coordinates": [ [ [ [ -60.711553641977964, -27.569439717042442 ], [ -60.710364151686981, -27.569490924212001 ], [ -60.709154118396725, -27.569497106829235 ], [ -60.707928896011403, -27.569503356314669 ], [ -60.70671900646775, -27.569532076621602 ], [ -60.705519213007157, -27.569556223192428 ], [ -60.705525936471176, -27.570607468084006 ], [ -60.705543738654143, -27.571807550106943 ], [ -60.706773934636566, -27.571783248305202 ], [ -60.707943344781818, -27.571754733507166 ], [ -60.709173655173615, -27.571748457576671 ], [ -60.710368582256606, -27.571751375554854 ], [ -60.710360621077818, -27.570515149140075 ], [ -60.711560452015981, -27.570495472351187 ], [ -60.712790718242353, -27.570484652875617 ], [ -60.714005765940932, -27.570469388809364 ], [ -60.71524086002696, -27.570422427448413 ], [ -60.716435654447665, -27.570407246420853 ], [ -60.717670981112875, -27.570396357633769 ], [ -60.717643714331103, -27.569318149499143 ], [ -60.716423617688456, -27.569333471252659 ], [ -60.715218826121635, -27.569366751179999 ], [ -60.713988573112047, -27.569377591923022 ], [ -60.71276867859865, -27.56942446400998 ], [ -60.711553641977964, -27.569439717042442 ] ] ] ] } },
{ "type": "Feature", "properties": { "ArcIds": "(6:-7227,-7228,-7250,7251,7248,-7204)", "AREA": 189010.75, "PERIMETER": 2002.157, "PAIS_22#": 1821, "PAIS_22-ID": 1822, "LINK": "220980111", "TIPO": "U", "Link2": "220980111U", "2022Total": 772, "2022Mujere": 416, "2022Varone": 356 }, "geometry": { "type": "MultiPolygon", "coordinates": [ [ [ [ -60.743258392648187, -27.572432028857019 ], [ -60.742362241900906, -27.572436821290818 ], [ -60.740822998910197, -27.57243150364156 ], [ -60.740852132254624, -27.572999848325438 ], [ -60.740856223458358, -27.573608933669842 ], [ -60.74086067847076, -27.574272159872347 ], [ -60.740874411240526, -27.574809003212906 ], [ -60.742079461529315, -27.574807081949753 ], [ -60.742403500447516, -27.574805350282613 ], [ -60.743289513810012, -27.574796099656371 ], [ -60.74427169542988, -27.574781816180632 ], [ -60.745790595993931, -27.574769156754943 ], [ -60.745772446269214, -27.57358262411908 ], [ -60.745728921279067, -27.572387203707848 ], [ -60.745703361681223, -27.570104317810546 ], [ -60.744427604947965, -27.570124696345122 ], [ -60.743253105312654, -27.570144521408711 ], [ -60.743252328755808, -27.570780704217089 ], [ -60.743261313369395, -27.571362691880523 ], [ -60.743254653203188, -27.57187708464286 ], [ -60.743258392648187, -27.572432028857019 ] ] ] ] } },
{ "type": "Feature", "properties": { "ArcIds": "(7:7207,-7221,-7222,-7234,7235,7233,-7206)", "AREA": 177429.875, "PERIMETER": 1973.792, "PAIS_22#": 1822, "PAIS_22-ID": 1823, "LINK": "220980809", "TIPO": "U", "Link2": "220980809U", "2022Total": 428, "2022Mujere": 236, "2022Varone": 192 }, "geometry": { "type": "MultiPolygon", "coordinates": [ [ [ [ -60.711560452015981, -27.570495472351187 ], [ -60.710360621077818, -27.570515149140075 ], [ -60.710368582256606, -27.571751375554854 ], [ -60.711563363632713, -27.571731724383351 ], [ -60.711606110616998, -27.572863997913718 ], [ -60.712861893458893, -27.572880118246847 ], [ -60.714112408869177, -27.572864670856216 ], [ -60.715317297702512, -27.572840423349479 ], [ -60.716527278111499, -27.572820651050023 ], [ -60.717737199116193, -27.572791844683866 ], [ -60.717709196622046, -27.571600842763477 ], [ -60.717670981112875, -27.570396357633769 ], [ -60.716435654447665, -27.570407246420853 ], [ -60.71524086002696, -27.570422427448413 ], [ -60.714005765940932, -27.570469388809364 ], [ -60.712790718242353, -27.570484652875617 ], [ -60.711560452015981, -27.570495472351187 ] ] ] ] } },
{ "type": "Feature", "properties": { "ArcIds": "(6:7209,7263,-7264,7261,7259,7223)", "AREA": 235141.875, "PERIMETER": 2021.593, "PAIS_22#": 1823, "PAIS_22-ID": 1824, "LINK": "220980810", "TIPO": "U", "Link2": "220980810U", "2022Total": 833, "2022Mujere": 434, "2022Varone": 399 }, "geometry": { "type": "MultiPolygon", "coordinates": [ [ [ [ -60.705525936471176, -27.570607468084006 ], [ -60.704027358633631, -27.570624095312461 ], [ -60.702999750353236, -27.570656371341531 ], [ -60.701769421799249, -27.570658080580468 ], [ -60.701809110911938, -27.571325645509326 ], [ -60.701858122810705, -27.571866829264547 ], [ -60.701865730764943, -27.5730624516688 ], [ -60.701863299066503, -27.574271660380035 ], [ -60.701890327881898, -27.575336338381355 ], [ -60.701917615907405, -27.57644162222595 ], [ -60.703127468380707, -27.576394895217181 ], [ -60.704130073182398, -27.576403351622233 ], [ -60.705654016726832, -27.576382081431195 ], [ -60.705621714727137, -27.575290360065367 ], [ -60.705624711144182, -27.574175899570456 ], [ -60.705561454948658, -27.572994096578324 ], [ -60.705543738654143, -27.571807550106943 ], [ -60.705525936471176, -27.570607468084006 ] ] ] ] } },
{ "type": "Feature", "properties": { "ArcIds": "(5:7210,-7241,7262,-7265,-7263)", "AREA": 154354.75, "PERIMETER": 1756.024, "PAIS_22#": 1824, "PAIS_22-ID": 1825, "LINK": "220980811", "TIPO": "U", "Link2": "220980811U", "2022Total": 909, "2022Mujere": 477, "2022Varone": 432 }, "geometry": { "type": "MultiPolygon", "coordinates": [ [ [ [ -60.701769421799249, -27.570658080580468 ], [ -60.700544127262823, -27.570655241603227 ], [ -60.699359708120745, -27.57071084111757 ], [ -60.699384308122362, -27.571396530621023 ], [ -60.699388198684545, -27.572010133455315 ], [ -60.699395264946773, -27.573124544345252 ], [ -60.699443237229112, -27.57430191606019 ], [ -60.699465379827906, -27.575398202942072 ], [ -60.699482173720249, -27.576449397317095 ], [ -60.70070244092998, -27.576447758227722 ], [ -60.701917615907405, -27.57644162222595 ], [ -60.701890327881898, -27.575336338381355 ], [ -60.701863299066503, -27.574271660380035 ], [ -60.701865730764943, -27.5730624516688 ], [ -60.701858122810705, -27.571866829264547 ], [ -60.701809110911938, -27.571325645509326 ], [ -60.701769421799249, -27.570658080580468 ] ] ] ] } },
{ "type": "Feature", "properties": { "ArcIds": "(5:7217,-7225,-7246,-7247,-7244)", "AREA": 182839.125, "PERIMETER": 1716.442, "PAIS_22#": 1825, "PAIS_22-ID": 1826, "LINK": "220980807", "TIPO": "U", "Link2": "220980807U", "2022Total": 846, "2022Mujere": 418, "2022Varone": 428 }, "geometry": { "type": "MultiPolygon", "coordinates": [ [ [ [ -60.692151190179253, -27.570872217298511 ], [ -60.691138240856354, -27.570890635441877 ], [ -60.690192784767603, -27.57090202363149 ], [ -60.689107240572739, -27.570911871350848 ], [ -60.688406996519888, -27.570935405148802 ], [ -60.687239662827892, -27.570978614353756 ], [ -60.687243806248162, -27.572595152833316 ], [ -60.688953454792333, -27.574521285684114 ], [ -60.68954575915069, -27.574504810630803 ], [ -60.689819112948136, -27.574494429421215 ], [ -60.690927943061347, -27.574488917988127 ], [ -60.692127796286776, -27.574464896425955 ], [ -60.69212504509769, -27.573219616845016 ], [ -60.692112791047379, -27.572073646927876 ], [ -60.692151190179253, -27.570872217298511 ] ] ] ] } },
{ "type": "Feature", "properties": { "ArcIds": "(6:7222,7224,-7259,-7260,-7257,7234)", "AREA": 230087.5, "PERIMETER": 1963.706, "PAIS_22#": 1827, "PAIS_22-ID": 1828, "LINK": "220980812", "TIPO": "U", "Link2": "220980812U", "2022Total": 607, "2022Mujere": 314, "2022Varone": 293 }, "geometry": { "type": "MultiPolygon", "coordinates": [ [ [ [ -60.711563363632713, -27.571731724383351 ], [ -60.710368582256606, -27.571751375554854 ], [ -60.709173655173615, -27.571748457576671 ], [ -60.707943344781818, -27.571754733507166 ], [ -60.706773934636566, -27.571783248305202 ], [ -60.705543738654143, -27.571807550106943 ], [ -60.705561454948658, -27.572994096578324 ], [ -60.705624711144182, -27.574175899570456 ], [ -60.705621714727137, -27.575290360065367 ], [ -60.706841852085823, -27.575270620168105 ], [ -60.708046567528633, -27.575214852795359 ], [ -60.709256895954532, -27.575244772839618 ], [ -60.710497167790706, -27.575206850336819 ], [ -60.711707088671723, -27.575173584215907 ], [ -60.711685086543632, -27.574117907481597 ], [ -60.711606110616998, -27.572863997913718 ], [ -60.711563363632713, -27.571731724383351 ] ] ] ] } },
{ "type": "Feature", "properties": { "ArcIds": "(6:7246,-7300,-7301,-7298,7280,7247)", "AREA": 346507.375, "PERIMETER": 2761.672, "PAIS_22#": 1828, "PAIS_22-ID": 1829, "LINK": "220980703", "TIPO": "U", "Link2": "220980703U", "2022Total": 809, "2022Mujere": 425, "2022Varone": 384 }, "geometry": { "type": "MultiPolygon", "coordinates": [ [ [ [ -60.688953454792333, -27.574521285684114 ], [ -60.687243806248162, -27.572595152833316 ], [ -60.687364134601815, -27.580011705529525 ], [ -60.693265966324532, -27.579932190531963 ], [ -60.692290954203948, -27.578678226262973 ], [ -60.692269051425122, -27.577609008179696 ], [ -60.692186616939175, -27.576576187059363 ], [ -60.692144576538801, -27.575525116700664 ], [ -60.692127796286776, -27.574464896425955 ], [ -60.690927943061347, -27.574488917988127 ], [ -60.689819112948136, -27.574494429421215 ], [ -60.68954575915069, -27.574504810630803 ], [ -60.688953454792333, -27.574521285684114 ] ] ] ] } },
{ "type": "Feature", "properties": { "ArcIds": "(11:-7253,-7268,-7308,7314,7317,-7318,7287,7286,-7252,7249,-7230)", "AREA": 450342.0, "PERIMETER": 3402.125, "PAIS_22#": 1829, "PAIS_22-ID": 1830, "LINK": "220980901", "TIPO": "U", "Link2": "220980901U", "2022Total": 1283, "2022Mujere": 672, "2022Varone": 611 }, "geometry": { "type": "MultiPolygon", "coordinates": [ [ [ [ -60.73551778758565, -27.574860032574414 ], [ -60.73551988578027, -27.57593385526074 ], [ -60.735527017397594, -27.57700313922081 ], [ -60.735519110076318, -27.578095062188897 ], [ -60.735547247996578, -27.579277032170566 ], [ -60.73557184508519, -27.58220512711264 ], [ -60.737141218567459, -27.582909685767515 ], [ -60.738065551642954, -27.583319870857512 ], [ -60.738537968637118, -27.58354295413173 ], [ -60.738517972729461, -27.58282566837989 ], [ -60.738503342848503, -27.582153473018661 ], [ -60.73848379171136, -27.579234376656416 ], [ -60.739425507802082, -27.579220342063518 ], [ -60.739693863433267, -27.579218912997852 ], [ -60.740924309063828, -27.579221377707544 ], [ -60.740901237444348, -27.578048406404733 ], [ -60.740893962468142, -27.576965588680746 ], [ -60.740876652508227, -27.575896360028239 ], [ -60.740874411240526, -27.574809003212906 ], [ -60.740089689689384, -27.574822210640225 ], [ -60.738439024406034, -27.574817460714218 ], [ -60.738420331015909, -27.574294179053979 ], [ -60.738436142907169, -27.573630844818716 ], [ -60.738422905577323, -27.573166188845192 ], [ -60.738416996792211, -27.573039886876249 ], [ -60.738418223795598, -27.572466868200763 ], [ -60.737775433338925, -27.572501867253198 ], [ -60.737319762640851, -27.572504286825751 ], [ -60.736778050874442, -27.572511673231954 ], [ -60.735466731300789, -27.572518622772598 ], [ -60.735470371497009, -27.573064544415121 ], [ -60.735489652271617, -27.573678061812846 ], [ -60.735489854374414, -27.574467644568504 ], [ -60.73551778758565, -27.574860032574414 ] ] ] ] } },
{ "type": "Feature", "properties": { "ArcIds": "(5:-7236,-7254,7255,7253,-7232)", "AREA": 161753.25, "PERIMETER": 1763.244, "PAIS_22#": 1830, "PAIS_22-ID": 1831, "LINK": "220980902", "TIPO": "U", "Link2": "220980902U", "2022Total": 623, "2022Mujere": 312, "2022Varone": 311 }, "geometry": { "type": "MultiPolygon", "coordinates": [ [ [ [ -60.729186132137279, -27.573711297474855 ], [ -60.729224505183844, -27.5749202881779 ], [ -60.730530762134812, -27.574908911892319 ], [ -60.731740849090293, -27.574902541928427 ], [ -60.732945812557695, -27.574887164641694 ], [ -60.734155898619768, -27.574880773642626 ], [ -60.73551778758565, -27.574860032574414 ], [ -60.735489854374414, -27.574467644568504 ], [ -60.735489652271617, -27.573678061812846 ], [ -60.735470371497009, -27.573064544415121 ], [ -60.735466731300789, -27.572518622772598 ], [ -60.734114967213408, -27.572534797515228 ], [ -60.732899963778095, -27.572559261381262 ], [ -60.731710065122435, -27.572551999002503 ], [ -60.730499854542209, -27.572535809428608 ], [ -60.729168489543632, -27.572574388313043 ], [ -60.729186132137279, -27.573711297474855 ] ] ] ] } },
{ "type": "Feature", "properties": { "ArcIds": "(5:7257,-7258,7256,7239,-7235)", "AREA": 151981.5, "PERIMETER": 1711.362, "PAIS_22#": 1831, "PAIS_22-ID": 1832, "LINK": "220980813", "TIPO": "U", "Link2": "220980813U", "2022Total": 435, "2022Mujere": 235, "2022Varone": 200 }, "geometry": { "type": "MultiPolygon", "coordinates": [ [ [ [ -60.711606110616998, -27.572863997913718 ], [ -60.711685086543632, -27.574117907481597 ], [ -60.711707088671723, -27.575173584215907 ], [ -60.712927251545892, -27.575158302670687 ], [ -60.714132224360711, -27.575143088511663 ], [ -60.715362512359533, -27.575127733517593 ], [ -60.716567396057329, -27.575098962942633 ], [ -60.717762093854702, -27.57506121072652 ], [ -60.717755105688752, -27.573987410478896 ], [ -60.717737199116193, -27.572791844683866 ], [ -60.716527278111499, -27.572820651050023 ], [ -60.715317297702512, -27.572840423349479 ], [ -60.714112408869177, -27.572864670856216 ], [ -60.712861893458893, -27.572880118246847 ], [ -60.711606110616998, -27.572863997913718 ] ] ] ] } },
{ "type": "Feature", "properties": { "ArcIds": "(5:7238,-7271,7272,7269,7254)", "AREA": 231046.25, "PERIMETER": 1981.713, "PAIS_22#": 1832, "PAIS_22-ID": 1833, "LINK": "220980903", "TIPO": "U", "Link2": "220980903U", "2022Total": 588, "2022Mujere": 314, "2022Varone": 274 }, "geometry": { "type": "MultiPolygon", "coordinates": [ [ [ [ -60.729186132137279, -27.573711297474855 ], [ -60.727849540247178, -27.573727331793854 ], [ -60.726674995848313, -27.573747017463212 ], [ -60.725470012959505, -27.573757828364037 ], [ -60.724234502965807, -27.57374622841925 ], [ -60.72291327545576, -27.573789206619249 ], [ -60.722919107418136, -27.573906486054746 ], [ -60.722961528649691, -27.574971077094251 ], [ -60.722963622918336, -27.576062949351822 ], [ -60.722975725650187, -27.577136721688991 ], [ -60.724297230258799, -27.577129836206076 ], [ -60.725502339393216, -27.57713257004357 ], [ -60.726712362908508, -27.577112708153432 ], [ -60.727907225824133, -27.577097427093904 ], [ -60.729228668845117, -27.577081471193544 ], [ -60.729226542115555, -27.575994112139536 ], [ -60.729224505183844, -27.5749202881779 ], [ -60.729186132137279, -27.573711297474855 ] ] ] ] } },
{ "type": "Feature", "properties": { "ArcIds": "(6:7240,-7256,-7288,-7289,7284,7271)", "AREA": 306038.625, "PERIMETER": 2229.007, "PAIS_22#": 1833, "PAIS_22-ID": 1834, "LINK": "220980904", "TIPO": "U", "Link2": "220980904U", "2022Total": 678, "2022Mujere": 377, "2022Varone": 301 }, "geometry": { "type": "MultiPolygon", "coordinates": [ [ [ [ -60.72291327545576, -27.573789206619249 ], [ -60.721612830299705, -27.573913278775553 ], [ -60.721380075676926, -27.573937047403266 ], [ -60.720159840883817, -27.573938867642607 ], [ -60.718975135688765, -27.573954029002039 ], [ -60.717755105688752, -27.573987410478896 ], [ -60.717762093854702, -27.57506121072652 ], [ -60.717794339660259, -27.576125856442744 ], [ -60.717821787401384, -27.577231134022426 ], [ -60.717838786292262, -27.578286834358476 ], [ -60.717835767345044, -27.579378733315128 ], [ -60.723010118415466, -27.579293236647132 ], [ -60.722982883905622, -27.5782285672468 ], [ -60.722975725650187, -27.577136721688991 ], [ -60.722963622918336, -27.576062949351822 ], [ -60.722961528649691, -27.574971077094251 ], [ -60.722919107418136, -27.573906486054746 ], [ -60.72291327545576, -27.573789206619249 ] ] ] ] } },
{ "type": "Feature", "properties": { "ArcIds": "(9:7243,-7267,7266,7278,-7279,7275,7264,7265,-7262)", "AREA": 175344.75, "PERIMETER": 2656.576, "PAIS_22#": 1834, "PAIS_22-ID": 1835, "LINK": "220980701", "TIPO": "U", "Link2": "220980701U", "2022Total": 931, "2022Mujere": 481, "2022Varone": 450 }, "geometry": { "type": "MultiPolygon", "coordinates": [ [ [ [ -60.699443237229112, -27.57430191606019 ], [ -60.698253486545738, -27.574321438068569 ], [ -60.697605547909546, -27.574347253526604 ], [ -60.697003063096297, -27.574354790159074 ], [ -60.697030273173034, -27.575455564246397 ], [ -60.697028517775301, -27.575978956740691 ], [ -60.697062376180234, -27.576529242025419 ], [ -60.695842107269165, -27.576530849148607 ], [ -60.695869278334463, -27.577627111540028 ], [ -60.697074226908583, -27.577603021275131 ], [ -60.698284352273703, -27.577596942238994 ], [ -60.699509609871683, -27.577581752592081 ], [ -60.700709349795034, -27.577535097408962 ], [ -60.701924536751605, -27.577528961124692 ], [ -60.703180085689098, -27.577500050238935 ], [ -60.704182700536109, -27.57750850607507 ], [ -60.705660801167568, -27.577442348810251 ], [ -60.705654016726832, -27.576382081431195 ], [ -60.704130073182398, -27.576403351622233 ], [ -60.703127468380707, -27.576394895217181 ], [ -60.701917615907405, -27.57644162222595 ], [ -60.70070244092998, -27.576447758227722 ], [ -60.699482173720249, -27.576449397317095 ], [ -60.699465379827906, -27.575398202942072 ], [ -60.699443237229112, -27.57430191606019 ] ] ] ] } },
{ "type": "Feature", "properties": { "ArcIds": "(8:7245,-7280,-7281,-7282,-7277,-7278,-7266,7267)", "AREA": 183917.75, "PERIMETER": 1903.537, "PAIS_22#": 1835, "PAIS_22-ID": 1836, "LINK": "220980702", "TIPO": "U", "Link2": "220980702U", "2022Total": 749, "2022Mujere": 382, "2022Varone": 367 }, "geometry": { "type": "MultiPolygon", "coordinates": [ [ [ [ -60.697003063096297, -27.574354790159074 ], [ -60.696395571977021, -27.574371373138717 ], [ -60.695798206894523, -27.574387902736838 ], [ -60.695185623708667, -27.574399994006985 ], [ -60.694573011912304, -27.574407570789212 ], [ -60.694304693735155, -27.574413424245215 ], [ -60.69343394644121, -27.574435821923363 ], [ -60.692127796286776, -27.574464896425955 ], [ -60.692144576538801, -27.575525116700664 ], [ -60.692186616939175, -27.576576187059363 ], [ -60.692269051425122, -27.577609008179696 ], [ -60.692290954203948, -27.578678226262973 ], [ -60.692852985053527, -27.578675423511445 ], [ -60.693435269181357, -27.578672517361383 ], [ -60.694665717417863, -27.578675392082776 ], [ -60.694643933722972, -27.577628733728762 ], [ -60.695869278334463, -27.577627111540028 ], [ -60.695842107269165, -27.576530849148607 ], [ -60.697062376180234, -27.576529242025419 ], [ -60.697028517775301, -27.575978956740691 ], [ -60.697030273173034, -27.575455564246397 ], [ -60.697003063096297, -27.574354790159074 ] ] ] ] } },
{ "type": "Feature", "properties": { "ArcIds": "(6:-7286,-7287,7318,7348,7349,-7251)", "AREA": 715904.375, "PERIMETER": 3841.833, "PAIS_22#": 1836, "PAIS_22-ID": 1837, "LINK": "220980906", "TIPO": "U", "Link2": "220980906U", "2022Total": 1247, "2022Mujere": 660, "2022Varone": 587 }, "geometry": { "type": "MultiPolygon", "coordinates": [ [ [ [ -60.740924309063828, -27.579221377707544 ], [ -60.739693863433267, -27.579218912997852 ], [ -60.739425507802082, -27.579220342063518 ], [ -60.73848379171136, -27.579234376656416 ], [ -60.738503342848503, -27.582153473018661 ], [ -60.738517972729461, -27.58282566837989 ], [ -60.738537968637118, -27.58354295413173 ], [ -60.740036156743969, -27.584198227089797 ], [ -60.741112812119255, -27.584666234307594 ], [ -60.742153909907579, -27.585116375477057 ], [ -60.742773521157332, -27.585388288117194 ], [ -60.743408387078773, -27.58566914005873 ], [ -60.745947913103436, -27.586797029773418 ], [ -60.745845307015607, -27.582109722185617 ], [ -60.745840720953694, -27.579186037359658 ], [ -60.745822690836562, -27.578017552444404 ], [ -60.745810273834103, -27.576930251380933 ], [ -60.745798070918852, -27.575874532298602 ], [ -60.745790595993931, -27.574769156754943 ], [ -60.74427169542988, -27.574781816180632 ], [ -60.743289513810012, -27.574796099656371 ], [ -60.742403500447516, -27.574805350282613 ], [ -60.742079461529315, -27.574807081949753 ], [ -60.740874411240526, -27.574809003212906 ], [ -60.740876652508227, -27.575896360028239 ], [ -60.740893962468142, -27.576965588680746 ], [ -60.740901237444348, -27.578048406404733 ], [ -60.740924309063828, -27.579221377707544 ] ] ] ] } },
{ "type": "Feature", "properties": { "ArcIds": "(4:-7269,7270,7268,-7255)", "AREA": 147766.375, "PERIMETER": 1720.592, "PAIS_22#": 1837, "PAIS_22-ID": 1838, "LINK": "220980905", "TIPO": "U", "Link2": "220980905U", "2022Total": 659, "2022Mujere": 326, "2022Varone": 333 }, "geometry": { "type": "MultiPolygon", "coordinates": [ [ [ [ -60.729228668845117, -27.577081471193544 ], [ -60.730539835286478, -27.577042997235765 ], [ -60.731749945654713, -27.577036626740355 ], [ -60.732980368484142, -27.577039162315607 ], [ -60.73418035170949, -27.577032824088935 ], [ -60.735527017397594, -27.57700313922081 ], [ -60.73551988578027, -27.57593385526074 ], [ -60.73551778758565, -27.574860032574414 ], [ -60.734155898619768, -27.574880773642626 ], [ -60.732945812557695, -27.574887164641694 ], [ -60.731740849090293, -27.574902541928427 ], [ -60.730530762134812, -27.574908911892319 ], [ -60.729224505183844, -27.5749202881779 ], [ -60.729226542115555, -27.575994112139536 ], [ -60.729228668845117, -27.577081471193544 ] ] ] ] } },
{ "type": "Feature", "properties": { "ArcIds": "(6:7258,-7273,7274,-7290,-7291,7288)", "AREA": 200051.75, "PERIMETER": 2142.747, "PAIS_22#": 1838, "PAIS_22-ID": 1839, "LINK": "220980814", "TIPO": "U", "Link2": "220980814U", "2022Total": 535, "2022Mujere": 290, "2022Varone": 245 }, "geometry": { "type": "MultiPolygon", "coordinates": [ [ [ [ -60.717762093854702, -27.57506121072652 ], [ -60.716567396057329, -27.575098962942633 ], [ -60.715362512359533, -27.575127733517593 ], [ -60.714132224360711, -27.575143088511663 ], [ -60.712927251545892, -27.575158302670687 ], [ -60.711707088671723, -27.575173584215907 ], [ -60.711729528224708, -27.576296937337986 ], [ -60.711771813866868, -27.577357021696251 ], [ -60.712966859600563, -27.577368939706552 ], [ -60.714191846600407, -27.577313014697559 ], [ -60.715432226745094, -27.577288583024419 ], [ -60.715418822982457, -27.578344440578068 ], [ -60.715516754335084, -27.579390700574205 ], [ -60.716686475685997, -27.579398204816076 ], [ -60.717835767345044, -27.579378733315128 ], [ -60.717838786292262, -27.578286834358476 ], [ -60.717821787401384, -27.577231134022426 ], [ -60.717794339660259, -27.576125856442744 ], [ -60.717762093854702, -27.57506121072652 ] ] ] ] } },
{ "type": "Feature", "properties": { "ArcIds": "(5:7260,-7261,-7275,-7276,7273)", "AREA": 144204.625, "PERIMETER": 1685.521, "PAIS_22#": 1839, "PAIS_22-ID": 1840, "LINK": "220980815", "TIPO": "U", "Link2": "220980815U", "2022Total": 385, "2022Mujere": 214, "2022Varone": 171 }, "geometry": { "type": "MultiPolygon", "coordinates": [ [ [ [ -60.711707088671723, -27.575173584215907 ], [ -60.710497167790706, -27.575206850336819 ], [ -60.709256895954532, -27.575244772839618 ], [ -60.708046567528633, -27.575214852795359 ], [ -60.706841852085823, -27.575270620168105 ], [ -60.705621714727137, -27.575290360065367 ], [ -60.705654016726832, -27.576382081431195 ], [ -60.705660801167568, -27.577442348810251 ], [ -60.70690135999201, -27.577445063918312 ], [ -60.708151842342446, -27.577416133896666 ], [ -60.709270533825269, -27.577365306128211 ], [ -60.710566757911828, -27.5773631922915 ], [ -60.711771813866868, -27.577357021696251 ], [ -60.711729528224708, -27.576296937337986 ], [ -60.711707088671723, -27.575173584215907 ] ] ] ] } },
{ "type": "Feature", "properties": { "ArcIds": "(7:-7283,7292,7293,7304,-7307,7308,-7270)", "AREA": 241551.875, "PERIMETER": 2244.478, "PAIS_22#": 1840, "PAIS_22-ID": 1841, "LINK": "220980907", "TIPO": "U", "Link2": "220980907U", "2022Total": 563, "2022Mujere": 296, "2022Varone": 267 }, "geometry": { "type": "MultiPolygon", "coordinates": [ [ [ [ -60.729253206360966, -27.579260594193745 ], [ -60.729253803127179, -27.579350829216981 ], [ -60.730418399084527, -27.57934922086833 ], [ -60.730575362315925, -27.579348395238657 ], [ -60.731810784670621, -27.579337378793117 ], [ -60.731807874375065, -27.580424763474809 ], [ -60.733058144479848, -27.581122026560308 ], [ -60.734266750902393, -27.581643534164325 ], [ -60.73557184508519, -27.58220512711264 ], [ -60.735547247996578, -27.579277032170566 ], [ -60.735519110076318, -27.578095062188897 ], [ -60.735527017397594, -27.57700313922081 ], [ -60.73418035170949, -27.577032824088935 ], [ -60.732980368484142, -27.577039162315607 ], [ -60.731749945654713, -27.577036626740355 ], [ -60.730539835286478, -27.577042997235765 ], [ -60.729228668845117, -27.577081471193544 ], [ -60.729250959476758, -27.578155188476511 ], [ -60.729253206360966, -27.579260594193745 ] ] ] ] } },
{ "type": "Feature", "properties": { "ArcIds": "(4:-7284,7285,7283,-7272)", "AREA": 147746.25, "PERIMETER": 1714.589, "PAIS_22#": 1841, "PAIS_22-ID": 1842, "LINK": "220980908", "TIPO": "U", "Link2": "220980908U", "2022Total": 298, "2022Mujere": 153, "2022Varone": 145 }, "geometry": { "type": "MultiPolygon", "coordinates": [ [ [ [ -60.723010118415466, -27.579293236647132 ], [ -60.724301268851512, -27.579286508789842 ], [ -60.725491063136857, -27.579266762716067 ], [ -60.725546759787591, -27.579266471747786 ], [ -60.726762078177103, -27.579278164804634 ], [ -60.727941744762347, -27.579258450737559 ], [ -60.729253206360966, -27.579260594193745 ], [ -60.729250959476758, -27.578155188476511 ], [ -60.729228668845117, -27.577081471193544 ], [ -60.727907225824133, -27.577097427093904 ], [ -60.726712362908508, -27.577112708153432 ], [ -60.725502339393216, -27.57713257004357 ], [ -60.724297230258799, -27.577129836206076 ], [ -60.722975725650187, -27.577136721688991 ], [ -60.722982883905622, -27.5782285672468 ], [ -60.723010118415466, -27.579293236647132 ] ] ] ] } },
{ "type": "Feature", "properties": { "ArcIds": "(7:7276,-7296,-7297,-7295,7294,7290,-7274)", "AREA": 236573.5, "PERIMETER": 2421.493, "PAIS_22#": 1842, "PAIS_22-ID": 1843, "LINK": "220980705", "TIPO": "U", "Link2": "220980705U", "2022Total": 586, "2022Mujere": 308, "2022Varone": 278 }, "geometry": { "type": "MultiPolygon", "coordinates": [ [ [ [ -60.711771813866868, -27.577357021696251 ], [ -60.710566757911828, -27.5773631922915 ], [ -60.709270533825269, -27.577365306128211 ], [ -60.708151842342446, -27.577416133896666 ], [ -60.70690135999201, -27.577445063918312 ], [ -60.705660801167568, -27.577442348810251 ], [ -60.705698052512574, -27.578515996983832 ], [ -60.705721038752706, -27.579734098935702 ], [ -60.706946317524761, -27.57971884325524 ], [ -60.708155970954962, -27.579635977650138 ], [ -60.709381189740519, -27.579611676970458 ], [ -60.710601228064576, -27.57956934432093 ], [ -60.711330352176581, -27.579565611645638 ], [ -60.713426408069822, -27.579527788284103 ], [ -60.714221238196231, -27.579505655213659 ], [ -60.71495021504488, -27.579479344715221 ], [ -60.715516754335084, -27.579390700574205 ], [ -60.715418822982457, -27.578344440578068 ], [ -60.715432226745094, -27.577288583024419 ], [ -60.714191846600407, -27.577313014697559 ], [ -60.712966859600563, -27.577368939706552 ], [ -60.711771813866868, -27.577357021696251 ] ] ] ] } },
{ "type": "Feature", "properties": { "ArcIds": "(7:7277,7282,7281,7298,-7299,7296,7279)", "AREA": 301132.125, "PERIMETER": 3092.167, "PAIS_22#": 1843, "PAIS_22-ID": 1844, "LINK": "220980704", "TIPO": "U", "Link2": "220980704U", "2022Total": 1017, "2022Mujere": 542, "2022Varone": 475 }, "geometry": { "type": "MultiPolygon", "coordinates": [ [ [ [ -60.695869278334463, -27.577627111540028 ], [ -60.694643933722972, -27.577628733728762 ], [ -60.694665717417863, -27.578675392082776 ], [ -60.693435269181357, -27.578672517361383 ], [ -60.692852985053527, -27.578675423511445 ], [ -60.692290954203948, -27.578678226262973 ], [ -60.693265966324532, -27.579932190531963 ], [ -60.693453283667395, -27.579926743394036 ], [ -60.694698907661333, -27.579925029927818 ], [ -60.695873472992155, -27.57989658980572 ], [ -60.697098842535048, -27.579894956303331 ], [ -60.697341885345672, -27.579893736118954 ], [ -60.698318948385598, -27.579861754980673 ], [ -60.699539139121008, -27.579842078291794 ], [ -60.700728977533515, -27.579827055961857 ], [ -60.701954172898049, -27.579798308963067 ], [ -60.703194816463856, -27.579810080242073 ], [ -60.704202169932039, -27.579764368594407 ], [ -60.705721038752706, -27.579734098935702 ], [ -60.705698052512574, -27.578515996983832 ], [ -60.705660801167568, -27.577442348810251 ], [ -60.704182700536109, -27.57750850607507 ], [ -60.703180085689098, -27.577500050238935 ], [ -60.701924536751605, -27.577528961124692 ], [ -60.700709349795034, -27.577535097408962 ], [ -60.699509609871683, -27.577581752592081 ], [ -60.698284352273703, -27.577596942238994 ], [ -60.697074226908583, -27.577603021275131 ], [ -60.695869278334463, -27.577627111540028 ] ] ] ] } },
{ "type": "Feature", "properties": { "ArcIds": "(8:-7310,7311,-7309,7307,-7304,-7293,-7292,-7285)", "AREA": 319895.625, "PERIMETER": 2991.527, "PAIS_22#": 1844, "PAIS_22-ID": 1845, "LINK": "220980909", "TIPO": "U", "Link2": "220980909U", "2022Total": 613, "2022Mujere": 311, "2022Varone": 302 }, "geometry": { "type": "MultiPolygon", "coordinates": [ [ [ [ -60.723060321319267, -27.582315955272911 ], [ -60.724351358927862, -27.582286667501453 ], [ -60.724417184061664, -27.582286324133101 ], [ -60.725455195632655, -27.582280905353787 ], [ -60.725566591979138, -27.582280323365325 ], [ -60.726786828618934, -27.582264918592738 ], [ -60.727981896277058, -27.582272194578923 ], [ -60.729283177256335, -27.582260854897783 ], [ -60.730640125866103, -27.582244698239268 ], [ -60.731824826248911, -27.582215900457022 ], [ -60.733060310329442, -27.582209384023646 ], [ -60.734270536805127, -27.582212013957722 ], [ -60.73557184508519, -27.58220512711264 ], [ -60.734266750902393, -27.581643534164325 ], [ -60.733058144479848, -27.581122026560308 ], [ -60.731807874375065, -27.580424763474809 ], [ -60.731810784670621, -27.579337378793117 ], [ -60.730575362315925, -27.579348395238657 ], [ -60.730418399084527, -27.57934922086833 ], [ -60.729253803127179, -27.579350829216981 ], [ -60.729253206360966, -27.579260594193745 ], [ -60.727941744762347, -27.579258450737559 ], [ -60.726762078177103, -27.579278164804634 ], [ -60.725546759787591, -27.579266471747786 ], [ -60.725491063136857, -27.579266762716067 ], [ -60.724301268851512, -27.579286508789842 ], [ -60.723010118415466, -27.579293236647132 ], [ -60.72303483897339, -27.579974406539289 ], [ -60.723056005454254, -27.580885702295454 ], [ -60.723050435010727, -27.581580565465284 ], [ -60.723060321319267, -27.582315955272911 ] ] ] ] } },
{ "type": "Feature", "properties": { "ArcIds": "(16:7289,-7319,7320,7338,7339,-7337,7334,7335,-7336,7352,7353,7351,7350,7344,7332,7310)", "AREA": 546015.25, "PERIMETER": 3983.889, "PAIS_22#": 1845, "PAIS_22-ID": 1846, "LINK": "220980706", "TIPO": "U", "Link2": "220980706U", "2022Total": 813, "2022Mujere": 432, "2022Varone": 381 }, "geometry": { "type": "MultiPolygon", "coordinates": [ [ [ [ -60.723010118415466, -27.579293236647132 ], [ -60.717835767345044, -27.579378733315128 ], [ -60.717865578113539, -27.580068902080892 ], [ -60.717916847426231, -27.58094394828408 ], [ -60.717931175233339, -27.581589077782812 ], [ -60.71791338914479, -27.581968170403456 ], [ -60.717936140198951, -27.582351565346869 ], [ -60.717951349916362, -27.583132047508329 ], [ -60.718008860842808, -27.584187537445956 ], [ -60.716788599845152, -27.584202865504359 ], [ -60.715558328247219, -27.584236282077676 ], [ -60.714773503878789, -27.584244836012765 ], [ -60.714815150772665, -27.585201147109281 ], [ -60.714831363258725, -27.586139541346878 ], [ -60.715616171812378, -27.586126475070923 ], [ -60.715579698192428, -27.585188185429175 ], [ -60.716805004793009, -27.585168329887885 ], [ -60.718000017186455, -27.58516215591693 ], [ -60.718021085319307, -27.586064429024578 ], [ -60.716826268519142, -27.586102185676182 ], [ -60.716832400379225, -27.587045143272807 ], [ -60.716858640795827, -27.587965437377981 ], [ -60.718033369758615, -27.587950343604245 ], [ -60.719015646717715, -27.587931724715617 ], [ -60.719678907849044, -27.587914752767094 ], [ -60.720924468565237, -27.587890243574588 ], [ -60.723106700104644, -27.587842800687529 ], [ -60.723134746668379, -27.586714678057305 ], [ -60.723117486670191, -27.585627398363791 ], [ -60.723105172474945, -27.584522045108709 ], [ -60.723112547439825, -27.584102399244141 ], [ -60.723087943225316, -27.583439276813241 ], [ -60.723081607290695, -27.58324529772678 ], [ -60.723060321319267, -27.582315955272911 ], [ -60.723050435010727, -27.581580565465284 ], [ -60.723056005454254, -27.580885702295454 ], [ -60.72303483897339, -27.579974406539289 ], [ -60.723010118415466, -27.579293236647132 ] ] ] ] } },
{ "type": "Feature", "properties": { "ArcIds": "(8:7291,-7294,-7312,7313,-7321,7322,-7320,7319)", "AREA": 237691.25, "PERIMETER": 2016.413, "PAIS_22#": 1846, "PAIS_22-ID": 1847, "LINK": "220980707", "TIPO": "U", "Link2": "220980707U", "2022Total": 544, "2022Mujere": 293, "2022Varone": 251 }, "geometry": { "type": "MultiPolygon", "coordinates": [ [ [ [ -60.717835767345044, -27.579378733315128 ], [ -60.716686475685997, -27.579398204816076 ], [ -60.715516754335084, -27.579390700574205 ], [ -60.71495021504488, -27.579479344715221 ], [ -60.714221238196231, -27.579505655213659 ], [ -60.713426408069822, -27.579527788284103 ], [ -60.713456353571836, -27.581025590637491 ], [ -60.713488502553915, -27.582081213671529 ], [ -60.713515939259779, -27.583191003716539 ], [ -60.713100788512804, -27.583202160057393 ], [ -60.713138086353695, -27.584271292185161 ], [ -60.714353227339537, -27.584246998708039 ], [ -60.714773503878789, -27.584244836012765 ], [ -60.715558328247219, -27.584236282077676 ], [ -60.716788599845152, -27.584202865504359 ], [ -60.718008860842808, -27.584187537445956 ], [ -60.717951349916362, -27.583132047508329 ], [ -60.717936140198951, -27.582351565346869 ], [ -60.71791338914479, -27.581968170403456 ], [ -60.717931175233339, -27.581589077782812 ], [ -60.717916847426231, -27.58094394828408 ], [ -60.717865578113539, -27.580068902080892 ], [ -60.717835767345044, -27.579378733315128 ] ] ] ] } },
{ "type": "Feature", "properties": { "ArcIds": "(7:7295,7324,-7325,7323,7321,-7313,7312)", "AREA": 267341.875, "PERIMETER": 2089.838, "PAIS_22#": 1847, "PAIS_22-ID": 1848, "LINK": "220980708", "TIPO": "U", "Link2": "220980708U", "2022Total": 497, "2022Mujere": 268, "2022Varone": 229 }, "geometry": { "type": "MultiPolygon", "coordinates": [ [ [ [ -60.713426408069822, -27.579527788284103 ], [ -60.711330352176581, -27.579565611645638 ], [ -60.710601228064576, -27.57956934432093 ], [ -60.709381189740519, -27.579611676970458 ], [ -60.708155970954962, -27.579635977650138 ], [ -60.708180049365396, -27.580231428231635 ], [ -60.708210930297156, -27.581097559189086 ], [ -60.70823316299002, -27.582193841951916 ], [ -60.708255164510319, -27.583254030375752 ], [ -60.70826727141619, -27.584350364431653 ], [ -60.709487449905012, -27.584321575905602 ], [ -60.71068748952522, -27.584310927396942 ], [ -60.713138086353695, -27.584271292185161 ], [ -60.713100788512804, -27.583202160057393 ], [ -60.713515939259779, -27.583191003716539 ], [ -60.713488502553915, -27.582081213671529 ], [ -60.713456353571836, -27.581025590637491 ], [ -60.713426408069822, -27.579527788284103 ] ] ] ] } },
{ "type": "Feature", "properties": { "ArcIds": "(11:7297,7299,7301,-7327,-7328,7360,7361,-7362,-7359,-7326,-7324)", "AREA": 1245314.375, "PERIMETER": 6031.109, "PAIS_22#": 1848, "PAIS_22-ID": 1849, "LINK": "220980709", "TIPO": "U", "Link2": "220980709U", "2022Total": 674, "2022Mujere": 340, "2022Varone": 334 }, "geometry": { "type": "MultiPolygon", "coordinates": [ [ [ [ -60.708155970954962, -27.579635977650138 ], [ -60.706946317524761, -27.57971884325524 ], [ -60.705721038752706, -27.579734098935702 ], [ -60.704202169932039, -27.579764368594407 ], [ -60.703194816463856, -27.579810080242073 ], [ -60.701954172898049, -27.579798308963067 ], [ -60.700728977533515, -27.579827055961857 ], [ -60.699539139121008, -27.579842078291794 ], [ -60.698318948385598, -27.579861754980673 ], [ -60.697341885345672, -27.579893736118954 ], [ -60.697098842535048, -27.579894956303331 ], [ -60.695873472992155, -27.57989658980572 ], [ -60.694698907661333, -27.579925029927818 ], [ -60.693453283667395, -27.579926743394036 ], [ -60.693265966324532, -27.579932190531963 ], [ -60.687364134601815, -27.580011705529525 ], [ -60.687495176990716, -27.584700176835348 ], [ -60.69741687924077, -27.584545153111485 ], [ -60.698343518891328, -27.584540496036151 ], [ -60.702444805996535, -27.584483714311766 ], [ -60.702450469438482, -27.585372533787922 ], [ -60.702495492491202, -27.586080677283295 ], [ -60.702510306531877, -27.586816045036617 ], [ -60.702509814655151, -27.587533442478865 ], [ -60.70250897782185, -27.58819669858622 ], [ -60.702610770834312, -27.588277398031678 ], [ -60.703957589627279, -27.588248016616816 ], [ -60.704433468477241, -27.588227555434383 ], [ -60.705360051070954, -27.588209315655128 ], [ -60.706671392411181, -27.588175576241508 ], [ -60.706656665918835, -27.587458256670651 ], [ -60.706644573956616, -27.58636192266739 ], [ -60.706632132897674, -27.586001032677824 ], [ -60.706607800571817, -27.585364976259005 ], [ -60.706602216397705, -27.585283790171893 ], [ -60.706606704518563, -27.584403943487459 ], [ -60.708014121158456, -27.584356167324014 ], [ -60.70826727141619, -27.584350364431653 ], [ -60.708255164510319, -27.583254030375752 ], [ -60.70823316299002, -27.582193841951916 ], [ -60.708210930297156, -27.581097559189086 ], [ -60.708180049365396, -27.580231428231635 ], [ -60.708155970954962, -27.579635977650138 ] ] ] ] } },
{ "type": "Feature", "properties": { "ArcIds": "(9:7303,7305,7610,-7612,-7613,-7584,-7402,7383,7327)", "AREA": 165390352.0, "PERIMETER": 55185.203, "PAIS_22#": 1849, "PAIS_22-ID": 1850, "LINK": "220980605", "TIPO": "R", "Link2": "220980605R", "2022Total": 93, "2022Mujere": 34, "2022Varone": 59 }, "geometry": { "type": "MultiPolygon", "coordinates": [ [ [ [ -60.687364134601815, -27.580011705529525 ], [ -60.62119835544771, -27.581085489072855 ], [ -60.621908376569529, -27.646159013734284 ], [ -60.622544154214069, -27.646156160637918 ], [ -60.622135048885319, -27.692248585032203 ], [ -60.621732390867471, -27.739084647762844 ], [ -60.722956205953828, -27.739043182094662 ], [ -60.723182645382423, -27.719350946374149 ], [ -60.723409415882813, -27.69433595160978 ], [ -60.723718268990297, -27.655653886732072 ], [ -60.723374113646521, -27.609707758947504 ], [ -60.687998736638882, -27.610038207020249 ], [ -60.687863835209882, -27.599832414925039 ], [ -60.687677476251565, -27.592775445599724 ], [ -60.687607630419571, -27.589183448207635 ], [ -60.687495176990716, -27.584700176835348 ], [ -60.687364134601815, -27.580011705529525 ] ] ] ] } },
{ "type": "Feature", "properties": { "ArcIds": "(6:7309,7330,-7331,-7329,-7315,-7314)", "AREA": 185929.625, "PERIMETER": 2121.652, "PAIS_22#": 1850, "PAIS_22-ID": 1851, "LINK": "220980910", "TIPO": "U", "Link2": "220980910U", "2022Total": 736, "2022Mujere": 380, "2022Varone": 356 }, "geometry": { "type": "MultiPolygon", "coordinates": [ [ [ [ -60.73557184508519, -27.58220512711264 ], [ -60.734270536805127, -27.582212013957722 ], [ -60.733060310329442, -27.582209384023646 ], [ -60.731824826248911, -27.582215900457022 ], [ -60.730640125866103, -27.582244698239268 ], [ -60.729283177256335, -27.582260854897783 ], [ -60.729310922204498, -27.583393197483559 ], [ -60.729318115253974, -27.584480528773206 ], [ -60.730649683634695, -27.584450969229071 ], [ -60.731864998739532, -27.584453593008657 ], [ -60.733080223637756, -27.584442670917905 ], [ -60.734295387932356, -27.584422714710577 ], [ -60.735606789201995, -27.584406749995505 ], [ -60.737125825674049, -27.584394182741857 ], [ -60.737123950974755, -27.583356455610964 ], [ -60.738065551642954, -27.583319870857512 ], [ -60.737141218567459, -27.582909685767515 ], [ -60.73557184508519, -27.58220512711264 ] ] ] ] } },
{ "type": "Feature", "properties": { "ArcIds": "(4:-7332,7333,-7330,-7311)", "AREA": 151116.875, "PERIMETER": 1718.654, "PAIS_22#": 1851, "PAIS_22-ID": 1852, "LINK": "220980911", "TIPO": "U", "Link2": "220980911U", "2022Total": 820, "2022Mujere": 427, "2022Varone": 393 }, "geometry": { "type": "MultiPolygon", "coordinates": [ [ [ [ -60.723105172474945, -27.584522045108709 ], [ -60.724366061958605, -27.584524497191026 ], [ -60.7255913874275, -27.584509076033498 ], [ -60.726806585150463, -27.58449369707601 ], [ -60.728021722687188, -27.584469283991698 ], [ -60.729318115253974, -27.584480528773206 ], [ -60.729310922204498, -27.583393197483559 ], [ -60.729283177256335, -27.582260854897783 ], [ -60.727981896277058, -27.582272194578923 ], [ -60.726786828618934, -27.582264918592738 ], [ -60.725566591979138, -27.582280323365325 ], [ -60.725455195632655, -27.582280905353787 ], [ -60.724417184061664, -27.582286324133101 ], [ -60.724351358927862, -27.582286667501453 ], [ -60.723060321319267, -27.582315955272911 ], [ -60.723081607290695, -27.58324529772678 ], [ -60.723087943225316, -27.583439276813241 ], [ -60.723112547439825, -27.584102399244141 ], [ -60.723105172474945, -27.584522045108709 ] ] ] ] } },
{ "type": "Feature", "properties": { "ArcIds": "(7:7315,7329,7331,7342,7343,-7341,-7317)", "AREA": 232958.875, "PERIMETER": 2514.052, "PAIS_22#": 1852, "PAIS_22-ID": 1853, "LINK": "220980913", "TIPO": "U", "Link2": "220980913U", "2022Total": 1341, "2022Mujere": 660, "2022Varone": 681 }, "geometry": { "type": "MultiPolygon", "coordinates": [ [ [ [ -60.738065551642954, -27.583319870857512 ], [ -60.737123950974755, -27.583356455610964 ], [ -60.737125825674049, -27.584394182741857 ], [ -60.735606789201995, -27.584406749995505 ], [ -60.734295387932356, -27.584422714710577 ], [ -60.733080223637756, -27.584442670917905 ], [ -60.731864998739532, -27.584453593008657 ], [ -60.730649683634695, -27.584450969229071 ], [ -60.729318115253974, -27.584480528773206 ], [ -60.729350596941174, -27.585563215161436 ], [ -60.729367798969179, -27.586632445919793 ], [ -60.729808278128708, -27.586621107660164 ], [ -60.730668981422632, -27.586598533539028 ], [ -60.731884320202667, -27.586601156689614 ], [ -60.733109696084753, -27.586590180503713 ], [ -60.734319940594425, -27.586588297328341 ], [ -60.73567688029356, -27.586563066955083 ], [ -60.737145370257196, -27.586559790664719 ], [ -60.738558280493791, -27.586574842072771 ], [ -60.738550874761671, -27.585469466415944 ], [ -60.73854360465053, -27.585140136485023 ], [ -60.738523366367076, -27.584386756996388 ], [ -60.738537968637118, -27.58354295413173 ], [ -60.738065551642954, -27.583319870857512 ] ] ] ] } },
{ "type": "Feature", "properties": { "ArcIds": "(8:7341,-7343,-7345,-7350,-7369,7370,7368,-7348)", "AREA": 1291461.5, "PERIMETER": 5946.476, "PAIS_22#": 1854, "PAIS_22-ID": 1855, "LINK": "220980914", "TIPO": "U", "Link2": "220980914U", "2022Total": 502, "2022Mujere": 243, "2022Varone": 259 }, "geometry": { "type": "MultiPolygon", "coordinates": [ [ [ [ -60.738537968637118, -27.58354295413173 ], [ -60.738523366367076, -27.584386756996388 ], [ -60.73854360465053, -27.585140136485023 ], [ -60.738550874761671, -27.585469466415944 ], [ -60.738558280493791, -27.586574842072771 ], [ -60.737145370257196, -27.586559790664719 ], [ -60.73567688029356, -27.586563066955083 ], [ -60.734319940594425, -27.586588297328341 ], [ -60.733109696084753, -27.586590180503713 ], [ -60.731884320202667, -27.586601156689614 ], [ -60.730668981422632, -27.586598533539028 ], [ -60.729808278128708, -27.586621107660164 ], [ -60.729367798969179, -27.586632445919793 ], [ -60.728051454210288, -27.586670937521614 ], [ -60.726820982420691, -27.586677383849061 ], [ -60.725615858283433, -27.586688198718097 ], [ -60.724385385635522, -27.586694623466791 ], [ -60.723134746668379, -27.586714678057305 ], [ -60.723106700104644, -27.587842800687529 ], [ -60.723116879921172, -27.590166378831565 ], [ -60.723120402475722, -27.590703277090654 ], [ -60.723125020425961, -27.591407110039015 ], [ -60.738635357057504, -27.591275827972385 ], [ -60.746018408890968, -27.591227328841544 ], [ -60.745947913103436, -27.586797029773418 ], [ -60.743408387078773, -27.58566914005873 ], [ -60.742773521157332, -27.585388288117194 ], [ -60.742153909907579, -27.585116375477057 ], [ -60.741112812119255, -27.584666234307594 ], [ -60.740036156743969, -27.584198227089797 ], [ -60.738537968637118, -27.58354295413173 ] ] ] ] } },
{ "type": "Feature", "properties": { "ArcIds": "(12:-7323,7356,7357,7355,-7352,7336,-7335,-7334,7337,-7339,-7338,-7322)", "AREA": 234565.0, "PERIMETER": 2477.891, "PAIS_22#": 1855, "PAIS_22-ID": 1856, "LINK": "220980712", "TIPO": "U", "Link2": "220980712U", "2022Total": 612, "2022Mujere": 322, "2022Varone": 290 }, "geometry": { "type": "MultiPolygon", "coordinates": [ [ [ [ -60.71068748952522, -27.584310927396942 ], [ -60.710719148316038, -27.58529436280811 ], [ -60.710720018617401, -27.586214788864716 ], [ -60.710731074715483, -27.587144186490615 ], [ -60.710752200507244, -27.588064508619482 ], [ -60.711997766811884, -27.588040079441971 ], [ -60.713243536657309, -27.588047221430426 ], [ -60.714858784405862, -27.588025379013402 ], [ -60.716858640795827, -27.587965437377981 ], [ -60.716832400379225, -27.587045143272807 ], [ -60.716826268519142, -27.586102185676182 ], [ -60.718021085319307, -27.586064429024578 ], [ -60.718000017186455, -27.58516215591693 ], [ -60.716805004793009, -27.585168329887885 ], [ -60.715579698192428, -27.585188185429175 ], [ -60.715616171812378, -27.586126475070923 ], [ -60.714831363258725, -27.586139541346878 ], [ -60.714815150772665, -27.585201147109281 ], [ -60.714773503878789, -27.584244836012765 ], [ -60.714353227339537, -27.584246998708039 ], [ -60.713138086353695, -27.584271292185161 ], [ -60.71068748952522, -27.584310927396942 ] ] ] ] } },
{ "type": "Feature", "properties": { "ArcIds": "(8:7325,7326,7359,7364,-7365,7363,-7358,-7356)", "AREA": 215846.0, "PERIMETER": 2115.01, "PAIS_22#": 1856, "PAIS_22-ID": 1857, "LINK": "220980711", "TIPO": "U", "Link2": "220980711U", "2022Total": 800, "2022Mujere": 419, "2022Varone": 381 }, "geometry": { "type": "MultiPolygon", "coordinates": [ [ [ [ -60.71068748952522, -27.584310927396942 ], [ -60.709487449905012, -27.584321575905602 ], [ -60.70826727141619, -27.584350364431653 ], [ -60.708014121158456, -27.584356167324014 ], [ -60.706606704518563, -27.584403943487459 ], [ -60.706602216397705, -27.585283790171893 ], [ -60.706607800571817, -27.585364976259005 ], [ -60.706632132897674, -27.586001032677824 ], [ -60.706644573956616, -27.58636192266739 ], [ -60.706656665918835, -27.587458256670651 ], [ -60.706671392411181, -27.588175576241508 ], [ -60.706693526106875, -27.58925832310079 ], [ -60.706730909933334, -27.590350015985621 ], [ -60.707728316745424, -27.590317863897798 ], [ -60.708644817133994, -27.590304165271728 ], [ -60.708668209085339, -27.589216674878479 ], [ -60.708646114028397, -27.588142952223212 ], [ -60.709562537993129, -27.588120224346255 ], [ -60.710752200507244, -27.588064508619482 ], [ -60.710731074715483, -27.587144186490615 ], [ -60.710720018617401, -27.586214788864716 ], [ -60.710719148316038, -27.58529436280811 ], [ -60.71068748952522, -27.584310927396942 ] ] ] ] } },
{ "type": "Feature", "properties": { "ArcIds": "(10:7328,-7383,-7384,7389,-7390,-7388,-7380,-7378,-7361,-7360)", "AREA": 2766994.0, "PERIMETER": 6910.546, "PAIS_22#": 1857, "PAIS_22-ID": 1858, "LINK": "220980710", "TIPO": "U", "Link2": "220980710U", "2022Total": 406, "2022Mujere": 204, "2022Varone": 202 }, "geometry": { "type": "MultiPolygon", "coordinates": [ [ [ [ -60.702444805996535, -27.584483714311766 ], [ -60.698343518891328, -27.584540496036151 ], [ -60.69741687924077, -27.584545153111485 ], [ -60.687495176990716, -27.584700176835348 ], [ -60.687607630419571, -27.589183448207635 ], [ -60.687677476251565, -27.592775445599724 ], [ -60.687863835209882, -27.599832414925039 ], [ -60.690134886656182, -27.599863413682737 ], [ -60.692140213913376, -27.599830869482279 ], [ -60.694505275930261, -27.599823568410848 ], [ -60.694559017145231, -27.601921339323628 ], [ -60.696746583427135, -27.601869768408193 ], [ -60.698625733637847, -27.601900930103714 ], [ -60.700767716545769, -27.601849525257787 ], [ -60.702819055740356, -27.601879760727915 ], [ -60.702683754134988, -27.597341464409759 ], [ -60.702641228601642, -27.594643556152121 ], [ -60.702609235805966, -27.592802857284088 ], [ -60.702700214816105, -27.592775325338796 ], [ -60.702702891025716, -27.592400822900093 ], [ -60.702702287776852, -27.591511978741959 ], [ -60.702679990951275, -27.590397648480359 ], [ -60.702647797302198, -27.589319463449947 ], [ -60.702610770834312, -27.588277398031678 ], [ -60.70250897782185, -27.58819669858622 ], [ -60.702509814655151, -27.587533442478865 ], [ -60.702510306531877, -27.586816045036617 ], [ -60.702495492491202, -27.586080677283295 ], [ -60.702450469438482, -27.585372533787922 ], [ -60.702444805996535, -27.584483714311766 ] ] ] ] } },
{ "type": "Feature", "properties": { "ArcIds": "(4:-7344,7345,-7342,-7333)", "AREA": 148673.75, "PERIMETER": 1710.637, "PAIS_22#": 1858, "PAIS_22-ID": 1859, "LINK": "220980912", "TIPO": "U", "Link2": "220980912U", "2022Total": 614, "2022Mujere": 307, "2022Varone": 307 }, "geometry": { "type": "MultiPolygon", "coordinates": [ [ [ [ -60.723134746668379, -27.586714678057305 ], [ -60.724385385635522, -27.586694623466791 ], [ -60.725615858283433, -27.586688198718097 ], [ -60.726820982420691, -27.586677383849061 ], [ -60.728051454210288, -27.586670937521614 ], [ -60.729367798969179, -27.586632445919793 ], [ -60.729350596941174, -27.585563215161436 ], [ -60.729318115253974, -27.584480528773206 ], [ -60.728021722687188, -27.584469283991698 ], [ -60.726806585150463, -27.58449369707601 ], [ -60.7255913874275, -27.584509076033498 ], [ -60.724366061958605, -27.584524497191026 ], [ -60.723105172474945, -27.584522045108709 ], [ -60.723117486670191, -27.585627398363791 ], [ -60.723134746668379, -27.586714678057305 ] ] ] ] } },
{ "type": "Feature", "properties": { "ArcIds": "(14:7366,-7368,-7370,7371,-7373,-7375,-7377,7398,-7399,7390,-7389,7384,7402,7406)", "AREA": 10568365.0, "PERIMETER": 19276.203, "PAIS_22#": 1860, "PAIS_22-ID": 1861, "LINK": "220980201", "TIPO": "M", "Link2": "220980201M", "2022Total": 4, "2022Mujere": 2, "2022Varone": 2 }, "geometry": { "type": "MultiPolygon", "coordinates": [ [ [ [ -60.753978911228771, -27.590350519313144 ], [ -60.745947913103436, -27.586797029773418 ], [ -60.746018408890968, -27.591227328841544 ], [ -60.738635357057504, -27.591275827972385 ], [ -60.723125020425961, -27.591407110039015 ], [ -60.723121198102035, -27.59236816535395 ], [ -60.722538934116528, -27.592384732590922 ], [ -60.719708191834755, -27.592399435912085 ], [ -60.714948727638188, -27.592523289180473 ], [ -60.713298024745889, -27.592554339521868 ], [ -60.712456744388362, -27.592572573909692 ], [ -60.710802526960308, -27.592586335920483 ], [ -60.709628609561783, -27.592602906901728 ], [ -60.708715374059004, -27.592613903943331 ], [ -60.707771221311347, -27.592603143312836 ], [ -60.70677511167856, -27.592608217903667 ], [ -60.706876551711986, -27.597266034533874 ], [ -60.706880111979245, -27.597820981196023 ], [ -60.706894524484241, -27.5984886702579 ], [ -60.706909458333435, -27.599237570938008 ], [ -60.706924595156984, -27.600018053851354 ], [ -60.707041390602157, -27.606379245264822 ], [ -60.702959581460981, -27.606440586905858 ], [ -60.702819055740356, -27.601879760727915 ], [ -60.700767716545769, -27.601849525257787 ], [ -60.698625733637847, -27.601900930103714 ], [ -60.696746583427135, -27.601869768408193 ], [ -60.694559017145231, -27.601921339323628 ], [ -60.694505275930261, -27.599823568410848 ], [ -60.692140213913376, -27.599830869482279 ], [ -60.690134886656182, -27.599863413682737 ], [ -60.687863835209882, -27.599832414925039 ], [ -60.687998736638882, -27.610038207020249 ], [ -60.723374113646521, -27.609707758947504 ], [ -60.754269256150067, -27.609377612111182 ], [ -60.753978911228771, -27.590350519313144 ] ] ] ] } },
{ "type": "Feature", "properties": { "ArcIds": "(5:7372,7373,-7371,7369,-7351)", "AREA": 197076.0, "PERIMETER": 1806.118, "PAIS_22#": 1861, "PAIS_22-ID": 1862, "LINK": "220980713", "TIPO": "U", "Link2": "220980713U", "2022Total": 878, "2022Mujere": 471, "2022Varone": 407 }, "geometry": { "type": "MultiPolygon", "coordinates": [ [ [ [ -60.719015646717715, -27.587931724715617 ], [ -60.71902212153168, -27.588924310916973 ], [ -60.71901941087399, -27.590061325565536 ], [ -60.719023001755318, -27.590611759580124 ], [ -60.719021205073936, -27.591112590485213 ], [ -60.719025443701895, -27.591762282989226 ], [ -60.719703949067416, -27.591749743565309 ], [ -60.719701418995705, -27.592137780530706 ], [ -60.719701831486063, -27.592200945063617 ], [ -60.719708191834755, -27.592399435912085 ], [ -60.722538934116528, -27.592384732590922 ], [ -60.723121198102035, -27.59236816535395 ], [ -60.723125020425961, -27.591407110039015 ], [ -60.723120402475722, -27.590703277090654 ], [ -60.723116879921172, -27.590166378831565 ], [ -60.723106700104644, -27.587842800687529 ], [ -60.720924468565237, -27.587890243574588 ], [ -60.719678907849044, -27.587914752767094 ], [ -60.719015646717715, -27.587931724715617 ] ] ] ] } },
{ "type": "Feature", "properties": { "ArcIds": "(5:-7355,7374,7375,-7372,-7353)", "AREA": 287688.375, "PERIMETER": 2266.313, "PAIS_22#": 1862, "PAIS_22-ID": 1863, "LINK": "220980714", "TIPO": "U", "Link2": "220980714U", "2022Total": 822, "2022Mujere": 428, "2022Varone": 394 }, "geometry": { "type": "MultiPolygon", "coordinates": [ [ [ [ -60.713243536657309, -27.588047221430426 ], [ -60.71325054344053, -27.589130044085081 ], [ -60.713283278634634, -27.590275901135541 ], [ -60.713304777358061, -27.591250363161649 ], [ -60.713300927761779, -27.592220443372355 ], [ -60.713298024745889, -27.592554339521868 ], [ -60.714948727638188, -27.592523289180473 ], [ -60.719708191834755, -27.592399435912085 ], [ -60.719701831486063, -27.592200945063617 ], [ -60.719701418995705, -27.592137780530706 ], [ -60.719703949067416, -27.591749743565309 ], [ -60.719025443701895, -27.591762282989226 ], [ -60.719021205073936, -27.591112590485213 ], [ -60.719023001755318, -27.590611759580124 ], [ -60.71901941087399, -27.590061325565536 ], [ -60.71902212153168, -27.588924310916973 ], [ -60.719015646717715, -27.587931724715617 ], [ -60.718033369758615, -27.587950343604245 ], [ -60.716858640795827, -27.587965437377981 ], [ -60.714858784405862, -27.588025379013402 ], [ -60.713243536657309, -27.588047221430426 ] ] ] ] } },
{ "type": "Feature", "properties": { "ArcIds": "(7:7358,-7363,7365,7376,7377,-7374,-7357)", "AREA": 274077.625, "PERIMETER": 2288.276, "PAIS_22#": 1863, "PAIS_22-ID": 1864, "LINK": "220980715", "TIPO": "U", "Link2": "220980715U", "2022Total": 1086, "2022Mujere": 549, "2022Varone": 537 }, "geometry": { "type": "MultiPolygon", "coordinates": [ [ [ [ -60.710752200507244, -27.588064508619482 ], [ -60.709562537993129, -27.588120224346255 ], [ -60.708646114028397, -27.588142952223212 ], [ -60.708668209085339, -27.589216674878479 ], [ -60.708644817133994, -27.590304165271728 ], [ -60.707728316745424, -27.590317863897798 ], [ -60.706730909933334, -27.590350015985621 ], [ -60.706763144044359, -27.591428199157811 ], [ -60.706784238383356, -27.592348521933491 ], [ -60.70677511167856, -27.592608217903667 ], [ -60.707771221311347, -27.592603143312836 ], [ -60.708715374059004, -27.592613903943331 ], [ -60.709628609561783, -27.592602906901728 ], [ -60.710802526960308, -27.592586335920483 ], [ -60.712456744388362, -27.592572573909692 ], [ -60.713298024745889, -27.592554339521868 ], [ -60.713300927761779, -27.592220443372355 ], [ -60.713304777358061, -27.591250363161649 ], [ -60.713283278634634, -27.590275901135541 ], [ -60.71325054344053, -27.589130044085081 ], [ -60.713243536657309, -27.588047221430426 ], [ -60.711997766811884, -27.588040079441971 ], [ -60.710752200507244, -27.588064508619482 ] ] ] ] } },
{ "type": "Feature", "properties": { "ArcIds": "(5:7362,7378,-7379,-7376,-7364)", "AREA": 200413.75, "PERIMETER": 1807.316, "PAIS_22#": 1864, "PAIS_22-ID": 1865, "LINK": "220980716", "TIPO": "U", "Link2": "220980716U", "2022Total": 771, "2022Mujere": 381, "2022Varone": 390 }, "geometry": { "type": "MultiPolygon", "coordinates": [ [ [ [ -60.706671392411181, -27.588175576241508 ], [ -60.705360051070954, -27.588209315655128 ], [ -60.704433468477241, -27.588227555434383 ], [ -60.703957589627279, -27.588248016616816 ], [ -60.702610770834312, -27.588277398031678 ], [ -60.702647797302198, -27.589319463449947 ], [ -60.702679990951275, -27.590397648480359 ], [ -60.702702287776852, -27.591511978741959 ], [ -60.702702891025716, -27.592400822900093 ], [ -60.702700214816105, -27.592775325338796 ], [ -60.704041995707492, -27.592741455963303 ], [ -60.705449722622468, -27.592725286204445 ], [ -60.706771435503974, -27.592728421324384 ], [ -60.70677511167856, -27.592608217903667 ], [ -60.706784238383356, -27.592348521933491 ], [ -60.706763144044359, -27.591428199157811 ], [ -60.706730909933334, -27.590350015985621 ], [ -60.706693526106875, -27.58925832310079 ], [ -60.706671392411181, -27.588175576241508 ] ] ] ] } },
{ "type": "Feature", "properties": { "ArcIds": "(15:7584,-7585,-7586,-7587,-7456,-7455,-7454,7434,-7425,-7419,-7406,0,7458,7457,-7435)", "AREA": 112059112.0, "PERIMETER": 56119.656, "PAIS_22#": 1865, "PAIS_22-ID": 1866, "LINK": "220980406", "TIPO": "R", "Link2": "220980406R", "2022Total": 210, "2022Mujere": 107, "2022Varone": 103 }, "geometry": { "type": "MultiPolygon", "coordinates": [ [ [ [ -60.723374113646521, -27.609707758947504 ], [ -60.723718268990297, -27.655653886732072 ], [ -60.723409415882813, -27.69433595160978 ], [ -60.723182645382423, -27.719350946374149 ], [ -60.768453482158748, -27.719227090036831 ], [ -60.813783320960006, -27.719015856235693 ], [ -60.814802983847251, -27.719003288067295 ], [ -60.814830254598043, -27.664690073278681 ], [ -60.814937270081344, -27.635380723401614 ], [ -60.841309746724058, -27.635223249452562 ], [ -60.835601788844563, -27.631409185843882 ], [ -60.835486342205556, -27.631549747381388 ], [ -60.826271071942067, -27.625410226746354 ], [ -60.823991668499758, -27.624070238769782 ], [ -60.823971306073616, -27.624056824252371 ], [ -60.822013121977278, -27.622990115605337 ], [ -60.821392571728637, -27.622646380758727 ], [ -60.819327531306179, -27.621508076594992 ], [ -60.817476172428201, -27.620490301277293 ], [ -60.815752310036821, -27.619584546716226 ], [ -60.815447436150478, -27.619455495891895 ], [ -60.81514259637401, -27.61933095601335 ], [ -60.814995308608729, -27.61927767933096 ], [ -60.814832759004346, -27.619215468463231 ], [ -60.814522922269376, -27.61909998020521 ], [ -60.814208087857992, -27.618993544233305 ], [ -60.813893287396162, -27.618891619167474 ], [ -60.813573489145064, -27.618798746345625 ], [ -60.813253724746517, -27.618710384409862 ], [ -60.812933994160865, -27.618626533361475 ], [ -60.812756384766004, -27.618582455587191 ], [ -60.812609232314898, -27.618547222867114 ], [ -60.812284537499387, -27.618476934876334 ], [ -60.811954811328377, -27.618411187395211 ], [ -60.811625118794659, -27.618349950759551 ], [ -60.81143748004741, -27.618319465447421 ], [ -60.811295459857433, -27.618293224970575 ], [ -60.810965867712319, -27.618245521668495 ], [ -60.810631277257485, -27.618206870448656 ], [ -60.810296687016191, -27.618168218416614 ], [ -60.809962163378607, -27.618138588852755 ], [ -60.809627706262226, -27.618117981759422 ], [ -60.809369257674504, -27.618101442318473 ], [ -60.809338650410901, -27.614754263545354 ], [ -60.806976625281123, -27.613716751806056 ], [ -60.769891680044317, -27.597371199737175 ], [ -60.753978911228771, -27.590350519313144 ], [ -60.754269256150067, -27.609377612111182 ], [ -60.723374113646521, -27.609707758947504 ] ], [ [ -60.76040544659903, -27.618387455631751 ], [ -60.759707647305433, -27.618562729082534 ], [ -60.754318501866706, -27.618610180511023 ], [ -60.754389894263596, -27.624592526760303 ], [ -60.754411035340716, -27.62619863524575 ], [ -60.754436291657278, -27.628404798602158 ], [ -60.754476980121922, -27.632122350332409 ], [ -60.754513156434506, -27.635181193463001 ], [ -60.754529610665067, -27.63684146723827 ], [ -60.750335127893031, -27.636882271906146 ], [ -60.747878231910647, -27.636909078502335 ], [ -60.746196395003324, -27.636927161636756 ], [ -60.744180203491396, -27.636947018934741 ], [ -60.744021368091566, -27.618701876079289 ], [ -60.743980138594111, -27.614099984105227 ], [ -60.750655747578129, -27.61407305519252 ], [ -60.750900309066722, -27.614283789990925 ], [ -60.751155001333977, -27.614494469496965 ], [ -60.751414728714089, -27.614700609376296 ], [ -60.751674426262156, -27.614902237038915 ], [ -60.751944193028919, -27.615094785886217 ], [ -60.752213960734593, -27.615287334184902 ], [ -60.752488763508289, -27.615475342763254 ], [ -60.752768570492435, -27.615654299888376 ], [ -60.753053443360329, -27.615833228937714 ], [ -60.753338255403307, -27.616003133973781 ], [ -60.75362810242931, -27.616168499191225 ], [ -60.753922984423895, -27.616329324559011 ], [ -60.754222901371335, -27.61648561004565 ], [ -60.754294058797406, -27.616521318187974 ], [ -60.754522788238461, -27.616637383162473 ], [ -60.754827679076591, -27.616780104655643 ], [ -60.755137635721695, -27.616922797894244 ], [ -60.755447531238367, -27.617056467021811 ], [ -60.755762461561773, -27.617185596151327 ], [ -60.756082395683457, -27.617305673550177 ], [ -60.756402330487823, -27.617425750195203 ], [ -60.756722203949927, -27.617536802690161 ], [ -60.757047112075419, -27.617643315098956 ], [ -60.757377054837519, -27.61774528738696 ], [ -60.757706936087025, -27.617838235482736 ], [ -60.758036786808944, -27.617926671085204 ], [ -60.758371672037178, -27.618010566510677 ], [ -60.758706526662536, -27.618089949420828 ], [ -60.759041319535186, -27.618160308121571 ], [ -60.759381146777962, -27.618226126588212 ], [ -60.759720943270686, -27.618287432519139 ], [ -60.760060677820995, -27.618339714221467 ], [ -60.76040544659903, -27.618387455631751 ] ] ] ] } },
{ "type": "Feature", "properties": { "ArcIds": "(5:7379,7380,7388,7399,-7398)", "AREA": 621490.25, "PERIMETER": 3842.387, "PAIS_22#": 1866, "PAIS_22-ID": 1867, "LINK": "220980216", "TIPO": "U", "Link2": "220980216U", "2022Total": 94, "2022Mujere": 57, "2022Varone": 37 }, "geometry": { "type": "MultiPolygon", "coordinates": [ [ [ [ -60.706771435503974, -27.592728421324384 ], [ -60.705449722622468, -27.592725286204445 ], [ -60.704041995707492, -27.592741455963303 ], [ -60.702700214816105, -27.592775325338796 ], [ -60.702609235805966, -27.592802857284088 ], [ -60.702641228601642, -27.594643556152121 ], [ -60.702683754134988, -27.597341464409759 ], [ -60.702819055740356, -27.601879760727915 ], [ -60.702959581460981, -27.606440586905858 ], [ -60.707041390602157, -27.606379245264822 ], [ -60.706924595156984, -27.600018053851354 ], [ -60.706909458333435, -27.599237570938008 ], [ -60.706894524484241, -27.5984886702579 ], [ -60.706880111979245, -27.597820981196023 ], [ -60.706876551711986, -27.597266034533874 ], [ -60.706771435503974, -27.592728421324384 ] ] ] ] } },
{ "type": "Feature", "properties": { "ArcIds": "(10:7425,-7434,7454,7455,7453,7452,-7433,7432,7431,7430)", "AREA": 630523.25, "PERIMETER": 7361.112, "PAIS_22#": 1875, "PAIS_22-ID": 1876, "LINK": "220980412", "TIPO": "U", "Link2": "220980412U", "2022Total": 285, "2022Mujere": 133, "2022Varone": 152 }, "geometry": { "type": "MultiPolygon", "coordinates": [ [ [ [ -60.806976625281123, -27.613716751806056 ], [ -60.809338650410901, -27.614754263545354 ], [ -60.809369257674504, -27.618101442318473 ], [ -60.809627706262226, -27.618117981759422 ], [ -60.809962163378607, -27.618138588852755 ], [ -60.810296687016191, -27.618168218416614 ], [ -60.810631277257485, -27.618206870448656 ], [ -60.810965867712319, -27.618245521668495 ], [ -60.811295459857433, -27.618293224970575 ], [ -60.81143748004741, -27.618319465447421 ], [ -60.811625118794659, -27.618349950759551 ], [ -60.811954811328377, -27.618411187395211 ], [ -60.812284537499387, -27.618476934876334 ], [ -60.812609232314898, -27.618547222867114 ], [ -60.812756384766004, -27.618582455587191 ], [ -60.812933994160865, -27.618626533361475 ], [ -60.813253724746517, -27.618710384409862 ], [ -60.813573489145064, -27.618798746345625 ], [ -60.813893287396162, -27.618891619167474 ], [ -60.814208087857992, -27.618993544233305 ], [ -60.814522922269376, -27.61909998020521 ], [ -60.814832759004346, -27.619215468463231 ], [ -60.814995308608729, -27.61927767933096 ], [ -60.81514259637401, -27.61933095601335 ], [ -60.815447436150478, -27.619455495891895 ], [ -60.815752310036821, -27.619584546716226 ], [ -60.817476172428201, -27.620490301277293 ], [ -60.819327531306179, -27.621508076594992 ], [ -60.821392571728637, -27.622646380758727 ], [ -60.822013121977278, -27.622990115605337 ], [ -60.823971306073616, -27.624056824252371 ], [ -60.823991668499758, -27.624070238769782 ], [ -60.826271071942067, -27.625410226746354 ], [ -60.835486342205556, -27.631549747381388 ], [ -60.835601788844563, -27.631409185843882 ], [ -60.836294496824557, -27.63057032628052 ], [ -60.816021387816981, -27.616934520142806 ], [ -60.815340692906553, -27.617353610288369 ], [ -60.81522796047318, -27.617178311290868 ], [ -60.815237956768001, -27.617160205231635 ], [ -60.815247986469878, -27.617146610806586 ], [ -60.815252951204151, -27.617133046141429 ], [ -60.815312628161401, -27.616983805050751 ], [ -60.807212049563809, -27.613344997594446 ], [ -60.806976625281123, -27.613716751806056 ] ] ] ] } },
{ "type": "Feature", "properties": { "ArcIds": "(3:7435,-7457,-7458)", "AREA": 2584293.25, "PERIMETER": 7929.445, "PAIS_22#": 1876, "PAIS_22-ID": 1877, "LINK": "220980413", "TIPO": "U", "Link2": "220980413U", "2022Total": 909, "2022Mujere": 458, "2022Varone": 451 }, "geometry": { "type": "MultiPolygon", "coordinates": [ [ [ [ -60.76040544659903, -27.618387455631751 ], [ -60.760060677820995, -27.618339714221467 ], [ -60.759720943270686, -27.618287432519139 ], [ -60.759381146777962, -27.618226126588212 ], [ -60.759041319535186, -27.618160308121571 ], [ -60.758706526662536, -27.618089949420828 ], [ -60.758371672037178, -27.618010566510677 ], [ -60.758036786808944, -27.617926671085204 ], [ -60.757706936087025, -27.617838235482736 ], [ -60.757377054837519, -27.61774528738696 ], [ -60.757047112075419, -27.617643315098956 ], [ -60.756722203949927, -27.617536802690161 ], [ -60.756402330487823, -27.617425750195203 ], [ -60.756082395683457, -27.617305673550177 ], [ -60.755762461561773, -27.617185596151327 ], [ -60.755447531238367, -27.617056467021811 ], [ -60.755137635721695, -27.616922797894244 ], [ -60.754827679076591, -27.616780104655643 ], [ -60.754522788238461, -27.616637383162473 ], [ -60.754294058797406, -27.616521318187974 ], [ -60.754222901371335, -27.61648561004565 ], [ -60.753922984423895, -27.616329324559011 ], [ -60.75362810242931, -27.616168499191225 ], [ -60.753338255403307, -27.616003133973781 ], [ -60.753053443360329, -27.615833228937714 ], [ -60.752768570492435, -27.615654299888376 ], [ -60.752488763508289, -27.615475342763254 ], [ -60.752213960734593, -27.615287334184902 ], [ -60.751944193028919, -27.615094785886217 ], [ -60.751674426262156, -27.614902237038915 ], [ -60.751414728714089, -27.614700609376296 ], [ -60.751155001333977, -27.614494469496965 ], [ -60.750900309066722, -27.614283789990925 ], [ -60.750655747578129, -27.61407305519252 ], [ -60.743980138594111, -27.614099984105227 ], [ -60.744021368091566, -27.618701876079289 ], [ -60.744180203491396, -27.636947018934741 ], [ -60.746196395003324, -27.636927161636756 ], [ -60.747878231910647, -27.636909078502335 ], [ -60.750335127893031, -27.636882271906146 ], [ -60.754529610665067, -27.63684146723827 ], [ -60.754513156434506, -27.635181193463001 ], [ -60.754476980121922, -27.632122350332409 ], [ -60.754436291657278, -27.628404798602158 ], [ -60.754411035340716, -27.62619863524575 ], [ -60.754389894263596, -27.624592526760303 ], [ -60.754318501866706, -27.618610180511023 ], [ -60.759707647305433, -27.618562729082534 ], [ -60.76040544659903, -27.618387455631751 ] ] ] ] } }
]
}
