{
"type": "FeatureCollection",
"name": "escuelas_sp_completo",
"crs": { "type": "name", "properties": { "name": "urn:ogc:def:crs:OGC:1.3:CRS84" } },
"features": [
{ "type": "Feature", "properties": { "id": 1, "gid": 38777, "cueanexo": "220036500", "nombre": "E.E.P. Nº 139 - GREGORIA MATORRAS", "domicilio": "COMPARTE EDIFICIO CON LA E.E.S N°191 LOTE 17 - COLONIA PAMPA AGUADO", "sector": "Estatal", "modcomun": "1", "modespecial": "0", "modadultos": "0", "nvcjmaternal": 0, "nvcjinfantes": 1, "nvcprimario": 1, "nvcsecundario": 0, "nvcsecundinet": 0, "nvcsnu": 0, "nvcsnuinet": 0, "nvcsnucursos": 0, "nvceductempr": 0, "nvejinfantes": 0, "nveprimario": 0, "nvesecundario": 0, "nveadultos": 0, "nvaprimario": 0, "nvasecundario": 0, "nvaformprofes": 0, "nvaformprofesinet": 0, "nvaalfabetiz": 0, "nvhinicial": 0, "nvhprimario": 0, "nvhsecundario": 0, "tallerartist": 0, "servcomplem": 0 }, "geometry": { "type": "MultiPoint", "coordinates": [ [ -60.40757351, -26.738395 ] ] } },
{ "type": "Feature", "properties": { "id": 2, "gid": 38778, "cueanexo": "220036600", "nombre": "E.E.P. Nº 143 - MAESTRO VICTORIANO J.LUNA", "domicilio": "LOTE 116-COL.PPA.ALEGRIA", "sector": "Estatal", "modcomun": "1", "modespecial": "0", "modadultos": "0", "nvcjmaternal": 0, "nvcjinfantes": 1, "nvcprimario": 1, "nvcsecundario": 0, "nvcsecundinet": 0, "nvcsnu": 0, "nvcsnuinet": 0, "nvcsnucursos": 0, "nvceductempr": 0, "nvejinfantes": 0, "nveprimario": 0, "nvesecundario": 0, "nveadultos": 0, "nvaprimario": 0, "nvasecundario": 0, "nvaformprofes": 0, "nvaformprofesinet": 0, "nvaalfabetiz": 0, "nvhinicial": 0, "nvhprimario": 0, "nvhsecundario": 0, "tallerartist": 0, "servcomplem": 0 }, "geometry": { "type": "MultiPoint", "coordinates": [ [ -60.39500217, -26.68341634 ] ] } },
{ "type": "Feature", "properties": { "id": 3, "gid": 38779, "cueanexo": "220036800", "nombre": "E.E.P. Nº  284", "domicilio": "LOTE 44-LEGUA 5-COL.DOMINGO F.SARMIENTO", "sector": "Estatal", "modcomun": "1", "modespecial": "0", "modadultos": "0", "nvcjmaternal": 0, "nvcjinfantes": 1, "nvcprimario": 1, "nvcsecundario": 0, "nvcsecundinet": 0, "nvcsnu": 0, "nvcsnuinet": 0, "nvcsnucursos": 0, "nvceductempr": 0, "nvejinfantes": 0, "nveprimario": 0, "nvesecundario": 0, "nveadultos": 0, "nvaprimario": 0, "nvasecundario": 0, "nvaformprofes": 0, "nvaformprofesinet": 0, "nvaalfabetiz": 0, "nvhinicial": 0, "nvhprimario": 0, "nvhsecundario": 0, "tallerartist": 0, "servcomplem": 0 }, "geometry": { "type": "MultiPoint", "coordinates": [ [ -60.255340431174602, -26.636750685694199 ] ] } },
{ "type": "Feature", "properties": { "id": 4, "gid": 38780, "cueanexo": "220036900", "nombre": "E.E.P. Nº 203 - CLEMENTE BARINA", "domicilio": "LOTE 28-LA CHIQUITA NORTE", "sector": "Estatal", "modcomun": "1", "modespecial": "0", "modadultos": "0", "nvcjmaternal": 0, "nvcjinfantes": 1, "nvcprimario": 1, "nvcsecundario": 0, "nvcsecundinet": 0, "nvcsnu": 0, "nvcsnuinet": 0, "nvcsnucursos": 0, "nvceductempr": 0, "nvejinfantes": 0, "nveprimario": 0, "nvesecundario": 0, "nveadultos": 0, "nvaprimario": 0, "nvasecundario": 0, "nvaformprofes": 0, "nvaformprofesinet": 0, "nvaalfabetiz": 0, "nvhinicial": 0, "nvhprimario": 0, "nvhsecundario": 0, "tallerartist": 0, "servcomplem": 0 }, "geometry": { "type": "MultiPoint", "coordinates": [ [ -60.306072936978801, -26.744738545169199 ] ] } },
{ "type": "Feature", "properties": { "id": 5, "gid": 38781, "cueanexo": "220036901", "nombre": "E.E.P. Nº 203 - CLEMENTE BARINA", "domicilio": "LOTE Nº 7-PJE.LA CHIQUITA NORTE", "sector": "Estatal", "modcomun": "1", "modespecial": "0", "modadultos": "0", "nvcjmaternal": 0, "nvcjinfantes": 0, "nvcprimario": 1, "nvcsecundario": 0, "nvcsecundinet": 0, "nvcsnu": 0, "nvcsnuinet": 0, "nvcsnucursos": 0, "nvceductempr": 0, "nvejinfantes": 0, "nveprimario": 0, "nvesecundario": 0, "nveadultos": 0, "nvaprimario": 0, "nvasecundario": 0, "nvaformprofes": 0, "nvaformprofesinet": 0, "nvaalfabetiz": 0, "nvhinicial": 0, "nvhprimario": 0, "nvhsecundario": 0, "tallerartist": 0, "servcomplem": 0 }, "geometry": { "type": "MultiPoint", "coordinates": [ [ -60.339385179971266, -26.703752867343489 ] ] } },
{ "type": "Feature", "properties": { "id": 6, "gid": 38782, "cueanexo": "220037000", "nombre": "E.E.P. Nº 64 - LUIS TRISTAN IGLESIAS", "domicilio": "LOTE 23-COL.BENARDINO RIVADAVIA", "sector": "Estatal", "modcomun": "1", "modespecial": "0", "modadultos": "0", "nvcjmaternal": 0, "nvcjinfantes": 1, "nvcprimario": 1, "nvcsecundario": 0, "nvcsecundinet": 0, "nvcsnu": 0, "nvcsnuinet": 0, "nvcsnucursos": 0, "nvceductempr": 0, "nvejinfantes": 0, "nveprimario": 0, "nvesecundario": 0, "nveadultos": 0, "nvaprimario": 0, "nvasecundario": 0, "nvaformprofes": 0, "nvaformprofesinet": 0, "nvaalfabetiz": 0, "nvhinicial": 0, "nvhprimario": 0, "nvhsecundario": 0, "tallerartist": 0, "servcomplem": 0 }, "geometry": { "type": "MultiPoint", "coordinates": [ [ -60.376209940064697, -26.788017649809198 ] ] } },
{ "type": "Feature", "properties": { "id": 7, "gid": 38783, "cueanexo": "220037100", "nombre": "E.E.P. Nº 85 - A LOS HEROES DE ATLANTICO SUR", "domicilio": "LOTE 80-COL.PPA.FLORIDA", "sector": "Estatal", "modcomun": "1", "modespecial": "0", "modadultos": "0", "nvcjmaternal": 0, "nvcjinfantes": 0, "nvcprimario": 1, "nvcsecundario": 0, "nvcsecundinet": 0, "nvcsnu": 0, "nvcsnuinet": 0, "nvcsnucursos": 0, "nvceductempr": 0, "nvejinfantes": 0, "nveprimario": 0, "nvesecundario": 0, "nveadultos": 0, "nvaprimario": 0, "nvasecundario": 0, "nvaformprofes": 0, "nvaformprofesinet": 0, "nvaalfabetiz": 0, "nvhinicial": 0, "nvhprimario": 0, "nvhsecundario": 0, "tallerartist": 0, "servcomplem": 0 }, "geometry": { "type": "MultiPoint", "coordinates": [ [ -60.407001928500001, -26.612279085800001 ] ] } },
{ "type": "Feature", "properties": { "id": 8, "gid": 38784, "cueanexo": "220037300", "nombre": "E.E.P. Nº  702", "domicilio": "Lote 99, Parcela 5, Circunscripción V, Colonia Domingo Faustino Sarmiento", "sector": "Estatal", "modcomun": " Parcela 5", "modespecial": " Circunscripción V", "modadultos": " Colonia Domingo Faustino Sarmiento", "nvcjmaternal": 1, "nvcjinfantes": 0, "nvcprimario": 0, "nvcsecundario": 0, "nvcsecundinet": 0, "nvcsnu": 1, "nvcsnuinet": 0, "nvcsnucursos": 0, "nvceductempr": 0, "nvejinfantes": 0, "nveprimario": 0, "nvesecundario": 0, "nveadultos": 0, "nvaprimario": 0, "nvasecundario": 0, "nvaformprofes": 0, "nvaformprofesinet": 0, "nvaalfabetiz": 0, "nvhinicial": 0, "nvhprimario": 0, "nvhsecundario": 0, "tallerartist": 0, "servcomplem": 0 }, "geometry": { "type": "MultiPoint", "coordinates": [ [ -60.315640756599997, -26.654204012400001 ] ] } },
{ "type": "Feature", "properties": { "id": 9, "gid": 38785, "cueanexo": "220037400", "nombre": "E.E.P. Nº 388 - MTRO. ALBERTO REYNALDO MATHOT", "domicilio": "LOTE 47-COL.EL TOBA", "sector": "Estatal", "modcomun": "1", "modespecial": "0", "modadultos": "0", "nvcjmaternal": 0, "nvcjinfantes": 0, "nvcprimario": 1, "nvcsecundario": 0, "nvcsecundinet": 0, "nvcsnu": 0, "nvcsnuinet": 0, "nvcsnucursos": 0, "nvceductempr": 0, "nvejinfantes": 0, "nveprimario": 0, "nvesecundario": 0, "nveadultos": 0, "nvaprimario": 0, "nvasecundario": 0, "nvaformprofes": 0, "nvaformprofesinet": 0, "nvaalfabetiz": 0, "nvhinicial": 0, "nvhprimario": 0, "nvhsecundario": 0, "tallerartist": 0, "servcomplem": 0 }, "geometry": { "type": "MultiPoint", "coordinates": [ [ -60.626901199, -26.9302267339 ] ] } },
{ "type": "Feature", "properties": { "id": 10, "gid": 38786, "cueanexo": "220037500", "nombre": "E.E.P. Nº 233 - PROF.ADAN R.BARRIOS", "domicilio": "PROL.CALLE 12-LOTE 60-COL.BAJO HONDO", "sector": "Estatal", "modcomun": "1", "modespecial": "0", "modadultos": "0", "nvcjmaternal": 0, "nvcjinfantes": 0, "nvcprimario": 1, "nvcsecundario": 0, "nvcsecundinet": 0, "nvcsnu": 0, "nvcsnuinet": 0, "nvcsnucursos": 0, "nvceductempr": 0, "nvejinfantes": 0, "nveprimario": 0, "nvesecundario": 0, "nveadultos": 0, "nvaprimario": 0, "nvasecundario": 0, "nvaformprofes": 0, "nvaformprofesinet": 0, "nvaalfabetiz": 0, "nvhinicial": 0, "nvhprimario": 0, "nvhsecundario": 0, "tallerartist": 0, "servcomplem": 0 }, "geometry": { "type": "MultiPoint", "coordinates": [ [ -60.477264143827398, -26.870477462941764 ] ] } },
{ "type": "Feature", "properties": { "id": 11, "gid": 38787, "cueanexo": "220037501", "nombre": "E.E.P. Nº 233 - PROF.ADAN R.BARRIOS", "domicilio": "LOTE 8-COL.BAJO HONDO GRANDE", "sector": "Estatal", "modcomun": "1", "modespecial": "0", "modadultos": "0", "nvcjmaternal": 0, "nvcjinfantes": 0, "nvcprimario": 1, "nvcsecundario": 0, "nvcsecundinet": 0, "nvcsnu": 0, "nvcsnuinet": 0, "nvcsnucursos": 0, "nvceductempr": 0, "nvejinfantes": 0, "nveprimario": 0, "nvesecundario": 0, "nveadultos": 0, "nvaprimario": 0, "nvasecundario": 0, "nvaformprofes": 0, "nvaformprofesinet": 0, "nvaalfabetiz": 0, "nvhinicial": 0, "nvhprimario": 0, "nvhsecundario": 0, "tallerartist": 0, "servcomplem": 0 }, "geometry": { "type": "MultiPoint", "coordinates": [ [ -60.515474490592418, -26.954021831346768 ] ] } },
{ "type": "Feature", "properties": { "id": 12, "gid": 38789, "cueanexo": "220037600", "nombre": "E.E.P. Nº 415 - INTENDENCIA ANTONIO ZAFRA", "domicilio": "LOTE 146-COL.BAJO HONDO GRANDE", "sector": "Estatal", "modcomun": "1", "modespecial": "0", "modadultos": "0", "nvcjmaternal": 0, "nvcjinfantes": 0, "nvcprimario": 1, "nvcsecundario": 0, "nvcsecundinet": 0, "nvcsnu": 0, "nvcsnuinet": 0, "nvcsnucursos": 0, "nvceductempr": 0, "nvejinfantes": 0, "nveprimario": 0, "nvesecundario": 0, "nveadultos": 0, "nvaprimario": 0, "nvasecundario": 0, "nvaformprofes": 0, "nvaformprofesinet": 0, "nvaalfabetiz": 0, "nvhinicial": 0, "nvhprimario": 0, "nvhsecundario": 0, "tallerartist": 0, "servcomplem": 0 }, "geometry": { "type": "MultiPoint", "coordinates": [ [ -60.55637484, -26.87985949 ] ] } },
{ "type": "Feature", "properties": { "id": 13, "gid": 38790, "cueanexo": "220037601", "nombre": "E.E.P. Nº 415 - INTENDENCIA ANTONIO ZAFRA", "domicilio": "LOTE 6-CNIA BAJO HONDO GRANDE (FUNC. EN IGLESIA EVANGELICA)", "sector": "Estatal", "modcomun": "1", "modespecial": "0", "modadultos": "0", "nvcjmaternal": 0, "nvcjinfantes": 0, "nvcprimario": 1, "nvcsecundario": 0, "nvcsecundinet": 0, "nvcsnu": 0, "nvcsnuinet": 0, "nvcsnucursos": 0, "nvceductempr": 0, "nvejinfantes": 0, "nveprimario": 0, "nvesecundario": 0, "nveadultos": 0, "nvaprimario": 0, "nvasecundario": 0, "nvaformprofes": 0, "nvaformprofesinet": 0, "nvaalfabetiz": 0, "nvhinicial": 0, "nvhprimario": 0, "nvhsecundario": 0, "tallerartist": 0, "servcomplem": 0 }, "geometry": { "type": "MultiPoint", "coordinates": [ [ -60.481595411340393, -26.926897461328007 ] ] } },
{ "type": "Feature", "properties": { "id": 14, "gid": 38791, "cueanexo": "220037700", "nombre": "E.E.P. Nº 670 - CARLOS GALIZZI", "domicilio": "LOTE 56-COL.PPA.NAPENAY", "sector": "Estatal", "modcomun": "1", "modespecial": "0", "modadultos": "0", "nvcjmaternal": 0, "nvcjinfantes": 1, "nvcprimario": 1, "nvcsecundario": 0, "nvcsecundinet": 0, "nvcsnu": 0, "nvcsnuinet": 0, "nvcsnucursos": 0, "nvceductempr": 0, "nvejinfantes": 0, "nveprimario": 0, "nvesecundario": 0, "nveadultos": 0, "nvaprimario": 0, "nvasecundario": 0, "nvaformprofes": 0, "nvaformprofesinet": 0, "nvaalfabetiz": 0, "nvhinicial": 0, "nvhprimario": 0, "nvhsecundario": 0, "tallerartist": 0, "servcomplem": 0 }, "geometry": { "type": "MultiPoint", "coordinates": [ [ -60.605020868099999, -26.843243607800002 ] ] } },
{ "type": "Feature", "properties": { "id": 15, "gid": 38792, "cueanexo": "220037800", "nombre": "E.E.P. Nº 333 - MAESTRO ARGENTINO", "domicilio": "NESTOR KIRCHNER LOTE 17-CIRC.I-SEC.K-CH.4-PC.1B-COL.BAJO HONDO", "sector": "Estatal", "modcomun": "1", "modespecial": "0", "modadultos": "0", "nvcjmaternal": 0, "nvcjinfantes": 0, "nvcprimario": 1, "nvcsecundario": 0, "nvcsecundinet": 0, "nvcsnu": 0, "nvcsnuinet": 0, "nvcsnucursos": 0, "nvceductempr": 0, "nvejinfantes": 0, "nveprimario": 0, "nvesecundario": 0, "nveadultos": 0, "nvaprimario": 0, "nvasecundario": 0, "nvaformprofes": 0, "nvaformprofesinet": 0, "nvaalfabetiz": 0, "nvhinicial": 0, "nvhprimario": 0, "nvhsecundario": 0, "tallerartist": 0, "servcomplem": 0 }, "geometry": { "type": "MultiPoint", "coordinates": [ [ -60.44596104, -26.82643416 ] ] } },
{ "type": "Feature", "properties": { "id": 16, "gid": 38793, "cueanexo": "220037900", "nombre": "E.E.P. Nº 267 - JOSE MANUEL ESTRADA", "domicilio": "LOTE 26-PC.54-KM.802-LA MASCOTA", "sector": "Estatal", "modcomun": "1", "modespecial": "0", "modadultos": "0", "nvcjmaternal": 0, "nvcjinfantes": 0, "nvcprimario": 1, "nvcsecundario": 0, "nvcsecundinet": 0, "nvcsnu": 0, "nvcsnuinet": 0, "nvcsnucursos": 0, "nvceductempr": 0, "nvejinfantes": 0, "nveprimario": 0, "nvesecundario": 0, "nveadultos": 0, "nvaprimario": 0, "nvasecundario": 0, "nvaformprofes": 0, "nvaformprofesinet": 0, "nvaalfabetiz": 0, "nvhinicial": 0, "nvhprimario": 0, "nvhsecundario": 0, "tallerartist": 0, "servcomplem": 0 }, "geometry": { "type": "MultiPoint", "coordinates": [ [ -60.541697008699337, -26.761356431740086 ] ] } },
{ "type": "Feature", "properties": { "id": 17, "gid": 38794, "cueanexo": "220038000", "nombre": "E.E.P. Nº 287 - ORLANDO VIRGILIO CALVO", "domicilio": "LOTE 21-COL.LA MASCOTA-COL.PPA.NAPENAY", "sector": "Estatal", "modcomun": "1", "modespecial": "0", "modadultos": "0", "nvcjmaternal": 0, "nvcjinfantes": 0, "nvcprimario": 1, "nvcsecundario": 0, "nvcsecundinet": 0, "nvcsnu": 0, "nvcsnuinet": 0, "nvcsnucursos": 0, "nvceductempr": 0, "nvejinfantes": 0, "nveprimario": 0, "nvesecundario": 0, "nveadultos": 0, "nvaprimario": 0, "nvasecundario": 0, "nvaformprofes": 0, "nvaformprofesinet": 0, "nvaalfabetiz": 0, "nvhinicial": 0, "nvhprimario": 0, "nvhsecundario": 0, "tallerartist": 0, "servcomplem": 0 }, "geometry": { "type": "MultiPoint", "coordinates": [ [ -60.62961566, -26.80013174 ] ] } },
{ "type": "Feature", "properties": { "id": 18, "gid": 38795, "cueanexo": "220038100", "nombre": "E.E.P. Nº 502 - HECTOR EUSEBIO GONZALEZ", "domicilio": "LOTE 11-COL.PPA.NAPENAY", "sector": "Estatal", "modcomun": "1", "modespecial": "0", "modadultos": "0", "nvcjmaternal": 0, "nvcjinfantes": 1, "nvcprimario": 1, "nvcsecundario": 0, "nvcsecundinet": 0, "nvcsnu": 0, "nvcsnuinet": 0, "nvcsnucursos": 0, "nvceductempr": 0, "nvejinfantes": 0, "nveprimario": 0, "nvesecundario": 0, "nveadultos": 0, "nvaprimario": 0, "nvasecundario": 0, "nvaformprofes": 0, "nvaformprofesinet": 0, "nvaalfabetiz": 0, "nvhinicial": 0, "nvhprimario": 0, "nvhsecundario": 0, "tallerartist": 0, "servcomplem": 0 }, "geometry": { "type": "MultiPoint", "coordinates": [ [ -60.535359942088498, -26.8291294309291 ] ] } },
{ "type": "Feature", "properties": { "id": 19, "gid": 38799, "cueanexo": "220038500", "nombre": "E.E.P. Nº 269 - MAESTRO CARLOS H.LAGUZZI", "domicilio": "LOTE 45-CH.27-COL.BAJO HONDO CHICO", "sector": "Estatal", "modcomun": "1", "modespecial": "0", "modadultos": "0", "nvcjmaternal": 0, "nvcjinfantes": 1, "nvcprimario": 1, "nvcsecundario": 0, "nvcsecundinet": 0, "nvcsnu": 0, "nvcsnuinet": 0, "nvcsnucursos": 0, "nvceductempr": 0, "nvejinfantes": 0, "nveprimario": 0, "nvesecundario": 0, "nveadultos": 0, "nvaprimario": 0, "nvasecundario": 0, "nvaformprofes": 0, "nvaformprofesinet": 0, "nvaalfabetiz": 0, "nvhinicial": 0, "nvhprimario": 0, "nvhsecundario": 0, "tallerartist": 0, "servcomplem": 0 }, "geometry": { "type": "MultiPoint", "coordinates": [ [ -60.42188016, -26.97587184 ] ] } },
{ "type": "Feature", "properties": { "id": 20, "gid": 38800, "cueanexo": "220038600", "nombre": "E.E.P. Nº 859 - CONTRAL.GREGORIO A.PORTILLO", "domicilio": "LOTE 45-CIRC.16-FRAC.XI-LEGUA D-COL.BAJO HONDO CHICO", "sector": "Estatal", "modcomun": "1", "modespecial": "0", "modadultos": "0", "nvcjmaternal": 0, "nvcjinfantes": 0, "nvcprimario": 1, "nvcsecundario": 0, "nvcsecundinet": 0, "nvcsnu": 0, "nvcsnuinet": 0, "nvcsnucursos": 0, "nvceductempr": 0, "nvejinfantes": 0, "nveprimario": 0, "nvesecundario": 0, "nveadultos": 0, "nvaprimario": 0, "nvasecundario": 0, "nvaformprofes": 0, "nvaformprofesinet": 0, "nvaalfabetiz": 0, "nvhinicial": 0, "nvhprimario": 0, "nvhsecundario": 0, "tallerartist": 0, "servcomplem": 0 }, "geometry": { "type": "MultiPoint", "coordinates": [ [ -60.4892238197273, -27.020427517406301 ] ] } },
{ "type": "Feature", "properties": { "id": 21, "gid": 38801, "cueanexo": "220038700", "nombre": "E.E.P. Nº 158 - PAULINA MARINICH", "domicilio": "LOTE 46-BAJO HONDO-CPO.GRANDE", "sector": "Estatal", "modcomun": "1", "modespecial": "0", "modadultos": "0", "nvcjmaternal": 0, "nvcjinfantes": 0, "nvcprimario": 1, "nvcsecundario": 0, "nvcsecundinet": 0, "nvcsnu": 0, "nvcsnuinet": 0, "nvcsnucursos": 0, "nvceductempr": 0, "nvejinfantes": 0, "nveprimario": 0, "nvesecundario": 0, "nveadultos": 0, "nvaprimario": 0, "nvasecundario": 0, "nvaformprofes": 0, "nvaformprofesinet": 0, "nvaalfabetiz": 0, "nvhinicial": 0, "nvhprimario": 0, "nvhsecundario": 0, "tallerartist": 0, "servcomplem": 0 }, "geometry": { "type": "MultiPoint", "coordinates": [ [ -60.50378133, -26.9814215 ] ] } },
{ "type": "Feature", "properties": { "id": 22, "gid": 38802, "cueanexo": "220038701", "nombre": "E.E.P. Nº 158 - PAULINA MARINICH", "domicilio": "LOTE 46-CIR. XV-CH.4-COL.BAJO HONDO GRANDE", "sector": "Estatal", "modcomun": "1", "modespecial": "0", "modadultos": "0", "nvcjmaternal": 0, "nvcjinfantes": 0, "nvcprimario": 1, "nvcsecundario": 0, "nvcsecundinet": 0, "nvcsnu": 0, "nvcsnuinet": 0, "nvcsnucursos": 0, "nvceductempr": 0, "nvejinfantes": 0, "nveprimario": 0, "nvesecundario": 0, "nveadultos": 0, "nvaprimario": 0, "nvasecundario": 0, "nvaformprofes": 0, "nvaformprofesinet": 0, "nvaalfabetiz": 0, "nvhinicial": 0, "nvhprimario": 0, "nvhsecundario": 0, "tallerartist": 0, "servcomplem": 0 }, "geometry": { "type": "MultiPoint", "coordinates": [ [ -60.515236515318847, -26.95376136429449 ] ] } },
{ "type": "Feature", "properties": { "id": 23, "gid": 38803, "cueanexo": "220038702", "nombre": "E.E.P. Nº 158 - PAULINA MARINICH", "domicilio": "LOTE 47-COLONIA EL TOBA", "sector": "Estatal", "modcomun": "1", "modespecial": "0", "modadultos": "0", "nvcjmaternal": 0, "nvcjinfantes": 0, "nvcprimario": 1, "nvcsecundario": 0, "nvcsecundinet": 0, "nvcsnu": 0, "nvcsnuinet": 0, "nvcsnucursos": 0, "nvceductempr": 0, "nvejinfantes": 0, "nveprimario": 0, "nvesecundario": 0, "nveadultos": 0, "nvaprimario": 0, "nvasecundario": 0, "nvaformprofes": 0, "nvaformprofesinet": 0, "nvaalfabetiz": 0, "nvhinicial": 0, "nvhprimario": 0, "nvhsecundario": 0, "tallerartist": 0, "servcomplem": 0 }, "geometry": { "type": "MultiPoint", "coordinates": [ [ -60.580418108491671, -26.932608859264555 ] ] } },
{ "type": "Feature", "properties": { "id": 24, "gid": 38806, "cueanexo": "220038901", "nombre": "JARDIN DE INFANTES Nº 100 - PROFESORA JESSICA MAIRA LUCIANI", "domicilio": "LOTE 146-COL.BAJO HONDO GRANDE-(FUNCIONA EEP Nº415)", "sector": "Estatal", "modcomun": "1", "modespecial": "0", "modadultos": "0", "nvcjmaternal": 0, "nvcjinfantes": 1, "nvcprimario": 0, "nvcsecundario": 0, "nvcsecundinet": 0, "nvcsnu": 0, "nvcsnuinet": 0, "nvcsnucursos": 0, "nvceductempr": 0, "nvejinfantes": 0, "nveprimario": 0, "nvesecundario": 0, "nveadultos": 0, "nvaprimario": 0, "nvasecundario": 0, "nvaformprofes": 0, "nvaformprofesinet": 0, "nvaalfabetiz": 0, "nvhinicial": 0, "nvhprimario": 0, "nvhsecundario": 0, "tallerartist": 0, "servcomplem": 0 }, "geometry": { "type": "MultiPoint", "coordinates": [ [ -60.55635221, -26.87980844 ] ] } },
{ "type": "Feature", "properties": { "id": 25, "gid": 38807, "cueanexo": "220038902", "nombre": "JARDIN DE INFANTES Nº 100 - PROFESORA JESSICA MAIRA LUCIANI", "domicilio": "Bajo Hondo Chico Lote 45 -Funciona en EEP Nº 859", "sector": "Estatal", "modcomun": "1", "modespecial": "0", "modadultos": "0", "nvcjmaternal": 0, "nvcjinfantes": 1, "nvcprimario": 0, "nvcsecundario": 0, "nvcsecundinet": 0, "nvcsnu": 0, "nvcsnuinet": 0, "nvcsnucursos": 0, "nvceductempr": 0, "nvejinfantes": 0, "nveprimario": 0, "nvesecundario": 0, "nveadultos": 0, "nvaprimario": 0, "nvasecundario": 0, "nvaformprofes": 0, "nvaformprofesinet": 0, "nvaalfabetiz": 0, "nvhinicial": 0, "nvhprimario": 0, "nvhsecundario": 0, "tallerartist": 0, "servcomplem": 0 }, "geometry": { "type": "MultiPoint", "coordinates": [ [ -60.489156252845078, -27.02029497892898 ] ] } },
{ "type": "Feature", "properties": { "id": 26, "gid": 38808, "cueanexo": "220038903", "nombre": "JARDIN DE INFANTES Nº 100 - PROFESORA JESSICA MAIRA LUCIANI", "domicilio": "LOTE 46-BAJO HONDO-CPO.GRANDE", "sector": "Estatal", "modcomun": "1", "modespecial": "0", "modadultos": "0", "nvcjmaternal": 0, "nvcjinfantes": 1, "nvcprimario": 0, "nvcsecundario": 0, "nvcsecundinet": 0, "nvcsnu": 0, "nvcsnuinet": 0, "nvcsnucursos": 0, "nvceductempr": 0, "nvejinfantes": 0, "nveprimario": 0, "nvesecundario": 0, "nveadultos": 0, "nvaprimario": 0, "nvasecundario": 0, "nvaformprofes": 0, "nvaformprofesinet": 0, "nvaalfabetiz": 0, "nvhinicial": 0, "nvhprimario": 0, "nvhsecundario": 0, "tallerartist": 0, "servcomplem": 1 }, "geometry": { "type": "MultiPoint", "coordinates": [ [ -60.503931421535505, -26.981461902016811 ] ] } },
{ "type": "Feature", "properties": { "id": 27, "gid": 39879, "cueanexo": "220108001", "nombre": "JARDIN DE INFANTES Nº 68 - ARNALDO PONS", "domicilio": "LOTE 17-CH.4-CIRC.I-PC.1-PJE.BAJO HONDO-(EEP Nº 333)", "sector": "Estatal", "modcomun": "1", "modespecial": "0", "modadultos": "0", "nvcjmaternal": 0, "nvcjinfantes": 1, "nvcprimario": 0, "nvcsecundario": 0, "nvcsecundinet": 0, "nvcsnu": 0, "nvcsnuinet": 0, "nvcsnucursos": 0, "nvceductempr": 0, "nvejinfantes": 0, "nveprimario": 0, "nvesecundario": 0, "nveadultos": 0, "nvaprimario": 0, "nvasecundario": 0, "nvaformprofes": 0, "nvaformprofesinet": 0, "nvaalfabetiz": 0, "nvhinicial": 0, "nvhprimario": 0, "nvhsecundario": 0, "tallerartist": 0, "servcomplem": 0 }, "geometry": { "type": "MultiPoint", "coordinates": [ [ -60.4460467, -26.8266494 ] ] } },
{ "type": "Feature", "properties": { "id": 28, "gid": 39880, "cueanexo": "220108002", "nombre": "JARDIN DE INFANTES Nº 68 - ARNALDO PONS", "domicilio": "LOTE 60 COL. FUNCIONA EN E.E.P Nº233 - BAJO HONDO", "sector": "Estatal", "modcomun": "1", "modespecial": "0", "modadultos": "0", "nvcjmaternal": 0, "nvcjinfantes": 1, "nvcprimario": 0, "nvcsecundario": 0, "nvcsecundinet": 0, "nvcsnu": 0, "nvcsnuinet": 0, "nvcsnucursos": 0, "nvceductempr": 0, "nvejinfantes": 0, "nveprimario": 0, "nvesecundario": 0, "nveadultos": 0, "nvaprimario": 0, "nvasecundario": 0, "nvaformprofes": 0, "nvaformprofesinet": 0, "nvaalfabetiz": 0, "nvhinicial": 0, "nvhprimario": 0, "nvhsecundario": 0, "tallerartist": 0, "servcomplem": 1 }, "geometry": { "type": "MultiPoint", "coordinates": [ [ -60.477252055080072, -26.870528827348842 ] ] } },
{ "type": "Feature", "properties": { "id": 29, "gid": 39948, "cueanexo": "220112300", "nombre": "E.E.P. Nº 133 - COLONIA PAMPA LOCA", "domicilio": "LOTE 190-COL.PPA.LOCA", "sector": "Estatal", "modcomun": "1", "modespecial": "0", "modadultos": "0", "nvcjmaternal": 0, "nvcjinfantes": 0, "nvcprimario": 1, "nvcsecundario": 0, "nvcsecundinet": 0, "nvcsnu": 0, "nvcsnuinet": 0, "nvcsnucursos": 0, "nvceductempr": 0, "nvejinfantes": 0, "nveprimario": 0, "nvesecundario": 0, "nveadultos": 0, "nvaprimario": 0, "nvasecundario": 0, "nvaformprofes": 0, "nvaformprofesinet": 0, "nvaalfabetiz": 0, "nvhinicial": 0, "nvhprimario": 0, "nvhsecundario": 0, "tallerartist": 0, "servcomplem": 0 }, "geometry": { "type": "MultiPoint", "coordinates": [ [ -60.500855600169302, -26.702595702196799 ] ] } },
{ "type": "Feature", "properties": { "id": 30, "gid": 39949, "cueanexo": "220112301", "nombre": "E.E.P. Nº 133 - COLONIA PAMPA LOCA", "domicilio": "LOTE 16-COL.PPA.GALPON", "sector": "Estatal", "modcomun": "1", "modespecial": "0", "modadultos": "0", "nvcjmaternal": 0, "nvcjinfantes": 0, "nvcprimario": 1, "nvcsecundario": 0, "nvcsecundinet": 0, "nvcsnu": 0, "nvcsnuinet": 0, "nvcsnucursos": 0, "nvceductempr": 0, "nvejinfantes": 0, "nveprimario": 0, "nvesecundario": 0, "nveadultos": 0, "nvaprimario": 0, "nvasecundario": 0, "nvaformprofes": 0, "nvaformprofesinet": 0, "nvaalfabetiz": 0, "nvhinicial": 0, "nvhprimario": 0, "nvhsecundario": 0, "tallerartist": 0, "servcomplem": 0 }, "geometry": { "type": "MultiPoint", "coordinates": [ [ -60.478727358056503, -26.654192799577999 ] ] } },
{ "type": "Feature", "properties": { "id": 31, "gid": 39950, "cueanexo": "220112302", "nombre": "E.E.P. Nº 133 - COLONIA PAMPA LOCA", "domicilio": "LOTE 16-FRACC.197-LEGUA D-COL.CPO.PPA.LOCA", "sector": null, "modcomun": null, "modespecial": null, "modadultos": null, "nvcjmaternal": null, "nvcjinfantes": null, "nvcprimario": null, "nvcsecundario": null, "nvcsecundinet": null, "nvcsnu": null, "nvcsnuinet": null, "nvcsnucursos": null, "nvceductempr": null, "nvejinfantes": null, "nveprimario": null, "nvesecundario": null, "nveadultos": null, "nvaprimario": null, "nvasecundario": null, "nvaformprofes": null, "nvaformprofesinet": null, "nvaalfabetiz": null, "nvhinicial": null, "nvhprimario": null, "nvhsecundario": null, "tallerartist": null, "servcomplem": null }, "geometry": { "type": "MultiPoint", "coordinates": [ [ -60.478657749900002, -26.654153017900001 ] ] } },
{ "type": "Feature", "properties": { "id": 32, "gid": 39951, "cueanexo": "220112400", "nombre": "E.E.P. Nº 162 - ALTE. GUILLERMO BROWN", "domicilio": "LOTE 212-CIRC.VII-CH.60-PC.2-COL.ENSANCHE NORTE", "sector": "Estatal", "modcomun": "1", "modespecial": "0", "modadultos": "0", "nvcjmaternal": 0, "nvcjinfantes": 0, "nvcprimario": 1, "nvcsecundario": 0, "nvcsecundinet": 0, "nvcsnu": 0, "nvcsnuinet": 0, "nvcsnucursos": 0, "nvceductempr": 0, "nvejinfantes": 0, "nveprimario": 0, "nvesecundario": 0, "nveadultos": 0, "nvaprimario": 0, "nvasecundario": 0, "nvaformprofes": 0, "nvaformprofesinet": 0, "nvaalfabetiz": 0, "nvhinicial": 0, "nvhprimario": 0, "nvhsecundario": 0, "tallerartist": 0, "servcomplem": 1 }, "geometry": { "type": "MultiPoint", "coordinates": [ [ -60.438803363810472, -26.733567867318797 ] ] } },
{ "type": "Feature", "properties": { "id": 33, "gid": 39953, "cueanexo": "220112600", "nombre": "E.E.P. Nº 88 - TENIENTE BENJAMIN MATIENZO", "domicilio": "LOTE 48-COL.BENARDINO RIVADAVIA", "sector": "Estatal", "modcomun": "1", "modespecial": "0", "modadultos": "0", "nvcjmaternal": 0, "nvcjinfantes": 0, "nvcprimario": 1, "nvcsecundario": 0, "nvcsecundinet": 0, "nvcsnu": 0, "nvcsnuinet": 0, "nvcsnucursos": 0, "nvceductempr": 0, "nvejinfantes": 0, "nveprimario": 0, "nvesecundario": 0, "nveadultos": 0, "nvaprimario": 0, "nvasecundario": 0, "nvaformprofes": 0, "nvaformprofesinet": 0, "nvaalfabetiz": 0, "nvhinicial": 0, "nvhprimario": 0, "nvhsecundario": 0, "tallerartist": 0, "servcomplem": 0 }, "geometry": { "type": "MultiPoint", "coordinates": [ [ -60.344079171152998, -26.8280436333356 ] ] } },
{ "type": "Feature", "properties": { "id": 34, "gid": 39955, "cueanexo": "220112900", "nombre": "E.E.P. Nº 155 - MTRA. NARCISA P.DE JUAREZ", "domicilio": "LOTE 83-COL.RIVADAVIA", "sector": "Estatal", "modcomun": "1", "modespecial": "0", "modadultos": "0", "nvcjmaternal": 0, "nvcjinfantes": 1, "nvcprimario": 1, "nvcsecundario": 0, "nvcsecundinet": 0, "nvcsnu": 0, "nvcsnuinet": 0, "nvcsnucursos": 0, "nvceductempr": 0, "nvejinfantes": 0, "nveprimario": 0, "nvesecundario": 0, "nveadultos": 0, "nvaprimario": 0, "nvasecundario": 0, "nvaformprofes": 0, "nvaformprofesinet": 0, "nvaalfabetiz": 0, "nvhinicial": 0, "nvhprimario": 0, "nvhsecundario": 0, "tallerartist": 0, "servcomplem": 0 }, "geometry": { "type": "MultiPoint", "coordinates": [ [ -60.407801165877999, -26.837336830488599 ] ] } },
{ "type": "Feature", "properties": { "id": 35, "gid": 39956, "cueanexo": "220113000", "nombre": "E.E.P. Nº  458", "domicilio": "LOTE 128-LEGUA 36-COL.BAJO HONDO CHICO", "sector": "Estatal", "modcomun": "1", "modespecial": "0", "modadultos": "0", "nvcjmaternal": 0, "nvcjinfantes": 0, "nvcprimario": 1, "nvcsecundario": 0, "nvcsecundinet": 0, "nvcsnu": 0, "nvcsnuinet": 0, "nvcsnucursos": 0, "nvceductempr": 0, "nvejinfantes": 0, "nveprimario": 0, "nvesecundario": 0, "nveadultos": 0, "nvaprimario": 0, "nvasecundario": 0, "nvaformprofes": 0, "nvaformprofesinet": 0, "nvaalfabetiz": 0, "nvhinicial": 0, "nvhprimario": 0, "nvhsecundario": 0, "tallerartist": 0, "servcomplem": 0 }, "geometry": { "type": "MultiPoint", "coordinates": [ [ -60.378754259717901, -26.9428247565676 ] ] } },
{ "type": "Feature", "properties": { "id": 36, "gid": 39957, "cueanexo": "220113100", "nombre": "E.E.P. Nº 105 - PADRE MARIO L.MIGONE", "domicilio": "LOTE 85-LEGUA 36-COL.BAJO HONDO CHICO", "sector": "Estatal", "modcomun": "1", "modespecial": "0", "modadultos": "0", "nvcjmaternal": 0, "nvcjinfantes": 1, "nvcprimario": 1, "nvcsecundario": 0, "nvcsecundinet": 0, "nvcsnu": 0, "nvcsnuinet": 0, "nvcsnucursos": 0, "nvceductempr": 0, "nvejinfantes": 0, "nveprimario": 0, "nvesecundario": 0, "nveadultos": 0, "nvaprimario": 0, "nvasecundario": 0, "nvaformprofes": 0, "nvaformprofesinet": 0, "nvaalfabetiz": 0, "nvhinicial": 0, "nvhprimario": 0, "nvhsecundario": 0, "tallerartist": 0, "servcomplem": 0 }, "geometry": { "type": "MultiPoint", "coordinates": [ [ -60.41557932, -26.90530879 ] ] } },
{ "type": "Feature", "properties": { "id": 37, "gid": 40089, "cueanexo": "220121800", "nombre": "E.E.P. Nº 135 - ASOCIACION COOPERADORA PRO NIÑEZ", "domicilio": "LOTE 7-COL.LA POBLADORA", "sector": "Estatal", "modcomun": "1", "modespecial": "0", "modadultos": "0", "nvcjmaternal": 0, "nvcjinfantes": 1, "nvcprimario": 1, "nvcsecundario": 0, "nvcsecundinet": 0, "nvcsnu": 0, "nvcsnuinet": 0, "nvcsnucursos": 0, "nvceductempr": 0, "nvejinfantes": 0, "nveprimario": 0, "nvesecundario": 0, "nveadultos": 0, "nvaprimario": 0, "nvasecundario": 0, "nvaformprofes": 0, "nvaformprofesinet": 0, "nvaalfabetiz": 0, "nvhinicial": 0, "nvhprimario": 0, "nvhsecundario": 0, "tallerartist": 0, "servcomplem": 0 }, "geometry": { "type": "MultiPoint", "coordinates": [ [ -60.464496685591499, -26.5470418324118 ] ] } },
{ "type": "Feature", "properties": { "id": 38, "gid": 40090, "cueanexo": "220121801", "nombre": "E.E.P. Nº  135", "domicilio": "LOTE 7-COL.PPA.GAMBA", "sector": "Estatal", "modcomun": "1", "modespecial": "0", "modadultos": "0", "nvcjmaternal": 0, "nvcjinfantes": 0, "nvcprimario": 1, "nvcsecundario": 0, "nvcsecundinet": 0, "nvcsnu": 0, "nvcsnuinet": 0, "nvcsnucursos": 0, "nvceductempr": 0, "nvejinfantes": 0, "nveprimario": 0, "nvesecundario": 0, "nveadultos": 0, "nvaprimario": 0, "nvasecundario": 0, "nvaformprofes": 0, "nvaformprofesinet": 0, "nvaalfabetiz": 0, "nvhinicial": 0, "nvhprimario": 0, "nvhsecundario": 0, "tallerartist": 0, "servcomplem": 0 }, "geometry": { "type": "MultiPoint", "coordinates": [ [ -60.464410148699997, -26.546907430099999 ] ] } },
{ "type": "Feature", "properties": { "id": 39, "gid": 40344, "cueanexo": "220138801", "nombre": "JARDIN DE INFANTES Nº 69 - REPUBLICA DE VENEZUELA", "domicilio": "LOTE 190-COL.PPA.LOCA(FUNCIONA EN E.E.P Nº 133)", "sector": "Estatal", "modcomun": "1", "modespecial": "0", "modadultos": "0", "nvcjmaternal": 0, "nvcjinfantes": 1, "nvcprimario": 0, "nvcsecundario": 0, "nvcsecundinet": 0, "nvcsnu": 0, "nvcsnuinet": 0, "nvcsnucursos": 0, "nvceductempr": 0, "nvejinfantes": 0, "nveprimario": 0, "nvesecundario": 0, "nveadultos": 0, "nvaprimario": 0, "nvasecundario": 0, "nvaformprofes": 0, "nvaformprofesinet": 0, "nvaalfabetiz": 0, "nvhinicial": 0, "nvhprimario": 0, "nvhsecundario": 0, "tallerartist": 0, "servcomplem": 0 }, "geometry": { "type": "MultiPoint", "coordinates": [ [ -60.5007382, -26.7024032 ] ] } },
{ "type": "Feature", "properties": { "id": 40, "gid": 40345, "cueanexo": "220138802", "nombre": "JARDIN DE INFANTES Nº 69 - REPUBLICA DE VENEZUELA", "domicilio": "CALLE 49  MONTE SINAI", "sector": "Estatal", "modcomun": "1", "modespecial": "0", "modadultos": "0", "nvcjmaternal": 0, "nvcjinfantes": 1, "nvcprimario": 0, "nvcsecundario": 0, "nvcsecundinet": 0, "nvcsnu": 0, "nvcsnuinet": 0, "nvcsnucursos": 0, "nvceductempr": 0, "nvejinfantes": 0, "nveprimario": 0, "nvesecundario": 0, "nveadultos": 0, "nvaprimario": 0, "nvasecundario": 0, "nvaformprofes": 0, "nvaformprofesinet": 0, "nvaalfabetiz": 0, "nvhinicial": 0, "nvhprimario": 0, "nvhsecundario": 0, "tallerartist": 0, "servcomplem": 0 }, "geometry": { "type": "MultiPoint", "coordinates": [ [ -60.450071971014928, -26.762357364003947 ] ] } },
{ "type": "Feature", "properties": { "id": 41, "gid": 41053, "cueanexo": "220202900", "nombre": "E.E.S. Nº 116 - ANA BONILLO (CEP 116)", "domicilio": "LOTE 146-COL.BAJO HONDO GRANDE(FUNC. EN EGB 415)", "sector": "Estatal", "modcomun": "1", "modespecial": "0", "modadultos": "0", "nvcjmaternal": 0, "nvcjinfantes": 0, "nvcprimario": 0, "nvcsecundario": 1, "nvcsecundinet": 0, "nvcsnu": 0, "nvcsnuinet": 0, "nvcsnucursos": 0, "nvceductempr": 0, "nvejinfantes": 0, "nveprimario": 0, "nvesecundario": 0, "nveadultos": 0, "nvaprimario": 0, "nvasecundario": 0, "nvaformprofes": 0, "nvaformprofesinet": 0, "nvaalfabetiz": 0, "nvhinicial": 0, "nvhprimario": 0, "nvhsecundario": 0, "tallerartist": 0, "servcomplem": 0 }, "geometry": { "type": "MultiPoint", "coordinates": [ [ -60.556033914833378, -26.879794924108641 ] ] } },
{ "type": "Feature", "properties": { "id": 42, "gid": 41056, "cueanexo": "220203000", "nombre": "E.E.S. Nº 117 - REPUBLICA ARGENTINA (CEP 117)", "domicilio": "LOTE 207-CH.27-LEGUA 45-BAJ HONDO CHICO (FUNC.EN EGB Nº269)", "sector": "Estatal", "modcomun": "1", "modespecial": "0", "modadultos": "0", "nvcjmaternal": 0, "nvcjinfantes": 0, "nvcprimario": 0, "nvcsecundario": 1, "nvcsecundinet": 0, "nvcsnu": 0, "nvcsnuinet": 0, "nvcsnucursos": 0, "nvceductempr": 0, "nvejinfantes": 0, "nveprimario": 0, "nvesecundario": 0, "nveadultos": 0, "nvaprimario": 0, "nvasecundario": 0, "nvaformprofes": 0, "nvaformprofesinet": 0, "nvaalfabetiz": 0, "nvhinicial": 0, "nvhprimario": 0, "nvhsecundario": 0, "tallerartist": 0, "servcomplem": 0 }, "geometry": { "type": "MultiPoint", "coordinates": [ [ -60.423070124089449, -26.975576807869217 ] ] } },
{ "type": "Feature", "properties": { "id": 43, "gid": 41189, "cueanexo": "220211900", "nombre": "E.E.S. Nº 141 - MAESTRO ORLANDO RENE ACEVEDO", "domicilio": "LOTE 7-COL.LA POBLADORA (FUNCIONA EN E.E.P N°135)", "sector": "Estatal", "modcomun": "1", "modespecial": "0", "modadultos": "0", "nvcjmaternal": 0, "nvcjinfantes": 0, "nvcprimario": 0, "nvcsecundario": 1, "nvcsecundinet": 0, "nvcsnu": 0, "nvcsnuinet": 0, "nvcsnucursos": 0, "nvceductempr": 0, "nvejinfantes": 0, "nveprimario": 0, "nvesecundario": 0, "nveadultos": 0, "nvaprimario": 0, "nvasecundario": 0, "nvaformprofes": 0, "nvaformprofesinet": 0, "nvaalfabetiz": 0, "nvhinicial": 0, "nvhprimario": 0, "nvhsecundario": 0, "tallerartist": 0, "servcomplem": 0 }, "geometry": { "type": "MultiPoint", "coordinates": [ [ -60.464438852986923, -26.547364585151364 ] ] } },
{ "type": "Feature", "properties": { "id": 44, "gid": 41190, "cueanexo": "220211901", "nombre": "E.E.S. Nº 141 - MAESTRO ORLANDO RENE ACEVEDO", "domicilio": "LOTE 190. COL PPA. LOCA", "sector": "Estatal", "modcomun": "1", "modespecial": "0", "modadultos": "0", "nvcjmaternal": 0, "nvcjinfantes": 0, "nvcprimario": 0, "nvcsecundario": 1, "nvcsecundinet": 0, "nvcsnu": 0, "nvcsnuinet": 0, "nvcsnucursos": 0, "nvceductempr": 0, "nvejinfantes": 0, "nveprimario": 0, "nvesecundario": 0, "nveadultos": 0, "nvaprimario": 0, "nvasecundario": 0, "nvaformprofes": 0, "nvaformprofesinet": 0, "nvaalfabetiz": 0, "nvhinicial": 0, "nvhprimario": 0, "nvhsecundario": 0, "tallerartist": 0, "servcomplem": 0 }, "geometry": { "type": "MultiPoint", "coordinates": [ [ -60.50093183666911, -26.70271479641826 ] ] } },
{ "type": "Feature", "properties": { "id": 45, "gid": 41198, "cueanexo": "220212301", "nombre": "E.E.S. Nº 145 - ANA BRUNER", "domicilio": "LOTE 23-COL.BENARDINO RIVADAVIA FUNCIONA EN E.E.P Nº64", "sector": "Estatal", "modcomun": "1", "modespecial": "0", "modadultos": "0", "nvcjmaternal": 0, "nvcjinfantes": 0, "nvcprimario": 0, "nvcsecundario": 1, "nvcsecundinet": 0, "nvcsnu": 0, "nvcsnuinet": 0, "nvcsnucursos": 0, "nvceductempr": 0, "nvejinfantes": 0, "nveprimario": 0, "nvesecundario": 0, "nveadultos": 0, "nvaprimario": 0, "nvasecundario": 0, "nvaformprofes": 0, "nvaformprofesinet": 0, "nvaalfabetiz": 0, "nvhinicial": 0, "nvhprimario": 0, "nvhsecundario": 0, "tallerartist": 0, "servcomplem": 0 }, "geometry": { "type": "MultiPoint", "coordinates": [ [ -60.376298887800402, -26.788157760073279 ] ] } },
{ "type": "Feature", "properties": { "id": 46, "gid": 41557, "cueanexo": "220237100", "nombre": "E.E.S. Nº 191 - DORA ANTONIA BALLESTA", "domicilio": "LOTE 17 - COLONIA PAMPA AGUADO-COMPARTE EDIFICIO CON LA E.E.P N°139", "sector": "Estatal", "modcomun": "1", "modespecial": "0", "modadultos": "0", "nvcjmaternal": 0, "nvcjinfantes": 0, "nvcprimario": 0, "nvcsecundario": 1, "nvcsecundinet": 0, "nvcsnu": 0, "nvcsnuinet": 0, "nvcsnucursos": 0, "nvceductempr": 0, "nvejinfantes": 0, "nveprimario": 0, "nvesecundario": 0, "nveadultos": 0, "nvaprimario": 0, "nvasecundario": 0, "nvaformprofes": 0, "nvaformprofesinet": 0, "nvaalfabetiz": 0, "nvhinicial": 0, "nvhprimario": 0, "nvhsecundario": 0, "tallerartist": 0, "servcomplem": 0 }, "geometry": { "type": "MultiPoint", "coordinates": [ [ -60.407483798677774, -26.738280301196525 ] ] } },
{ "type": "Feature", "properties": { "id": 47, "gid": 41633, "cueanexo": "220244000", "nombre": "E.E.S. Nº 197 - CONSTANTE PETRIS", "domicilio": "LOTE 83-COL.RIVADAVIA- FUNCIONA EN E.E.P Nº155", "sector": "Estatal", "modcomun": "1", "modespecial": "0", "modadultos": "0", "nvcjmaternal": 0, "nvcjinfantes": 0, "nvcprimario": 0, "nvcsecundario": 1, "nvcsecundinet": 0, "nvcsnu": 0, "nvcsnuinet": 0, "nvcsnucursos": 0, "nvceductempr": 0, "nvejinfantes": 0, "nveprimario": 0, "nvesecundario": 0, "nveadultos": 0, "nvaprimario": 0, "nvasecundario": 0, "nvaformprofes": 0, "nvaformprofesinet": 0, "nvaalfabetiz": 0, "nvhinicial": 0, "nvhprimario": 0, "nvhsecundario": 0, "tallerartist": 0, "servcomplem": 0 }, "geometry": { "type": "MultiPoint", "coordinates": [ [ -60.40813928287627, -26.837034663341562 ] ] } },
{ "type": "Feature", "properties": { "id": 48, "gid": 41743, "cueanexo": "220252600", "nombre": "E.E.S. Nº 198 - MARISABEL CRISTINA VIÑA", "domicilio": "NESTOR KIRCHNER COMPARTE EDIFICIO CON LA E.E.P N°333", "sector": "Estatal", "modcomun": "1", "modespecial": "0", "modadultos": "0", "nvcjmaternal": 0, "nvcjinfantes": 0, "nvcprimario": 0, "nvcsecundario": 1, "nvcsecundinet": 0, "nvcsnu": 0, "nvcsnuinet": 0, "nvcsnucursos": 0, "nvceductempr": 0, "nvejinfantes": 0, "nveprimario": 0, "nvesecundario": 0, "nveadultos": 0, "nvaprimario": 0, "nvasecundario": 0, "nvaformprofes": 0, "nvaformprofesinet": 0, "nvaalfabetiz": 0, "nvhinicial": 0, "nvhprimario": 0, "nvhsecundario": 0, "tallerartist": 0, "servcomplem": 0 }, "geometry": { "type": "MultiPoint", "coordinates": [ [ -60.428728633222335, -26.812556412772278 ] ] } },
{ "type": "Feature", "properties": { "id": 49, "gid": 38390, "cueanexo": "220014401", "nombre": "I.S.P.E.A. DANZAS - MARIA A. PELLEGRINI (UES)", "domicilio": "CHECOESLOVAQUIA 597", "sector": "Estatal", "modcomun": "0", "modespecial": "0", "modadultos": "0", "nvcjmaternal": 0, "nvcjinfantes": 0, "nvcprimario": 0, "nvcsecundario": 0, "nvcsecundinet": 0, "nvcsnu": 0, "nvcsnuinet": 0, "nvcsnucursos": 0, "nvceductempr": 0, "nvejinfantes": 0, "nveprimario": 0, "nvesecundario": 0, "nveadultos": 0, "nvaprimario": 0, "nvasecundario": 0, "nvaformprofes": 0, "nvaformprofesinet": 0, "nvaalfabetiz": 0, "nvhinicial": 0, "nvhprimario": 0, "nvhsecundario": 0, "tallerartist": 1, "servcomplem": 0 }, "geometry": { "type": "MultiPoint", "coordinates": [ [ -60.446725269686674, -26.799110075618991 ] ] } },
{ "type": "Feature", "properties": { "id": 50, "gid": 38657, "cueanexo": "220028600", "nombre": "JARDIN DE INFANTES Nº 9 SARA CH.DE ECCLESTON", "domicilio": "9 DE JULIO 980 CENTRO", "sector": "Estatal", "modcomun": "1", "modespecial": "0", "modadultos": "0", "nvcjmaternal": 0, "nvcjinfantes": 1, "nvcprimario": 0, "nvcsecundario": 0, "nvcsecundinet": 0, "nvcsnu": 0, "nvcsnuinet": 0, "nvcsnucursos": 0, "nvceductempr": 0, "nvejinfantes": 0, "nveprimario": 0, "nvesecundario": 0, "nveadultos": 0, "nvaprimario": 0, "nvasecundario": 0, "nvaformprofes": 0, "nvaformprofesinet": 0, "nvaalfabetiz": 0, "nvhinicial": 0, "nvhprimario": 0, "nvhsecundario": 0, "tallerartist": 0, "servcomplem": 0 }, "geometry": { "type": "MultiPoint", "coordinates": [ [ -60.446397399155522, -26.78760723805355 ] ] } },
{ "type": "Feature", "properties": { "id": 51, "gid": 38658, "cueanexo": "220028700", "nombre": "JARDIN DE INFANTES Nº 40 - DOMINGUITO", "domicilio": "AV.EL TRABAJADOR-CALLE 1 (entre 28 y30)  SARMIENTO B° SARMIENTO", "sector": "Estatal", "modcomun": "1", "modespecial": "0", "modadultos": "0", "nvcjmaternal": 0, "nvcjinfantes": 1, "nvcprimario": 0, "nvcsecundario": 0, "nvcsecundinet": 0, "nvcsnu": 0, "nvcsnuinet": 0, "nvcsnucursos": 0, "nvceductempr": 0, "nvejinfantes": 0, "nveprimario": 0, "nvesecundario": 0, "nveadultos": 0, "nvaprimario": 0, "nvasecundario": 0, "nvaformprofes": 0, "nvaformprofesinet": 0, "nvaalfabetiz": 0, "nvhinicial": 0, "nvhprimario": 0, "nvhsecundario": 0, "tallerartist": 0, "servcomplem": 0 }, "geometry": { "type": "MultiPoint", "coordinates": [ [ -60.453510943506771, -26.789033935669586 ] ] } },
{ "type": "Feature", "properties": { "id": 52, "gid": 38659, "cueanexo": "220028701", "nombre": "JARDIN DE INFANTES Nº 40 - DOMINGUITO", "domicilio": "AV.1 ( entre calle 30 y 32)  TIRO FEDERAL CASA DEL SOL-B° TIRO FEDERAL (separa la via a la base del anexo)", "sector": "Estatal", "modcomun": "1", "modespecial": "0", "modadultos": "0", "nvcjmaternal": 0, "nvcjinfantes": 1, "nvcprimario": 0, "nvcsecundario": 0, "nvcsecundinet": 0, "nvcsnu": 0, "nvcsnuinet": 0, "nvcsnucursos": 0, "nvceductempr": 0, "nvejinfantes": 0, "nveprimario": 0, "nvesecundario": 0, "nveadultos": 0, "nvaprimario": 0, "nvasecundario": 0, "nvaformprofes": 0, "nvaformprofesinet": 0, "nvaalfabetiz": 0, "nvhinicial": 0, "nvhprimario": 0, "nvhsecundario": 0, "tallerartist": 0, "servcomplem": 0 }, "geometry": { "type": "MultiPoint", "coordinates": [ [ -60.453553772579376, -26.789482658736045 ] ] } },
{ "type": "Feature", "properties": { "id": 53, "gid": 38660, "cueanexo": "220028800", "nombre": "U.E.G.P Nº 37 (UEP Nº 37) INSTITUTO POLITECNICO JUAN XXIII", "domicilio": "MONS.ITALO DI STEFANO 775 LAMADRID", "sector": "Privado", "modcomun": "1", "modespecial": "0", "modadultos": "1", "nvcjmaternal": 0, "nvcjinfantes": 0, "nvcprimario": 0, "nvcsecundario": 1, "nvcsecundinet": 1, "nvcsnu": 0, "nvcsnuinet": 0, "nvcsnucursos": 0, "nvceductempr": 0, "nvejinfantes": 0, "nveprimario": 0, "nvesecundario": 0, "nveadultos": 0, "nvaprimario": 0, "nvasecundario": 0, "nvaformprofes": 1, "nvaformprofesinet": 0, "nvaalfabetiz": 0, "nvhinicial": 0, "nvhprimario": 0, "nvhsecundario": 0, "tallerartist": 0, "servcomplem": 1 }, "geometry": { "type": "MultiPoint", "coordinates": [ [ -60.433470617896234, -26.806181974918601 ] ] } },
{ "type": "Feature", "properties": { "id": 54, "gid": 38797, "cueanexo": "220038300", "nombre": "E.E.P. Nº 330 - CONCEJAL FILOMENO BRACCONE", "domicilio": "SAN CARLOS RUTA NAC. Nº 16 y CALLE 128 -Bº SAN CARLOS", "sector": "Estatal", "modcomun": "1", "modespecial": "0", "modadultos": "0", "nvcjmaternal": 0, "nvcjinfantes": 1, "nvcprimario": 1, "nvcsecundario": 0, "nvcsecundinet": 0, "nvcsnu": 0, "nvcsnuinet": 0, "nvcsnucursos": 0, "nvceductempr": 0, "nvejinfantes": 0, "nveprimario": 0, "nvesecundario": 0, "nveadultos": 0, "nvaprimario": 0, "nvasecundario": 0, "nvaformprofes": 0, "nvaformprofesinet": 0, "nvaalfabetiz": 0, "nvhinicial": 0, "nvhprimario": 0, "nvhsecundario": 0, "tallerartist": 0, "servcomplem": 0 }, "geometry": { "type": "MultiPoint", "coordinates": [ [ -60.457034627270339, -26.801814946202597 ] ] } },
{ "type": "Feature", "properties": { "id": 55, "gid": 38804, "cueanexo": "220038800", "nombre": "E.E.P. Nº  221", "domicilio": "CALLE  220 SAN CAYETANO QTA.246-PC.9-MZ.3-B° SAN CAYETANO", "sector": "Estatal", "modcomun": "1", "modespecial": "0", "modadultos": "0", "nvcjmaternal": 0, "nvcjinfantes": 0, "nvcprimario": 1, "nvcsecundario": 0, "nvcsecundinet": 0, "nvcsnu": 0, "nvcsnuinet": 0, "nvcsnucursos": 0, "nvceductempr": 0, "nvejinfantes": 0, "nveprimario": 0, "nvesecundario": 0, "nveadultos": 0, "nvaprimario": 0, "nvasecundario": 0, "nvaformprofes": 0, "nvaformprofesinet": 0, "nvaalfabetiz": 0, "nvhinicial": 0, "nvhprimario": 0, "nvhsecundario": 0, "tallerartist": 0, "servcomplem": 0 }, "geometry": { "type": "MultiPoint", "coordinates": [ [ -60.429130428300439, -26.812344894684088 ] ] } },
{ "type": "Feature", "properties": { "id": 56, "gid": 38805, "cueanexo": "220038900", "nombre": "JARDIN DE INFANTES Nº 100 - PROFESORA JESSICA MAIRA LUCIANI", "domicilio": "18  JUAN DOMINGO PERON MZ.4-PC.3-BºJUAN D.PERON", "sector": "Estatal", "modcomun": "1", "modespecial": "0", "modadultos": "0", "nvcjmaternal": 0, "nvcjinfantes": 1, "nvcprimario": 0, "nvcsecundario": 0, "nvcsecundinet": 0, "nvcsnu": 0, "nvcsnuinet": 0, "nvcsnucursos": 0, "nvceductempr": 0, "nvejinfantes": 0, "nveprimario": 0, "nvesecundario": 0, "nveadultos": 0, "nvaprimario": 0, "nvasecundario": 0, "nvaformprofes": 0, "nvaformprofesinet": 0, "nvaalfabetiz": 0, "nvhinicial": 0, "nvhprimario": 0, "nvhsecundario": 0, "tallerartist": 0, "servcomplem": 0 }, "geometry": { "type": "MultiPoint", "coordinates": [ [ -60.417270893976408, -26.789755638679697 ] ] } },
{ "type": "Feature", "properties": { "id": 57, "gid": 38809, "cueanexo": "220039000", "nombre": "JARDIN DE INFANTES Nº 25 - CLOTILDE GUILLEN DE REZZANO", "domicilio": "CALLE 329 ENTRE 312 Y 314  OBRERO Bº OBRERO", "sector": "Estatal", "modcomun": "1", "modespecial": "0", "modadultos": "0", "nvcjmaternal": 0, "nvcjinfantes": 1, "nvcprimario": 0, "nvcsecundario": 0, "nvcsecundinet": 0, "nvcsnu": 0, "nvcsnuinet": 0, "nvcsnucursos": 0, "nvceductempr": 0, "nvejinfantes": 0, "nveprimario": 0, "nvesecundario": 0, "nveadultos": 0, "nvaprimario": 0, "nvasecundario": 0, "nvaformprofes": 0, "nvaformprofesinet": 0, "nvaalfabetiz": 0, "nvhinicial": 0, "nvhprimario": 0, "nvhsecundario": 0, "tallerartist": 0, "servcomplem": 0 }, "geometry": { "type": "MultiPoint", "coordinates": [ [ -60.422977459749418, -26.783666893146311 ] ] } },
{ "type": "Feature", "properties": { "id": 58, "gid": 38810, "cueanexo": "220039001", "nombre": "JARDIN DE INFANTES Nº 25 - CLOTILDE GUILLEN DE REZZANO", "domicilio": "CALLE 320 ENTRE 341 Y 343  HIPOLITO YRIGOYEN", "sector": "Estatal", "modcomun": "1", "modespecial": "0", "modadultos": "0", "nvcjmaternal": 0, "nvcjinfantes": 1, "nvcprimario": 0, "nvcsecundario": 0, "nvcsecundinet": 0, "nvcsnu": 0, "nvcsnuinet": 0, "nvcsnucursos": 0, "nvceductempr": 0, "nvejinfantes": 0, "nveprimario": 0, "nvesecundario": 0, "nveadultos": 0, "nvaprimario": 0, "nvasecundario": 0, "nvaformprofes": 0, "nvaformprofesinet": 0, "nvaalfabetiz": 0, "nvhinicial": 0, "nvhprimario": 0, "nvhsecundario": 0, "tallerartist": 0, "servcomplem": 0 }, "geometry": { "type": "MultiPoint", "coordinates": [ [ -60.415753960543988, -26.779273658959688 ] ] } },
{ "type": "Feature", "properties": { "id": 59, "gid": 38812, "cueanexo": "220039100", "nombre": "E.E.P. Nº 931 - RIGOBERTA MENCHU TUM", "domicilio": "CALLE 35 ENTRE CALLE 6 Y 8  NAM-QON QTA.8-Bº NAM QOM", "sector": "Estatal", "modcomun": "1", "modespecial": "0", "modadultos": "0", "nvcjmaternal": 0, "nvcjinfantes": 0, "nvcprimario": 1, "nvcsecundario": 0, "nvcsecundinet": 0, "nvcsnu": 0, "nvcsnuinet": 0, "nvcsnucursos": 0, "nvceductempr": 0, "nvejinfantes": 0, "nveprimario": 0, "nvesecundario": 0, "nveadultos": 0, "nvaprimario": 0, "nvasecundario": 0, "nvaformprofes": 0, "nvaformprofesinet": 0, "nvaalfabetiz": 0, "nvhinicial": 0, "nvhprimario": 0, "nvhsecundario": 0, "tallerartist": 0, "servcomplem": 0 }, "geometry": { "type": "MultiPoint", "coordinates": [ [ -60.421641892386639, -26.780009129689731 ] ] } },
{ "type": "Feature", "properties": { "id": 60, "gid": 38813, "cueanexo": "220039200", "nombre": "JARDIN DE INFANTES Nº 111 - GREGORIO MAZA", "domicilio": "NALA QUINTA 4-Bº NALA", "sector": "Estatal", "modcomun": "1", "modespecial": "0", "modadultos": "0", "nvcjmaternal": 0, "nvcjinfantes": 1, "nvcprimario": 0, "nvcsecundario": 0, "nvcsecundinet": 0, "nvcsnu": 0, "nvcsnuinet": 0, "nvcsnucursos": 0, "nvceductempr": 0, "nvejinfantes": 0, "nveprimario": 0, "nvesecundario": 0, "nveadultos": 0, "nvaprimario": 0, "nvasecundario": 0, "nvaformprofes": 0, "nvaformprofesinet": 0, "nvaalfabetiz": 0, "nvhinicial": 0, "nvhprimario": 0, "nvhsecundario": 0, "tallerartist": 0, "servcomplem": 0 }, "geometry": { "type": "MultiPoint", "coordinates": [ [ -60.410970172154897, -26.787727865697299 ] ] } },
{ "type": "Feature", "properties": { "id": 61, "gid": 38814, "cueanexo": "220039300", "nombre": "E.P.A Nº 60", "domicilio": "CALLE 329 1432 OBRERO ENTRE CALLE 310 Y 312-FUNC. EN E.E.P. Nº 866", "sector": "Estatal", "modcomun": "0", "modespecial": "0", "modadultos": "1", "nvcjmaternal": 0, "nvcjinfantes": 0, "nvcprimario": 0, "nvcsecundario": 0, "nvcsecundinet": 0, "nvcsnu": 0, "nvcsnuinet": 0, "nvcsnucursos": 0, "nvceductempr": 0, "nvejinfantes": 0, "nveprimario": 0, "nvesecundario": 0, "nveadultos": 0, "nvaprimario": 1, "nvasecundario": 0, "nvaformprofes": 0, "nvaformprofesinet": 0, "nvaalfabetiz": 0, "nvhinicial": 0, "nvhprimario": 0, "nvhsecundario": 0, "tallerartist": 0, "servcomplem": 0 }, "geometry": { "type": "MultiPoint", "coordinates": [ [ -60.42308988383364, -26.783393179063953 ] ] } },
{ "type": "Feature", "properties": { "id": 62, "gid": 38815, "cueanexo": "220039301", "nombre": "E.P.A Nº 60", "domicilio": "CALLE 341   HIPOLITO YRIGOYEN ENTRE 318 Y 320 - FUNC. EN E.E.P.Nº 354", "sector": "Estatal", "modcomun": "0", "modespecial": "0", "modadultos": "1", "nvcjmaternal": 0, "nvcjinfantes": 0, "nvcprimario": 0, "nvcsecundario": 0, "nvcsecundinet": 0, "nvcsnu": 0, "nvcsnuinet": 0, "nvcsnucursos": 0, "nvceductempr": 0, "nvejinfantes": 0, "nveprimario": 0, "nvesecundario": 0, "nveadultos": 0, "nvaprimario": 1, "nvasecundario": 0, "nvaformprofes": 0, "nvaformprofesinet": 0, "nvaalfabetiz": 0, "nvhinicial": 0, "nvhprimario": 0, "nvhsecundario": 0, "tallerartist": 0, "servcomplem": 0 }, "geometry": { "type": "MultiPoint", "coordinates": [ [ -60.437269025018445, -26.7725364452801 ] ] } },
{ "type": "Feature", "properties": { "id": 63, "gid": 38817, "cueanexo": "220039303", "nombre": "E.P.A Nº   60", "domicilio": "CALLE 324  Bº SANTA MONICA", "sector": "Estatal", "modcomun": "0", "modespecial": "0", "modadultos": "1", "nvcjmaternal": 0, "nvcjinfantes": 0, "nvcprimario": 0, "nvcsecundario": 0, "nvcsecundinet": 0, "nvcsnu": 0, "nvcsnuinet": 0, "nvcsnucursos": 0, "nvceductempr": 0, "nvejinfantes": 0, "nveprimario": 0, "nvesecundario": 0, "nveadultos": 0, "nvaprimario": 1, "nvasecundario": 0, "nvaformprofes": 0, "nvaformprofesinet": 0, "nvaalfabetiz": 0, "nvhinicial": 0, "nvhprimario": 0, "nvhsecundario": 0, "tallerartist": 0, "servcomplem": 0 }, "geometry": { "type": "MultiPoint", "coordinates": [ [ -60.413282877346489, -26.78023734855023 ] ] } },
{ "type": "Feature", "properties": { "id": 64, "gid": 38818, "cueanexo": "220039304", "nombre": "E.P.A Nº   60", "domicilio": "CALLE Nº 326  NALA FUNCIONA EN EGB Nº 1010", "sector": "Estatal", "modcomun": "0", "modespecial": "0", "modadultos": "1", "nvcjmaternal": 0, "nvcjinfantes": 0, "nvcprimario": 0, "nvcsecundario": 0, "nvcsecundinet": 0, "nvcsnu": 0, "nvcsnuinet": 0, "nvcsnucursos": 0, "nvceductempr": 0, "nvejinfantes": 0, "nveprimario": 0, "nvesecundario": 0, "nveadultos": 0, "nvaprimario": 1, "nvasecundario": 0, "nvaformprofes": 0, "nvaformprofesinet": 0, "nvaalfabetiz": 0, "nvhinicial": 0, "nvhprimario": 0, "nvhsecundario": 0, "tallerartist": 0, "servcomplem": 0 }, "geometry": { "type": "MultiPoint", "coordinates": [ [ -60.411725109240628, -26.787643144964544 ] ] } },
{ "type": "Feature", "properties": { "id": 65, "gid": 38819, "cueanexo": "220039305", "nombre": "E.P.A Nº   60", "domicilio": "CALLE 23 E/24 Y 26   FUNDACION HOGAR EL REFUGIO", "sector": "Estatal", "modcomun": "0", "modespecial": "0", "modadultos": "1", "nvcjmaternal": 0, "nvcjinfantes": 0, "nvcprimario": 0, "nvcsecundario": 0, "nvcsecundinet": 0, "nvcsnu": 0, "nvcsnuinet": 0, "nvcsnucursos": 0, "nvceductempr": 0, "nvejinfantes": 0, "nveprimario": 0, "nvesecundario": 0, "nveadultos": 0, "nvaprimario": 1, "nvasecundario": 0, "nvaformprofes": 0, "nvaformprofesinet": 0, "nvaalfabetiz": 0, "nvhinicial": 0, "nvhprimario": 0, "nvhsecundario": 0, "tallerartist": 0, "servcomplem": 1 }, "geometry": { "type": "MultiPoint", "coordinates": [ [ -60.442531629378081, -26.801750026061214 ] ] } },
{ "type": "Feature", "properties": { "id": 66, "gid": 38821, "cueanexo": "220039307", "nombre": "E.P.A Nº 60", "domicilio": "Circ. I-Sec.f-chacra 34-quinta 16 -Pc.105", "sector": "Estatal", "modcomun": "0", "modespecial": "0", "modadultos": "1", "nvcjmaternal": 0, "nvcjinfantes": 0, "nvcprimario": 0, "nvcsecundario": 0, "nvcsecundinet": 0, "nvcsnu": 0, "nvcsnuinet": 0, "nvcsnucursos": 0, "nvceductempr": 0, "nvejinfantes": 0, "nveprimario": 0, "nvesecundario": 0, "nveadultos": 0, "nvaprimario": 1, "nvasecundario": 0, "nvaformprofes": 0, "nvaformprofesinet": 0, "nvaalfabetiz": 0, "nvhinicial": 0, "nvhprimario": 0, "nvhsecundario": 0, "tallerartist": 0, "servcomplem": 0 }, "geometry": { "type": "MultiPoint", "coordinates": [ [ -60.415669740046162, -26.771383732179434 ] ] } },
{ "type": "Feature", "properties": { "id": 67, "gid": 38822, "cueanexo": "220039308", "nombre": "E.P.A Nº 60", "domicilio": "CALLE 45 E/4 Y 6  HIPOLITO IRIGOYEN FUNCIONA EN CAPILLA SAN ROQUE", "sector": "Estatal", "modcomun": "0", "modespecial": "0", "modadultos": "1", "nvcjmaternal": 0, "nvcjinfantes": 0, "nvcprimario": 0, "nvcsecundario": 0, "nvcsecundinet": 0, "nvcsnu": 0, "nvcsnuinet": 0, "nvcsnucursos": 0, "nvceductempr": 0, "nvejinfantes": 0, "nveprimario": 0, "nvesecundario": 0, "nveadultos": 0, "nvaprimario": 1, "nvasecundario": 0, "nvaformprofes": 0, "nvaformprofesinet": 0, "nvaalfabetiz": 0, "nvhinicial": 0, "nvhprimario": 0, "nvhsecundario": 0, "tallerartist": 0, "servcomplem": 0 }, "geometry": { "type": "MultiPoint", "coordinates": [ [ -60.429193710512401, -26.772073586782199 ] ] } },
{ "type": "Feature", "properties": { "id": 68, "gid": 38823, "cueanexo": "220039400", "nombre": "E.E.P.  Nº  990", "domicilio": "JUAN DOMINGO PERON MZA.140-PC.4-B° JUAN D.PERON", "sector": "Estatal", "modcomun": "1", "modespecial": "0", "modadultos": "0", "nvcjmaternal": 0, "nvcjinfantes": 0, "nvcprimario": 1, "nvcsecundario": 0, "nvcsecundinet": 0, "nvcsnu": 0, "nvcsnuinet": 0, "nvcsnucursos": 0, "nvceductempr": 0, "nvejinfantes": 0, "nveprimario": 0, "nvesecundario": 0, "nveadultos": 0, "nvaprimario": 0, "nvasecundario": 0, "nvaformprofes": 0, "nvaformprofesinet": 0, "nvaalfabetiz": 0, "nvhinicial": 0, "nvhprimario": 0, "nvhsecundario": 0, "tallerartist": 0, "servcomplem": 0 }, "geometry": { "type": "MultiPoint", "coordinates": [ [ -60.417235673586369, -26.789994339012964 ] ] } },
{ "type": "Feature", "properties": { "id": 69, "gid": 38824, "cueanexo": "220039700", "nombre": "E.E.P. Nº 506 - DAMIAN GARCIA", "domicilio": "JOSE NIETO 2290 SAN MARTIN CIRC.I-SECC.E-MZ.42-B° SAN MARTIN", "sector": "Estatal", "modcomun": "1", "modespecial": "0", "modadultos": "0", "nvcjmaternal": 0, "nvcjinfantes": 0, "nvcprimario": 1, "nvcsecundario": 0, "nvcsecundinet": 0, "nvcsnu": 0, "nvcsnuinet": 0, "nvcsnucursos": 0, "nvceductempr": 0, "nvejinfantes": 0, "nveprimario": 0, "nvesecundario": 0, "nveadultos": 0, "nvaprimario": 0, "nvasecundario": 0, "nvaformprofes": 0, "nvaformprofesinet": 0, "nvaalfabetiz": 0, "nvhinicial": 0, "nvhprimario": 0, "nvhsecundario": 0, "tallerartist": 0, "servcomplem": 0 }, "geometry": { "type": "MultiPoint", "coordinates": [ [ -60.430891754168464, -26.770758674894577 ] ] } },
{ "type": "Feature", "properties": { "id": 70, "gid": 38825, "cueanexo": "220039900", "nombre": "U.E.G.P Nº 35 (UEP Nº 35) INSTITUTO ADVENTISTA RAFAEL OBLIGADO", "domicilio": "LOS CEIBOS 1801 LOMA LINDA BºLOMA LINDA", "sector": "Privado", "modcomun": "1", "modespecial": "0", "modadultos": "0", "nvcjmaternal": 0, "nvcjinfantes": 0, "nvcprimario": 1, "nvcsecundario": 0, "nvcsecundinet": 0, "nvcsnu": 0, "nvcsnuinet": 0, "nvcsnucursos": 0, "nvceductempr": 0, "nvejinfantes": 0, "nveprimario": 0, "nvesecundario": 0, "nveadultos": 0, "nvaprimario": 0, "nvasecundario": 0, "nvaformprofes": 0, "nvaformprofesinet": 0, "nvaalfabetiz": 0, "nvhinicial": 0, "nvhprimario": 0, "nvhsecundario": 0, "tallerartist": 0, "servcomplem": 0 }, "geometry": { "type": "MultiPoint", "coordinates": [ [ -60.417354553084181, -26.806723633708192 ] ] } },
{ "type": "Feature", "properties": { "id": 71, "gid": 39192, "cueanexo": "220062203", "nombre": "U.E.G.P Nº 17 (UEP Nº 17) CRECER CON TODOS", "domicilio": "PINGLES 165", "sector": "Privado", "modcomun": "0", "modespecial": "1", "modadultos": "0", "nvcjmaternal": 0, "nvcjinfantes": 0, "nvcprimario": 0, "nvcsecundario": 0, "nvcsecundinet": 0, "nvcsnu": 0, "nvcsnuinet": 0, "nvcsnucursos": 0, "nvceductempr": 1, "nvejinfantes": 0, "nveprimario": 0, "nvesecundario": 0, "nveadultos": 0, "nvaprimario": 0, "nvasecundario": 0, "nvaformprofes": 0, "nvaformprofesinet": 0, "nvaalfabetiz": 0, "nvhinicial": 0, "nvhprimario": 0, "nvhsecundario": 0, "tallerartist": 0, "servcomplem": 1 }, "geometry": { "type": "MultiPoint", "coordinates": [ [ -60.445381051154065, -26.790579469140102 ] ] } },
{ "type": "Feature", "properties": { "id": 72, "gid": 39335, "cueanexo": "220072400", "nombre": "E.P.A Nº 19 - LUIS LANDRISCINA", "domicilio": "CALLE Nº 44  MONTE SINAI ENTRE CALLE 49 y 51 Bº MONTE SINAI", "sector": "Estatal", "modcomun": "0", "modespecial": "0", "modadultos": "1", "nvcjmaternal": 0, "nvcjinfantes": 0, "nvcprimario": 0, "nvcsecundario": 0, "nvcsecundinet": 0, "nvcsnu": 0, "nvcsnuinet": 0, "nvcsnucursos": 0, "nvceductempr": 0, "nvejinfantes": 0, "nveprimario": 0, "nvesecundario": 0, "nveadultos": 0, "nvaprimario": 1, "nvasecundario": 0, "nvaformprofes": 0, "nvaformprofesinet": 0, "nvaalfabetiz": 0, "nvhinicial": 0, "nvhprimario": 0, "nvhsecundario": 0, "tallerartist": 0, "servcomplem": 0 }, "geometry": { "type": "MultiPoint", "coordinates": [ [ -60.449920524258367, -26.762156423880189 ] ] } },
{ "type": "Feature", "properties": { "id": 73, "gid": 39337, "cueanexo": "220072402", "nombre": "E.P.A Nº 19 - LUIS LANDRISCINA", "domicilio": "CALLE 37 ENTRE 6 Y 8   FUNCIONA EN CTRO.COMUN.CRISTO REY", "sector": "Estatal", "modcomun": "0", "modespecial": "0", "modadultos": "1", "nvcjmaternal": 0, "nvcjinfantes": 0, "nvcprimario": 0, "nvcsecundario": 0, "nvcsecundinet": 0, "nvcsnu": 0, "nvcsnuinet": 0, "nvcsnucursos": 0, "nvceductempr": 0, "nvejinfantes": 0, "nveprimario": 0, "nvesecundario": 0, "nveadultos": 0, "nvaprimario": 1, "nvasecundario": 0, "nvaformprofes": 0, "nvaformprofesinet": 0, "nvaalfabetiz": 0, "nvhinicial": 0, "nvhprimario": 0, "nvhsecundario": 0, "tallerartist": 0, "servcomplem": 0 }, "geometry": { "type": "MultiPoint", "coordinates": [ [ -60.421876816223147, -26.779640463559424 ] ] } },
{ "type": "Feature", "properties": { "id": 74, "gid": 39340, "cueanexo": "220072405", "nombre": "E.P.A Nº 19 - LUIS LANDRISCINA", "domicilio": "LAVALLE 674  FUNCIONA EN EEP Nº 166", "sector": "Estatal", "modcomun": "0", "modespecial": "0", "modadultos": "1", "nvcjmaternal": 0, "nvcjinfantes": 0, "nvcprimario": 0, "nvcsecundario": 0, "nvcsecundinet": 0, "nvcsnu": 0, "nvcsnuinet": 0, "nvcsnucursos": 0, "nvceductempr": 0, "nvejinfantes": 0, "nveprimario": 0, "nvesecundario": 0, "nveadultos": 0, "nvaprimario": 1, "nvasecundario": 0, "nvaformprofes": 0, "nvaformprofesinet": 0, "nvaalfabetiz": 0, "nvhinicial": 0, "nvhprimario": 0, "nvhsecundario": 0, "tallerartist": 0, "servcomplem": 0 }, "geometry": { "type": "MultiPoint", "coordinates": [ [ -60.443201117021644, -26.798689835003955 ] ] } },
{ "type": "Feature", "properties": { "id": 75, "gid": 39342, "cueanexo": "220072407", "nombre": "E.P.A Nº 19 - LUIS LANDRISCINA (Unidad Penal 11)", "domicilio": "CALLE Nº 44   FUNCIONA EN UNIDAD PENAL Nº 11", "sector": "Estatal", "modcomun": "0", "modespecial": "0", "modadultos": "1", "nvcjmaternal": 0, "nvcjinfantes": 0, "nvcprimario": 0, "nvcsecundario": 0, "nvcsecundinet": 0, "nvcsnu": 0, "nvcsnuinet": 0, "nvcsnucursos": 0, "nvceductempr": 0, "nvejinfantes": 0, "nveprimario": 0, "nvesecundario": 0, "nveadultos": 0, "nvaprimario": 1, "nvasecundario": 0, "nvaformprofes": 0, "nvaformprofesinet": 0, "nvaalfabetiz": 0, "nvhinicial": 0, "nvhprimario": 0, "nvhsecundario": 0, "tallerartist": 0, "servcomplem": 0 }, "geometry": { "type": "MultiPoint", "coordinates": [ [ -60.456604450122313, -26.771992183483899 ] ] } },
{ "type": "Feature", "properties": { "id": 76, "gid": 39343, "cueanexo": "220072408", "nombre": "E.P.A Nº 19 - LUIS LANDRISCINA (División Alcaidía Pcial)", "domicilio": "12 Prolong.  Mitre", "sector": "Estatal", "modcomun": "0", "modespecial": "0", "modadultos": "1", "nvcjmaternal": 0, "nvcjinfantes": 0, "nvcprimario": 0, "nvcsecundario": 0, "nvcsecundinet": 0, "nvcsnu": 0, "nvcsnuinet": 0, "nvcsnucursos": 0, "nvceductempr": 0, "nvejinfantes": 0, "nveprimario": 0, "nvesecundario": 0, "nveadultos": 0, "nvaprimario": 1, "nvasecundario": 0, "nvaformprofes": 0, "nvaformprofesinet": 0, "nvaalfabetiz": 0, "nvhinicial": 0, "nvhprimario": 0, "nvhsecundario": 0, "tallerartist": 0, "servcomplem": 0 }, "geometry": { "type": "MultiPoint", "coordinates": [ [ -60.455301657263874, -26.820042246143768 ] ] } },
{ "type": "Feature", "properties": { "id": 77, "gid": 39344, "cueanexo": "220072409", "nombre": "E.P.A Nº 19 - LUIS LANDRISCINA", "domicilio": "CALLE 43 ENTRE 20 Y 22  SOLIDARIO funciona en salon del MIJD", "sector": "Estatal", "modcomun": "0", "modespecial": "0", "modadultos": "1", "nvcjmaternal": 0, "nvcjinfantes": 0, "nvcprimario": 0, "nvcsecundario": 0, "nvcsecundinet": 0, "nvcsnu": 0, "nvcsnuinet": 0, "nvcsnucursos": 0, "nvceductempr": 0, "nvejinfantes": 0, "nveprimario": 0, "nvesecundario": 0, "nveadultos": 0, "nvaprimario": 1, "nvasecundario": 0, "nvaformprofes": 0, "nvaformprofesinet": 0, "nvaalfabetiz": 0, "nvhinicial": 0, "nvhprimario": 0, "nvhsecundario": 0, "tallerartist": 0, "servcomplem": 0 }, "geometry": { "type": "MultiPoint", "coordinates": [ [ -60.438964410627364, -26.770210854014376 ] ] } },
{ "type": "Feature", "properties": { "id": 78, "gid": 39345, "cueanexo": "220072500", "nombre": "JARDIN DE INFANTES Nº 75 - ELIZABETA S.DE FERNANDEZ", "domicilio": "LAVALLE 630 BELGRANO", "sector": "Estatal", "modcomun": "1", "modespecial": "0", "modadultos": "0", "nvcjmaternal": 0, "nvcjinfantes": 1, "nvcprimario": 0, "nvcsecundario": 0, "nvcsecundinet": 0, "nvcsnu": 0, "nvcsnuinet": 0, "nvcsnucursos": 0, "nvceductempr": 0, "nvejinfantes": 0, "nveprimario": 0, "nvesecundario": 0, "nveadultos": 0, "nvaprimario": 0, "nvasecundario": 0, "nvaformprofes": 0, "nvaformprofesinet": 0, "nvaalfabetiz": 0, "nvhinicial": 0, "nvhprimario": 0, "nvhsecundario": 0, "tallerartist": 0, "servcomplem": 1 }, "geometry": { "type": "MultiPoint", "coordinates": [ [ -60.443123114771403, -26.798477874809677 ] ] } },
{ "type": "Feature", "properties": { "id": 79, "gid": 39433, "cueanexo": "220079600", "nombre": "E.P.A Nº 23 - REPUBLICA DEL PARAGUAY", "domicilio": "PASCUAL PRINGLES 1182 CENTRO", "sector": "Estatal", "modcomun": "0", "modespecial": "0", "modadultos": "1", "nvcjmaternal": 0, "nvcjinfantes": 0, "nvcprimario": 0, "nvcsecundario": 0, "nvcsecundinet": 0, "nvcsnu": 0, "nvcsnuinet": 0, "nvcsnucursos": 0, "nvceductempr": 0, "nvejinfantes": 0, "nveprimario": 0, "nvesecundario": 0, "nveadultos": 0, "nvaprimario": 1, "nvasecundario": 0, "nvaformprofes": 0, "nvaformprofesinet": 0, "nvaalfabetiz": 0, "nvhinicial": 0, "nvhprimario": 0, "nvhsecundario": 0, "tallerartist": 0, "servcomplem": 0 }, "geometry": { "type": "MultiPoint", "coordinates": [ [ -60.44148098076176, -26.780040707035127 ] ] } },
{ "type": "Feature", "properties": { "id": 80, "gid": 39436, "cueanexo": "220079800", "nombre": "E.S.J.A Nº 9 - PROFESORA ELBA IRMA REDONDO (EX CENS 2)", "domicilio": "CHECOSLOVAQUIA 597 ENSANCHE SUR U.N.C.A.U.S. - EES Nº 6", "sector": "Estatal", "modcomun": "0", "modespecial": "0", "modadultos": "1", "nvcjmaternal": 0, "nvcjinfantes": 0, "nvcprimario": 0, "nvcsecundario": 0, "nvcsecundinet": 0, "nvcsnu": 0, "nvcsnuinet": 0, "nvcsnucursos": 0, "nvceductempr": 0, "nvejinfantes": 0, "nveprimario": 0, "nvesecundario": 0, "nveadultos": 0, "nvaprimario": 0, "nvasecundario": 1, "nvaformprofes": 0, "nvaformprofesinet": 0, "nvaalfabetiz": 0, "nvhinicial": 0, "nvhprimario": 0, "nvhsecundario": 0, "tallerartist": 0, "servcomplem": 0 }, "geometry": { "type": "MultiPoint", "coordinates": [ [ -60.446843118324004, -26.799830804501248 ] ] } },
{ "type": "Feature", "properties": { "id": 81, "gid": 39447, "cueanexo": "220080800", "nombre": "E.E.P. Nº 37 - JUAN MAMERTO GARRO", "domicilio": "PRIMERA JUNTA   PRIMERA JUNTA y PUEYRREDON", "sector": "Estatal", "modcomun": "1", "modespecial": "0", "modadultos": "0", "nvcjmaternal": 0, "nvcjinfantes": 0, "nvcprimario": 1, "nvcsecundario": 0, "nvcsecundinet": 0, "nvcsnu": 0, "nvcsnuinet": 0, "nvcsnucursos": 0, "nvceductempr": 0, "nvejinfantes": 0, "nveprimario": 0, "nvesecundario": 0, "nveadultos": 0, "nvaprimario": 0, "nvasecundario": 0, "nvaformprofes": 0, "nvaformprofesinet": 0, "nvaalfabetiz": 0, "nvhinicial": 0, "nvhprimario": 0, "nvhsecundario": 0, "tallerartist": 0, "servcomplem": 0 }, "geometry": { "type": "MultiPoint", "coordinates": [ [ -60.442129411414477, -26.780047535261925 ] ] } },
{ "type": "Feature", "properties": { "id": 82, "gid": 39456, "cueanexo": "220081600", "nombre": "U.E.G.P Nº 13 (UEP Nº 13) -JUANA PAULA MANSO-", "domicilio": "PLUMERILLO 1618 YAPEYU", "sector": "Privado", "modcomun": "1", "modespecial": "0", "modadultos": "0", "nvcjmaternal": 0, "nvcjinfantes": 0, "nvcprimario": 1, "nvcsecundario": 0, "nvcsecundinet": 0, "nvcsnu": 0, "nvcsnuinet": 0, "nvcsnucursos": 0, "nvceductempr": 0, "nvejinfantes": 0, "nveprimario": 0, "nvesecundario": 0, "nveadultos": 0, "nvaprimario": 0, "nvasecundario": 0, "nvaformprofes": 0, "nvaformprofesinet": 0, "nvaalfabetiz": 0, "nvhinicial": 0, "nvhprimario": 0, "nvhsecundario": 0, "tallerartist": 0, "servcomplem": 0 }, "geometry": { "type": "MultiPoint", "coordinates": [ [ -60.450334745488817, -26.777133669324897 ] ] } },
{ "type": "Feature", "properties": { "id": 83, "gid": 39586, "cueanexo": "220089901", "nombre": "ESCUELA SUPERIOR DE SALUD PUBLICA", "domicilio": "AV.LAS MALVINAS 28", "sector": "Estatal", "modcomun": "1", "modespecial": "0", "modadultos": "0", "nvcjmaternal": 0, "nvcjinfantes": 0, "nvcprimario": 0, "nvcsecundario": 0, "nvcsecundinet": 0, "nvcsnu": 1, "nvcsnuinet": 1, "nvcsnucursos": 0, "nvceductempr": 0, "nvejinfantes": 0, "nveprimario": 0, "nvesecundario": 0, "nveadultos": 0, "nvaprimario": 0, "nvasecundario": 0, "nvaformprofes": 0, "nvaformprofesinet": 0, "nvaalfabetiz": 0, "nvhinicial": 0, "nvhprimario": 0, "nvhsecundario": 0, "tallerartist": 0, "servcomplem": 0 }, "geometry": { "type": "MultiPoint", "coordinates": [ [ -60.447247848976815, -26.776737142531758 ] ] } },
{ "type": "Feature", "properties": { "id": 84, "gid": 39771, "cueanexo": "220101900", "nombre": "E.E.S. Nº 174 - REPUBLICA DE HONDURAS (CEP 60)", "domicilio": "CALLE 115 555 BELGRANO B° BELGRANO", "sector": "Estatal", "modcomun": "1", "modespecial": "0", "modadultos": "1", "nvcjmaternal": 0, "nvcjinfantes": 0, "nvcprimario": 0, "nvcsecundario": 1, "nvcsecundinet": 0, "nvcsnu": 0, "nvcsnuinet": 0, "nvcsnucursos": 0, "nvceductempr": 0, "nvejinfantes": 0, "nveprimario": 0, "nvesecundario": 0, "nveadultos": 0, "nvaprimario": 0, "nvasecundario": 1, "nvaformprofes": 0, "nvaformprofesinet": 0, "nvaalfabetiz": 0, "nvhinicial": 0, "nvhprimario": 0, "nvhsecundario": 0, "tallerartist": 0, "servcomplem": 0 }, "geometry": { "type": "MultiPoint", "coordinates": [ [ -60.446747371394189, -26.800435383950592 ] ] } },
{ "type": "Feature", "properties": { "id": 85, "gid": 39803, "cueanexo": "220103600", "nombre": "E.E.T. Nº 23 - GREGORIA MATORRAS DE SAN MARTIN", "domicilio": "LAPRIDA 784", "sector": "Estatal", "modcomun": "1", "modespecial": "0", "modadultos": "1", "nvcjmaternal": 0, "nvcjinfantes": 0, "nvcprimario": 0, "nvcsecundario": 1, "nvcsecundinet": 1, "nvcsnu": 0, "nvcsnuinet": 0, "nvcsnucursos": 0, "nvceductempr": 0, "nvejinfantes": 0, "nveprimario": 0, "nvesecundario": 0, "nveadultos": 0, "nvaprimario": 0, "nvasecundario": 0, "nvaformprofes": 1, "nvaformprofesinet": 0, "nvaalfabetiz": 0, "nvhinicial": 0, "nvhprimario": 0, "nvhsecundario": 0, "tallerartist": 0, "servcomplem": 0 }, "geometry": { "type": "MultiPoint", "coordinates": [ [ -60.442754300170883, -26.785430923077946 ] ] } },
{ "type": "Feature", "properties": { "id": 86, "gid": 39865, "cueanexo": "220107200", "nombre": "E.E.P. Nº 369 - DOMINGO F.SARMIENTO", "domicilio": "LAVALLE 1054 SARMIENTO", "sector": "Estatal", "modcomun": "1", "modespecial": "0", "modadultos": "0", "nvcjmaternal": 0, "nvcjinfantes": 1, "nvcprimario": 1, "nvcsecundario": 0, "nvcsecundinet": 0, "nvcsnu": 0, "nvcsnuinet": 0, "nvcsnucursos": 0, "nvceductempr": 0, "nvejinfantes": 0, "nveprimario": 0, "nvesecundario": 0, "nveadultos": 0, "nvaprimario": 0, "nvasecundario": 0, "nvaformprofes": 0, "nvaformprofesinet": 0, "nvaalfabetiz": 0, "nvhinicial": 0, "nvhprimario": 0, "nvhsecundario": 0, "tallerartist": 0, "servcomplem": 0 }, "geometry": { "type": "MultiPoint", "coordinates": [ [ -60.458331029543707, -26.793181439637642 ] ] } },
{ "type": "Feature", "properties": { "id": 87, "gid": 39866, "cueanexo": "220107300", "nombre": "E.E.P. Nº 31 - DOMINGO FAUSTINO SARMIENTO", "domicilio": "9 DE JULIO 468 CENTRO CIRC.1-MZ.61-PC.1 (COMPARTE EDIFICIO CON LA B.P N°19)", "sector": "Estatal", "modcomun": "1", "modespecial": "0", "modadultos": "0", "nvcjmaternal": 0, "nvcjinfantes": 0, "nvcprimario": 1, "nvcsecundario": 0, "nvcsecundinet": 0, "nvcsnu": 0, "nvcsnuinet": 0, "nvcsnucursos": 0, "nvceductempr": 0, "nvejinfantes": 0, "nveprimario": 0, "nvesecundario": 0, "nveadultos": 0, "nvaprimario": 0, "nvasecundario": 0, "nvaformprofes": 0, "nvaformprofesinet": 0, "nvaalfabetiz": 0, "nvhinicial": 0, "nvhprimario": 0, "nvhsecundario": 0, "tallerartist": 0, "servcomplem": 0 }, "geometry": { "type": "MultiPoint", "coordinates": [ [ -60.44074649800244, -26.789856772273328 ] ] } },
{ "type": "Feature", "properties": { "id": 88, "gid": 39867, "cueanexo": "220107400", "nombre": "E.E.P. Nº 327 - JOSE MARIA GUTIERREZ", "domicilio": "SAAVEDRA  TIRO FEDERAL Bº TIRO FEDERAL", "sector": "Estatal", "modcomun": "1", "modespecial": "0", "modadultos": "0", "nvcjmaternal": 0, "nvcjinfantes": 0, "nvcprimario": 1, "nvcsecundario": 0, "nvcsecundinet": 0, "nvcsnu": 0, "nvcsnuinet": 0, "nvcsnucursos": 0, "nvceductempr": 0, "nvejinfantes": 0, "nveprimario": 0, "nvesecundario": 0, "nveadultos": 0, "nvaprimario": 0, "nvasecundario": 0, "nvaformprofes": 0, "nvaformprofesinet": 0, "nvaalfabetiz": 0, "nvhinicial": 0, "nvhprimario": 0, "nvhsecundario": 0, "tallerartist": 0, "servcomplem": 0 }, "geometry": { "type": "MultiPoint", "coordinates": [ [ -60.452322325117812, -26.789078921543332 ] ] } },
{ "type": "Feature", "properties": { "id": 89, "gid": 39868, "cueanexo": "220107500", "nombre": "E.E.P. Nº 789 - MARTA INES HANACEK DE LA GRAÑA", "domicilio": "17 DE OCTUBRE S/Nº BELGRANO-ENSANCHE SUR B° BELGRANO-ENSANCHE SUR", "sector": "Estatal", "modcomun": "1", "modespecial": "0", "modadultos": "0", "nvcjmaternal": 0, "nvcjinfantes": 0, "nvcprimario": 1, "nvcsecundario": 0, "nvcsecundinet": 0, "nvcsnu": 0, "nvcsnuinet": 0, "nvcsnucursos": 0, "nvceductempr": 0, "nvejinfantes": 0, "nveprimario": 0, "nvesecundario": 0, "nveadultos": 0, "nvaprimario": 0, "nvasecundario": 0, "nvaformprofes": 0, "nvaformprofesinet": 0, "nvaalfabetiz": 0, "nvhinicial": 0, "nvhprimario": 0, "nvhsecundario": 0, "tallerartist": 0, "servcomplem": 0 }, "geometry": { "type": "MultiPoint", "coordinates": [ [ -60.447353917733693, -26.800228076411564 ] ] } },
{ "type": "Feature", "properties": { "id": 90, "gid": 39869, "cueanexo": "220107600", "nombre": "U.E.G.P Nº 55 (UEP Nº 55) INSTITUTO DON ORIONE", "domicilio": "P.MUSTACCHIO 255 ORO BLANCO", "sector": "Privado", "modcomun": "1", "modespecial": "0", "modadultos": "0", "nvcjmaternal": 0, "nvcjinfantes": 0, "nvcprimario": 0, "nvcsecundario": 0, "nvcsecundinet": 0, "nvcsnu": 1, "nvcsnuinet": 0, "nvcsnucursos": 1, "nvceductempr": 0, "nvejinfantes": 0, "nveprimario": 0, "nvesecundario": 0, "nveadultos": 0, "nvaprimario": 0, "nvasecundario": 0, "nvaformprofes": 0, "nvaformprofesinet": 0, "nvaalfabetiz": 0, "nvhinicial": 0, "nvhprimario": 0, "nvhsecundario": 0, "tallerartist": 0, "servcomplem": 0 }, "geometry": { "type": "MultiPoint", "coordinates": [ [ -60.448355310885624, -26.795708279697649 ] ] } },
{ "type": "Feature", "properties": { "id": 91, "gid": 39870, "cueanexo": "220107700", "nombre": "INSTITUTO DE EDUCACION SUPERIOR - JUAN MANTOVANI", "domicilio": "AVENIDA PUEYRREDON 1530", "sector": "Estatal", "modcomun": "1", "modespecial": "0", "modadultos": "0", "nvcjmaternal": 0, "nvcjinfantes": 0, "nvcprimario": 0, "nvcsecundario": 0, "nvcsecundinet": 0, "nvcsnu": 1, "nvcsnuinet": 0, "nvcsnucursos": 0, "nvceductempr": 0, "nvejinfantes": 0, "nveprimario": 0, "nvesecundario": 0, "nveadultos": 0, "nvaprimario": 0, "nvasecundario": 0, "nvaformprofes": 0, "nvaformprofesinet": 0, "nvaalfabetiz": 0, "nvhinicial": 0, "nvhprimario": 0, "nvhsecundario": 0, "tallerartist": 0, "servcomplem": 0 }, "geometry": { "type": "MultiPoint", "coordinates": [ [ -60.436728517557675, -26.777338208571649 ] ] } },
{ "type": "Feature", "properties": { "id": 92, "gid": 39875, "cueanexo": "220107800", "nombre": "E.E.P. Nº 225 - GRANADEROS DE SAN MARTIN", "domicilio": "PDRE.A.MUSTACCHIO  ENSANCHE SUD Bº ENSANCHE SUD", "sector": "Estatal", "modcomun": "1", "modespecial": "0", "modadultos": "0", "nvcjmaternal": 0, "nvcjinfantes": 0, "nvcprimario": 1, "nvcsecundario": 0, "nvcsecundinet": 0, "nvcsnu": 0, "nvcsnuinet": 0, "nvcsnucursos": 0, "nvceductempr": 0, "nvejinfantes": 0, "nveprimario": 0, "nvesecundario": 0, "nveadultos": 0, "nvaprimario": 0, "nvasecundario": 0, "nvaformprofes": 0, "nvaformprofesinet": 0, "nvaalfabetiz": 0, "nvhinicial": 0, "nvhprimario": 0, "nvhsecundario": 0, "tallerartist": 0, "servcomplem": 0 }, "geometry": { "type": "MultiPoint", "coordinates": [ [ -60.447154620988059, -26.793205858692627 ] ] } },
{ "type": "Feature", "properties": { "id": 93, "gid": 39876, "cueanexo": "220107900", "nombre": "U.E.G.P Nº 55 (UEP Nº 55) INSTITUTO DON ORIONE", "domicilio": "PADRE ARTURO MUSTACCHIO 255 BELGRANO", "sector": "Privado", "modcomun": "1", "modespecial": "0", "modadultos": "0", "nvcjmaternal": 0, "nvcjinfantes": 0, "nvcprimario": 1, "nvcsecundario": 0, "nvcsecundinet": 0, "nvcsnu": 0, "nvcsnuinet": 0, "nvcsnucursos": 0, "nvceductempr": 0, "nvejinfantes": 0, "nveprimario": 0, "nvesecundario": 0, "nveadultos": 0, "nvaprimario": 0, "nvasecundario": 0, "nvaformprofes": 0, "nvaformprofesinet": 0, "nvaalfabetiz": 0, "nvhinicial": 0, "nvhprimario": 0, "nvhsecundario": 0, "tallerartist": 0, "servcomplem": 0 }, "geometry": { "type": "MultiPoint", "coordinates": [ [ -60.44818511265855, -26.795631000041276 ] ] } },
{ "type": "Feature", "properties": { "id": 94, "gid": 39878, "cueanexo": "220108000", "nombre": "JARDIN DE INFANTES Nº 68 - ARNALDO PONS", "domicilio": "MAESTRO FELCHER(CALLE 209) 634 LAMADRID Bº LAMADRID", "sector": "Estatal", "modcomun": "1", "modespecial": "0", "modadultos": "0", "nvcjmaternal": 0, "nvcjinfantes": 1, "nvcprimario": 0, "nvcsecundario": 0, "nvcsecundinet": 0, "nvcsnu": 0, "nvcsnuinet": 0, "nvcsnucursos": 0, "nvceductempr": 0, "nvejinfantes": 0, "nveprimario": 0, "nvesecundario": 0, "nveadultos": 0, "nvaprimario": 0, "nvasecundario": 0, "nvaformprofes": 0, "nvaformprofesinet": 0, "nvaalfabetiz": 0, "nvhinicial": 0, "nvhprimario": 0, "nvhsecundario": 0, "tallerartist": 0, "servcomplem": 0 }, "geometry": { "type": "MultiPoint", "coordinates": [ [ -60.43181656705039, -26.802915790394426 ] ] } },
{ "type": "Feature", "properties": { "id": 95, "gid": 39881, "cueanexo": "220108100", "nombre": "E.E.P. Nº 306 - ANA CRISTEFF DE DILCHOFF", "domicilio": "BENJAMIN FRANKLIN 393 LAMADRID B° LAMADRID", "sector": "Estatal", "modcomun": "1", "modespecial": "0", "modadultos": "0", "nvcjmaternal": 0, "nvcjinfantes": 0, "nvcprimario": 1, "nvcsecundario": 0, "nvcsecundinet": 0, "nvcsnu": 0, "nvcsnuinet": 0, "nvcsnucursos": 0, "nvceductempr": 0, "nvejinfantes": 0, "nveprimario": 0, "nvesecundario": 0, "nveadultos": 0, "nvaprimario": 0, "nvasecundario": 0, "nvaformprofes": 0, "nvaformprofesinet": 0, "nvaalfabetiz": 0, "nvhinicial": 0, "nvhprimario": 0, "nvhsecundario": 0, "tallerartist": 0, "servcomplem": 0 }, "geometry": { "type": "MultiPoint", "coordinates": [ [ -60.431084414951975, -26.802986737272565 ] ] } },
{ "type": "Feature", "properties": { "id": 96, "gid": 39882, "cueanexo": "220108200", "nombre": "U.E.G.P Nº 20 (UEP Nº 20) POPULAR DE CAPACITACION", "domicilio": "GUEMES 540 CENTRO", "sector": "Privado", "modcomun": "0", "modespecial": "0", "modadultos": "1", "nvcjmaternal": 0, "nvcjinfantes": 0, "nvcprimario": 0, "nvcsecundario": 0, "nvcsecundinet": 0, "nvcsnu": 0, "nvcsnuinet": 0, "nvcsnucursos": 0, "nvceductempr": 0, "nvejinfantes": 0, "nveprimario": 0, "nvesecundario": 0, "nveadultos": 0, "nvaprimario": 1, "nvasecundario": 0, "nvaformprofes": 1, "nvaformprofesinet": 0, "nvaalfabetiz": 0, "nvhinicial": 0, "nvhprimario": 0, "nvhsecundario": 0, "tallerartist": 0, "servcomplem": 0 }, "geometry": { "type": "MultiPoint", "coordinates": [ [ -60.438617737618422, -26.788592033838377 ] ] } },
{ "type": "Feature", "properties": { "id": 97, "gid": 39883, "cueanexo": "220108300", "nombre": "E.P.A Nº 17 - GOB. ANSELMO ZOILO DUCA", "domicilio": "BENJAMIN FRANKLIN 393 LAMADRID SEC.H-QTA.40-PC.6-FUNCIONA EN EEP Nº 306-Bº LAMADRID", "sector": "Estatal", "modcomun": "0", "modespecial": "0", "modadultos": "1", "nvcjmaternal": 0, "nvcjinfantes": 0, "nvcprimario": 0, "nvcsecundario": 0, "nvcsecundinet": 0, "nvcsnu": 0, "nvcsnuinet": 0, "nvcsnucursos": 0, "nvceductempr": 0, "nvejinfantes": 0, "nveprimario": 0, "nvesecundario": 0, "nveadultos": 0, "nvaprimario": 1, "nvasecundario": 0, "nvaformprofes": 0, "nvaformprofesinet": 0, "nvaalfabetiz": 0, "nvhinicial": 0, "nvhprimario": 0, "nvhsecundario": 0, "tallerartist": 0, "servcomplem": 0 }, "geometry": { "type": "MultiPoint", "coordinates": [ [ -60.431129004585102, -26.802491164734406 ] ] } },
{ "type": "Feature", "properties": { "id": 98, "gid": 39884, "cueanexo": "220108301", "nombre": "E.P.A Nº 17 - GOB. ANSELMO ZOILO DUCA", "domicilio": "CALLE Nº 220  SAN CAYETANO QTA.246-FUNCIONA EN LA E.E.P. Nº 221-Bº SAN CAYETANO", "sector": "Estatal", "modcomun": "0", "modespecial": "0", "modadultos": "1", "nvcjmaternal": 0, "nvcjinfantes": 0, "nvcprimario": 0, "nvcsecundario": 0, "nvcsecundinet": 0, "nvcsnu": 0, "nvcsnuinet": 0, "nvcsnucursos": 0, "nvceductempr": 0, "nvejinfantes": 0, "nveprimario": 0, "nvesecundario": 0, "nveadultos": 0, "nvaprimario": 1, "nvasecundario": 0, "nvaformprofes": 0, "nvaformprofesinet": 0, "nvaalfabetiz": 0, "nvhinicial": 0, "nvhprimario": 0, "nvhsecundario": 0, "tallerartist": 0, "servcomplem": 0 }, "geometry": { "type": "MultiPoint", "coordinates": [ [ -60.428651363452495, -26.812754325151751 ] ] } },
{ "type": "Feature", "properties": { "id": 99, "gid": 39885, "cueanexo": "220108302", "nombre": "E.P.A Nº 17 - GOB. ANSELMO ZOILO DUCA", "domicilio": "SAN CAYETANO C.1-SEC.J H-QTA.68-MZ.1 PC.24-(FUNCIONA EN LA CAPILLA MADRE ESPERANZA)", "sector": "Estatal", "modcomun": "0", "modespecial": "0", "modadultos": "1", "nvcjmaternal": 0, "nvcjinfantes": 0, "nvcprimario": 0, "nvcsecundario": 0, "nvcsecundinet": 0, "nvcsnu": 0, "nvcsnuinet": 0, "nvcsnucursos": 0, "nvceductempr": 0, "nvejinfantes": 0, "nveprimario": 0, "nvesecundario": 0, "nveadultos": 0, "nvaprimario": 1, "nvasecundario": 0, "nvaformprofes": 0, "nvaformprofesinet": 0, "nvaalfabetiz": 0, "nvhinicial": 0, "nvhprimario": 0, "nvhsecundario": 0, "tallerartist": 0, "servcomplem": 0 }, "geometry": { "type": "MultiPoint", "coordinates": [ [ -60.428625089032124, -26.812771882547779 ] ] } },
{ "type": "Feature", "properties": { "id": 100, "gid": 39887, "cueanexo": "220108304", "nombre": "E.P.A Nº 17 - GOB. ANSELMO ZOILO DUCA", "domicilio": "SAN CAYETANO QTA.233-Bº SAN CAYETANO-FUNCIONA CTRO.INTEGRAL COMUN", "sector": "Estatal", "modcomun": "0", "modespecial": "0", "modadultos": "1", "nvcjmaternal": 0, "nvcjinfantes": 0, "nvcprimario": 0, "nvcsecundario": 0, "nvcsecundinet": 0, "nvcsnu": 0, "nvcsnuinet": 0, "nvcsnucursos": 0, "nvceductempr": 0, "nvejinfantes": 0, "nveprimario": 0, "nvesecundario": 0, "nveadultos": 0, "nvaprimario": 1, "nvasecundario": 0, "nvaformprofes": 0, "nvaformprofesinet": 0, "nvaalfabetiz": 0, "nvhinicial": 0, "nvhprimario": 0, "nvhsecundario": 0, "tallerartist": 0, "servcomplem": 0 }, "geometry": { "type": "MultiPoint", "coordinates": [ [ -60.428623333692457, -26.812397951829034 ] ] } },
{ "type": "Feature", "properties": { "id": 101, "gid": 39889, "cueanexo": "220108400", "nombre": "E.E.P. Nº 136 - COMANDANTE FERNANDEZ", "domicilio": "HIPOLITO YRIGOYEN", "sector": "Estatal", "modcomun": "1", "modespecial": "0", "modadultos": "0", "nvcjmaternal": 0, "nvcjinfantes": 0, "nvcprimario": 1, "nvcsecundario": 0, "nvcsecundinet": 0, "nvcsnu": 0, "nvcsnuinet": 0, "nvcsnucursos": 0, "nvceductempr": 0, "nvejinfantes": 0, "nveprimario": 0, "nvesecundario": 0, "nveadultos": 0, "nvaprimario": 0, "nvasecundario": 0, "nvaformprofes": 0, "nvaformprofesinet": 0, "nvaalfabetiz": 0, "nvhinicial": 0, "nvhprimario": 0, "nvhsecundario": 0, "tallerartist": 0, "servcomplem": 1 }, "geometry": { "type": "MultiPoint", "coordinates": [ [ -60.437154733099028, -26.793902887652848 ] ] } },
{ "type": "Feature", "properties": { "id": 102, "gid": 39890, "cueanexo": "220108500", "nombre": "E.E.P. Nº 166 - ANTONIO R. FERNANDEZ", "domicilio": "LAVALLE 674 BELGRANO Bº BELGRANO", "sector": "Estatal", "modcomun": "1", "modespecial": "0", "modadultos": "0", "nvcjmaternal": 0, "nvcjinfantes": 0, "nvcprimario": 1, "nvcsecundario": 0, "nvcsecundinet": 0, "nvcsnu": 0, "nvcsnuinet": 0, "nvcsnucursos": 0, "nvceductempr": 0, "nvejinfantes": 0, "nveprimario": 0, "nvesecundario": 0, "nveadultos": 0, "nvaprimario": 0, "nvasecundario": 0, "nvaformprofes": 0, "nvaformprofesinet": 0, "nvaalfabetiz": 0, "nvhinicial": 0, "nvhprimario": 0, "nvhsecundario": 0, "tallerartist": 0, "servcomplem": 0 }, "geometry": { "type": "MultiPoint", "coordinates": [ [ -60.443511192948243, -26.798710453650976 ] ] } },
{ "type": "Feature", "properties": { "id": 103, "gid": 39947, "cueanexo": "220112100", "nombre": "JARDIN DE INFANTES Nº 44 - DOCTORA CECILIA GRIERSON", "domicilio": "AV.LOS ESPAÑ0LES S/Nº COLON Bº COLON", "sector": "Estatal", "modcomun": "1", "modespecial": "0", "modadultos": "0", "nvcjmaternal": 1, "nvcjinfantes": 1, "nvcprimario": 0, "nvcsecundario": 0, "nvcsecundinet": 0, "nvcsnu": 0, "nvcsnuinet": 0, "nvcsnucursos": 0, "nvceductempr": 0, "nvejinfantes": 0, "nveprimario": 0, "nvesecundario": 0, "nveadultos": 0, "nvaprimario": 0, "nvasecundario": 0, "nvaformprofes": 0, "nvaformprofesinet": 0, "nvaalfabetiz": 0, "nvhinicial": 0, "nvhprimario": 0, "nvhsecundario": 0, "tallerartist": 0, "servcomplem": 0 }, "geometry": { "type": "MultiPoint", "coordinates": [ [ -60.453058971131505, -26.770826350324132 ] ] } },
{ "type": "Feature", "properties": { "id": 104, "gid": 39952, "cueanexo": "220112500", "nombre": "E.E.P. Nº 453 - SUBPREFECTO RAUL J.PIERONI", "domicilio": "AV.ITALIA  PUERTA DEL SOL AV.ITALIA y VENEZUELA", "sector": "Estatal", "modcomun": "1", "modespecial": "0", "modadultos": "0", "nvcjmaternal": 0, "nvcjinfantes": 0, "nvcprimario": 1, "nvcsecundario": 0, "nvcsecundinet": 0, "nvcsnu": 0, "nvcsnuinet": 0, "nvcsnucursos": 0, "nvceductempr": 0, "nvejinfantes": 0, "nveprimario": 0, "nvesecundario": 0, "nveadultos": 0, "nvaprimario": 0, "nvasecundario": 0, "nvaformprofes": 0, "nvaformprofesinet": 0, "nvaalfabetiz": 0, "nvhinicial": 0, "nvhprimario": 0, "nvhsecundario": 0, "tallerartist": 0, "servcomplem": 0 }, "geometry": { "type": "MultiPoint", "coordinates": [ [ -60.448559180901626, -26.768389663404122 ] ] } },
{ "type": "Feature", "properties": { "id": 105, "gid": 39954, "cueanexo": "220112800", "nombre": "E.E.P. Nº 503 - ELBA A.CASCO DE DUFOUR", "domicilio": "ANTONIO ZAFRA QUINTA 61-RUTA Nº 16 Y Nº 95-Bº A.ZAFRA", "sector": "Estatal", "modcomun": "1", "modespecial": "0", "modadultos": "0", "nvcjmaternal": 0, "nvcjinfantes": 1, "nvcprimario": 1, "nvcsecundario": 0, "nvcsecundinet": 0, "nvcsnu": 0, "nvcsnuinet": 0, "nvcsnucursos": 0, "nvceductempr": 0, "nvejinfantes": 0, "nveprimario": 0, "nvesecundario": 0, "nveadultos": 0, "nvaprimario": 0, "nvasecundario": 0, "nvaformprofes": 0, "nvaformprofesinet": 0, "nvaalfabetiz": 0, "nvhinicial": 0, "nvhprimario": 0, "nvhsecundario": 0, "tallerartist": 0, "servcomplem": 0 }, "geometry": { "type": "MultiPoint", "coordinates": [ [ -60.417514138442733, -26.815707350723894 ] ] } },
{ "type": "Feature", "properties": { "id": 106, "gid": 39958, "cueanexo": "220113300", "nombre": "E.E.P. Nº 354 - LUZ Y FUERZA", "domicilio": "CALLE 343  HIPOLITO YRIGOYEN HIPOLITO YRIGOYEN", "sector": "Estatal", "modcomun": "1", "modespecial": "0", "modadultos": "0", "nvcjmaternal": 0, "nvcjinfantes": 0, "nvcprimario": 1, "nvcsecundario": 0, "nvcsecundinet": 0, "nvcsnu": 0, "nvcsnuinet": 0, "nvcsnucursos": 0, "nvceductempr": 0, "nvejinfantes": 0, "nveprimario": 0, "nvesecundario": 0, "nveadultos": 0, "nvaprimario": 0, "nvasecundario": 0, "nvaformprofes": 0, "nvaformprofesinet": 0, "nvaalfabetiz": 0, "nvhinicial": 0, "nvhprimario": 0, "nvhsecundario": 0, "tallerartist": 0, "servcomplem": 0 }, "geometry": { "type": "MultiPoint", "coordinates": [ [ -60.436976274496914, -26.772117937613562 ] ] } },
{ "type": "Feature", "properties": { "id": 107, "gid": 39959, "cueanexo": "220113400", "nombre": "E.E.S. Nº 59 - ESCUELA DEL CENTENARIO (CEP 59)", "domicilio": "JUAN DOMINGO PERON CALLE 318 y CALLE 321 MZ.140-PC.4-Bº J.D.PERON", "sector": "Estatal", "modcomun": "1", "modespecial": "0", "modadultos": "0", "nvcjmaternal": 0, "nvcjinfantes": 0, "nvcprimario": 0, "nvcsecundario": 1, "nvcsecundinet": 0, "nvcsnu": 0, "nvcsnuinet": 0, "nvcsnucursos": 0, "nvceductempr": 0, "nvejinfantes": 0, "nveprimario": 0, "nvesecundario": 0, "nveadultos": 0, "nvaprimario": 0, "nvasecundario": 0, "nvaformprofes": 0, "nvaformprofesinet": 0, "nvaalfabetiz": 0, "nvhinicial": 0, "nvhprimario": 0, "nvhsecundario": 0, "tallerartist": 0, "servcomplem": 0 }, "geometry": { "type": "MultiPoint", "coordinates": [ [ -60.417330477749758, -26.790477655355886 ] ] } },
{ "type": "Feature", "properties": { "id": 108, "gid": 39960, "cueanexo": "220113500", "nombre": "INSTITUTO DE EDUCACION SUPERIOR - C.I.F.M.A.", "domicilio": "CALLE 332 NALA B° NALA", "sector": "Estatal", "modcomun": "1", "modespecial": "0", "modadultos": "0", "nvcjmaternal": 0, "nvcjinfantes": 0, "nvcprimario": 0, "nvcsecundario": 0, "nvcsecundinet": 0, "nvcsnu": 1, "nvcsnuinet": 0, "nvcsnucursos": 0, "nvceductempr": 0, "nvejinfantes": 0, "nveprimario": 0, "nvesecundario": 0, "nveadultos": 0, "nvaprimario": 0, "nvasecundario": 0, "nvaformprofes": 0, "nvaformprofesinet": 0, "nvaalfabetiz": 0, "nvhinicial": 0, "nvhprimario": 0, "nvhsecundario": 0, "tallerartist": 0, "servcomplem": 1 }, "geometry": { "type": "MultiPoint", "coordinates": [ [ -60.4101172546304, -26.789677471867275 ] ] } },
{ "type": "Feature", "properties": { "id": 109, "gid": 39965, "cueanexo": "220113600", "nombre": "E.E.P. Nº 866 - ESPAÑA", "domicilio": "CALLE 329  1432 OBRERO ENTRE CALLE 310 Y CALLE 312", "sector": "Estatal", "modcomun": "1", "modespecial": "0", "modadultos": "0", "nvcjmaternal": 0, "nvcjinfantes": 0, "nvcprimario": 1, "nvcsecundario": 0, "nvcsecundinet": 0, "nvcsnu": 0, "nvcsnuinet": 0, "nvcsnucursos": 0, "nvceductempr": 0, "nvejinfantes": 0, "nveprimario": 0, "nvesecundario": 0, "nveadultos": 0, "nvaprimario": 0, "nvasecundario": 0, "nvaformprofes": 0, "nvaformprofesinet": 0, "nvaalfabetiz": 0, "nvhinicial": 0, "nvhprimario": 0, "nvhsecundario": 0, "tallerartist": 0, "servcomplem": 0 }, "geometry": { "type": "MultiPoint", "coordinates": [ [ -60.423126191941066, -26.783279210465924 ] ] } },
{ "type": "Feature", "properties": { "id": 110, "gid": 39966, "cueanexo": "220113800", "nombre": "E.E.P. Nº 252 - FRANCISCO FABIAN PEREZ", "domicilio": "BROWN 270 CENTRO", "sector": "Estatal", "modcomun": "1", "modespecial": "0", "modadultos": "0", "nvcjmaternal": 0, "nvcjinfantes": 0, "nvcprimario": 1, "nvcsecundario": 0, "nvcsecundinet": 0, "nvcsnu": 0, "nvcsnuinet": 0, "nvcsnucursos": 0, "nvceductempr": 0, "nvejinfantes": 0, "nveprimario": 0, "nvesecundario": 0, "nveadultos": 0, "nvaprimario": 0, "nvasecundario": 0, "nvaformprofes": 0, "nvaformprofesinet": 0, "nvaalfabetiz": 0, "nvhinicial": 0, "nvhprimario": 0, "nvhsecundario": 0, "tallerartist": 0, "servcomplem": 0 }, "geometry": { "type": "MultiPoint", "coordinates": [ [ -60.435540057474753, -26.783741147395567 ] ] } },
{ "type": "Feature", "properties": { "id": 111, "gid": 39967, "cueanexo": "220113900", "nombre": "JARDIN DE INFANTES Nº 61 - JOSE MANUEL ESTRADA", "domicilio": "LOPEZ Y PLANES 21", "sector": "Estatal", "modcomun": "1", "modespecial": "0", "modadultos": "0", "nvcjmaternal": 0, "nvcjinfantes": 1, "nvcprimario": 0, "nvcsecundario": 0, "nvcsecundinet": 0, "nvcsnu": 0, "nvcsnuinet": 0, "nvcsnucursos": 0, "nvceductempr": 0, "nvejinfantes": 0, "nveprimario": 0, "nvesecundario": 0, "nveadultos": 0, "nvaprimario": 0, "nvasecundario": 0, "nvaformprofes": 0, "nvaformprofesinet": 0, "nvaalfabetiz": 0, "nvhinicial": 0, "nvhprimario": 0, "nvhsecundario": 0, "tallerartist": 0, "servcomplem": 0 }, "geometry": { "type": "MultiPoint", "coordinates": [ [ -60.435946680342767, -26.783863497911113 ] ] } },
{ "type": "Feature", "properties": { "id": 112, "gid": 39968, "cueanexo": "220113901", "nombre": "JARDIN DE INFANTES Nº 61 - JOSE MANUEL ESTRADA", "domicilio": "GREGORIA MATORRAS  SAN MARTIN ESTE GREGORIA MATORRAS y CANTERO", "sector": "Estatal", "modcomun": "1", "modespecial": "0", "modadultos": "0", "nvcjmaternal": 0, "nvcjinfantes": 1, "nvcprimario": 0, "nvcsecundario": 0, "nvcsecundinet": 0, "nvcsnu": 0, "nvcsnuinet": 0, "nvcsnucursos": 0, "nvceductempr": 0, "nvejinfantes": 0, "nveprimario": 0, "nvesecundario": 0, "nveadultos": 0, "nvaprimario": 0, "nvasecundario": 0, "nvaformprofes": 0, "nvaformprofesinet": 0, "nvaalfabetiz": 0, "nvhinicial": 0, "nvhprimario": 0, "nvhsecundario": 0, "tallerartist": 0, "servcomplem": 0 }, "geometry": { "type": "MultiPoint", "coordinates": [ [ -60.425903287840327, -26.77719361607188 ] ] } },
{ "type": "Feature", "properties": { "id": 113, "gid": 39969, "cueanexo": "220114000", "nombre": "E.E.P. Nº 619 - EDMUNDO ESTEBAN PODESTA", "domicilio": "J.CASTILLO-L.ALEM  SAN MARTIN MZ.26-PC.31,32 Y 5-SEC.A-BºSAN MARTIN", "sector": "Estatal", "modcomun": "32 Y 5-SEC.A-BºSAN MARTIN", "modespecial": "1", "modadultos": "0", "nvcjmaternal": 0, "nvcjinfantes": 0, "nvcprimario": 0, "nvcsecundario": 1, "nvcsecundinet": 0, "nvcsnu": 0, "nvcsnuinet": 0, "nvcsnucursos": 0, "nvceductempr": 0, "nvejinfantes": 0, "nveprimario": 0, "nvesecundario": 0, "nveadultos": 0, "nvaprimario": 0, "nvasecundario": 0, "nvaformprofes": 0, "nvaformprofesinet": 0, "nvaalfabetiz": 0, "nvhinicial": 0, "nvhprimario": 0, "nvhsecundario": 0, "tallerartist": 0, "servcomplem": 0 }, "geometry": { "type": "MultiPoint", "coordinates": [ [ -60.425644974258589, -26.777378195562605 ] ] } },
{ "type": "Feature", "properties": { "id": 114, "gid": 39970, "cueanexo": "220114100", "nombre": "U.E.G.P Nº 54 (UEP Nº 54) NUESTRA SEÑORA DE LA MISERICORDIA", "domicilio": "SUPERIORA PALMIRA 75 CENTRO", "sector": "Privado", "modcomun": "1", "modespecial": "0", "modadultos": "0", "nvcjmaternal": 0, "nvcjinfantes": 0, "nvcprimario": 1, "nvcsecundario": 0, "nvcsecundinet": 0, "nvcsnu": 0, "nvcsnuinet": 0, "nvcsnucursos": 0, "nvceductempr": 0, "nvejinfantes": 0, "nveprimario": 0, "nvesecundario": 0, "nveadultos": 0, "nvaprimario": 0, "nvasecundario": 0, "nvaformprofes": 0, "nvaformprofesinet": 0, "nvaalfabetiz": 0, "nvhinicial": 0, "nvhprimario": 0, "nvhsecundario": 0, "tallerartist": 0, "servcomplem": 0 }, "geometry": { "type": "MultiPoint", "coordinates": [ [ -60.433978961598839, -26.786786311438096 ] ] } },
{ "type": "Feature", "properties": { "id": 115, "gid": 39971, "cueanexo": "220114200", "nombre": "E.E.P. ROSSELLO", "domicilio": "J.B.ALBERDI", "sector": "Estatal", "modcomun": "1", "modespecial": "0", "modadultos": "0", "nvcjmaternal": 0, "nvcjinfantes": 0, "nvcprimario": 1, "nvcsecundario": 0, "nvcsecundinet": 0, "nvcsnu": 0, "nvcsnuinet": 0, "nvcsnucursos": 0, "nvceductempr": 0, "nvejinfantes": 0, "nveprimario": 0, "nvesecundario": 0, "nveadultos": 0, "nvaprimario": 0, "nvasecundario": 0, "nvaformprofes": 0, "nvaformprofesinet": 0, "nvaalfabetiz": 0, "nvhinicial": 0, "nvhprimario": 0, "nvhsecundario": 0, "tallerartist": 0, "servcomplem": 0 }, "geometry": { "type": "MultiPoint", "coordinates": [ [ -60.432893493013019, -26.786940336682331 ] ] } },
{ "type": "Feature", "properties": { "id": 116, "gid": 39972, "cueanexo": "220114300", "nombre": "E.E.T. Nº 22 - TENIENTE BENJAMIN MATIENZO", "domicilio": "AV.SAN MARTIN 1550 CENTRO", "sector": "Estatal", "modcomun": "1", "modespecial": "0", "modadultos": "0", "nvcjmaternal": 0, "nvcjinfantes": 0, "nvcprimario": 0, "nvcsecundario": 1, "nvcsecundinet": 1, "nvcsnu": 0, "nvcsnuinet": 0, "nvcsnucursos": 0, "nvceductempr": 0, "nvejinfantes": 0, "nveprimario": 0, "nvesecundario": 0, "nveadultos": 0, "nvaprimario": 0, "nvasecundario": 0, "nvaformprofes": 0, "nvaformprofesinet": 0, "nvaalfabetiz": 0, "nvhinicial": 0, "nvhprimario": 0, "nvhsecundario": 0, "tallerartist": 0, "servcomplem": 0 }, "geometry": { "type": "MultiPoint", "coordinates": [ [ -60.436357897426355, -26.777454408617011 ] ] } },
{ "type": "Feature", "properties": { "id": 117, "gid": 39973, "cueanexo": "220114400", "nombre": "U.E.G.P Nº 54 (UEP Nº 54) NUESTRA SEÑORA DE LA MISERICORDIA", "domicilio": "SUPERIORA PALMIRA 75", "sector": "Privado", "modcomun": "1", "modespecial": "0", "modadultos": "0", "nvcjmaternal": 0, "nvcjinfantes": 0, "nvcprimario": 0, "nvcsecundario": 1, "nvcsecundinet": 0, "nvcsnu": 0, "nvcsnuinet": 0, "nvcsnucursos": 0, "nvceductempr": 0, "nvejinfantes": 0, "nveprimario": 0, "nvesecundario": 0, "nveadultos": 0, "nvaprimario": 0, "nvasecundario": 0, "nvaformprofes": 0, "nvaformprofesinet": 0, "nvaalfabetiz": 0, "nvhinicial": 0, "nvhprimario": 0, "nvhsecundario": 0, "tallerartist": 0, "servcomplem": 0 }, "geometry": { "type": "MultiPoint", "coordinates": [ [ -60.434010942565749, -26.786429992965978 ] ] } },
{ "type": "Feature", "properties": { "id": 118, "gid": 39974, "cueanexo": "220114500", "nombre": "U.E.G.P Nº 54 (UEP Nº 54) NUESTRA SEÑORA DE LA MISERICORDIA", "domicilio": "SUPERIORA PALMIRA 75  CENTRO", "sector": "Privado", "modcomun": "1", "modespecial": "0", "modadultos": "0", "nvcjmaternal": 0, "nvcjinfantes": 0, "nvcprimario": 0, "nvcsecundario": 0, "nvcsecundinet": 0, "nvcsnu": 1, "nvcsnuinet": 0, "nvcsnucursos": 0, "nvceductempr": 0, "nvejinfantes": 0, "nveprimario": 0, "nvesecundario": 0, "nveadultos": 0, "nvaprimario": 0, "nvasecundario": 0, "nvaformprofes": 0, "nvaformprofesinet": 0, "nvaalfabetiz": 0, "nvhinicial": 0, "nvhprimario": 0, "nvhsecundario": 0, "tallerartist": 0, "servcomplem": 0 }, "geometry": { "type": "MultiPoint", "coordinates": [ [ -60.434208404916397, -26.786493709676879 ] ] } },
{ "type": "Feature", "properties": { "id": 119, "gid": 39975, "cueanexo": "220114600", "nombre": "JARDIN DE INFANTES Nº 37 - DR.RICARDO GUTIERREZ", "domicilio": "CALLE 307 598 MONSEÑOR DE CARLO Bº MONSEÑOR DE CARLO", "sector": "Estatal", "modcomun": "1", "modespecial": "0", "modadultos": "0", "nvcjmaternal": 0, "nvcjinfantes": 1, "nvcprimario": 0, "nvcsecundario": 0, "nvcsecundinet": 0, "nvcsnu": 0, "nvcsnuinet": 0, "nvcsnucursos": 0, "nvceductempr": 0, "nvejinfantes": 0, "nveprimario": 0, "nvesecundario": 0, "nveadultos": 0, "nvaprimario": 0, "nvasecundario": 0, "nvaformprofes": 0, "nvaformprofesinet": 0, "nvaalfabetiz": 0, "nvhinicial": 0, "nvhprimario": 0, "nvhsecundario": 0, "tallerartist": 0, "servcomplem": 1 }, "geometry": { "type": "MultiPoint", "coordinates": [ [ -60.4287814157396, -26.793881796803678 ] ] } },
{ "type": "Feature", "properties": { "id": 120, "gid": 39976, "cueanexo": "220114700", "nombre": "E.E.S. Nº 6 - MARIANO MORENO (CEP Nº 6)", "domicilio": "CHECOESLOVAQUIA 597 ENSANCHE SUR B° ENSANCHE SUR", "sector": "Estatal", "modcomun": "1", "modespecial": "0", "modadultos": "0", "nvcjmaternal": 0, "nvcjinfantes": 0, "nvcprimario": 0, "nvcsecundario": 1, "nvcsecundinet": 0, "nvcsnu": 0, "nvcsnuinet": 0, "nvcsnucursos": 0, "nvceductempr": 0, "nvejinfantes": 0, "nveprimario": 0, "nvesecundario": 0, "nveadultos": 0, "nvaprimario": 0, "nvasecundario": 0, "nvaformprofes": 0, "nvaformprofesinet": 0, "nvaalfabetiz": 0, "nvhinicial": 0, "nvhprimario": 0, "nvhsecundario": 0, "tallerartist": 0, "servcomplem": 0 }, "geometry": { "type": "MultiPoint", "coordinates": [ [ -60.446506815255546, -26.799609875525388 ] ] } },
{ "type": "Feature", "properties": { "id": 121, "gid": 39977, "cueanexo": "220114800", "nombre": "E.P.A Nº 33 - JULIO DE VEDIA", "domicilio": "LAVALLE 1054 SARMIENTO (FUNCIONA EN E.E.P. Nº 369)-Bº SARMIENTO", "sector": "Estatal", "modcomun": "0", "modespecial": "0", "modadultos": "1", "nvcjmaternal": 0, "nvcjinfantes": 0, "nvcprimario": 0, "nvcsecundario": 0, "nvcsecundinet": 0, "nvcsnu": 0, "nvcsnuinet": 0, "nvcsnucursos": 0, "nvceductempr": 0, "nvejinfantes": 0, "nveprimario": 0, "nvesecundario": 0, "nveadultos": 0, "nvaprimario": 1, "nvasecundario": 0, "nvaformprofes": 0, "nvaformprofesinet": 0, "nvaalfabetiz": 0, "nvhinicial": 0, "nvhprimario": 0, "nvhsecundario": 0, "tallerartist": 0, "servcomplem": 0 }, "geometry": { "type": "MultiPoint", "coordinates": [ [ -60.458785591531644, -26.793067234215062 ] ] } },
{ "type": "Feature", "properties": { "id": 122, "gid": 39980, "cueanexo": "220114804", "nombre": "E.P.A. Nº 33 - JULIO DE VEDIA", "domicilio": "EVITA CALLE 13 ENTRE 46 Y 48-FRENTE AL VALDIO", "sector": "Estatal", "modcomun": "0", "modespecial": "0", "modadultos": "1", "nvcjmaternal": 0, "nvcjinfantes": 0, "nvcprimario": 0, "nvcsecundario": 0, "nvcsecundinet": 0, "nvcsnu": 0, "nvcsnuinet": 0, "nvcsnucursos": 0, "nvceductempr": 0, "nvejinfantes": 0, "nveprimario": 0, "nvesecundario": 0, "nveadultos": 0, "nvaprimario": 1, "nvasecundario": 0, "nvaformprofes": 0, "nvaformprofesinet": 0, "nvaalfabetiz": 0, "nvhinicial": 0, "nvhprimario": 0, "nvhsecundario": 0, "tallerartist": 0, "servcomplem": 0 }, "geometry": { "type": "MultiPoint", "coordinates": [ [ -60.460657993594616, -26.780050548191028 ] ] } },
{ "type": "Feature", "properties": { "id": 123, "gid": 39982, "cueanexo": "220114806", "nombre": "E.P.A Nº 33 - JULIO DE VEDIA", "domicilio": "NUEVO SEC.F CHAC. 42-MZ.40 PC.15-FRENTE A LA VIAS DEL FERROCARRIL-", "sector": "Estatal", "modcomun": "0", "modespecial": "0", "modadultos": "1", "nvcjmaternal": 0, "nvcjinfantes": 0, "nvcprimario": 0, "nvcsecundario": 0, "nvcsecundinet": 0, "nvcsnu": 0, "nvcsnuinet": 0, "nvcsnucursos": 0, "nvceductempr": 0, "nvejinfantes": 0, "nveprimario": 0, "nvesecundario": 0, "nveadultos": 0, "nvaprimario": 1, "nvasecundario": 0, "nvaformprofes": 0, "nvaformprofesinet": 0, "nvaalfabetiz": 0, "nvhinicial": 0, "nvhprimario": 0, "nvhsecundario": 0, "tallerartist": 0, "servcomplem": 0 }, "geometry": { "type": "MultiPoint", "coordinates": [ [ -60.452811903322136, -26.788969655001129 ] ] } },
{ "type": "Feature", "properties": { "id": 124, "gid": 39983, "cueanexo": "220114807", "nombre": "E.P.A Nº 33 - JULIO DE VEDIA", "domicilio": "Bº Matadero  CALLE 128 esquina 133- EDIFICIO FUNDECH CONIN-", "sector": "Estatal", "modcomun": "0", "modespecial": "0", "modadultos": "1", "nvcjmaternal": 0, "nvcjinfantes": 0, "nvcprimario": 0, "nvcsecundario": 0, "nvcsecundinet": 0, "nvcsnu": 0, "nvcsnuinet": 0, "nvcsnucursos": 0, "nvceductempr": 0, "nvejinfantes": 0, "nveprimario": 0, "nvesecundario": 0, "nveadultos": 0, "nvaprimario": 1, "nvasecundario": 0, "nvaformprofes": 0, "nvaformprofesinet": 0, "nvaalfabetiz": 0, "nvhinicial": 0, "nvhprimario": 0, "nvhsecundario": 0, "tallerartist": 0, "servcomplem": 0 }, "geometry": { "type": "MultiPoint", "coordinates": [ [ -60.459824447656047, -26.805825998281492 ] ] } },
{ "type": "Feature", "properties": { "id": 125, "gid": 39984, "cueanexo": "220114900", "nombre": "E.E.E. Nº 6", "domicilio": "AVELLANEDA 1088 CENTRO", "sector": "Estatal", "modcomun": "0", "modespecial": "1", "modadultos": "0", "nvcjmaternal": 0, "nvcjinfantes": 0, "nvcprimario": 0, "nvcsecundario": 0, "nvcsecundinet": 0, "nvcsnu": 0, "nvcsnuinet": 0, "nvcsnucursos": 0, "nvceductempr": 1, "nvejinfantes": 1, "nveprimario": 1, "nvesecundario": 0, "nveadultos": 1, "nvaprimario": 0, "nvasecundario": 0, "nvaformprofes": 0, "nvaformprofesinet": 0, "nvaalfabetiz": 0, "nvhinicial": 0, "nvhprimario": 0, "nvhsecundario": 0, "tallerartist": 0, "servcomplem": 0 }, "geometry": { "type": "MultiPoint", "coordinates": [ [ -60.445329142775286, -26.782162375868698 ] ] } },
{ "type": "Feature", "properties": { "id": 126, "gid": 39988, "cueanexo": "220115000", "nombre": "E.P.A Nº 7 MONSEÑOR DE CARLO", "domicilio": "AV.J.KENNEDY 557 MONSEÑOR DE CARLO FUNCIONA EN E.G.B. Nº 352", "sector": "Estatal", "modcomun": "0", "modespecial": "0", "modadultos": "1", "nvcjmaternal": 0, "nvcjinfantes": 0, "nvcprimario": 0, "nvcsecundario": 0, "nvcsecundinet": 0, "nvcsnu": 0, "nvcsnuinet": 0, "nvcsnucursos": 0, "nvceductempr": 0, "nvejinfantes": 0, "nveprimario": 0, "nvesecundario": 0, "nveadultos": 0, "nvaprimario": 1, "nvasecundario": 0, "nvaformprofes": 0, "nvaformprofesinet": 0, "nvaalfabetiz": 0, "nvhinicial": 0, "nvhprimario": 0, "nvhsecundario": 0, "tallerartist": 0, "servcomplem": 0 }, "geometry": { "type": "MultiPoint", "coordinates": [ [ -60.428649814019018, -26.793902337244678 ] ] } },
{ "type": "Feature", "properties": { "id": 127, "gid": 39989, "cueanexo": "220115001", "nombre": "E.P.A Nº 7 MONSEÑOR DE CARLO", "domicilio": "CALLE Nº 28 ENTRE 23 Y 25  713 VIV. FUNCIONA EN CAPILLA SAN PANTALEON-Bº 713 VIV.", "sector": "Estatal", "modcomun": "0", "modespecial": "0", "modadultos": "1", "nvcjmaternal": 0, "nvcjinfantes": 0, "nvcprimario": 0, "nvcsecundario": 0, "nvcsecundinet": 0, "nvcsnu": 0, "nvcsnuinet": 0, "nvcsnucursos": 0, "nvceductempr": 0, "nvejinfantes": 0, "nveprimario": 0, "nvesecundario": 0, "nveadultos": 0, "nvaprimario": 1, "nvasecundario": 0, "nvaformprofes": 0, "nvaformprofesinet": 0, "nvaalfabetiz": 0, "nvhinicial": 0, "nvhprimario": 0, "nvhsecundario": 0, "tallerartist": 0, "servcomplem": 0 }, "geometry": { "type": "MultiPoint", "coordinates": [ [ -60.416965724388135, -26.789549967941355 ] ] } },
{ "type": "Feature", "properties": { "id": 128, "gid": 39990, "cueanexo": "220115002", "nombre": "E.P.A Nº 7 MONSEÑOR DE CARLO", "domicilio": "CALLE Nº 15  GINES BENITEZ Bº GINES BENITEZ", "sector": "Estatal", "modcomun": "0", "modespecial": "0", "modadultos": "1", "nvcjmaternal": 0, "nvcjinfantes": 0, "nvcprimario": 0, "nvcsecundario": 0, "nvcsecundinet": 0, "nvcsnu": 0, "nvcsnuinet": 0, "nvcsnucursos": 0, "nvceductempr": 0, "nvejinfantes": 0, "nveprimario": 0, "nvesecundario": 0, "nveadultos": 0, "nvaprimario": 1, "nvasecundario": 0, "nvaformprofes": 0, "nvaformprofesinet": 0, "nvaalfabetiz": 0, "nvhinicial": 0, "nvhprimario": 0, "nvhsecundario": 0, "tallerartist": 0, "servcomplem": 0 }, "geometry": { "type": "MultiPoint", "coordinates": [ [ -60.454635026942853, -26.781193660129684 ] ] } },
{ "type": "Feature", "properties": { "id": 129, "gid": 39991, "cueanexo": "220115003", "nombre": "E.P.A Nº 7 MONSEÑOR DE CARLO", "domicilio": "CALLE 16 ENTRE 1 Y 3  VILLA SAN JOSE FUNCIONA EN EL TEMPLO EBEN-EZER", "sector": "Estatal", "modcomun": "0", "modespecial": "0", "modadultos": "1", "nvcjmaternal": 0, "nvcjinfantes": 0, "nvcprimario": 0, "nvcsecundario": 0, "nvcsecundinet": 0, "nvcsnu": 0, "nvcsnuinet": 0, "nvcsnucursos": 0, "nvceductempr": 0, "nvejinfantes": 0, "nveprimario": 0, "nvesecundario": 0, "nveadultos": 0, "nvaprimario": 1, "nvasecundario": 0, "nvaformprofes": 0, "nvaformprofesinet": 0, "nvaalfabetiz": 0, "nvhinicial": 0, "nvhprimario": 0, "nvhsecundario": 0, "tallerartist": 0, "servcomplem": 1 }, "geometry": { "type": "MultiPoint", "coordinates": [ [ -60.427919834338773, -26.792140578579225 ] ] } },
{ "type": "Feature", "properties": { "id": 130, "gid": 39992, "cueanexo": "220115100", "nombre": "E.E.P. Nº 352 - MAESTRA VICTORIA EUGENIA WAKS", "domicilio": "AV.J.KENNEDY 557 MONSEÑOR DE CARLO COMPARTE EDIFICIO CON LA  EES Nº 144", "sector": "Estatal", "modcomun": "1", "modespecial": "0", "modadultos": "0", "nvcjmaternal": 0, "nvcjinfantes": 0, "nvcprimario": 1, "nvcsecundario": 0, "nvcsecundinet": 0, "nvcsnu": 0, "nvcsnuinet": 0, "nvcsnucursos": 0, "nvceductempr": 0, "nvejinfantes": 0, "nveprimario": 0, "nvesecundario": 0, "nveadultos": 0, "nvaprimario": 0, "nvasecundario": 0, "nvaformprofes": 0, "nvaformprofesinet": 0, "nvaalfabetiz": 0, "nvhinicial": 0, "nvhprimario": 0, "nvhsecundario": 0, "tallerartist": 0, "servcomplem": 0 }, "geometry": { "type": "MultiPoint", "coordinates": [ [ -60.42894135597632, -26.794125038719141 ] ] } },
{ "type": "Feature", "properties": { "id": 131, "gid": 39993, "cueanexo": "220115200", "nombre": "U.E.G.P Nº 55 (UEP Nº 55) INSTITUTO DON ORIONE", "domicilio": "PADRE MUSTACCHIO 255 SUR", "sector": "Privado", "modcomun": "1", "modespecial": "0", "modadultos": "0", "nvcjmaternal": 0, "nvcjinfantes": 0, "nvcprimario": 0, "nvcsecundario": 1, "nvcsecundinet": 0, "nvcsnu": 0, "nvcsnuinet": 0, "nvcsnucursos": 0, "nvceductempr": 0, "nvejinfantes": 0, "nveprimario": 0, "nvesecundario": 0, "nveadultos": 0, "nvaprimario": 0, "nvasecundario": 0, "nvaformprofes": 0, "nvaformprofesinet": 0, "nvaalfabetiz": 0, "nvhinicial": 0, "nvhprimario": 0, "nvhsecundario": 0, "tallerartist": 0, "servcomplem": 0 }, "geometry": { "type": "MultiPoint", "coordinates": [ [ -60.448261937563288, -26.795907963834317 ] ] } },
{ "type": "Feature", "properties": { "id": 132, "gid": 40342, "cueanexo": "220138700", "nombre": "E.E.P. Nº 367 - JUAN AMOS COMENIO", "domicilio": "MAMUEL DORREGO 820 CENTRO", "sector": "Estatal", "modcomun": "1", "modespecial": "0", "modadultos": "0", "nvcjmaternal": 0, "nvcjinfantes": 0, "nvcprimario": 1, "nvcsecundario": 0, "nvcsecundinet": 0, "nvcsnu": 0, "nvcsnuinet": 0, "nvcsnucursos": 0, "nvceductempr": 0, "nvejinfantes": 0, "nveprimario": 0, "nvesecundario": 0, "nveadultos": 0, "nvaprimario": 0, "nvasecundario": 0, "nvaformprofes": 0, "nvaformprofesinet": 0, "nvaalfabetiz": 0, "nvhinicial": 0, "nvhprimario": 0, "nvhsecundario": 0, "tallerartist": 0, "servcomplem": 0 }, "geometry": { "type": "MultiPoint", "coordinates": [ [ -60.445169183756079, -26.782868936684242 ] ] } },
{ "type": "Feature", "properties": { "id": 133, "gid": 40343, "cueanexo": "220138800", "nombre": "JARDIN DE INFANTES Nº 69 - REPUBLICA DE VENEZUELA", "domicilio": "ITALIA ENTRE BOLIVIA Y BRASIL  PUERTA DEL SOL Bº PTA.DEL SOL", "sector": "Estatal", "modcomun": "1", "modespecial": "0", "modadultos": "0", "nvcjmaternal": 0, "nvcjinfantes": 1, "nvcprimario": 0, "nvcsecundario": 0, "nvcsecundinet": 0, "nvcsnu": 0, "nvcsnuinet": 0, "nvcsnucursos": 0, "nvceductempr": 0, "nvejinfantes": 0, "nveprimario": 0, "nvesecundario": 0, "nveadultos": 0, "nvaprimario": 0, "nvasecundario": 0, "nvaformprofes": 0, "nvaformprofesinet": 0, "nvaalfabetiz": 0, "nvhinicial": 0, "nvhprimario": 0, "nvhsecundario": 0, "tallerartist": 0, "servcomplem": 0 }, "geometry": { "type": "MultiPoint", "coordinates": [ [ -60.448181112201347, -26.767429503142218 ] ] } },
{ "type": "Feature", "properties": { "id": 134, "gid": 40346, "cueanexo": "220138900", "nombre": "E.E.S. Nº 39 - DR. JOSE R. BERGALLO (CEP Nº 39)", "domicilio": "RIVADAVIA 633", "sector": "Estatal", "modcomun": "1", "modespecial": "0", "modadultos": "0", "nvcjmaternal": 0, "nvcjinfantes": 0, "nvcprimario": 0, "nvcsecundario": 1, "nvcsecundinet": 0, "nvcsnu": 0, "nvcsnuinet": 0, "nvcsnucursos": 0, "nvceductempr": 0, "nvejinfantes": 0, "nveprimario": 0, "nvesecundario": 0, "nveadultos": 0, "nvaprimario": 0, "nvasecundario": 0, "nvaformprofes": 0, "nvaformprofesinet": 0, "nvaalfabetiz": 0, "nvhinicial": 0, "nvhprimario": 0, "nvhsecundario": 0, "tallerartist": 0, "servcomplem": 0 }, "geometry": { "type": "MultiPoint", "coordinates": [ [ -60.442164826217187, -26.786073998989927 ] ] } },
{ "type": "Feature", "properties": { "id": 135, "gid": 40416, "cueanexo": "220143600", "nombre": "E.E.S. Nº 53 - CNEL.MANUEL DORREGO (CEP Nº 53)", "domicilio": "ESTADO ESPAÑOL  PUERTA DEL SOL", "sector": "Estatal", "modcomun": "1", "modespecial": "0", "modadultos": "0", "nvcjmaternal": 0, "nvcjinfantes": 0, "nvcprimario": 0, "nvcsecundario": 1, "nvcsecundinet": 0, "nvcsnu": 0, "nvcsnuinet": 0, "nvcsnucursos": 0, "nvceductempr": 0, "nvejinfantes": 0, "nveprimario": 0, "nvesecundario": 0, "nveadultos": 0, "nvaprimario": 0, "nvasecundario": 0, "nvaformprofes": 0, "nvaformprofesinet": 0, "nvaalfabetiz": 0, "nvhinicial": 0, "nvhprimario": 0, "nvhsecundario": 0, "tallerartist": 0, "servcomplem": 0 }, "geometry": { "type": "MultiPoint", "coordinates": [ [ -60.445534568743767, -26.770642559931872 ] ] } },
{ "type": "Feature", "properties": { "id": 136, "gid": 40446, "cueanexo": "220146000", "nombre": "U.E.G.P Nº 55 (UEP Nº 55) INSTITUTO DON ORIONE", "domicilio": "AV.MALVINAS ARGENTINAS 28", "sector": "Privado", "modcomun": "0", "modespecial": "1", "modadultos": "0", "nvcjmaternal": 0, "nvcjinfantes": 0, "nvcprimario": 0, "nvcsecundario": 0, "nvcsecundinet": 0, "nvcsnu": 0, "nvcsnuinet": 0, "nvcsnucursos": 0, "nvceductempr": 1, "nvejinfantes": 1, "nveprimario": 1, "nvesecundario": 0, "nveadultos": 1, "nvaprimario": 0, "nvasecundario": 0, "nvaformprofes": 0, "nvaformprofesinet": 0, "nvaalfabetiz": 0, "nvhinicial": 0, "nvhprimario": 0, "nvhsecundario": 0, "tallerartist": 0, "servcomplem": 0 }, "geometry": { "type": "MultiPoint", "coordinates": [ [ -60.448954652451988, -26.781080251494593 ] ] } },
{ "type": "Feature", "properties": { "id": 137, "gid": 40515, "cueanexo": "220152500", "nombre": "E.F.P. Nº 31", "domicilio": "LAS HERAS 1453 CENTRO", "sector": "Estatal", "modcomun": "0", "modespecial": "0", "modadultos": "1", "nvcjmaternal": 0, "nvcjinfantes": 0, "nvcprimario": 0, "nvcsecundario": 0, "nvcsecundinet": 0, "nvcsnu": 0, "nvcsnuinet": 0, "nvcsnucursos": 0, "nvceductempr": 0, "nvejinfantes": 0, "nveprimario": 0, "nvesecundario": 0, "nveadultos": 0, "nvaprimario": 0, "nvasecundario": 0, "nvaformprofes": 1, "nvaformprofesinet": 1, "nvaalfabetiz": 0, "nvhinicial": 0, "nvhprimario": 0, "nvhsecundario": 0, "tallerartist": 0, "servcomplem": 0 }, "geometry": { "type": "MultiPoint", "coordinates": [ [ -60.431792718430735, -26.780289070342995 ] ] } },
{ "type": "Feature", "properties": { "id": 138, "gid": 40528, "cueanexo": "220154800", "nombre": "U.E.G.P Nº 38 (UEP Nº 38) JOSEFA ROSELLO", "domicilio": "SUPERIORA PALMIRA 71", "sector": "Privado", "modcomun": "0", "modespecial": "0", "modadultos": "1", "nvcjmaternal": 0, "nvcjinfantes": 0, "nvcprimario": 0, "nvcsecundario": 0, "nvcsecundinet": 0, "nvcsnu": 0, "nvcsnuinet": 0, "nvcsnucursos": 0, "nvceductempr": 0, "nvejinfantes": 0, "nveprimario": 0, "nvesecundario": 0, "nveadultos": 0, "nvaprimario": 0, "nvasecundario": 0, "nvaformprofes": 1, "nvaformprofesinet": 1, "nvaalfabetiz": 0, "nvhinicial": 0, "nvhprimario": 0, "nvhsecundario": 0, "tallerartist": 0, "servcomplem": 1 }, "geometry": { "type": "MultiPoint", "coordinates": [ [ -60.432925633910649, -26.787208884858799 ] ] } },
{ "type": "Feature", "properties": { "id": 139, "gid": 40543, "cueanexo": "220156600", "nombre": "U.E.G.P Nº 82 (UEP Nº 82) HOGAR DE BETHANIA", "domicilio": "URQUIZA 768", "sector": "Privado", "modcomun": "1", "modespecial": "0", "modadultos": "0", "nvcjmaternal": 0, "nvcjinfantes": 0, "nvcprimario": 1, "nvcsecundario": 0, "nvcsecundinet": 0, "nvcsnu": 0, "nvcsnuinet": 0, "nvcsnucursos": 0, "nvceductempr": 0, "nvejinfantes": 0, "nveprimario": 0, "nvesecundario": 0, "nveadultos": 0, "nvaprimario": 0, "nvasecundario": 0, "nvaformprofes": 0, "nvaformprofesinet": 0, "nvaalfabetiz": 0, "nvhinicial": 0, "nvhprimario": 0, "nvhsecundario": 0, "tallerartist": 0, "servcomplem": 0 }, "geometry": { "type": "MultiPoint", "coordinates": [ [ -60.436522568653729, -26.786748883841174 ] ] } },
{ "type": "Feature", "properties": { "id": 140, "gid": 40573, "cueanexo": "220158700", "nombre": "U.E.G.P Nº 54 (UEP Nº 54) NUESTRA SEÑORA DE LA MISERICORDIA", "domicilio": "SUPERIORA PALMIRA 75", "sector": "Privado", "modcomun": "1", "modespecial": "0", "modadultos": "0", "nvcjmaternal": 0, "nvcjinfantes": 1, "nvcprimario": 0, "nvcsecundario": 0, "nvcsecundinet": 0, "nvcsnu": 0, "nvcsnuinet": 0, "nvcsnucursos": 0, "nvceductempr": 0, "nvejinfantes": 0, "nveprimario": 0, "nvesecundario": 0, "nveadultos": 0, "nvaprimario": 0, "nvasecundario": 0, "nvaformprofes": 0, "nvaformprofesinet": 0, "nvaalfabetiz": 0, "nvhinicial": 0, "nvhprimario": 0, "nvhsecundario": 0, "tallerartist": 0, "servcomplem": 0 }, "geometry": { "type": "MultiPoint", "coordinates": [ [ -60.434205315231409, -26.786655966883984 ] ] } },
{ "type": "Feature", "properties": { "id": 141, "gid": 40600, "cueanexo": "220161400", "nombre": "E.E.P. Nº 1022 - CARLOS DOMINGO FERNANDEZ", "domicilio": "CALLE 49  MONTE SINAI SEC.F-CH.36-PC.2-Bº MONTE DE SINAI", "sector": "Estatal", "modcomun": "1", "modespecial": "0", "modadultos": "0", "nvcjmaternal": 0, "nvcjinfantes": 0, "nvcprimario": 1, "nvcsecundario": 0, "nvcsecundinet": 0, "nvcsnu": 0, "nvcsnuinet": 0, "nvcsnucursos": 0, "nvceductempr": 0, "nvejinfantes": 0, "nveprimario": 0, "nvesecundario": 0, "nveadultos": 0, "nvaprimario": 0, "nvasecundario": 0, "nvaformprofes": 0, "nvaformprofesinet": 0, "nvaalfabetiz": 0, "nvhinicial": 0, "nvhprimario": 0, "nvhsecundario": 0, "tallerartist": 0, "servcomplem": 0 }, "geometry": { "type": "MultiPoint", "coordinates": [ [ -60.450499916145198, -26.76250964276414 ] ] } },
{ "type": "Feature", "properties": { "id": 142, "gid": 40646, "cueanexo": "220165900", "nombre": "BIBLIOTECA ESCOLAR Nº 219 FRYDA SCHULTZ DE MANTOVANI", "domicilio": "AV. ITALIA  PUERTA DEL SOL FUNCIONA EN LA E.E.P N°453", "sector": "Estatal", "modcomun": "0", "modespecial": "0", "modadultos": "0", "nvcjmaternal": 0, "nvcjinfantes": 0, "nvcprimario": 0, "nvcsecundario": 0, "nvcsecundinet": 0, "nvcsnu": 0, "nvcsnuinet": 0, "nvcsnucursos": 0, "nvceductempr": 0, "nvejinfantes": 0, "nveprimario": 0, "nvesecundario": 0, "nveadultos": 0, "nvaprimario": 0, "nvasecundario": 0, "nvaformprofes": 0, "nvaformprofesinet": 0, "nvaalfabetiz": 0, "nvhinicial": 0, "nvhprimario": 0, "nvhsecundario": 0, "tallerartist": 0, "servcomplem": 0 }, "geometry": { "type": "MultiPoint", "coordinates": [ [ -60.44774907237332, -26.767613170689319 ] ] } },
{ "type": "Feature", "properties": { "id": 143, "gid": 40674, "cueanexo": "220168700", "nombre": "BIBLIOTECA ESCOLAR Nº 19 GABRIELA MISTRAL", "domicilio": "9 DE JULIO 468 CENTRO CIRC.1-MZ.61-PC.1 (COMPARTE EDIFICIO CON LA E.E.P N°31)", "sector": "Estatal", "modcomun": "0", "modespecial": "0", "modadultos": "0", "nvcjmaternal": 0, "nvcjinfantes": 0, "nvcprimario": 0, "nvcsecundario": 0, "nvcsecundinet": 0, "nvcsnu": 0, "nvcsnuinet": 0, "nvcsnucursos": 0, "nvceductempr": 0, "nvejinfantes": 0, "nveprimario": 0, "nvesecundario": 0, "nveadultos": 0, "nvaprimario": 0, "nvasecundario": 0, "nvaformprofes": 0, "nvaformprofesinet": 0, "nvaalfabetiz": 0, "nvhinicial": 0, "nvhprimario": 0, "nvhsecundario": 0, "tallerartist": 0, "servcomplem": 0 }, "geometry": { "type": "MultiPoint", "coordinates": [ [ -60.440909350280833, -26.789818817170168 ] ] } },
{ "type": "Feature", "properties": { "id": 144, "gid": 40678, "cueanexo": "220169100", "nombre": "CENTRO DE EDUCACION FISICA Nº 02 PROF.EMILIO E. SCHMOKER", "domicilio": "COMANDANTE FERNANDEZ 805 ENSANCHE SUR ENSANCHE SUR", "sector": "Estatal", "modcomun": "0", "modespecial": "0", "modadultos": "0", "nvcjmaternal": 0, "nvcjinfantes": 0, "nvcprimario": 0, "nvcsecundario": 0, "nvcsecundinet": 0, "nvcsnu": 0, "nvcsnuinet": 0, "nvcsnucursos": 0, "nvceductempr": 0, "nvejinfantes": 0, "nveprimario": 0, "nvesecundario": 0, "nveadultos": 0, "nvaprimario": 0, "nvasecundario": 0, "nvaformprofes": 0, "nvaformprofesinet": 0, "nvaalfabetiz": 0, "nvhinicial": 0, "nvhprimario": 0, "nvhsecundario": 0, "tallerartist": 0, "servcomplem": 0 }, "geometry": { "type": "MultiPoint", "coordinates": [ [ -60.444052219820463, -26.769394541960548 ] ] } },
{ "type": "Feature", "properties": { "id": 145, "gid": 40711, "cueanexo": "220172300", "nombre": "BIBLIOTECA ESCOLAR Nº 226 MAESTRO ANTONIO RAMON FERNANDEZ", "domicilio": "CHECOESLOVAQUIA 597 ENSANCHE SUR FUNCIONA EN E.E.S N°6 (OTRO INGRESO)", "sector": "Estatal", "modcomun": "0", "modespecial": "0", "modadultos": "0", "nvcjmaternal": 0, "nvcjinfantes": 0, "nvcprimario": 0, "nvcsecundario": 0, "nvcsecundinet": 0, "nvcsnu": 0, "nvcsnuinet": 0, "nvcsnucursos": 0, "nvceductempr": 0, "nvejinfantes": 0, "nveprimario": 0, "nvesecundario": 0, "nveadultos": 0, "nvaprimario": 0, "nvasecundario": 0, "nvaformprofes": 0, "nvaformprofesinet": 0, "nvaalfabetiz": 0, "nvhinicial": 0, "nvhprimario": 0, "nvhsecundario": 0, "tallerartist": 0, "servcomplem": 0 }, "geometry": { "type": "MultiPoint", "coordinates": [ [ -60.446954908857094, -26.798976676440855 ] ] } },
{ "type": "Feature", "properties": { "id": 146, "gid": 40716, "cueanexo": "220172800", "nombre": "U.E.G.P Nº 100 (UEP Nº 100) CENTRO DE ESTIMULACION TERAPEUTICA TEMPRANA", "domicilio": "SAAVEDRA 167", "sector": "Privado", "modcomun": "0", "modespecial": "1", "modadultos": "0", "nvcjmaternal": 0, "nvcjinfantes": 0, "nvcprimario": 0, "nvcsecundario": 0, "nvcsecundinet": 0, "nvcsnu": 0, "nvcsnuinet": 0, "nvcsnucursos": 0, "nvceductempr": 1, "nvejinfantes": 0, "nveprimario": 0, "nvesecundario": 0, "nveadultos": 1, "nvaprimario": 0, "nvasecundario": 0, "nvaformprofes": 0, "nvaformprofesinet": 0, "nvaalfabetiz": 0, "nvhinicial": 0, "nvhprimario": 0, "nvhsecundario": 0, "tallerartist": 0, "servcomplem": 0 }, "geometry": { "type": "MultiPoint", "coordinates": [ [ -60.438452923892314, -26.79341186429675 ] ] } },
{ "type": "Feature", "properties": { "id": 147, "gid": 40731, "cueanexo": "220174200", "nombre": "BIBLIOTECA PUBLICA Nº 44 ANA B. DE PIBERNUS", "domicilio": "MORENO 98", "sector": "Estatal", "modcomun": "0", "modespecial": "0", "modadultos": "0", "nvcjmaternal": 0, "nvcjinfantes": 0, "nvcprimario": 0, "nvcsecundario": 0, "nvcsecundinet": 0, "nvcsnu": 0, "nvcsnuinet": 0, "nvcsnucursos": 0, "nvceductempr": 0, "nvejinfantes": 0, "nveprimario": 0, "nvesecundario": 0, "nveadultos": 0, "nvaprimario": 0, "nvasecundario": 0, "nvaformprofes": 0, "nvaformprofesinet": 0, "nvaalfabetiz": 0, "nvhinicial": 0, "nvhprimario": 0, "nvhsecundario": 0, "tallerartist": 0, "servcomplem": 0 }, "geometry": { "type": "MultiPoint", "coordinates": [ [ -60.443835473171362, -26.791962237511843 ] ] } },
{ "type": "Feature", "properties": { "id": 148, "gid": 40732, "cueanexo": "220174300", "nombre": "BIBLIOTECA ESCOLAR Nº 18 GASPAR LUCILO BENAVENTO", "domicilio": "LAVALLE 1054 SARMIENTO", "sector": "Estatal", "modcomun": "0", "modespecial": "0", "modadultos": "0", "nvcjmaternal": 0, "nvcjinfantes": 0, "nvcprimario": 0, "nvcsecundario": 0, "nvcsecundinet": 0, "nvcsnu": 0, "nvcsnuinet": 0, "nvcsnucursos": 0, "nvceductempr": 0, "nvejinfantes": 0, "nveprimario": 0, "nvesecundario": 0, "nveadultos": 0, "nvaprimario": 0, "nvasecundario": 0, "nvaformprofes": 0, "nvaformprofesinet": 0, "nvaalfabetiz": 0, "nvhinicial": 0, "nvhprimario": 0, "nvhsecundario": 0, "tallerartist": 0, "servcomplem": 0 }, "geometry": { "type": "MultiPoint", "coordinates": [ [ -60.458554001513413, -26.793190623190164 ] ] } },
{ "type": "Feature", "properties": { "id": 149, "gid": 40733, "cueanexo": "220174400", "nombre": "BIBLIOTECA ESCOLAR POPULAR Nº 8 MONSEÑOR DE CARLO", "domicilio": "AV.J.KENNEDY 551 MONSEÑOR DE CARLO FUNCIONA EN EEP Nº 352", "sector": "Estatal", "modcomun": "0", "modespecial": "0", "modadultos": "0", "nvcjmaternal": 0, "nvcjinfantes": 0, "nvcprimario": 0, "nvcsecundario": 0, "nvcsecundinet": 0, "nvcsnu": 0, "nvcsnuinet": 0, "nvcsnucursos": 0, "nvceductempr": 0, "nvejinfantes": 0, "nveprimario": 0, "nvesecundario": 0, "nveadultos": 0, "nvaprimario": 0, "nvasecundario": 0, "nvaformprofes": 0, "nvaformprofesinet": 0, "nvaalfabetiz": 0, "nvhinicial": 0, "nvhprimario": 0, "nvhsecundario": 0, "tallerartist": 0, "servcomplem": 0 }, "geometry": { "type": "MultiPoint", "coordinates": [ [ -60.428791963530259, -26.793816702312252 ] ] } },
{ "type": "Feature", "properties": { "id": 150, "gid": 40810, "cueanexo": "220182000", "nombre": "JARDIN DE INFANTES Nº  155", "domicilio": "PRINGLES 1162 CENTRO", "sector": "Estatal", "modcomun": "1", "modespecial": "0", "modadultos": "0", "nvcjmaternal": 0, "nvcjinfantes": 1, "nvcprimario": 0, "nvcsecundario": 0, "nvcsecundinet": 0, "nvcsnu": 0, "nvcsnuinet": 0, "nvcsnucursos": 0, "nvceductempr": 0, "nvejinfantes": 0, "nveprimario": 0, "nvesecundario": 0, "nveadultos": 0, "nvaprimario": 0, "nvasecundario": 0, "nvaformprofes": 0, "nvaformprofesinet": 0, "nvaalfabetiz": 0, "nvhinicial": 0, "nvhprimario": 0, "nvhsecundario": 0, "tallerartist": 0, "servcomplem": 1 }, "geometry": { "type": "MultiPoint", "coordinates": [ [ -60.441895975645068, -26.780188289947212 ] ] } },
{ "type": "Feature", "properties": { "id": 151, "gid": 40811, "cueanexo": "220182001", "nombre": "JARDIN DE INFANTES Nº  155", "domicilio": "AMEGHINO 830 CENTRO FUNCIONA EN EEP Nº 367", "sector": "Estatal", "modcomun": "1", "modespecial": "0", "modadultos": "0", "nvcjmaternal": 0, "nvcjinfantes": 1, "nvcprimario": 0, "nvcsecundario": 0, "nvcsecundinet": 0, "nvcsnu": 0, "nvcsnuinet": 0, "nvcsnucursos": 0, "nvceductempr": 0, "nvejinfantes": 0, "nveprimario": 0, "nvesecundario": 0, "nveadultos": 0, "nvaprimario": 0, "nvasecundario": 0, "nvaformprofes": 0, "nvaformprofesinet": 0, "nvaalfabetiz": 0, "nvhinicial": 0, "nvhprimario": 0, "nvhsecundario": 0, "tallerartist": 0, "servcomplem": 0 }, "geometry": { "type": "MultiPoint", "coordinates": [ [ -60.445723668950826, -26.7823378010659 ] ] } },
{ "type": "Feature", "properties": { "id": 152, "gid": 40914, "cueanexo": "220190100", "nombre": "U.E.G.P Nº 140 (UEP Nº 140) NUESTRA SEÑORA DE LA GUARDIA", "domicilio": "320 ESQUINA 339  HIPOLITO YRIGOYEN", "sector": "Privado", "modcomun": "1", "modespecial": "0", "modadultos": "0", "nvcjmaternal": 0, "nvcjinfantes": 0, "nvcprimario": 0, "nvcsecundario": 1, "nvcsecundinet": 0, "nvcsnu": 0, "nvcsnuinet": 0, "nvcsnucursos": 0, "nvceductempr": 0, "nvejinfantes": 0, "nveprimario": 0, "nvesecundario": 0, "nveadultos": 0, "nvaprimario": 0, "nvasecundario": 0, "nvaformprofes": 0, "nvaformprofesinet": 0, "nvaalfabetiz": 0, "nvhinicial": 0, "nvhprimario": 0, "nvhsecundario": 0, "tallerartist": 0, "servcomplem": 0 }, "geometry": { "type": "MultiPoint", "coordinates": [ [ -60.416034952549019, -26.779409180126901 ] ] } },
{ "type": "Feature", "properties": { "id": 153, "gid": 40919, "cueanexo": "220190500", "nombre": "JARDIN DE INFANTES Nº 164 - DIRECTORA EMY ELIZABETH LOPEZ", "domicilio": "JOSE NIETO 2290 SAN MARTIN Bº SAN MARTIN", "sector": "Estatal", "modcomun": "1", "modespecial": "0", "modadultos": "0", "nvcjmaternal": 0, "nvcjinfantes": 1, "nvcprimario": 0, "nvcsecundario": 0, "nvcsecundinet": 0, "nvcsnu": 0, "nvcsnuinet": 0, "nvcsnucursos": 0, "nvceductempr": 0, "nvejinfantes": 0, "nveprimario": 0, "nvesecundario": 0, "nveadultos": 0, "nvaprimario": 0, "nvasecundario": 0, "nvaformprofes": 0, "nvaformprofesinet": 0, "nvaalfabetiz": 0, "nvhinicial": 0, "nvhprimario": 0, "nvhsecundario": 0, "tallerartist": 0, "servcomplem": 0 }, "geometry": { "type": "MultiPoint", "coordinates": [ [ -60.431047283394328, -26.770687798114814 ] ] } },
{ "type": "Feature", "properties": { "id": 154, "gid": 40938, "cueanexo": "220191501", "nombre": "U.E.G.P Nº 135 (UEP Nº 135) INSTITUTO DE NIVEL SUPERIOR NORDESTE", "domicilio": "BELGRANO 1326", "sector": "Privado", "modcomun": "1", "modespecial": "0", "modadultos": "0", "nvcjmaternal": 0, "nvcjinfantes": 0, "nvcprimario": 0, "nvcsecundario": 0, "nvcsecundinet": 0, "nvcsnu": 1, "nvcsnuinet": 0, "nvcsnucursos": 0, "nvceductempr": 0, "nvejinfantes": 0, "nveprimario": 0, "nvesecundario": 0, "nveadultos": 0, "nvaprimario": 0, "nvasecundario": 0, "nvaformprofes": 0, "nvaformprofesinet": 0, "nvaalfabetiz": 0, "nvhinicial": 0, "nvhprimario": 0, "nvhsecundario": 0, "tallerartist": 0, "servcomplem": 0 }, "geometry": { "type": "MultiPoint", "coordinates": [ [ -60.436114414878084, -26.780118223862505 ] ] } },
{ "type": "Feature", "properties": { "id": 155, "gid": 40939, "cueanexo": "220191700", "nombre": "U.E.G.P Nº 139 (UEP Nº 139) INSTITUTO SUPERIOR CERVANTES", "domicilio": "MORENO 850  PLANTA ALTA", "sector": "Privado", "modcomun": "1", "modespecial": "0", "modadultos": "0", "nvcjmaternal": 0, "nvcjinfantes": 0, "nvcprimario": 0, "nvcsecundario": 0, "nvcsecundinet": 0, "nvcsnu": 1, "nvcsnuinet": 0, "nvcsnucursos": 0, "nvceductempr": 0, "nvejinfantes": 0, "nveprimario": 0, "nvesecundario": 0, "nveadultos": 0, "nvaprimario": 0, "nvasecundario": 0, "nvaformprofes": 0, "nvaformprofesinet": 0, "nvaalfabetiz": 0, "nvhinicial": 0, "nvhprimario": 0, "nvhsecundario": 0, "tallerartist": 0, "servcomplem": 0 }, "geometry": { "type": "MultiPoint", "coordinates": [ [ -60.440658544983492, -26.784176405149314 ] ] } },
{ "type": "Feature", "properties": { "id": 156, "gid": 40942, "cueanexo": "220192100", "nombre": "BIBLIOTECA ESCOLAR Nº 360 DR. RENE FAVALORO", "domicilio": "CALLE Nº 318  JUAN DOMINGO PERON CALLE Nº 318 y CALLE 321 MZ.140-PC.4-Bº J.D.PERON(FUNCIONA EN EES Nº 59)", "sector": "Estatal", "modcomun": "0", "modespecial": "0", "modadultos": "0", "nvcjmaternal": 0, "nvcjinfantes": 0, "nvcprimario": 0, "nvcsecundario": 0, "nvcsecundinet": 0, "nvcsnu": 0, "nvcsnuinet": 0, "nvcsnucursos": 0, "nvceductempr": 0, "nvejinfantes": 0, "nveprimario": 0, "nvesecundario": 0, "nveadultos": 0, "nvaprimario": 0, "nvasecundario": 0, "nvaformprofes": 0, "nvaformprofesinet": 0, "nvaalfabetiz": 0, "nvhinicial": 0, "nvhprimario": 0, "nvhsecundario": 0, "tallerartist": 0, "servcomplem": 0 }, "geometry": { "type": "MultiPoint", "coordinates": [ [ -60.417143441087042, -26.790470253200407 ] ] } },
{ "type": "Feature", "properties": { "id": 157, "gid": 40959, "cueanexo": "220193800", "nombre": "BIBLIOTECA ESCOLAR Nº 252 MARIA MAGDALENA NIETO DE CABANILLAS", "domicilio": "LAPRIDA 784  FUNCIONA EN E.E.T. Nº 23", "sector": "Estatal", "modcomun": "0", "modespecial": "0", "modadultos": "0", "nvcjmaternal": 0, "nvcjinfantes": 0, "nvcprimario": 0, "nvcsecundario": 0, "nvcsecundinet": 0, "nvcsnu": 0, "nvcsnuinet": 0, "nvcsnucursos": 0, "nvceductempr": 0, "nvejinfantes": 0, "nveprimario": 0, "nvesecundario": 0, "nveadultos": 0, "nvaprimario": 0, "nvasecundario": 0, "nvaformprofes": 0, "nvaformprofesinet": 0, "nvaalfabetiz": 0, "nvhinicial": 0, "nvhprimario": 0, "nvhsecundario": 0, "tallerartist": 0, "servcomplem": 0 }, "geometry": { "type": "MultiPoint", "coordinates": [ [ -60.44318282589613, -26.785273655729124 ] ] } },
{ "type": "Feature", "properties": { "id": 158, "gid": 40980, "cueanexo": "220195600", "nombre": "BIBLIOTECA ESCOLAR Nº 220 VILMA CENTURION DE IMFELD", "domicilio": "ARBO Y BLANCO 674 BELGRANO FUNCIONA EN E.E.P Nº 166 (OTRO INGRESO)", "sector": "Estatal", "modcomun": "0", "modespecial": "0", "modadultos": "0", "nvcjmaternal": 0, "nvcjinfantes": 0, "nvcprimario": 0, "nvcsecundario": 0, "nvcsecundinet": 0, "nvcsnu": 0, "nvcsnuinet": 0, "nvcsnucursos": 0, "nvceductempr": 0, "nvejinfantes": 0, "nveprimario": 0, "nvesecundario": 0, "nveadultos": 0, "nvaprimario": 0, "nvasecundario": 0, "nvaformprofes": 0, "nvaformprofesinet": 0, "nvaalfabetiz": 0, "nvhinicial": 0, "nvhprimario": 0, "nvhsecundario": 0, "tallerartist": 0, "servcomplem": 0 }, "geometry": { "type": "MultiPoint", "coordinates": [ [ -60.443440910093884, -26.798291460624021 ] ] } },
{ "type": "Feature", "properties": { "id": 159, "gid": 40990, "cueanexo": "220196700", "nombre": "BIBLIOTECA ESCOLAR Nº 250 REINALDO DESCALZI", "domicilio": "SAN MARTIN 1550  EES JUAN MANTOVANI", "sector": "Estatal", "modcomun": "0", "modespecial": "0", "modadultos": "0", "nvcjmaternal": 0, "nvcjinfantes": 0, "nvcprimario": 0, "nvcsecundario": 0, "nvcsecundinet": 0, "nvcsnu": 0, "nvcsnuinet": 0, "nvcsnucursos": 0, "nvceductempr": 0, "nvejinfantes": 0, "nveprimario": 0, "nvesecundario": 0, "nveadultos": 0, "nvaprimario": 0, "nvasecundario": 0, "nvaformprofes": 0, "nvaformprofesinet": 0, "nvaalfabetiz": 0, "nvhinicial": 0, "nvhprimario": 0, "nvhsecundario": 0, "tallerartist": 0, "servcomplem": 0 }, "geometry": { "type": "MultiPoint", "coordinates": [ [ -60.436822672566755, -26.777378745305793 ] ] } },
{ "type": "Feature", "properties": { "id": 160, "gid": 41022, "cueanexo": "220199500", "nombre": "U.E.G.P Nº 143 (UEP Nº 143) CENTRO DE FORMACION INTEGRAL", "domicilio": "DORREGO 490", "sector": "Privado", "modcomun": "0", "modespecial": "1", "modadultos": "0", "nvcjmaternal": 0, "nvcjinfantes": 0, "nvcprimario": 0, "nvcsecundario": 0, "nvcsecundinet": 0, "nvcsnu": 0, "nvcsnuinet": 0, "nvcsnucursos": 0, "nvceductempr": 0, "nvejinfantes": 0, "nveprimario": 0, "nvesecundario": 1, "nveadultos": 0, "nvaprimario": 0, "nvasecundario": 0, "nvaformprofes": 0, "nvaformprofesinet": 0, "nvaalfabetiz": 0, "nvhinicial": 0, "nvhprimario": 0, "nvhsecundario": 0, "tallerartist": 0, "servcomplem": 0 }, "geometry": { "type": "MultiPoint", "coordinates": [ [ -60.443747448084203, -26.779733940505583 ] ] } },
{ "type": "Feature", "properties": { "id": 161, "gid": 41099, "cueanexo": "220205509", "nombre": "P.E. EFP - CAMINO UNIDADES PENITENCIARIAS (ALDEA TRES HORQUETAS)", "domicilio": "calle 12  Entre calle19 y calle 21- complejo 2  - FUNCIONA EN ALCAIDIA POLIDIAL", "sector": null, "modcomun": null, "modespecial": null, "modadultos": null, "nvcjmaternal": null, "nvcjinfantes": null, "nvcprimario": null, "nvcsecundario": null, "nvcsecundinet": null, "nvcsnu": null, "nvcsnuinet": null, "nvcsnucursos": null, "nvceductempr": null, "nvejinfantes": null, "nveprimario": null, "nvesecundario": null, "nveadultos": null, "nvaprimario": null, "nvasecundario": null, "nvaformprofes": null, "nvaformprofesinet": null, "nvaalfabetiz": null, "nvhinicial": null, "nvhprimario": null, "nvhsecundario": null, "tallerartist": null, "servcomplem": null }, "geometry": { "type": "MultiPoint", "coordinates": [ [ -60.442609084771682, -26.801683427663999 ] ] } },
{ "type": "Feature", "properties": { "id": 162, "gid": 41100, "cueanexo": "220205510", "nombre": "P.E. EFP - CAMINO UNIDADES PENITENCIARIAS (ALDEA TRES HORQUETAS)", "domicilio": "AV.SERVICIO PENITENCIARIO FEDERAL   FUNCIONA EN UNIDAD PENAL Nº 11", "sector": null, "modcomun": null, "modespecial": null, "modadultos": null, "nvcjmaternal": null, "nvcjinfantes": null, "nvcprimario": null, "nvcsecundario": null, "nvcsecundinet": null, "nvcsnu": null, "nvcsnuinet": null, "nvcsnucursos": null, "nvceductempr": null, "nvejinfantes": null, "nveprimario": null, "nvesecundario": null, "nveadultos": null, "nvaprimario": null, "nvasecundario": null, "nvaformprofes": null, "nvaformprofesinet": null, "nvaalfabetiz": null, "nvhinicial": null, "nvhprimario": null, "nvhsecundario": null, "tallerartist": null, "servcomplem": null }, "geometry": { "type": "MultiPoint", "coordinates": [ [ -60.456052357017164, -26.771856166410206 ] ] } },
{ "type": "Feature", "properties": { "id": 163, "gid": 41181, "cueanexo": "220211200", "nombre": "E.E.P. Nº 1069 - CARLOS FUENTEALBA", "domicilio": "AV. MALVINAS ARGENTINAS (calle 63)   C.I.S.F.-CHACRA 32-MZ 23", "sector": "Estatal", "modcomun": "1", "modespecial": "0", "modadultos": "0", "nvcjmaternal": 0, "nvcjinfantes": 0, "nvcprimario": 1, "nvcsecundario": 0, "nvcsecundinet": 0, "nvcsnu": 0, "nvcsnuinet": 0, "nvcsnucursos": 0, "nvceductempr": 0, "nvejinfantes": 0, "nveprimario": 0, "nvesecundario": 0, "nveadultos": 0, "nvaprimario": 0, "nvasecundario": 0, "nvaformprofes": 0, "nvaformprofesinet": 0, "nvaalfabetiz": 0, "nvhinicial": 0, "nvhprimario": 0, "nvhsecundario": 0, "tallerartist": 0, "servcomplem": 0 }, "geometry": { "type": "MultiPoint", "coordinates": [ [ -60.438685525520029, -26.760008842002975 ] ] } },
{ "type": "Feature", "properties": { "id": 164, "gid": 41192, "cueanexo": "220212100", "nombre": "E.E.S. Nº 143 - JORGE FRANCISCO ISIDORO LUIS BORGES", "domicilio": "CALLE 220 220 SAN CAYETANO QTA.246-PC.9-MZ.3-(FUNCIONA EN E.E.P N°221)", "sector": "Estatal", "modcomun": "1", "modespecial": "0", "modadultos": "0", "nvcjmaternal": 0, "nvcjinfantes": 0, "nvcprimario": 0, "nvcsecundario": 1, "nvcsecundinet": 0, "nvcsnu": 0, "nvcsnuinet": 0, "nvcsnucursos": 0, "nvceductempr": 0, "nvejinfantes": 0, "nveprimario": 0, "nvesecundario": 0, "nveadultos": 0, "nvaprimario": 0, "nvasecundario": 0, "nvaformprofes": 0, "nvaformprofesinet": 0, "nvaalfabetiz": 0, "nvhinicial": 0, "nvhprimario": 0, "nvhsecundario": 0, "tallerartist": 0, "servcomplem": 0 }, "geometry": { "type": "MultiPoint", "coordinates": [ [ -60.428884174417036, -26.812263180346974 ] ] } },
{ "type": "Feature", "properties": { "id": 165, "gid": 41194, "cueanexo": "220212102", "nombre": "E.E.S. Nº 143 - JORGE FRANCISCO ISIDORO LUIS BORGES", "domicilio": "44 ENTRE 27 Y 33   Funciona en Unidad Penitenciaria Nº 11", "sector": "Estatal", "modcomun": "0", "modespecial": "0", "modadultos": "1", "nvcjmaternal": 0, "nvcjinfantes": 0, "nvcprimario": 0, "nvcsecundario": 0, "nvcsecundinet": 0, "nvcsnu": 0, "nvcsnuinet": 0, "nvcsnucursos": 0, "nvceductempr": 0, "nvejinfantes": 0, "nveprimario": 0, "nvesecundario": 0, "nveadultos": 0, "nvaprimario": 0, "nvasecundario": 1, "nvaformprofes": 0, "nvaformprofesinet": 0, "nvaalfabetiz": 0, "nvhinicial": 0, "nvhprimario": 0, "nvhsecundario": 0, "tallerartist": 0, "servcomplem": 0 }, "geometry": { "type": "MultiPoint", "coordinates": [ [ -60.456171151206554, -26.772257665110239 ] ] } },
{ "type": "Feature", "properties": { "id": 166, "gid": 41195, "cueanexo": "220212103", "nombre": "E.E.S. Nº 143 - JORGE FRANCISCO ISIDORO LUIS BORGES", "domicilio": "16 ENTRE 19 Y 21   Funciona en Complejo Penitenciario Nº 2", "sector": "Estatal", "modcomun": "0", "modespecial": "0", "modadultos": "1", "nvcjmaternal": 0, "nvcjinfantes": 0, "nvcprimario": 0, "nvcsecundario": 0, "nvcsecundinet": 0, "nvcsnu": 0, "nvcsnuinet": 0, "nvcsnucursos": 0, "nvceductempr": 0, "nvejinfantes": 0, "nveprimario": 0, "nvesecundario": 0, "nveadultos": 0, "nvaprimario": 0, "nvasecundario": 1, "nvaformprofes": 0, "nvaformprofesinet": 0, "nvaalfabetiz": 0, "nvhinicial": 0, "nvhprimario": 0, "nvhsecundario": 0, "tallerartist": 0, "servcomplem": 0 }, "geometry": { "type": "MultiPoint", "coordinates": [ [ -60.441220334575434, -26.782933984854921 ] ] } },
{ "type": "Feature", "properties": { "id": 167, "gid": 41196, "cueanexo": "220212200", "nombre": "E.E.S. Nº 144 - JUAN ALFREDO MARTINET", "domicilio": "AV.J.KENNEDY 557 Bº MONSEÑOR DE CARLO COMPARTE EDIFICIO CON LA E.E.P N°352", "sector": "Estatal", "modcomun": "1", "modespecial": "0", "modadultos": "0", "nvcjmaternal": 0, "nvcjinfantes": 0, "nvcprimario": 0, "nvcsecundario": 1, "nvcsecundinet": 0, "nvcsnu": 0, "nvcsnuinet": 0, "nvcsnucursos": 0, "nvceductempr": 0, "nvejinfantes": 0, "nveprimario": 0, "nvesecundario": 0, "nveadultos": 0, "nvaprimario": 0, "nvasecundario": 0, "nvaformprofes": 0, "nvaformprofesinet": 0, "nvaalfabetiz": 0, "nvhinicial": 0, "nvhprimario": 0, "nvhsecundario": 0, "tallerartist": 0, "servcomplem": 0 }, "geometry": { "type": "MultiPoint", "coordinates": [ [ -60.428749533228647, -26.794024269237539 ] ] } },
{ "type": "Feature", "properties": { "id": 168, "gid": 41197, "cueanexo": "220212300", "nombre": "E.E.S. Nº 145 - ANA BRUNER", "domicilio": "CALLE 343  HIPOLITO YRIGOYEN FUNCIONA EN LA E.E.P N°354", "sector": "Estatal", "modcomun": "1", "modespecial": "0", "modadultos": "0", "nvcjmaternal": 0, "nvcjinfantes": 0, "nvcprimario": 0, "nvcsecundario": 1, "nvcsecundinet": 0, "nvcsnu": 0, "nvcsnuinet": 0, "nvcsnucursos": 0, "nvceductempr": 0, "nvejinfantes": 0, "nveprimario": 0, "nvesecundario": 0, "nveadultos": 0, "nvaprimario": 0, "nvasecundario": 0, "nvaformprofes": 0, "nvaformprofesinet": 0, "nvaalfabetiz": 0, "nvhinicial": 0, "nvhprimario": 0, "nvhsecundario": 0, "tallerartist": 0, "servcomplem": 0 }, "geometry": { "type": "MultiPoint", "coordinates": [ [ -60.436853080939827, -26.772508286778873 ] ] } },
{ "type": "Feature", "properties": { "id": 169, "gid": 41199, "cueanexo": "220212400", "nombre": "E.E.S. Nº 146", "domicilio": "CALLE 109 REPUBLICA UCRANIA", "sector": "Estatal", "modcomun": "1", "modespecial": "0", "modadultos": "0", "nvcjmaternal": 0, "nvcjinfantes": 0, "nvcprimario": 0, "nvcsecundario": 1, "nvcsecundinet": 0, "nvcsnu": 0, "nvcsnuinet": 0, "nvcsnucursos": 0, "nvceductempr": 0, "nvejinfantes": 0, "nveprimario": 0, "nvesecundario": 0, "nveadultos": 0, "nvaprimario": 0, "nvasecundario": 0, "nvaformprofes": 0, "nvaformprofesinet": 0, "nvaalfabetiz": 0, "nvhinicial": 0, "nvhprimario": 0, "nvhsecundario": 0, "tallerartist": 0, "servcomplem": 0 }, "geometry": { "type": "MultiPoint", "coordinates": [ [ -60.458721375148677, -26.793415531349808 ] ] } },
{ "type": "Feature", "properties": { "id": 170, "gid": 41200, "cueanexo": "220212500", "nombre": "E.E.S. Nº 147", "domicilio": "Bº PUERTA DEL SOL", "sector": "Estatal", "modcomun": "1", "modespecial": "0", "modadultos": "0", "nvcjmaternal": 0, "nvcjinfantes": 0, "nvcprimario": 0, "nvcsecundario": 1, "nvcsecundinet": 0, "nvcsnu": 0, "nvcsnuinet": 0, "nvcsnucursos": 0, "nvceductempr": 0, "nvejinfantes": 0, "nveprimario": 0, "nvesecundario": 0, "nveadultos": 0, "nvaprimario": 0, "nvasecundario": 0, "nvaformprofes": 0, "nvaformprofesinet": 0, "nvaalfabetiz": 0, "nvhinicial": 0, "nvhprimario": 0, "nvhsecundario": 0, "tallerartist": 0, "servcomplem": 0 }, "geometry": { "type": "MultiPoint", "coordinates": [ [ -60.448785756439079, -26.767927810832713 ] ] } },
{ "type": "Feature", "properties": { "id": 171, "gid": 41252, "cueanexo": "220216000", "nombre": "BIBLIOTECA ESCOLAR Nº 251 JOSE A. FLORES", "domicilio": "CALLE 115 555  funciona en EES Nº174", "sector": "Estatal", "modcomun": "0", "modespecial": "0", "modadultos": "0", "nvcjmaternal": 0, "nvcjinfantes": 0, "nvcprimario": 0, "nvcsecundario": 0, "nvcsecundinet": 0, "nvcsnu": 0, "nvcsnuinet": 0, "nvcsnucursos": 0, "nvceductempr": 0, "nvejinfantes": 0, "nveprimario": 0, "nvesecundario": 0, "nveadultos": 0, "nvaprimario": 0, "nvasecundario": 0, "nvaformprofes": 0, "nvaformprofesinet": 0, "nvaalfabetiz": 0, "nvhinicial": 0, "nvhprimario": 0, "nvhsecundario": 0, "tallerartist": 0, "servcomplem": 0 }, "geometry": { "type": "MultiPoint", "coordinates": [ [ -60.447799683878586, -26.799836846460941 ] ] } },
{ "type": "Feature", "properties": { "id": 172, "gid": 41277, "cueanexo": "220217600", "nombre": "JARDIN DE INFANTES Nº 186 - CAPERUCITA ROJA", "domicilio": "CALLE PÚBLICA E ISLAS MALVINAS    C.-I-S.-F-QTA 8 MZ 21-CH. 32", "sector": "Estatal", "modcomun": "1", "modespecial": "0", "modadultos": "0", "nvcjmaternal": 0, "nvcjinfantes": 1, "nvcprimario": 0, "nvcsecundario": 0, "nvcsecundinet": 0, "nvcsnu": 0, "nvcsnuinet": 0, "nvcsnucursos": 0, "nvceductempr": 0, "nvejinfantes": 0, "nveprimario": 0, "nvesecundario": 0, "nveadultos": 0, "nvaprimario": 0, "nvasecundario": 0, "nvaformprofes": 0, "nvaformprofesinet": 0, "nvaalfabetiz": 0, "nvhinicial": 0, "nvhprimario": 0, "nvhsecundario": 0, "tallerartist": 0, "servcomplem": 0 }, "geometry": { "type": "MultiPoint", "coordinates": [ [ -60.438615101370232, -26.759452302500378 ] ] } },
{ "type": "Feature", "properties": { "id": 173, "gid": 41298, "cueanexo": "220219400", "nombre": "BIBLIOTECA ESCOLAR Nº 376 JOSE RAMON FARIAS", "domicilio": "CALLE 343  HIPOLITO YRIGOYEN FUNCIONA EN LA E.E.P N°354", "sector": "Estatal", "modcomun": "0", "modespecial": "0", "modadultos": "0", "nvcjmaternal": 0, "nvcjinfantes": 0, "nvcprimario": 0, "nvcsecundario": 0, "nvcsecundinet": 0, "nvcsnu": 0, "nvcsnuinet": 0, "nvcsnucursos": 0, "nvceductempr": 0, "nvejinfantes": 0, "nveprimario": 0, "nvesecundario": 0, "nveadultos": 0, "nvaprimario": 0, "nvasecundario": 0, "nvaformprofes": 0, "nvaformprofesinet": 0, "nvaalfabetiz": 0, "nvhinicial": 0, "nvhprimario": 0, "nvhsecundario": 0, "tallerartist": 0, "servcomplem": 0 }, "geometry": { "type": "MultiPoint", "coordinates": [ [ -60.434922061012969, -26.772807162784297 ] ] } },
{ "type": "Feature", "properties": { "id": 174, "gid": 41303, "cueanexo": "220219900", "nombre": "U.E.G.P Nº 82 (UEP Nº 82) HOGAR DE BETHANIA", "domicilio": "URQUIZA 768", "sector": "Privado", "modcomun": "1", "modespecial": "0", "modadultos": "0", "nvcjmaternal": 0, "nvcjinfantes": 0, "nvcprimario": 0, "nvcsecundario": 1, "nvcsecundinet": 0, "nvcsnu": 0, "nvcsnuinet": 0, "nvcsnucursos": 0, "nvceductempr": 0, "nvejinfantes": 0, "nveprimario": 0, "nvesecundario": 0, "nveadultos": 0, "nvaprimario": 0, "nvasecundario": 0, "nvaformprofes": 0, "nvaformprofesinet": 0, "nvaalfabetiz": 0, "nvhinicial": 0, "nvhprimario": 0, "nvhsecundario": 0, "tallerartist": 0, "servcomplem": 0 }, "geometry": { "type": "MultiPoint", "coordinates": [ [ -60.436461957360187, -26.786739481421474 ] ] } },
{ "type": "Feature", "properties": { "id": 175, "gid": 41320, "cueanexo": "220221400", "nombre": "E.P.G.C.B.I.I. Nº 2 (EX EEP 1010)", "domicilio": "322 entre 329 Y 331  Na-lá Circ.I-S.F-Ch.41-Qta 4-Mz.22-Pc. 2-", "sector": "Social/cooperativa", "modcomun": "1", "modespecial": "0", "modadultos": "0", "nvcjmaternal": 0, "nvcjinfantes": 0, "nvcprimario": 1, "nvcsecundario": 0, "nvcsecundinet": 0, "nvcsnu": 0, "nvcsnuinet": 0, "nvcsnucursos": 0, "nvceductempr": 0, "nvejinfantes": 0, "nveprimario": 0, "nvesecundario": 0, "nveadultos": 0, "nvaprimario": 0, "nvasecundario": 0, "nvaformprofes": 0, "nvaformprofesinet": 0, "nvaalfabetiz": 0, "nvhinicial": 0, "nvhprimario": 0, "nvhsecundario": 0, "tallerartist": 0, "servcomplem": 0 }, "geometry": { "type": "MultiPoint", "coordinates": [ [ -60.411560806936592, -26.787438954625586 ] ] } },
{ "type": "Feature", "properties": { "id": 176, "gid": 41325, "cueanexo": "220221900", "nombre": "U.E.G.P Nº 82 (UEP Nº 82) HOGAR DE BETHANIA", "domicilio": "Urquiza 768", "sector": "Privado", "modcomun": "1", "modespecial": "0", "modadultos": "0", "nvcjmaternal": 0, "nvcjinfantes": 1, "nvcprimario": 0, "nvcsecundario": 0, "nvcsecundinet": 0, "nvcsnu": 0, "nvcsnuinet": 0, "nvcsnucursos": 0, "nvceductempr": 0, "nvejinfantes": 0, "nveprimario": 0, "nvesecundario": 0, "nveadultos": 0, "nvaprimario": 0, "nvasecundario": 0, "nvaformprofes": 0, "nvaformprofesinet": 0, "nvaalfabetiz": 0, "nvhinicial": 0, "nvhprimario": 0, "nvhsecundario": 0, "tallerartist": 0, "servcomplem": 0 }, "geometry": { "type": "MultiPoint", "coordinates": [ [ -60.436476118238261, -26.786783358418745 ] ] } },
{ "type": "Feature", "properties": { "id": 177, "gid": 41326, "cueanexo": "220222000", "nombre": "U.E.G.P Nº 82 (UEP Nº 82) HOGAR DE BETHANIA", "domicilio": "Urquiza 846", "sector": "Privado", "modcomun": "1", "modespecial": "0", "modadultos": "0", "nvcjmaternal": 0, "nvcjinfantes": 0, "nvcprimario": 0, "nvcsecundario": 0, "nvcsecundinet": 0, "nvcsnu": 1, "nvcsnuinet": 0, "nvcsnucursos": 0, "nvceductempr": 0, "nvejinfantes": 0, "nveprimario": 0, "nvesecundario": 0, "nveadultos": 0, "nvaprimario": 0, "nvasecundario": 0, "nvaformprofes": 0, "nvaformprofesinet": 0, "nvaalfabetiz": 0, "nvhinicial": 0, "nvhprimario": 0, "nvhsecundario": 0, "tallerartist": 0, "servcomplem": 1 }, "geometry": { "type": "MultiPoint", "coordinates": [ [ -60.435972542274889, -26.785910078068035 ] ] } },
{ "type": "Feature", "properties": { "id": 178, "gid": 41327, "cueanexo": "220222100", "nombre": "U.E.G.P Nº 35 (UEP Nº 35) INSTITUTO ADVENTISTA RAFAEL OBLIGADO", "domicilio": "Los Ceibos 1801 Loma Linda", "sector": "Privado", "modcomun": "1", "modespecial": "0", "modadultos": "0", "nvcjmaternal": 0, "nvcjinfantes": 0, "nvcprimario": 0, "nvcsecundario": 1, "nvcsecundinet": 0, "nvcsnu": 0, "nvcsnuinet": 0, "nvcsnucursos": 0, "nvceductempr": 0, "nvejinfantes": 0, "nveprimario": 0, "nvesecundario": 0, "nveadultos": 0, "nvaprimario": 0, "nvasecundario": 0, "nvaformprofes": 0, "nvaformprofesinet": 0, "nvaalfabetiz": 0, "nvhinicial": 0, "nvhprimario": 0, "nvhsecundario": 0, "tallerartist": 0, "servcomplem": 0 }, "geometry": { "type": "MultiPoint", "coordinates": [ [ -60.41720387238054, -26.807185852271807 ] ] } },
{ "type": "Feature", "properties": { "id": 179, "gid": 41397, "cueanexo": "220227000", "nombre": "U.E.G.P Nº  154", "domicilio": "Av. Malvina Argentinas  Solidario MIDJ entre calle 67bis  y 69", "sector": "Privado", "modcomun": "1", "modespecial": "0", "modadultos": "1", "nvcjmaternal": 0, "nvcjinfantes": 0, "nvcprimario": 0, "nvcsecundario": 0, "nvcsecundinet": 0, "nvcsnu": 1, "nvcsnuinet": 0, "nvcsnucursos": 0, "nvceductempr": 0, "nvejinfantes": 0, "nveprimario": 0, "nvesecundario": 0, "nveadultos": 0, "nvaprimario": 0, "nvasecundario": 0, "nvaformprofes": 1, "nvaformprofesinet": 0, "nvaalfabetiz": 0, "nvhinicial": 0, "nvhprimario": 0, "nvhsecundario": 0, "tallerartist": 0, "servcomplem": 0 }, "geometry": { "type": "MultiPoint", "coordinates": [ [ -60.438172929024198, -26.757749810885901 ] ] } },
{ "type": "Feature", "properties": { "id": 180, "gid": 41408, "cueanexo": "220228000", "nombre": "U.E.G.P Nº 169 (UEP Nº 169) JARDIN MATERNO INFANTIL", "domicilio": "BARTOLOME MITRE 239", "sector": "Privado", "modcomun": "1", "modespecial": "0", "modadultos": "0", "nvcjmaternal": 1, "nvcjinfantes": 1, "nvcprimario": 0, "nvcsecundario": 0, "nvcsecundinet": 0, "nvcsnu": 0, "nvcsnuinet": 0, "nvcsnucursos": 0, "nvceductempr": 0, "nvejinfantes": 0, "nveprimario": 0, "nvesecundario": 0, "nveadultos": 0, "nvaprimario": 0, "nvasecundario": 0, "nvaformprofes": 0, "nvaformprofesinet": 0, "nvaalfabetiz": 0, "nvhinicial": 0, "nvhprimario": 0, "nvhsecundario": 0, "tallerartist": 0, "servcomplem": 0 }, "geometry": { "type": "MultiPoint", "coordinates": [ [ -60.445056534536398, -26.790435180484167 ] ] } },
{ "type": "Feature", "properties": { "id": 181, "gid": 41464, "cueanexo": "220230700", "nombre": "E.P.G.C.B.I.I. Nº 2 (SECUNDARIA)", "domicilio": "CALLE 322 ENTRE 329 Y 331  NALÁ C-I-S.F-CH. 41-QTA 4-MZ.22-PC 2", "sector": "Social/cooperativa", "modcomun": "1", "modespecial": "0", "modadultos": "1", "nvcjmaternal": 0, "nvcjinfantes": 0, "nvcprimario": 0, "nvcsecundario": 1, "nvcsecundinet": 0, "nvcsnu": 0, "nvcsnuinet": 0, "nvcsnucursos": 0, "nvceductempr": 0, "nvejinfantes": 0, "nveprimario": 0, "nvesecundario": 0, "nveadultos": 0, "nvaprimario": 0, "nvasecundario": 1, "nvaformprofes": 0, "nvaformprofesinet": 0, "nvaalfabetiz": 0, "nvhinicial": 0, "nvhprimario": 0, "nvhsecundario": 0, "tallerartist": 0, "servcomplem": 0 }, "geometry": { "type": "MultiPoint", "coordinates": [ [ -60.411386419792137, -26.787847750861477 ] ] } },
{ "type": "Feature", "properties": { "id": 182, "gid": 41473, "cueanexo": "220231400", "nombre": "U.E.G.P Nº 13 (UEP Nº 13) -JUANA PAULA MANSO-", "domicilio": "PLUMERILLO 1618  YAPEYÚ", "sector": "Privado", "modcomun": "1", "modespecial": "0", "modadultos": "0", "nvcjmaternal": 0, "nvcjinfantes": 0, "nvcprimario": 0, "nvcsecundario": 1, "nvcsecundinet": 0, "nvcsnu": 0, "nvcsnuinet": 0, "nvcsnucursos": 0, "nvceductempr": 0, "nvejinfantes": 0, "nveprimario": 0, "nvesecundario": 0, "nveadultos": 0, "nvaprimario": 0, "nvasecundario": 0, "nvaformprofes": 0, "nvaformprofesinet": 0, "nvaalfabetiz": 0, "nvhinicial": 0, "nvhprimario": 0, "nvhsecundario": 0, "tallerartist": 0, "servcomplem": 0 }, "geometry": { "type": "MultiPoint", "coordinates": [ [ -60.450295901243038, -26.777083941282992 ] ] } },
{ "type": "Feature", "properties": { "id": 183, "gid": 41496, "cueanexo": "220233700", "nombre": "U.E.G.P Nº 188 (UEP Nº 188) CHACO AUSTRAL", "domicilio": "COMANDANTE FERNANDEZ 755  EN UNIVERSIDAD NACIONAL CHACO AUSTRAL", "sector": "Privado", "modcomun": "1", "modespecial": "0", "modadultos": "0", "nvcjmaternal": 0, "nvcjinfantes": 0, "nvcprimario": 0, "nvcsecundario": 1, "nvcsecundinet": 0, "nvcsnu": 0, "nvcsnuinet": 0, "nvcsnucursos": 0, "nvceductempr": 0, "nvejinfantes": 0, "nveprimario": 0, "nvesecundario": 0, "nveadultos": 0, "nvaprimario": 0, "nvasecundario": 0, "nvaformprofes": 0, "nvaformprofesinet": 0, "nvaalfabetiz": 0, "nvhinicial": 0, "nvhprimario": 0, "nvhsecundario": 0, "tallerartist": 0, "servcomplem": 0 }, "geometry": { "type": "MultiPoint", "coordinates": [ [ -60.447467348789566, -26.801464531566172 ] ] } },
{ "type": "Feature", "properties": { "id": 184, "gid": 41550, "cueanexo": "220236600", "nombre": "U.E.G.P Nº 193 (UEP Nº 193) INSTITUTO SAN ROQUE", "domicilio": "BELGRANO 261  CENTRO", "sector": "Privado", "modcomun": "1", "modespecial": "0", "modadultos": "0", "nvcjmaternal": 0, "nvcjinfantes": 0, "nvcprimario": 0, "nvcsecundario": 1, "nvcsecundinet": 0, "nvcsnu": 0, "nvcsnuinet": 0, "nvcsnucursos": 0, "nvceductempr": 0, "nvejinfantes": 0, "nveprimario": 0, "nvesecundario": 0, "nveadultos": 0, "nvaprimario": 0, "nvasecundario": 0, "nvaformprofes": 0, "nvaformprofesinet": 0, "nvaalfabetiz": 0, "nvhinicial": 0, "nvhprimario": 0, "nvhsecundario": 0, "tallerartist": 0, "servcomplem": 1 }, "geometry": { "type": "MultiPoint", "coordinates": [ [ -60.440541187792569, -26.791053420793411 ] ] } },
{ "type": "Feature", "properties": { "id": 185, "gid": 41555, "cueanexo": "220236900", "nombre": "U.E.G.P Nº 195 (UEP Nº 195) A.I.L.A.A.C.C", "domicilio": "MARIANO MORENO 551", "sector": "Privado", "modcomun": "0", "modespecial": "1", "modadultos": "0", "nvcjmaternal": 0, "nvcjinfantes": 0, "nvcprimario": 0, "nvcsecundario": 0, "nvcsecundinet": 0, "nvcsnu": 0, "nvcsnuinet": 0, "nvcsnucursos": 0, "nvceductempr": 1, "nvejinfantes": 0, "nveprimario": 1, "nvesecundario": 0, "nveadultos": 1, "nvaprimario": 0, "nvasecundario": 0, "nvaformprofes": 0, "nvaformprofesinet": 0, "nvaalfabetiz": 0, "nvhinicial": 0, "nvhprimario": 0, "nvhsecundario": 0, "tallerartist": 0, "servcomplem": 0 }, "geometry": { "type": "MultiPoint", "coordinates": [ [ -60.443143974070956, -26.786708912672314 ] ] } },
{ "type": "Feature", "properties": { "id": 186, "gid": 41570, "cueanexo": "220238400", "nombre": "P.E.-BIBLIOTECA- penitenciaria y Educacion en Contexto de Encierro-", "domicilio": "CALLE 12 PROLONGACION ENSACHE SUR   FUNCIONARA EN LA DIVISION DE ALCAIDIA - Bº MITRE", "sector": "Estatal", "modcomun": "0", "modespecial": "0", "modadultos": "0", "nvcjmaternal": 0, "nvcjinfantes": 0, "nvcprimario": 0, "nvcsecundario": 0, "nvcsecundinet": 0, "nvcsnu": 0, "nvcsnuinet": 0, "nvcsnucursos": 0, "nvceductempr": 0, "nvejinfantes": 0, "nveprimario": 0, "nvesecundario": 0, "nveadultos": 0, "nvaprimario": 0, "nvasecundario": 0, "nvaformprofes": 0, "nvaformprofesinet": 0, "nvaalfabetiz": 0, "nvhinicial": 0, "nvhprimario": 0, "nvhsecundario": 0, "tallerartist": 0, "servcomplem": 0 }, "geometry": { "type": "MultiPoint", "coordinates": [ [ -60.456485254569699, -26.772493041369547 ] ] } },
{ "type": "Feature", "properties": { "id": 187, "gid": 41584, "cueanexo": "220239800", "nombre": "U.E.G.P Nº 55 (UEP Nº 55) INSTITUTO DON ORIONE", "domicilio": "PADRE ARTURO MUSTACCHIO 255 BELGRANO", "sector": "Privado", "modcomun": "1", "modespecial": "0", "modadultos": "0", "nvcjmaternal": 0, "nvcjinfantes": 1, "nvcprimario": 0, "nvcsecundario": 0, "nvcsecundinet": 0, "nvcsnu": 0, "nvcsnuinet": 0, "nvcsnucursos": 0, "nvceductempr": 0, "nvejinfantes": 0, "nveprimario": 0, "nvesecundario": 0, "nveadultos": 0, "nvaprimario": 0, "nvasecundario": 0, "nvaformprofes": 0, "nvaformprofesinet": 0, "nvaalfabetiz": 0, "nvhinicial": 0, "nvhprimario": 0, "nvhsecundario": 0, "tallerartist": 0, "servcomplem": 0 }, "geometry": { "type": "MultiPoint", "coordinates": [ [ -60.448103334264808, -26.795513277803952 ] ] } },
{ "type": "Feature", "properties": { "id": 188, "gid": 41594, "cueanexo": "220240800", "nombre": "U.E.G.P Nº 190 (UEP Nº 190) COLEGIO CRISTIANO BILINGUE PUERTA DE ESPERANZA", "domicilio": "Julio A. Roca 1145", "sector": "Privado", "modcomun": "1", "modespecial": "0", "modadultos": "0", "nvcjmaternal": 0, "nvcjinfantes": 1, "nvcprimario": 0, "nvcsecundario": 0, "nvcsecundinet": 0, "nvcsnu": 0, "nvcsnuinet": 0, "nvcsnucursos": 0, "nvceductempr": 0, "nvejinfantes": 0, "nveprimario": 0, "nvesecundario": 0, "nveadultos": 0, "nvaprimario": 0, "nvasecundario": 0, "nvaformprofes": 0, "nvaformprofesinet": 0, "nvaalfabetiz": 0, "nvhinicial": 0, "nvhprimario": 0, "nvhsecundario": 0, "tallerartist": 0, "servcomplem": 0 }, "geometry": { "type": "MultiPoint", "coordinates": [ [ -60.447802853044323, -26.794057104829061 ] ] } },
{ "type": "Feature", "properties": { "id": 189, "gid": 41624, "cueanexo": "220243201", "nombre": "U.E.G.P Nº 61 (UEP Nº 61) EBEN EZER", "domicilio": "URQUIZA 768", "sector": null, "modcomun": null, "modespecial": null, "modadultos": null, "nvcjmaternal": null, "nvcjinfantes": null, "nvcprimario": null, "nvcsecundario": null, "nvcsecundinet": null, "nvcsnu": null, "nvcsnuinet": null, "nvcsnucursos": null, "nvceductempr": null, "nvejinfantes": null, "nveprimario": null, "nvesecundario": null, "nveadultos": null, "nvaprimario": null, "nvasecundario": null, "nvaformprofes": null, "nvaformprofesinet": null, "nvaalfabetiz": null, "nvhinicial": null, "nvhprimario": null, "nvhsecundario": null, "tallerartist": null, "servcomplem": null }, "geometry": { "type": "MultiPoint", "coordinates": [ [ -60.436545121997007, -26.786789238154537 ] ] } },
{ "type": "Feature", "properties": { "id": 190, "gid": 41657, "cueanexo": "220246200", "nombre": "JARDIN DE INFANTES Nº 223", "domicilio": "CALLE 220 227  SAN CAYETANO Circ. I,Sec.J,Quinta 53,MZ.3- PC.10", "sector": "Estatal", "modcomun": "Sec.J", "modespecial": "Quinta 53", "modadultos": "MZ.3- PC.10", "nvcjmaternal": 1, "nvcjinfantes": 0, "nvcprimario": 0, "nvcsecundario": 0, "nvcsecundinet": 1, "nvcsnu": 0, "nvcsnuinet": 0, "nvcsnucursos": 0, "nvceductempr": 0, "nvejinfantes": 0, "nveprimario": 0, "nvesecundario": 0, "nveadultos": 0, "nvaprimario": 0, "nvasecundario": 0, "nvaformprofes": 0, "nvaformprofesinet": 0, "nvaalfabetiz": 0, "nvhinicial": 0, "nvhprimario": 0, "nvhsecundario": 0, "tallerartist": 0, "servcomplem": 0 }, "geometry": { "type": "MultiPoint", "coordinates": [ [ -60.429284733043879, -26.812545448671994 ] ] } },
{ "type": "Feature", "properties": { "id": 191, "gid": 41663, "cueanexo": "220246800", "nombre": "\tU.E.G.P Nº 13 (UEP Nº 13) -JUANA PAULA MANSO-", "domicilio": "PLUMERILLO 1618 YAPEYU funciona en el mismo edificio de EEP", "sector": "Privado", "modcomun": "1", "modespecial": "0", "modadultos": "0", "nvcjmaternal": 0, "nvcjinfantes": 1, "nvcprimario": 0, "nvcsecundario": 0, "nvcsecundinet": 0, "nvcsnu": 0, "nvcsnuinet": 0, "nvcsnucursos": 0, "nvceductempr": 0, "nvejinfantes": 0, "nveprimario": 0, "nvesecundario": 0, "nveadultos": 0, "nvaprimario": 0, "nvasecundario": 0, "nvaformprofes": 0, "nvaformprofesinet": 0, "nvaalfabetiz": 0, "nvhinicial": 0, "nvhprimario": 0, "nvhsecundario": 0, "tallerartist": 0, "servcomplem": 0 }, "geometry": { "type": "MultiPoint", "coordinates": [ [ -60.450341989136803, -26.777089681802117 ] ] } },
{ "type": "Feature", "properties": { "id": 192, "gid": 41665, "cueanexo": "220247000", "nombre": "BIBLIOTECA ESCOLAR Nº 353 - FRANCISCA GARCIA de VALENZUELA-", "domicilio": "ESTADO ESPAÑOL  PUERTA DEL SOL CIR 1 SECC F CHA 36 FR 9 - EES Nº 53", "sector": "Estatal", "modcomun": "0", "modespecial": "0", "modadultos": "0", "nvcjmaternal": 0, "nvcjinfantes": 0, "nvcprimario": 0, "nvcsecundario": 0, "nvcsecundinet": 0, "nvcsnu": 0, "nvcsnuinet": 0, "nvcsnucursos": 0, "nvceductempr": 0, "nvejinfantes": 0, "nveprimario": 0, "nvesecundario": 0, "nveadultos": 0, "nvaprimario": 0, "nvasecundario": 0, "nvaformprofes": 0, "nvaformprofesinet": 0, "nvaalfabetiz": 0, "nvhinicial": 0, "nvhprimario": 0, "nvhsecundario": 0, "tallerartist": 0, "servcomplem": 0 }, "geometry": { "type": "MultiPoint", "coordinates": [ [ -60.445395318820026, -26.770511559315484 ] ] } },
{ "type": "Feature", "properties": { "id": 193, "gid": 41697, "cueanexo": "220249304", "nombre": "E.P.G.S. Nº 4 (EX P-E BLA SOBERANIA LUIS A. LEZCANO)", "domicilio": "Calle 44 entre 49 y 51 - Barrio Monte de Sinaí  - EPA N° 19", "sector": "Social/cooperativa", "modcomun": "0", "modespecial": "0", "modadultos": "1", "nvcjmaternal": 0, "nvcjinfantes": 0, "nvcprimario": 0, "nvcsecundario": 0, "nvcsecundinet": 0, "nvcsnu": 0, "nvcsnuinet": 0, "nvcsnucursos": 0, "nvceductempr": 0, "nvejinfantes": 0, "nveprimario": 0, "nvesecundario": 0, "nveadultos": 0, "nvaprimario": 0, "nvasecundario": 1, "nvaformprofes": 0, "nvaformprofesinet": 0, "nvaalfabetiz": 0, "nvhinicial": 0, "nvhprimario": 0, "nvhsecundario": 0, "tallerartist": 0, "servcomplem": 0 }, "geometry": { "type": "MultiPoint", "coordinates": [ [ -60.449885860881572, -26.762509782525687 ] ] } },
{ "type": "Feature", "properties": { "id": 194, "gid": 41702, "cueanexo": "220249600", "nombre": "JARDIN DE INFANTES Nº 224 - NESTOR KIRCHNER", "domicilio": "ARBOL BLANCO-ENTRE 145 Y 145 BIS 110 NESTOR KIRCHNER", "sector": "Estatal", "modcomun": "1", "modespecial": "0", "modadultos": "0", "nvcjmaternal": 0, "nvcjinfantes": 1, "nvcprimario": 0, "nvcsecundario": 0, "nvcsecundinet": 0, "nvcsnu": 0, "nvcsnuinet": 0, "nvcsnucursos": 0, "nvceductempr": 0, "nvejinfantes": 0, "nveprimario": 0, "nvesecundario": 0, "nveadultos": 0, "nvaprimario": 0, "nvasecundario": 0, "nvaformprofes": 0, "nvaformprofesinet": 0, "nvaalfabetiz": 0, "nvhinicial": 0, "nvhprimario": 0, "nvhsecundario": 0, "tallerartist": 0, "servcomplem": 0 }, "geometry": { "type": "MultiPoint", "coordinates": [ [ -60.451219719835599, -26.814955332913161 ] ] } },
{ "type": "Feature", "properties": { "id": 195, "gid": 41710, "cueanexo": "220250100", "nombre": "U.E.G.P Nº 202 Libertador General José de San Martín", "domicilio": "MARIANO MORENO 1158  Calle 14 entre 25 y 25", "sector": "Privado", "modcomun": "0", "modespecial": "0", "modadultos": "1", "nvcjmaternal": 0, "nvcjinfantes": 0, "nvcprimario": 0, "nvcsecundario": 0, "nvcsecundinet": 0, "nvcsnu": 0, "nvcsnuinet": 0, "nvcsnucursos": 0, "nvceductempr": 0, "nvejinfantes": 0, "nveprimario": 0, "nvesecundario": 0, "nveadultos": 0, "nvaprimario": 0, "nvasecundario": 0, "nvaformprofes": 1, "nvaformprofesinet": 1, "nvaalfabetiz": 0, "nvhinicial": 0, "nvhprimario": 0, "nvhsecundario": 0, "tallerartist": 0, "servcomplem": 0 }, "geometry": { "type": "MultiPoint", "coordinates": [ [ -60.439244869305746, -26.781180101636092 ] ] } },
{ "type": "Feature", "properties": { "id": 196, "gid": 41751, "cueanexo": "220253400", "nombre": "U.E.G.P Nº 140 (UEP Nº 140) NUESTRA SEÑORA DE LA GUARDA", "domicilio": "313 e 312 y 314  MONSEÑOR DE CARLOS", "sector": "Privado", "modcomun": "1", "modespecial": "0", "modadultos": "0", "nvcjmaternal": 0, "nvcjinfantes": 0, "nvcprimario": 1, "nvcsecundario": 0, "nvcsecundinet": 0, "nvcsnu": 0, "nvcsnuinet": 0, "nvcsnucursos": 0, "nvceductempr": 0, "nvejinfantes": 0, "nveprimario": 0, "nvesecundario": 0, "nveadultos": 0, "nvaprimario": 0, "nvasecundario": 0, "nvaformprofes": 0, "nvaformprofesinet": 0, "nvaalfabetiz": 0, "nvhinicial": 0, "nvhprimario": 0, "nvhsecundario": 0, "tallerartist": 0, "servcomplem": 0 }, "geometry": { "type": "MultiPoint", "coordinates": [ [ -60.425705806396024, -26.7923141597492 ] ] } },
{ "type": "Feature", "properties": { "id": 197, "gid": 41802, "cueanexo": "220257800", "nombre": "U.E.G.P Nº 169 - INSTITUTO PRIVADO DIDACTICO INFANTIL", "domicilio": "Pibernus 1141", "sector": "Privado", "modcomun": "1", "modespecial": "0", "modadultos": "0", "nvcjmaternal": 0, "nvcjinfantes": 0, "nvcprimario": 1, "nvcsecundario": 0, "nvcsecundinet": 0, "nvcsnu": 0, "nvcsnuinet": 0, "nvcsnucursos": 0, "nvceductempr": 0, "nvejinfantes": 0, "nveprimario": 0, "nvesecundario": 0, "nveadultos": 0, "nvaprimario": 0, "nvasecundario": 0, "nvaformprofes": 0, "nvaformprofesinet": 0, "nvaalfabetiz": 0, "nvhinicial": 0, "nvhprimario": 0, "nvhsecundario": 0, "tallerartist": 0, "servcomplem": 0 }, "geometry": { "type": "MultiPoint", "coordinates": [ [ -60.430590093175496, -26.784324844840302 ] ] } },
{ "type": "Feature", "properties": { "id": 198, "gid": 41804, "cueanexo": "220257900", "nombre": "U.E.G.P Nº 193 (UEP Nº 193) INSTITUTO SAN ROQUE", "domicilio": "BELGRANO 261", "sector": "Privado", "modcomun": "1", "modespecial": "0", "modadultos": "0", "nvcjmaternal": 0, "nvcjinfantes": 0, "nvcprimario": 0, "nvcsecundario": 0, "nvcsecundinet": 0, "nvcsnu": 1, "nvcsnuinet": 0, "nvcsnucursos": 0, "nvceductempr": 0, "nvejinfantes": 0, "nveprimario": 0, "nvesecundario": 0, "nveadultos": 0, "nvaprimario": 0, "nvasecundario": 0, "nvaformprofes": 0, "nvaformprofesinet": 0, "nvaalfabetiz": 0, "nvhinicial": 0, "nvhprimario": 0, "nvhsecundario": 0, "tallerartist": 0, "servcomplem": 0 }, "geometry": { "type": "MultiPoint", "coordinates": [ [ -60.440551501224604, -26.791131985776381 ] ] } },
{ "type": "Feature", "properties": { "id": 199, "gid": 41823, "cueanexo": "220259500", "nombre": "U.E.G.P Nº 202 - SNU", "domicilio": "MARIANO MORENO 1158 CENTRO", "sector": "Privado", "modcomun": "1", "modespecial": "0", "modadultos": "0", "nvcjmaternal": 0, "nvcjinfantes": 0, "nvcprimario": 0, "nvcsecundario": 0, "nvcsecundinet": 0, "nvcsnu": 1, "nvcsnuinet": 0, "nvcsnucursos": 0, "nvceductempr": 0, "nvejinfantes": 0, "nveprimario": 0, "nvesecundario": 0, "nveadultos": 0, "nvaprimario": 0, "nvasecundario": 0, "nvaformprofes": 0, "nvaformprofesinet": 0, "nvaalfabetiz": 0, "nvhinicial": 0, "nvhprimario": 0, "nvhsecundario": 0, "tallerartist": 0, "servcomplem": 0 }, "geometry": { "type": "MultiPoint", "coordinates": [ [ -60.439145558790976, -26.781227107888188 ] ] } },
{ "type": "Feature", "properties": { "id": 200, "gid": 41840, "cueanexo": "220261000", "nombre": "P.E. ESJA - SAENZ PEÑA EN EEP 506", "domicilio": "JOSE NIETI 2290 SAN MARTIN FUNCIONA EN E.E.P N°506", "sector": null, "modcomun": null, "modespecial": null, "modadultos": null, "nvcjmaternal": null, "nvcjinfantes": null, "nvcprimario": null, "nvcsecundario": null, "nvcsecundinet": null, "nvcsnu": null, "nvcsnuinet": null, "nvcsnucursos": null, "nvceductempr": null, "nvejinfantes": null, "nveprimario": null, "nvesecundario": null, "nveadultos": null, "nvaprimario": null, "nvasecundario": null, "nvaformprofes": null, "nvaformprofesinet": null, "nvaalfabetiz": null, "nvhinicial": null, "nvhprimario": null, "nvhsecundario": null, "tallerartist": null, "servcomplem": null }, "geometry": { "type": "MultiPoint", "coordinates": [ [ -60.430926040416054, -26.771009426758525 ] ] } },
{ "type": "Feature", "properties": { "id": 201, "gid": 41847, "cueanexo": "220261700", "nombre": "U.E.G.P Nº 139 (UEP Nº 139) INSTITUTO SUPERIOR CERVANTES", "domicilio": "MARIANO MORENO 850  E/17 Y 19", "sector": "Privado", "modcomun": "0", "modespecial": "0", "modadultos": "1", "nvcjmaternal": 0, "nvcjinfantes": 0, "nvcprimario": 0, "nvcsecundario": 0, "nvcsecundinet": 0, "nvcsnu": 0, "nvcsnuinet": 0, "nvcsnucursos": 0, "nvceductempr": 0, "nvejinfantes": 0, "nveprimario": 0, "nvesecundario": 0, "nveadultos": 0, "nvaprimario": 0, "nvasecundario": 1, "nvaformprofes": 0, "nvaformprofesinet": 0, "nvaalfabetiz": 0, "nvhinicial": 0, "nvhprimario": 0, "nvhsecundario": 0, "tallerartist": 0, "servcomplem": 0 }, "geometry": { "type": "MultiPoint", "coordinates": [ [ -60.440559850503433, -26.784277968785254 ] ] } },
{ "type": "Feature", "properties": { "id": 202, "gid": 41848, "cueanexo": "220261800", "nombre": "U.E.G.P Nº 211 - DESPERTARES HIJOS DEL ALMA", "domicilio": "MARIANO  MORENO 1796", "sector": "Privado", "modcomun": "0", "modespecial": "1", "modadultos": "0", "nvcjmaternal": 0, "nvcjinfantes": 0, "nvcprimario": 0, "nvcsecundario": 0, "nvcsecundinet": 0, "nvcsnu": 0, "nvcsnuinet": 0, "nvcsnucursos": 0, "nvceductempr": 0, "nvejinfantes": 0, "nveprimario": 0, "nvesecundario": 0, "nveadultos": 1, "nvaprimario": 0, "nvasecundario": 0, "nvaformprofes": 0, "nvaformprofesinet": 0, "nvaalfabetiz": 0, "nvhinicial": 0, "nvhprimario": 0, "nvhsecundario": 0, "tallerartist": 0, "servcomplem": 0 }, "geometry": { "type": "MultiPoint", "coordinates": [ [ -60.436238316524744, -26.7745708139839 ] ] } },
{ "type": "Feature", "properties": { "id": 203, "gid": 41878, "cueanexo": "220264600", "nombre": "P.E. ESJA - SAENZ PEÑA EN EEP 369", "domicilio": "LAVALLE 1054 SARMIENTO FUNCIONA EN E.E.P N°369", "sector": null, "modcomun": null, "modespecial": null, "modadultos": null, "nvcjmaternal": null, "nvcjinfantes": null, "nvcprimario": null, "nvcsecundario": null, "nvcsecundinet": null, "nvcsnu": null, "nvcsnuinet": null, "nvcsnucursos": null, "nvceductempr": null, "nvejinfantes": null, "nveprimario": null, "nvesecundario": null, "nveadultos": null, "nvaprimario": null, "nvasecundario": null, "nvaformprofes": null, "nvaformprofesinet": null, "nvaalfabetiz": null, "nvhinicial": null, "nvhprimario": null, "nvhsecundario": null, "tallerartist": null, "servcomplem": null }, "geometry": { "type": "MultiPoint", "coordinates": [ [ -60.458688110962235, -26.793081120898975 ] ] } },
{ "type": "Feature", "properties": { "id": 204, "gid": 41895, "cueanexo": "220266300", "nombre": "U.E.G.P Nº 231 - ALBA NORA SOSA DE JOHANSSON", "domicilio": "CALLE 335  NAM QOM", "sector": "Privado", "modcomun": "1", "modespecial": "0", "modadultos": "0", "nvcjmaternal": 0, "nvcjinfantes": 1, "nvcprimario": 0, "nvcsecundario": 0, "nvcsecundinet": 0, "nvcsnu": 0, "nvcsnuinet": 0, "nvcsnucursos": 0, "nvceductempr": 0, "nvejinfantes": 0, "nveprimario": 0, "nvesecundario": 0, "nveadultos": 0, "nvaprimario": 0, "nvasecundario": 0, "nvaformprofes": 0, "nvaformprofesinet": 0, "nvaalfabetiz": 0, "nvhinicial": 0, "nvhprimario": 0, "nvhsecundario": 0, "tallerartist": 0, "servcomplem": 0 }, "geometry": { "type": "MultiPoint", "coordinates": [ [ -60.42139251450368, -26.780243591456539 ] ] } },
{ "type": "Feature", "properties": { "id": 205, "gid": 41932, "cueanexo": "220270000", "nombre": "U.E.G.P Nº 190 (UEP Nº 190) COLEGIO CRISTIANO BILINGUE PUERTA DE ESPERANZA", "domicilio": "Julio A. Roca 1145 Ensanche Sur", "sector": "Privado", "modcomun": "1", "modespecial": "0", "modadultos": "0", "nvcjmaternal": 0, "nvcjinfantes": 0, "nvcprimario": 1, "nvcsecundario": 0, "nvcsecundinet": 0, "nvcsnu": 0, "nvcsnuinet": 0, "nvcsnucursos": 0, "nvceductempr": 0, "nvejinfantes": 0, "nveprimario": 0, "nvesecundario": 0, "nveadultos": 0, "nvaprimario": 0, "nvasecundario": 0, "nvaformprofes": 0, "nvaformprofesinet": 0, "nvaalfabetiz": 0, "nvhinicial": 0, "nvhprimario": 0, "nvhsecundario": 0, "tallerartist": 0, "servcomplem": 0 }, "geometry": { "type": "MultiPoint", "coordinates": [ [ -60.447767233316405, -26.793854710266768 ] ] } },
{ "type": "Feature", "properties": { "id": 206, "gid": 41935, "cueanexo": "220270300", "nombre": "U.E.G.P Nº 55 (UEP Nº 55) INSTITUTO DON ORIONE", "domicilio": "DON ORIONE 298 ORO BLANCO", "sector": "Privado", "modcomun": "0", "modespecial": "0", "modadultos": "0", "nvcjmaternal": 0, "nvcjinfantes": 0, "nvcprimario": 0, "nvcsecundario": 0, "nvcsecundinet": 0, "nvcsnu": 0, "nvcsnuinet": 0, "nvcsnucursos": 0, "nvceductempr": 0, "nvejinfantes": 0, "nveprimario": 0, "nvesecundario": 0, "nveadultos": 0, "nvaprimario": 0, "nvasecundario": 0, "nvaformprofes": 0, "nvaformprofesinet": 0, "nvaalfabetiz": 0, "nvhinicial": 0, "nvhprimario": 0, "nvhsecundario": 0, "tallerartist": 0, "servcomplem": 0 }, "geometry": { "type": "MultiPoint", "coordinates": [ [ -60.448191634288023, -26.795690067153927 ] ] } },
{ "type": "Feature", "properties": { "id": 207, "gid": 41943, "cueanexo": "220271100", "nombre": "U.E.G.P Nº 188 (UEP Nº 188) CHACO AUSTRAL", "domicilio": "Cmte. Fernandez 755", "sector": "Privado", "modcomun": "1", "modespecial": "0", "modadultos": "0", "nvcjmaternal": 0, "nvcjinfantes": 0, "nvcprimario": 0, "nvcsecundario": 0, "nvcsecundinet": 0, "nvcsnu": 1, "nvcsnuinet": 0, "nvcsnucursos": 0, "nvceductempr": 0, "nvejinfantes": 0, "nveprimario": 0, "nvesecundario": 0, "nveadultos": 0, "nvaprimario": 0, "nvasecundario": 0, "nvaformprofes": 0, "nvaformprofesinet": 0, "nvaalfabetiz": 0, "nvhinicial": 0, "nvhprimario": 0, "nvhsecundario": 0, "tallerartist": 0, "servcomplem": 0 }, "geometry": { "type": "MultiPoint", "coordinates": [ [ -60.447067863245628, -26.801576046536923 ] ] } },
{ "type": "Feature", "properties": { "id": 208, "gid": 41952, "cueanexo": "220272000", "nombre": "U.E.G.P Nº 35 (UEP Nº 35) INSTITUTO ADVENTISTA RAFAEL OBLIGADO", "domicilio": "LOS CEIBOS 1801 LOMA LINDA", "sector": "Privado", "modcomun": "1", "modespecial": "0", "modadultos": "0", "nvcjmaternal": 0, "nvcjinfantes": 1, "nvcprimario": 0, "nvcsecundario": 0, "nvcsecundinet": 0, "nvcsnu": 0, "nvcsnuinet": 0, "nvcsnucursos": 0, "nvceductempr": 0, "nvejinfantes": 0, "nveprimario": 0, "nvesecundario": 0, "nveadultos": 0, "nvaprimario": 0, "nvasecundario": 0, "nvaformprofes": 0, "nvaformprofesinet": 0, "nvaalfabetiz": 0, "nvhinicial": 0, "nvhprimario": 0, "nvhsecundario": 0, "tallerartist": 0, "servcomplem": 0 }, "geometry": { "type": "MultiPoint", "coordinates": [ [ -60.417768446983942, -26.807422419197874 ] ] } },
{ "type": "Feature", "properties": { "id": 209, "gid": 41955, "cueanexo": "220272300", "nombre": "U.E.G.P Nº 243 -PASITO A PASO-\t", "domicilio": "LOPEZ Y PLANES  549", "sector": "Privado", "modcomun": "1", "modespecial": "0", "modadultos": "0", "nvcjmaternal": 0, "nvcjinfantes": 1, "nvcprimario": 0, "nvcsecundario": 0, "nvcsecundinet": 0, "nvcsnu": 0, "nvcsnuinet": 0, "nvcsnucursos": 0, "nvceductempr": 0, "nvejinfantes": 0, "nveprimario": 0, "nvesecundario": 0, "nveadultos": 0, "nvaprimario": 0, "nvasecundario": 0, "nvaformprofes": 0, "nvaformprofesinet": 0, "nvaalfabetiz": 0, "nvhinicial": 0, "nvhprimario": 0, "nvhsecundario": 0, "tallerartist": 0, "servcomplem": 0 }, "geometry": { "type": "MultiPoint", "coordinates": [ [ -60.439171967736655, -26.783179541158056 ] ] } },
{ "type": "Feature", "properties": { "id": 210, "gid": 41960, "cueanexo": "220272800", "nombre": "U.E.G.P Nº 238 -PEREZ LEONET-", "domicilio": "Pibernus 1141", "sector": "Privado", "modcomun": "1", "modespecial": "0", "modadultos": "0", "nvcjmaternal": 0, "nvcjinfantes": 0, "nvcprimario": 0, "nvcsecundario": 0, "nvcsecundinet": 0, "nvcsnu": 1, "nvcsnuinet": 0, "nvcsnucursos": 0, "nvceductempr": 0, "nvejinfantes": 0, "nveprimario": 0, "nvesecundario": 0, "nveadultos": 0, "nvaprimario": 0, "nvasecundario": 0, "nvaformprofes": 0, "nvaformprofesinet": 0, "nvaalfabetiz": 0, "nvhinicial": 0, "nvhprimario": 0, "nvhsecundario": 0, "tallerartist": 0, "servcomplem": 0 }, "geometry": { "type": "MultiPoint", "coordinates": [ [ -60.430693727326819, -26.784261939762462 ] ] } },
{ "type": "Feature", "properties": { "id": 211, "gid": 41975, "cueanexo": "220274300", "nombre": "U.E.G.P Nº 169 -SECUNDARIA-", "domicilio": "Pibernus 1141 SANTA TERESITA Comparte edificio con la primaria", "sector": "Privado", "modcomun": "1", "modespecial": "0", "modadultos": "0", "nvcjmaternal": 0, "nvcjinfantes": 0, "nvcprimario": 0, "nvcsecundario": 1, "nvcsecundinet": 0, "nvcsnu": 0, "nvcsnuinet": 0, "nvcsnucursos": 0, "nvceductempr": 0, "nvejinfantes": 0, "nveprimario": 0, "nvesecundario": 0, "nveadultos": 0, "nvaprimario": 0, "nvasecundario": 0, "nvaformprofes": 0, "nvaformprofesinet": 0, "nvaalfabetiz": 0, "nvhinicial": 0, "nvhprimario": 0, "nvhsecundario": 0, "tallerartist": 0, "servcomplem": 0 }, "geometry": { "type": "MultiPoint", "coordinates": [ [ -60.4306856, -26.7841965 ] ] } },
{ "type": "Feature", "properties": { "id": 212, "gid": 41979, "cueanexo": "220274600", "nombre": "P.E. ACERCANDOTE A LA SECUNDARIA", "domicilio": "Comandante Fernandez 755", "sector": null, "modcomun": null, "modespecial": null, "modadultos": null, "nvcjmaternal": null, "nvcjinfantes": null, "nvcprimario": null, "nvcsecundario": null, "nvcsecundinet": null, "nvcsnu": null, "nvcsnuinet": null, "nvcsnucursos": null, "nvceductempr": null, "nvejinfantes": null, "nveprimario": null, "nvesecundario": null, "nveadultos": null, "nvaprimario": null, "nvasecundario": null, "nvaformprofes": null, "nvaformprofesinet": null, "nvaalfabetiz": null, "nvhinicial": null, "nvhprimario": null, "nvhsecundario": null, "tallerartist": null, "servcomplem": null }, "geometry": { "type": "MultiPoint", "coordinates": [ [ -60.446655, -26.8015604 ] ] } },
{ "type": "Feature", "properties": { "id": 213, "gid": 42000, "cueanexo": "220275700", "nombre": "U.E.G.P Nº 169 -F.P-", "domicilio": "PIBERNUS 1141", "sector": "Privado", "modcomun": "0", "modespecial": "0", "modadultos": "1", "nvcjmaternal": 0, "nvcjinfantes": 0, "nvcprimario": 0, "nvcsecundario": 0, "nvcsecundinet": 0, "nvcsnu": 0, "nvcsnuinet": 0, "nvcsnucursos": 0, "nvceductempr": 0, "nvejinfantes": 0, "nveprimario": 0, "nvesecundario": 0, "nveadultos": 0, "nvaprimario": 0, "nvasecundario": 0, "nvaformprofes": 1, "nvaformprofesinet": 0, "nvaalfabetiz": 0, "nvhinicial": 0, "nvhprimario": 0, "nvhsecundario": 0, "tallerartist": 0, "servcomplem": 0 }, "geometry": { "type": "MultiPoint", "coordinates": [ [ -60.4306843, -26.7842001 ] ] } },
{ "type": "Feature", "properties": { "id": 214, "gid": 42040, "cueanexo": "220279500", "nombre": "U.E.G.P Nº 251 S.N.U", "domicilio": null, "sector": "Privado", "modcomun": "1", "modespecial": "0", "modadultos": "0", "nvcjmaternal": 0, "nvcjinfantes": 0, "nvcprimario": 0, "nvcsecundario": 0, "nvcsecundinet": 0, "nvcsnu": 1, "nvcsnuinet": 0, "nvcsnucursos": 0, "nvceductempr": 0, "nvejinfantes": 0, "nveprimario": 0, "nvesecundario": 0, "nveadultos": 0, "nvaprimario": 0, "nvasecundario": 0, "nvaformprofes": 0, "nvaformprofesinet": 0, "nvaalfabetiz": 0, "nvhinicial": 0, "nvhprimario": 0, "nvhsecundario": 0, "tallerartist": 0, "servcomplem": 0 }, "geometry": { "type": "MultiPoint", "coordinates": [ [ -60.4413109, -26.7909515 ] ] } }
]
}
