{
"type": "FeatureCollection",
"name": "asentamientos_amgr",
"crs": { "type": "name", "properties": { "name": "urn:ogc:def:crs:OGC:1.3:CRS84" } },
"features": [
{ "type": "Feature", "properties": { "Barrios": "EL PALMARCITO", "Municipio": "Puerto Vilelas", "ID": 1, "Área": 86022.0, "Perímetro": 1848.013 }, "geometry": { "type": "MultiPolygon", "coordinates": [ [ [ [ -58.947861722276436, -27.512673068482318 ], [ -58.947517194990546, -27.512731519038262 ], [ -58.947373007302076, -27.513235103883662 ], [ -58.947288091591062, -27.514754879726407 ], [ -58.946519420036182, -27.514485766420648 ], [ -58.946079034696837, -27.514718561942995 ], [ -58.945544557644737, -27.514849589620475 ], [ -58.945168824035242, -27.51531123903526 ], [ -58.946781813999962, -27.516078984723514 ], [ -58.947567510414643, -27.519178179552867 ], [ -58.948390307276419, -27.519180456173483 ], [ -58.947861722276436, -27.512673068482318 ] ] ] ] } },
{ "type": "Feature", "properties": { "Barrios": "VEINTICUATRO DE DICIEMBRE", "Municipio": "Resistencia", "ID": 2, "Área": 53449.0, "Perímetro": 1157.255 }, "geometry": { "type": "MultiPolygon", "coordinates": [ [ [ [ -58.958064144796261, -27.462586771508533 ], [ -58.958123501746698, -27.462692054585098 ], [ -58.958478058078555, -27.462684360043642 ], [ -58.958901668995566, -27.462738276419199 ], [ -58.961260054585132, -27.460747472707393 ], [ -58.960488138209563, -27.460068556331823 ], [ -58.960177221834037, -27.459839472707355 ], [ -58.95948, -27.460714 ], [ -58.95881108362439, -27.461272389082897 ], [ -58.958140167248857, -27.46169308362439 ], [ -58.957419, -27.462055778165915 ], [ -58.95697994541478, -27.462214443668056 ], [ -58.956871, -27.462233 ], [ -58.956962, -27.462748 ], [ -58.957617, -27.462702 ], [ -58.958064144796261, -27.462586771508533 ] ] ] ] } },
{ "type": "Feature", "properties": { "Barrios": "MOLINA PUNTA", "Municipio": "Resistencia", "ID": 3, "Área": 41089.0, "Perímetro": 886.421 }, "geometry": { "type": "MultiPolygon", "coordinates": [ [ [ [ -58.959538201231041, -27.463005810349099 ], [ -58.959987, -27.463222 ], [ -58.960353, -27.463258 ], [ -58.960818, -27.462921 ], [ -58.961522862999971, -27.462384791999966 ], [ -58.962243110999964, -27.461695358999975 ], [ -58.961268, -27.460816 ], [ -58.961188, -27.460888 ], [ -58.959003, -27.462748 ], [ -58.958904, -27.462893 ], [ -58.95928, -27.463164 ], [ -58.959538201231041, -27.463005810349099 ] ] ] ] } },
{ "type": "Feature", "properties": { "Barrios": "BARRIO OBRERO", "Municipio": "Puerto Vilelas", "ID": 4, "Área": 8232.0, "Perímetro": 370.243 }, "geometry": { "type": "MultiPolygon", "coordinates": [ [ [ [ -58.943393721575681, -27.518564194407475 ], [ -58.942805733701711, -27.518101000239451 ], [ -58.942462802949613, -27.517815601735197 ], [ -58.941977449663781, -27.518183747315099 ], [ -58.942008134899119, -27.518270955033593 ], [ -58.942065522483141, -27.518410657382283 ], [ -58.942133044966333, -27.518564820134401 ], [ -58.942425, -27.518650865100785 ], [ -58.943003488256295, -27.518820892953727 ], [ -58.943393721575681, -27.518564194407475 ] ] ] ] } },
{ "type": "Feature", "properties": { "Barrios": "CONTINUACIÓN DE 152 VIVIENDAS", "Municipio": "Barranqueras", "ID": 5, "Área": 87681.0, "Perímetro": 1830.183 }, "geometry": { "type": "MultiPolygon", "coordinates": [ [ [ [ -58.957093, -27.507206 ], [ -58.955349, -27.505707 ], [ -58.954866, -27.506135 ], [ -58.955188, -27.506658 ], [ -58.956004, -27.508638 ], [ -58.955902, -27.5087 ], [ -58.955993, -27.508885 ], [ -58.956111, -27.508852 ], [ -58.956449, -27.509842 ], [ -58.957029, -27.509632 ], [ -58.957179, -27.510003 ], [ -58.958375, -27.509489 ], [ -58.958906, -27.508866 ], [ -58.959234, -27.508519 ], [ -58.959427, -27.507424 ], [ -58.958912, -27.507334 ], [ -58.958836, -27.508447 ], [ -58.958289, -27.508704 ], [ -58.957388, -27.507582 ], [ -58.957742, -27.507215 ], [ -58.957415, -27.506739 ], [ -58.957093, -27.507206 ] ] ] ] } },
{ "type": "Feature", "properties": { "Barrios": "EX FERROCARRIL 1", "Municipio": "Puerto Vilelas", "ID": 6, "Área": 220186.0, "Perímetro": 2004.778 }, "geometry": { "type": "MultiPolygon", "coordinates": [ [ [ [ -58.936422, -27.509752 ], [ -58.936708, -27.509353 ], [ -58.936906, -27.509304 ], [ -58.937161784973725, -27.509361913989459 ], [ -58.937230665826625, -27.509370929746069 ], [ -58.937316226736186, -27.507892377185907 ], [ -58.93694897170213, -27.507922268455683 ], [ -58.936921371768406, -27.507651209410458 ], [ -58.936896, -27.507479 ], [ -58.936783215292046, -27.505923581178926 ], [ -58.936776692088891, -27.505685897535752 ], [ -58.936589248071122, -27.505374143110242 ], [ -58.936344508677294, -27.504982520483765 ], [ -58.93605781701951, -27.504582312827942 ], [ -58.935950212392342, -27.504445467123205 ], [ -58.935881906055258, -27.504306306743636 ], [ -58.935834823847529, -27.504163300002229 ], [ -58.935911698810372, -27.503851929421113 ], [ -58.934975497905214, -27.504099364495122 ], [ -58.934730636091636, -27.504180422198925 ], [ -58.934548256258076, -27.504259791200568 ], [ -58.934362499020189, -27.504352669819511 ], [ -58.934114822702995, -27.504515348127839 ], [ -58.933920557652641, -27.504682395294719 ], [ -58.933871649591602, -27.504763024445023 ], [ -58.933807478909422, -27.504883485199286 ], [ -58.933774830667602, -27.505008449159327 ], [ -58.933771430360466, -27.505206162376535 ], [ -58.932482023526227, -27.506048790589457 ], [ -58.933297, -27.508349 ], [ -58.93398097647367, -27.510084232936748 ], [ -58.935094820266634, -27.50964080232723 ], [ -58.935309298032706, -27.509977736723165 ], [ -58.935536709923937, -27.510207400217279 ], [ -58.935694322125784, -27.51029746433262 ], [ -58.935842927916092, -27.510243425863415 ], [ -58.935939, -27.510148 ], [ -58.936422, -27.509752 ] ] ] ] } },
{ "type": "Feature", "properties": { "Barrios": "EX FERROCARRIL 2", "Municipio": "Puerto Vilelas", "ID": 7, "Área": 36168.0, "Perímetro": 1271.836 }, "geometry": { "type": "MultiPolygon", "coordinates": [ [ [ [ -58.936841994999952, -27.514510147999943 ], [ -58.937161784973725, -27.509361913989459 ], [ -58.936906, -27.509304 ], [ -58.936708, -27.509353 ], [ -58.936422, -27.509752 ], [ -58.935939, -27.510148 ], [ -58.936396, -27.511342 ], [ -58.936518, -27.512024 ], [ -58.936333, -27.514453 ], [ -58.936841994999952, -27.514510147999943 ] ] ] ] } },
{ "type": "Feature", "properties": { "Barrios": "LA CALLE ITALIA", "Municipio": "Fontana", "ID": 8, "Área": 7090.0, "Perímetro": 386.858 }, "geometry": { "type": "MultiPolygon", "coordinates": [ [ [ [ -59.036307462882462, -27.402310362445292 ], [ -59.035953637554599, -27.402028812226774 ], [ -59.034916449781406, -27.402921637554584 ], [ -59.03527908733605, -27.403255187773141 ], [ -59.036307462882462, -27.402310362445292 ] ] ] ] } },
{ "type": "Feature", "properties": { "Barrios": "SAN ANTONIO", "Municipio": "Resistencia", "ID": 9, "Área": 141126.0, "Perímetro": 1630.415 }, "geometry": { "type": "MultiPolygon", "coordinates": [ [ [ [ -58.968392, -27.49888 ], [ -58.968857755876016, -27.49933849587406 ], [ -58.970453416593834, -27.50072080960696 ], [ -58.971525759851843, -27.499777639440865 ], [ -58.972631550283467, -27.49895672202825 ], [ -58.973106574680195, -27.49857006871876 ], [ -58.973895, -27.497864 ], [ -58.971779773799078, -27.495927773799099 ], [ -58.97164938190646, -27.496021502934529 ], [ -58.971255550337382, -27.495666733237559 ], [ -58.970807717408512, -27.496072491376339 ], [ -58.971191966904257, -27.496449995105099 ], [ -58.968392, -27.49888 ] ] ] ] } },
{ "type": "Feature", "properties": { "Barrios": "EDISON", "Municipio": "Resistencia", "ID": 10, "Área": 60697.0, "Perímetro": 1136.809 }, "geometry": { "type": "MultiPolygon", "coordinates": [ [ [ [ -58.966627310480284, -27.495812 ], [ -58.968278, -27.497308 ], [ -58.968857949429932, -27.496826765366578 ], [ -58.969149061159406, -27.496759193559846 ], [ -58.969201479579603, -27.496565896356501 ], [ -58.969426276200856, -27.496343689519588 ], [ -58.969437414965192, -27.496278974461028 ], [ -58.968590076764208, -27.495532104806333 ], [ -58.968464, -27.495559 ], [ -58.967694723799077, -27.494937826637507 ], [ -58.968089792358022, -27.494558068558906 ], [ -58.96809809544169, -27.494489061216914 ], [ -58.967269758078587, -27.493773586681158 ], [ -58.965789965720511, -27.49506 ], [ -58.966627310480284, -27.495812 ] ] ] ] } },
{ "type": "Feature", "properties": { "Barrios": "NUEVO AMANECER", "Municipio": "Resistencia", "ID": 11, "Área": 62247.0, "Perímetro": 1015.195 }, "geometry": { "type": "MultiPolygon", "coordinates": [ [ [ [ -58.973711, -27.498148 ], [ -58.971406, -27.499947 ], [ -58.972883, -27.501321 ], [ -58.975104, -27.499504 ], [ -58.973711, -27.498148 ] ] ] ] } },
{ "type": "Feature", "properties": { "Barrios": "SANTA CLARA", "Municipio": "Resistencia", "ID": 12, "Área": 101106.0, "Perímetro": 1318.967 }, "geometry": { "type": "MultiPolygon", "coordinates": [ [ [ [ -58.989770863318732, -27.430134424454124 ], [ -58.989427863318745, -27.429547 ], [ -58.989152920960663, -27.429426302183337 ], [ -58.98834533100429, -27.429178848908265 ], [ -58.987853361575254, -27.429132799892137 ], [ -58.987226596943209, -27.42926113668117 ], [ -58.986885875891318, -27.429379159581043 ], [ -58.986634927947534, -27.429616438864603 ], [ -58.986410144365941, -27.430018035758422 ], [ -58.98631383449775, -27.43035219432311 ], [ -58.986350546724836, -27.43114686331872 ], [ -58.986534915411468, -27.431442288613248 ], [ -58.986788971178981, -27.431662093449759 ], [ -58.987214726637525, -27.432351467685528 ], [ -58.987345351839359, -27.432765126430457 ], [ -58.987236381222679, -27.432887244541448 ], [ -58.987622726637525, -27.43322415109165 ], [ -58.987891, -27.433016 ], [ -58.98854628777287, -27.433330575545781 ], [ -58.98855, -27.432309 ], [ -58.989162989375849, -27.431232328391761 ], [ -58.989227635064623, -27.431174389941621 ], [ -58.989770863318732, -27.430134424454124 ] ] ] ] } },
{ "type": "Feature", "properties": { "Barrios": "PRIMAVERA", "Municipio": "Resistencia", "ID": 13, "Área": 111871.0, "Perímetro": 1731.36 }, "geometry": { "type": "MultiPolygon", "coordinates": [ [ [ [ -59.021834, -27.465603 ], [ -59.020963697506041, -27.464914207881723 ], [ -59.018502389648781, -27.467133556661487 ], [ -59.020963697506048, -27.469277814693069 ], [ -59.0216, -27.468735 ], [ -59.02101, -27.468264 ], [ -59.021362095642274, -27.467953297329203 ], [ -59.02168, -27.468207 ], [ -59.02212, -27.467836 ], [ -59.021794, -27.467569 ], [ -59.022474, -27.466998 ], [ -59.023408, -27.467707 ], [ -59.023858, -27.467288 ], [ -59.023656, -27.467084 ], [ -59.023146, -27.466651 ], [ -59.023065, -27.466417 ], [ -59.022719, -27.466144 ], [ -59.022588, -27.466244 ], [ -59.021834, -27.465603 ] ] ] ] } },
{ "type": "Feature", "properties": { "Barrios": "SAN JOSÉ OBRERO", "Municipio": "Resistencia", "ID": 14, "Área": 17242.0, "Perímetro": 599.971 }, "geometry": { "type": "MultiPolygon", "coordinates": [ [ [ [ -59.034638762619657, -27.462888143929497 ], [ -59.034082065205205, -27.463378141397335 ], [ -59.035672076200839, -27.464799847598236 ], [ -59.036230933187746, -27.46430754279471 ], [ -59.034638762619657, -27.462888143929497 ] ] ] ] } },
{ "type": "Feature", "properties": { "Barrios": "EL AROMITO", "Municipio": "Resistencia", "ID": 15, "Área": 14956.0, "Perímetro": 489.305 }, "geometry": { "type": "MultiPolygon", "coordinates": [ [ [ [ -59.006343, -27.478273 ], [ -59.007192, -27.479098 ], [ -59.00809160436679, -27.478318042794722 ], [ -59.007182737991236, -27.477536176419189 ], [ -59.006343, -27.478273 ] ] ] ] } },
{ "type": "Feature", "properties": { "Barrios": "VILLA DON ANDRÉS 1", "Municipio": "Resistencia", "ID": 16, "Área": 36646.0, "Perímetro": 805.063 }, "geometry": { "type": "MultiPolygon", "coordinates": [ [ [ [ -58.997232651746693, -27.486257651746659 ], [ -58.998208610261976, -27.487162741266356 ], [ -59.000128262008708, -27.485490520742317 ], [ -58.999128217248881, -27.484608303493431 ], [ -58.997232651746693, -27.486257651746659 ] ] ] ] } },
{ "type": "Feature", "properties": { "Barrios": "DON RAFAEL", "Municipio": "Resistencia", "ID": 17, "Área": 7873.0, "Perímetro": 377.672 }, "geometry": { "type": "MultiPolygon", "coordinates": [ [ [ [ -58.969493846346019, -27.45579638455127 ], [ -58.968958084011952, -27.45537588217902 ], [ -58.96803859394754, -27.456199066076362 ], [ -58.968198768269616, -27.456410230897337 ], [ -58.968673, -27.456369 ], [ -58.969493846346019, -27.45579638455127 ] ] ] ] } },
{ "type": "Feature", "properties": { "Barrios": "EX CONVENTILLO", "Municipio": "Puerto Vilelas", "ID": 18, "Área": 88659.0, "Perímetro": 2413.686 }, "geometry": { "type": "MultiPolygon", "coordinates": [ [ [ [ -58.935689692576375, -27.519148980567643 ], [ -58.934919346288183, -27.519013980567642 ], [ -58.934235, -27.521163 ], [ -58.929831, -27.525148 ], [ -58.930160346288147, -27.525391346288156 ], [ -58.93149618791216, -27.524233002679956 ], [ -58.931672286081358, -27.524229866248422 ], [ -58.934411, -27.521904 ], [ -58.935409, -27.522613 ], [ -58.934885, -27.523303 ], [ -58.935208, -27.523675 ], [ -58.936519, -27.522278 ], [ -58.935733, -27.521489 ], [ -58.935548, -27.520776 ], [ -58.935689692576375, -27.519148980567643 ] ] ] ] } },
{ "type": "Feature", "properties": { "Barrios": "DEL APLOMO", "Municipio": "Puerto Vilelas", "ID": 19, "Área": 156105.0, "Perímetro": 3710.742 }, "geometry": { "type": "MultiPolygon", "coordinates": [ [ [ [ -58.934496180703491, -27.527790821868496 ], [ -58.934638894834251, -27.527658367987822 ], [ -58.935456115781847, -27.526899900096097 ], [ -58.935803729073378, -27.52657727801801 ], [ -58.936023610549277, -27.5269445637948 ], [ -58.936447096246113, -27.526728029579079 ], [ -58.93620414677757, -27.526194148307873 ], [ -58.936906, -27.525489 ], [ -58.936615475737149, -27.525273233791538 ], [ -58.937545, -27.524356 ], [ -58.937793, -27.524572 ], [ -58.938202, -27.524204 ], [ -58.937539, -27.523588 ], [ -58.936083216635701, -27.524877936245336 ], [ -58.927273770306677, -27.532702340427512 ], [ -58.927725, -27.533135 ], [ -58.931356, -27.530065 ], [ -58.933206, -27.531572 ], [ -58.9335278627318, -27.531270323676782 ], [ -58.933650996622632, -27.531157528520328 ], [ -58.932215, -27.529908 ], [ -58.932388018690219, -27.529747420267412 ], [ -58.933993, -27.528259 ], [ -58.934166, -27.528451 ], [ -58.934809, -27.528062 ], [ -58.934496180703491, -27.527790821868496 ] ] ] ] } },
{ "type": "Feature", "properties": { "Barrios": "PRIMERO DE NOVIEMBRE", "Municipio": "Resistencia", "ID": 20, "Área": 14720.0, "Perímetro": 487.443 }, "geometry": { "type": "MultiPolygon", "coordinates": [ [ [ [ -59.018566, -27.47376 ], [ -59.017639, -27.472906 ], [ -59.016812, -27.473632 ], [ -59.017814, -27.474451 ], [ -59.018566, -27.47376 ] ] ] ] } },
{ "type": "Feature", "properties": { "Barrios": "VILLA FACUNDO 2", "Municipio": "Resistencia", "ID": 21, "Área": 47437.0, "Perímetro": 1115.578 }, "geometry": { "type": "MultiPolygon", "coordinates": [ [ [ [ -59.012505265502156, -27.476036679912593 ], [ -59.011603, -27.475216 ], [ -59.011083449126595, -27.475629523580736 ], [ -59.010472947551847, -27.474973185756593 ], [ -59.010163632751066, -27.474703578165876 ], [ -59.008536, -27.47616 ], [ -59.009516, -27.477077 ], [ -59.010734210917008, -27.476003578165891 ], [ -59.011635816375531, -27.476791367248843 ], [ -59.012505265502156, -27.476036679912593 ] ] ] ] } },
{ "type": "Feature", "properties": { "Barrios": "PARAJE LAS 5 BOCAS", "Municipio": "Puerto Vilelas", "ID": 22, "Área": 179462.0, "Perímetro": 3035.669 }, "geometry": { "type": "MultiPolygon", "coordinates": [ [ [ [ -58.911773, -27.535046 ], [ -58.911779, -27.535011 ], [ -58.910720682642356, -27.534909688251492 ], [ -58.910509, -27.535139 ], [ -58.91023, -27.53512 ], [ -58.909946, -27.535866 ], [ -58.910418, -27.535981 ], [ -58.910088, -27.537025 ], [ -58.909439, -27.539158 ], [ -58.908428, -27.539148 ], [ -58.908414, -27.539993 ], [ -58.909163, -27.540067 ], [ -58.908491, -27.541943 ], [ -58.908014, -27.543555 ], [ -58.907568, -27.545115 ], [ -58.907418, -27.545796 ], [ -58.908175, -27.546114 ], [ -58.908888, -27.544659 ], [ -58.909843, -27.542761 ], [ -58.910433, -27.540996 ], [ -58.91075, -27.539612 ], [ -58.911699, -27.539151 ], [ -58.91097, -27.537938 ], [ -58.911587, -27.535783 ], [ -58.911773, -27.535046 ] ] ] ] } },
{ "type": "Feature", "properties": { "Barrios": "CHACRA 299", "Municipio": "Puerto Vilelas", "ID": 23, "Área": 45078.0, "Perímetro": 1407.915 }, "geometry": { "type": "MultiPolygon", "coordinates": [ [ [ [ -58.938442, -27.52295 ], [ -58.939345123999942, -27.523602232999963 ], [ -58.940324296999961, -27.522789176999936 ], [ -58.940461533999951, -27.52207537399994 ], [ -58.941338, -27.52114 ], [ -58.942133, -27.51955 ], [ -58.94292455623841, -27.519543426039714 ], [ -58.942945843218524, -27.519216713019798 ], [ -58.942198, -27.519219 ], [ -58.942025, -27.519254 ], [ -58.941781, -27.519382 ], [ -58.941598, -27.519642 ], [ -58.941208, -27.520367 ], [ -58.938442, -27.52295 ] ] ] ] } },
{ "type": "Feature", "properties": { "Barrios": "LA CARBONILLA", "Municipio": "Puerto Vilelas", "ID": 24, "Área": 26470.0, "Perímetro": 670.861 }, "geometry": { "type": "MultiPolygon", "coordinates": [ [ [ [ -58.916109261135297, -27.538438261135333 ], [ -58.916470969719882, -27.538800434614512 ], [ -58.916792242794727, -27.539012660261953 ], [ -58.917790757205225, -27.538092320524001 ], [ -58.917409718777265, -27.53783432052397 ], [ -58.917276475982518, -27.537793728384241 ], [ -58.916197, -27.536804 ], [ -58.915524068122231, -27.537444339737938 ], [ -58.916109261135297, -27.538438261135333 ] ] ] ] } },
{ "type": "Feature", "properties": { "Barrios": "UCAL", "Municipio": "Barranqueras", "ID": 25, "Área": 71635.0, "Perímetro": 1522.765 }, "geometry": { "type": "MultiPolygon", "coordinates": [ [ [ [ -58.945954162663696, -27.491611224890807 ], [ -58.945009612445354, -27.492493355021775 ], [ -58.944952, -27.493919 ], [ -58.943187, -27.493916 ], [ -58.943244, -27.496047 ], [ -58.946173, -27.493558 ], [ -58.947186, -27.493642 ], [ -58.947711, -27.493182612445377 ], [ -58.945954162663696, -27.491611224890807 ] ] ] ] } },
{ "type": "Feature", "properties": { "Barrios": "LOTE 23", "Municipio": "Puerto Vilelas", "ID": 26, "Área": 49231.0, "Perímetro": 1260.503 }, "geometry": { "type": "MultiPolygon", "coordinates": [ [ [ [ -58.947455677999983, -27.512800182999968 ], [ -58.946542124999951, -27.512052392999976 ], [ -58.943377, -27.514861 ], [ -58.944405, -27.515818 ], [ -58.944485, -27.515709 ], [ -58.94434, -27.514887 ], [ -58.94463, -27.514488 ], [ -58.945112, -27.514025 ], [ -58.946942, -27.513975 ], [ -58.947455677999983, -27.512800182999968 ] ] ] ] } },
{ "type": "Feature", "properties": { "Barrios": "BARRIO ATLÁNTICO SUR", "Municipio": "Resistencia", "ID": 27, "Área": 29111.0, "Perímetro": 1102.521 }, "geometry": { "type": "MultiPolygon", "coordinates": [ [ [ [ -58.975632919076411, -27.43438184261484 ], [ -58.974657943604988, -27.433542819898399 ], [ -58.974588025045286, -27.433581663542679 ], [ -58.974386038095027, -27.433927371976768 ], [ -58.974304466442042, -27.434082746553887 ], [ -58.974129670042785, -27.434385726979269 ], [ -58.974852161826384, -27.435084912576304 ], [ -58.975632919076411, -27.43438184261484 ] ] ], [ [ [ -58.976948, -27.43263 ], [ -58.977071, -27.432532 ], [ -58.977454, -27.432889 ], [ -58.978042, -27.432485 ], [ -58.977752, -27.432204 ], [ -58.977524, -27.432373 ], [ -58.977232, -27.432113 ], [ -58.977454, -27.431913 ], [ -58.97717, -27.431604 ], [ -58.977249675259038, -27.431529718842487 ], [ -58.976831927044181, -27.431159085087966 ], [ -58.975976, -27.431813 ], [ -58.976948, -27.43263 ] ] ] ] } },
{ "type": "Feature", "properties": { "Barrios": "MARÍA INMACULADA", "Municipio": "Resistencia", "ID": 28, "Área": 88970.0, "Perímetro": 1904.001 }, "geometry": { "type": "MultiPolygon", "coordinates": [ [ [ [ -59.000152, -27.426214 ], [ -58.998397, -27.424705 ], [ -58.999093491823658, -27.42412896729472 ], [ -58.998769, -27.42389 ], [ -58.998447, -27.423871 ], [ -58.998147, -27.423719 ], [ -58.997763665999969, -27.423175350999941 ], [ -58.997367870547983, -27.422893660235982 ], [ -58.996543378488951, -27.422548045262861 ], [ -58.995519034644417, -27.42170076504534 ], [ -58.995288022493234, -27.421916573699598 ], [ -58.996834410603917, -27.423306350892261 ], [ -58.996521360999964, -27.423589006999975 ], [ -58.997029, -27.423981 ], [ -58.996783, -27.424262 ], [ -58.996538, -27.42459 ], [ -58.996725, -27.424709 ], [ -58.996918, -27.4247 ], [ -58.997761, -27.4254 ], [ -58.997128, -27.425971 ], [ -58.998785, -27.427447 ], [ -59.000152, -27.426214 ] ] ] ] } },
{ "type": "Feature", "properties": { "Barrios": "VILLA FUCKSMAN", "Municipio": "Barranqueras", "ID": 29, "Área": 68783.0, "Perímetro": 1106.439 }, "geometry": { "type": "MultiPolygon", "coordinates": [ [ [ [ -58.93697, -27.491547 ], [ -58.934318524454078, -27.493899 ], [ -58.934819552977615, -27.494353319571307 ], [ -58.935224, -27.494661 ], [ -58.935689, -27.494974 ], [ -58.938385377729205, -27.492745097816556 ], [ -58.93697, -27.491547 ] ] ] ] } },
{ "type": "Feature", "properties": { "Barrios": "BARRIO MARÍA CRISTINA", "Municipio": "Barranqueras", "ID": 30, "Área": 340804.0, "Perímetro": 4627.906 }, "geometry": { "type": "MultiPolygon", "coordinates": [ [ [ [ -58.924793, -27.475637 ], [ -58.92226, -27.473352 ], [ -58.92137, -27.474114 ], [ -58.91947, -27.47241 ], [ -58.915382, -27.47597 ], [ -58.915931, -27.47666 ], [ -58.916785, -27.477426 ], [ -58.918163, -27.47864 ], [ -58.91944, -27.479868 ], [ -58.91996, -27.479487 ], [ -58.919349, -27.478578 ], [ -58.919907, -27.478254 ], [ -58.92062, -27.477664 ], [ -58.920888, -27.477345 ], [ -58.920572, -27.477174 ], [ -58.921243, -27.476408 ], [ -58.920888, -27.475822 ], [ -58.921511, -27.47527 ], [ -58.921832, -27.475546 ], [ -58.922433, -27.47507 ], [ -58.922997, -27.47498 ], [ -58.924172, -27.475594 ], [ -58.923463, -27.476255 ], [ -58.923817, -27.47656 ], [ -58.925142, -27.475451 ], [ -58.925524, -27.475125 ], [ -58.925859, -27.475472 ], [ -58.926884, -27.476617 ], [ -58.926006, -27.477412 ], [ -58.925535, -27.477804 ], [ -58.926162, -27.47844 ], [ -58.926326, -27.478787 ], [ -58.926696, -27.479132 ], [ -58.927595, -27.478437 ], [ -58.926948, -27.477524 ], [ -58.926739, -27.477191 ], [ -58.927447, -27.476517 ], [ -58.926597, -27.475739 ], [ -58.925674, -27.474925 ], [ -58.924793, -27.475637 ] ] ] ] } },
{ "type": "Feature", "properties": { "Barrios": "ANUNCIACIÓN", "Municipio": "Fontana", "ID": 31, "Área": 84969.0, "Perímetro": 1423.32 }, "geometry": { "type": "MultiPolygon", "coordinates": [ [ [ [ -59.058798675497442, -27.412484598674467 ], [ -59.059353911257979, -27.411975181456956 ], [ -59.058597409271478, -27.411405953642429 ], [ -59.058355181456974, -27.411521772185452 ], [ -59.058190868873467, -27.411624953642448 ], [ -59.057729231787441, -27.411531907284942 ], [ -59.057309864900454, -27.411376 ], [ -59.057234046357451, -27.411093772185453 ], [ -59.057363227814434, -27.41063840927146 ], [ -59.05761013907243, -27.410206088741965 ], [ -59.057497911257947, -27.409991131126436 ], [ -59.056987264014978, -27.410191485812529 ], [ -59.057078036612268, -27.410324575551133 ], [ -59.054428725827982, -27.411534544370934 ], [ -59.055268819940537, -27.412388123174313 ], [ -59.056681725827971, -27.413624 ], [ -59.057334354967935, -27.412975324502483 ], [ -59.057615932164218, -27.412981744029107 ], [ -59.057916, -27.4129 ], [ -59.058269834404008, -27.412659657365605 ], [ -59.058575133758275, -27.412580233270795 ], [ -59.058798675497442, -27.412484598674467 ] ] ] ] } },
{ "type": "Feature", "properties": { "Barrios": "LOS AROMITOS", "Municipio": "Resistencia", "ID": 32, "Área": 71016.0, "Perímetro": 1204.867 }, "geometry": { "type": "MultiPolygon", "coordinates": [ [ [ [ -58.9917387967579, -27.408499383797825 ], [ -58.992631520202075, -27.409357719696796 ], [ -58.992988339646246, -27.409287959595712 ], [ -58.99601881944416, -27.406626479797843 ], [ -58.994859, -27.405528 ], [ -58.9917387967579, -27.408499383797825 ] ] ] ] } },
{ "type": "Feature", "properties": { "Barrios": "EL TIMBO", "Municipio": "Resistencia", "ID": 33, "Área": 65896.0, "Perímetro": 1790.571 }, "geometry": { "type": "MultiPolygon", "coordinates": [ [ [ [ -58.999422, -27.423833 ], [ -59.000467239401019, -27.4229825635935 ], [ -59.001339154609653, -27.423759324192407 ], [ -59.000704, -27.424324 ], [ -58.99998267580748, -27.424940246887545 ], [ -59.000877281796697, -27.425677563593513 ], [ -59.001440281796697, -27.425166127187012 ], [ -59.001968566117007, -27.424727970053834 ], [ -59.002513042395655, -27.424148915208558 ], [ -59.000205521197813, -27.422076957604251 ], [ -58.999920648384865, -27.421817436406407 ], [ -58.998746372721797, -27.422904661374659 ], [ -58.998963606996462, -27.42312478061822 ], [ -58.998794760598855, -27.423874486288625 ], [ -58.999101164444802, -27.424111839161338 ], [ -59.000001801122949, -27.424895965090787 ], [ -59.000354887785967, -27.42456043640642 ], [ -58.999422, -27.423833 ] ] ] ] } },
{ "type": "Feature", "properties": { "Barrios": "EL BAJO", "Municipio": "Barranqueras", "ID": 34, "Área": 47489.0, "Perímetro": 1204.778 }, "geometry": { "type": "MultiPolygon", "coordinates": [ [ [ [ -58.950477, -27.495624 ], [ -58.947776, -27.493276 ], [ -58.947357, -27.493654 ], [ -58.947574, -27.493811 ], [ -58.947794, -27.493633 ], [ -58.948377, -27.494206 ], [ -58.948728, -27.494561 ], [ -58.94862, -27.494729 ], [ -58.947539, -27.495703 ], [ -58.948489, -27.49644 ], [ -58.94909, -27.496933 ], [ -58.950477, -27.495624 ] ] ] ] } },
{ "type": "Feature", "properties": { "Barrios": "VILLA CHICA", "Municipio": "Resistencia", "ID": 35, "Área": 28094.0, "Perímetro": 672.004 }, "geometry": { "type": "MultiPolygon", "coordinates": [ [ [ [ -59.000071560280183, -27.428003537592257 ], [ -58.998877415592247, -27.429124358063671 ], [ -58.999766142991632, -27.429888884633023 ], [ -58.999894936967614, -27.429924774048089 ], [ -59.000110716127409, -27.430178641936227 ], [ -59.001229905375759, -27.429130358063713 ], [ -59.000982211843009, -27.428864033843315 ], [ -59.000071560280183, -27.428003537592257 ] ] ] ] } },
{ "type": "Feature", "properties": { "Barrios": "VILLA LUISA", "Municipio": "Resistencia", "ID": 36, "Área": 41024.0, "Perímetro": 1089.903 }, "geometry": { "type": "MultiPolygon", "coordinates": [ [ [ [ -59.005732, -27.428884 ], [ -59.004446, -27.427767 ], [ -59.003845, -27.428332 ], [ -59.004252, -27.428745 ], [ -59.00255, -27.430206 ], [ -59.002459, -27.430186 ], [ -59.002355, -27.430112 ], [ -59.002236, -27.430003 ], [ -59.001938, -27.430258 ], [ -59.002043, -27.430405 ], [ -59.002903, -27.430622 ], [ -59.003885503999982, -27.43023220699996 ], [ -59.005455, -27.429215 ], [ -59.005732, -27.428884 ] ] ] ] } },
{ "type": "Feature", "properties": { "Barrios": "LA TOMA", "Municipio": "Barranqueras", "ID": 37, "Área": 155058.0, "Perímetro": 3575.818 }, "geometry": { "type": "MultiPolygon", "coordinates": [ [ [ [ -58.908427, -27.468502 ], [ -58.907392, -27.469054 ], [ -58.906635, -27.468664 ], [ -58.90634, -27.46894 ], [ -58.906823, -27.469378 ], [ -58.906356, -27.469635 ], [ -58.905948, -27.470135 ], [ -58.90515, -27.469587 ], [ -58.905302467996037, -27.469325535364991 ], [ -58.904733467691841, -27.468916460426641 ], [ -58.904568, -27.469168 ], [ -58.904396, -27.469145 ], [ -58.903495, -27.469328 ], [ -58.903044, -27.469421 ], [ -58.902084, -27.468742 ], [ -58.901505, -27.469016 ], [ -58.899849, -27.469054 ], [ -58.899114, -27.467603 ], [ -58.898305625419312, -27.466585820271199 ], [ -58.897676, -27.466598 ], [ -58.897263, -27.466593 ], [ -58.897188, -27.467893 ], [ -58.898063, -27.468317 ], [ -58.89839, -27.468136 ], [ -58.899061, -27.468488 ], [ -58.899753, -27.469387 ], [ -58.900912764257257, -27.46944548480074 ], [ -58.901308567885046, -27.469500314740518 ], [ -58.901606929045954, -27.469578968675251 ], [ -58.902204, -27.469901 ], [ -58.90240002637379, -27.470012631990336 ], [ -58.903609, -27.470506 ], [ -58.904018901423349, -27.470664479720941 ], [ -58.903870948815673, -27.47092073678343 ], [ -58.904189, -27.471072 ], [ -58.90458, -27.470925 ], [ -58.905455, -27.471163 ], [ -58.906022326495012, -27.471441968586682 ], [ -58.906506, -27.471006 ], [ -58.907805, -27.469906 ], [ -58.910197871871816, -27.467879404645778 ], [ -58.910119027947552, -27.46774197205233 ], [ -58.909897656804247, -27.467669660752275 ], [ -58.908427, -27.468502 ] ] ] ] } },
{ "type": "Feature", "properties": { "Barrios": "MAPIC 1", "Municipio": "Resistencia", "ID": 38, "Área": 30603.0, "Perímetro": 1849.444 }, "geometry": { "type": "MultiPolygon", "coordinates": [ [ [ [ -58.983386582713763, -27.401282713940521 ], [ -58.982693129925657, -27.401861681598515 ], [ -58.983128173420077, -27.402264015055763 ], [ -58.983389853717476, -27.402041586802977 ], [ -58.98363845, -27.401534581226766 ], [ -58.983386582713763, -27.401282713940521 ] ] ], [ [ [ -58.984707319737964, -27.400529819702601 ], [ -58.985233080890367, -27.400127404275086 ], [ -58.984912382005611, -27.399828290892192 ], [ -58.986118, -27.39877 ], [ -58.986531294645019, -27.399111343866171 ], [ -58.987157274198928, -27.398547037174723 ], [ -58.986941419180333, -27.398343516728627 ], [ -58.986541, -27.398728 ], [ -58.985846, -27.398256 ], [ -58.985422, -27.398656 ], [ -58.985503, -27.398794 ], [ -58.984591, -27.399713 ], [ -58.984349, -27.399404 ], [ -58.984108, -27.399513 ], [ -58.984328, -27.399966 ], [ -58.983926916356829, -27.400273696612778 ], [ -58.983867424258356, -27.40020841439312 ], [ -58.983727126170443, -27.400321507483419 ], [ -58.98379168775098, -27.400390773737204 ], [ -58.982042, -27.401161 ], [ -58.982306703566984, -27.401440265334557 ], [ -58.982736871782592, -27.401094897304819 ], [ -58.982896, -27.401085 ], [ -58.983627712073059, -27.400633523986738 ], [ -58.9838095813436, -27.40060614581698 ], [ -58.983983434514926, -27.400626954460957 ], [ -58.984420540927559, -27.400261542750929 ], [ -58.984707319737964, -27.400529819702601 ] ] ] ] } },
{ "type": "Feature", "properties": { "Barrios": "JUVENTUD UNIDA", "Municipio": "Resistencia", "ID": 39, "Área": 7049.0, "Perímetro": 345.086 }, "geometry": { "type": "MultiPolygon", "coordinates": [ [ [ [ -58.993694360999939, -27.396338166999954 ], [ -58.994016338999984, -27.397243139999944 ], [ -58.994657701999984, -27.397041746999946 ], [ -58.994316190999939, -27.396127128999979 ], [ -58.993694360999939, -27.396338166999954 ] ] ] ] } },
{ "type": "Feature", "properties": { "Barrios": "VILLA PARAGUAY", "Municipio": "Barranqueras", "ID": 40, "Área": 99245.0, "Perímetro": 2105.778 }, "geometry": { "type": "MultiPolygon", "coordinates": [ [ [ [ -58.920561731761104, -27.481507866367011 ], [ -58.920632499724029, -27.48164445144775 ], [ -58.92072802191268, -27.481792976802076 ], [ -58.920850336910362, -27.481948491584841 ], [ -58.921000609621792, -27.482080708272811 ], [ -58.921270867521429, -27.482254279079047 ], [ -58.922785, -27.481084 ], [ -58.924919384759363, -27.479505671172561 ], [ -58.925168659148973, -27.479383146472586 ], [ -58.926122207171076, -27.478853397571417 ], [ -58.926178247008288, -27.478822264328521 ], [ -58.926326, -27.478787 ], [ -58.926162, -27.47844 ], [ -58.925756325644329, -27.478028502567451 ], [ -58.924880087539911, -27.478755337490647 ], [ -58.923412544885629, -27.477419924408753 ], [ -58.923058, -27.477883 ], [ -58.924006, -27.478489 ], [ -58.924228, -27.478749 ], [ -58.924179, -27.478985 ], [ -58.923651830597585, -27.479167740035081 ], [ -58.923615572125421, -27.479349413857438 ], [ -58.922433263100331, -27.479882937227075 ], [ -58.922307592794724, -27.47961970960694 ], [ -58.921718, -27.479787 ], [ -58.92051, -27.480166 ], [ -58.920004, -27.479876 ], [ -58.919808, -27.479977 ], [ -58.920013, -27.480296 ], [ -58.920519795190465, -27.481346235834359 ], [ -58.920561731761104, -27.481507866367011 ] ] ] ] } },
{ "type": "Feature", "properties": { "Barrios": "LA LOMITA", "Municipio": "Barranqueras", "ID": 41, "Área": 94875.0, "Perímetro": 1651.363 }, "geometry": { "type": "MultiPolygon", "coordinates": [ [ [ [ -58.926419640179567, -27.478910465679565 ], [ -58.926180503892333, -27.478823088959228 ], [ -58.926178247008288, -27.478822264328521 ], [ -58.926122207171076, -27.478853397571417 ], [ -58.925168659148973, -27.479383146472586 ], [ -58.924919384759363, -27.479505671172561 ], [ -58.922785, -27.481084 ], [ -58.921225, -27.482291 ], [ -58.92151, -27.482524 ], [ -58.922973520606973, -27.481528741143016 ], [ -58.9242, -27.482568 ], [ -58.924460715053641, -27.482324340322769 ], [ -58.924773, -27.482075 ], [ -58.925042, -27.481793 ], [ -58.925442, -27.481436 ], [ -58.925658486999964, -27.481265730999951 ], [ -58.925765399139678, -27.48143930006982 ], [ -58.926037882999935, -27.481346430999963 ], [ -58.92625953299995, -27.481215354999961 ], [ -58.926495921663744, -27.480373659545805 ], [ -58.927330384279436, -27.479751807860207 ], [ -58.926419640179567, -27.478910465679565 ] ] ] ] } },
{ "type": "Feature", "properties": { "Barrios": "VILLA RÍO NEGRO", "Municipio": "Resistencia", "ID": 42, "Área": 11238.0, "Perímetro": 502.644 }, "geometry": { "type": "MultiPolygon", "coordinates": [ [ [ [ -58.978557382751063, -27.431239641484694 ], [ -58.978205, -27.430864 ], [ -58.978275482532695, -27.430825310043652 ], [ -58.977893506768538, -27.429836851746671 ], [ -58.977340015524206, -27.429971291079255 ], [ -58.976998841047994, -27.430211396288179 ], [ -58.978291692794727, -27.431462568777224 ], [ -58.978557382751063, -27.431239641484694 ] ] ] ] } },
{ "type": "Feature", "properties": { "Barrios": "AVENIDA GABOTO Y RÍO", "Municipio": "Barranqueras", "ID": 43, "Área": 104319.0, "Perímetro": 3255.378 }, "geometry": { "type": "MultiPolygon", "coordinates": [ [ [ [ -58.92186, -27.48525 ], [ -58.922283, -27.485003 ], [ -58.921468, -27.483913 ], [ -58.921409, -27.483356 ], [ -58.921607, -27.483242 ], [ -58.920819, -27.482518 ], [ -58.92032, -27.482023 ], [ -58.919875, -27.481181 ], [ -58.919338, -27.480067 ], [ -58.918641, -27.479363 ], [ -58.91745, -27.478273 ], [ -58.915926, -27.476879 ], [ -58.915197, -27.476179 ], [ -58.914832, -27.476122 ], [ -58.914451, -27.476003 ], [ -58.914172, -27.475913 ], [ -58.91341, -27.475294 ], [ -58.912402, -27.474385 ], [ -58.912101, -27.47459 ], [ -58.913239, -27.475679 ], [ -58.914768, -27.477055 ], [ -58.914993, -27.477274 ], [ -58.915165, -27.477269 ], [ -58.91628, -27.478349 ], [ -58.916683, -27.478754 ], [ -58.917166, -27.479235 ], [ -58.917933, -27.480096 ], [ -58.918582, -27.480448 ], [ -58.919049, -27.480896 ], [ -58.919983, -27.482209 ], [ -58.920808, -27.483475 ], [ -58.92142, -27.484508 ], [ -58.921387, -27.484765 ], [ -58.921452, -27.484855 ], [ -58.921666, -27.484784 ], [ -58.92186, -27.48525 ] ] ] ] } },
{ "type": "Feature", "properties": { "Barrios": "AVALOS", "Municipio": "Resistencia", "ID": 44, "Área": 202017.0, "Perímetro": 3394.008 }, "geometry": { "type": "MultiPolygon", "coordinates": [ [ [ [ -58.9722729, -27.425521174999972 ], [ -58.973806942304343, -27.424129512103256 ], [ -58.973930418524958, -27.424129640953396 ], [ -58.975369955543577, -27.422763613950419 ], [ -58.974610218812884, -27.422069448512755 ], [ -58.974302038999951, -27.422367152999982 ], [ -58.974616216999948, -27.422849595999935 ], [ -58.973628625513079, -27.423685587369508 ], [ -58.973133309560311, -27.423260589143549 ], [ -58.973239081139333, -27.422987318890328 ], [ -58.9728748606857, -27.422761545625551 ], [ -58.97286848700589, -27.422068309141562 ], [ -58.972966625379648, -27.421721623533362 ], [ -58.972905693686862, -27.421119189901798 ], [ -58.971060993712157, -27.421210008277999 ], [ -58.971230690578217, -27.42173549619136 ], [ -58.971352595190673, -27.422405993541279 ], [ -58.971305714211248, -27.422924528779919 ], [ -58.971150678264827, -27.423363443551171 ], [ -58.970512585407683, -27.422850206333539 ], [ -58.970190260919431, -27.423184018562321 ], [ -58.97083627908119, -27.423718038303981 ], [ -58.9704735325938, -27.424199687176696 ], [ -58.970651092405362, -27.424333802152631 ], [ -58.969605689202318, -27.425490990955939 ], [ -58.971054644255481, -27.425922348997371 ], [ -58.970980238999971, -27.426318856999956 ], [ -58.969642758999953, -27.42813061499993 ], [ -58.970329522999975, -27.428854834999981 ], [ -58.97135597099998, -27.429376217999959 ], [ -58.971551331496578, -27.429491987344051 ], [ -58.972058989999937, -27.429475682999964 ], [ -58.972568905999935, -27.428311907999955 ], [ -58.971468133999963, -27.427260119999971 ], [ -58.97230319199997, -27.426074935999964 ], [ -58.972724246999974, -27.42643286699996 ], [ -58.972985786999971, -27.426199189999977 ], [ -58.9722729, -27.425521174999972 ] ] ] ] } },
{ "type": "Feature", "properties": { "Barrios": "HERNANDARIAS", "Municipio": "Resistencia", "ID": 45, "Área": 13278.0, "Perímetro": 460.885 }, "geometry": { "type": "MultiPolygon", "coordinates": [ [ [ [ -59.017483890392974, -27.468021100436644 ], [ -59.016666433460848, -27.467279600107855 ], [ -59.015842749835571, -27.46800785027223 ], [ -59.016656520523981, -27.468756620960633 ], [ -59.017483890392974, -27.468021100436644 ] ] ] ] } },
{ "type": "Feature", "properties": { "Barrios": "VILLA FACUNDO 1", "Municipio": "Resistencia", "ID": 46, "Área": 13865.0, "Perímetro": 471.018 }, "geometry": { "type": "MultiPolygon", "coordinates": [ [ [ [ -59.007894, -27.473424 ], [ -59.008742, -27.474199 ], [ -59.009573, -27.473462 ], [ -59.008725, -27.472691 ], [ -59.007894, -27.473424 ] ] ] ] } },
{ "type": "Feature", "properties": { "Barrios": "BARRIO DON BOSCO", "Municipio": "Resistencia", "ID": 47, "Área": 259863.0, "Perímetro": 3719.816 }, "geometry": { "type": "MultiPolygon", "coordinates": [ [ [ [ -58.961278, -27.460715 ], [ -58.964998782067418, -27.457437716617932 ], [ -58.964588341292149, -27.45709544523589 ], [ -58.964864601999977, -27.456867263999982 ], [ -58.963922796495382, -27.456192124562225 ], [ -58.963729769826749, -27.456355939290194 ], [ -58.963092911914742, -27.455757617261021 ], [ -58.962737273842642, -27.455885430842461 ], [ -58.962349503500469, -27.456046602116562 ], [ -58.962028729400778, -27.455868898891531 ], [ -58.961796, -27.456026 ], [ -58.962139, -27.456664 ], [ -58.961771, -27.457159 ], [ -58.961422, -27.457416 ], [ -58.961163, -27.457645 ], [ -58.961004, -27.457878 ], [ -58.960671, -27.45834 ], [ -58.960446, -27.458716 ], [ -58.95999, -27.459106 ], [ -58.959518, -27.459725 ], [ -58.957923, -27.461196 ], [ -58.956018639988727, -27.461577 ], [ -58.954770188797113, -27.460561887057256 ], [ -58.954432206169898, -27.460484495149533 ], [ -58.953976033758579, -27.460563800637615 ], [ -58.953905174679534, -27.460699469020636 ], [ -58.952655, -27.461082 ], [ -58.951421, -27.461805 ], [ -58.95246932799995, -27.463204069999961 ], [ -58.952767022999979, -27.463041647999944 ], [ -58.952959693999958, -27.463304225999934 ], [ -58.954809356943755, -27.462865904629108 ], [ -58.956694, -27.46241 ], [ -58.956906, -27.46216 ], [ -58.957848, -27.461791 ], [ -58.958826, -27.461201 ], [ -58.959351, -27.46072 ], [ -58.960117, -27.459727 ], [ -58.961278, -27.460715 ] ] ] ] } },
{ "type": "Feature", "properties": { "Barrios": "BARRIO SANTA CATALINA", "Municipio": "Resistencia", "ID": 48, "Área": 6586.0, "Perímetro": 894.686 }, "geometry": { "type": "MultiPolygon", "coordinates": [ [ [ [ -58.975020707552055, -27.437487742708289 ], [ -58.975584878234713, -27.437742746797234 ], [ -58.976125935677061, -27.437899935677049 ], [ -58.976172237633307, -27.437930335853252 ], [ -58.976262070714277, -27.437972972857214 ], [ -58.976299967838528, -27.437945 ], [ -58.976483, -27.43815 ], [ -58.976296, -27.438195 ], [ -58.976144, -27.438309 ], [ -58.97584, -27.438365 ], [ -58.975563, -27.438207 ], [ -58.975332344850926, -27.438084655149002 ], [ -58.974709967838507, -27.437748096484359 ], [ -58.974613396906996, -27.437842640090501 ], [ -58.975318225130188, -27.438447581900988 ], [ -58.975555, -27.43825 ], [ -58.975839, -27.438392 ], [ -58.975994, -27.438362 ], [ -58.976166, -27.438341 ], [ -58.976276292447899, -27.438522678385386 ], [ -58.97683545325517, -27.438334485416629 ], [ -58.976456962527671, -27.437866578169221 ], [ -58.976440509988485, -27.437826203794483 ], [ -58.976358967838493, -27.437739064322873 ], [ -58.976210359765574, -27.4378474210937 ], [ -58.975514646223928, -27.437617839192662 ], [ -58.975244252653219, -27.437479219111435 ], [ -58.975134789928227, -27.437382607929017 ], [ -58.975020707552055, -27.437487742708289 ] ] ] ] } },
{ "type": "Feature", "properties": { "Barrios": "NUEVO PROVINCIA PROLONGACIÓN", "Municipio": "Fontana", "ID": 49, "Área": 18358.0, "Perímetro": 633.174 }, "geometry": { "type": "MultiPolygon", "coordinates": [ [ [ [ -59.042111, -27.423842 ], [ -59.041737, -27.424186 ], [ -59.042962, -27.42512312532746 ], [ -59.043311250797515, -27.424832221311739 ], [ -59.043347520523959, -27.424810459170207 ], [ -59.044065, -27.424183 ], [ -59.043354, -27.423562 ], [ -59.04256, -27.42424 ], [ -59.042111, -27.423842 ] ] ] ] } },
{ "type": "Feature", "properties": { "Barrios": "VUELTA DE OBLIGADO", "Municipio": "Resistencia", "ID": 50, "Área": 31607.0, "Perímetro": 854.326 }, "geometry": { "type": "MultiPolygon", "coordinates": [ [ [ [ -58.960856426041644, -27.435734307682242 ], [ -58.962659668619786, -27.434153201171853 ], [ -58.962259, -27.433812 ], [ -58.961755, -27.434133 ], [ -58.961412, -27.434175 ], [ -58.961165, -27.434192 ], [ -58.960618, -27.434274 ], [ -58.960091, -27.434152 ], [ -58.959698, -27.433958 ], [ -58.959477, -27.433985 ], [ -58.959353, -27.434078 ], [ -58.95962, -27.43458 ], [ -58.960856426041644, -27.435734307682242 ] ] ] ] } },
{ "type": "Feature", "properties": { "Barrios": "EL ARENAL", "Municipio": "Barranqueras", "ID": 51, "Área": 249989.0, "Perímetro": 4249.91 }, "geometry": { "type": "MultiPolygon", "coordinates": [ [ [ [ -58.910798, -27.467712 ], [ -58.911667, -27.466946 ], [ -58.91142, -27.466736 ], [ -58.910363, -27.467812 ], [ -58.910438, -27.468464 ], [ -58.910637, -27.468835 ], [ -58.910985, -27.469426 ], [ -58.912214, -27.471306 ], [ -58.91252, -27.471796 ], [ -58.913029, -27.471829 ], [ -58.912944, -27.471529 ], [ -58.913448, -27.471277 ], [ -58.914145, -27.471172 ], [ -58.914226, -27.470411 ], [ -58.913523, -27.46933 ], [ -58.913078, -27.468869 ], [ -58.914033, -27.468126 ], [ -58.915095, -27.468673 ], [ -58.915588, -27.468635 ], [ -58.915599, -27.468954 ], [ -58.915427, -27.46933 ], [ -58.914708, -27.469683 ], [ -58.914885, -27.469854 ], [ -58.915626, -27.46934 ], [ -58.915975, -27.46974 ], [ -58.916329, -27.469245 ], [ -58.915728, -27.468926 ], [ -58.915728, -27.468621 ], [ -58.916699, -27.468535 ], [ -58.916774, -27.467598 ], [ -58.917546, -27.46725 ], [ -58.917659, -27.467112 ], [ -58.917788, -27.467074 ], [ -58.918024, -27.467355 ], [ -58.918453, -27.467074 ], [ -58.916382, -27.465204 ], [ -58.915073, -27.464028 ], [ -58.914816, -27.463923 ], [ -58.914623, -27.463976 ], [ -58.912943, -27.465394 ], [ -58.912348, -27.465941 ], [ -58.912273, -27.466065 ], [ -58.912477, -27.466208 ], [ -58.912734, -27.466013 ], [ -58.913223, -27.466446 ], [ -58.913727, -27.466027 ], [ -58.91473, -27.466931 ], [ -58.912933, -27.468478 ], [ -58.912289, -27.469026 ], [ -58.910798, -27.467712 ] ] ] ] } },
{ "type": "Feature", "properties": { "Barrios": "JUAN JOSÉ DEL VALLE", "Municipio": "Resistencia", "ID": 52, "Área": 13891.0, "Perímetro": 453.621 }, "geometry": { "type": "MultiPolygon", "coordinates": [ [ [ [ -59.02383004658838, -27.462495923764589 ], [ -59.023857348999968, -27.462306296999941 ], [ -59.02360891635302, -27.461846772999934 ], [ -59.023337438588371, -27.461599713882254 ], [ -59.023073394999983, -27.461610808999978 ], [ -59.022923315999947, -27.461765819999982 ], [ -59.022322, -27.46229 ], [ -59.023156789412205, -27.463031640294485 ], [ -59.023572136074954, -27.46270346940544 ], [ -59.02383004658838, -27.462495923764589 ] ] ] ] } },
{ "type": "Feature", "properties": { "Barrios": "DOS DE SEPTIEMBRE", "Municipio": "Resistencia", "ID": 53, "Área": 25174.0, "Perímetro": 675.154 }, "geometry": { "type": "MultiPolygon", "coordinates": [ [ [ [ -59.023095, -27.463084 ], [ -59.022283, -27.462342 ], [ -59.020662, -27.463782 ], [ -59.021418, -27.464479 ], [ -59.023095, -27.463084 ] ] ] ] } },
{ "type": "Feature", "properties": { "Barrios": "SAN CARLOS 2", "Municipio": "Barranqueras", "ID": 54, "Área": 63089.0, "Perímetro": 1169.014 }, "geometry": { "type": "MultiPolygon", "coordinates": [ [ [ [ -58.95925779003273, -27.503550148039249 ], [ -58.960656, -27.504812 ], [ -58.963478, -27.502213 ], [ -58.962990024183348, -27.501798209967202 ], [ -58.962233, -27.502453 ], [ -58.961300728999959, -27.501774809999972 ], [ -58.95925779003273, -27.503550148039249 ] ] ] ] } },
{ "type": "Feature", "properties": { "Barrios": "LOS MILAGROS", "Municipio": "Barranqueras", "ID": 55, "Área": 58293.0, "Perímetro": 2646.957 }, "geometry": { "type": "MultiPolygon", "coordinates": [ [ [ [ -58.957936050999933, -27.514477814999964 ], [ -58.960408, -27.512391 ], [ -58.959954472997758, -27.51198356213262 ], [ -58.959690494808164, -27.512273001124079 ], [ -58.959228457384228, -27.511989453480876 ], [ -58.95832, -27.511224 ], [ -58.959648, -27.510122 ], [ -58.959971, -27.509975 ], [ -58.9606, -27.509488 ], [ -58.960718, -27.508763 ], [ -58.960673546519082, -27.507676817826894 ], [ -58.960458, -27.507114 ], [ -58.960486, -27.506963 ], [ -58.960919, -27.506584 ], [ -58.960672, -27.506388 ], [ -58.960319, -27.506734 ], [ -58.960288, -27.507164 ], [ -58.960379, -27.508000908913452 ], [ -58.960036658198263, -27.508474583887146 ], [ -58.96038296122429, -27.508579754067924 ], [ -58.96034656603598, -27.508699554325844 ], [ -58.960013630340264, -27.5086359280347 ], [ -58.960061, -27.508848 ], [ -58.96043, -27.509056 ], [ -58.959974, -27.509508 ], [ -58.959294, -27.509922 ], [ -58.958615, -27.509956 ], [ -58.958053, -27.510321 ], [ -58.957805089134816, -27.511460182172993 ], [ -58.957948927576311, -27.511564501071962 ], [ -58.958082062564721, -27.511531369173294 ], [ -58.958919838589154, -27.512331507555981 ], [ -58.959033563318421, -27.512169692839453 ], [ -58.959204298332821, -27.512295951340938 ], [ -58.958878231120309, -27.512547328832802 ], [ -58.959121, -27.512802 ], [ -58.957628118999935, -27.514158012999928 ], [ -58.957936050999933, -27.514477814999964 ] ] ] ] } },
{ "type": "Feature", "properties": { "Barrios": "ONCE DE JUNIO", "Municipio": "Barranqueras", "ID": 56, "Área": 27240.0, "Perímetro": 1691.052 }, "geometry": { "type": "MultiPolygon", "coordinates": [ [ [ [ -58.958858, -27.504893 ], [ -58.959274, -27.504386 ], [ -58.958813, -27.503949 ], [ -58.958041, -27.503268 ], [ -58.956842, -27.504329 ], [ -58.955401, -27.505635 ], [ -58.955573, -27.505812 ], [ -58.956471, -27.505067 ], [ -58.956552, -27.505117 ], [ -58.956748, -27.504976 ], [ -58.957171, -27.504451 ], [ -58.958008, -27.503682 ], [ -58.958156, -27.503806 ], [ -58.95884, -27.504472 ], [ -58.958649, -27.504667 ], [ -58.95796, -27.505281 ], [ -58.958242, -27.505602 ], [ -58.958729, -27.505164 ], [ -58.959834, -27.506149 ], [ -58.960017, -27.505921 ], [ -58.958858, -27.504893 ] ] ] ] } },
{ "type": "Feature", "properties": { "Barrios": "LAS TAFETAS", "Municipio": "Barranqueras", "ID": 57, "Área": 8563.0, "Perímetro": 377.381 }, "geometry": { "type": "MultiPolygon", "coordinates": [ [ [ [ -58.918523556113492, -27.467125764410447 ], [ -58.917986, -27.46749 ], [ -58.918143613755412, -27.4679276137554 ], [ -58.918317, -27.468396 ], [ -58.918593395241459, -27.468182391895073 ], [ -58.919174065720462, -27.467708509606915 ], [ -58.918523556113492, -27.467125764410447 ] ] ] ] } },
{ "type": "Feature", "properties": { "Barrios": "BARRIO GENERAL SAN MARTÍN 1", "Municipio": "Barranqueras", "ID": 58, "Área": 41749.0, "Perímetro": 1431.795 }, "geometry": { "type": "MultiPolygon", "coordinates": [ [ [ [ -58.92775, -27.468331 ], [ -58.928193270074338, -27.467944640799253 ], [ -58.927601612289372, -27.467401290671198 ], [ -58.927927, -27.467169 ], [ -58.927712, -27.466941 ], [ -58.927957920649384, -27.466761509874537 ], [ -58.927549357452357, -27.466363160757439 ], [ -58.927074793423706, -27.466115710467228 ], [ -58.926773, -27.466403 ], [ -58.92651, -27.466198 ], [ -58.926316858474671, -27.466366565450748 ], [ -58.926897784270452, -27.466856841287175 ], [ -58.926543696166355, -27.467172626591541 ], [ -58.925856584708271, -27.46668511885208 ], [ -58.925550443307593, -27.46693781422649 ], [ -58.926374432085858, -27.467885447404729 ], [ -58.9265308828613, -27.4678505268677 ], [ -58.926757, -27.467679 ], [ -58.927728, -27.468778 ], [ -58.927106, -27.469216 ], [ -58.927653, -27.469587 ], [ -58.928094533968384, -27.46939844484201 ], [ -58.92859161919143, -27.469034142657993 ], [ -58.92775, -27.468331 ] ] ] ] } },
{ "type": "Feature", "properties": { "Barrios": "AVENIDA MAIPÚ Y GABOTO", "Municipio": "Barranqueras", "ID": 59, "Área": 29924.0, "Perímetro": 1531.504 }, "geometry": { "type": "MultiPolygon", "coordinates": [ [ [ [ -58.90945, -27.468635 ], [ -58.910886, -27.470033 ], [ -58.91062, -27.470378 ], [ -58.911816, -27.471695 ], [ -58.911964, -27.472332 ], [ -58.912877, -27.473465 ], [ -58.913161, -27.47386 ], [ -58.913565, -27.473668 ], [ -58.909817, -27.46824 ], [ -58.90945, -27.468635 ] ] ] ] } },
{ "type": "Feature", "properties": { "Barrios": "LA HORMIGA", "Municipio": "Barranqueras", "ID": 60, "Área": 85885.0, "Perímetro": 1892.856 }, "geometry": { "type": "MultiPolygon", "coordinates": [ [ [ [ -58.913841096770348, -27.4627843968692 ], [ -58.913697963522225, -27.462874873373615 ], [ -58.914017, -27.4633 ], [ -58.912552, -27.46398 ], [ -58.912005, -27.464309 ], [ -58.911152, -27.465337 ], [ -58.910508, -27.466146 ], [ -58.910079, -27.466589 ], [ -58.908791, -27.467331 ], [ -58.907953238847576, -27.467674685873604 ], [ -58.907964875697026, -27.468042410315991 ], [ -58.908193588275537, -27.468021270039298 ], [ -58.909515686549007, -27.467537272294223 ], [ -58.909897656804247, -27.467669660752275 ], [ -58.910119027947552, -27.46774197205233 ], [ -58.910320804353525, -27.467676819295818 ], [ -58.914400683767866, -27.464036812790386 ], [ -58.914558, -27.46379 ], [ -58.914553, -27.463452 ], [ -58.913841096770348, -27.4627843968692 ] ] ] ] } },
{ "type": "Feature", "properties": { "Barrios": "SAN CAYETANO", "Municipio": "Barranqueras", "ID": 61, "Área": 18640.0, "Perímetro": 952.393 }, "geometry": { "type": "MultiPolygon", "coordinates": [ [ [ [ -58.961238, -27.505097 ], [ -58.961128, -27.505168 ], [ -58.963278, -27.507097 ], [ -58.963904, -27.506453 ], [ -58.96482, -27.505751 ], [ -58.964696, -27.505624 ], [ -58.96354, -27.506341 ], [ -58.962497, -27.505745 ], [ -58.961238, -27.505097 ] ] ] ] } },
{ "type": "Feature", "properties": { "Barrios": "SOL DE ESPERANZA", "Municipio": "Resistencia", "ID": 62, "Área": 65348.0, "Perímetro": 1274.866 }, "geometry": { "type": "MultiPolygon", "coordinates": [ [ [ [ -58.990168, -27.426824 ], [ -58.990649, -27.425312 ], [ -58.99022, -27.42517 ], [ -58.990337, -27.424744 ], [ -58.989891, -27.424597 ], [ -58.990539, -27.422674 ], [ -58.990085121999982, -27.422507980999967 ], [ -58.987905, -27.425141 ], [ -58.988526, -27.425406 ], [ -58.988804, -27.426423 ], [ -58.990168, -27.426824 ] ] ] ] } },
{ "type": "Feature", "properties": { "Barrios": "LAS FLORES", "Municipio": "Resistencia", "ID": 63, "Área": 37175.0, "Perímetro": 831.253 }, "geometry": { "type": "MultiPolygon", "coordinates": [ [ [ [ -58.958537, -27.437760929257571 ], [ -58.958625110251823, -27.437766956173387 ], [ -58.960843610916982, -27.435813893886429 ], [ -58.960814501435145, -27.43572009545041 ], [ -58.960068353711726, -27.435040061135314 ], [ -58.959108051371018, -27.43572732646772 ], [ -58.958645370804341, -27.435917674684063 ], [ -58.958347929257606, -27.436063858515258 ], [ -58.9582851061135, -27.436582549781601 ], [ -58.958347070742342, -27.437368 ], [ -58.958537, -27.437760929257571 ] ] ] ] } },
{ "type": "Feature", "properties": { "Barrios": "FORESTACIÓN SUR", "Municipio": "Puerto Vilelas", "ID": 64, "Área": 163784.0, "Perímetro": 1896.215 }, "geometry": { "type": "MultiPolygon", "coordinates": [ [ [ [ -58.936807694193035, -27.506257872948616 ], [ -58.936896324332302, -27.507478835862884 ], [ -58.937034421832905, -27.507673128612431 ], [ -58.937118107662585, -27.507783676560276 ], [ -58.937357800409316, -27.507572912248495 ], [ -58.937587161572139, -27.507304291066816 ], [ -58.942133058492914, -27.503270840708034 ], [ -58.942412414836035, -27.502931980898811 ], [ -58.942254341602201, -27.502718117111858 ], [ -58.94205597519111, -27.502635981019775 ], [ -58.941889411695676, -27.502550415780178 ], [ -58.940780997701509, -27.502758929643541 ], [ -58.939508329935741, -27.50299635024956 ], [ -58.938133464744993, -27.503324148000459 ], [ -58.935911702769218, -27.503851934544446 ], [ -58.935834823971746, -27.504163300002698 ], [ -58.93588190635321, -27.504306306512358 ], [ -58.935950224496651, -27.504445460152734 ], [ -58.936034976130884, -27.504552284192179 ], [ -58.936058294833579, -27.50458230429776 ], [ -58.936184745914872, -27.504758007639559 ], [ -58.936344629978407, -27.504982345359696 ], [ -58.936629940322796, -27.505436469840514 ], [ -58.936778198551927, -27.505685235009363 ], [ -58.936807694193035, -27.506257872948616 ] ] ] ] } },
{ "type": "Feature", "properties": { "Barrios": "COOPERATIVA COSTA", "Municipio": "Puerto Vilelas", "ID": 65, "Área": 40625.0, "Perímetro": 1917.719 }, "geometry": { "type": "MultiPolygon", "coordinates": [ [ [ [ -58.927702, -27.527549 ], [ -58.927272428069195, -27.527167071344852 ], [ -58.925720906368461, -27.528407774407654 ], [ -58.924617570706474, -27.529321486950458 ], [ -58.923734067992889, -27.529873469703158 ], [ -58.92304013016409, -27.530769540202488 ], [ -58.921913041245254, -27.531357329282656 ], [ -58.921352013030294, -27.53176783537209 ], [ -58.920186, -27.532258 ], [ -58.92035754323139, -27.532524799344916 ], [ -58.92135564880779, -27.532008210576361 ], [ -58.921936601615677, -27.531682125192088 ], [ -58.922675, -27.531268600327451 ], [ -58.923435941266305, -27.530795086462842 ], [ -58.926709, -27.528348 ], [ -58.927702, -27.527549 ] ] ] ] } },
{ "type": "Feature", "properties": { "Barrios": "VEINTINUEVE DE AGOSTO", "Municipio": "Resistencia", "ID": 66, "Área": 225360.0, "Perímetro": 2421.306 }, "geometry": { "type": "MultiPolygon", "coordinates": [ [ [ [ -59.033342151436102, -27.460558035465443 ], [ -59.029731712140901, -27.463704186901559 ], [ -59.033343220346453, -27.466886024679212 ], [ -59.035645863577081, -27.464807525239326 ], [ -59.034060712140942, -27.463382575718047 ], [ -59.034613805591739, -27.462851618690095 ], [ -59.036210287858999, -27.464287813098345 ], [ -59.036360575718021, -27.464162050478688 ], [ -59.036755626196744, -27.463776712140923 ], [ -59.034383373637176, -27.461595127910751 ], [ -59.034274488754072, -27.461417249274497 ], [ -59.033342151436102, -27.460558035465443 ] ] ] ] } },
{ "type": "Feature", "properties": { "Barrios": "PARQUE INDUSTRIAL", "Municipio": "Fontana", "ID": 67, "Área": 69224.0, "Perímetro": 1397.296 }, "geometry": { "type": "MultiPolygon", "coordinates": [ [ [ [ -59.033378911997318, -27.432641219448222 ], [ -59.032466618317756, -27.431832889896189 ], [ -59.032449152904107, -27.431682237641379 ], [ -59.032311889331119, -27.431542455212959 ], [ -59.032155968458888, -27.431276470511879 ], [ -59.032058906387689, -27.43108388029508 ], [ -59.03200139283301, -27.430577100877269 ], [ -59.031867419494702, -27.430571187857101 ], [ -59.031481004290988, -27.430923009064429 ], [ -59.03206960902898, -27.432098258969649 ], [ -59.031596866992032, -27.432480538035922 ], [ -59.031167955133107, -27.432139447128328 ], [ -59.029691189056308, -27.43335668209092 ], [ -59.030252426545452, -27.433844475788352 ], [ -59.030758107100823, -27.433550896871541 ], [ -59.031227760621732, -27.43387289117549 ], [ -59.031885386990339, -27.43421318099805 ], [ -59.032465888049018, -27.434345744668413 ], [ -59.033284285356402, -27.433825313007478 ], [ -59.033562751713035, -27.433578962479853 ], [ -59.033669370950683, -27.433489869692227 ], [ -59.033679594713192, -27.433393474217095 ], [ -59.033277786627977, -27.432764781506005 ], [ -59.033378911997318, -27.432641219448222 ] ] ] ] } },
{ "type": "Feature", "properties": { "Barrios": "HERMANOS CHE", "Municipio": "Resistencia", "ID": 68, "Área": 35150.0, "Perímetro": 911.034 }, "geometry": { "type": "MultiPolygon", "coordinates": [ [ [ [ -58.962672920999978, -27.463458888337247 ], [ -58.962988086324359, -27.462252025508363 ], [ -58.962662665587537, -27.461971068198945 ], [ -58.961809017901899, -27.462708658440516 ], [ -58.961456353470062, -27.462435678795508 ], [ -58.960818, -27.462921 ], [ -58.960396319584788, -27.463226998923847 ], [ -58.96167450852149, -27.464024371619537 ], [ -58.96145542610325, -27.46419464593459 ], [ -58.961248334380336, -27.464300201554199 ], [ -58.96130820431501, -27.464528131206485 ], [ -58.961468578695353, -27.464575416032627 ], [ -58.961824213934577, -27.464488362684961 ], [ -58.962144811684929, -27.464217865271863 ], [ -58.962465496999982, -27.463844055999971 ], [ -58.962672920999978, -27.463458888337247 ] ] ] ] } },
{ "type": "Feature", "properties": { "Barrios": "PARAJE LAS 3 BOCAS", "Municipio": "Puerto Vilelas", "ID": 69, "Área": 350749.0, "Perímetro": 6631.217 }, "geometry": { "type": "MultiPolygon", "coordinates": [ [ [ [ -58.91470739184193, -27.533771742380061 ], [ -58.913756724913974, -27.533762061547101 ], [ -58.912195034662673, -27.533999413271459 ], [ -58.909136160928533, -27.53411713790797 ], [ -58.906706066879778, -27.533982550172961 ], [ -58.899560559022532, -27.533577486283619 ], [ -58.895202551862432, -27.53383677079912 ], [ -58.894215754526201, -27.534163789299129 ], [ -58.891410753542253, -27.534983090164602 ], [ -58.888795148967802, -27.535903261747521 ], [ -58.889041255954993, -27.537629424117469 ], [ -58.889625180886739, -27.537494203531882 ], [ -58.889919102154678, -27.537281034834429 ], [ -58.88981913594349, -27.53706969861317 ], [ -58.892030109395783, -27.536028028412861 ], [ -58.894897767213628, -27.535116719440079 ], [ -58.899838822972633, -27.534934720215599 ], [ -58.900006493486991, -27.535177550722079 ], [ -58.900542805862791, -27.5354165419356 ], [ -58.900852791539918, -27.53512390113362 ], [ -58.900878476843197, -27.53486840919107 ], [ -58.906008070552538, -27.53487403846685 ], [ -58.905648781665313, -27.536402857985021 ], [ -58.906504430457403, -27.53649014149271 ], [ -58.906889628596012, -27.53497136659329 ], [ -58.909598531637869, -27.53486175039826 ], [ -58.909677873856303, -27.535795003260969 ], [ -58.908801925573947, -27.53610991816597 ], [ -58.908811374775603, -27.535938652209691 ], [ -58.908307706422711, -27.53594966012507 ], [ -58.908339445498363, -27.536187790083041 ], [ -58.908784514219178, -27.536179645645579 ], [ -58.908811150847967, -27.536550605438766 ], [ -58.909161550816613, -27.53631952545074 ], [ -58.909864880457889, -27.53606761612285 ], [ -58.910081451586933, -27.535418789303488 ], [ -58.910121517687969, -27.534840864416449 ], [ -58.911649444893442, -27.53499687251065 ], [ -58.911709141121833, -27.534909318042335 ], [ -58.914343865956603, -27.53487262862869 ], [ -58.914574732626669, -27.53418107206857 ], [ -58.915153197404479, -27.53405878424676 ], [ -58.915167600698759, -27.533837242198828 ], [ -58.914992460682299, -27.533863382499792 ], [ -58.914635209902492, -27.534009768185179 ], [ -58.91470739184193, -27.533771742380061 ] ] ] ] } },
{ "type": "Feature", "properties": { "Barrios": "RESISTIRÉ", "Municipio": "Resistencia", "ID": 70, "Área": 61696.0, "Perímetro": 1108.322 }, "geometry": { "type": "MultiPolygon", "coordinates": [ [ [ [ -59.007827780567624, -27.483082053493394 ], [ -59.009694737991218, -27.481387208515244 ], [ -59.00841745539244, -27.480239101232041 ], [ -59.008897242503643, -27.479800792138949 ], [ -59.008606612013473, -27.479541925978541 ], [ -59.006214155021773, -27.481645315502131 ], [ -59.007827780567624, -27.483082053493394 ] ] ] ] } },
{ "type": "Feature", "properties": { "Barrios": "LUZ Y ESPERANZA", "Municipio": "Resistencia", "ID": 71, "Área": 47436.0, "Perímetro": 954.187 }, "geometry": { "type": "MultiPolygon", "coordinates": [ [ [ [ -58.963876101371909, -27.449631552710642 ], [ -58.963849378414089, -27.449700084166977 ], [ -58.963845, -27.449809 ], [ -58.964579943999979, -27.450450294999939 ], [ -58.965235792793926, -27.45001213833854 ], [ -58.966100659047612, -27.449242553015864 ], [ -58.966412224489062, -27.448804279438406 ], [ -58.96641883205983, -27.448692227867646 ], [ -58.966411446361057, -27.448640977051216 ], [ -58.966504398055854, -27.44848061793066 ], [ -58.967041812903858, -27.448048003292087 ], [ -58.966313, -27.447414755572947 ], [ -58.966088765079384, -27.447356659047589 ], [ -58.964414765079397, -27.448847212063473 ], [ -58.96436425354802, -27.449154239355863 ], [ -58.963876101371909, -27.449631552710642 ] ] ] ] } },
{ "type": "Feature", "properties": { "Barrios": "LUCHEMOS JUNTOS", "Municipio": "Resistencia", "ID": 72, "Área": 111950.0, "Perímetro": 1717.552 }, "geometry": { "type": "MultiPolygon", "coordinates": [ [ [ [ -58.964375087294513, -27.448802941803557 ], [ -58.964152872254466, -27.448590373705372 ], [ -58.963547768450859, -27.449169641803586 ], [ -58.962660514549079, -27.44956339815629 ], [ -58.962049427254478, -27.449608912705401 ], [ -58.961289, -27.449687398156321 ], [ -58.960484941803564, -27.449708456352653 ], [ -58.959673087294505, -27.450729252665365 ], [ -58.958928369058128, -27.45190497090179 ], [ -58.960121601843618, -27.452947747334537 ], [ -58.962515543647271, -27.450864601843627 ], [ -58.963226514549071, -27.451512572745418 ], [ -58.964487087294508, -27.450421485450835 ], [ -58.963904543647232, -27.449914 ], [ -58.963821, -27.449824 ], [ -58.963837286372673, -27.449711398156314 ], [ -58.963868058196319, -27.449579252665373 ], [ -58.963947957074325, -27.449548528376514 ], [ -58.964355199078128, -27.449057660039973 ], [ -58.964378467694367, -27.448931121963806 ], [ -58.964375087294513, -27.448802941803557 ] ] ] ] } },
{ "type": "Feature", "properties": { "Barrios": "DOS DE MARZO", "Municipio": "Resistencia", "ID": 73, "Área": 13511.0, "Perímetro": 469.307 }, "geometry": { "type": "MultiPolygon", "coordinates": [ [ [ [ -58.974569286026167, -27.493430246724827 ], [ -58.975268, -27.494102220523953 ], [ -58.976237220523977, -27.493264013100369 ], [ -58.975549, -27.492596272925717 ], [ -58.97549701310038, -27.492638506550147 ], [ -58.974569286026167, -27.493430246724827 ] ] ] ] } },
{ "type": "Feature", "properties": { "Barrios": "EL PALMAR", "Municipio": "Resistencia", "ID": 74, "Área": 828842.0, "Perímetro": 7853.464 }, "geometry": { "type": "MultiPolygon", "coordinates": [ [ [ [ -58.993304573377507, -27.500886511419743 ], [ -58.994810686196601, -27.502684123434541 ], [ -58.99522671673796, -27.502843056450342 ], [ -58.995011689716584, -27.503277784993557 ], [ -58.997184508999965, -27.503320751999979 ], [ -58.997818849999987, -27.503502989999959 ], [ -58.999284028999966, -27.503007637999929 ], [ -59.001281, -27.504748 ], [ -58.996536, -27.508922 ], [ -58.996382, -27.510849 ], [ -58.997212, -27.511926 ], [ -58.999701, -27.51418 ], [ -59.000444, -27.513826 ], [ -58.998039, -27.511327 ], [ -58.998382, -27.509665 ], [ -58.998549151340242, -27.509527792437652 ], [ -58.9988591, -27.5098526 ], [ -58.9991059, -27.5096576 ], [ -58.998809154338332, -27.509314366822949 ], [ -59.000417656110471, -27.507994014819374 ], [ -59.0011516, -27.5086394 ], [ -59.0016397, -27.5082254 ], [ -59.000983564017545, -27.507529484626193 ], [ -59.00239, -27.506375 ], [ -59.003911577999986, -27.506750787999977 ], [ -59.004384362999986, -27.507399732999943 ], [ -59.004902580999953, -27.507376436999948 ], [ -59.005345759999955, -27.507168185999944 ], [ -59.00536292399994, -27.507168183999966 ], [ -59.005802813999935, -27.506920088999948 ], [ -59.005234, -27.505745 ], [ -59.003869136575126, -27.504609922160935 ], [ -59.004054027978448, -27.504542674899358 ], [ -59.003790696649801, -27.503969118594789 ], [ -59.0045454, -27.5037053 ], [ -59.004861613433043, -27.504027851728079 ], [ -59.0052588, -27.5037672 ], [ -59.004672446287962, -27.50342799780411 ], [ -59.003750244758848, -27.50365484176104 ], [ -59.003175035753536, -27.50388019448474 ], [ -59.002635608582473, -27.502561417797384 ], [ -59.002305521636139, -27.50253954083967 ], [ -59.001468, -27.500995 ], [ -58.999625, -27.499252 ], [ -58.997966, -27.497984 ], [ -58.993886, -27.495019 ], [ -58.992436, -27.49661 ], [ -58.994428848999974, -27.498316400999954 ], [ -58.993118, -27.500645 ], [ -58.992584315959363, -27.500630267555231 ], [ -58.992291559097367, -27.5007672195132 ], [ -58.992032266745483, -27.5005676661747 ], [ -58.991638408260783, -27.50073407578682 ], [ -58.991269283758221, -27.500428511500228 ], [ -58.990817522887312, -27.500703309161601 ], [ -58.991214382721523, -27.50123375996327 ], [ -58.992013915734518, -27.500900552109972 ], [ -58.992238043577487, -27.501292799577921 ], [ -58.993304573377507, -27.500886511419743 ] ] ] ] } },
{ "type": "Feature", "properties": { "Barrios": "LA RUBITA", "Municipio": "Resistencia", "ID": 75, "Área": 928542.0, "Perímetro": 4598.498 }, "geometry": { "type": "MultiPolygon", "coordinates": [ [ [ [ -58.964884386029482, -27.482992817535369 ], [ -58.957734328238388, -27.489367143704001 ], [ -58.964896731999943, -27.495738754999934 ], [ -58.968144219999942, -27.49289867799996 ], [ -58.966112873693042, -27.490938647478 ], [ -58.967787826524329, -27.48949254864074 ], [ -58.969221, -27.490836 ], [ -58.96911, -27.490954 ], [ -58.969643, -27.491472 ], [ -58.971980064393577, -27.489444187131411 ], [ -58.964884386029482, -27.482992817535369 ] ] ] ] } },
{ "type": "Feature", "properties": { "Barrios": "LA PAZ", "Municipio": "Resistencia", "ID": 76, "Área": 60948.0, "Perímetro": 1326.979 }, "geometry": { "type": "MultiPolygon", "coordinates": [ [ [ [ -58.994958825863208, -27.42016535603485 ], [ -58.995060899830598, -27.41984985468109 ], [ -58.994937450415691, -27.419734635227176 ], [ -58.994716129554313, -27.419954492924994 ], [ -58.99461471155373, -27.419866377390417 ], [ -58.993807656315269, -27.420265156276223 ], [ -58.993017314602341, -27.420279695939801 ], [ -58.991633172737629, -27.419996515642062 ], [ -58.991298370679104, -27.420280745958916 ], [ -58.991955555278835, -27.420856956772866 ], [ -58.992320245219084, -27.42058442310751 ], [ -58.994273555278838, -27.422324266832597 ], [ -58.995010088944156, -27.421659533665277 ], [ -58.995301411540567, -27.421903282302498 ], [ -58.995541191164016, -27.421679494709437 ], [ -58.995983067330627, -27.421338444721055 ], [ -58.996155978386412, -27.421452978386412 ], [ -58.99628860099596, -27.421320711553751 ], [ -58.994958825863208, -27.42016535603485 ] ] ] ] } },
{ "type": "Feature", "properties": { "Barrios": "MOVIMIENTO LOS PINOS", "Municipio": "Resistencia", "ID": 77, "Área": 17849.0, "Perímetro": 641.7 }, "geometry": { "type": "MultiPolygon", "coordinates": [ [ [ [ -58.984106308728542, -27.418377630484592 ], [ -58.984139, -27.418352289813686 ], [ -58.985189113674181, -27.417436471581375 ], [ -58.985258330609867, -27.417373466267982 ], [ -58.98472357242332, -27.416907042724485 ], [ -58.98409, -27.417482590883804 ], [ -58.98359482386045, -27.417067357907154 ], [ -58.983443, -27.416933 ], [ -58.98293556973389, -27.417329143104862 ], [ -58.983654696880485, -27.418005122622656 ], [ -58.984106308728542, -27.418377630484592 ] ] ] ] } },
{ "type": "Feature", "properties": { "Barrios": "COOPERATIVA", "Municipio": "Puerto Vilelas", "ID": 78, "Área": 147135.0, "Perímetro": 1668.321 }, "geometry": { "type": "MultiPolygon", "coordinates": [ [ [ [ -58.922675, -27.531268600327451 ], [ -58.921936601615677, -27.531682125192088 ], [ -58.92135564880779, -27.532008210576361 ], [ -58.92035754323139, -27.532524799344916 ], [ -58.923161, -27.535165 ], [ -58.923848, -27.535769 ], [ -58.923920862226517, -27.535833829092599 ], [ -58.926153390290615, -27.533791656919195 ], [ -58.926305970351848, -27.533648630984832 ], [ -58.925975324881946, -27.533387650134419 ], [ -58.9258347501084, -27.533518973755847 ], [ -58.923367996506492, -27.531407996506509 ], [ -58.923573747379884, -27.531183003493432 ], [ -58.923317767740023, -27.530868622760057 ], [ -58.922675, -27.531268600327451 ] ] ] ] } },
{ "type": "Feature", "properties": { "Barrios": "LOTE 22", "Municipio": "Puerto Vilelas", "ID": 79, "Área": 113641.0, "Perímetro": 4918.402 }, "geometry": { "type": "MultiPolygon", "coordinates": [ [ [ [ -58.9466733, -27.5074347 ], [ -58.9457931, -27.5066226 ], [ -58.9457136, -27.506619 ], [ -58.9454378, -27.5067575 ], [ -58.9453713, -27.5067675 ], [ -58.9451287, -27.506708 ], [ -58.9449753, -27.5065474 ], [ -58.94514, -27.5064148 ], [ -58.9449452, -27.5062489 ], [ -58.945339, -27.505954 ], [ -58.9433492, -27.5043201 ], [ -58.943365, -27.50359 ], [ -58.9436979, -27.5035828 ], [ -58.9437039, -27.5031861 ], [ -58.9438119, -27.5031819 ], [ -58.9439313, -27.5032116 ], [ -58.9453966, -27.5044372 ], [ -58.9464023, -27.5053128 ], [ -58.9486956, -27.5073146 ], [ -58.9498262, -27.5083155 ], [ -58.9509569, -27.5093117 ], [ -58.9510802, -27.5091999 ], [ -58.9441977, -27.5030025 ], [ -58.94403410000001, -27.5029168 ], [ -58.9438436, -27.5028716 ], [ -58.9436532, -27.5028657 ], [ -58.9435311, -27.5028699 ], [ -58.9434091, -27.5028931 ], [ -58.9431136, -27.503025 ], [ -58.942566, -27.503352 ], [ -58.9423948, -27.5073097 ], [ -58.9426041, -27.50731 ], [ -58.942615, -27.5074721 ], [ -58.9445491, -27.5091285 ], [ -58.9447395, -27.5089739 ], [ -58.9440115, -27.5083375 ], [ -58.9432298, -27.5076867 ], [ -58.9432383, -27.5075414 ], [ -58.9429657, -27.5073127 ], [ -58.9431126, -27.5059953 ], [ -58.9432194, -27.5058841 ], [ -58.943288, -27.5054856 ], [ -58.9434557, -27.5056006 ], [ -58.9435752, -27.5055609 ], [ -58.9444713, -27.5062475 ], [ -58.944887, -27.5066091 ], [ -58.9449219, -27.5068292 ], [ -58.9451847, -27.507104 ], [ -58.9461309, -27.5078837 ], [ -58.9459009, -27.5080817 ], [ -58.9468799, -27.5088954 ], [ -58.9475397, -27.5082792 ], [ -58.9471856, -27.5079699 ], [ -58.9466733, -27.5074347 ] ] ] ] } },
{ "type": "Feature", "properties": { "Barrios": "CHE GUEVARA 1", "Municipio": "Resistencia", "ID": 80, "Área": 13895.0, "Perímetro": 471.493 }, "geometry": { "type": "MultiPolygon", "coordinates": [ [ [ [ -59.006185336244513, -27.474978264192071 ], [ -59.007006442794726, -27.475723210916946 ], [ -59.0078670799126, -27.474957627074183 ], [ -59.007005079912616, -27.474214813537099 ], [ -59.006185336244513, -27.474978264192071 ] ] ] ] } },
{ "type": "Feature", "properties": { "Barrios": "APLOMO", "Municipio": "Puerto Vilelas", "ID": 81, "Área": 94775.0, "Perímetro": 1263.62 }, "geometry": { "type": "MultiPolygon", "coordinates": [ [ [ [ -58.928667903298106, -27.526930104995909 ], [ -58.929343470623408, -27.527466439598115 ], [ -58.929056751800999, -27.527599788973941 ], [ -58.930995148471567, -27.529333785152772 ], [ -58.933039950284531, -27.52734003915274 ], [ -58.930602701451512, -27.52544609905237 ], [ -58.929775400742564, -27.526031798189322 ], [ -58.928667903298106, -27.526930104995909 ] ] ] ] } },
{ "type": "Feature", "properties": { "Barrios": "FORTALEZA", "Municipio": "Resistencia", "ID": 82, "Área": 18268.0, "Perímetro": 571.216 }, "geometry": { "type": "MultiPolygon", "coordinates": [ [ [ [ -59.019924498515927, -27.462351634715464 ], [ -59.020777284542106, -27.461624420741703 ], [ -59.021317903316202, -27.461107996329847 ], [ -59.020635157869165, -27.460552971327989 ], [ -59.01925017689959, -27.461715257641892 ], [ -59.019924498515927, -27.462351634715464 ] ] ] ] } },
{ "type": "Feature", "properties": { "Barrios": "FLORIDA NORTE", "Municipio": "Barranqueras", "ID": 83, "Área": 39629.0, "Perímetro": 1253.416 }, "geometry": { "type": "MultiPolygon", "coordinates": [ [ [ [ -58.945387924174391, -27.479978661910664 ], [ -58.946220434434039, -27.479266151651053 ], [ -58.946288510259564, -27.479136282782925 ], [ -58.943496260320913, -27.476618431968252 ], [ -58.943260512172152, -27.476748562085003 ], [ -58.943471848348871, -27.477141434434017 ], [ -58.944285131131863, -27.478054434434043 ], [ -58.944196413914803, -27.478565717217002 ], [ -58.944244979480736, -27.479092282782922 ], [ -58.943426434872208, -27.480070772999966 ], [ -58.943632407565886, -27.480185929868099 ], [ -58.944076399651046, -27.479708664608491 ], [ -58.944566873391466, -27.479265520259535 ], [ -58.945387924174391, -27.479978661910664 ] ] ] ] } },
{ "type": "Feature", "properties": { "Barrios": "NUEVA ESPERANZA", "Municipio": "Barranqueras", "ID": 84, "Área": 40217.0, "Perímetro": 1271.193 }, "geometry": { "type": "MultiPolygon", "coordinates": [ [ [ [ -58.943085616874917, -27.476774910626272 ], [ -58.94345983038545, -27.476615294664306 ], [ -58.943151685657313, -27.476207392928256 ], [ -58.940697235802062, -27.475547601029401 ], [ -58.938202367928241, -27.474903326928267 ], [ -58.937727021613519, -27.475275921414308 ], [ -58.940378471513917, -27.476177685657323 ], [ -58.940260864442202, -27.476365685657303 ], [ -58.941034078585645, -27.476690371314707 ], [ -58.941576921414295, -27.476436842828633 ], [ -58.943085616874917, -27.476774910626272 ] ] ] ] } },
{ "type": "Feature", "properties": { "Barrios": "NUEVO AMANECER", "Municipio": "Barranqueras", "ID": 85, "Área": 9623.0, "Perímetro": 666.095 }, "geometry": { "type": "MultiPolygon", "coordinates": [ [ [ [ -58.940326615507487, -27.477716742953614 ], [ -58.939406994215489, -27.478498 ], [ -58.93829287983079, -27.47751898250748 ], [ -58.938161297568911, -27.47758451916911 ], [ -58.938655661084006, -27.47846900349694 ], [ -58.93887736849247, -27.478740128615215 ], [ -58.939277111261852, -27.478826380061388 ], [ -58.940490915492447, -27.477890343169118 ], [ -58.940326615507487, -27.477716742953614 ] ] ] ] } },
{ "type": "Feature", "properties": { "Barrios": "BARRIO DON SANTIAGO", "Municipio": "Resistencia", "ID": 86, "Área": 11660.0, "Perímetro": 433.513 }, "geometry": { "type": "MultiPolygon", "coordinates": [ [ [ [ -58.993236451746682, -27.403138305021802 ], [ -58.99291237838424, -27.402160389956286 ], [ -58.991769, -27.402485 ], [ -58.991728926637499, -27.402639061790317 ], [ -58.992557, -27.403345683406041 ], [ -58.993236451746682, -27.403138305021802 ] ] ] ] } },
{ "type": "Feature", "properties": { "Barrios": "SAN CAYETANO 1", "Municipio": "Barranqueras", "ID": 87, "Área": 73886.0, "Perímetro": 1167.057 }, "geometry": { "type": "MultiPolygon", "coordinates": [ [ [ [ -58.970100456331835, -27.500457893013071 ], [ -58.96930889301305, -27.501109912663708 ], [ -58.969708805676838, -27.501432825327473 ], [ -58.968197174672468, -27.502761456331854 ], [ -58.969857912663713, -27.504137019650592 ], [ -58.972020737991215, -27.50219345633181 ], [ -58.970100456331835, -27.500457893013071 ] ] ] ] } },
{ "type": "Feature", "properties": { "Barrios": "SAN CARLOS 1", "Municipio": "Barranqueras", "ID": 88, "Área": 62205.0, "Perímetro": 2056.61 }, "geometry": { "type": "MultiPolygon", "coordinates": [ [ [ [ -58.968834, -27.499336 ], [ -58.965693, -27.496535 ], [ -58.965545, -27.496616 ], [ -58.964958, -27.497135 ], [ -58.96418, -27.49782 ], [ -58.96429, -27.497932 ], [ -58.965612, -27.496797 ], [ -58.965929, -27.49709 ], [ -58.965854, -27.497194 ], [ -58.966036, -27.497368 ], [ -58.965567, -27.497811 ], [ -58.965736, -27.497953 ], [ -58.965398, -27.498279 ], [ -58.966095, -27.498962 ], [ -58.965889, -27.499207 ], [ -58.966109, -27.499338 ], [ -58.966669, -27.498936 ], [ -58.966867, -27.499145 ], [ -58.966467, -27.49947 ], [ -58.9654556, -27.5002926 ], [ -58.965673, -27.5004735 ], [ -58.9669436, -27.499309 ], [ -58.967409434660532, -27.49971868357262 ], [ -58.9671932, -27.4999184 ], [ -58.9676853, -27.5003683 ], [ -58.968834, -27.499336 ] ] ] ] } },
{ "type": "Feature", "properties": { "Barrios": "LA TOMA 1", "Municipio": "Barranqueras", "ID": 89, "Área": 129826.0, "Perímetro": 2884.613 }, "geometry": { "type": "MultiPolygon", "coordinates": [ [ [ [ -58.920946927101618, -27.465163648644957 ], [ -58.920851529843453, -27.464743900709045 ], [ -58.919943347945754, -27.465030092483531 ], [ -58.920111247120118, -27.465705505071316 ], [ -58.920737053133664, -27.465564317129235 ], [ -58.920729421353009, -27.465384970283893 ], [ -58.920786659707908, -27.465239966451488 ], [ -58.920946927101618, -27.465163648644957 ] ] ], [ [ [ -58.917303169651134, -27.462919168120582 ], [ -58.917080514582125, -27.463181786919932 ], [ -58.91659678558473, -27.462763322946007 ], [ -58.916669728846244, -27.462698057922548 ], [ -58.916371649837963, -27.462369869923531 ], [ -58.914982690521342, -27.463620121007903 ], [ -58.914975, -27.463728 ], [ -58.915093351340808, -27.463921576343694 ], [ -58.91864212934442, -27.467128832163091 ], [ -58.918890162215639, -27.466812113265995 ], [ -58.9194587298743, -27.467300547227783 ], [ -58.919510244393699, -27.467245216818053 ], [ -58.920572969849637, -27.468240210220674 ], [ -58.920548166562511, -27.468264059535215 ], [ -58.921214039424484, -27.468876509932624 ], [ -58.921152031206688, -27.468930886369776 ], [ -58.92140197202307, -27.469144576228057 ], [ -58.921514540787697, -27.469028191573109 ], [ -58.922023008173703, -27.469462249097742 ], [ -58.9219352426962, -27.469530935123618 ], [ -58.922349266796616, -27.469872457307833 ], [ -58.923148, -27.469161 ], [ -58.923008, -27.468945 ], [ -58.922314, -27.468631 ], [ -58.920967, -27.468 ], [ -58.920133, -27.467419 ], [ -58.919371, -27.466489 ], [ -58.9188, -27.465553 ], [ -58.918226197298843, -27.464717189476758 ], [ -58.918470461513948, -27.464577958874148 ], [ -58.918493309621695, -27.464419550031295 ], [ -58.918157511272959, -27.46420204428269 ], [ -58.917810265253252, -27.46385861415331 ], [ -58.917417276800485, -27.463189802224047 ], [ -58.917303169651134, -27.462919168120582 ] ] ] ] } },
{ "type": "Feature", "properties": { "Barrios": "SIN NOMBRE", "Municipio": "Barranqueras", "ID": 90, "Área": 46977.0, "Perímetro": 1101.629 }, "geometry": { "type": "MultiPolygon", "coordinates": [ [ [ [ -58.917428269081043, -27.461350754621591 ], [ -58.918388389999961, -27.462585168999965 ], [ -58.919109, -27.462109 ], [ -58.920099, -27.461216 ], [ -58.921846, -27.461124 ], [ -58.921681, -27.460431 ], [ -58.919879, -27.460676 ], [ -58.918517, -27.46054 ], [ -58.917428269081043, -27.461350754621591 ] ] ] ] } },
{ "type": "Feature", "properties": { "Barrios": "QUERINI", "Municipio": "Fontana", "ID": 91, "Área": 320974.0, "Perímetro": 4675.757 }, "geometry": { "type": "MultiPolygon", "coordinates": [ [ [ [ -59.014623065048525, -27.423315116504785 ], [ -59.01506315568863, -27.422914030744895 ], [ -59.014038657205198, -27.422169805676798 ], [ -59.013234750228968, -27.421622414829571 ], [ -59.012436108905717, -27.421029798079321 ], [ -59.011982120087303, -27.420533342794691 ], [ -59.011152438646768, -27.418378759270691 ], [ -59.011177881703709, -27.417482497347969 ], [ -59.012426409518341, -27.414385056030589 ], [ -59.013049955796923, -27.414581538084871 ], [ -59.013176887754902, -27.414283395578924 ], [ -59.013894015117856, -27.414043596691947 ], [ -59.014977499385537, -27.414834612867971 ], [ -59.015667141513241, -27.41433925994642 ], [ -59.015132188934629, -27.413762863138029 ], [ -59.016594045250038, -27.412155637089089 ], [ -59.01617890761576, -27.411832925167701 ], [ -59.015929691847518, -27.41216330774979 ], [ -59.015527914240138, -27.412520844760419 ], [ -59.015154664774563, -27.412848769263178 ], [ -59.014844665407999, -27.412705376419289 ], [ -59.014369715727568, -27.412577411995699 ], [ -59.01285931814266, -27.412308815907281 ], [ -59.012578348, -27.41289297 ], [ -59.012034290676787, -27.412460812148399 ], [ -59.011316622558901, -27.413376881353699 ], [ -59.009963455319237, -27.41250731461799 ], [ -59.00820409066695, -27.413606406880461 ], [ -59.008269222707398, -27.414574 ], [ -59.008793648676672, -27.415981743214974 ], [ -59.008319607988092, -27.416462079415599 ], [ -59.008292979055113, -27.416800136414853 ], [ -59.008929095021713, -27.416968154085456 ], [ -59.009578514341591, -27.417233825625409 ], [ -59.009912079719534, -27.417543775755355 ], [ -59.010291560256753, -27.418065524515441 ], [ -59.010570354757427, -27.418503145205189 ], [ -59.010638843825284, -27.418973774087281 ], [ -59.010658911937412, -27.419314919355042 ], [ -59.010483560751062, -27.419574579586595 ], [ -59.0101747993535, -27.419801983844955 ], [ -59.011397209558893, -27.420901888646199 ], [ -59.011751117157225, -27.420900092876753 ], [ -59.013135501030497, -27.422271747882 ], [ -59.012492045563079, -27.422907388956393 ], [ -59.013861729946832, -27.424167852818169 ], [ -59.014752908274616, -27.423477615515932 ], [ -59.014623065048525, -27.423315116504785 ] ] ] ] } },
{ "type": "Feature", "properties": { "Barrios": "EX CAMPO ZAMPA", "Municipio": "Resistencia", "ID": 92, "Área": 745784.0, "Perímetro": 4338.388 }, "geometry": { "type": "MultiPolygon", "coordinates": [ [ [ [ -58.993282788362421, -27.492603241856173 ], [ -58.993284708383015, -27.492602521859514 ], [ -58.993326536849949, -27.492824247881909 ], [ -58.993281914488662, -27.493030299419484 ], [ -58.993323791739748, -27.49311376483849 ], [ -58.993178633179063, -27.493830680513796 ], [ -58.993227211555116, -27.493859900427111 ], [ -58.994083166199843, -27.492943209083375 ], [ -58.994867849553117, -27.492276658777495 ], [ -58.995272549552169, -27.492289969383059 ], [ -58.995767170264365, -27.492165045046971 ], [ -58.995867160736374, -27.492218376080604 ], [ -58.995962271054303, -27.49265356604193 ], [ -58.99669292634848, -27.492870783625879 ], [ -58.997813889127968, -27.491869170699651 ], [ -58.997887, -27.491941 ], [ -59.000645, -27.489476 ], [ -59.000738744222957, -27.489380089037532 ], [ -58.998208610261976, -27.487162741266356 ], [ -58.997232651746693, -27.486257651746659 ], [ -58.994343375640241, -27.483639970073355 ], [ -58.986956139555367, -27.490090909452974 ], [ -58.989728000987576, -27.492508353488315 ], [ -58.990421667999954, -27.491824674999975 ], [ -58.991355839253245, -27.491448080463257 ], [ -58.991355451892929, -27.49144612871962 ], [ -58.991782366463553, -27.491315487355209 ], [ -58.99207796047039, -27.491035199708829 ], [ -58.992698165992969, -27.491503121746849 ], [ -58.993134983098933, -27.491752351936 ], [ -58.993284327454518, -27.49259723881244 ], [ -58.993282788362421, -27.492603241856173 ] ], [ [ -58.991394291734039, -27.487292598961297 ], [ -58.991933066950693, -27.48683342420102 ], [ -58.992524487089668, -27.487341643524026 ], [ -58.992211930334292, -27.48760244278213 ], [ -58.992323032900117, -27.487697608201529 ], [ -58.992099603751875, -27.487892114176461 ], [ -58.991394291734039, -27.487292598961297 ] ] ] ] } },
{ "type": "Feature", "properties": { "Barrios": "BARRIO CHINO", "Municipio": "Resistencia", "ID": 93, "Área": 29737.0, "Perímetro": 895.166 }, "geometry": { "type": "MultiPolygon", "coordinates": [ [ [ [ -59.001685815065436, -27.434680868340561 ], [ -59.001445078384215, -27.43490673668116 ], [ -59.001209078384242, -27.435049736681197 ], [ -59.000868868340575, -27.435110078384231 ], [ -59.000235868340582, -27.435096078384209 ], [ -58.999741868340571, -27.435039946724842 ], [ -58.999135317639798, -27.435058509202396 ], [ -58.999249796280658, -27.435276054228535 ], [ -58.999421815065467, -27.435547263318721 ], [ -58.999560288427929, -27.435767921615657 ], [ -58.999843470724855, -27.435998404296921 ], [ -59.000059103318748, -27.436134716956278 ], [ -59.000254020362419, -27.436111584593842 ], [ -59.000469164724862, -27.436315183934443 ], [ -59.000723736681195, -27.436417526637531 ], [ -59.001048526637497, -27.436140263318759 ], [ -59.001491206999958, -27.435659376956298 ], [ -59.001686736681151, -27.435810921615662 ], [ -59.002021868340556, -27.435486288427928 ], [ -59.002078369803428, -27.435285641746674 ], [ -59.001853028165876, -27.435090445196465 ], [ -59.002024394978136, -27.434706131659343 ], [ -59.001630868340584, -27.434334078384261 ], [ -59.001492815065468, -27.434454526637488 ], [ -59.001685815065436, -27.434680868340561 ] ] ] ] } },
{ "type": "Feature", "properties": { "Barrios": "BARRIO CAMALOTE", "Municipio": "Resistencia", "ID": 94, "Área": 9479.0, "Perímetro": 564.786 }, "geometry": { "type": "MultiPolygon", "coordinates": [ [ [ [ -59.005005, -27.430794 ], [ -59.004729, -27.43059 ], [ -59.004638, -27.430642 ], [ -59.004214, -27.431037 ], [ -59.003511, -27.431371 ], [ -59.002728, -27.431618 ], [ -59.003181, -27.432075 ], [ -59.004321, -27.431309 ], [ -59.005005, -27.430794 ] ] ] ] } },
{ "type": "Feature", "properties": { "Barrios": "BARRIO CARPINCHO MACHO", "Municipio": "Resistencia", "ID": 95, "Área": 53549.0, "Perímetro": 1391.001 }, "geometry": { "type": "MultiPolygon", "coordinates": [ [ [ [ -59.044783394553434, -27.46154233664636 ], [ -59.04558081630028, -27.460838729222676 ], [ -59.044766977046891, -27.460097596069726 ], [ -59.043933933488738, -27.46078748948187 ], [ -59.044783394553434, -27.46154233664636 ] ] ], [ [ [ -59.046488, -27.457034 ], [ -59.044788414024353, -27.458535585975554 ], [ -59.04557901753045, -27.459263207012178 ], [ -59.046512810518266, -27.458494810518236 ], [ -59.047314, -27.459227 ], [ -59.048151, -27.458498 ], [ -59.046488, -27.457034 ] ] ] ] } },
{ "type": "Feature", "properties": { "Barrios": "VEINTE DE FEBRERO", "Municipio": "Resistencia", "ID": 96, "Área": 19640.0, "Perímetro": 632.024 }, "geometry": { "type": "MultiPolygon", "coordinates": [ [ [ [ -59.04074540199997, -27.449716072999934 ], [ -59.041082587999938, -27.449995695999974 ], [ -59.041382943999963, -27.450271141999963 ], [ -59.042991, -27.448775 ], [ -59.042406, -27.448242 ], [ -59.04074540199997, -27.449716072999934 ] ] ] ] } },
{ "type": "Feature", "properties": { "Barrios": "VILLA LOS LIRIOS", "Municipio": "Resistencia", "ID": 97, "Área": 24787.0, "Perímetro": 1262.528 }, "geometry": { "type": "MultiPolygon", "coordinates": [ [ [ [ -58.964907, -27.462145 ], [ -58.964617, -27.462429 ], [ -58.96481, -27.462617 ], [ -58.96462, -27.462852 ], [ -58.964711, -27.462936 ], [ -58.964534, -27.463102 ], [ -58.964279, -27.462909 ], [ -58.963979, -27.463166 ], [ -58.96462, -27.463745 ], [ -58.964823, -27.463604 ], [ -58.96517, -27.463863 ], [ -58.96537, -27.463682 ], [ -58.964934, -27.463283 ], [ -58.964878, -27.463237 ], [ -58.965316, -27.462867 ], [ -58.965016, -27.4626 ], [ -58.965408, -27.462254 ], [ -58.965951, -27.461769 ], [ -58.966199, -27.461579 ], [ -58.966591, -27.461878 ], [ -58.967028, -27.461638 ], [ -58.967077, -27.461617 ], [ -58.967237, -27.461712 ], [ -58.967517, -27.461824 ], [ -58.967761, -27.4616 ], [ -58.967218, -27.461379 ], [ -58.966759, -27.461305 ], [ -58.966134, -27.461257 ], [ -58.965664, -27.461337 ], [ -58.965231, -27.461615 ], [ -58.964907, -27.462145 ] ] ] ] } },
{ "type": "Feature", "properties": { "Barrios": "DIECISIETE DE JULIO", "Municipio": "Resistencia", "ID": 98, "Área": 36344.0, "Perímetro": 1500.201 }, "geometry": { "type": "MultiPolygon", "coordinates": [ [ [ [ -59.046684117010869, -27.481753605309795 ], [ -59.050386464896668, -27.478413605309758 ], [ -59.050028024195576, -27.478093048103254 ], [ -59.048944586268178, -27.479033327024247 ], [ -59.047840838071217, -27.480147965625456 ], [ -59.045517, -27.482358 ], [ -59.04613, -27.483015 ], [ -59.047019, -27.482137 ], [ -59.046684117010869, -27.481753605309795 ] ] ] ] } },
{ "type": "Feature", "properties": { "Barrios": "MALVINAS ARGENTINAS 2", "Municipio": "Fontana", "ID": 99, "Área": 190289.0, "Perímetro": 1949.713 }, "geometry": { "type": "MultiPolygon", "coordinates": [ [ [ [ -59.022049465400379, -27.417055619971137 ], [ -59.020704385925065, -27.415793057655087 ], [ -59.020597255892099, -27.415801357229657 ], [ -59.020073723146268, -27.415333313282908 ], [ -59.018563589999985, -27.416531851999935 ], [ -59.018427577999944, -27.416447453999979 ], [ -59.018107210999972, -27.416547445999981 ], [ -59.016870762999986, -27.417980870999941 ], [ -59.017235937999942, -27.41831192199993 ], [ -59.017706334999957, -27.418296632999954 ], [ -59.017948986999954, -27.419060484999932 ], [ -59.017531391999967, -27.419301423999968 ], [ -59.017941912999959, -27.419700453999951 ], [ -59.018471409999961, -27.419385305999981 ], [ -59.019257194999966, -27.420070618999944 ], [ -59.019686442999955, -27.420493351999937 ], [ -59.019986831999972, -27.420279124999979 ], [ -59.020247610999945, -27.420199320999927 ], [ -59.020200613999975, -27.420286488999977 ], [ -59.020185908999963, -27.42037249699996 ], [ -59.020270287999949, -27.420493645999954 ], [ -59.020221069999934, -27.420559238999942 ], [ -59.020169083999974, -27.42066024199994 ], [ -59.020276517999946, -27.42075523699998 ], [ -59.020463640999935, -27.42066716599993 ], [ -59.020536755999956, -27.420586967999952 ], [ -59.020535896999945, -27.420551592999971 ], [ -59.02061009199997, -27.420470623999961 ], [ -59.020598792999976, -27.420389812999929 ], [ -59.020819031999963, -27.420225654999967 ], [ -59.020999527999948, -27.420051160999947 ], [ -59.020970330999944, -27.419975533999946 ], [ -59.021884097999987, -27.419149544931614 ], [ -59.021966585999962, -27.41917187599995 ], [ -59.022173537999947, -27.418926427999963 ], [ -59.022142297999949, -27.418885369999941 ], [ -59.022742054004766, -27.418297888429201 ], [ -59.022436953433996, -27.418020256858465 ], [ -59.022582955575501, -27.417806990282923 ], [ -59.022309886863276, -27.417506110853637 ], [ -59.022049465400379, -27.417055619971137 ] ] ] ] } },
{ "type": "Feature", "properties": { "Barrios": "VILLA SARMIENTO", "Municipio": "Resistencia", "ID": 100, "Área": 2095.0, "Perímetro": 267.394 }, "geometry": { "type": "MultiPolygon", "coordinates": [ [ [ [ -59.021033, -27.428814 ], [ -59.02197, -27.428127 ], [ -59.02182, -27.428063 ], [ -59.021596, -27.42818 ], [ -59.021353, -27.428355 ], [ -59.020918, -27.428705 ], [ -59.021033, -27.428814 ] ] ] ] } },
{ "type": "Feature", "properties": { "Barrios": "CAFAYATE", "Municipio": "Resistencia", "ID": 101, "Área": 26396.0, "Perímetro": 668.399 }, "geometry": { "type": "MultiPolygon", "coordinates": [ [ [ [ -59.022856, -27.430735 ], [ -59.021641, -27.429579 ], [ -59.020607, -27.430555 ], [ -59.021952655999939, -27.431772225999964 ], [ -59.022276508999937, -27.431454462999966 ], [ -59.022208, -27.431353 ], [ -59.022856, -27.430735 ] ] ] ] } },
{ "type": "Feature", "properties": { "Barrios": "VILLA ORO 1", "Municipio": "Fontana", "ID": 102, "Área": 9347.0, "Perímetro": 415.03 }, "geometry": { "type": "MultiPolygon", "coordinates": [ [ [ [ -59.020008, -27.424881 ], [ -59.021026, -27.423995 ], [ -59.020559, -27.423575 ], [ -59.019522, -27.424464 ], [ -59.020008, -27.424881 ] ] ] ] } },
{ "type": "Feature", "properties": { "Barrios": "BALASTRO 1", "Municipio": "Fontana", "ID": 103, "Área": 353870.0, "Perímetro": 4497.173 }, "geometry": { "type": "MultiPolygon", "coordinates": [ [ [ [ -59.021652, -27.404591 ], [ -59.030224, -27.412134 ], [ -59.031969, -27.410667 ], [ -59.031384, -27.409974 ], [ -59.030744, -27.409397 ], [ -59.029412, -27.410408 ], [ -59.028122, -27.409433572937616 ], [ -59.023751854124605, -27.405635156439121 ], [ -59.026047, -27.404383 ], [ -59.023131, -27.40015 ], [ -59.022046, -27.401071 ], [ -59.017982, -27.404096 ], [ -59.019922, -27.405551 ], [ -59.021652, -27.404591 ] ] ] ] } },
{ "type": "Feature", "properties": { "Barrios": "SAN CAYETANO 2", "Municipio": "Barranqueras", "ID": 104, "Área": 60673.0, "Perímetro": 1371.53 }, "geometry": { "type": "MultiPolygon", "coordinates": [ [ [ [ -58.965905598253237, -27.50337943930127 ], [ -58.965632789269641, -27.502954707553911 ], [ -58.96509748611718, -27.502540151633955 ], [ -58.965273016494677, -27.502374828120516 ], [ -58.965028016786704, -27.50211136979571 ], [ -58.964790176419157, -27.502117401746663 ], [ -58.963876933867482, -27.502535508653843 ], [ -58.963798261431549, -27.502529606303391 ], [ -58.963489553632044, -27.502664169233523 ], [ -58.963623634085764, -27.50289583819205 ], [ -58.963433690363679, -27.503067377157887 ], [ -58.963262278739293, -27.502918787393149 ], [ -58.962780951175212, -27.50309339369657 ], [ -58.962642290175218, -27.503576769999938 ], [ -58.962386331957241, -27.503908024957237 ], [ -58.962293128175197, -27.504184162478595 ], [ -58.962529158260637, -27.504361502824729 ], [ -58.963134538692245, -27.503877050393118 ], [ -58.9629306399043, -27.503610155563724 ], [ -58.963078631364326, -27.503434824991956 ], [ -58.963258568260656, -27.503547143611087 ], [ -58.963497813911061, -27.503889543293699 ], [ -58.963825742999973, -27.504242904999955 ], [ -58.963482281999973, -27.504805573999931 ], [ -58.963926, -27.505229 ], [ -58.964739, -27.505052 ], [ -58.96492, -27.504951 ], [ -58.964716, -27.504395 ], [ -58.965286, -27.503964 ], [ -58.965905598253237, -27.50337943930127 ] ] ] ] } },
{ "type": "Feature", "properties": { "Barrios": "EDISON 2 \"CANALLAS DEL SUR\"", "Municipio": "Resistencia", "ID": 105, "Área": 20645.0, "Perímetro": 566.374 }, "geometry": { "type": "MultiPolygon", "coordinates": [ [ [ [ -58.970497979778571, -27.495381006472208 ], [ -58.97049400361346, -27.495381006472208 ], [ -58.969636028252417, -27.494597100926509 ], [ -58.968626916638129, -27.495498541680888 ], [ -58.969667132310448, -27.496392856999933 ], [ -58.970052015999954, -27.496177742999976 ], [ -58.970176694999964, -27.496047703999977 ], [ -58.97065405728479, -27.495546472034153 ], [ -58.970497979778571, -27.495381006472208 ] ] ] ] } },
{ "type": "Feature", "properties": { "Barrios": "VILLA ELBA", "Municipio": "Resistencia", "ID": 106, "Área": 68164.0, "Perímetro": 1540.798 }, "geometry": { "type": "MultiPolygon", "coordinates": [ [ [ [ -59.014181, -27.426714 ], [ -59.014374, -27.426804 ], [ -59.014449, -27.427071 ], [ -59.014840577734354, -27.427231111328084 ], [ -59.015409199609344, -27.42744426679684 ], [ -59.015924199609351, -27.427917955859336 ], [ -59.016268266796828, -27.427917533593696 ], [ -59.016477, -27.427871 ], [ -59.017054976953069, -27.428251577734347 ], [ -59.017716155468733, -27.428798533593689 ], [ -59.017855422265576, -27.428671844531227 ], [ -59.018424577734336, -27.429172222656206 ], [ -59.01903026679684, -27.428651533593715 ], [ -59.019304, -27.428479955859334 ], [ -59.02013, -27.428320266796842 ], [ -59.019991, -27.42769 ], [ -59.019824, -27.427714 ], [ -59.019245, -27.427814 ], [ -59.018494, -27.427833 ], [ -59.017866, -27.427719 ], [ -59.017282, -27.427390466406226 ], [ -59.016394844531213, -27.426781466406229 ], [ -59.015791111328056, -27.426340733203062 ], [ -59.01560268906244, -27.426047378124977 ], [ -59.015651756249973, -27.425919378124959 ], [ -59.015377310937446, -27.425660155468716 ], [ -59.014181, -27.426714 ] ] ] ] } },
{ "type": "Feature", "properties": { "Barrios": "BARRIO SAN JAVIER", "Municipio": "Resistencia", "ID": 107, "Área": 32361.0, "Perímetro": 1834.245 }, "geometry": { "type": "MultiPolygon", "coordinates": [ [ [ [ -59.015913311818807, -27.432661384025831 ], [ -59.015227, -27.433251 ], [ -59.014777, -27.433623 ], [ -59.013735703508225, -27.432753391689371 ], [ -59.01325841099807, -27.433118833891559 ], [ -59.012759680517568, -27.432689167404693 ], [ -59.012417954931756, -27.432907977187515 ], [ -59.013012865879809, -27.433468756404018 ], [ -59.012883420714616, -27.433616090139083 ], [ -59.013086768051714, -27.433828456232881 ], [ -59.013908, -27.43307 ], [ -59.013983, -27.433008 ], [ -59.014696311818803, -27.433655615974093 ], [ -59.012867007663516, -27.435222 ], [ -59.01319947156, -27.435507615974078 ], [ -59.015630123387432, -27.433420243075961 ], [ -59.016081485436004, -27.433074656002141 ], [ -59.017110072206989, -27.432117231948215 ], [ -59.016809384025862, -27.431866695844644 ], [ -59.015913311818807, -27.432661384025831 ] ] ] ] } },
{ "type": "Feature", "properties": { "Barrios": "DOCE DE AGOSTO", "Municipio": "Resistencia", "ID": 108, "Área": 23494.0, "Perímetro": 620.303 }, "geometry": { "type": "MultiPolygon", "coordinates": [ [ [ [ -59.023528382973424, -27.461187285107943 ], [ -59.024497, -27.461914808513207 ], [ -59.025065859589368, -27.461463519094572 ], [ -59.025788404256595, -27.460773357445959 ], [ -59.024878238297333, -27.459976714891976 ], [ -59.023528382973424, -27.461187285107943 ] ] ] ] } },
{ "type": "Feature", "properties": { "Barrios": "VILLA DÓNOVAN 2", "Municipio": "Resistencia", "ID": 109, "Área": 22126.0, "Perímetro": 694.233 }, "geometry": { "type": "MultiPolygon", "coordinates": [ [ [ [ -58.963766152798591, -27.466880615085302 ], [ -58.962774943228631, -27.46592469182929 ], [ -58.962519423600611, -27.466311077371987 ], [ -58.962296, -27.466499731143305 ], [ -58.961878307542634, -27.466544077371967 ], [ -58.961449307542637, -27.466516077371981 ], [ -58.96108750097261, -27.46647338491465 ], [ -58.962551731143321, -27.467704230170622 ], [ -58.963766152798591, -27.466880615085302 ] ] ] ] } },
{ "type": "Feature", "properties": { "Barrios": "VILLA ITATÍ", "Municipio": "Resistencia", "ID": 110, "Área": 12927.0, "Perímetro": 663.528 }, "geometry": { "type": "MultiPolygon", "coordinates": [ [ [ [ -58.978903987808287, -27.466375068383208 ], [ -58.978788990425045, -27.466260063730523 ], [ -58.978349468385552, -27.466700723046397 ], [ -58.978377561048553, -27.466758532851312 ], [ -58.978211374421058, -27.466915171142478 ], [ -58.978230720155587, -27.466979801077773 ], [ -58.976977876635573, -27.468110678261421 ], [ -58.977304562538897, -27.468419531113813 ], [ -58.979051901383265, -27.466859669331242 ], [ -58.978787421574879, -27.466613493538876 ], [ -58.978852763305447, -27.466548723191568 ], [ -58.978777328113793, -27.466494031383242 ], [ -58.978903987808287, -27.466375068383208 ] ] ] ] } },
{ "type": "Feature", "properties": { "Barrios": "SAN ANTONIO (SECTOR B)", "Municipio": "Resistencia", "ID": 111, "Área": 151024.0, "Perímetro": 1933.374 }, "geometry": { "type": "MultiPolygon", "coordinates": [ [ [ [ -58.971548, -27.494522 ], [ -58.971784, -27.494406 ], [ -58.972314, -27.494154 ], [ -58.972454, -27.493993 ], [ -58.972418, -27.493875 ], [ -58.972596, -27.49398 ], [ -58.972942, -27.493806 ], [ -58.973032, -27.493693 ], [ -58.973383, -27.493886 ], [ -58.973553, -27.493829 ], [ -58.973637, -27.49375 ], [ -58.973607, -27.493718 ], [ -58.974109, -27.493308 ], [ -58.974569, -27.492871 ], [ -58.974291, -27.492612 ], [ -58.973921, -27.492309 ], [ -58.973605, -27.492003 ], [ -58.973057, -27.4915 ], [ -58.973004, -27.491379 ], [ -58.972719, -27.491176 ], [ -58.972401, -27.491432 ], [ -58.972517, -27.491561 ], [ -58.97193, -27.492072 ], [ -58.971217, -27.492689 ], [ -58.970921, -27.492405 ], [ -58.970445, -27.491992 ], [ -58.969819, -27.491447 ], [ -58.969595, -27.49164 ], [ -58.968979, -27.492217 ], [ -58.968439, -27.492711 ], [ -58.968032, -27.493078 ], [ -58.968414, -27.493436 ], [ -58.968948, -27.493911 ], [ -58.969306, -27.494258 ], [ -58.969877, -27.494771 ], [ -58.970298, -27.49517 ], [ -58.970767, -27.495581 ], [ -58.970945, -27.49555 ], [ -58.971068, -27.495622 ], [ -58.971191, -27.495486 ], [ -58.97114, -27.495358 ], [ -58.971441, -27.494901 ], [ -58.971269, -27.494822 ], [ -58.971548, -27.494522 ] ] ] ] } },
{ "type": "Feature", "properties": { "Barrios": "BARRIO GENERAL SAN MARTÍN 2", "Municipio": "Barranqueras", "ID": 112, "Área": 18761.0, "Perímetro": 633.119 }, "geometry": { "type": "MultiPolygon", "coordinates": [ [ [ [ -58.928199177308706, -27.47092470923489 ], [ -58.928871411345604, -27.471609056728131 ], [ -58.930570936147596, -27.470100588654294 ], [ -58.930116177308697, -27.469750120580493 ], [ -58.929378588654338, -27.470297475197992 ], [ -58.928902177308693, -27.470360297889243 ], [ -58.928199177308706, -27.47092470923489 ] ] ] ] } },
{ "type": "Feature", "properties": { "Barrios": "BARRIO GÜEMES VIEJO", "Municipio": "Fontana", "ID": 113, "Área": 79198.0, "Perímetro": 1186.76 }, "geometry": { "type": "MultiPolygon", "coordinates": [ [ [ [ -59.036765684301976, -27.427197480890595 ], [ -59.038296045838763, -27.425126416601799 ], [ -59.038272495542522, -27.425003362511859 ], [ -59.037951137690648, -27.424710306481071 ], [ -59.037816524327212, -27.42455449902609 ], [ -59.037785886108622, -27.424339757969321 ], [ -59.03777292855591, -27.42417553890343 ], [ -59.037820530051718, -27.424056061212291 ], [ -59.0376109508775, -27.42387308863205 ], [ -59.037167915024341, -27.423670568122581 ], [ -59.037006726977502, -27.423765210645499 ], [ -59.035265376860998, -27.42431255268971 ], [ -59.034859524738856, -27.424420314358802 ], [ -59.034720518533319, -27.424452847726052 ], [ -59.034325681758041, -27.424766351083203 ], [ -59.035279408722019, -27.42573768887349 ], [ -59.035543287750407, -27.425644119259509 ], [ -59.036668084200215, -27.427203396048277 ], [ -59.036765684301976, -27.427197480890595 ] ] ] ] } },
{ "type": "Feature", "properties": { "Barrios": "VARONI", "Municipio": "Fontana", "ID": 114, "Área": 8510.0, "Perímetro": 404.582 }, "geometry": { "type": "MultiPolygon", "coordinates": [ [ [ [ -59.0393, -27.429756 ], [ -59.040036, -27.428988 ], [ -59.039901, -27.42887 ], [ -59.039244, -27.428732 ], [ -59.039008313872266, -27.428565686127694 ], [ -59.0388, -27.428745 ], [ -59.039015, -27.428992 ], [ -59.03877, -27.429244 ], [ -59.0393, -27.429756 ] ] ] ] } },
{ "type": "Feature", "properties": { "Barrios": "BARRIO QUEBRACHO", "Municipio": "Fontana", "ID": 115, "Área": 38509.0, "Perímetro": 785.078 }, "geometry": { "type": "MultiPolygon", "coordinates": [ [ [ [ -59.040981189042995, -27.42354143287082 ], [ -59.040161189043012, -27.422815425044433 ], [ -59.039978590608293, -27.422701015652766 ], [ -59.039882, -27.422803 ], [ -59.038524, -27.424006 ], [ -59.039867984347154, -27.425185590608269 ], [ -59.041350960868009, -27.423855417218022 ], [ -59.040981189042995, -27.42354143287082 ] ] ] ] } },
{ "type": "Feature", "properties": { "Barrios": "LAGUNA ARGENTINA", "Municipio": "Resistencia", "ID": 116, "Área": 6596.0, "Perímetro": 558.316 }, "geometry": { "type": "MultiPolygon", "coordinates": [ [ [ [ -58.960121335162142, -27.471429732967536 ], [ -58.959882977290043, -27.471334710257604 ], [ -58.95933997729005, -27.472359488645008 ], [ -58.958353710257583, -27.472958488644974 ], [ -58.95849724432248, -27.473184556774754 ], [ -58.959593624904521, -27.472454488644996 ], [ -58.960121335162142, -27.471429732967536 ] ] ] ] } },
{ "type": "Feature", "properties": { "Barrios": "EX GOLF CLUB", "Municipio": "Resistencia", "ID": 117, "Área": 74798.0, "Perímetro": 1774.19 }, "geometry": { "type": "MultiPolygon", "coordinates": [ [ [ [ -58.958430779841962, -27.468272679052056 ], [ -58.957612458894083, -27.469029 ], [ -58.958018119368027, -27.46942 ], [ -58.957879458894034, -27.469551 ], [ -58.958340679052064, -27.469933220157913 ], [ -58.957181880631879, -27.470948899210008 ], [ -58.95673877984197, -27.470564679052011 ], [ -58.956221679052014, -27.471047440315942 ], [ -58.956648018578072, -27.471389440315932 ], [ -58.956248, -27.471747119367983 ], [ -58.955407679052016, -27.471055339525972 ], [ -58.954364679052041, -27.471949899210038 ], [ -58.954841421737783, -27.472423862053791 ], [ -58.956254, -27.472251100789865 ], [ -58.957932541105869, -27.471937981421814 ], [ -58.959025981421846, -27.471009220157924 ], [ -58.958908880631903, -27.468735779841975 ], [ -58.958430779841962, -27.468272679052056 ] ] ] ] } },
{ "type": "Feature", "properties": { "Barrios": "VILLA DÓNOVAN 1", "Municipio": "Resistencia", "ID": 118, "Área": 19671.0, "Perímetro": 756.158 }, "geometry": { "type": "MultiPolygon", "coordinates": [ [ [ [ -58.96545, -27.466346 ], [ -58.965139, -27.466641 ], [ -58.96522, -27.466851 ], [ -58.964839, -27.466746 ], [ -58.964206, -27.466237 ], [ -58.964013, -27.466346 ], [ -58.965789, -27.467893 ], [ -58.966613854799775, -27.467130775062884 ], [ -58.965778, -27.466284 ], [ -58.965715, -27.466314 ], [ -58.965542, -27.466166 ], [ -58.96545, -27.466346 ] ] ] ] } },
{ "type": "Feature", "properties": { "Barrios": "PUERTO VICENTINI", "Municipio": "Fontana", "ID": 119, "Área": 265349.0, "Perímetro": 3116.391 }, "geometry": { "type": "MultiPolygon", "coordinates": [ [ [ [ -59.055791751995429, -27.408955248004499 ], [ -59.055071034062173, -27.408245767533337 ], [ -59.054981466907861, -27.408049839383271 ], [ -59.054920012992426, -27.407868504015021 ], [ -59.054770522004475, -27.407658813007483 ], [ -59.054251715004483, -27.407605469007503 ], [ -59.053026174004479, -27.407902551002962 ], [ -59.051999, -27.408949 ], [ -59.051049109410471, -27.408044944300961 ], [ -59.051803586043441, -27.407193035135009 ], [ -59.052022687410897, -27.406844765338999 ], [ -59.050989839207958, -27.406458760587181 ], [ -59.050063, -27.40729 ], [ -59.050168, -27.407385 ], [ -59.049743, -27.407764 ], [ -59.050453, -27.40851 ], [ -59.050989, -27.408877 ], [ -59.051303615633735, -27.409163830865079 ], [ -59.052163491626764, -27.409950068675002 ], [ -59.048796790252972, -27.411410902132925 ], [ -59.048996857367797, -27.411583865655654 ], [ -59.048994725764167, -27.411701540174604 ], [ -59.048351, -27.412046 ], [ -59.049275931004466, -27.412868179992447 ], [ -59.049571050992405, -27.413138373337908 ], [ -59.049737773004466, -27.413342031986396 ], [ -59.056835786899583, -27.410179858271867 ], [ -59.056856779201382, -27.410010520370736 ], [ -59.056849781767454, -27.409918154242849 ], [ -59.056774209480999, -27.409811793247094 ], [ -59.056658052077744, -27.409733421987067 ], [ -59.056545549145838, -27.409677046453716 ], [ -59.056442531112644, -27.409586475874516 ], [ -59.056228409634357, -27.40930937749085 ], [ -59.055791751995429, -27.408955248004499 ] ] ] ] } },
{ "type": "Feature", "properties": { "Barrios": "BETTINA VASQUEZ", "Municipio": "Resistencia", "ID": 120, "Área": 166563.0, "Perímetro": 1649.563 }, "geometry": { "type": "MultiPolygon", "coordinates": [ [ [ [ -59.035696009300715, -27.464844811946019 ], [ -59.036521982575856, -27.465672162060304 ], [ -59.039007957294302, -27.467899985764763 ], [ -59.041587688931138, -27.465754970679569 ], [ -59.038079949979974, -27.462632272058919 ], [ -59.035696009300715, -27.464844811946019 ] ] ] ] } },
{ "type": "Feature", "properties": { "Barrios": "VILLA SAN ISIDRO 1", "Municipio": "Barranqueras", "ID": 121, "Área": 43916.0, "Perímetro": 856.824 }, "geometry": { "type": "MultiPolygon", "coordinates": [ [ [ [ -58.935138274390269, -27.475769241869866 ], [ -58.936208241869878, -27.476655418698972 ], [ -58.938067451219382, -27.474934209349449 ], [ -58.937309758130056, -27.47461227439025 ], [ -58.936691, -27.474565790650438 ], [ -58.935935758130064, -27.474624032520371 ], [ -58.93514675813006, -27.474782516260127 ], [ -58.934662548780544, -27.475114516260142 ], [ -58.934768790650473, -27.475397967479566 ], [ -58.935138274390269, -27.475769241869866 ] ] ] ] } },
{ "type": "Feature", "properties": { "Barrios": "LA LIGURIA AMPLIACIÓN", "Municipio": "Resistencia", "ID": 122, "Área": 6855.0, "Perímetro": 402.471 }, "geometry": { "type": "MultiPolygon", "coordinates": [ [ [ [ -58.951055417448444, -27.474224878518061 ], [ -58.95030341744841, -27.474253043621097 ], [ -58.950595956378784, -27.47457125234537 ], [ -58.950773121481895, -27.474517461069556 ], [ -58.951162451688035, -27.475185582551504 ], [ -58.951826034239559, -27.474929834896869 ], [ -58.951055417448444, -27.474224878518061 ] ] ] ] } },
{ "type": "Feature", "properties": { "Barrios": "LA LIGURIA 2", "Municipio": "Resistencia", "ID": 123, "Área": 21459.0, "Perímetro": 833.039 }, "geometry": { "type": "MultiPolygon", "coordinates": [ [ [ [ -58.946955668354065, -27.475722728007014 ], [ -58.946423, -27.476203 ], [ -58.94657921184956, -27.476393004222356 ], [ -58.946235, -27.476731 ], [ -58.946364, -27.476817 ], [ -58.946734, -27.476608 ], [ -58.947313, -27.476988 ], [ -58.947866, -27.477302 ], [ -58.948231, -27.477274 ], [ -58.948547, -27.477498 ], [ -58.948869, -27.477564 ], [ -58.94925, -27.477245 ], [ -58.948408, -27.476584 ], [ -58.948102, -27.476817 ], [ -58.947485, -27.476312 ], [ -58.947552489641687, -27.476262621725674 ], [ -58.946955668354065, -27.475722728007014 ] ] ] ] } },
{ "type": "Feature", "properties": { "Barrios": "CRISTO REY", "Municipio": "Barranqueras", "ID": 124, "Área": 60903.0, "Perímetro": 1843.753 }, "geometry": { "type": "MultiPolygon", "coordinates": [ [ [ [ -58.999403, -27.409605 ], [ -58.998504, -27.408769 ], [ -58.997598, -27.407983 ], [ -58.997362, -27.408176 ], [ -58.996305, -27.409088 ], [ -58.995205, -27.409959 ], [ -58.99502, -27.409788 ], [ -58.994291, -27.410117 ], [ -58.993805, -27.409702 ], [ -58.993488, -27.409948 ], [ -58.994103, -27.41056 ], [ -58.994899, -27.410105 ], [ -58.995422, -27.410138 ], [ -58.995613, -27.410264 ], [ -58.996402, -27.410009 ], [ -58.996619, -27.410219 ], [ -58.997112, -27.409867 ], [ -58.996975, -27.409698 ], [ -58.997158, -27.409545 ], [ -58.997606, -27.409507 ], [ -58.997906, -27.409276 ], [ -58.998129, -27.409488 ], [ -58.997836, -27.409678 ], [ -58.998145, -27.410038 ], [ -58.998456, -27.409798 ], [ -58.998958, -27.410269 ], [ -58.999406, -27.41079 ], [ -58.999566, -27.410598 ], [ -58.999996, -27.409938 ], [ -58.999934, -27.409902 ], [ -58.999403, -27.409605 ] ] ] ] } },
{ "type": "Feature", "properties": { "Barrios": "CAA CUI", "Municipio": "Fontana", "ID": 125, "Área": 28751.0, "Perímetro": 1101.101 }, "geometry": { "type": "MultiPolygon", "coordinates": [ [ [ [ -59.04464457308832, -27.411602420159824 ], [ -59.044461830673733, -27.411455852372601 ], [ -59.043602796981219, -27.410779446783447 ], [ -59.041392379786707, -27.40882783083434 ], [ -59.04046327863653, -27.409724442726834 ], [ -59.040772371515374, -27.410016560377784 ], [ -59.041267602983666, -27.409646213538764 ], [ -59.042044934478348, -27.410387272284876 ], [ -59.042815334390163, -27.410826052648876 ], [ -59.044012962894008, -27.411480079953606 ], [ -59.044309404866496, -27.411649132228998 ], [ -59.044486749240228, -27.411681210529711 ], [ -59.04464457308832, -27.411602420159824 ] ] ] ] } },
{ "type": "Feature", "properties": { "Barrios": "BARRIO INDEPENDENCIA 3", "Municipio": "Fontana", "ID": 126, "Área": 12134.0, "Perímetro": 507.977 }, "geometry": { "type": "MultiPolygon", "coordinates": [ [ [ [ -59.042506261818609, -27.403426563309434 ], [ -59.041140690129346, -27.404656674045569 ], [ -59.041615818190635, -27.405054790144181 ], [ -59.04294788018602, -27.40383842724783 ], [ -59.042506261818609, -27.403426563309434 ] ] ] ] } },
{ "type": "Feature", "properties": { "Barrios": "PRIMERO DE MAYO", "Municipio": "Resistencia", "ID": 127, "Área": 2932.0, "Perímetro": 215.723 }, "geometry": { "type": "MultiPolygon", "coordinates": [ [ [ [ -58.974377, -27.495841064146063 ], [ -58.974775699389909, -27.495507445999976 ], [ -58.974363035585327, -27.495163459268458 ], [ -58.974261544312462, -27.495236568399125 ], [ -58.97399295509765, -27.495482974341524 ], [ -58.974377, -27.495841064146063 ] ] ] ] } },
{ "type": "Feature", "properties": { "Barrios": "VILLA ODORICO", "Municipio": "Resistencia", "ID": 128, "Área": 27544.0, "Perímetro": 1002.332 }, "geometry": { "type": "MultiPolygon", "coordinates": [ [ [ [ -58.988673161421389, -27.437839330905266 ], [ -58.988444794548933, -27.43804263012882 ], [ -58.988766315064382, -27.438385205451009 ], [ -58.989567849355616, -27.438716260257703 ], [ -58.989471219226751, -27.439207369871074 ], [ -58.988559369871069, -27.439381424677823 ], [ -58.988324479484511, -27.439613684935512 ], [ -58.988542693677793, -27.439891806450966 ], [ -58.989362684935529, -27.440054205451002 ], [ -58.989559890386573, -27.439932630128819 ], [ -58.989755722386548, -27.439782250322097 ], [ -58.990503563999937, -27.439556177999975 ], [ -58.990489750450969, -27.439479966322111 ], [ -58.99060056338655, -27.43941960319323 ], [ -58.99056870451539, -27.43935087780666 ], [ -58.990648883193252, -27.439289737450999 ], [ -58.990715772257715, -27.439289622128825 ], [ -58.9908203143221, -27.439220041999931 ], [ -58.990776, -27.439167369871114 ], [ -58.990608945193273, -27.438936 ], [ -58.990706520515396, -27.43884336987108 ], [ -58.99084528619327, -27.438699587935545 ], [ -58.990471589064398, -27.438340506677822 ], [ -58.990268109613368, -27.438487109613366 ], [ -58.990197, -27.438514424677795 ], [ -58.990063, -27.438379794548911 ], [ -58.989706315064396, -27.438431054806657 ], [ -58.989408, -27.438412054806651 ], [ -58.988992260257703, -27.438191369871081 ], [ -58.988673161421389, -27.437839330905266 ] ] ] ] } },
{ "type": "Feature", "properties": { "Barrios": "VEINTE DE SEPTIEMBRE", "Municipio": "Resistencia", "ID": 129, "Área": 58211.0, "Perímetro": 1287.785 }, "geometry": { "type": "MultiPolygon", "coordinates": [ [ [ [ -58.947077, -27.456993 ], [ -58.945441, -27.456817 ], [ -58.944266, -27.45654 ], [ -58.943848, -27.456155 ], [ -58.943065, -27.456583 ], [ -58.943236, -27.457654 ], [ -58.943794, -27.457883 ], [ -58.945688, -27.457811 ], [ -58.946214, -27.457673 ], [ -58.946761, -27.457688 ], [ -58.947416, -27.45794 ], [ -58.947394, -27.458302 ], [ -58.947716, -27.458249 ], [ -58.948317, -27.457711 ], [ -58.948161, -27.457512 ], [ -58.948059, -27.457378 ], [ -58.947898, -27.457312 ], [ -58.947716, -27.457216 ], [ -58.947077, -27.456993 ] ] ] ] } },
{ "type": "Feature", "properties": { "Barrios": "MARFILIA", "Municipio": "Resistencia", "ID": 130, "Área": 33635.0, "Perímetro": 1648.075 }, "geometry": { "type": "MultiPolygon", "coordinates": [ [ [ [ -58.947699192353987, -27.46228288913991 ], [ -58.947100370678598, -27.461730914058116 ], [ -58.946695724739179, -27.462064950638979 ], [ -58.946073819234975, -27.461504149387363 ], [ -58.945078242199564, -27.462391051038693 ], [ -58.945550359471028, -27.46284912188063 ], [ -58.945364330968694, -27.463005277192813 ], [ -58.945066278003246, -27.462731665928416 ], [ -58.94480828227006, -27.46299509315072 ], [ -58.945095224647048, -27.463252367818317 ], [ -58.945886425037095, -27.462583644268832 ], [ -58.946147630997743, -27.462825163420966 ], [ -58.947032266014389, -27.462390241077998 ], [ -58.947203168941954, -27.462531884561269 ], [ -58.947462927387924, -27.462403676448556 ], [ -58.948078618085567, -27.462699496588442 ], [ -58.947674850552538, -27.462960757933345 ], [ -58.946986070643241, -27.463404110518628 ], [ -58.946321041765302, -27.463739263961077 ], [ -58.945930337397328, -27.464044049486969 ], [ -58.946317783621197, -27.464384422805136 ], [ -58.946963225578251, -27.463822263681241 ], [ -58.947197684858587, -27.463634877306614 ], [ -58.947440291372601, -27.463524437027846 ], [ -58.947909209933265, -27.463146043285839 ], [ -58.948114, -27.462967 ], [ -58.948360991458316, -27.462843322278299 ], [ -58.948474084801724, -27.462544958489936 ], [ -58.948296656157147, -27.462434518211168 ], [ -58.948178973892887, -27.462400118780078 ], [ -58.94805042865039, -27.46239106629821 ], [ -58.947904231068264, -27.462406455517378 ], [ -58.94780374851954, -27.462356214243023 ], [ -58.947699192353987, -27.46228288913991 ] ] ] ] } },
{ "type": "Feature", "properties": { "Barrios": "BARRIO SANTA BÁRBARA 2", "Municipio": "Fontana", "ID": 131, "Área": 16981.0, "Perímetro": 910.122 }, "geometry": { "type": "MultiPolygon", "coordinates": [ [ [ [ -59.017266843353632, -27.42011403323513 ], [ -59.017100217235125, -27.420001602175912 ], [ -59.016284328235159, -27.420850297646272 ], [ -59.016174984705508, -27.420925595292552 ], [ -59.016033015294404, -27.420808625881442 ], [ -59.014871625881455, -27.421974 ], [ -59.015352, -27.422454702353658 ], [ -59.015479374118492, -27.422312297646275 ], [ -59.015159312940696, -27.422024595292562 ], [ -59.015247343529573, -27.421931687059203 ], [ -59.015923297646289, -27.42132440470731 ], [ -59.016476, -27.42179943529624 ], [ -59.017243450590634, -27.421092030588806 ], [ -59.016931061177694, -27.420824343529571 ], [ -59.016939358824033, -27.420643343529569 ], [ -59.017016030588834, -27.420465343529564 ], [ -59.017266843353632, -27.42011403323513 ] ] ] ] } },
{ "type": "Feature", "properties": { "Barrios": "VILLA DÓNOVAN 3", "Municipio": "Resistencia", "ID": 132, "Área": 11703.0, "Perímetro": 654.511 }, "geometry": { "type": "MultiPolygon", "coordinates": [ [ [ [ -58.965348760696308, -27.465326199429143 ], [ -58.965854414091552, -27.464832930355506 ], [ -58.96462, -27.463745 ], [ -58.964321288730069, -27.463475181239797 ], [ -58.96403, -27.463738 ], [ -58.964341, -27.464023 ], [ -58.964867, -27.464544 ], [ -58.965242, -27.464863 ], [ -58.965151, -27.465123 ], [ -58.96515, -27.465123 ], [ -58.965007, -27.465395 ], [ -58.965326, -27.465644 ], [ -58.965498, -27.465456 ], [ -58.965348760696308, -27.465326199429143 ] ] ] ] } },
{ "type": "Feature", "properties": { "Barrios": "BARRIO VÉLEZ SARFIELD", "Municipio": "Resistencia", "ID": 133, "Área": 27884.0, "Perímetro": 983.564 }, "geometry": { "type": "MultiPolygon", "coordinates": [ [ [ [ -59.022399, -27.435071 ], [ -59.022921, -27.435593 ], [ -59.023459, -27.436242 ], [ -59.023542, -27.436322 ], [ -59.023347, -27.436502 ], [ -59.023033, -27.436536 ], [ -59.022962, -27.436556 ], [ -59.022935, -27.436609 ], [ -59.022902, -27.436726 ], [ -59.022909, -27.436802 ], [ -59.023279, -27.436947 ], [ -59.02354, -27.437279 ], [ -59.024293, -27.436646 ], [ -59.024805, -27.436282 ], [ -59.025087, -27.43653 ], [ -59.025192, -27.436444 ], [ -59.024952, -27.436013 ], [ -59.024692, -27.436236 ], [ -59.022934, -27.434663 ], [ -59.022399, -27.435071 ] ] ] ] } },
{ "type": "Feature", "properties": { "Barrios": "EL JAPONES", "Municipio": "Barranqueras", "ID": 134, "Área": 87290.0, "Perímetro": 1861.851 }, "geometry": { "type": "MultiPolygon", "coordinates": [ [ [ [ -58.928869073362392, -27.471617012227032 ], [ -58.92846236008981, -27.471262385517527 ], [ -58.928147503056742, -27.471050490829654 ], [ -58.927199, -27.471766 ], [ -58.926486, -27.471864 ], [ -58.925648, -27.471793 ], [ -58.924729, -27.47151 ], [ -58.923862, -27.471007 ], [ -58.923402, -27.470341 ], [ -58.923080484716138, -27.469285490829623 ], [ -58.92207, -27.470171 ], [ -58.926252, -27.47388 ], [ -58.928869073362392, -27.471617012227032 ] ] ] ] } },
{ "type": "Feature", "properties": { "Barrios": "FLOR AZUL", "Municipio": "Barranqueras", "ID": 135, "Área": 47780.0, "Perímetro": 2200.775 }, "geometry": { "type": "MultiPolygon", "coordinates": [ [ [ [ -58.902373272932422, -27.454363953375314 ], [ -58.902422412766825, -27.454292306737905 ], [ -58.90188, -27.453972 ], [ -58.901619, -27.453783 ], [ -58.901341, -27.453586 ], [ -58.90102, -27.453295 ], [ -58.896434, -27.448643 ], [ -58.896192, -27.448832 ], [ -58.897353, -27.450047 ], [ -58.898452632046933, -27.45131748852058 ], [ -58.900476194926128, -27.453526395377221 ], [ -58.900231631157489, -27.45373332770107 ], [ -58.900338, -27.453837 ], [ -58.900588315756387, -27.45365639920831 ], [ -58.901483907142179, -27.454555321219935 ], [ -58.902373272932422, -27.454363953375314 ] ] ], [ [ [ -58.902919710966529, -27.454454950743486 ], [ -58.902760536843992, -27.45473069982118 ], [ -58.902811, -27.454998 ], [ -58.903182, -27.455188 ], [ -58.903629, -27.455327 ], [ -58.903913440334549, -27.454867635873594 ], [ -58.902919710966529, -27.454454950743486 ] ] ] ] } },
{ "type": "Feature", "properties": { "Barrios": "JESÚS DE NAZARET", "Municipio": "Resistencia", "ID": 136, "Área": 65335.0, "Perímetro": 1132.199 }, "geometry": { "type": "MultiPolygon", "coordinates": [ [ [ [ -58.981016972425188, -27.481627017459768 ], [ -58.979613093999944, -27.482918494999979 ], [ -58.980404408574728, -27.483630942884993 ], [ -58.980424060689707, -27.483684081999968 ], [ -58.980430228344829, -27.483717046425152 ], [ -58.980554293229872, -27.48380683877004 ], [ -58.980597483770076, -27.483803241080302 ], [ -58.980838689999985, -27.484038039999973 ], [ -58.980862512689733, -27.484140862770019 ], [ -58.981061008999973, -27.484319511850362 ], [ -58.981126374344825, -27.484248956195241 ], [ -58.98164059222988, -27.484735617839295 ], [ -58.981670875655105, -27.48487233619522 ], [ -58.981747129999974, -27.484956799999964 ], [ -58.981826882310187, -27.485049717080305 ], [ -58.98198690211489, -27.484919703195256 ], [ -58.9821858472299, -27.485023859770042 ], [ -58.982079358574723, -27.485165987655101 ], [ -58.982358531655073, -27.485362984540103 ], [ -58.982563075999963, -27.48511323699995 ], [ -58.982686533772807, -27.484321471822618 ], [ -58.982789, -27.483231 ], [ -58.982266905565503, -27.482765150108126 ], [ -58.982171686771018, -27.482646266797627 ], [ -58.981976348084629, -27.482505894000244 ], [ -58.981016972425188, -27.481627017459768 ] ] ] ] } },
{ "type": "Feature", "properties": { "Barrios": "LESTANI", "Municipio": "Resistencia", "ID": 137, "Área": 1878.0, "Perímetro": 187.895 }, "geometry": { "type": "MultiPolygon", "coordinates": [ [ [ [ -58.991085081222643, -27.478399040611318 ], [ -58.991217, -27.478513 ], [ -58.991251, -27.47876 ], [ -58.991665, -27.478383 ], [ -58.991366101528342, -27.478116060916967 ], [ -58.991085081222643, -27.478399040611318 ] ] ] ] } },
{ "type": "Feature", "properties": { "Barrios": "DOS DE ABRIL", "Municipio": "Barranqueras", "ID": 138, "Área": 34195.0, "Perímetro": 783.905 }, "geometry": { "type": "MultiPolygon", "coordinates": [ [ [ [ -58.933965, -27.46812036311352 ], [ -58.932409, -27.468677 ], [ -58.932279318502459, -27.468745979227126 ], [ -58.932024508358957, -27.468943508358972 ], [ -58.931515726227097, -27.469429005572604 ], [ -58.932540787704461, -27.47035278213183 ], [ -58.934521206722785, -27.468587067050024 ], [ -58.933965, -27.46812036311352 ] ] ] ] } },
{ "type": "Feature", "properties": { "Barrios": "AMPLIACIÓN 2 DE ABRIL", "Municipio": "Barranqueras", "ID": 139, "Área": 37865.0, "Perímetro": 1807.495 }, "geometry": { "type": "MultiPolygon", "coordinates": [ [ [ [ -58.930972, -27.46834 ], [ -58.930245, -27.468102 ], [ -58.929985, -27.468079 ], [ -58.929718, -27.468021 ], [ -58.92933, -27.467707 ], [ -58.928669278562865, -27.46694090381159 ], [ -58.928082, -27.466312 ], [ -58.92745, -27.465919 ], [ -58.927073, -27.465772 ], [ -58.926935, -27.465768 ], [ -58.926838364304196, -27.466009244496796 ], [ -58.927074793423706, -27.466115710467228 ], [ -58.927549357452357, -27.466363160757439 ], [ -58.927957920649384, -27.466761509874537 ], [ -58.92814848706044, -27.466980670745031 ], [ -58.92875516322313, -27.467594790787022 ], [ -58.928962, -27.467815 ], [ -58.929488, -27.468256 ], [ -58.92979, -27.468395 ], [ -58.93019, -27.468504 ], [ -58.930164, -27.468634 ], [ -58.930899, -27.468937 ], [ -58.931406, -27.469425 ], [ -58.931948, -27.468923 ], [ -58.932279318502459, -27.468745979227126 ], [ -58.932409, -27.468677 ], [ -58.933965, -27.46812036311352 ], [ -58.933857, -27.467737 ], [ -58.933597, -27.467645 ], [ -58.933272, -27.467987 ], [ -58.932942, -27.468171 ], [ -58.931838, -27.46855 ], [ -58.930972, -27.46834 ] ] ] ] } },
{ "type": "Feature", "properties": { "Barrios": "BANDERAS ARGENTINA 1", "Municipio": "Fontana", "ID": 140, "Área": 32661.0, "Perímetro": 821.044 }, "geometry": { "type": "MultiPolygon", "coordinates": [ [ [ [ -59.023933331796229, -27.423551422286103 ], [ -59.024342481705844, -27.423227368702033 ], [ -59.02439082312106, -27.423194541000981 ], [ -59.024723150816428, -27.422879728530276 ], [ -59.023443611317632, -27.421728147260744 ], [ -59.023409723930463, -27.421663241361106 ], [ -59.022593723919087, -27.420922457060634 ], [ -59.021803, -27.421599 ], [ -59.023933331796229, -27.423551422286103 ] ] ] ] } },
{ "type": "Feature", "properties": { "Barrios": "BANDERAS ARGENTINA 1", "Municipio": "Fontana", "ID": 141, "Área": 25962.0, "Perímetro": 693.707 }, "geometry": { "type": "MultiPolygon", "coordinates": [ [ [ [ -59.022185413312542, -27.422029899569488 ], [ -59.021490029952439, -27.422665010911029 ], [ -59.021491854406591, -27.422762000225024 ], [ -59.023197747598196, -27.424266857423561 ], [ -59.023891862038454, -27.42363880264487 ], [ -59.023908361288235, -27.423550747981043 ], [ -59.022820385502257, -27.422592370243226 ], [ -59.022679375913384, -27.422444391537795 ], [ -59.022185413312542, -27.422029899569488 ] ] ] ] } },
{ "type": "Feature", "properties": { "Barrios": "BARRIO BALASTRO 2", "Municipio": "Fontana", "ID": 142, "Área": 249345.0, "Perímetro": 4678.198 }, "geometry": { "type": "MultiPolygon", "coordinates": [ [ [ [ -59.034364, -27.406584 ], [ -59.031216, -27.407237 ], [ -59.03074, -27.409244 ], [ -59.031269, -27.409777 ], [ -59.03201, -27.410624 ], [ -59.035057, -27.407979 ], [ -59.03443, -27.407258 ], [ -59.036851, -27.404914 ], [ -59.036176, -27.404059 ], [ -59.035358, -27.404533 ], [ -59.032761, -27.402477 ], [ -59.031629, -27.403518 ], [ -59.03018, -27.402191 ], [ -59.031399, -27.401176 ], [ -59.031743, -27.401498 ], [ -59.032469, -27.400887 ], [ -59.030671, -27.399332 ], [ -59.028579, -27.401114 ], [ -59.029348, -27.402953 ], [ -59.031243, -27.404424 ], [ -59.032878, -27.402817 ], [ -59.035683, -27.405268 ], [ -59.034364, -27.406584 ] ] ] ] } },
{ "type": "Feature", "properties": { "Barrios": "VILLA HORTENSIA", "Municipio": "Barranqueras", "ID": 143, "Área": 9195.0, "Perímetro": 538.109 }, "geometry": { "type": "MultiPolygon", "coordinates": [ [ [ [ -58.935301, -27.471609 ], [ -58.935153656426365, -27.471577719960923 ], [ -58.935025728437921, -27.471691610926463 ], [ -58.935067793312399, -27.471730886429853 ], [ -58.934591853284417, -27.472111039785535 ], [ -58.93454246328151, -27.472073623116668 ], [ -58.934310473030592, -27.472303839540562 ], [ -58.934798425855547, -27.472740598020369 ], [ -58.935394574115143, -27.472151738234299 ], [ -58.93603797831112, -27.472663474573839 ], [ -58.93616886184364, -27.472535435246972 ], [ -58.935467, -27.471886 ], [ -58.935301, -27.471609 ] ] ] ] } },
{ "type": "Feature", "properties": { "Barrios": "BARRIO INDEPENDENCIA 1", "Municipio": "Fontana", "ID": 144, "Área": 20772.0, "Perímetro": 577.172 }, "geometry": { "type": "MultiPolygon", "coordinates": [ [ [ [ -59.044475830752312, -27.405313881336369 ], [ -59.045557971243156, -27.406273421462192 ], [ -59.046560489356636, -27.405413861707803 ], [ -59.045471110467965, -27.404451154782901 ], [ -59.044475830752312, -27.405313881336369 ] ] ] ] } },
{ "type": "Feature", "properties": { "Barrios": "BARRIO INDEPENDENCIA 2", "Municipio": "Fontana", "ID": 145, "Área": 9897.0, "Perímetro": 430.607 }, "geometry": { "type": "MultiPolygon", "coordinates": [ [ [ [ -59.044796025717815, -27.409721555510931 ], [ -59.045855045407116, -27.408766150200375 ], [ -59.045380034034402, -27.408336890631272 ], [ -59.044327742551523, -27.409294987224385 ], [ -59.044796025717815, -27.409721555510931 ] ] ] ] } },
{ "type": "Feature", "properties": { "Barrios": "RÍO ARAZA", "Municipio": "Fontana", "ID": 146, "Área": 59151.0, "Perímetro": 1420.557 }, "geometry": { "type": "MultiPolygon", "coordinates": [ [ [ [ -59.048994725764167, -27.411701540174604 ], [ -59.048996857367797, -27.411583865655654 ], [ -59.048240219947466, -27.410930732001535 ], [ -59.048137719848121, -27.410949308942566 ], [ -59.047920689737943, -27.410841955676826 ], [ -59.047185410966009, -27.411477907853726 ], [ -59.045872, -27.41242 ], [ -59.044454162999955, -27.412512211999967 ], [ -59.044112484716102, -27.412755681441006 ], [ -59.04563, -27.412733044323126 ], [ -59.046057, -27.413004 ], [ -59.04701, -27.413919 ], [ -59.048621, -27.41325 ], [ -59.047577, -27.41237 ], [ -59.048351, -27.412046 ], [ -59.048994725764167, -27.411701540174604 ] ] ] ] } },
{ "type": "Feature", "properties": { "Barrios": "FACHINAL", "Municipio": "Resistencia", "ID": 147, "Área": 20079.0, "Perímetro": 575.232 }, "geometry": { "type": "MultiPolygon", "coordinates": [ [ [ [ -59.019554603275047, -27.429787970742332 ], [ -59.018657647161554, -27.429084367467215 ], [ -59.017436705676786, -27.430105338209557 ], [ -59.018147, -27.43069 ], [ -59.018349862882026, -27.430862632532705 ], [ -59.019554603275047, -27.429787970742332 ] ] ] ] } },
{ "type": "Feature", "properties": { "Barrios": "EX CAMPO DE TIRO EL PALMAR", "Municipio": "Resistencia", "ID": 148, "Área": 102667.0, "Perímetro": 1794.54 }, "geometry": { "type": "MultiPolygon", "coordinates": [ [ [ [ -59.000559, -27.491503 ], [ -59.002651, -27.493054 ], [ -59.002984, -27.492798 ], [ -59.004111, -27.493635 ], [ -59.004637, -27.493178 ], [ -59.003821, -27.492417 ], [ -59.000645, -27.489476 ], [ -58.997887, -27.491941 ], [ -58.998381, -27.492407 ], [ -58.999143, -27.492207 ], [ -59.000559, -27.491503 ] ] ] ] } },
{ "type": "Feature", "properties": { "Barrios": "VILLA GHIO", "Municipio": "Resistencia", "ID": 149, "Área": 81009.0, "Perímetro": 2105.351 }, "geometry": { "type": "MultiPolygon", "coordinates": [ [ [ [ -59.004616, -27.426144 ], [ -59.004144, -27.425993 ], [ -59.003679, -27.425822 ], [ -59.003238, -27.425682 ], [ -59.002955, -27.4254 ], [ -59.00289, -27.425117 ], [ -59.00292, -27.424688 ], [ -59.00301, -27.424331 ], [ -59.003172, -27.423972 ], [ -59.00358975499995, -27.423463639999966 ], [ -59.0038950799999, -27.423047599999961 ], [ -59.003889169999979, -27.422828270999958 ], [ -59.00376165199998, -27.422755416999962 ], [ -59.003565754999954, -27.422680344999947 ], [ -59.003246780999973, -27.423031209999976 ], [ -59.00346215199994, -27.423203482999952 ], [ -59.00282814748288, -27.42383308806243 ], [ -59.002596065187568, -27.424117270464855 ], [ -59.002513042395655, -27.424148915208558 ], [ -59.001968566117007, -27.424727970053834 ], [ -59.001440281796697, -27.425166127187012 ], [ -59.000877281796697, -27.425677563593513 ], [ -59.000815188799052, -27.425735926065329 ], [ -59.00257238332069, -27.4272290677714 ], [ -59.003069702524932, -27.427683759615281 ], [ -59.004665860351892, -27.426206011122666 ], [ -59.004908049174112, -27.42617103726074 ], [ -59.005085927362117, -27.426174441627975 ], [ -59.005254443540224, -27.426230613687345 ], [ -59.006010990390045, -27.426857262461557 ], [ -59.006728550956161, -27.426547030005576 ], [ -59.007191, -27.426404 ], [ -59.007062, -27.426128 ], [ -59.006461, -27.426243 ], [ -59.005538, -27.426071 ], [ -59.005006138214, -27.426081819458172 ], [ -59.004616, -27.426144 ] ] ] ] } },
{ "type": "Feature", "properties": { "Barrios": "VILLA FORESTACIÓN", "Municipio": "Barranqueras", "ID": 150, "Área": 534510.0, "Perímetro": 3130.09 }, "geometry": { "type": "MultiPolygon", "coordinates": [ [ [ [ -58.93260623917174, -27.498901279542959 ], [ -58.932116, -27.498208 ], [ -58.931815954942664, -27.497903405292202 ], [ -58.931429, -27.498118 ], [ -58.93255, -27.499745 ], [ -58.933281967154564, -27.50151219195617 ], [ -58.933053678695266, -27.501664101835736 ], [ -58.933860016990252, -27.50308319174755 ], [ -58.93428203398053, -27.504087825242685 ], [ -58.934585336010052, -27.504119919331341 ], [ -58.934848274820588, -27.504097706425931 ], [ -58.935911698810372, -27.503851929421113 ], [ -58.93950832228672, -27.502996318474704 ], [ -58.941219, -27.502676 ], [ -58.941889412621308, -27.502550412621343 ], [ -58.942069018815822, -27.502434321416288 ], [ -58.942250854692652, -27.502255068435431 ], [ -58.942283915761166, -27.502048436757217 ], [ -58.942277716810842, -27.501812876644053 ], [ -58.942069269417452, -27.501419936893143 ], [ -58.941615618932012, -27.500719524271791 ], [ -58.941164237864037, -27.500224936893151 ], [ -58.93754841262129, -27.496986762135858 ], [ -58.937184, -27.496693143203849 ], [ -58.936599478293452, -27.496399126674774 ], [ -58.936281265509002, -27.496328871904179 ], [ -58.935938256923144, -27.496350568230397 ], [ -58.935709928918712, -27.496401192991559 ], [ -58.935326, -27.496581 ], [ -58.935031143855781, -27.496756599478093 ], [ -58.93260623917174, -27.498901279542959 ] ] ] ] } },
{ "type": "Feature", "properties": { "Barrios": "LA ISLA", "Municipio": "Resistencia", "ID": 151, "Área": 258652.0, "Perímetro": 2807.764 }, "geometry": { "type": "MultiPolygon", "coordinates": [ [ [ [ -58.984221, -27.428126 ], [ -58.984491, -27.427899 ], [ -58.984277, -27.427591 ], [ -58.984747, -27.427136 ], [ -58.98646, -27.426206 ], [ -58.986469, -27.425144 ], [ -58.985281, -27.424403 ], [ -58.985288, -27.425771 ], [ -58.98502, -27.426369 ], [ -58.984868, -27.426357 ], [ -58.984759, -27.42606 ], [ -58.984714, -27.425012 ], [ -58.984536, -27.42322 ], [ -58.983475, -27.422773 ], [ -58.982699191999984, -27.422055191999959 ], [ -58.981823727999938, -27.421310793999965 ], [ -58.981328925999946, -27.421085725999944 ], [ -58.98026, -27.421828 ], [ -58.979841, -27.422451 ], [ -58.979386, -27.423376 ], [ -58.979577, -27.424541 ], [ -58.98017, -27.425928 ], [ -58.980521, -27.426261 ], [ -58.980884, -27.426058 ], [ -58.981317, -27.425772 ], [ -58.981878, -27.425658 ], [ -58.982236, -27.425616 ], [ -58.98281, -27.425832 ], [ -58.983387, -27.426471 ], [ -58.983822, -27.42733 ], [ -58.984221, -27.428126 ] ] ] ] } },
{ "type": "Feature", "properties": { "Barrios": "VISTA LINDA", "Municipio": "Resistencia", "ID": 152, "Área": 52222.0, "Perímetro": 1116.118 }, "geometry": { "type": "MultiPolygon", "coordinates": [ [ [ [ -59.02482448117231, -27.459936327593187 ], [ -59.02296894696839, -27.458339026515709 ], [ -59.022244192588211, -27.459017855288437 ], [ -59.022990783726364, -27.459661780880221 ], [ -59.022037731473425, -27.460481799593186 ], [ -59.021556256767063, -27.46094673397592 ], [ -59.021720846532403, -27.461088056161337 ], [ -59.021994620664053, -27.460866267999961 ], [ -59.022908816352761, -27.461656599191357 ], [ -59.02482448117231, -27.459936327593187 ] ] ] ] } },
{ "type": "Feature", "properties": { "Barrios": "VILLA ORO 2", "Municipio": "Fontana", "ID": 153, "Área": 38363.0, "Perímetro": 1567.86 }, "geometry": { "type": "MultiPolygon", "coordinates": [ [ [ [ -59.020400949926469, -27.426881949926461 ], [ -59.020898658999954, -27.426460644779471 ], [ -59.02103436629389, -27.426692112999945 ], [ -59.020584703220436, -27.427098992963192 ], [ -59.020738850963212, -27.42720662781624 ], [ -59.021238225889732, -27.426810207889705 ], [ -59.021639590852985, -27.426442752999947 ], [ -59.021092025036687, -27.426022075110179 ], [ -59.020266974963207, -27.426663175257133 ], [ -59.019547, -27.426092125183693 ], [ -59.01933557392649, -27.426054635220392 ], [ -59.019074741963216, -27.425825026146942 ], [ -59.018564537816239, -27.426212676999967 ], [ -59.018452860742755, -27.426134750816228 ], [ -59.018527084595796, -27.426065717017597 ], [ -59.018273538798596, -27.425863160274773 ], [ -59.018231778999962, -27.425881733174137 ], [ -59.018036759395912, -27.425705009972752 ], [ -59.01732135281754, -27.425087863904025 ], [ -59.016605574191765, -27.424525054311555 ], [ -59.016105709385002, -27.424967749936044 ], [ -59.018082075110186, -27.426716924889746 ], [ -59.019443175257138, -27.426570924889717 ], [ -59.020272, -27.426909899852987 ], [ -59.020400949926469, -27.426881949926461 ] ] ] ] } },
{ "type": "Feature", "properties": { "Barrios": "BANDERAS ARGENTINAS", "Municipio": "Fontana", "ID": 154, "Área": 20857.0, "Perímetro": 718.89 }, "geometry": { "type": "MultiPolygon", "coordinates": [ [ [ [ -59.02431200922323, -27.42120799077664 ], [ -59.024615, -27.420938 ], [ -59.024223, -27.420781 ], [ -59.023993, -27.420695 ], [ -59.023767308737824, -27.42063533640771 ], [ -59.023346281067901, -27.42024400922325 ], [ -59.022977101456291, -27.419893308737802 ], [ -59.023061869413723, -27.41979963077149 ], [ -59.022876069462335, -27.419692703536462 ], [ -59.022729354854349, -27.419645635922283 ], [ -59.021986, -27.420224 ], [ -59.022222, -27.420471 ], [ -59.022601819198222, -27.420814012635205 ], [ -59.022658942410168, -27.420911722111942 ], [ -59.023301382524224, -27.421477299514503 ], [ -59.023928, -27.420943 ], [ -59.02431200922323, -27.42120799077664 ] ] ] ] } },
{ "type": "Feature", "properties": { "Barrios": "PARANACITO", "Municipio": "Puerto Vilelas", "ID": 155, "Área": 42521.0, "Perímetro": 1171.918 }, "geometry": { "type": "MultiPolygon", "coordinates": [ [ [ [ -58.922995, -27.535272 ], [ -58.922939, -27.536663 ], [ -58.923237, -27.536891 ], [ -58.924041, -27.536558 ], [ -58.92476, -27.538766 ], [ -58.92579, -27.538504 ], [ -58.92542, -27.536913 ], [ -58.924685, -27.536325 ], [ -58.9241, -27.53644 ], [ -58.923848, -27.535769 ], [ -58.923161, -27.535165 ], [ -58.922995, -27.535272 ] ] ] ] } },
{ "type": "Feature", "properties": { "Barrios": "LA TOMA 2", "Municipio": "Barranqueras", "ID": 156, "Área": 29002.0, "Perímetro": 1122.747 }, "geometry": { "type": "MultiPolygon", "coordinates": [ [ [ [ -58.912748, -27.472039 ], [ -58.91522, -27.475932 ], [ -58.915813, -27.475552 ], [ -58.914364, -27.473983 ], [ -58.914706, -27.47344 ], [ -58.913443, -27.472135 ], [ -58.912748, -27.472039 ] ] ] ] } },
{ "type": "Feature", "properties": { "Barrios": "BALET ROGER", "Municipio": "Resistencia", "ID": 157, "Área": 31277.0, "Perímetro": 938.836 }, "geometry": { "type": "MultiPolygon", "coordinates": [ [ [ [ -58.96333, -27.479216 ], [ -58.96366237368192, -27.478871021809429 ], [ -58.963873766982417, -27.478871600640854 ], [ -58.965174468320214, -27.477824530847126 ], [ -58.965996799999985, -27.477094799999961 ], [ -58.965789299999948, -27.476893899999926 ], [ -58.965000599999954, -27.477585699999935 ], [ -58.9643276, -27.477003399999983 ], [ -58.962583499999951, -27.4785818 ], [ -58.96333, -27.479216 ] ] ] ] } },
{ "type": "Feature", "properties": { "Barrios": "INTEGRACIÓN", "Municipio": "Resistencia", "ID": 158, "Área": 11234.0, "Perímetro": 425.516 }, "geometry": { "type": "MultiPolygon", "coordinates": [ [ [ [ -58.991332, -27.396227 ], [ -58.992023, -27.396857 ], [ -58.992868, -27.396127 ], [ -58.992171, -27.395513 ], [ -58.991332, -27.396227 ] ] ] ] } },
{ "type": "Feature", "properties": { "Barrios": "BARRIO SANTA BÁRBARA 1", "Municipio": "Fontana", "ID": 159, "Área": 29825.0, "Perímetro": 689.912 }, "geometry": { "type": "MultiPolygon", "coordinates": [ [ [ [ -59.016091, -27.424757 ], [ -59.017098116504812, -27.423875934951393 ], [ -59.015613, -27.42259 ], [ -59.014623065048525, -27.423315116504785 ], [ -59.015506, -27.424419 ], [ -59.016091, -27.424757 ] ] ] ] } },
{ "type": "Feature", "properties": { "Barrios": "VILLA SAN ISIDRO 2", "Municipio": "Barranqueras", "ID": 160, "Área": 27510.0, "Perímetro": 1300.252 }, "geometry": { "type": "MultiPolygon", "coordinates": [ [ [ [ -58.936, -27.469844 ], [ -58.935511599699424, -27.469433922344685 ], [ -58.934930244974922, -27.469912531624384 ], [ -58.935893, -27.470739 ], [ -58.936188, -27.470506 ], [ -58.937781, -27.472024 ], [ -58.937963, -27.472177 ], [ -58.938317, -27.471881 ], [ -58.937722, -27.471306 ], [ -58.938446, -27.470658 ], [ -58.938232, -27.470401 ], [ -58.938543, -27.470235 ], [ -58.938323, -27.469944 ], [ -58.937936, -27.470277 ], [ -58.938173, -27.47053 ], [ -58.937491, -27.471091 ], [ -58.936, -27.469844 ] ] ] ] } },
{ "type": "Feature", "properties": { "Barrios": "NIÑO JESÚS", "Municipio": "Resistencia", "ID": 161, "Área": 22109.0, "Perímetro": 640.218 }, "geometry": { "type": "MultiPolygon", "coordinates": [ [ [ [ -59.021352509984176, -27.461070773269022 ], [ -59.022913169308318, -27.459646189227179 ], [ -59.022203536549235, -27.459054264998489 ], [ -59.020654246037459, -27.460394757183341 ], [ -59.020606733968172, -27.460512688724503 ], [ -59.020805536880438, -27.460666081170739 ], [ -59.021352509984176, -27.461070773269022 ] ] ] ] } },
{ "type": "Feature", "properties": { "Barrios": "VEINTIOCHO DE NOVIEMBRE", "Municipio": "Resistencia", "ID": 162, "Área": 9902.0, "Perímetro": 392.917 }, "geometry": { "type": "MultiPolygon", "coordinates": [ [ [ [ -59.019997574634544, -27.464334940693686 ], [ -59.019989834986518, -27.464373401186986 ], [ -59.020718418961906, -27.46502316560089 ], [ -59.020832933121689, -27.465026169179101 ], [ -59.021384173721309, -27.464544708452969 ], [ -59.021385042270587, -27.464490705401278 ], [ -59.020613564282755, -27.46379892443456 ], [ -59.019997574634544, -27.464334940693686 ] ] ] ] } },
{ "type": "Feature", "properties": { "Barrios": "VILLA FACUNDO 3", "Municipio": "Resistencia", "ID": 163, "Área": 5992.0, "Perímetro": 329.087 }, "geometry": { "type": "MultiPolygon", "coordinates": [ [ [ [ -59.009894069733939, -27.479814063703042 ], [ -59.010311603881, -27.479454425687354 ], [ -59.009469814522646, -27.478795191323602 ], [ -59.009101256651007, -27.479126212775768 ], [ -59.009894069733939, -27.479814063703042 ] ] ] ] } },
{ "type": "Feature", "properties": { "Barrios": "VILLA DON ANDRÉS 2", "Municipio": "Resistencia", "ID": 164, "Área": 18545.0, "Perímetro": 666.212 }, "geometry": { "type": "MultiPolygon", "coordinates": [ [ [ [ -59.000200201604244, -27.487067397479951 ], [ -59.001004479985795, -27.487768385271671 ], [ -59.001023547407968, -27.487813939249993 ], [ -59.001751529694296, -27.488437205458492 ], [ -59.00259916034377, -27.487691672467864 ], [ -59.001879372925742, -27.487046686462818 ], [ -59.001421136487004, -27.487424010280169 ], [ -59.000612156768504, -27.486706372925738 ], [ -59.000200201604244, -27.487067397479951 ] ] ] ] } },
{ "type": "Feature", "properties": { "Barrios": "JUAN BAUTISTA ALBERDI II", "Municipio": "Resistencia", "ID": 165, "Área": 41619.0, "Perímetro": 889.293 }, "geometry": { "type": "MultiPolygon", "coordinates": [ [ [ [ -58.982769842338627, -27.483154621766221 ], [ -58.982893781431599, -27.483117252438561 ], [ -58.983098882991968, -27.481455065330618 ], [ -58.98362024343556, -27.480966533112856 ], [ -58.983608826217768, -27.480886809895061 ], [ -58.982732883890087, -27.480088935683195 ], [ -58.981011522012892, -27.481563648117788 ], [ -58.981056364338627, -27.48163008066129 ], [ -58.982769842338627, -27.483154621766221 ] ] ] ] } },
{ "type": "Feature", "properties": { "Barrios": "SAN EXPEDITO", "Municipio": "Resistencia", "ID": 166, "Área": 20400.0, "Perímetro": 640.182 }, "geometry": { "type": "MultiPolygon", "coordinates": [ [ [ [ -59.037864668228949, -27.468978396508611 ], [ -59.036222742137298, -27.46752100966069 ], [ -59.035667231695911, -27.468026363281982 ], [ -59.037240073865568, -27.469637059655462 ], [ -59.037539685898302, -27.46938983578849 ], [ -59.037864668228949, -27.468978396508611 ] ] ] ] } },
{ "type": "Feature", "properties": { "Barrios": "LAS PALMERITAS", "Municipio": "Resistencia", "ID": 167, "Área": 32332.0, "Perímetro": 1101.172 }, "geometry": { "type": "MultiPolygon", "coordinates": [ [ [ [ -59.037226987294567, -27.469674636671229 ], [ -59.035684881788541, -27.468117264109523 ], [ -59.033844315192169, -27.466446186860345 ], [ -59.033288804750768, -27.466955089313259 ], [ -59.036861531827121, -27.469955034967732 ], [ -59.037226987294567, -27.469674636671229 ] ] ] ] } },
{ "type": "Feature", "properties": { "Barrios": "BERTA CÁCERES", "Municipio": "Resistencia", "ID": 168, "Área": 12371.0, "Perímetro": 648.479 }, "geometry": { "type": "MultiPolygon", "coordinates": [ [ [ [ -59.006263521341175, -27.432902472481793 ], [ -59.006042999376973, -27.433108508120291 ], [ -59.005560678195472, -27.432707186589059 ], [ -59.004806915575251, -27.433339569194441 ], [ -59.00556787664857, -27.434009110356179 ], [ -59.006465389113707, -27.433246067728241 ], [ -59.006191883814353, -27.43303421724676 ], [ -59.006379139728963, -27.432794764825797 ], [ -59.0064072242915, -27.432704672871051 ], [ -59.006702258500042, -27.432363839994501 ], [ -59.006606585890843, -27.432295624079231 ], [ -59.006288912922827, -27.432661439400562 ], [ -59.006360236680223, -27.432745364570859 ], [ -59.006263521341175, -27.432902472481793 ] ] ] ] } },
{ "type": "Feature", "properties": { "Barrios": "DIECISÉIS DE JULIO", "Municipio": "Barranqueras", "ID": 169, "Área": 11538.0, "Perímetro": 426.684 }, "geometry": { "type": "MultiPolygon", "coordinates": [ [ [ [ -58.967627965729221, -27.504709566706943 ], [ -58.966812935817877, -27.503943762608287 ], [ -58.96607891040842, -27.50461236130467 ], [ -58.96686527718834, -27.505260397319812 ], [ -58.96699862306069, -27.505259151096709 ], [ -58.967627965729221, -27.504709566706943 ] ] ] ] } },
{ "type": "Feature", "properties": { "Barrios": "SAN PABLO", "Municipio": "Fontana", "ID": 170, "Área": 233345.0, "Perímetro": 2181.872 }, "geometry": { "type": "MultiPolygon", "coordinates": [ [ [ [ -59.042064528953489, -27.401835244743211 ], [ -59.042263771196659, -27.401657308093803 ], [ -59.043186721929494, -27.400833051358131 ], [ -59.045019538651147, -27.399196223438341 ], [ -59.044109864519918, -27.39836882619608 ], [ -59.044003937504371, -27.398452718689743 ], [ -59.043004706701971, -27.397618446074372 ], [ -59.041381249684079, -27.397841035728781 ], [ -59.038839071136451, -27.39787358285783 ], [ -59.038840041455323, -27.398126624397381 ], [ -59.036583354716527, -27.399784923366639 ], [ -59.038685060952517, -27.401682140525651 ], [ -59.04030181877183, -27.40030668224064 ], [ -59.042064528953489, -27.401835244743211 ] ] ] ] } },
{ "type": "Feature", "properties": { "Barrios": "SAN PABLO", "Municipio": "Fontana", "ID": 171, "Área": 42865.0, "Perímetro": 1134.213 }, "geometry": { "type": "MultiPolygon", "coordinates": [ [ [ [ -59.040695903268883, -27.403021246468398 ], [ -59.039816565350662, -27.402147931412635 ], [ -59.039387178337208, -27.402529332424926 ], [ -59.038571387785083, -27.401802169465345 ], [ -59.038685772925035, -27.401685300290428 ], [ -59.037498892592794, -27.400612854344804 ], [ -59.036653056846987, -27.401363830006982 ], [ -59.03993363473964, -27.403742860676143 ], [ -59.040695903268883, -27.403021246468398 ] ] ] ] } },
{ "type": "Feature", "properties": { "Barrios": "PUERTO ESPERANZA", "Municipio": "Fontana", "ID": 172, "Área": 22280.0, "Perímetro": 604.306 }, "geometry": { "type": "MultiPolygon", "coordinates": [ [ [ [ -59.04351771105037, -27.402764278579131 ], [ -59.044420503718953, -27.401959334604687 ], [ -59.043186721929494, -27.400833051358131 ], [ -59.042263771196659, -27.401657308093803 ], [ -59.04351771105037, -27.402764278579131 ] ] ] ] } },
{ "type": "Feature", "properties": { "Barrios": "PUERTO ESPERANZA II", "Municipio": "Fontana", "ID": 173, "Área": 51642.0, "Perímetro": 1100.681 }, "geometry": { "type": "MultiPolygon", "coordinates": [ [ [ [ -59.043495663355245, -27.400557146001489 ], [ -59.045899623025079, -27.402662976998116 ], [ -59.046966875813162, -27.401694703299238 ], [ -59.0460254986059, -27.401033049605005 ], [ -59.045051845608704, -27.400416582016717 ], [ -59.045638952562044, -27.399873813379806 ], [ -59.044928150382837, -27.399277839274415 ], [ -59.043495663355245, -27.400557146001489 ] ] ] ] } },
{ "type": "Feature", "properties": { "Barrios": "CACUÍ IV", "Municipio": "Fontana", "ID": 174, "Área": 6370.0, "Perímetro": 419.833 }, "geometry": { "type": "MultiPolygon", "coordinates": [ [ [ [ -59.045704566914495, -27.410374519516726 ], [ -59.044461830673733, -27.411455852372601 ], [ -59.044706947157813, -27.41165240620894 ], [ -59.046027714490528, -27.410615096543172 ], [ -59.045704566914495, -27.410374519516726 ] ] ] ] } },
{ "type": "Feature", "properties": { "Barrios": "CACUÍ II", "Municipio": "Fontana", "ID": 175, "Área": 20173.0, "Perímetro": 1096.617 }, "geometry": { "type": "MultiPolygon", "coordinates": [ [ [ [ -59.043812331319707, -27.413131972688198 ], [ -59.043672525673792, -27.41299997971074 ], [ -59.043751474744425, -27.412909106040892 ], [ -59.042748927475508, -27.412051773990271 ], [ -59.042469785925874, -27.411922653851065 ], [ -59.041931122996026, -27.411506526457941 ], [ -59.04199444672976, -27.411445669882664 ], [ -59.040188486739027, -27.409943170382181 ], [ -59.039948349982524, -27.410165214643335 ], [ -59.043558213998601, -27.4133531945632 ], [ -59.043812331319707, -27.413131972688198 ] ] ] ] } },
{ "type": "Feature", "properties": { "Barrios": "CACUI III", "Municipio": "Fontana", "ID": 176, "Área": 29296.0, "Perímetro": 1222.986 }, "geometry": { "type": "MultiPolygon", "coordinates": [ [ [ [ -59.045923663375085, -27.412919390361914 ], [ -59.045048709146663, -27.413359175550919 ], [ -59.042429474871142, -27.41450011503451 ], [ -59.042302780061988, -27.414391886260329 ], [ -59.041093336260332, -27.415452949225205 ], [ -59.041234496384789, -27.41555120043364 ], [ -59.043425435072344, -27.414596259865696 ], [ -59.043461830371925, -27.414676049560942 ], [ -59.045142017372598, -27.413903122201589 ], [ -59.045106207923538, -27.413851672666919 ], [ -59.045889116890514, -27.413482003770653 ], [ -59.046302859991364, -27.413240056549935 ], [ -59.046057, -27.413004 ], [ -59.045923663375085, -27.412919390361914 ] ] ] ] } },
{ "type": "Feature", "properties": { "Barrios": "MARCONI Y ZONA SUR QUEBRACHO", "Municipio": "Fontana", "ID": 177, "Área": 72598.0, "Perímetro": 1096.814 }, "geometry": { "type": "MultiPolygon", "coordinates": [ [ [ [ -59.043785228932421, -27.425797920528286 ], [ -59.042896776844238, -27.425112356209777 ], [ -59.041737, -27.424186 ], [ -59.041350960868009, -27.423855417218022 ], [ -59.040281886867135, -27.42481462045302 ], [ -59.039785873240248, -27.425260620566171 ], [ -59.042059864794304, -27.427281946392007 ], [ -59.042508181317643, -27.42690071372801 ], [ -59.043785228932421, -27.425797920528286 ] ] ] ] } },
{ "type": "Feature", "properties": { "Barrios": "EL BAJO VILLA ALLÍN", "Municipio": "Fontana", "ID": 178, "Área": 5481.0, "Perímetro": 303.273 }, "geometry": { "type": "MultiPolygon", "coordinates": [ [ [ [ -59.024611647585481, -27.419418272985727 ], [ -59.024057572079933, -27.419930556908124 ], [ -59.024316935871738, -27.42010807289579 ], [ -59.024568276963429, -27.420155115722263 ], [ -59.025111316633264, -27.420111081913827 ], [ -59.025278964800201, -27.41997639283802 ], [ -59.024611647585481, -27.419418272985727 ] ] ] ] } },
{ "type": "Feature", "properties": { "Barrios": "LAVALLE", "Municipio": "Fontana", "ID": 179, "Área": 21928.0, "Perímetro": 666.338 }, "geometry": { "type": "MultiPolygon", "coordinates": [ [ [ [ -59.018020410349976, -27.408365928279981 ], [ -59.017145550092934, -27.409059670236982 ], [ -59.017923866496275, -27.409758408155195 ], [ -59.01750559421469, -27.410115540868947 ], [ -59.017994272636471, -27.410471126332805 ], [ -59.019128, -27.409439 ], [ -59.018020410349976, -27.408365928279981 ] ] ] ] } },
{ "type": "Feature", "properties": { "Barrios": "TREINTA Y UNO DE AGOSTO", "Municipio": "Resistencia", "ID": 180, "Área": 11343.0, "Perímetro": 427.583 }, "geometry": { "type": "MultiPolygon", "coordinates": [ [ [ [ -58.968943297493446, -27.503479714147947 ], [ -58.968240550589947, -27.504100983149591 ], [ -58.969083337637258, -27.504793545315358 ], [ -58.969824277307254, -27.504167183944848 ], [ -58.968943297493446, -27.503479714147947 ] ] ] ] } },
{ "type": "Feature", "properties": { "Barrios": "DEL VALLE", "Municipio": "Resistencia", "ID": 181, "Área": 39672.0, "Perímetro": 969.856 }, "geometry": { "type": "MultiPolygon", "coordinates": [ [ [ [ -58.963619260622451, -27.445866397523591 ], [ -58.962366731197847, -27.44439288960977 ], [ -58.96137883761827, -27.44508313761883 ], [ -58.960616386277387, -27.44456865621677 ], [ -58.960124508687677, -27.44500306974491 ], [ -58.960849555706979, -27.445744692231379 ], [ -58.961119792978771, -27.445496173723139 ], [ -58.961371475494971, -27.445789071725809 ], [ -58.961549186195732, -27.445907486324611 ], [ -58.961970210765543, -27.445996698622491 ], [ -58.962666729530547, -27.446622500357371 ], [ -58.96287037600316, -27.446478450864511 ], [ -58.963067120391642, -27.446392269451952 ], [ -58.963619260622451, -27.445866397523591 ] ] ] ] } },
{ "type": "Feature", "properties": { "Barrios": "LUZ Y ESPERANZA", "Municipio": "Resistencia", "ID": 182, "Área": 3327.0, "Perímetro": 408.398 }, "geometry": { "type": "MultiPolygon", "coordinates": [ [ [ [ -58.962550239619603, -27.446747756113261 ], [ -58.962368034313961, -27.446898853195989 ], [ -58.962682079230987, -27.447177345858279 ], [ -58.962809474810548, -27.447310666813628 ], [ -58.962960571893277, -27.447423248953701 ], [ -58.962996124148034, -27.447482502711637 ], [ -58.963108706288111, -27.447666189361222 ], [ -58.963209437676596, -27.447778771501294 ], [ -58.963271654122423, -27.447903204392954 ], [ -58.963351646695635, -27.448072077603065 ], [ -58.96346126614781, -27.44821132393421 ], [ -58.963588661727371, -27.448104667169929 ], [ -58.963402012389878, -27.44784691332292 ], [ -58.963360534759325, -27.447725443119158 ], [ -58.963076116721247, -27.447328442941004 ], [ -58.962550239619603, -27.446747756113261 ] ] ] ] } },
{ "type": "Feature", "properties": { "Barrios": "EX CAMPO DE TIRO CHACRA 214", "Municipio": "Resistencia", "ID": 183, "Área": 75545.0, "Perímetro": 1272.677 }, "geometry": { "type": "MultiPolygon", "coordinates": [ [ [ [ -59.00349754365277, -27.48691061617016 ], [ -59.00259916034377, -27.487691672467864 ], [ -59.001751529694296, -27.488437205458492 ], [ -59.000711375577559, -27.489356103823386 ], [ -59.000738744222957, -27.489380089037532 ], [ -59.000645, -27.489476 ], [ -59.001808010540195, -27.490552956548711 ], [ -59.002277010956092, -27.490987254477915 ], [ -59.003790838492066, -27.489710248727032 ], [ -59.003382003261535, -27.489301413496502 ], [ -59.003069155432954, -27.48897434531208 ], [ -59.004427199416099, -27.487808276132832 ], [ -59.00349754365277, -27.48691061617016 ] ] ] ] } }
]
}
