{
"type": "FeatureCollection",
"name": "barrios_amgr",
"crs": { "type": "name", "properties": { "name": "urn:ogc:def:crs:OGC:1.3:CRS84" } },
"features": [
{ "type": "Feature", "properties": { "Barrio": "ENRCANACION DE JESUS", "Municipio": "Resistencia", "ID": 306, "Área": 747981.64, "Perímetro": 4833.29 }, "geometry": { "type": "MultiPolygon", "coordinates": [ [ [ [ -58.999985655546084, -27.426257612369486 ], [ -59.000738121920264, -27.425653122370147 ], [ -58.995816757147431, -27.421239614734933 ], [ -58.995243253438368, -27.421748833931904 ], [ -58.994316142279999, -27.42091723682276 ], [ -58.993598272939067, -27.421554633616825 ], [ -58.993413326537386, -27.421591540121895 ], [ -58.993242154958232, -27.421438027217029 ], [ -58.99229687152679, -27.420576474539128 ], [ -58.990915907551084, -27.421899565004679 ], [ -58.990600352507656, -27.422249589074802 ], [ -58.989633129565881, -27.425256844965606 ], [ -58.989191041442375, -27.426436813699436 ], [ -58.989640014533592, -27.426663074755538 ], [ -58.990139379613538, -27.426752133795279 ], [ -58.990589928740832, -27.426974105854846 ], [ -58.991059379897294, -27.427144626166395 ], [ -58.991865140761838, -27.427548439530074 ], [ -58.992111700276318, -27.428856993569021 ], [ -58.992040370426054, -27.428793029397454 ], [ -58.990990908095995, -27.429449094908353 ], [ -58.992001254734994, -27.430355199236143 ], [ -58.99285608928475, -27.431123744533135 ], [ -58.99371201800178, -27.43189133157469 ], [ -58.999985655546084, -27.426257612369486 ] ], [ [ -58.999281108919803, -27.425623047038606 ], [ -58.998024022577518, -27.426739148158592 ], [ -58.99719662999852, -27.425997175573958 ], [ -58.998452125684089, -27.424882414645616 ], [ -58.999281108919803, -27.425623047038606 ] ], [ [ -58.994545045272396, -27.428096819345331 ], [ -58.993828194675764, -27.428733256001379 ], [ -58.993328915020328, -27.428285503161362 ], [ -58.993741108587628, -27.427919553211378 ], [ -58.9935271318217, -27.427727657057581 ], [ -58.993831795427738, -27.427457173388149 ], [ -58.994545045272396, -27.428096819345331 ] ] ] ] } },
{ "type": "Feature", "properties": { "Barrio": "CENTRAL NORTE", "Municipio": "Resistencia", "ID": 253, "Área": 822754.04, "Perímetro": 3886.58 }, "geometry": { "type": "MultiPolygon", "coordinates": [ [ [ [ -58.979332314762502, -27.457701908029499 ], [ -58.972330850605545, -27.463906931895625 ], [ -58.977227108381982, -27.46837984456554 ], [ -58.980494002632291, -27.465487741934741 ], [ -58.982467705511446, -27.467200086039579 ], [ -58.986240000053215, -27.463852787242757 ], [ -58.979332314762502, -27.457701908029499 ] ] ] ] } },
{ "type": "Feature", "properties": { "Barrio": "PROSPERIDAD", "Municipio": "Resistencia", "ID": 118, "Área": 269201.63, "Perímetro": 2493.19 }, "geometry": { "type": "MultiPolygon", "coordinates": [ [ [ [ -58.972048291179235, -27.45110913980664 ], [ -58.970514931999091, -27.449725900433716 ], [ -58.969347563309626, -27.450022412928341 ], [ -58.969429058691773, -27.450095560318776 ], [ -58.96971425435823, -27.450351555770066 ], [ -58.968960545479995, -27.450577204450568 ], [ -58.968701967583883, -27.450664586101041 ], [ -58.968402173427585, -27.450765896029608 ], [ -58.96786949028462, -27.450983160240568 ], [ -58.967338440027888, -27.451304155406383 ], [ -58.966986661384745, -27.451577573696742 ], [ -58.966540786120355, -27.451992158040781 ], [ -58.966326052632056, -27.452200950583546 ], [ -58.965735954243094, -27.452929955400325 ], [ -58.965029822174742, -27.45383660512049 ], [ -58.964924797276701, -27.453989800201082 ], [ -58.964372844691006, -27.454687181839041 ], [ -58.963421008837308, -27.455917548114694 ], [ -58.965013277166534, -27.457345840466893 ], [ -58.972048291179235, -27.45110913980664 ] ] ] ] } },
{ "type": "Feature", "properties": { "Barrio": "FLORIDA NORTE", "Municipio": "Barranqueras", "ID": 0, "Área": 614673.34, "Perímetro": 3476.21 }, "geometry": { "type": "MultiPolygon", "coordinates": [ [ [ [ -58.943120396170443, -27.482829710717251 ], [ -58.943302895481942, -27.482952448471451 ], [ -58.943438207992429, -27.483054766838112 ], [ -58.941616918404208, -27.484671724002922 ], [ -58.939868687542422, -27.486244644567616 ], [ -58.943348297713932, -27.489380754091535 ], [ -58.950564448837852, -27.482993203964032 ], [ -58.949299399140514, -27.481918431881212 ], [ -58.947305092030881, -27.480126076283046 ], [ -58.946206465733951, -27.479138664525941 ], [ -58.945288925937767, -27.478313987017629 ], [ -58.943275128545444, -27.480080524626654 ], [ -58.941676828731786, -27.481500861665261 ], [ -58.942440797319627, -27.482232457563679 ], [ -58.943120396170443, -27.482829710717251 ] ] ] ] } },
{ "type": "Feature", "properties": { "Barrio": "ALBERDI", "Municipio": "Barranqueras", "ID": 1, "Área": 235449.78, "Perímetro": 1916.28 }, "geometry": { "type": "MultiPolygon", "coordinates": [ [ [ [ -58.943424579466033, -27.483054663389215 ], [ -58.942440797319627, -27.482232457563679 ], [ -58.941676828731786, -27.481500861665261 ], [ -58.94088743617975, -27.481189262507836 ], [ -58.940396380151753, -27.481032727366081 ], [ -58.939926007246143, -27.480952747049539 ], [ -58.939476134526281, -27.480968420334804 ], [ -58.938857880517567, -27.480677213553417 ], [ -58.936200471598781, -27.482982433305747 ], [ -58.939873385369495, -27.486228473306035 ], [ -58.943424579466033, -27.483054663389215 ] ] ] ] } },
{ "type": "Feature", "properties": { "Barrio": "CONCEPCIÓN", "Municipio": "Barranqueras", "ID": 2, "Área": 203921.62, "Perímetro": 1912.29 }, "geometry": { "type": "MultiPolygon", "coordinates": [ [ [ [ -58.936439180558693, -27.482778821179238 ], [ -58.937480696326986, -27.481873863228856 ], [ -58.938857880517567, -27.480677213553417 ], [ -58.938515261119981, -27.480674601331209 ], [ -58.93819771760306, -27.480290184535946 ], [ -58.937965281219064, -27.479963716305082 ], [ -58.937773658542255, -27.479847656172225 ], [ -58.937436355510783, -27.479291189841909 ], [ -58.937164763156403, -27.478582427318489 ], [ -58.936786474502348, -27.477834650372802 ], [ -58.936660379733802, -27.477585390277401 ], [ -58.936643367543965, -27.477126867163527 ], [ -58.93621987688303, -27.476627039557535 ], [ -58.93354205217571, -27.478955815281264 ], [ -58.932624636156781, -27.479738043548018 ], [ -58.934507103386963, -27.481446057777749 ], [ -58.936195968042313, -27.482978346450182 ], [ -58.936439180558693, -27.482778821179238 ] ] ] ] } },
{ "type": "Feature", "properties": { "Barrio": "NUEVO AMANECER", "Municipio": "Barranqueras", "ID": 3, "Área": 90416.91, "Perímetro": 1323.34 }, "geometry": { "type": "MultiPolygon", "coordinates": [ [ [ [ -58.940950690665503, -27.476192603538543 ], [ -58.939784620492446, -27.475808948881475 ], [ -58.93857133284039, -27.47549462555023 ], [ -58.937700002048267, -27.475286600103672 ], [ -58.93718727906321, -27.475737294888042 ], [ -58.937480003430437, -27.476002887457263 ], [ -58.937636109720664, -27.476382909444105 ], [ -58.937831970328631, -27.476880732821236 ], [ -58.937995881276763, -27.477315510635474 ], [ -58.938169486819881, -27.477765894304515 ], [ -58.938358235051531, -27.478216393239652 ], [ -58.938535399616576, -27.478573786044642 ], [ -58.938753451719528, -27.479085787188527 ], [ -58.941239165961406, -27.476903839205953 ], [ -58.941799944412331, -27.476414621468987 ], [ -58.940950690665503, -27.476192603538543 ] ] ] ] } },
{ "type": "Feature", "properties": { "Barrio": "IRIGOYEN", "Municipio": "Barranqueras", "ID": 4, "Área": 144454.18, "Perímetro": 1604.38 }, "geometry": { "type": "MultiPolygon", "coordinates": [ [ [ [ -58.93621987688303, -27.476627039557535 ], [ -58.934754692688365, -27.475336154813711 ], [ -58.932303891493547, -27.476329665596317 ], [ -58.929933694838986, -27.477316778426864 ], [ -58.931262166038991, -27.478522221912197 ], [ -58.93262444089963, -27.479758299718586 ], [ -58.933378030365759, -27.479094935727058 ], [ -58.934864783124638, -27.477805519242537 ], [ -58.93621987688303, -27.476627039557535 ] ] ] ] } },
{ "type": "Feature", "properties": { "Barrio": "SAN ISIDRO", "Municipio": "Barranqueras", "ID": 5, "Área": 256767.26, "Perímetro": 2015.01 }, "geometry": { "type": "MultiPolygon", "coordinates": [ [ [ [ -58.932630911229339, -27.473505416375271 ], [ -58.93295966030643, -27.473788809817833 ], [ -58.933513347135865, -27.474266103079792 ], [ -58.934494589096275, -27.475111945218885 ], [ -58.935304806278488, -27.475820832020439 ], [ -58.93621987688303, -27.476627039557535 ], [ -58.936436023692096, -27.476418593945546 ], [ -58.937040900865533, -27.47586932228732 ], [ -58.937594035622112, -27.47536965205968 ], [ -58.938307832319055, -27.474724838589317 ], [ -58.939523672273758, -27.473768185966875 ], [ -58.939762682466871, -27.473407110812467 ], [ -58.939339738655676, -27.47284999751221 ], [ -58.93876691522788, -27.472291739747668 ], [ -58.938003220976611, -27.471541027586074 ], [ -58.936410527373177, -27.47015368954823 ], [ -58.935265611673209, -27.471195424303943 ], [ -58.932630911229339, -27.473505416375271 ] ] ] ] } },
{ "type": "Feature", "properties": { "Barrio": "ORTENCIA", "Municipio": "Barranqueras", "ID": 6, "Área": 101804.25, "Perímetro": 1433.4 }, "geometry": { "type": "MultiPolygon", "coordinates": [ [ [ [ -58.934754692688365, -27.475336154813711 ], [ -58.932630911229339, -27.473505416375271 ], [ -58.929023655795646, -27.476531861825205 ], [ -58.929901780639391, -27.477328687712184 ], [ -58.932303891493547, -27.476329665596317 ], [ -58.934754692688365, -27.475336154813711 ] ] ] ] } },
{ "type": "Feature", "properties": { "Barrio": "MARIA EVA", "Municipio": "Barranqueras", "ID": 7, "Área": 571855.7, "Perímetro": 3756.6 }, "geometry": { "type": "MultiPolygon", "coordinates": [ [ [ [ -58.90751943656786, -27.470186095824499 ], [ -58.903790407373023, -27.466885930208996 ], [ -58.901867360081681, -27.465182594579105 ], [ -58.900085883749909, -27.46352255585191 ], [ -58.896315173654976, -27.466826881765567 ], [ -58.892878380494217, -27.469838323924641 ], [ -58.893325533547468, -27.470074003937633 ], [ -58.893701507730867, -27.47033021824522 ], [ -58.894054459242696, -27.470522942293968 ], [ -58.894098401526833, -27.470860927276529 ], [ -58.894661106808265, -27.471371850432792 ], [ -58.896374482116812, -27.470372532867682 ], [ -58.897849164683393, -27.469582327569125 ], [ -58.899199465691815, -27.469403089086271 ], [ -58.901233911603065, -27.469419158209021 ], [ -58.902101459610762, -27.470206786311696 ], [ -58.905920483098164, -27.471587394342052 ], [ -58.90751943656786, -27.470186095824499 ] ] ] ] } },
{ "type": "Feature", "properties": { "Barrio": "19 VIVIENDAS", "Municipio": "Barranqueras", "ID": 8, "Área": 6828.14, "Perímetro": 351.67 }, "geometry": { "type": "MultiPolygon", "coordinates": [ [ [ [ -58.912390582548142, -27.467420950444691 ], [ -58.91197249847793, -27.467787397178892 ], [ -58.912808222175656, -27.468546012349112 ], [ -58.91322658964836, -27.468181123705264 ], [ -58.912390582548142, -27.467420950444691 ] ] ] ] } },
{ "type": "Feature", "properties": { "Barrio": "VIVIENDAS EN EJECUCION", "Municipio": "Barranqueras", "ID": 9, "Área": 7598.3, "Perímetro": 380.21 }, "geometry": { "type": "MultiPolygon", "coordinates": [ [ [ [ -58.911969684959217, -27.467784842315197 ], [ -58.911834618733671, -27.467662237532544 ], [ -58.911422259506899, -27.468023663328047 ], [ -58.911548883094135, -27.468138605676803 ], [ -58.911923128353443, -27.468478323239257 ], [ -58.912122914328656, -27.468659676293594 ], [ -58.912364909413505, -27.46887934294471 ], [ -58.912777268944993, -27.46851791530624 ], [ -58.911969684959217, -27.467784842315197 ] ] ] ] } },
{ "type": "Feature", "properties": { "Barrio": "72 VIVIENDAS", "Municipio": "Barranqueras", "ID": 10, "Área": 32909.06, "Perímetro": 736.21 }, "geometry": { "type": "MultiPolygon", "coordinates": [ [ [ [ -58.912390582548142, -27.467420950444691 ], [ -58.912649409112689, -27.467661005682746 ], [ -58.912939238569393, -27.467924093901058 ], [ -58.913257209101779, -27.468212723651849 ], [ -58.913620883378456, -27.467893961527427 ], [ -58.914193593802473, -27.467391972492614 ], [ -58.914812115877616, -27.466849821809763 ], [ -58.914308427362108, -27.466392617231811 ], [ -58.913728769850152, -27.465866445844867 ], [ -58.91217672868018, -27.467226826189279 ], [ -58.912390582548142, -27.467420950444691 ] ] ] ] } },
{ "type": "Feature", "properties": { "Barrio": "52 VIVIENDAS  AIMARA", "Municipio": "Barranqueras", "ID": 11, "Área": 11025.7, "Perímetro": 596.27 }, "geometry": { "type": "MultiPolygon", "coordinates": [ [ [ [ -58.913187002210059, -27.466340314017671 ], [ -58.912880292092268, -27.466061900874287 ], [ -58.912404943522347, -27.466478547917827 ], [ -58.911889502013075, -27.46693033124307 ], [ -58.911041304138827, -27.467673762275286 ], [ -58.911348013810461, -27.467952178499765 ], [ -58.911751782199197, -27.467598283516331 ], [ -58.913187002210059, -27.466340314017671 ] ] ] ] } },
{ "type": "Feature", "properties": { "Barrio": "ASENTAMIENTO COOPERATIVO", "Municipio": "Barranqueras", "ID": 12, "Área": 1174.71, "Perímetro": 142.08 }, "geometry": { "type": "MultiPolygon", "coordinates": [ [ [ [ -58.916310455385471, -27.466738421585674 ], [ -58.91612473567249, -27.466569845613062 ], [ -58.915801162040687, -27.466853473691543 ], [ -58.915986881696533, -27.467022050990831 ], [ -58.916310455385471, -27.466738421585674 ] ] ] ] } },
{ "type": "Feature", "properties": { "Barrio": "78 VIVIENDAS (PLAN ALBORADA)", "Municipio": "Barranqueras", "ID": 13, "Área": 55128.24, "Perímetro": 1336.73 }, "geometry": { "type": "MultiPolygon", "coordinates": [ [ [ [ -58.918171393880165, -27.471920435620774 ], [ -58.91784817444718, -27.472069860581861 ], [ -58.917491710085905, -27.472231687992757 ], [ -58.91684510071466, -27.472547414526883 ], [ -58.916236587218933, -27.472838112030793 ], [ -58.916503926443838, -27.473080759508555 ], [ -58.916804098601645, -27.473353205585244 ], [ -58.917221527100494, -27.473732074106127 ], [ -58.917526391806199, -27.474008774531061 ], [ -58.917636165512164, -27.473912557408028 ], [ -58.918318661961784, -27.473314334943186 ], [ -58.91902501405071, -27.472695191011905 ], [ -58.920494916681655, -27.471411755970745 ], [ -58.921583041182622, -27.47045792003853 ], [ -58.921185114738286, -27.470505483365546 ], [ -58.918171393880165, -27.471920435620774 ] ] ] ] } },
{ "type": "Feature", "properties": { "Barrio": "130 VIVIENDAS", "Municipio": "Barranqueras", "ID": 14, "Área": 49257.88, "Perímetro": 882.34 }, "geometry": { "type": "MultiPolygon", "coordinates": [ [ [ [ -58.916241359721951, -27.472833928917129 ], [ -58.916166318002418, -27.472765816947813 ], [ -58.915703380846722, -27.472686244063688 ], [ -58.914577001947904, -27.473673497861466 ], [ -58.915831468687649, -27.475552938475886 ], [ -58.916404210293877, -27.475050941745874 ], [ -58.917096266526329, -27.474444358636386 ], [ -58.917563996482485, -27.474034390290356 ], [ -58.916241359721951, -27.472833928917129 ] ] ] ] } },
{ "type": "Feature", "properties": { "Barrio": "LA TOMA", "Municipio": "Barranqueras", "ID": 15, "Área": 144457.95, "Perímetro": 2889.1 }, "geometry": { "type": "MultiPolygon", "coordinates": [ [ [ [ -58.92191350619612, -27.470146475624187 ], [ -58.919127387249141, -27.467634797347181 ], [ -58.917626424763256, -27.466289469599079 ], [ -58.917918369184257, -27.467499637536907 ], [ -58.918241477962219, -27.468329360209417 ], [ -58.918248859203025, -27.468833342012182 ], [ -58.918410621029786, -27.469227102422042 ], [ -58.918350114587611, -27.471062536750182 ], [ -58.917858042720511, -27.47154406716497 ], [ -58.917591305764304, -27.471627247280299 ], [ -58.917135029064816, -27.47183472253089 ], [ -58.916436499892448, -27.472137382603709 ], [ -58.915968379633981, -27.472104195010296 ], [ -58.915670754489796, -27.472055452718099 ], [ -58.915477386865689, -27.471990639079372 ], [ -58.91522724236237, -27.471925383731598 ], [ -58.915099866643551, -27.471886407097021 ], [ -58.913817119698578, -27.471352224480992 ], [ -58.913195310930888, -27.471068821434905 ], [ -58.913205602301247, -27.470984492017152 ], [ -58.913082835328829, -27.470958211230542 ], [ -58.912411747783828, -27.471549743901932 ], [ -58.912328952134992, -27.471789663724742 ], [ -58.913268304707934, -27.472020683427587 ], [ -58.915365655568458, -27.472480187260469 ], [ -58.916461034114754, -27.47272506274815 ], [ -58.918162885596679, -27.471919525818862 ], [ -58.919260987156925, -27.471400495273137 ], [ -58.92191350619612, -27.470146475624187 ] ] ] ] } },
{ "type": "Feature", "properties": { "Barrio": "24 VIVIENDAS", "Municipio": "Barranqueras", "ID": 16, "Área": 21951.8, "Perímetro": 593.21 }, "geometry": { "type": "MultiPolygon", "coordinates": [ [ [ [ -58.918528840849035, -27.473111696788738 ], [ -58.91801322571547, -27.473580383766475 ], [ -58.917528647366524, -27.474010480354046 ], [ -58.917560191268429, -27.474036386468189 ], [ -58.917535294412431, -27.474066242761978 ], [ -58.917994940622641, -27.474483421452007 ], [ -58.918576538910877, -27.475011278284168 ], [ -58.919616988480961, -27.474099294328433 ], [ -58.918528840849035, -27.473111696788738 ] ] ] ] } },
{ "type": "Feature", "properties": { "Barrio": "25 VIVIENDAS", "Municipio": "Barranqueras", "ID": 17, "Área": 21183.4, "Perímetro": 595.31 }, "geometry": { "type": "MultiPolygon", "coordinates": [ [ [ [ -58.919101538822026, -27.474551103695973 ], [ -58.917803349097376, -27.475688986223723 ], [ -58.918638234046568, -27.476446716547173 ], [ -58.919936423628563, -27.47530882635558 ], [ -58.919101538822026, -27.474551103695973 ] ] ] ] } },
{ "type": "Feature", "properties": { "Barrio": "MARIA CRISTINA", "Municipio": "Barranqueras", "ID": 18, "Área": 740865.22, "Perímetro": 4293.95 }, "geometry": { "type": "MultiPolygon", "coordinates": [ [ [ [ -58.917531637911303, -27.474062752940544 ], [ -58.916796125267368, -27.47470670017497 ], [ -58.915937015743367, -27.475459696471326 ], [ -58.915822467390733, -27.475560096150474 ], [ -58.915636325005231, -27.475723243826348 ], [ -58.916027492948025, -27.476078277178093 ], [ -58.917405836521155, -27.477334377614969 ], [ -58.918378451790083, -27.478216080670574 ], [ -58.920351880910012, -27.480003995797457 ], [ -58.920633318377206, -27.480259406690092 ], [ -58.922058270602975, -27.479713346473133 ], [ -58.92215801249268, -27.479967346357306 ], [ -58.924632246196111, -27.478963440716448 ], [ -58.927397386256558, -27.477937420712461 ], [ -58.929023851684505, -27.476511605669096 ], [ -58.924893989756335, -27.472825181315201 ], [ -58.921944679143031, -27.470148542431364 ], [ -58.920833653542957, -27.471122461509783 ], [ -58.918565527802429, -27.47313068916112 ], [ -58.919609952714204, -27.474099038507543 ], [ -58.91909450301992, -27.474550848750539 ], [ -58.919940585264477, -27.475305450486651 ], [ -58.918629179477989, -27.476439861490562 ], [ -58.917806322990216, -27.475691003521089 ], [ -58.918576697926724, -27.475010741722183 ], [ -58.918109542425704, -27.474586753393694 ], [ -58.917531637911303, -27.474062752940544 ] ] ] ] } },
{ "type": "Feature", "properties": { "Barrio": "PARAGUAY", "Municipio": "Barranqueras", "ID": 19, "Área": 192764.84, "Perímetro": 3306.69 }, "geometry": { "type": "MultiPolygon", "coordinates": [ [ [ [ -58.915650948702009, -27.475737538960939 ], [ -58.914878842627608, -27.476418276728761 ], [ -58.918715206462231, -27.479900130346749 ], [ -58.921878586451584, -27.482770948888092 ], [ -58.922034573551244, -27.482614143049549 ], [ -58.924497370630398, -27.480455431695123 ], [ -58.926685171466723, -27.478537654030529 ], [ -58.926939219219754, -27.478339055484227 ], [ -58.927385932469512, -27.477947462190773 ], [ -58.922151257113363, -27.479961216762785 ], [ -58.922074228947146, -27.479707392758531 ], [ -58.920649275869017, -27.480253452233672 ], [ -58.915650948702009, -27.475737538960939 ] ] ] ] } },
{ "type": "Feature", "properties": { "Barrio": "LA LOMITA", "Municipio": "Barranqueras", "ID": 20, "Área": 69227.28, "Perímetro": 1367.07 }, "geometry": { "type": "MultiPolygon", "coordinates": [ [ [ [ -58.926129251512066, -27.479064470754842 ], [ -58.921853075589084, -27.48278594495763 ], [ -58.922858786819283, -27.483698598941547 ], [ -58.925684324976224, -27.481221918912446 ], [ -58.926129251512066, -27.479064470754842 ] ] ] ] } },
{ "type": "Feature", "properties": { "Barrio": "INSSEEP (PLAN VIEJO)", "Municipio": "Barranqueras", "ID": 21, "Área": 18568.57, "Perímetro": 707.94 }, "geometry": { "type": "MultiPolygon", "coordinates": [ [ [ [ -58.927574404544622, -27.483073241526075 ], [ -58.926749663341774, -27.483796182227984 ], [ -58.92632935025118, -27.483414787106447 ], [ -58.925367139074012, -27.484258207355946 ], [ -58.926177745068621, -27.484993760617598 ], [ -58.926635943189382, -27.484592129597768 ], [ -58.926913216202486, -27.484108069908732 ], [ -58.927829596385479, -27.483304801838798 ], [ -58.927574404544622, -27.483073241526075 ] ] ] ] } },
{ "type": "Feature", "properties": { "Barrio": "120 VIVIENDAS", "Municipio": "Barranqueras", "ID": 22, "Área": 55416.75, "Perímetro": 1314.51 }, "geometry": { "type": "MultiPolygon", "coordinates": [ [ [ [ -58.926853517045899, -27.48089329999739 ], [ -58.925982969845712, -27.48165639964347 ], [ -58.926238155101821, -27.481887961829429 ], [ -58.923519526280842, -27.484270941986718 ], [ -58.924405175645866, -27.485074612598527 ], [ -58.927123806385971, -27.48269161542995 ], [ -58.926598418633304, -27.482214872554017 ], [ -58.927163511772164, -27.481719524965474 ], [ -58.926818258898038, -27.48140623680338 ], [ -58.927108702478868, -27.481124860613896 ], [ -58.926853517045899, -27.48089329999739 ] ] ] ] } },
{ "type": "Feature", "properties": { "Barrio": "120 VIVIENDAS INSSEEP", "Municipio": "Barranqueras", "ID": 23, "Área": 38743.35, "Perímetro": 812.51 }, "geometry": { "type": "MultiPolygon", "coordinates": [ [ [ [ -58.926162471876751, -27.485007148170986 ], [ -58.927333367547376, -27.486069606103943 ], [ -58.928115179108481, -27.485089727613406 ], [ -58.928820351562436, -27.484203793193672 ], [ -58.927829596385479, -27.483304801838798 ], [ -58.926913477992493, -27.48408106114714 ], [ -58.926697036488513, -27.484538579157089 ], [ -58.926162471876751, -27.485007148170986 ] ] ] ] } },
{ "type": "Feature", "properties": { "Barrio": "LA LOMA", "Municipio": "Barranqueras", "ID": 24, "Área": 382774.02, "Perímetro": 3608.29 }, "geometry": { "type": "MultiPolygon", "coordinates": [ [ [ [ -58.928850897100567, -27.48417701657165 ], [ -58.933279879264596, -27.480294429413338 ], [ -58.932634123013401, -27.479735753045389 ], [ -58.929901575187856, -27.477310791712512 ], [ -58.929015683550595, -27.476534164641091 ], [ -58.926144785783166, -27.479024074396087 ], [ -58.925669314324914, -27.481208297670307 ], [ -58.922843776201809, -27.483684977399747 ], [ -58.923534537060959, -27.484284563459177 ], [ -58.92622288235907, -27.481901349407789 ], [ -58.925997980595604, -27.481670020853755 ], [ -58.926838506298033, -27.480879677975604 ], [ -58.927123975007497, -27.481111472930731 ], [ -58.926803248078635, -27.48139261567918 ], [ -58.927148500867844, -27.481705903876684 ], [ -58.926598680487736, -27.482187862885578 ], [ -58.927108795359175, -27.482677994335113 ], [ -58.926314338218674, -27.483401165919496 ], [ -58.926734914047522, -27.483755552330667 ], [ -58.927574666161817, -27.483046232754592 ], [ -58.928850897100567, -27.48417701657165 ] ] ] ] } },
{ "type": "Feature", "properties": { "Barrio": "ROSSI DE FAZIO", "Municipio": "Barranqueras", "ID": 25, "Área": 394184.63, "Perímetro": 2724.88 }, "geometry": { "type": "MultiPolygon", "coordinates": [ [ [ [ -58.936201433140688, -27.482980921103394 ], [ -58.93508959123394, -27.481972166014437 ], [ -58.9340903587253, -27.481065556613501 ], [ -58.933258146352848, -27.480310469006209 ], [ -58.931850259343562, -27.481544713346217 ], [ -58.931062783919899, -27.482235046281659 ], [ -58.930093936563949, -27.483084358822463 ], [ -58.929158484060835, -27.483904377454557 ], [ -58.928857799082671, -27.484167954199098 ], [ -58.928814925784998, -27.484197167027745 ], [ -58.928182465132508, -27.485002629013909 ], [ -58.927516501682817, -27.485845812975107 ], [ -58.926655350962726, -27.48696367599776 ], [ -58.928029325261299, -27.488169502230619 ], [ -58.929102691378795, -27.489143408266369 ], [ -58.929956876335943, -27.488451744250664 ], [ -58.936201433140688, -27.482980921103394 ] ] ] ] } },
{ "type": "Feature", "properties": { "Barrio": "FUCKSMAN", "Municipio": "Barranqueras", "ID": 26, "Área": 233303.98, "Perímetro": 1979.57 }, "geometry": { "type": "MultiPolygon", "coordinates": [ [ [ [ -58.929032349614126, -27.489272350675179 ], [ -58.929049808390708, -27.489424421739027 ], [ -58.929837958216154, -27.490139523110038 ], [ -58.930335248487005, -27.490590715859852 ], [ -58.93108588275971, -27.4912717581125 ], [ -58.931808377319761, -27.49192725796151 ], [ -58.932277533474569, -27.492352905543662 ], [ -58.932446593492379, -27.492489257341074 ], [ -58.932532507640694, -27.492413948014196 ], [ -58.933123652417024, -27.492950260809735 ], [ -58.933358234755261, -27.493163082223276 ], [ -58.934204031758341, -27.492419162865591 ], [ -58.935051264320144, -27.491672294760441 ], [ -58.936021681440792, -27.490811566666679 ], [ -58.931767298697991, -27.486866599265827 ], [ -58.931033198924176, -27.487514292225818 ], [ -58.930252833274643, -27.488198342772407 ], [ -58.929956953296859, -27.488453517046874 ], [ -58.929032349614126, -27.489272350675179 ] ] ] ] } },
{ "type": "Feature", "properties": { "Barrio": "17 DE JULIO", "Municipio": "Barranqueras", "ID": 27, "Área": 10747.46, "Perímetro": 418.04 }, "geometry": { "type": "MultiPolygon", "coordinates": [ [ [ [ -58.935281793453122, -27.49373322672783 ], [ -58.934623119758093, -27.494310610155242 ], [ -58.935458259370357, -27.495068244882699 ], [ -58.936116932487984, -27.494490857560017 ], [ -58.935281793453122, -27.49373322672783 ] ] ] ] } },
{ "type": "Feature", "properties": { "Barrio": "ASENTAMIENTO SERRA", "Municipio": "Barranqueras", "ID": 28, "Área": 3276.21, "Perímetro": 232.83 }, "geometry": { "type": "MultiPolygon", "coordinates": [ [ [ [ -58.935830390848366, -27.494758777130954 ], [ -58.93548673473034, -27.495060022189399 ], [ -58.935974685880019, -27.495502682529757 ], [ -58.936318343142226, -27.495201436293936 ], [ -58.935830390848366, -27.494758777130954 ] ] ] ] } },
{ "type": "Feature", "properties": { "Barrio": "EMILIA", "Municipio": "Barranqueras", "ID": 29, "Área": 653090.91, "Perímetro": 3392.07 }, "geometry": { "type": "MultiPolygon", "coordinates": [ [ [ [ -58.938340373585916, -27.493800487600865 ], [ -58.939094480949514, -27.493139403751083 ], [ -58.940182670680414, -27.492185427746016 ], [ -58.941433110411353, -27.491089179574935 ], [ -58.942339902563553, -27.490294184235573 ], [ -58.942802045028671, -27.4898722709002 ], [ -58.943355655719941, -27.489386899893368 ], [ -58.940803313583217, -27.487071558351278 ], [ -58.939074913183688, -27.485503570225049 ], [ -58.937310906699018, -27.48390321375555 ], [ -58.936263948581455, -27.482936323966456 ], [ -58.935252180809449, -27.483823329283091 ], [ -58.933906313502831, -27.485003201562684 ], [ -58.932751326425617, -27.486015704054605 ], [ -58.931768139786016, -27.486877579138394 ], [ -58.933635322084527, -27.488571645526807 ], [ -58.934958334298059, -27.489771949698827 ], [ -58.936036759580283, -27.490818434191926 ], [ -58.935540385929009, -27.491253567955386 ], [ -58.938340373585916, -27.493800487600865 ] ] ] ] } },
{ "type": "Feature", "properties": { "Barrio": "UCAL", "Municipio": "Barranqueras", "ID": 30, "Área": 426632.64, "Perímetro": 3848.33 }, "geometry": { "type": "MultiPolygon", "coordinates": [ [ [ [ -58.938351764334179, -27.493797197926856 ], [ -58.937597810116706, -27.494441396701784 ], [ -58.937424202131353, -27.49477770878708 ], [ -58.93735511172904, -27.495072614333413 ], [ -58.937268063804481, -27.495266090864234 ], [ -58.937218225761967, -27.495527379403246 ], [ -58.937232778202073, -27.495983301891449 ], [ -58.937242649007977, -27.495941171908836 ], [ -58.937240703471751, -27.496143739761138 ], [ -58.937333244853541, -27.496363911194901 ], [ -58.937600533138429, -27.496129605539043 ], [ -58.939089688545884, -27.494824180364869 ], [ -58.940440987132313, -27.496049972296959 ], [ -58.941416943668131, -27.496935258752227 ], [ -58.942439837685662, -27.497863099826255 ], [ -58.944558964354336, -27.496005299249237 ], [ -58.945952585702408, -27.494783483312627 ], [ -58.947374812036649, -27.493536546394008 ], [ -58.947642232209056, -27.493285339761762 ], [ -58.943353843312394, -27.489378444680472 ], [ -58.942676147898304, -27.489972606474037 ], [ -58.941473459056333, -27.491027024279163 ], [ -58.940442241312034, -27.49196456279493 ], [ -58.939688149997195, -27.492625654513169 ], [ -58.938351764334179, -27.493797197926856 ] ], [ [ -58.940934751667719, -27.493909730320187 ], [ -58.943338479905428, -27.493961767280254 ], [ -58.943325745962881, -27.495295340600386 ], [ -58.940940433958644, -27.495294088939932 ], [ -58.940934751667719, -27.493909730320187 ] ] ] ] } },
{ "type": "Feature", "properties": { "Barrio": "51 VIVIENDAS", "Municipio": "Barranqueras", "ID": 31, "Área": 35642.85, "Perímetro": 774.6 }, "geometry": { "type": "MultiPolygon", "coordinates": [ [ [ [ -58.940934751667719, -27.493909730320187 ], [ -58.940940433958644, -27.495294088939932 ], [ -58.943325745962881, -27.495295340600386 ], [ -58.943338479905428, -27.493961767280254 ], [ -58.940934751667719, -27.493909730320187 ] ] ] ] } },
{ "type": "Feature", "properties": { "Barrio": "FORESTACION", "Municipio": "Barranqueras", "ID": 32, "Área": 858067.01, "Perímetro": 3747.48 }, "geometry": { "type": "MultiPolygon", "coordinates": [ [ [ [ -58.93619979842854, -27.495717116079209 ], [ -58.931359769166427, -27.499959581130955 ], [ -58.933722617003937, -27.50426569979232 ], [ -58.934257595457403, -27.505234596947254 ], [ -58.934844831375521, -27.506184478323057 ], [ -58.9352280171167, -27.506796002420479 ], [ -58.935362550634359, -27.507079802927809 ], [ -58.935709845557042, -27.507880128016371 ], [ -58.936381795328181, -27.508489637740226 ], [ -58.937503415184189, -27.507523281349059 ], [ -58.938548802370256, -27.506606980480381 ], [ -58.939429015461506, -27.50583543937374 ], [ -58.940309215257138, -27.505063893160468 ], [ -58.941607536535699, -27.503925808603089 ], [ -58.942759773460622, -27.502915748362302 ], [ -58.943467143290924, -27.502295647999606 ], [ -58.93619979842854, -27.495717116079209 ] ] ] ] } },
{ "type": "Feature", "properties": { "Barrio": "INDUSTRIAL", "Municipio": "Barranqueras", "ID": 33, "Área": 49153.32, "Perímetro": 1100.67 }, "geometry": { "type": "MultiPolygon", "coordinates": [ [ [ [ -58.950513680666276, -27.495818211737525 ], [ -58.949704259648421, -27.496527897605688 ], [ -58.952812616029419, -27.499346972126343 ], [ -58.953622040024172, -27.498637267581 ], [ -58.950513680666276, -27.495818211737525 ] ] ] ] } },
{ "type": "Feature", "properties": { "Barrio": "22 VIVIENDAS", "Municipio": "Barranqueras", "ID": 34, "Área": 7278.24, "Perímetro": 361.97 }, "geometry": { "type": "MultiPolygon", "coordinates": [ [ [ [ -58.953601834595247, -27.493887215468277 ], [ -58.952746376354682, -27.494664101810116 ], [ -58.953166825679205, -27.495045420308706 ], [ -58.954037300064144, -27.494282149730335 ], [ -58.953601834595247, -27.493887215468277 ] ] ] ] } },
{ "type": "Feature", "properties": { "Barrio": "500 VIVIENDAS", "Municipio": "Barranqueras", "ID": 35, "Área": 245431.28, "Perímetro": 2179.98 }, "geometry": { "type": "MultiPolygon", "coordinates": [ [ [ [ -58.955667897133743, -27.50043266879246 ], [ -58.956889650219814, -27.499361389858105 ], [ -58.95775314106362, -27.500144430128692 ], [ -58.95918103577052, -27.498892349689662 ], [ -58.958017202475439, -27.497836958688751 ], [ -58.956951000187338, -27.496870075940272 ], [ -58.955363745107228, -27.495430632121654 ], [ -58.954064839764634, -27.494252645123176 ], [ -58.953156186657218, -27.495049391812891 ], [ -58.952300971836223, -27.495799266010231 ], [ -58.95139216535199, -27.496609505662647 ], [ -58.955667897133743, -27.50043266879246 ] ] ] ] } },
{ "type": "Feature", "properties": { "Barrio": "150 VIVIENDAS", "Municipio": "Barranqueras", "ID": 36, "Área": 35080.71, "Perímetro": 776.84 }, "geometry": { "type": "MultiPolygon", "coordinates": [ [ [ [ -58.956621244633894, -27.495059884850715 ], [ -58.958348041462045, -27.496639467084325 ], [ -58.959401491367892, -27.495742475924253 ], [ -58.957644405369145, -27.494162680574977 ], [ -58.956621244633894, -27.495059884850715 ] ] ] ] } },
{ "type": "Feature", "properties": { "Barrio": "200 VIVIENDAS", "Municipio": "Barranqueras", "ID": 37, "Área": 108852.93, "Perímetro": 1641.26 }, "geometry": { "type": "MultiPolygon", "coordinates": [ [ [ [ -58.959179527398106, -27.498891662547852 ], [ -58.960378322988333, -27.497840438599336 ], [ -58.961287076139129, -27.497030138840348 ], [ -58.961626042417087, -27.496693970366611 ], [ -58.959996679509381, -27.495216449255761 ], [ -58.959635187336481, -27.495532186780036 ], [ -58.958360055330814, -27.496650360833424 ], [ -58.956621117302781, -27.495073389340099 ], [ -58.955773560150959, -27.495816590509516 ], [ -58.959179527398106, -27.498891662547852 ] ] ] ] } },
{ "type": "Feature", "properties": { "Barrio": "237 VIVIENDAS", "Municipio": "Barranqueras", "ID": 38, "Área": 103595.09, "Perímetro": 1615.06 }, "geometry": { "type": "MultiPolygon", "coordinates": [ [ [ [ -58.961462078752902, -27.498877655635983 ], [ -58.960358293122503, -27.497876753744375 ], [ -58.959380932086368, -27.498733803475428 ], [ -58.958327197380605, -27.49965780227333 ], [ -58.957754635715503, -27.50014646709532 ], [ -58.956876001540401, -27.499363313305281 ], [ -58.955661756284371, -27.500441401636596 ], [ -58.957674463723983, -27.502225720691385 ], [ -58.961462078752902, -27.498877655635983 ] ] ] ] } },
{ "type": "Feature", "properties": { "Barrio": "10 VIVIENDAS", "Municipio": "Barranqueras", "ID": 39, "Área": 31726.1, "Perímetro": 800.1 }, "geometry": { "type": "MultiPolygon", "coordinates": [ [ [ [ -58.959766831031622, -27.50037761439383 ], [ -58.957666954487209, -27.502218911265921 ], [ -58.958440365575598, -27.502920239114442 ], [ -58.960540243374055, -27.501078930762414 ], [ -58.959766831031622, -27.50037761439383 ] ] ] ] } },
{ "type": "Feature", "properties": { "Barrio": "98 VIVIENDAS", "Municipio": "Barranqueras", "ID": 40, "Área": 29254.09, "Perímetro": 686.94 }, "geometry": { "type": "MultiPolygon", "coordinates": [ [ [ [ -58.961650399299998, -27.496680646670566 ], [ -58.961383032194526, -27.496928504403822 ], [ -58.961046818807112, -27.497250127991531 ], [ -58.960351730876489, -27.497886450075647 ], [ -58.961455517551244, -27.498887352026529 ], [ -58.962791729728558, -27.497715582426583 ], [ -58.961650399299998, -27.496680646670566 ] ] ] ] } },
{ "type": "Feature", "properties": { "Barrio": "77 VIVIENDAS", "Municipio": "Barranqueras", "ID": 41, "Área": 47096.89, "Perímetro": 908.08 }, "geometry": { "type": "MultiPolygon", "coordinates": [ [ [ [ -58.963783697314028, -27.494809821089333 ], [ -58.962271918884085, -27.496135606525346 ], [ -58.96166847027996, -27.496691586241958 ], [ -58.962254150866585, -27.49722267262166 ], [ -58.96278727520972, -27.4977060953135 ], [ -58.963482094364359, -27.497096769648316 ], [ -58.964283799425054, -27.4963936967956 ], [ -58.964917521349591, -27.49583793060382 ], [ -58.963783697314028, -27.494809821089333 ] ] ] ] } },
{ "type": "Feature", "properties": { "Barrio": "120 VIVIENDAS UTEDIC", "Municipio": "Barranqueras", "ID": 42, "Área": 40535.47, "Perímetro": 813.89 }, "geometry": { "type": "MultiPolygon", "coordinates": [ [ [ [ -58.96124912693984, -27.494091335894776 ], [ -58.960004314349447, -27.495209753139473 ], [ -58.960785202284612, -27.495917876095529 ], [ -58.961648694505371, -27.496700892580531 ], [ -58.962901142974943, -27.495575765486826 ], [ -58.962082574619437, -27.494847113567165 ], [ -58.96124912693984, -27.494091335894776 ] ] ] ] } },
{ "type": "Feature", "properties": { "Barrio": "120 VIVIENDAS CGT", "Municipio": "Barranqueras", "ID": 43, "Área": 55602.7, "Perímetro": 1147.72 }, "geometry": { "type": "MultiPolygon", "coordinates": [ [ [ [ -58.962893508287117, -27.49558246086357 ], [ -58.963794335959548, -27.494805848761114 ], [ -58.961864631458027, -27.493056000487595 ], [ -58.960548656016996, -27.491917111029245 ], [ -58.959693387716136, -27.492680537570301 ], [ -58.962893508287117, -27.49558246086357 ] ] ] ] } },
{ "type": "Feature", "properties": { "Barrio": "71 VIVIENDAS", "Municipio": "Barranqueras", "ID": 44, "Área": 25184.86, "Perímetro": 697.45 }, "geometry": { "type": "MultiPolygon", "coordinates": [ [ [ [ -58.9576378950158, -27.494166974811737 ], [ -58.958936037890531, -27.493015214621501 ], [ -58.958215247943727, -27.492361553377158 ], [ -58.957642597489716, -27.492863723775816 ], [ -58.957177091919881, -27.492441563667118 ], [ -58.956443964435259, -27.493097840371231 ], [ -58.9576378950158, -27.494166974811737 ] ] ] ] } },
{ "type": "Feature", "properties": { "Barrio": "97 VIVIENDAS", "Municipio": "Barranqueras", "ID": 45, "Área": 41879.34, "Perímetro": 895.2 }, "geometry": { "type": "MultiPolygon", "coordinates": [ [ [ [ -58.958215375065649, -27.49234804887562 ], [ -58.956358133804663, -27.490636483418502 ], [ -58.955029323625098, -27.49182850692177 ], [ -58.956443964435259, -27.493097840371231 ], [ -58.957161948548872, -27.492441450188618 ], [ -58.957627581255046, -27.492850105848348 ], [ -58.958215375065649, -27.49234804887562 ] ] ] ] } },
{ "type": "Feature", "properties": { "Barrio": "50 VIVIENDAS", "Municipio": "Barranqueras", "ID": 46, "Área": 19636.02, "Perímetro": 595.85 }, "geometry": { "type": "MultiPolygon", "coordinates": [ [ [ [ -58.962759846364179, -27.497885514203723 ], [ -58.961324241444366, -27.499157833709901 ], [ -58.962030202190462, -27.49978435797172 ], [ -58.963458171741522, -27.498518727588682 ], [ -58.962759846364179, -27.497885514203723 ] ] ] ] } },
{ "type": "Feature", "properties": { "Barrio": "80 VIVIENDAS", "Municipio": "Barranqueras", "ID": 47, "Área": 21840.87, "Perímetro": 617.03 }, "geometry": { "type": "MultiPolygon", "coordinates": [ [ [ [ -58.963477822201952, -27.498522925519776 ], [ -58.962049979506943, -27.499775051604907 ], [ -58.962830784529757, -27.500496668373998 ], [ -58.964251245218968, -27.499224221725662 ], [ -58.963477822201952, -27.498522925519776 ] ] ] ] } },
{ "type": "Feature", "properties": { "Barrio": "152 VIVIENDAS", "Municipio": "Barranqueras", "ID": 48, "Área": 48642.57, "Perímetro": 1134.62 }, "geometry": { "type": "MultiPolygon", "coordinates": [ [ [ [ -58.957686202479451, -27.502222048553318 ], [ -58.954379328252855, -27.505161699338082 ], [ -58.955092283552652, -27.505849085688375 ], [ -58.958429324091597, -27.50292314953959 ], [ -58.957686202479451, -27.502222048553318 ] ] ] ] } },
{ "type": "Feature", "properties": { "Barrio": "CIUDAD DE LOS MILAGROS", "Municipio": "Barranqueras", "ID": 49, "Área": 266516.72, "Perímetro": 3125.68 }, "geometry": { "type": "MultiPolygon", "coordinates": [ [ [ [ -58.958432454374616, -27.502912368266276 ], [ -58.957806041233844, -27.503488415330406 ], [ -58.959037638392623, -27.504591584949797 ], [ -58.958403581838937, -27.505174330416036 ], [ -58.960411151325097, -27.507035554811988 ], [ -58.96066839243931, -27.507868067694616 ], [ -58.960996751870994, -27.507580151541642 ], [ -58.96168886486096, -27.50823493519766 ], [ -58.960621183587087, -27.509184504656623 ], [ -58.960634171632272, -27.509414196672296 ], [ -58.959877912284774, -27.510104078332741 ], [ -58.959582503108379, -27.510108622302045 ], [ -58.958676681256165, -27.510916228242369 ], [ -58.960476095391954, -27.512534144444405 ], [ -58.962255780555438, -27.51093352195106 ], [ -58.962977180692398, -27.510729565596229 ], [ -58.964373349913579, -27.509639265774585 ], [ -58.965140142951775, -27.508953487992358 ], [ -58.958432454374616, -27.502912368266276 ] ] ] ] } },
{ "type": "Feature", "properties": { "Barrio": "SAN CAYETANO", "Municipio": "Barranqueras", "ID": 50, "Área": 465869.75, "Perímetro": 3535.02 }, "geometry": { "type": "MultiPolygon", "coordinates": [ [ [ [ -58.97244922774297, -27.502516891046309 ], [ -58.968894808936078, -27.499392415390961 ], [ -58.968119069693905, -27.500072747876189 ], [ -58.964444362894952, -27.503348906869469 ], [ -58.961695316218275, -27.505772922923803 ], [ -58.965149306980408, -27.508945453083108 ], [ -58.967959868197923, -27.506470926569207 ], [ -58.966073386450041, -27.504719682520523 ], [ -58.96684471534121, -27.50402987613457 ], [ -58.968767303173543, -27.505759347600712 ], [ -58.97244922774297, -27.502516891046309 ] ] ] ] } },
{ "type": "Feature", "properties": { "Barrio": "40 VIVIENDAS", "Municipio": "Barranqueras", "ID": 51, "Área": 22455.8, "Perímetro": 633.99 }, "geometry": { "type": "MultiPolygon", "coordinates": [ [ [ [ -58.966829444204159, -27.504043268180222 ], [ -58.966081021601333, -27.504712986990015 ], [ -58.967560158153553, -27.506081280013763 ], [ -58.968331614816258, -27.505377961010339 ], [ -58.966829444204159, -27.504043268180222 ] ] ] ] } },
{ "type": "Feature", "properties": { "Barrio": "LAS MALVINAS", "Municipio": "Barranqueras", "ID": 52, "Área": 958478.66, "Perímetro": 4624.14 }, "geometry": { "type": "MultiPolygon", "coordinates": [ [ [ [ -58.943348220363937, -27.48938885657677 ], [ -58.947639032234335, -27.493240059259413 ], [ -58.950522391879147, -27.495814382005815 ], [ -58.957740826892611, -27.489428508439438 ], [ -58.955970666338779, -27.487802675534653 ], [ -58.95323396453643, -27.485340989579395 ], [ -58.952410040320117, -27.484552818084648 ], [ -58.951207310048169, -27.48562758225658 ], [ -58.94943605812243, -27.484000662325858 ], [ -58.948216345277913, -27.485080321612735 ], [ -58.943348220363937, -27.48938885657677 ] ], [ [ -58.951789846134076, -27.492236186638706 ], [ -58.952648853921779, -27.491482967583554 ], [ -58.952254697115876, -27.491125479889465 ], [ -58.952644110231681, -27.490784019188279 ], [ -58.953500188563986, -27.491540017246049 ], [ -58.952239930591375, -27.492685260023379 ], [ -58.951789846134076, -27.492236186638706 ] ] ] ] } },
{ "type": "Feature", "properties": { "Barrio": "72 VIVIENDAS", "Municipio": "Barranqueras", "ID": 53, "Área": 14459.46, "Perímetro": 592.25 }, "geometry": { "type": "MultiPolygon", "coordinates": [ [ [ [ -58.951789846134076, -27.492236186638706 ], [ -58.952239930591375, -27.492685260023379 ], [ -58.953500188563986, -27.491540017246049 ], [ -58.952644110231681, -27.490784019188279 ], [ -58.952254697115876, -27.491125479889465 ], [ -58.952648853921779, -27.491482967583554 ], [ -58.951789846134076, -27.492236186638706 ] ] ] ] } },
{ "type": "Feature", "properties": { "Barrio": "2 DE FEBRERO", "Municipio": "Barranqueras", "ID": 54, "Área": 41144.23, "Perímetro": 830.29 }, "geometry": { "type": "MultiPolygon", "coordinates": [ [ [ [ -58.950596477843625, -27.482969135263904 ], [ -58.949428298995336, -27.483993498672039 ], [ -58.951218762554809, -27.485617539692438 ], [ -58.952398587011416, -27.484562861649092 ], [ -58.950596477843625, -27.482969135263904 ] ] ] ] } },
{ "type": "Feature", "properties": { "Barrio": "IPDUV-PLAN 117 VIVIENDAS", "Municipio": "Resistencia", "ID": 55, "Área": 29277.46, "Perímetro": 1687.95 }, "geometry": { "type": "MultiPolygon", "coordinates": [ [ [ [ -58.999051826707188, -27.395637523164911 ], [ -58.998664855786231, -27.395981216166188 ], [ -58.999520562849895, -27.396748759396829 ], [ -58.999907535024839, -27.396405057750403 ], [ -58.999051826707188, -27.395637523164911 ] ] ], [ [ [ -58.999546290530866, -27.395198355279572 ], [ -58.99915932164928, -27.395542050651208 ], [ -59.000015022893493, -27.39630958995085 ], [ -59.000401990998974, -27.395965886821919 ], [ -58.999546290530866, -27.395198355279572 ] ] ], [ [ [ -59.000544606328994, -27.39609381230024 ], [ -59.000157641249608, -27.396437513133353 ], [ -59.001013359341322, -27.397205043895575 ], [ -59.00140032154129, -27.396861344313727 ], [ -59.000544606328994, -27.39609381230024 ] ] ], [ [ [ -59.000050153266812, -27.396532992771107 ], [ -58.999663181117661, -27.396876688490728 ], [ -59.000518892930579, -27.397644219487848 ], [ -59.000905864287233, -27.39730051781542 ], [ -59.000050153266812, -27.396532992771107 ] ] ], [ [ [ -59.000852602472172, -27.395820256063917 ], [ -59.000652093348585, -27.395998344885065 ], [ -59.001507814686164, -27.39676587539072 ], [ -59.001708313788669, -27.396587786188974 ], [ -59.000852602472172, -27.395820256063917 ] ] ] ] } },
{ "type": "Feature", "properties": { "Barrio": "DON SANTIGO", "Municipio": "Resistencia", "ID": 56, "Área": 4937.72, "Perímetro": 301.36 }, "geometry": { "type": "MultiPolygon", "coordinates": [ [ [ [ -58.991222885378775, -27.396237883694241 ], [ -58.990877676868706, -27.396544713359177 ], [ -58.991608862448508, -27.397200086418074 ], [ -58.991953906547373, -27.396893674285682 ], [ -58.991222885378775, -27.396237883694241 ] ] ] ] } },
{ "type": "Feature", "properties": { "Barrio": "DON SANTIAGO", "Municipio": "Resistencia", "ID": 57, "Área": 6152.34, "Perímetro": 325.05 }, "geometry": { "type": "MultiPolygon", "coordinates": [ [ [ [ -58.991867594916286, -27.395664840707155 ], [ -58.991438029570553, -27.396047092839236 ], [ -58.992168902490334, -27.396702740480151 ], [ -58.992598782918982, -27.39632020867365 ], [ -58.991867594916286, -27.395664840707155 ] ] ] ] } },
{ "type": "Feature", "properties": { "Barrio": "DON SANTIAGO", "Municipio": "Resistencia", "ID": 58, "Área": 3853.85, "Perímetro": 477.2 }, "geometry": { "type": "MultiPolygon", "coordinates": [ [ [ [ -58.994528388907575, -27.396784539984779 ], [ -58.993985135699369, -27.396956078281214 ], [ -58.994078077434217, -27.397190579695216 ], [ -58.994621359022155, -27.39701903495007 ], [ -58.994528388907575, -27.396784539984779 ] ] ], [ [ [ -58.994396169659879, -27.396450942036651 ], [ -58.993853184611083, -27.396622390649345 ], [ -58.99394640963579, -27.396856809371904 ], [ -58.994489385634289, -27.396685356746861 ], [ -58.994396169659879, -27.396450942036651 ] ] ], [ [ [ -58.994320966724487, -27.3962552973748 ], [ -58.993777252403696, -27.396425651298824 ], [ -58.993817509035665, -27.396533158171231 ], [ -58.994360764434326, -27.396361620497828 ], [ -58.994320966724487, -27.3962552973748 ] ] ] ] } },
{ "type": "Feature", "properties": { "Barrio": "DON SANTIAGO", "Municipio": "Resistencia", "ID": 59, "Área": 2964.04, "Perímetro": 218.0 }, "geometry": { "type": "MultiPolygon", "coordinates": [ [ [ [ -58.994917106723129, -27.397766564393581 ], [ -58.994373846169928, -27.397938104947482 ], [ -58.994549178799581, -27.398380459158581 ], [ -58.995092438258453, -27.398208917961568 ], [ -58.994917106723129, -27.397766564393581 ] ] ] ] } },
{ "type": "Feature", "properties": { "Barrio": "PLAN 62 VIVIENDAS", "Municipio": "Resistencia", "ID": 60, "Área": 17922.0, "Perímetro": 1074.4 }, "geometry": { "type": "MultiPolygon", "coordinates": [ [ [ [ -58.991845540265643, -27.403081525908249 ], [ -58.991213253086308, -27.403643484115559 ], [ -58.991654135886613, -27.404038619282638 ], [ -58.992286420179212, -27.40347665998851 ], [ -58.991845540265643, -27.403081525908249 ] ] ], [ [ [ -58.99036610253512, -27.40439638549806 ], [ -58.989805512308898, -27.404894601261276 ], [ -58.99024639164989, -27.40528974980943 ], [ -58.990806985095517, -27.404791526910135 ], [ -58.99036610253512, -27.40439638549806 ] ] ], [ [ [ -58.99106997818496, -27.40377082268876 ], [ -58.990509390171006, -27.404269047783497 ], [ -58.990950269766287, -27.40466418511857 ], [ -58.991510856873539, -27.404165961881585 ], [ -58.99106997818496, -27.40377082268876 ] ] ], [ [ [ -58.989662230136254, -27.405021938248897 ], [ -58.989338124666517, -27.405309980761437 ], [ -58.98977900389302, -27.405705130763806 ], [ -58.990103112466954, -27.40541708816712 ], [ -58.989662230136254, -27.405021938248897 ] ] ] ] } },
{ "type": "Feature", "properties": { "Barrio": "PLAN 40 VIVIENDAS U.O.M.", "Municipio": "Resistencia", "ID": 61, "Área": 9017.0, "Perímetro": 657.02 }, "geometry": { "type": "MultiPolygon", "coordinates": [ [ [ [ -58.988548452950923, -27.403907675933251 ], [ -58.987987857328626, -27.404405887878607 ], [ -58.988385637608225, -27.404762415012396 ], [ -58.988946237390358, -27.404264202424969 ], [ -58.988548452950923, -27.403907675933251 ] ] ], [ [ [ -58.98813826273885, -27.403540016095885 ], [ -58.987577663175998, -27.404038229096045 ], [ -58.987880854354046, -27.404309975073605 ], [ -58.988441449942918, -27.403811763551559 ], [ -58.98813826273885, -27.403540016095885 ] ] ], [ [ [ -58.987692405580226, -27.403140393427673 ], [ -58.987468524020287, -27.403339356680064 ], [ -58.98777170599697, -27.403611102811364 ], [ -58.98799558759476, -27.403412139079968 ], [ -58.987692405580226, -27.403140393427673 ] ] ] ] } },
{ "type": "Feature", "properties": { "Barrio": "PLAN 160 VIVIENDAS", "Municipio": "Resistencia", "ID": 62, "Área": 32903.84, "Perímetro": 2544.03 }, "geometry": { "type": "MultiPolygon", "coordinates": [ [ [ [ -58.986683991017031, -27.404751977138876 ], [ -58.986125175934113, -27.405248584404006 ], [ -58.986496129253005, -27.405581078622987 ], [ -58.987054947517507, -27.405084466307745 ], [ -58.986683991017031, -27.404751977138876 ] ] ], [ [ [ -58.984162026862101, -27.40248889106979 ], [ -58.983601172851159, -27.402986864068158 ], [ -58.983904213685108, -27.403258732889778 ], [ -58.984465064702903, -27.402760764986144 ], [ -58.984162026862101, -27.40248889106979 ] ] ], [ [ [ -58.98457202141195, -27.402856716102825 ], [ -58.984012097910266, -27.403353864621241 ], [ -58.984315137726334, -27.403625731666057 ], [ -58.984875061259352, -27.403128589168734 ], [ -58.98457202141195, -27.402856716102825 ] ] ], [ [ [ -58.986277369268805, -27.404387509668378 ], [ -58.985718548189091, -27.40488412160197 ], [ -58.986018163662109, -27.405152676445297 ], [ -58.98657698887925, -27.404656063359532 ], [ -58.986277369268805, -27.404387509668378 ] ] ], [ [ [ -58.986403079167921, -27.401962300887419 ], [ -58.985829917258307, -27.402471674476995 ], [ -58.986115260304842, -27.402727442559289 ], [ -58.98668839475441, -27.402218095588722 ], [ -58.986403079167921, -27.401962300887419 ] ] ], [ [ [ -58.986795428356452, -27.402313978818402 ], [ -58.986222267357022, -27.402823351295321 ], [ -58.986507608166178, -27.403079118581772 ], [ -58.987080745782364, -27.402569769144112 ], [ -58.986795428356452, -27.402313978818402 ] ] ], [ [ [ -58.98558273092258, -27.401226979751073 ], [ -58.985009565231707, -27.401736349993254 ], [ -58.985294904550486, -27.401992114264097 ], [ -58.985868038688103, -27.401482776025222 ], [ -58.98558273092258, -27.401226979751073 ] ] ], [ [ [ -58.985975070873721, -27.401578659856003 ], [ -58.985401909125798, -27.40208802900754 ], [ -58.985687250259275, -27.402343791609713 ], [ -58.986260384522488, -27.401834451784058 ], [ -58.985975070873721, -27.401578659856003 ] ] ], [ [ [ -58.987223449310882, -27.40269762652051 ], [ -58.986650281097759, -27.403207000677217 ], [ -58.986935634045139, -27.403462760884882 ], [ -58.987508761622493, -27.402953416861081 ], [ -58.987223449310882, -27.40269762652051 ] ] ], [ [ [ -58.985017670176369, -27.40325652386672 ], [ -58.984456818898337, -27.403754502980409 ], [ -58.984608344265041, -27.403890435702142 ], [ -58.985169195567032, -27.403392458695684 ], [ -58.985017670176369, -27.40325652386672 ] ] ], [ [ [ -58.985018211881965, -27.403987916573151 ], [ -58.984869515380524, -27.404123332242914 ], [ -58.985169129781987, -27.404391888849801 ], [ -58.985448533262314, -27.40414358601711 ], [ -58.985298745694976, -27.404009294694756 ], [ -58.985169772061788, -27.404123912119164 ], [ -58.985018211881965, -27.403987916573151 ] ] ] ] } },
{ "type": "Feature", "properties": { "Barrio": "PLAN 40 VIVIENDAS", "Municipio": "Resistencia", "ID": 63, "Área": 4560.48, "Perímetro": 313.74 }, "geometry": { "type": "MultiPolygon", "coordinates": [ [ [ [ -58.985169195567032, -27.403392458695684 ], [ -58.984608338199124, -27.403890435657974 ], [ -58.984759859876199, -27.40402636999773 ], [ -58.984911239574416, -27.403891964768572 ], [ -58.985019968584474, -27.403989632119099 ], [ -58.985169717971267, -27.404123856681341 ], [ -58.985298745694976, -27.404009294694756 ], [ -58.985448533262314, -27.40414358601711 ], [ -58.985730716449261, -27.403896217804046 ], [ -58.985427673424965, -27.40362434652047 ], [ -58.985320715295565, -27.403528389714129 ], [ -58.985169195567032, -27.403392458695684 ] ] ] ] } },
{ "type": "Feature", "properties": { "Barrio": "PLAN 50 VIVIENDAS", "Municipio": "Resistencia", "ID": 64, "Área": 11814.99, "Perímetro": 896.0 }, "geometry": { "type": "MultiPolygon", "coordinates": [ [ [ [ -58.980967639491439, -27.402691459495927 ], [ -58.980663015526027, -27.402961916880255 ], [ -58.981238282759321, -27.403478035595978 ], [ -58.981542903792729, -27.403207576952926 ], [ -58.980967639491439, -27.402691459495927 ] ] ], [ [ [ -58.981685508820476, -27.403335518564528 ], [ -58.981380888748227, -27.403605980228427 ], [ -58.981940615064779, -27.404108151194329 ], [ -58.98224523928733, -27.403837687454477 ], [ -58.981685508820476, -27.403335518564528 ] ] ], [ [ [ -58.981273374013782, -27.403701435618682 ], [ -58.980968747890891, -27.40397189628392 ], [ -58.981528478118619, -27.404474068907209 ], [ -58.98183310129015, -27.404203608821213 ], [ -58.981273374013782, -27.403701435618682 ] ] ], [ [ [ -58.980843278673632, -27.403315561230773 ], [ -58.980538652617923, -27.403586021873771 ], [ -58.980826142913727, -27.403843954853354 ], [ -58.981130769019877, -27.403573493592344 ], [ -58.980843278673632, -27.403315561230773 ] ] ] ] } },
{ "type": "Feature", "properties": { "Barrio": "PLAN 25 VIVIENDAS", "Municipio": "Resistencia", "ID": 65, "Área": 4501.7, "Perímetro": 512.97 }, "geometry": { "type": "MultiPolygon", "coordinates": [ [ [ [ -58.980555501822181, -27.403057374440188 ], [ -58.980250878883076, -27.403327830877544 ], [ -58.980538652617923, -27.403586021873771 ], [ -58.980843278673632, -27.403315561230773 ], [ -58.980555501822181, -27.403057374440188 ] ] ], [ [ [ -58.980179201943855, -27.403391470230851 ], [ -58.980026889760168, -27.403526696292015 ], [ -58.980602153716546, -27.404042821177089 ], [ -58.980754465983857, -27.403907590888402 ], [ -58.980179201943855, -27.403391470230851 ] ] ], [ [ [ -58.980897073988089, -27.404035532413268 ], [ -58.980744758675314, -27.404170762833072 ], [ -58.981104447895781, -27.404493464863151 ], [ -58.981256760174055, -27.404358237643827 ], [ -58.980897073988089, -27.404035532413268 ] ] ] ] } },
{ "type": "Feature", "properties": { "Barrio": "ALTO SABIN", "Municipio": "Resistencia", "ID": 66, "Área": 27301.06, "Perímetro": 1730.06 }, "geometry": { "type": "MultiPolygon", "coordinates": [ [ [ [ -58.971542354409891, -27.417021386150115 ], [ -58.971162398561155, -27.417358658032228 ], [ -58.971893419558214, -27.418014520726139 ], [ -58.97227338140975, -27.417677271290163 ], [ -58.971542354409891, -27.417021386150115 ] ] ], [ [ [ -58.972415633524371, -27.41780477843146 ], [ -58.972035680766844, -27.418142025609221 ], [ -58.972695264134281, -27.418733799721945 ], [ -58.973075227173908, -27.418396548142709 ], [ -58.972415633524371, -27.41780477843146 ] ] ], [ [ [ -58.971970601510137, -27.416641604427763 ], [ -58.971658749403453, -27.416918404690094 ], [ -58.972389776455003, -27.417574289229531 ], [ -58.972701629705604, -27.417297487365428 ], [ -58.971970601510137, -27.416641604427763 ] ] ], [ [ [ -58.972381281724026, -27.416276904730996 ], [ -58.97206943363755, -27.416553711411414 ], [ -58.97280031244685, -27.417209460091104 ], [ -58.973112166682526, -27.416932657260311 ], [ -58.972381281724026, -27.416276904730996 ] ] ], [ [ [ -58.973254355444439, -27.417060351685638 ], [ -58.972942580616277, -27.417337094054112 ], [ -58.973602164357125, -27.417928861237399 ], [ -58.973914018738263, -27.417652056641408 ], [ -58.973254355444439, -27.417060351685638 ] ] ], [ [ [ -58.972838332524269, -27.417420951223384 ], [ -58.972526548569562, -27.417697692538699 ], [ -58.9731861321008, -27.418289461658372 ], [ -58.973497984478499, -27.418012658936103 ], [ -58.972838332524269, -27.417420951223384 ] ] ] ] } },
{ "type": "Feature", "properties": { "Barrio": "ASENTAMIENTO CRISTO REY", "Municipio": "Resistencia", "ID": 67, "Área": 65603.86, "Perímetro": 1576.07 }, "geometry": { "type": "MultiPolygon", "coordinates": [ [ [ [ -58.997546577802026, -27.408071152462394 ], [ -58.995589954543156, -27.409808678990196 ], [ -58.994017589351657, -27.411204915421173 ], [ -58.994470890081075, -27.411375203691172 ], [ -58.994672360735883, -27.41145088041036 ], [ -58.995180473033933, -27.411572501803949 ], [ -58.997672164457285, -27.409360762342242 ], [ -58.997735866535756, -27.409417853575775 ], [ -58.997879205715343, -27.409290566457724 ], [ -58.998941894049395, -27.410218088044026 ], [ -58.999120186351753, -27.410377992933444 ], [ -58.999263526336925, -27.4102506980913 ], [ -58.999451733911044, -27.41041949615364 ], [ -58.99977425023804, -27.410133081769079 ], [ -58.999628832935556, -27.41000266283239 ], [ -58.999600308410017, -27.409977078255608 ], [ -58.999422016011749, -27.409817174872124 ], [ -58.999450716891459, -27.409778953563777 ], [ -58.999293820056458, -27.409638238943725 ], [ -58.999265291665161, -27.409612653370338 ], [ -58.999101266020958, -27.409465540138775 ], [ -58.999087000355544, -27.409452746871921 ], [ -58.998637705638139, -27.409049784035677 ], [ -58.998623443112606, -27.409036990745296 ], [ -58.998366706955331, -27.408806726539176 ], [ -58.998352441467269, -27.408793932298199 ], [ -58.998209812899638, -27.408666007144458 ], [ -58.998202679647406, -27.408659612268622 ], [ -58.997546577802026, -27.408071152462394 ] ] ] ] } },
{ "type": "Feature", "properties": { "Barrio": "ANGEL DE LA GUARDA", "Municipio": "Resistencia", "ID": 68, "Área": 50104.02, "Perímetro": 3207.53 }, "geometry": { "type": "MultiPolygon", "coordinates": [ [ [ [ -58.996250225965042, -27.40780940792072 ], [ -58.995891867045977, -27.408127636113189 ], [ -58.996540832098752, -27.408709706747775 ], [ -58.996899191173583, -27.4083914742071 ], [ -58.996250225965042, -27.40780940792072 ] ] ], [ [ [ -58.995318499443044, -27.408636797073797 ], [ -58.994960141259391, -27.408955021832057 ], [ -58.995609101918241, -27.409537097607171 ], [ -58.995967460265973, -27.409218867598415 ], [ -58.995318499443044, -27.408636797073797 ] ] ], [ [ [ -58.996716077428722, -27.407395713041542 ], [ -58.996357728288785, -27.407713938963443 ], [ -58.997006693536669, -27.408296004757478 ], [ -58.99736504278335, -27.407977779901273 ], [ -58.996716077428722, -27.407395713041542 ] ] ], [ [ [ -58.995784363921423, -27.408223104684144 ], [ -58.99542600944276, -27.408541328030584 ], [ -58.996074970305116, -27.409123398062789 ], [ -58.996433325893577, -27.408805176691569 ], [ -58.995784363921423, -27.408223104684144 ] ] ], [ [ [ -58.995471679945325, -27.407113292034801 ], [ -58.995113321160325, -27.407431520062644 ], [ -58.995748009968622, -27.408000797834273 ], [ -58.996106367822222, -27.407682573607836 ], [ -58.995471679945325, -27.407113292034801 ] ] ], [ [ [ -58.993608212799884, -27.408768052494235 ], [ -58.993249850406166, -27.409086276323784 ], [ -58.9938845375668, -27.409655558825865 ], [ -58.994242907084853, -27.409337342465211 ], [ -58.993608212799884, -27.408768052494235 ] ] ], [ [ [ -58.994074085058649, -27.408354363313602 ], [ -58.99371572536716, -27.408672584821893 ], [ -58.994350412613542, -27.409241874260257 ], [ -58.994708772433818, -27.408923651146736 ], [ -58.994074085058649, -27.408354363313602 ] ] ], [ [ [ -58.995937532208345, -27.406699601527468 ], [ -58.995579182232149, -27.407017822765987 ], [ -58.996213870147578, -27.407587103857523 ], [ -58.996572226367277, -27.407268875643709 ], [ -58.995937532208345, -27.406699601527468 ] ] ], [ [ [ -58.99500581908373, -27.407526988952423 ], [ -58.994647457702875, -27.407845207571661 ], [ -58.995282151350132, -27.408414492880254 ], [ -58.995640506842463, -27.4080962671983 ], [ -58.99500581908373, -27.407526988952423 ] ] ], [ [ [ -58.994539953822631, -27.407940675165541 ], [ -58.994181596767866, -27.408258901570996 ], [ -58.994816284238873, -27.408828182606435 ], [ -58.995174641356961, -27.408509961814239 ], [ -58.994539953822631, -27.407940675165541 ] ] ], [ [ [ -58.99485140731138, -27.409051576241247 ], [ -58.994493040352282, -27.409369803273698 ], [ -58.994878136986699, -27.409715211185336 ], [ -58.995329778888333, -27.409480651165531 ], [ -58.99485140731138, -27.409051576241247 ] ] ], [ [ [ -58.994385534814917, -27.409465271586885 ], [ -58.994027165218867, -27.409783493722117 ], [ -58.994291031413375, -27.410020164415528 ], [ -58.994742675810002, -27.409785600058289 ], [ -58.994385534814917, -27.409465271586885 ] ] ] ] } },
{ "type": "Feature", "properties": { "Barrio": "SANTA LUCIA", "Municipio": "Resistencia", "ID": 69, "Área": 30768.46, "Perímetro": 2184.32 }, "geometry": { "type": "MultiPolygon", "coordinates": [ [ [ [ -58.98026161747147, -27.41864268444893 ], [ -58.979974872639026, -27.418897229217649 ], [ -58.980830617812359, -27.419664885952837 ], [ -58.981117365852711, -27.419410335864857 ], [ -58.98026161747147, -27.41864268444893 ] ] ], [ [ [ -58.979903184178347, -27.418960868002745 ], [ -58.979616438713414, -27.419215411985196 ], [ -58.980472183709935, -27.419983070885667 ], [ -58.980758933369131, -27.419728524298261 ], [ -58.979903184178347, -27.418960868002745 ] ] ], [ [ [ -58.980620043687672, -27.41832449625683 ], [ -58.980333304543265, -27.418579041848815 ], [ -58.981189050904433, -27.419346696426118 ], [ -58.981475797268011, -27.419092149153713 ], [ -58.980620043687672, -27.41832449625683 ] ] ], [ [ [ -58.980978485966638, -27.418006316228784 ], [ -58.980691734359894, -27.418260857097103 ], [ -58.981547480897696, -27.419028509509172 ], [ -58.981834218572914, -27.418773957782253 ], [ -58.980978485966638, -27.418006316228784 ] ] ], [ [ [ -58.981948320806076, -27.418876307652077 ], [ -58.98166158305412, -27.419130865926078 ], [ -58.982293485523911, -27.419697703955514 ], [ -58.982516446694753, -27.419641816668118 ], [ -58.98269661567781, -27.419547551532848 ], [ -58.981948320806076, -27.418876307652077 ] ] ], [ [ [ -58.981589892399811, -27.419194499260527 ], [ -58.981303152026186, -27.419449053124357 ], [ -58.981758554735862, -27.419857571136674 ], [ -58.982179368110174, -27.419723282071907 ], [ -58.981589892399811, -27.419194499260527 ] ] ], [ [ [ -58.981231460960963, -27.419512686260379 ], [ -58.980944719921681, -27.419767242947167 ], [ -58.981370956976811, -27.420149590774216 ], [ -58.981477787735749, -27.420089906776361 ], [ -58.981536011355843, -27.420041764336027 ], [ -58.981684443551011, -27.419919032888433 ], [ -58.981231460960963, -27.419512686260379 ] ] ], [ [ [ -58.980873028453829, -27.419830874982484 ], [ -58.980586278717766, -27.420085428116966 ], [ -58.980979144729524, -27.420437840893761 ], [ -58.981115892840045, -27.420304619544527 ], [ -58.981283083950323, -27.420198711212389 ], [ -58.980873028453829, -27.419830874982484 ] ] ] ] } },
{ "type": "Feature", "properties": { "Barrio": "VOLVER A EMPEZAR", "Municipio": "Resistencia", "ID": 70, "Área": 23835.94, "Perímetro": 1335.82 }, "geometry": { "type": "MultiPolygon", "coordinates": [ [ [ [ -58.983693709953435, -27.418164614162365 ], [ -58.982417724810752, -27.419297382891614 ], [ -58.982818473055659, -27.419656885635558 ], [ -58.9840944927546, -27.418524126179339 ], [ -58.983693709953435, -27.418164614162365 ] ] ], [ [ [ -58.98329293272333, -27.417805107383749 ], [ -58.982016947924023, -27.418937867089252 ], [ -58.982373502848887, -27.419257723445167 ], [ -58.98364949803738, -27.418124958797183 ], [ -58.98329293272333, -27.417805107383749 ] ] ], [ [ [ -58.982892154093818, -27.417445594062027 ], [ -58.981620286591117, -27.418582047429371 ], [ -58.981815843818204, -27.418757470083847 ], [ -58.983091828461802, -27.417624713092081 ], [ -58.982892154093818, -27.417445594062027 ] ] ] ] } },
{ "type": "Feature", "properties": { "Barrio": "ASENTAMIENTO TIMBO", "Municipio": "Resistencia", "ID": 71, "Área": 77806.4, "Perímetro": 1152.25 }, "geometry": { "type": "MultiPolygon", "coordinates": [ [ [ [ -59.000893664599928, -27.425510375954151 ], [ -59.002441930155385, -27.424135581970898 ], [ -58.999877003126031, -27.421830548140591 ], [ -58.998326836604924, -27.423207009490845 ], [ -59.000893664599928, -27.425510375954151 ] ] ] ] } },
{ "type": "Feature", "properties": { "Barrio": "33 VIVIENDAS - AIPO", "Municipio": "Resistencia", "ID": 72, "Área": 8274.95, "Perímetro": 400.0 }, "geometry": { "type": "MultiPolygon", "coordinates": [ [ [ [ -58.993831795247438, -27.427457173220088 ], [ -58.993527131650978, -27.427727656776895 ], [ -58.993741108981141, -27.427919553300814 ], [ -58.993328914622971, -27.428285503300998 ], [ -58.993828194507714, -27.428733255749126 ], [ -58.994545045623532, -27.428096819153616 ], [ -58.993831795247438, -27.427457173220088 ] ] ] ] } },
{ "type": "Feature", "properties": { "Barrio": "ASENTAMIENTO INMACULADA", "Municipio": "Resistencia", "ID": 73, "Área": 20330.12, "Perímetro": 582.52 }, "geometry": { "type": "MultiPolygon", "coordinates": [ [ [ [ -58.998452125465434, -27.424882414531979 ], [ -58.997196630256717, -27.425997175301077 ], [ -58.998024022862111, -27.426739147989007 ], [ -58.998820758153649, -27.426031715192224 ], [ -58.999281109241558, -27.425623046782771 ], [ -58.998452125465434, -27.424882414531979 ] ] ] ] } },
{ "type": "Feature", "properties": { "Barrio": "PLAN 40 VIVIENDAS", "Municipio": "Resistencia", "ID": 74, "Área": 19407.51, "Perímetro": 827.52 }, "geometry": { "type": "MultiPolygon", "coordinates": [ [ [ [ -59.033938892344977, -27.460096563969291 ], [ -59.033423646680575, -27.460554200333743 ], [ -59.034387189389804, -27.461417417830873 ], [ -59.034902434300477, -27.460959778853393 ], [ -59.033938892344977, -27.460096563969291 ] ] ], [ [ [ -59.034561654921141, -27.459543421959012 ], [ -59.034046414399988, -27.46000106079628 ], [ -59.035009950349639, -27.460864274003921 ], [ -59.035525188093835, -27.460406632539733 ], [ -59.034561654921141, -27.459543421959012 ] ] ] ] } },
{ "type": "Feature", "properties": { "Barrio": "ASENTAMIENTO MATE COCIDO", "Municipio": "Resistencia", "ID": 75, "Área": 50282.98, "Perímetro": 2440.5 }, "geometry": { "type": "MultiPolygon", "coordinates": [ [ [ [ -59.035035890329695, -27.465491670379599 ], [ -59.034556422260344, -27.46591743485628 ], [ -59.035323649646486, -27.466604879716101 ], [ -59.035803116902024, -27.46617911263256 ], [ -59.035035890329695, -27.465491670379599 ] ] ], [ [ [ -59.035910125371707, -27.466274989796226 ], [ -59.035430704251773, -27.46670079997325 ], [ -59.036197938472277, -27.467388236581471 ], [ -59.036677352653193, -27.466962430071924 ], [ -59.035910125371707, -27.466274989796226 ] ] ], [ [ [ -59.035287316353703, -27.466828123777855 ], [ -59.034807911629343, -27.467253822614445 ], [ -59.03557514558517, -27.467941263502116 ], [ -59.036054556576715, -27.46751556210792 ], [ -59.035287316353703, -27.466828123777855 ] ] ], [ [ [ -59.034413034429697, -27.46604475777486 ], [ -59.033933633977163, -27.466470453677221 ], [ -59.034700857059889, -27.467157901886036 ], [ -59.035180260745079, -27.466732203405169 ], [ -59.034413034429697, -27.46604475777486 ] ] ], [ [ [ -59.035623428301278, -27.464970214195091 ], [ -59.035144899599956, -27.465395154437683 ], [ -59.035912126219138, -27.466082596099575 ], [ -59.036390662277057, -27.465657644288136 ], [ -59.035623428301278, -27.464970214195091 ] ] ], [ [ [ -59.037372014836023, -27.466536917024456 ], [ -59.036893479616232, -27.466961863138803 ], [ -59.037660735014867, -27.467649295620216 ], [ -59.0381392643854, -27.467224344162055 ], [ -59.037372014836023, -27.466536917024456 ] ] ], [ [ [ -59.036497716889031, -27.465753570054158 ], [ -59.03601918187011, -27.466178515918482 ], [ -59.036786422451442, -27.4668659439638 ], [ -59.037264958655328, -27.466440998218541 ], [ -59.036497716889031, -27.465753570054158 ] ] ] ] } },
{ "type": "Feature", "properties": { "Barrio": "SAN JOSE OBRERO", "Municipio": "Resistencia", "ID": 76, "Área": 12296.23, "Perímetro": 639.51 }, "geometry": { "type": "MultiPolygon", "coordinates": [ [ [ [ -59.035415663169459, -27.463673790081348 ], [ -59.034954243823805, -27.464083622745608 ], [ -59.0356394539725, -27.464697459167613 ], [ -59.036100873463447, -27.464287626975853 ], [ -59.035415663169459, -27.463673790081348 ] ] ], [ [ [ -59.034630577580515, -27.46297024295696 ], [ -59.034169115336127, -27.46338025864938 ], [ -59.034847177889645, -27.463987707478086 ], [ -59.035308627016818, -27.463577704822537 ], [ -59.034630577580515, -27.46297024295696 ] ] ] ] } },
{ "type": "Feature", "properties": { "Barrio": "162 VIINSSSEP", "Municipio": "Resistencia", "ID": 77, "Área": 55856.5, "Perímetro": 3259.88 }, "geometry": { "type": "MultiPolygon", "coordinates": [ [ [ [ -59.034512079809858, -27.44959078574378 ], [ -59.033795302135673, -27.450227434688578 ], [ -59.034271011206506, -27.450653696629999 ], [ -59.034987789063621, -27.450017045276251 ], [ -59.034512079809858, -27.44959078574378 ] ] ], [ [ [ -59.035372200277862, -27.448826808088683 ], [ -59.034655439616273, -27.449463455516259 ], [ -59.035131141795276, -27.449889718127153 ], [ -59.035847906763742, -27.449253059295671 ], [ -59.035372200277862, -27.448826808088683 ] ] ], [ [ [ -59.034836980660344, -27.448347224630545 ], [ -59.034120219193028, -27.448983869340971 ], [ -59.034548394733079, -27.449367541142902 ], [ -59.035265162433433, -27.448730894306387 ], [ -59.034836980660344, -27.448347224630545 ] ] ], [ [ [ -59.033470197035236, -27.448657184782764 ], [ -59.032753412690127, -27.449293827500259 ], [ -59.033153038114726, -27.449651922624764 ], [ -59.033869822621625, -27.449015276981363 ], [ -59.033470197035236, -27.448657184782764 ] ] ], [ [ [ -59.03432877171528, -27.447894583367891 ], [ -59.033612004356726, -27.448531225462183 ], [ -59.034011628907095, -27.448889323569581 ], [ -59.034728396466555, -27.448252674037896 ], [ -59.03432877171528, -27.447894583367891 ] ] ], [ [ [ -59.033976860439211, -27.44911119903345 ], [ -59.033260086013094, -27.449747844386739 ], [ -59.033659713699102, -27.450105938112188 ], [ -59.034376492332541, -27.449469289860982 ], [ -59.033976860439211, -27.44911119903345 ] ] ], [ [ [ -59.034275500631956, -27.447063320457666 ], [ -59.033988801430837, -27.447317976692517 ], [ -59.034880817236832, -27.448117294924923 ], [ -59.035167520683544, -27.447862629692953 ], [ -59.034275500631956, -27.447063320457666 ] ] ], [ [ [ -59.032977803167718, -27.448215962275444 ], [ -59.032261033219328, -27.448852597184043 ], [ -59.032603559050145, -27.449159536393214 ], [ -59.033320337221824, -27.448522899806314 ], [ -59.032977803167718, -27.448215962275444 ] ] ], [ [ [ -59.03383762117177, -27.447452265267451 ], [ -59.033121155776158, -27.448088633552672 ], [ -59.033463688813768, -27.448395574338871 ], [ -59.034180154396232, -27.447759198003801 ], [ -59.03383762117177, -27.447452265267451 ] ] ], [ [ [ -59.035917295186906, -27.448342636538374 ], [ -59.035630595201013, -27.448597299720401 ], [ -59.036106298726359, -27.449023549135713 ], [ -59.03639300483016, -27.448768887739099 ], [ -59.035917295186906, -27.448342636538374 ] ] ], [ [ [ -59.035382078478676, -27.447863051553018 ], [ -59.035088205516637, -27.448124077991288 ], [ -59.035516383301733, -27.448507746879205 ], [ -59.035810256354722, -27.448246716845063 ], [ -59.035382078478676, -27.447863051553018 ] ] ] ] } },
{ "type": "Feature", "properties": { "Barrio": "PLAN 40 VIVIENDAS", "Municipio": "Resistencia", "ID": 78, "Área": 6480.02, "Perímetro": 504.0 }, "geometry": { "type": "MultiPolygon", "coordinates": [ [ [ [ -59.042821920387468, -27.450717487737851 ], [ -59.042176855932397, -27.45129050949161 ], [ -59.042433785137561, -27.451520696564103 ], [ -59.043078849657157, -27.450947676346381 ], [ -59.042821920387468, -27.450717487737851 ] ] ], [ [ [ -59.043187408083419, -27.451042251079478 ], [ -59.042542343597312, -27.451615265476374 ], [ -59.042799274290758, -27.451845454609735 ], [ -59.043444338888101, -27.451272436334975 ], [ -59.043187408083419, -27.451042251079478 ] ] ] ] } },
{ "type": "Feature", "properties": { "Barrio": "BARBERAN", "Municipio": "Resistencia", "ID": 79, "Área": 168309.95, "Perímetro": 1947.91 }, "geometry": { "type": "MultiPolygon", "coordinates": [ [ [ [ -59.036957337975025, -27.448458615667079 ], [ -59.03523818771027, -27.449985629364676 ], [ -59.035593791048726, -27.450304273534659 ], [ -59.036453913062772, -27.449540282932563 ], [ -59.038607991624225, -27.451470358189106 ], [ -59.042144043795027, -27.448356812888271 ], [ -59.041972759691419, -27.448203351572236 ], [ -59.042044436085263, -27.448139680699263 ], [ -59.041901703540056, -27.448011799221739 ], [ -59.041830030162473, -27.448075472750254 ], [ -59.039833021758355, -27.446286184076627 ], [ -59.037171424379252, -27.448650447895979 ], [ -59.036957337975025, -27.448458615667079 ] ] ] ] } },
{ "type": "Feature", "properties": { "Barrio": "PLAN 160 VIVIENDAS", "Municipio": "Resistencia", "ID": 80, "Área": 48378.71, "Perímetro": 1430.48 }, "geometry": { "type": "MultiPolygon", "coordinates": [ [ [ [ -59.040757775661852, -27.449751741742716 ], [ -59.036439260211274, -27.453587646405879 ], [ -59.036753274932686, -27.453868998527085 ], [ -59.036518599881205, -27.454077441823014 ], [ -59.036775516168504, -27.454307641764363 ], [ -59.041149522480012, -27.45042245025008 ], [ -59.040864051185672, -27.450166675359458 ], [ -59.041043239621217, -27.450007514083776 ], [ -59.040757775661852, -27.449751741742716 ] ] ] ] } },
{ "type": "Feature", "properties": { "Barrio": "50 VIVIENDAS-RAOTA", "Municipio": "Resistencia", "ID": 81, "Área": 10450.96, "Perímetro": 646.54 }, "geometry": { "type": "MultiPolygon", "coordinates": [ [ [ [ -59.03573880687204, -27.445831033153453 ], [ -59.035444940321291, -27.446092054263765 ], [ -59.036181893509365, -27.446752410823876 ], [ -59.036074379428968, -27.446847910740491 ], [ -59.035337432351639, -27.446187553662689 ], [ -59.035022061099326, -27.446467683242293 ], [ -59.035878401705865, -27.447235017260372 ], [ -59.03659514786213, -27.446598356519527 ], [ -59.03573880687204, -27.445831033153453 ] ] ] ] } },
{ "type": "Feature", "properties": { "Barrio": "100 VIVIENDAS-RAOTA", "Municipio": "Resistencia", "ID": 82, "Área": 21918.16, "Perímetro": 637.51 }, "geometry": { "type": "MultiPolygon", "coordinates": [ [ [ [ -59.037329881741115, -27.445728863767599 ], [ -59.036613145518601, -27.446365522304458 ], [ -59.038170757128569, -27.447762779477042 ], [ -59.038892682292733, -27.447121495338656 ], [ -59.037329881741115, -27.445728863767599 ] ] ] ] } },
{ "type": "Feature", "properties": { "Barrio": "118 VIVIENDAS - RAOTA", "Municipio": "Resistencia", "ID": 83, "Área": 19914.95, "Perímetro": 767.15 }, "geometry": { "type": "MultiPolygon", "coordinates": [ [ [ [ -59.034837074861933, -27.446564512573378 ], [ -59.034379788144243, -27.446970694394516 ], [ -59.035810256354722, -27.448246716845063 ], [ -59.03712440992993, -27.447079413538535 ], [ -59.036696226719357, -27.446695749479588 ], [ -59.03583614324404, -27.447459736279175 ], [ -59.034837074861933, -27.446564512573378 ] ] ] ] } },
{ "type": "Feature", "properties": { "Barrio": "100 VIVIENDAS", "Municipio": "Resistencia", "ID": 84, "Área": 16746.94, "Perímetro": 591.35 }, "geometry": { "type": "MultiPolygon", "coordinates": [ [ [ [ -59.037237877039409, -27.447170626600546 ], [ -59.035914065932559, -27.448345503569286 ], [ -59.03639300483016, -27.448768887739099 ], [ -59.036996840516963, -27.448233533451951 ], [ -59.037315851278372, -27.44852216389387 ], [ -59.038028297440214, -27.447889320189123 ], [ -59.037237877039409, -27.447170626600546 ] ] ] ] } },
{ "type": "Feature", "properties": { "Barrio": "PLAN 140 VIVIENDAS", "Municipio": "Resistencia", "ID": 85, "Área": 46551.55, "Perímetro": 856.71 }, "geometry": { "type": "MultiPolygon", "coordinates": [ [ [ [ -59.041169120135244, -27.450695774089162 ], [ -59.041128634945856, -27.450695696656915 ], [ -59.039592354103512, -27.452060348721542 ], [ -59.039592258685424, -27.45209646709672 ], [ -59.04044867812388, -27.452863771658688 ], [ -59.041062521193446, -27.453413738427376 ], [ -59.041103004332641, -27.453413816785694 ], [ -59.042639286408637, -27.452049148324438 ], [ -59.042639373753339, -27.452013029872838 ], [ -59.041169120135244, -27.450695774089162 ] ] ] ] } },
{ "type": "Feature", "properties": { "Barrio": "10 MAYO", "Municipio": "Resistencia", "ID": 86, "Área": 78402.86, "Perímetro": 4697.0 }, "geometry": { "type": "MultiPolygon", "coordinates": [ [ [ [ -59.019179075140926, -27.465735946976647 ], [ -59.018168152510107, -27.466633492016495 ], [ -59.018553525094958, -27.466978836261458 ], [ -59.019564447971142, -27.466081284858973 ], [ -59.019179075140926, -27.465735946976647 ] ] ], [ [ [ -59.020233069061455, -27.464774673712927 ], [ -59.019261595057237, -27.465637219634232 ], [ -59.019661231822589, -27.465995352136076 ], [ -59.020632710077479, -27.465132804401705 ], [ -59.020233069061455, -27.464774673712927 ] ] ], [ [ [ -59.01791595119375, -27.464603976958688 ], [ -59.016905029231502, -27.465501516583192 ], [ -59.017265409109548, -27.465824482541723 ], [ -59.018276331295766, -27.464926937635543 ], [ -59.01791595119375, -27.464603976958688 ] ] ], [ [ [ -59.01980845571196, -27.464394159008769 ], [ -59.018836977895361, -27.465256701083966 ], [ -59.019193797818588, -27.465576465269276 ], [ -59.020165275856897, -27.464713917134983 ], [ -59.01980845571196, -27.464394159008769 ] ] ], [ [ [ -59.018759820519328, -27.4653602232158 ], [ -59.017748888005343, -27.466257765188843 ], [ -59.01809143173881, -27.466564743349132 ], [ -59.019102365454309, -27.465667198935819 ], [ -59.018759820519328, -27.4653602232158 ] ] ], [ [ [ -59.0183548335323, -27.464997286911782 ], [ -59.01734390422164, -27.465894832328836 ], [ -59.017665040892055, -27.466182621521508 ], [ -59.018675966278636, -27.465285080097647 ], [ -59.0183548335323, -27.464997286911782 ] ] ], [ [ [ -59.016496456085441, -27.464463833181405 ], [ -59.016120046647309, -27.464798019560885 ], [ -59.01682652458517, -27.465431163781059 ], [ -59.017202934177497, -27.465096974619875 ], [ -59.016496456085441, -27.464463833181405 ] ] ], [ [ [ -59.018939615648577, -27.463615535068069 ], [ -59.018624153187773, -27.463895618136213 ], [ -59.01942163842898, -27.464610292910532 ], [ -59.019737098048864, -27.464330201726963 ], [ -59.018939615648577, -27.463615535068069 ] ] ], [ [ [ -59.018559631348367, -27.46395290918829 ], [ -59.017968142364772, -27.464478068499716 ], [ -59.018324956229648, -27.464797838417365 ], [ -59.018916446364507, -27.464272674914632 ], [ -59.018559631348367, -27.46395290918829 ] ] ], [ [ [ -59.019000292948597, -27.464347817833044 ], [ -59.018408802786539, -27.464872981686295 ], [ -59.018765620238376, -27.465192746921456 ], [ -59.019357110516061, -27.464667581576606 ], [ -59.019000292948597, -27.464347817833044 ] ] ], [ [ [ -59.018238696456194, -27.463588551741754 ], [ -59.017543248115857, -27.464206014362976 ], [ -59.017835834043538, -27.464468224599543 ], [ -59.018531282463535, -27.463850764149523 ], [ -59.018238696456194, -27.463588551741754 ] ] ], [ [ [ -59.017862270693762, -27.4632512051746 ], [ -59.017166821573582, -27.463868656013275 ], [ -59.017454051271933, -27.464126076489091 ], [ -59.018149499578236, -27.463508614306267 ], [ -59.017862270693762, -27.4632512051746 ] ] ], [ [ [ -59.018199231945928, -27.462952017164621 ], [ -59.017912454505343, -27.463206647622563 ], [ -59.018597527584795, -27.46382059311026 ], [ -59.018884312133935, -27.46356597033683 ], [ -59.018199231945928, -27.462952017164621 ] ] ], [ [ [ -59.017430386928694, -27.464283942849192 ], [ -59.016935682795513, -27.464723163677714 ], [ -59.017278223707194, -27.465030137434013 ], [ -59.017772924866755, -27.46459091899575 ], [ -59.017430386928694, -27.464283942849192 ] ] ], [ [ [ -59.017066439536698, -27.463957773134698 ], [ -59.016571738537081, -27.464396992712206 ], [ -59.016860753660488, -27.464656007938995 ], [ -59.017355458728822, -27.464216793695726 ], [ -59.017066439536698, -27.463957773134698 ] ] ] ] } },
{ "type": "Feature", "properties": { "Barrio": "ASENTAMIENTO NIÑO JESUS", "Municipio": "Resistencia", "ID": 87, "Área": 21777.98, "Perímetro": 1868.73 }, "geometry": { "type": "MultiPolygon", "coordinates": [ [ [ [ -59.023038962053704, -27.458463755384471 ], [ -59.022691258297321, -27.458772496913365 ], [ -59.023328237589915, -27.459343323514915 ], [ -59.023702617106743, -27.459058495959823 ], [ -59.023038962053704, -27.458463755384471 ] ] ], [ [ [ -59.023270692663118, -27.459442040068165 ], [ -59.022607024616789, -27.458847297374991 ], [ -59.022334603903289, -27.459089197605721 ], [ -59.02294831369457, -27.459639174995655 ], [ -59.023270692663118, -27.459442040068165 ] ] ], [ [ [ -59.022252157070689, -27.459162404176542 ], [ -59.021986902267749, -27.45939793999564 ], [ -59.022579206376946, -27.459928733322553 ], [ -59.022844461233738, -27.459693200002476 ], [ -59.022252157070689, -27.459162404176542 ] ] ], [ [ [ -59.021604598364853, -27.460534966389194 ], [ -59.021821071313816, -27.460601914577122 ], [ -59.022036144512242, -27.460410939224154 ], [ -59.02144384055471, -27.45988014633118 ], [ -59.021171417822032, -27.460122041432722 ], [ -59.021641723807839, -27.460509801312135 ], [ -59.021604598364853, -27.460534966389194 ] ] ], [ [ [ -59.021669076790374, -27.459634325104552 ], [ -59.021489848310232, -27.459793466447888 ], [ -59.022174921261758, -27.460407400012553 ], [ -59.022361287761683, -27.460254646104904 ], [ -59.021669076790374, -27.459634325104552 ] ] ], [ [ [ -59.02193492541155, -27.459444089109681 ], [ -59.021741364612701, -27.459615964454152 ], [ -59.022333668618664, -27.460146761515684 ], [ -59.022555778975033, -27.460000469201287 ], [ -59.02193492541155, -27.459444089109681 ] ] ], [ [ [ -59.02086673050804, -27.460392589265663 ], [ -59.020795037217191, -27.460456245019913 ], [ -59.021355896000685, -27.460958862667667 ], [ -59.021702524651531, -27.460651081844023 ], [ -59.02086673050804, -27.460392589265663 ] ] ], [ [ [ -59.021604414755458, -27.460534910055188 ], [ -59.021139130135175, -27.460150712679749 ], [ -59.020938419702368, -27.460328929834112 ], [ -59.021604414755458, -27.460534910055188 ] ] ], [ [ [ -59.021604414755458, -27.460534910055188 ], [ -59.021604536288187, -27.460535008364147 ], [ -59.021604598364853, -27.460534966389194 ], [ -59.021604414755458, -27.460534910055188 ] ] ] ] } },
{ "type": "Feature", "properties": { "Barrio": "VISTA LINDA", "Municipio": "Resistencia", "ID": 88, "Área": 29024.96, "Perímetro": 2050.0 }, "geometry": { "type": "MultiPolygon", "coordinates": [ [ [ [ -59.022677220342004, -27.460058136925451 ], [ -59.02239046068479, -27.460312767249587 ], [ -59.023353857827395, -27.461176110780336 ], [ -59.023640624779389, -27.460921471335155 ], [ -59.022677220342004, -27.460058136925451 ] ] ], [ [ [ -59.022318768240922, -27.460376430129404 ], [ -59.022032006928569, -27.460631060563173 ], [ -59.022995402927094, -27.461494400211024 ], [ -59.023282172506079, -27.461239765174831 ], [ -59.022318768240922, -27.460376430129404 ] ] ], [ [ [ -59.023752572296218, -27.459103261351242 ], [ -59.023465816560879, -27.459357894948337 ], [ -59.024429214355237, -27.460221221232828 ], [ -59.024715983334914, -27.459966592091821 ], [ -59.023752572296218, -27.459103261351242 ] ] ], [ [ [ -59.023394126387792, -27.459421555722788 ], [ -59.023107361932787, -27.459676187575393 ], [ -59.024070766587933, -27.460539519959024 ], [ -59.024357524120752, -27.46028488520227 ], [ -59.023394126387792, -27.459421555722788 ] ] ], [ [ [ -59.023035677393082, -27.459739850901176 ], [ -59.022748912294482, -27.459994482870552 ], [ -59.0237123167934, -27.460857814085266 ], [ -59.023999074953934, -27.460603181016292 ], [ -59.023035677393082, -27.459739850901176 ] ] ], [ [ [ -59.021960314104746, -27.460694719635587 ], [ -59.021852780337639, -27.460790201441661 ], [ -59.022816184278462, -27.461653548682623 ], [ -59.022923711077119, -27.461558059778625 ], [ -59.021960314104746, -27.460694719635587 ] ] ] ] } },
{ "type": "Feature", "properties": { "Barrio": "FORTALEZA", "Municipio": "Resistencia", "ID": 89, "Área": 10280.23, "Perímetro": 1020.75 }, "geometry": { "type": "MultiPolygon", "coordinates": [ [ [ [ -59.020257168059992, -27.460933826774234 ], [ -59.01984135547864, -27.461303032611553 ], [ -59.02029789601491, -27.461712179028698 ], [ -59.020706750611232, -27.461336723692096 ], [ -59.020257168059992, -27.460933826774234 ] ] ], [ [ [ -59.020848604035933, -27.461310367758387 ], [ -59.02035516446675, -27.461763496782364 ], [ -59.020640610011434, -27.462019310088202 ], [ -59.02116397436248, -27.461554608244064 ], [ -59.021021242762714, -27.461426704835485 ], [ -59.020999737704024, -27.461445805574616 ], [ -59.020848604035933, -27.461310367758387 ] ] ], [ [ [ -59.021089247244234, -27.460744767417065 ], [ -59.020658545103004, -27.461127195401698 ], [ -59.020801454364303, -27.461254936191196 ], [ -59.021232087244755, -27.460872565035814 ], [ -59.021089247244234, -27.460744767417065 ] ] ], [ [ [ -59.0207806245824, -27.460469035743309 ], [ -59.020350473003951, -27.460850982994305 ], [ -59.020493191960405, -27.460978886982932 ], [ -59.020923348582158, -27.460596944747525 ], [ -59.0207806245824, -27.460469035743309 ] ] ], [ [ [ -59.020951897907366, -27.460622522592686 ], [ -59.0205217422426, -27.461004470335855 ], [ -59.020629994677869, -27.46110162109867 ], [ -59.021060226822016, -27.460719606789009 ], [ -59.020951897907366, -27.460622522592686 ] ] ], [ [ [ -59.021047926834385, -27.461143223859828 ], [ -59.020933154866505, -27.461245132109504 ], [ -59.021107894966775, -27.461401858267031 ], [ -59.02121563880516, -27.461293498218797 ], [ -59.021047926834385, -27.461143223859828 ] ] ] ] } },
{ "type": "Feature", "properties": { "Barrio": "ENCANTO", "Municipio": "Resistencia", "ID": 90, "Área": 12237.94, "Perímetro": 910.0 }, "geometry": { "type": "MultiPolygon", "coordinates": [ [ [ [ -59.019545926169471, -27.462201922286184 ], [ -59.018578050140192, -27.463061276997912 ], [ -59.018827814455122, -27.463285115449413 ], [ -59.019795693739262, -27.462425749125288 ], [ -59.019545926169471, -27.462201922286184 ] ] ], [ [ [ -59.019231933539039, -27.461920525904059 ], [ -59.018264061666514, -27.462779884812786 ], [ -59.018506690974682, -27.462997322702442 ], [ -59.019474561940385, -27.462137964833968 ], [ -59.019231933539039, -27.461920525904059 ] ] ], [ [ [ -59.019604742964297, -27.46158951316481 ], [ -59.019339476696132, -27.461825046267712 ], [ -59.019903230908284, -27.462330263603938 ], [ -59.020168497178489, -27.462094738467311 ], [ -59.019604742964297, -27.46158951316481 ] ] ] ] } },
{ "type": "Feature", "properties": { "Barrio": "ASENTAMIENTO 28 DE NOVIEMBRE", "Municipio": "Resistencia", "ID": 91, "Área": 17069.05, "Perímetro": 1191.0 }, "geometry": { "type": "MultiPolygon", "coordinates": [ [ [ [ -59.019226659569448, -27.463121958856018 ], [ -59.018920525566166, -27.463393775940382 ], [ -59.019883916923803, -27.464257133141313 ], [ -59.020190055070856, -27.46398532121956 ], [ -59.019226659569448, -27.463121958856018 ] ] ], [ [ [ -59.020989188804329, -27.464205178516544 ], [ -59.020404877513691, -27.464723984827639 ], [ -59.020747424219323, -27.465030956588919 ], [ -59.021331735619363, -27.464512148863285 ], [ -59.020989188804329, -27.464205178516544 ] ] ], [ [ [ -59.019504836414143, -27.462874972149542 ], [ -59.019298354498432, -27.463058303994902 ], [ -59.020261750069572, -27.463921662261093 ], [ -59.02046822804801, -27.463738328981503 ], [ -59.019504836414143, -27.462874972149542 ] ] ], [ [ [ -59.020610954800084, -27.463866232926488 ], [ -59.020026643630267, -27.464385037675704 ], [ -59.020333511165759, -27.464660031392182 ], [ -59.020917822377797, -27.464141231691944 ], [ -59.020610954800084, -27.463866232926488 ] ] ] ] } },
{ "type": "Feature", "properties": { "Barrio": "NUEVA", "Municipio": "Resistencia", "ID": 92, "Área": 57209.95, "Perímetro": 3131.4 }, "geometry": { "type": "MultiPolygon", "coordinates": [ [ [ [ -59.014305650308991, -27.474473308484413 ], [ -59.013516894225226, -27.475173491884028 ], [ -59.014301927100533, -27.475877004021584 ], [ -59.015090683557872, -27.475176812635553 ], [ -59.014305650308991, -27.474473308484413 ] ] ], [ [ [ -59.01509034700203, -27.475304421106387 ], [ -59.014373296877686, -27.475940960545692 ], [ -59.015051291763939, -27.476548528928987 ], [ -59.01576834210789, -27.475911991466759 ], [ -59.01509034700203, -27.475304421106387 ] ] ], [ [ [ -59.015960287431255, -27.473010132325111 ], [ -59.015243257506398, -27.473646670658081 ], [ -59.015637913495425, -27.474000339774843 ], [ -59.016354950657416, -27.473363799491569 ], [ -59.015960287431255, -27.473010132325111 ] ] ], [ [ [ -59.016507225516513, -27.474046616650988 ], [ -59.016094209569296, -27.474413262879345 ], [ -59.016772202014728, -27.475020828406933 ], [ -59.017185221198872, -27.47465417480673 ], [ -59.016507225516513, -27.474046616650988 ] ] ], [ [ [ -59.014701251883949, -27.474126446899838 ], [ -59.014378578283022, -27.474412885706048 ], [ -59.015092246871909, -27.475052438778039 ], [ -59.015414917612951, -27.474765992908701 ], [ -59.014701251883949, -27.474126446899838 ] ] ], [ [ [ -59.01509666200576, -27.473775237005256 ], [ -59.014773997540061, -27.474061675943869 ], [ -59.015487662228679, -27.474701227894695 ], [ -59.015810333934731, -27.474414783769131 ], [ -59.01509666200576, -27.473775237005256 ] ] ], [ [ [ -59.015954637625761, -27.474540304230416 ], [ -59.015237590389901, -27.475176842085094 ], [ -59.015540902418927, -27.475448652061353 ], [ -59.01625794679569, -27.474812106331669 ], [ -59.015954637625761, -27.474540304230416 ] ] ], [ [ [ -59.016336112262124, -27.474877591560244 ], [ -59.015619070919868, -27.475514137708771 ], [ -59.015922381822385, -27.475785941454454 ], [ -59.016639422216535, -27.475149400077452 ], [ -59.016336112262124, -27.474877591560244 ] ] ], [ [ [ -59.0163999055614, -27.473404086242112 ], [ -59.015682875406974, -27.474040633119426 ], [ -59.015956922445376, -27.474286213925527 ], [ -59.016673960744853, -27.473649672032472 ], [ -59.0163999055614, -27.473404086242112 ] ] ], [ [ [ -59.016811246946084, -27.47377671938202 ], [ -59.016564587728062, -27.473995690169719 ], [ -59.017242579305154, -27.474603257044976 ], [ -59.017489239650722, -27.474384282375375 ], [ -59.016811246946084, -27.47377671938202 ] ] ] ] } },
{ "type": "Feature", "properties": { "Barrio": "JUAN D. PERON", "Municipio": "Resistencia", "ID": 93, "Área": 122275.03, "Perímetro": 2800.0 }, "geometry": { "type": "MultiPolygon", "coordinates": [ [ [ [ -59.020497324792139, -27.468973501859928 ], [ -59.017844444176205, -27.471328770117765 ], [ -59.018629479919817, -27.472032257345123 ], [ -59.01687278161026, -27.473591809966347 ], [ -59.017622146254325, -27.474263326661532 ], [ -59.022031721096432, -27.470348462241166 ], [ -59.020497324792139, -27.468973501859928 ] ] ], [ [ [ -59.01808354096908, -27.471845095482255 ], [ -59.017366530650484, -27.472481645374572 ], [ -59.017676261594083, -27.472759208003151 ], [ -59.018393275125419, -27.472122650246298 ], [ -59.01808354096908, -27.471845095482255 ] ] ], [ [ [ -59.017222720748308, -27.472606395076035 ], [ -59.016505700555314, -27.473242940206958 ], [ -59.016815437462313, -27.473520499349185 ], [ -59.017532458788921, -27.472883952655508 ], [ -59.017222720748308, -27.472606395076035 ] ] ], [ [ [ -59.016818786284738, -27.472244404654223 ], [ -59.016101765127196, -27.472880960362961 ], [ -59.01639864954079, -27.473147012015026 ], [ -59.017115669747682, -27.472510461110552 ], [ -59.016818786284738, -27.472244404654223 ] ] ], [ [ [ -59.017679612269795, -27.471483119290937 ], [ -59.016962595028922, -27.472119667086051 ], [ -59.017259479590621, -27.472385716931683 ], [ -59.017976489923093, -27.471749161265809 ], [ -59.017679612269795, -27.471483119290937 ] ] ] ] } },
{ "type": "Feature", "properties": { "Barrio": "PLAN 54 VIVIENDAS", "Municipio": "Resistencia", "ID": 94, "Área": 11549.91, "Perímetro": 650.0 }, "geometry": { "type": "MultiPolygon", "coordinates": [ [ [ [ -59.002636791944745, -27.47668070074953 ], [ -59.002226313789919, -27.477045010950196 ], [ -59.003011285715658, -27.477748581416968 ], [ -59.003421768097553, -27.477384268967409 ], [ -59.002636791944745, -27.47668070074953 ] ] ], [ [ [ -59.002118740038092, -27.477140482688725 ], [ -59.00177623287054, -27.477444461566748 ], [ -59.00256121269166, -27.478148034589182 ], [ -59.002903712928187, -27.477844053759728 ], [ -59.002118740038092, -27.477140482688725 ] ] ] ] } },
{ "type": "Feature", "properties": { "Barrio": "40 VIVIENDAS", "Municipio": "Resistencia", "ID": 95, "Área": 8499.95, "Perímetro": 570.0 }, "geometry": { "type": "MultiPolygon", "coordinates": [ [ [ [ -59.004432756041027, -27.475222364213316 ], [ -59.00371564708604, -27.47585884083691 ], [ -59.004018930790679, -27.476130676088154 ], [ -59.004736040935668, -27.47549419161825 ], [ -59.004432756041027, -27.475222364213316 ] ] ], [ [ [ -59.004843083694105, -27.475590134855807 ], [ -59.004125974574656, -27.476226613559522 ], [ -59.004429257315408, -27.476498441618332 ], [ -59.005146373637871, -27.475861961427789 ], [ -59.004843083694105, -27.475590134855807 ] ] ] ] } },
{ "type": "Feature", "properties": { "Barrio": "COSECHA", "Municipio": "Resistencia", "ID": 96, "Área": 10200.01, "Perímetro": 650.0 }, "geometry": { "type": "MultiPolygon", "coordinates": [ [ [ [ -59.005729590541222, -27.477118131129878 ], [ -59.005424814511905, -27.477388635942987 ], [ -59.006281169974933, -27.478156153075716 ], [ -59.006585949184846, -27.477885646439137 ], [ -59.005729590541222, -27.477118131129878 ] ] ], [ [ [ -59.006141931218934, -27.476752150704876 ], [ -59.005837154169001, -27.47702265646662 ], [ -59.006693512863933, -27.477790171124681 ], [ -59.006998287024395, -27.477519663496174 ], [ -59.006141931218934, -27.476752150704876 ] ] ] ] } },
{ "type": "Feature", "properties": { "Barrio": "ASENTAMIENTO AROMITO", "Municipio": "Resistencia", "ID": 97, "Área": 10000.05, "Perímetro": 600.0 }, "geometry": { "type": "MultiPolygon", "coordinates": [ [ [ [ -59.007554731971688, -27.478020057660181 ], [ -59.006837613677, -27.478656550053088 ], [ -59.007208680347539, -27.478989180251652 ], [ -59.007925724420225, -27.478352630403673 ], [ -59.007554731971688, -27.478020057660181 ] ] ], [ [ [ -59.007140756023837, -27.477649044642305 ], [ -59.006423706250878, -27.478285584151681 ], [ -59.006766254775982, -27.478592589816358 ], [ -59.007483372062801, -27.477956094168817 ], [ -59.007140756023837, -27.477649044642305 ] ] ] ] } },
{ "type": "Feature", "properties": { "Barrio": "ASENTAMIENTO RESISTIRE", "Municipio": "Resistencia", "ID": 98, "Área": 42720.21, "Perímetro": 2595.5 }, "geometry": { "type": "MultiPolygon", "coordinates": [ [ [ [ -59.008095927046803, -27.48165018705247 ], [ -59.007593933309337, -27.482095733420493 ], [ -59.008229101751326, -27.482664964122776 ], [ -59.008731098676989, -27.482219418228901 ], [ -59.008095927046803, -27.48165018705247 ] ] ], [ [ [ -59.007684189777258, -27.480475294154935 ], [ -59.007304109622694, -27.480812634295265 ], [ -59.008110547650261, -27.481535372317246 ], [ -59.008490628007699, -27.481198026400662 ], [ -59.007684189777258, -27.480475294154935 ] ] ], [ [ [ -59.008135973003569, -27.480074307056153 ], [ -59.00775589661346, -27.480411648529447 ], [ -59.008562345049569, -27.481134374122316 ], [ -59.008942419586681, -27.480797030467535 ], [ -59.008135973003569, -27.480074307056153 ] ] ], [ [ [ -59.008547724947555, -27.48124919253447 ], [ -59.00816764461041, -27.481586534995312 ], [ -59.008802813222736, -27.482155766730379 ], [ -59.009182893702153, -27.48181842166036 ], [ -59.008547724947555, -27.48124919253447 ] ] ], [ [ [ -59.008999509426701, -27.480848199977757 ], [ -59.008619431842426, -27.481185543764305 ], [ -59.009254603657403, -27.481754772589778 ], [ -59.009634678340674, -27.481417427074799 ], [ -59.008999509426701, -27.480848199977757 ] ] ], [ [ [ -59.006658689513948, -27.481385480584326 ], [ -59.006379001050668, -27.481633708284182 ], [ -59.007183660156834, -27.482354850745992 ], [ -59.007463342707652, -27.482106617802458 ], [ -59.006658689513948, -27.481385480584326 ] ] ], [ [ [ -59.007632046188668, -27.481234456239203 ], [ -59.007130051544813, -27.481680003660539 ], [ -59.00753684348166, -27.482044566952126 ], [ -59.008038834143818, -27.48159902347199 ], [ -59.007632046188668, -27.481234456239203 ] ] ], [ [ [ -59.007522221156336, -27.482159385203275 ], [ -59.007242535585505, -27.482407615534662 ], [ -59.007877703879061, -27.482976850521936 ], [ -59.00815739359561, -27.482728618963328 ], [ -59.007522221156336, -27.482159385203275 ] ] ], [ [ [ -59.007232395104381, -27.48087628864311 ], [ -59.006730397585699, -27.481321829210522 ], [ -59.007058680462322, -27.481616043472798 ], [ -59.00756067812133, -27.481170496326449 ], [ -59.007232395104381, -27.48087628864311 ] ] ] ] } },
{ "type": "Feature", "properties": { "Barrio": "EMERENCIANO", "Municipio": "Resistencia", "ID": 99, "Área": 13759.89, "Perímetro": 1047.99 }, "geometry": { "type": "MultiPolygon", "coordinates": [ [ [ [ -59.012014550352845, -27.480384439594197 ], [ -59.01129744521451, -27.481020955053214 ], [ -59.01158292042404, -27.481276787010263 ], [ -59.0123000287671, -27.480640263809288 ], [ -59.012014550352845, -27.480384439594197 ] ] ], [ [ [ -59.011622022098912, -27.480032679386021 ], [ -59.010904921163167, -27.480669192883681 ], [ -59.011190391523776, -27.48092502558913 ], [ -59.011907451807389, -27.480288543742073 ], [ -59.011622022098912, -27.480032679386021 ] ] ], [ [ [ -59.01244276388811, -27.480768178832594 ], [ -59.012213289998364, -27.480971864393062 ], [ -59.012855615275008, -27.481547472377709 ], [ -59.013085089270362, -27.481343783068244 ], [ -59.01244276388811, -27.480768178832594 ] ] ], [ [ [ -59.011955131196345, -27.481201015353633 ], [ -59.01172565857987, -27.481404696462661 ], [ -59.012367983683291, -27.481980306661839 ], [ -59.012597456469834, -27.481776614585357 ], [ -59.011955131196345, -27.481201015353633 ] ] ] ] } },
{ "type": "Feature", "properties": { "Barrio": "M.T.D", "Municipio": "Resistencia", "ID": 100, "Área": 61974.47, "Perímetro": 3658.44 }, "geometry": { "type": "MultiPolygon", "coordinates": [ [ [ [ -59.009372504863876, -27.482029345685664 ], [ -59.009007988410467, -27.482352887703378 ], [ -59.00973352181299, -27.483003082025292 ], [ -59.010098038356652, -27.482679544453774 ], [ -59.009372504863876, -27.482029345685664 ] ] ], [ [ [ -59.011084821577327, -27.481956452082724 ], [ -59.010720304212626, -27.482279992367676 ], [ -59.011445850540007, -27.482930178044445 ], [ -59.011810361972863, -27.48260663674878 ], [ -59.011084821577327, -27.481956452082724 ] ] ], [ [ [ -59.0092825334712, -27.483556124313694 ], [ -59.008918011611215, -27.483879663179092 ], [ -59.009643550131443, -27.48452985805126 ], [ -59.010008072130148, -27.484206318218153 ], [ -59.0092825334712, -27.483556124313694 ] ] ], [ [ [ -59.009733107338981, -27.483156209262045 ], [ -59.009368592191564, -27.483479745815117 ], [ -59.010094127858075, -27.484129938354194 ], [ -59.010458654273087, -27.483806400912606 ], [ -59.009733107338981, -27.483156209262045 ] ] ], [ [ [ -59.010724205662306, -27.480829595144609 ], [ -59.010359697197067, -27.481153131040791 ], [ -59.011085228051961, -27.481803324723327 ], [ -59.011449736720159, -27.481479780641248 ], [ -59.010724205662306, -27.480829595144609 ] ] ], [ [ [ -59.009823080080331, -27.481629433750282 ], [ -59.009458559267003, -27.481952967060309 ], [ -59.01018409689776, -27.482603159099654 ], [ -59.01054860976415, -27.482279623862201 ], [ -59.009823080080331, -27.481629433750282 ] ] ], [ [ [ -59.010273643980703, -27.4812295165809 ], [ -59.009909133861839, -27.481553054825614 ], [ -59.010634663580284, -27.482203244496095 ], [ -59.010999174857467, -27.481879704388735 ], [ -59.010273643980703, -27.4812295165809 ] ] ], [ [ [ -59.010634250392407, -27.482356371785865 ], [ -59.010269736488915, -27.482679908139158 ], [ -59.010995282635179, -27.483330096127332 ], [ -59.011359796685191, -27.483006557904115 ], [ -59.010634250392407, -27.482356371785865 ] ] ], [ [ [ -59.008471356685739, -27.482829178475178 ], [ -59.008106835054683, -27.483152708031486 ], [ -59.008832371129159, -27.483802906997798 ], [ -59.009196892907184, -27.483479375571545 ], [ -59.008471356685739, -27.482829178475178 ] ] ], [ [ [ -59.008921930350567, -27.482429266007777 ], [ -59.008557411352776, -27.48275279683218 ], [ -59.009282948612508, -27.483402994396556 ], [ -59.009647467765269, -27.483079460799928 ], [ -59.008921930350567, -27.482429266007777 ] ] ], [ [ [ -59.010183681966375, -27.48275629628105 ], [ -59.009819165437676, -27.483079830464099 ], [ -59.010544708359518, -27.483730021644423 ], [ -59.01090922504293, -27.48340648468913 ], [ -59.010183681966375, -27.48275629628105 ] ] ], [ [ [ -59.011544944008556, -27.481565099779413 ], [ -59.011170874775921, -27.48188007236519 ], [ -59.011896415214061, -27.482530255687564 ], [ -59.012260923989516, -27.482206715830976 ], [ -59.011544944008556, -27.481565099779413 ] ] ] ] } },
{ "type": "Feature", "properties": { "Barrio": "ASENTAMIENTO CARPINCHO MACHO", "Municipio": "Resistencia", "ID": 101, "Área": 7999.91, "Perímetro": 560.0 }, "geometry": { "type": "MultiPolygon", "coordinates": [ [ [ [ -59.04647378651115, -27.458654478797598 ], [ -59.04575701531747, -27.459291183330652 ], [ -59.046042518071104, -27.459546942413667 ], [ -59.04675928335034, -27.458910230979111 ], [ -59.04647378651115, -27.458654478797598 ] ] ], [ [ [ -59.04690204230927, -27.459038115049577 ], [ -59.046185270961345, -27.459674820849418 ], [ -59.046470771692078, -27.459930573649334 ], [ -59.047187544167222, -27.45929386550802 ], [ -59.04690204230927, -27.459038115049577 ] ] ] ] } },
{ "type": "Feature", "properties": { "Barrio": "STM (100 VIVIENDAS)", "Municipio": "Resistencia", "ID": 102, "Área": 22403.13, "Perímetro": 1535.31 }, "geometry": { "type": "MultiPolygon", "coordinates": [ [ [ [ -59.047700318355872, -27.456026976086527 ], [ -59.047283158226527, -27.456397522112248 ], [ -59.047996922540158, -27.45703692910082 ], [ -59.048414066851919, -27.456666356498122 ], [ -59.047700318355872, -27.456026976086527 ] ] ], [ [ [ -59.048556817894287, -27.456794237937281 ], [ -59.048139673628654, -27.45716480193758 ], [ -59.048853430760545, -27.457804189261513 ], [ -59.049270582340675, -27.457433614182552 ], [ -59.048556817894287, -27.456794237937281 ] ] ], [ [ [ -59.04941333240231, -27.457561485736239 ], [ -59.048996190898102, -27.457932062207355 ], [ -59.049567204296835, -27.458443564110809 ], [ -59.04998434490691, -27.458072986851988 ], [ -59.04941333240231, -27.457561485736239 ] ] ], [ [ [ -59.049825458070124, -27.457195369323024 ], [ -59.049556679075437, -27.457434143701487 ], [ -59.05012769873445, -27.457945640677899 ], [ -59.050396471709789, -27.457706868782818 ], [ -59.049825458070124, -27.457195369323024 ] ] ], [ [ [ -59.049907311150477, -27.456597350199413 ], [ -59.049391263908227, -27.457055789110342 ], [ -59.049186055973379, -27.456871968515237 ], [ -59.049057042226011, -27.456986579982701 ], [ -59.049413925999552, -27.457306268662439 ], [ -59.050058989108351, -27.456733213810192 ], [ -59.049907311150477, -27.456597350199413 ] ] ], [ [ [ -59.050201742240347, -27.45686108729625 ], [ -59.049932964843684, -27.457099865160355 ], [ -59.050061860201218, -27.457215327847948 ], [ -59.050330577344198, -27.456976500600256 ], [ -59.050201742240347, -27.45686108729625 ] ] ] ] } },
{ "type": "Feature", "properties": { "Barrio": "PLAN 44 VIVIENDAS", "Municipio": "Resistencia", "ID": 103, "Área": 9262.47, "Perímetro": 575.0 }, "geometry": { "type": "MultiPolygon", "coordinates": [ [ [ [ -59.048777673491244, -27.454114820078527 ], [ -59.048096776953628, -27.454719700955106 ], [ -59.048489334245176, -27.455071360243181 ], [ -59.049170226831123, -27.454466482864298 ], [ -59.048777673491244, -27.454114820078527 ] ] ], [ [ [ -59.049320508605476, -27.454587079579881 ], [ -59.048639619034532, -27.455191964022063 ], [ -59.048942958243586, -27.455463697264072 ], [ -59.049623851914816, -27.454858817706334 ], [ -59.049320508605476, -27.454587079579881 ] ] ] ] } },
{ "type": "Feature", "properties": { "Barrio": "PLAN 92 VIVIENDAS", "Municipio": "Resistencia", "ID": 104, "Área": 17943.97, "Perímetro": 1236.79 }, "geometry": { "type": "MultiPolygon", "coordinates": [ [ [ [ -59.041221795384295, -27.459081995693388 ], [ -59.042037875867003, -27.459813100888642 ], [ -59.042078358318967, -27.459813179002374 ], [ -59.042342428885121, -27.459578623782196 ], [ -59.042342515345318, -27.459542511681182 ], [ -59.041526434777367, -27.458811402828843 ], [ -59.041485949662409, -27.458811324543131 ], [ -59.04122188323899, -27.459045880899886 ], [ -59.041221795384295, -27.459081995693388 ] ] ], [ [ [ -59.042339504180681, -27.458053458444855 ], [ -59.042075441369278, -27.458288016537796 ], [ -59.042075354859563, -27.45832412593591 ], [ -59.042891435644023, -27.459055234329753 ], [ -59.042931914793186, -27.459055312167457 ], [ -59.043195983793552, -27.458820752518101 ], [ -59.043196071033115, -27.4587846340963 ], [ -59.042379982966196, -27.458053535531299 ], [ -59.042339504180681, -27.458053458444855 ] ] ], [ [ [ -59.041663199003082, -27.458690217685639 ], [ -59.042479280612703, -27.459421329365526 ], [ -59.042519762925977, -27.459421407347289 ], [ -59.042783833670889, -27.459186848536294 ], [ -59.042783913913802, -27.459150736387581 ], [ -59.041967833160349, -27.458419629178302 ], [ -59.041927351210767, -27.458419551947781 ], [ -59.041663286654909, -27.45865410920235 ], [ -59.041663199003082, -27.458690217685639 ] ] ], [ [ [ -59.04179373226804, -27.46006670889874 ], [ -59.041934726779409, -27.459941475747605 ], [ -59.041934813384344, -27.459905362749797 ], [ -59.041118732988011, -27.459174251546269 ], [ -59.041078250779108, -27.459174173159553 ], [ -59.040937249220157, -27.459299409017849 ], [ -59.04179373226804, -27.46006670889874 ] ] ] ] } },
{ "type": "Feature", "properties": { "Barrio": "PLAN 48 VIVIENDAS", "Municipio": "Resistencia", "ID": 105, "Área": 10167.88, "Perímetro": 636.74 }, "geometry": { "type": "MultiPolygon", "coordinates": [ [ [ [ -59.043240118293561, -27.457289514105927 ], [ -59.043199636751787, -27.457289436353459 ], [ -59.042935580638733, -27.457523993509707 ], [ -59.04293549034854, -27.457560105598606 ], [ -59.043751571575292, -27.458291200911574 ], [ -59.043792054507797, -27.458291277617597 ], [ -59.044056119812971, -27.458056722535041 ], [ -59.044056206732492, -27.458020607710871 ], [ -59.043240118293561, -27.457289514105927 ] ] ], [ [ [ -59.042827971135338, -27.457655610462606 ], [ -59.042787492498455, -27.457655532607781 ], [ -59.042523431614356, -27.457890088002628 ], [ -59.042523345223913, -27.45792620101604 ], [ -59.043339426272404, -27.458657298705706 ], [ -59.043379908323018, -27.458657375527991 ], [ -59.043643972338138, -27.458422821262836 ], [ -59.04364405232338, -27.458386705493297 ], [ -59.042827971135338, -27.457655610462606 ] ] ] ] } },
{ "type": "Feature", "properties": { "Barrio": "PLAN 160 VIVIENDAS", "Municipio": "Resistencia", "ID": 106, "Área": 34231.76, "Perímetro": 2205.98 }, "geometry": { "type": "MultiPolygon", "coordinates": [ [ [ [ -59.0441143883899, -27.456520185206259 ], [ -59.044073907120314, -27.456520107715068 ], [ -59.043809851631877, -27.456754669334778 ], [ -59.043809764646326, -27.456790784163235 ], [ -59.044625846302914, -27.457521874435344 ], [ -59.044666328955401, -27.457521951782375 ], [ -59.044930390609103, -27.457287391313209 ], [ -59.044930470131341, -27.457251279135644 ], [ -59.0441143883899, -27.456520185206259 ] ] ], [ [ [ -59.044558884559898, -27.456124118038311 ], [ -59.044518402419051, -27.456124040673039 ], [ -59.044254348814846, -27.456358603196811 ], [ -59.044254263013407, -27.456394715331307 ], [ -59.045070344798731, -27.457125809356324 ], [ -59.045110826307287, -27.457125885661217 ], [ -59.045374880023296, -27.456891322441773 ], [ -59.045374966453366, -27.456855213013728 ], [ -59.044558884559898, -27.456124118038311 ] ] ], [ [ [ -59.044973959352085, -27.455756780244588 ], [ -59.044933481387147, -27.455756703031152 ], [ -59.044669429559605, -27.455991263691921 ], [ -59.044669343897532, -27.456027375832004 ], [ -59.045485425871831, -27.456758467463661 ], [ -59.045525903204435, -27.456758543616751 ], [ -59.045789962255185, -27.456523978699565 ], [ -59.045790041512127, -27.456487863803545 ], [ -59.044973959352085, -27.455756780244588 ] ] ], [ [ [ -59.043699922779481, -27.456886128512927 ], [ -59.043659441380413, -27.456886050897857 ], [ -59.043395387177704, -27.457120611695711 ], [ -59.043395301064464, -27.457156726525533 ], [ -59.044211382526143, -27.457887819187441 ], [ -59.044251861262168, -27.457887896630591 ], [ -59.044515918595714, -27.457653336962466 ], [ -59.044516004326034, -27.457617224832113 ], [ -59.043699922779481, -27.456886128512927 ] ] ], [ [ [ -59.045503155378846, -27.455286318332089 ], [ -59.046319237709994, -27.456017405155702 ], [ -59.04635971579178, -27.456017481066525 ], [ -59.046598684703653, -27.455805200862866 ], [ -59.046598769765694, -27.455769085095195 ], [ -59.045782680202755, -27.455038003444191 ], [ -59.045742203503679, -27.455037926479378 ], [ -59.045503240760951, -27.455250206180771 ], [ -59.045503155378846, -27.455286318332089 ] ] ], [ [ [ -59.04539268531245, -27.45538283286481 ], [ -59.045352204437677, -27.455382756658057 ], [ -59.045113241247371, -27.455595032039579 ], [ -59.045113154722848, -27.45563114417871 ], [ -59.045929236928707, -27.456362226934818 ], [ -59.045969718166951, -27.456362302982999 ], [ -59.046208682445787, -27.456150029771528 ], [ -59.046208767638774, -27.456113914009077 ], [ -59.04539268531245, -27.45538283286481 ] ] ], [ [ [ -59.045922186936629, -27.454908533594796 ], [ -59.046738269416394, -27.455639617099379 ], [ -59.046778757471387, -27.455639693856448 ], [ -59.047011980979818, -27.455432507152373 ], [ -59.047012065903019, -27.455396391379082 ], [ -59.04619598328209, -27.454665312160195 ], [ -59.046155502669102, -27.454665235291266 ], [ -59.045922272177989, -27.454872421437788 ], [ -59.045922186936629, -27.454908533594796 ] ] ] ] } },
{ "type": "Feature", "properties": { "Barrio": "CARPINCHO MACHO", "Municipio": "Resistencia", "ID": 107, "Área": 272455.86, "Perímetro": 13246.71 }, "geometry": { "type": "MultiPolygon", "coordinates": [ [ [ [ -59.048025093491596, -27.454783374821957 ], [ -59.047236688556985, -27.455483757583615 ], [ -59.048075336841009, -27.456235037490327 ], [ -59.048863749211762, -27.455534649202875 ], [ -59.048025093491596, -27.454783374821957 ] ] ], [ [ [ -59.04475352243756, -27.460182560687805 ], [ -59.044036731485782, -27.460819254821967 ], [ -59.044750494214362, -27.461458662889136 ], [ -59.045467285436764, -27.460821965139534 ], [ -59.04475352243756, -27.460182560687805 ] ] ], [ [ [ -59.048178928262082, -27.458641750967679 ], [ -59.047462172746009, -27.459278463668948 ], [ -59.048175940093316, -27.459917854527603 ], [ -59.04889270200195, -27.459281131936415 ], [ -59.048178928262082, -27.458641750967679 ] ] ], [ [ [ -59.047318815181534, -27.459405806960344 ], [ -59.046602049782742, -27.460042514914146 ], [ -59.047315816829773, -27.460681907404194 ], [ -59.048032588621524, -27.460045189560407 ], [ -59.047318815181534, -27.459405806960344 ] ] ], [ [ [ -59.043878247272666, -27.462461976683347 ], [ -59.043161442284685, -27.463098671959237 ], [ -59.043875208088203, -27.463738075487768 ], [ -59.044592019361822, -27.463101382953962 ], [ -59.043878247272666, -27.462461976683347 ] ] ], [ [ [ -59.042179746499997, -27.460933263224394 ], [ -59.041462935132209, -27.461569948947215 ], [ -59.042176688370525, -27.462209360866535 ], [ -59.042893491870814, -27.461572676886437 ], [ -59.042179746499997, -27.460933263224394 ] ] ], [ [ [ -59.043893374116934, -27.460946594449663 ], [ -59.043176579296286, -27.461583290192813 ], [ -59.043890335708504, -27.4622226935338 ], [ -59.044607136814719, -27.461586000532975 ], [ -59.043893374116934, -27.460946594449663 ] ] ], [ [ [ -59.046458696310737, -27.460169857297522 ], [ -59.045741914905392, -27.460806566778071 ], [ -59.046455681682872, -27.461445957290387 ], [ -59.047172463303824, -27.460809250510628 ], [ -59.046458696310737, -27.460169857297522 ] ] ], [ [ [ -59.044738414874018, -27.461697943530421 ], [ -59.044021612744103, -27.462334637190747 ], [ -59.044735378818196, -27.462974042696562 ], [ -59.04545218026162, -27.462337339097484 ], [ -59.044738414874018, -27.461697943530421 ] ] ], [ [ [ -59.045620311075069, -27.45787713659281 ], [ -59.04490353928577, -27.45851383589714 ], [ -59.045617293770398, -27.459153236778945 ], [ -59.04633405475775, -27.45851652746715 ], [ -59.045620311075069, -27.45787713659281 ] ] ], [ [ [ -59.045613658875105, -27.45941852393463 ], [ -59.044896877798656, -27.460055223719614 ], [ -59.045610636883552, -27.460694618397412 ], [ -59.046327419233997, -27.460057915906365 ], [ -59.045613658875105, -27.45941852393463 ] ] ], [ [ [ -59.046480419282467, -27.457113090893333 ], [ -59.045763658386619, -27.457749794952331 ], [ -59.046477405157788, -27.458389185124503 ], [ -59.04719416733505, -27.457752477457486 ], [ -59.046480419282467, -27.457113090893333 ] ] ], [ [ [ -59.045598563533886, -27.460933904630327 ], [ -59.044881771287884, -27.461570603039423 ], [ -59.045595533694957, -27.46220999786259 ], [ -59.04631232621125, -27.461573295837987 ], [ -59.045598563533886, -27.460933904630327 ] ] ], [ [ [ -59.04304270405239, -27.460167032529416 ], [ -59.042325902590655, -27.460803723919387 ], [ -59.04301926237801, -27.461425111872565 ], [ -59.043059749482595, -27.461425188841556 ], [ -59.043756449720405, -27.460806445448153 ], [ -59.04304270405239, -27.460167032529416 ] ] ], [ [ [ -59.043033213881515, -27.461710628828982 ], [ -59.042316409231518, -27.46234731350664 ], [ -59.04300996614257, -27.462968626206287 ], [ -59.043050449710336, -27.462968709480762 ], [ -59.043746976308711, -27.462350032934783 ], [ -59.043033213881515, -27.461710628828982 ] ] ], [ [ [ -59.048888676394718, -27.45802757096704 ], [ -59.048329608347757, -27.458524210461093 ], [ -59.049043376153982, -27.459163593336577 ], [ -59.0496024434457, -27.458666945601941 ], [ -59.048888676394718, -27.45802757096704 ] ] ], [ [ [ -59.048032158154477, -27.457260310941962 ], [ -59.047473094413292, -27.457756946177746 ], [ -59.048186858398459, -27.45839633420503 ], [ -59.048745916257481, -27.457899698815055 ], [ -59.048032158154477, -27.457260310941962 ] ] ], [ [ [ -59.04717565984096, -27.456493048629842 ], [ -59.04661659530958, -27.456989684084494 ], [ -59.047330343398158, -27.457629069961683 ], [ -59.047889407128316, -27.457132431680559 ], [ -59.04717565984096, -27.456493048629842 ] ] ], [ [ [ -59.049345231446708, -27.456093841589507 ], [ -59.048700160542126, -27.456666886817011 ], [ -59.049057042226011, -27.456986579982701 ], [ -59.049186055973379, -27.456871968515237 ], [ -59.049391263908227, -27.457055789110342 ], [ -59.049907311150477, -27.456597350199413 ], [ -59.049345231446708, -27.456093841589507 ] ] ], [ [ [ -59.042525961035764, -27.459717385474423 ], [ -59.041809160693717, -27.460354074250503 ], [ -59.042201718849277, -27.460705753702321 ], [ -59.042918516251547, -27.460069069233132 ], [ -59.042525961035764, -27.459717385474423 ] ] ], [ [ [ -59.044246241446821, -27.458189331558618 ], [ -59.043529459913195, -27.458826023509435 ], [ -59.043922019461704, -27.459177695489124 ], [ -59.044638800132773, -27.458541001543086 ], [ -59.044246241446821, -27.458189331558618 ] ] ], [ [ [ -59.041665801457718, -27.460481411543309 ], [ -59.040948991286989, -27.461118089253631 ], [ -59.041341549286564, -27.461469768384674 ], [ -59.042058359606791, -27.460833088685874 ], [ -59.041665801457718, -27.460481411543309 ] ] ], [ [ [ -59.045106365393231, -27.457425294710472 ], [ -59.04438959374172, -27.458061991409561 ], [ -59.044761948661844, -27.458395575261147 ], [ -59.044802430623321, -27.458395652569848 ], [ -59.045478634048145, -27.45779498610052 ], [ -59.045478726570146, -27.457758871303888 ], [ -59.045106365393231, -27.457425294710472 ] ] ], [ [ [ -59.045966477504848, -27.456661249457945 ], [ -59.045269999771641, -27.457279932516435 ], [ -59.045269914236371, -27.457316050971428 ], [ -59.045622070847919, -27.457631529786457 ], [ -59.045662555635573, -27.457631599640308 ], [ -59.04635903351317, -27.45701291464993 ], [ -59.045966477504848, -27.456661249457945 ] ] ], [ [ [ -59.043758379495735, -27.459323053229642 ], [ -59.043758466510965, -27.459286940219275 ], [ -59.043406303181719, -27.458971454913566 ], [ -59.043365824058426, -27.458971377214553 ], [ -59.042689599148055, -27.459572026511665 ], [ -59.042689512746065, -27.459608144931838 ], [ -59.043041675964908, -27.459923629314382 ], [ -59.043082158467307, -27.459923707137325 ], [ -59.043758379495735, -27.459323053229642 ] ] ], [ [ [ -59.046640353824024, -27.456013502492265 ], [ -59.046081283335013, -27.456510141204607 ], [ -59.046473839174837, -27.456861808783106 ], [ -59.047032906667603, -27.456365177522418 ], [ -59.046640353824024, -27.456013502492265 ] ] ], [ [ [ -59.045170581589488, -27.459008834632868 ], [ -59.04445379374755, -27.45964552490981 ], [ -59.044736940322409, -27.459899178767351 ], [ -59.044777422832887, -27.459899256097305 ], [ -59.045453641816941, -27.459298599179604 ], [ -59.04545372827171, -27.459262487056229 ], [ -59.045170581589488, -27.459008834632868 ] ] ], [ [ [ -59.04478038467866, -27.458659268577787 ], [ -59.044739902621089, -27.458659191260249 ], [ -59.044063682880982, -27.459259844760471 ], [ -59.044063596984813, -27.459295956878364 ], [ -59.044346737727494, -27.459549611468432 ], [ -59.045063525528775, -27.458912921733731 ], [ -59.04478038467866, -27.458659268577787 ] ] ], [ [ [ -59.050169459157722, -27.455361607371529 ], [ -59.049488569171139, -27.455966498601526 ], [ -59.049791919606072, -27.456238236435947 ], [ -59.050472809701084, -27.455633343746516 ], [ -59.050169459157722, -27.455361607371529 ] ] ], [ [ [ -59.050579871598785, -27.455729246281845 ], [ -59.049898984499976, -27.45633413950706 ], [ -59.05020233391275, -27.456605876463794 ], [ -59.050883224208469, -27.456000975483622 ], [ -59.050579871598785, -27.455729246281845 ] ] ], [ [ [ -59.049723379736058, -27.454962005729875 ], [ -59.049042489986476, -27.455566885790642 ], [ -59.049345831153872, -27.45583862450815 ], [ -59.050026721066139, -27.455233736671811 ], [ -59.049723379736058, -27.454962005729875 ] ] ], [ [ [ -59.043889726032013, -27.459410824874116 ], [ -59.043172935339676, -27.460047520948642 ], [ -59.043458433851832, -27.460303285199512 ], [ -59.044175224652562, -27.459666587678878 ], [ -59.043889726032013, -27.459410824874116 ] ] ], [ [ [ -59.047764051491889, -27.458264809951981 ], [ -59.04704729006761, -27.458901524121046 ], [ -59.047332794955253, -27.459157275209339 ], [ -59.048049557467806, -27.458520563210399 ], [ -59.047764051491889, -27.458264809951981 ] ] ], [ [ [ -59.047333886127639, -27.457890425145706 ], [ -59.046617130893026, -27.458527133565553 ], [ -59.046902634779983, -27.458782891822548 ], [ -59.047619389165234, -27.458146175633562 ], [ -59.047333886127639, -27.457890425145706 ] ] ], [ [ [ -59.044317975421812, -27.459794474291751 ], [ -59.043601183609866, -27.460431166212274 ], [ -59.043886688191463, -27.460686924235723 ], [ -59.044603473031096, -27.460050230820425 ], [ -59.044317975421812, -27.459794474291751 ] ] ], [ [ [ -59.048907690219124, -27.455688504253114 ], [ -59.048262620577873, -27.456261544789317 ], [ -59.048565964660206, -27.45653328519915 ], [ -59.049211031369978, -27.455960243259604 ], [ -59.048907690219124, -27.455688504253114 ] ] ], [ [ [ -59.04716501321009, -27.455547431037996 ], [ -59.046747869165003, -27.455918000861413 ], [ -59.047140429212078, -27.456269663911705 ], [ -59.047557569297531, -27.455899092903561 ], [ -59.04716501321009, -27.455547431037996 ] ] ], [ [ [ -59.051025978359569, -27.456128854461397 ], [ -59.050739284317146, -27.456383546079149 ], [ -59.051310297219047, -27.456895041844948 ], [ -59.051596991370467, -27.456640346363528 ], [ -59.051025978359569, -27.456128854461397 ] ] ], [ [ [ -59.050631778879008, -27.456479057225398 ], [ -59.050345084044217, -27.456733747077664 ], [ -59.050916100874055, -27.457245244461522 ], [ -59.05120279276796, -27.456990552529533 ], [ -59.050631778879008, -27.456479057225398 ] ] ], [ [ [ -59.050068586059048, -27.457221340173927 ], [ -59.050503977504086, -27.457611364179478 ], [ -59.050772755961837, -27.457372588847054 ], [ -59.050337354317293, -27.45698256830638 ], [ -59.050068586059048, -27.457221340173927 ] ] ] ] } },
{ "type": "Feature", "properties": { "Barrio": "DON ANDRES", "Municipio": "Resistencia", "ID": 108, "Área": 832150.33, "Perímetro": 3654.4 }, "geometry": { "type": "MultiPolygon", "coordinates": [ [ [ [ -59.001660553954544, -27.477666575747016 ], [ -58.994634036750661, -27.483917153030703 ], [ -58.996203986649554, -27.485324383059652 ], [ -58.996346704594309, -27.485452296096163 ], [ -58.998202164125857, -27.487115363786145 ], [ -58.999058550124651, -27.487882924136727 ], [ -59.000728382020796, -27.48931155898747 ], [ -59.007720571467303, -27.483107945752085 ], [ -59.001660553954544, -27.477666575747016 ] ] ] ] } },
{ "type": "Feature", "properties": { "Barrio": "LUZ DE ESPERANZA", "Municipio": "Resistencia", "ID": 109, "Área": 61238.59, "Perímetro": 971.15 }, "geometry": { "type": "MultiPolygon", "coordinates": [ [ [ [ -58.962875738036168, -27.446839835221525 ], [ -58.96316091684033, -27.447095843650352 ], [ -58.963197899310451, -27.447253874932699 ], [ -58.963640954054448, -27.447910554255031 ], [ -58.963763395953798, -27.447992826806033 ], [ -58.964084221741125, -27.448280834381983 ], [ -58.964191162006571, -27.44837683793877 ], [ -58.96451198998232, -27.448664848184556 ], [ -58.964618930996913, -27.448760850525929 ], [ -58.964779347922978, -27.448904853928791 ], [ -58.9658594984666, -27.447948007493554 ], [ -58.965992031834361, -27.447543441053558 ], [ -58.965967227728569, -27.447374607590721 ], [ -58.965783059858765, -27.446965433544356 ], [ -58.965669663675541, -27.446875155629694 ], [ -58.965348834582919, -27.44658714801508 ], [ -58.965241894948058, -27.446491146245158 ], [ -58.964538999208415, -27.445860152044535 ], [ -58.964261598726999, -27.445611117165029 ], [ -58.962875738036168, -27.446839835221525 ] ] ] ] } },
{ "type": "Feature", "properties": { "Barrio": "27 VIVIENDAS", "Municipio": "Resistencia", "ID": 110, "Área": 6867.34, "Perímetro": 357.93 }, "geometry": { "type": "MultiPolygon", "coordinates": [ [ [ [ -58.961141600158562, -27.452134305579378 ], [ -58.960582113229371, -27.452630308647795 ], [ -58.960938586038218, -27.452950322466489 ], [ -58.960787807630254, -27.453083997646395 ], [ -58.961001932130308, -27.453275798551797 ], [ -58.961410880814299, -27.452913258581503 ], [ -58.961711733406034, -27.45264654929413 ], [ -58.961141600158562, -27.452134305579378 ] ] ] ] } },
{ "type": "Feature", "properties": { "Barrio": "PLAN 10 VIVIENDAS - PC 6", "Municipio": "Resistencia", "ID": 111, "Área": 2124.99, "Perímetro": 245.0 }, "geometry": { "type": "MultiPolygon", "coordinates": [ [ [ [ -58.962017781292047, -27.45212081028636 ], [ -58.961865321531668, -27.452255961249243 ], [ -58.961437546283683, -27.451871939360402 ], [ -58.96128509217484, -27.45200709875089 ], [ -58.961855459106943, -27.452519127966212 ], [ -58.962160369054992, -27.452248810498777 ], [ -58.962017781292047, -27.45212081028636 ] ] ] ] } },
{ "type": "Feature", "properties": { "Barrio": "PLAN 10 VIVIENDAS", "Municipio": "Resistencia", "ID": 112, "Área": 4714.51, "Perímetro": 308.01 }, "geometry": { "type": "MultiPolygon", "coordinates": [ [ [ [ -58.961967722089639, -27.452876953989186 ], [ -58.961472465091205, -27.453315626283128 ], [ -58.96172205153502, -27.453539596834279 ], [ -58.961887061030417, -27.453393310724802 ], [ -58.96224341064751, -27.453713643420066 ], [ -58.962573489363557, -27.453420824752129 ], [ -58.961967722089639, -27.452876953989186 ] ] ] ] } },
{ "type": "Feature", "properties": { "Barrio": "PLAN 150 VIVIENDAS", "Municipio": "Resistencia", "ID": 113, "Área": 38862.45, "Perímetro": 1054.03 }, "geometry": { "type": "MultiPolygon", "coordinates": [ [ [ [ -58.964549612615819, -27.450586357365289 ], [ -58.962111190529598, -27.452749679372857 ], [ -58.963444746476888, -27.453946276552774 ], [ -58.964162105895667, -27.453309856586188 ], [ -58.963427492525327, -27.45265084809305 ], [ -58.965148720537776, -27.451123790658379 ], [ -58.964549612615819, -27.450586357365289 ] ] ] ] } },
{ "type": "Feature", "properties": { "Barrio": "ASENTAMIENTO C.C.C.", "Municipio": "Resistencia", "ID": 114, "Área": 4056.58, "Perímetro": 283.5 }, "geometry": { "type": "MultiPolygon", "coordinates": [ [ [ [ -58.964862394485976, -27.451633223674051 ], [ -58.964574773100509, -27.451887064306625 ], [ -58.965324371683337, -27.452559955314118 ], [ -58.965558910767584, -27.452258463550265 ], [ -58.964862394485976, -27.451633223674051 ] ] ] ] } },
{ "type": "Feature", "properties": { "Barrio": "ASENTAMIENTO PROSPERIDAD", "Municipio": "Resistencia", "ID": 115, "Área": 44312.39, "Perímetro": 1907.36 }, "geometry": { "type": "MultiPolygon", "coordinates": [ [ [ [ -58.969714254006028, -27.450351555862081 ], [ -58.969429058568672, -27.45009556037121 ], [ -58.969347563619756, -27.450022412561637 ], [ -58.968629847632094, -27.450205638051891 ], [ -58.96812647520229, -27.450374571607728 ], [ -58.967619877948756, -27.450600072440093 ], [ -58.967351761316557, -27.450745035577796 ], [ -58.967036770442533, -27.450941419639225 ], [ -58.966632662478055, -27.45124193332687 ], [ -58.966163476907354, -27.451653475870383 ], [ -58.965980860955803, -27.451864464455319 ], [ -58.965329778038026, -27.452702478206945 ], [ -58.96464411320995, -27.453584983858502 ], [ -58.963058251436195, -27.455592148159628 ], [ -58.963421007360374, -27.455917549955608 ], [ -58.964372844612768, -27.454687182135245 ], [ -58.964924796984576, -27.453989799758396 ], [ -58.965029822627855, -27.453836605061785 ], [ -58.965735954387164, -27.452929955376266 ], [ -58.966326052175013, -27.452200950984469 ], [ -58.966540786592688, -27.451992158353594 ], [ -58.966986661635303, -27.451577574012873 ], [ -58.967338440424093, -27.451304155346829 ], [ -58.967869489887597, -27.450983160058872 ], [ -58.96840217363728, -27.450765896037524 ], [ -58.968960545079192, -27.450577204555866 ], [ -58.969714254006028, -27.450351555862081 ] ] ] ] } },
{ "type": "Feature", "properties": { "Barrio": "ASENTAMIENTO VARGAS 2", "Municipio": "Resistencia", "ID": 116, "Área": 74916.07, "Perímetro": 1489.36 }, "geometry": { "type": "MultiPolygon", "coordinates": [ [ [ [ -58.967039476061665, -27.448211834072801 ], [ -58.964601162040438, -27.450375196020556 ], [ -58.966026261793324, -27.451654470604581 ], [ -58.968465429505699, -27.449491847491785 ], [ -58.967039476061665, -27.448211834072801 ] ] ], [ [ [ -58.964963963822711, -27.452470677025705 ], [ -58.964234332447852, -27.453117538824699 ], [ -58.964306393567128, -27.453181847641822 ], [ -58.963850849682032, -27.453586001046332 ], [ -58.964064631573819, -27.453777910308492 ], [ -58.964291616686353, -27.453703890672003 ], [ -58.964447303828145, -27.453565869006731 ], [ -58.964746506989954, -27.453299530629163 ], [ -58.965217151979324, -27.452697955483348 ], [ -58.964963963822711, -27.452470677025705 ] ] ] ] } },
{ "type": "Feature", "properties": { "Barrio": "ASENTAMIENTO PENIEL 2", "Municipio": "Resistencia", "ID": 117, "Área": 16123.02, "Perímetro": 639.13 }, "geometry": { "type": "MultiPolygon", "coordinates": [ [ [ [ -58.965097306475691, -27.444870155501267 ], [ -58.964380216037256, -27.445506392646688 ], [ -58.966034716955292, -27.446991649746423 ], [ -58.966085648444519, -27.446946487645572 ], [ -58.96601005859646, -27.446780071868837 ], [ -58.965974006578435, -27.44665937680233 ], [ -58.965927422917744, -27.446583001263381 ], [ -58.965852000528642, -27.44647177742862 ], [ -58.965787538262397, -27.446376272739968 ], [ -58.965770573888967, -27.446236112927998 ], [ -58.965637535243978, -27.446121127055111 ], [ -58.966067285679458, -27.44574023015382 ], [ -58.965097321022796, -27.444870168697619 ], [ -58.965097306475691, -27.444870155501267 ] ] ] ] } },
{ "type": "Feature", "properties": { "Barrio": "17 DE JULIO", "Municipio": "Resistencia", "ID": 119, "Área": 67838.49, "Perímetro": 1513.3 }, "geometry": { "type": "MultiPolygon", "coordinates": [ [ [ [ -59.054074152339005, -27.47430561207322 ], [ -59.04972573099603, -27.478168019855161 ], [ -59.049939895901751, -27.47835983367429 ], [ -59.051322716719362, -27.477131024708235 ], [ -59.05146541942586, -27.477259554528953 ], [ -59.052179323121564, -27.477898924053257 ], [ -59.055145009080732, -27.475264633512339 ], [ -59.054074152339005, -27.47430561207322 ] ] ] ] } },
{ "type": "Feature", "properties": { "Barrio": "ASENTAMIENTO SAMPA", "Municipio": "Resistencia", "ID": 120, "Área": 465712.12, "Perímetro": 3000.9 }, "geometry": { "type": "MultiPolygon", "coordinates": [ [ [ [ -58.994281664195398, -27.483972894214798 ], [ -58.987324201941306, -27.490146019843149 ], [ -58.989928899370362, -27.49248085898239 ], [ -58.992700088345337, -27.490020231044614 ], [ -58.994985515596959, -27.490519181600551 ], [ -58.99550019896072, -27.490300613993632 ], [ -58.99842982574912, -27.487694368334104 ], [ -58.994281664195398, -27.483972894214798 ] ] ] ] } },
{ "type": "Feature", "properties": { "Barrio": "ASENTAMIENTO INTEGRACION", "Municipio": "Resistencia", "ID": 121, "Área": 11520.02, "Perímetro": 436.0 }, "geometry": { "type": "MultiPolygon", "coordinates": [ [ [ [ -58.975521363557519, -27.492712313856668 ], [ -58.974603097288302, -27.493526807769911 ], [ -58.975245325237232, -27.494102572630851 ], [ -58.976163561410971, -27.493288083346432 ], [ -58.975521363557519, -27.492712313856668 ] ] ] ] } },
{ "type": "Feature", "properties": { "Barrio": "ASENTAMIENTO SAN ANTONIO", "Municipio": "Resistencia", "ID": 122, "Área": 52496.99, "Perímetro": 949.97 }, "geometry": { "type": "MultiPolygon", "coordinates": [ [ [ [ -58.975286074345931, -27.499142666234746 ], [ -58.973858721872595, -27.497863357396643 ], [ -58.972244678522998, -27.499294852621688 ], [ -58.97260145808275, -27.499614737595397 ], [ -58.972242734499211, -27.499932887314902 ], [ -58.973313101590229, -27.50089253261514 ], [ -58.975286074345931, -27.499142666234746 ] ] ] ] } },
{ "type": "Feature", "properties": { "Barrio": "PLAN 16 VIVIENDAS", "Municipio": "Resistencia", "ID": 123, "Área": 3049.95, "Perímetro": 262.94 }, "geometry": { "type": "MultiPolygon", "coordinates": [ [ [ [ -58.977051029571257, -27.495159139776721 ], [ -58.977382625929295, -27.495456428480722 ], [ -58.977992407908793, -27.494915542386938 ], [ -58.977803516702835, -27.494746207481558 ], [ -58.977480694672117, -27.495032555759959 ], [ -58.97733798026502, -27.494904609314677 ], [ -58.977051029571257, -27.495159139776721 ] ] ] ] } },
{ "type": "Feature", "properties": { "Barrio": "PLAN 100 VIVIENDAS C.G.T.", "Municipio": "Resistencia", "ID": 124, "Área": 24700.04, "Perímetro": 640.0 }, "geometry": { "type": "MultiPolygon", "coordinates": [ [ [ [ -58.978265623238165, -27.496509623549205 ], [ -58.976909819875068, -27.495294117585274 ], [ -58.975977201540317, -27.496121343257158 ], [ -58.97733299709671, -27.497336857209806 ], [ -58.978265623238165, -27.496509623549205 ] ] ] ] } },
{ "type": "Feature", "properties": { "Barrio": "UOM", "Municipio": "Resistencia", "ID": 125, "Área": 14834.02, "Perímetro": 503.37 }, "geometry": { "type": "MultiPolygon", "coordinates": [ [ [ [ -58.973391714463503, -27.49608644080913 ], [ -58.973351218448322, -27.496086343261279 ], [ -58.972746139986519, -27.496623009233534 ], [ -58.972746029382499, -27.496659120486456 ], [ -58.973883023902864, -27.49767851323093 ], [ -58.973923523542112, -27.497678610662298 ], [ -58.974528596322173, -27.497141942313451 ], [ -58.974528705305019, -27.497105834647368 ], [ -58.973391714463503, -27.49608644080913 ] ] ] ] } },
{ "type": "Feature", "properties": { "Barrio": "PLAN 60 VIVIENDAS", "Municipio": "Resistencia", "ID": 126, "Área": 22005.11, "Perímetro": 731.76 }, "geometry": { "type": "MultiPolygon", "coordinates": [ [ [ [ -58.973167052418326, -27.494786149679054 ], [ -58.972622680301725, -27.495268978766983 ], [ -58.9746919969649, -27.497124275566282 ], [ -58.975236369744835, -27.496641437608861 ], [ -58.973167052418326, -27.494786149679054 ] ] ] ] } },
{ "type": "Feature", "properties": { "Barrio": "PLAN 40 VIVIENDAS", "Municipio": "Resistencia", "ID": 127, "Área": 9999.85, "Perímetro": 400.0 }, "geometry": { "type": "MultiPolygon", "coordinates": [ [ [ [ -58.965818184603073, -27.495196105963554 ], [ -58.965100726065529, -27.495832372238088 ], [ -58.965814229131695, -27.496472172952227 ], [ -58.966531673695009, -27.495835914681685 ], [ -58.965818184603073, -27.495196105963554 ] ] ] ] } },
{ "type": "Feature", "properties": { "Barrio": "PLAN 80 VIVIENDAS", "Municipio": "Resistencia", "ID": 128, "Área": 8735.55, "Perímetro": 373.9 }, "geometry": { "type": "MultiPolygon", "coordinates": [ [ [ [ -58.96814215042324, -27.49331321455594 ], [ -58.967460592649196, -27.493917680437683 ], [ -58.968117711289473, -27.494505674041299 ], [ -58.96879858166367, -27.493901811689604 ], [ -58.96814215042324, -27.49331321455594 ] ] ] ] } },
{ "type": "Feature", "properties": { "Barrio": "ASENTAMIENTO EDISON", "Municipio": "Resistencia", "ID": 129, "Área": 40881.18, "Perímetro": 1029.96 }, "geometry": { "type": "MultiPolygon", "coordinates": [ [ [ [ -58.967260259949065, -27.493917190939754 ], [ -58.965961677760674, -27.495068850985358 ], [ -58.968340329054485, -27.497208739280936 ], [ -58.969022759125949, -27.496603510043968 ], [ -58.967399575343073, -27.495142568384029 ], [ -58.968016577705264, -27.494595363005576 ], [ -58.967260259949065, -27.493917190939754 ] ] ] ] } },
{ "type": "Feature", "properties": { "Barrio": "ASENTAMIENTO LA RUBITA", "Municipio": "Resistencia", "ID": 130, "Área": 319480.03, "Perímetro": 2612.0 }, "geometry": { "type": "MultiPolygon", "coordinates": [ [ [ [ -58.964926285407948, -27.483135381335515 ], [ -58.957895540054921, -27.489370624491357 ], [ -58.96022133936706, -27.491456467393199 ], [ -58.967252086271841, -27.485221108549563 ], [ -58.964926285407948, -27.483135381335515 ] ] ] ] } },
{ "type": "Feature", "properties": { "Barrio": "PROGR. SUEÑOS COMPARTIDOS", "Municipio": "Resistencia", "ID": 131, "Área": 20848.02, "Perímetro": 728.0 }, "geometry": { "type": "MultiPolygon", "coordinates": [ [ [ [ -58.969536548195755, -27.491492232730263 ], [ -58.968994289653054, -27.491006001221358 ], [ -58.96913776962387, -27.49087874261226 ], [ -58.967767868529663, -27.489650357603082 ], [ -58.967079151297852, -27.49026118945768 ], [ -58.967792640461838, -27.49090097902117 ], [ -58.967936122643081, -27.49077372169101 ], [ -58.969134800610526, -27.491848553545253 ], [ -58.969536548195755, -27.491492232730263 ] ] ] ] } },
{ "type": "Feature", "properties": { "Barrio": "300 VIVIENDAS", "Municipio": "Resistencia", "ID": 132, "Área": 92685.2, "Perímetro": 1367.6 }, "geometry": { "type": "MultiPolygon", "coordinates": [ [ [ [ -59.034073864121723, -27.456563554164163 ], [ -59.030608300414933, -27.459643565311044 ], [ -59.030952289233106, -27.459951792986082 ], [ -59.030866266806093, -27.460028185967623 ], [ -59.031863939187446, -27.460921919711431 ], [ -59.035418341983508, -27.457768038158576 ], [ -59.034073864121723, -27.456563554164163 ] ] ] ] } },
{ "type": "Feature", "properties": { "Barrio": "300 VIVIALES", "Municipio": "Resistencia", "ID": 133, "Área": 94320.79, "Perímetro": 1307.92 }, "geometry": { "type": "MultiPolygon", "coordinates": [ [ [ [ -59.032416526565591, -27.455085270868626 ], [ -59.029271099863998, -27.457884557385359 ], [ -59.030802050236666, -27.459256290614285 ], [ -59.033950257164058, -27.456460565409319 ], [ -59.032416526565591, -27.455085270868626 ] ] ] ] } },
{ "type": "Feature", "properties": { "Barrio": "ASENTAMIENTO MENEN JUNIOR", "Municipio": "Resistencia", "ID": 134, "Área": 18137.94, "Perímetro": 549.75 }, "geometry": { "type": "MultiPolygon", "coordinates": [ [ [ [ -59.029279137267935, -27.456357210777696 ], [ -59.028095063583201, -27.457405623261074 ], [ -59.028881341791802, -27.45811104817458 ], [ -59.030061104447562, -27.457060936030885 ], [ -59.029279137267935, -27.456357210777696 ] ] ] ] } },
{ "type": "Feature", "properties": { "Barrio": "FAMILIAS UNIDAS", "Municipio": "Resistencia", "ID": 135, "Área": 56126.28, "Perímetro": 1289.74 }, "geometry": { "type": "MultiPolygon", "coordinates": [ [ [ [ -59.027495711638089, -27.454503286310569 ], [ -59.026169536873034, -27.455681005471174 ], [ -59.028095063583201, -27.457405623261074 ], [ -59.029279137267935, -27.456357210777696 ], [ -59.028351413915182, -27.455525884480547 ], [ -59.028494788489965, -27.455398561083271 ], [ -59.027495711638089, -27.454503286310569 ] ] ], [ [ [ -59.029852615695695, -27.455847909644952 ], [ -59.029279137267935, -27.456357210777696 ], [ -59.030061104447562, -27.457060936030885 ], [ -59.030637623374979, -27.456551336158622 ], [ -59.029852615695695, -27.455847909644952 ] ] ] ] } },
{ "type": "Feature", "properties": { "Barrio": "ITALIA", "Municipio": "Resistencia", "ID": 136, "Área": 42539.32, "Perímetro": 825.81 }, "geometry": { "type": "MultiPolygon", "coordinates": [ [ [ [ -59.032090803208121, -27.446359156901639 ], [ -59.030545935459628, -27.447731684941278 ], [ -59.031953851801781, -27.448993336411448 ], [ -59.033499391130285, -27.447620581991874 ], [ -59.032090803208121, -27.446359156901639 ] ] ] ] } },
{ "type": "Feature", "properties": { "Barrio": "BARBETTI", "Municipio": "Resistencia", "ID": 137, "Área": 140945.24, "Perímetro": 2280.29 }, "geometry": { "type": "MultiPolygon", "coordinates": [ [ [ [ -59.032987813966152, -27.444320615076567 ], [ -59.028224874452675, -27.448551008063582 ], [ -59.030258617669311, -27.450373516569119 ], [ -59.031767620429164, -27.448969612103443 ], [ -59.030518816769401, -27.447850543554484 ], [ -59.030410961451601, -27.447755943305182 ], [ -59.032164289081187, -27.446198056311207 ], [ -59.03352581541958, -27.447423661419236 ], [ -59.033566293268954, -27.447423740988235 ], [ -59.034263986861582, -27.446804028633803 ], [ -59.035009248997689, -27.446141434038847 ], [ -59.034968670375591, -27.446101731275203 ], [ -59.032987813966152, -27.444320615076567 ] ] ] ] } },
{ "type": "Feature", "properties": { "Barrio": "LOS PINOS", "Municipio": "Resistencia", "ID": 138, "Área": 103613.61, "Perímetro": 1433.6 }, "geometry": { "type": "MultiPolygon", "coordinates": [ [ [ [ -59.037477646123399, -27.443907712699207 ], [ -59.037306875143422, -27.443754693309614 ], [ -59.032382315307672, -27.442375539578094 ], [ -59.031725499586663, -27.442958961596688 ], [ -59.035095291742344, -27.446020774434334 ], [ -59.037477646123399, -27.443907712699207 ] ] ] ] } },
{ "type": "Feature", "properties": { "Barrio": "32 VIVIENDAS", "Municipio": "Resistencia", "ID": 139, "Área": 7360.93, "Perímetro": 343.45 }, "geometry": { "type": "MultiPolygon", "coordinates": [ [ [ [ -59.031597176763995, -27.443077960013035 ], [ -59.030954856394004, -27.443643455063196 ], [ -59.031543551174245, -27.444171019134679 ], [ -59.032185877865629, -27.443605518749067 ], [ -59.031597176763995, -27.443077960013035 ] ] ] ] } },
{ "type": "Feature", "properties": { "Barrio": "ARAMBURU", "Municipio": "Resistencia", "ID": 140, "Área": 265757.77, "Perímetro": 2452.98 }, "geometry": { "type": "MultiPolygon", "coordinates": [ [ [ [ -59.032292039131114, -27.443697171368534 ], [ -59.03154307311425, -27.444362433007363 ], [ -59.031436031744931, -27.444266515439704 ], [ -59.030704627293325, -27.44361105749671 ], [ -59.032142271500632, -27.442334097852548 ], [ -59.031193198768413, -27.4420732242077 ], [ -59.030828343966334, -27.442036912203335 ], [ -59.028708023039187, -27.442646941780328 ], [ -59.025092023802664, -27.445858492683712 ], [ -59.02662616809917, -27.447233406397256 ], [ -59.026691061717898, -27.447175134738941 ], [ -59.026833395361194, -27.447304011358192 ], [ -59.028117833114926, -27.448455088881946 ], [ -59.032880782569698, -27.444224687836609 ], [ -59.032292039131114, -27.443697171368534 ] ] ] ] } },
{ "type": "Feature", "properties": { "Barrio": "PROVINCIAS UNIDAS", "Municipio": "Resistencia", "ID": 141, "Área": 32834.65, "Perímetro": 892.07 }, "geometry": { "type": "MultiPolygon", "coordinates": [ [ [ [ -59.016080388035967, -27.450549482413013 ], [ -59.015412828077203, -27.451142234024168 ], [ -59.017930030517206, -27.453399991431553 ], [ -59.018597776145157, -27.452810240436914 ], [ -59.016080388035967, -27.450549482413013 ] ] ] ] } },
{ "type": "Feature", "properties": { "Barrio": "A.M.C.S.O POLICIA", "Municipio": "Resistencia", "ID": 142, "Área": 16201.46, "Perímetro": 540.2 }, "geometry": { "type": "MultiPolygon", "coordinates": [ [ [ [ -59.016870790593984, -27.44985284713831 ], [ -59.016227337102613, -27.450422634597448 ], [ -59.017505945790212, -27.45157876691238 ], [ -59.018156173628746, -27.451007844704378 ], [ -59.016870790593984, -27.44985284713831 ] ] ] ] } },
{ "type": "Feature", "properties": { "Barrio": "SANTA BARBARA", "Municipio": "Resistencia", "ID": 143, "Área": 33536.43, "Perímetro": 895.89 }, "geometry": { "type": "MultiPolygon", "coordinates": [ [ [ [ -59.017690488788212, -27.449115423818949 ], [ -59.017013972309883, -27.449724834880314 ], [ -59.019533379471675, -27.451976461290922 ], [ -59.020214405986977, -27.451371718878747 ], [ -59.017690488788212, -27.449115423818949 ] ] ] ] } },
{ "type": "Feature", "properties": { "Barrio": "6 DE FEBRERO", "Municipio": "Resistencia", "ID": 144, "Área": 10249.95, "Perímetro": 405.0 }, "geometry": { "type": "MultiPolygon", "coordinates": [ [ [ [ -59.023661360781048, -27.447009639378834 ], [ -59.02294454288284, -27.447646225239698 ], [ -59.023675933100783, -27.448301716784041 ], [ -59.02439274825025, -27.447665127198277 ], [ -59.023661360781048, -27.447009639378834 ] ] ] ] } },
{ "type": "Feature", "properties": { "Barrio": "120 VIVIENDAS", "Municipio": "Resistencia", "ID": 145, "Área": 28500.54, "Perímetro": 761.11 }, "geometry": { "type": "MultiPolygon", "coordinates": [ [ [ [ -59.022793729994731, -27.447777918858783 ], [ -59.020799069289652, -27.449546633280587 ], [ -59.021530458620489, -27.450202135910079 ], [ -59.023525123140708, -27.448433414812651 ], [ -59.022793729994731, -27.447777918858783 ] ] ] ] } },
{ "type": "Feature", "properties": { "Barrio": "SANTA RITA 2", "Municipio": "Resistencia", "ID": 146, "Área": 6617.71, "Perímetro": 327.06 }, "geometry": { "type": "MultiPolygon", "coordinates": [ [ [ [ -59.021017713581251, -27.450906400255153 ], [ -59.020490606876329, -27.451374470666405 ], [ -59.021132812935406, -27.451950039524434 ], [ -59.021659916846758, -27.451481960384147 ], [ -59.021017713581251, -27.450906400255153 ] ] ] ] } },
{ "type": "Feature", "properties": { "Barrio": "SANTA RITA 1", "Municipio": "Resistencia", "ID": 147, "Área": 89572.08, "Perímetro": 2324.61 }, "geometry": { "type": "MultiPolygon", "coordinates": [ [ [ [ -59.020328594887722, -27.451524464701372 ], [ -59.019647574111666, -27.452129204084017 ], [ -59.019529709245631, -27.452232941342327 ], [ -59.019108196403998, -27.4518633192057 ], [ -59.018263222146601, -27.451103485392693 ], [ -59.017618035184391, -27.451676390039569 ], [ -59.018817964981942, -27.452753154176847 ], [ -59.018002985757548, -27.453476371948145 ], [ -59.018716541019593, -27.454115899904718 ], [ -59.020970805001987, -27.452100030714114 ], [ -59.020328594887722, -27.451524464701372 ] ] ], [ [ [ -59.02517736425014, -27.448375414402321 ], [ -59.024535160716582, -27.44779986482386 ], [ -59.021017713581251, -27.450906400255153 ], [ -59.021659916846758, -27.451481960384147 ], [ -59.02517736425014, -27.448375414402321 ] ] ] ] } },
{ "type": "Feature", "properties": { "Barrio": "164 VIAMPLIAC. PCIAS UNIDAS", "Municipio": "Resistencia", "ID": 148, "Área": 59949.43, "Perímetro": 1012.99 }, "geometry": { "type": "MultiPolygon", "coordinates": [ [ [ [ -59.02209777408325, -27.453070944950955 ], [ -59.019817883845711, -27.455093677600775 ], [ -59.02116230146644, -27.456297931236872 ], [ -59.023445695615983, -27.454277318429131 ], [ -59.02209777408325, -27.453070944950955 ] ] ] ] } },
{ "type": "Feature", "properties": { "Barrio": "LOS CISNES", "Municipio": "Resistencia", "ID": 149, "Área": 12425.75, "Perímetro": 460.3 }, "geometry": { "type": "MultiPolygon", "coordinates": [ [ [ [ -59.023274093632601, -27.452030656257424 ], [ -59.02224186776732, -27.452942909377288 ], [ -59.022859115866524, -27.453496080911211 ], [ -59.023891342047015, -27.452583829606276 ], [ -59.023274093632601, -27.452030656257424 ] ] ] ] } },
{ "type": "Feature", "properties": { "Barrio": "COPERVI", "Municipio": "Resistencia", "ID": 150, "Área": 33357.37, "Perímetro": 1051.6 }, "geometry": { "type": "MultiPolygon", "coordinates": [ [ [ [ -59.024622133557507, -27.450829768238794 ], [ -59.024335394716871, -27.451084403582922 ], [ -59.025826360681165, -27.452421360081406 ], [ -59.024906569123409, -27.453235604288235 ], [ -59.025967999532078, -27.454185141195488 ], [ -59.027175574141928, -27.453118853867167 ], [ -59.024622133557507, -27.450829768238794 ] ] ] ] } },
{ "type": "Feature", "properties": { "Barrio": "80 VIVIENDAS", "Municipio": "Resistencia", "ID": 151, "Área": 12862.43, "Perímetro": 454.22 }, "geometry": { "type": "MultiPolygon", "coordinates": [ [ [ [ -59.024685799350841, -27.451658229105142 ], [ -59.023914041805398, -27.452343536564417 ], [ -59.024763613505179, -27.453107170726721 ], [ -59.025538493030844, -27.452418853941989 ], [ -59.024685799350841, -27.451658229105142 ] ] ] ] } },
{ "type": "Feature", "properties": { "Barrio": "40 VIVENDAS", "Municipio": "Resistencia", "ID": 152, "Área": 11818.31, "Perímetro": 491.69 }, "geometry": { "type": "MultiPolygon", "coordinates": [ [ [ [ -59.025346432209261, -27.451289795498742 ], [ -59.02629415154793, -27.450450415426463 ], [ -59.026146083694229, -27.450317723569523 ], [ -59.026210602660804, -27.450260428646182 ], [ -59.026146376340307, -27.450202875319661 ], [ -59.026210889224927, -27.450145574034945 ], [ -59.026146668958134, -27.450088029774861 ], [ -59.026211187818561, -27.450030731236652 ], [ -59.026146955582192, -27.449973175162636 ], [ -59.026082452938411, -27.450030470175445 ], [ -59.026018219759557, -27.449972914036735 ], [ -59.025953703958386, -27.450030202580098 ], [ -59.025889492032746, -27.449972652848444 ], [ -59.025697383500216, -27.450143260441685 ], [ -59.025543665037702, -27.450006608567598 ], [ -59.024729177247636, -27.450736628452997 ], [ -59.025346432209261, -27.451289795498742 ] ] ] ] } },
{ "type": "Feature", "properties": { "Barrio": "69 VIUOM", "Municipio": "Resistencia", "ID": 153, "Área": 10821.61, "Perímetro": 420.48 }, "geometry": { "type": "MultiPolygon", "coordinates": [ [ [ [ -59.020273870051895, -27.452906438797626 ], [ -59.019628680374559, -27.453479349888319 ], [ -59.02048582673082, -27.454249066366962 ], [ -59.021131016743595, -27.453676148662421 ], [ -59.020273870051895, -27.452906438797626 ] ] ] ] } },
{ "type": "Feature", "properties": { "Barrio": "100 VIVIENDAS UOM", "Municipio": "Resistencia", "ID": 154, "Área": 11417.51, "Perímetro": 430.29 }, "geometry": { "type": "MultiPolygon", "coordinates": [ [ [ [ -59.021098829126785, -27.452174057090719 ], [ -59.02041813415164, -27.452780960934586 ], [ -59.021274410964438, -27.453548386247455 ], [ -59.021955110317307, -27.452941474704485 ], [ -59.021098829126785, -27.452174057090719 ] ] ] ] } },
{ "type": "Feature", "properties": { "Barrio": "NUEVO AMANECER", "Municipio": "Resistencia", "ID": 155, "Área": 18849.69, "Perímetro": 552.75 }, "geometry": { "type": "MultiPolygon", "coordinates": [ [ [ [ -59.020621409392632, -27.449624084997829 ], [ -59.019518352861752, -27.45060361214934 ], [ -59.020392452085588, -27.451387022650561 ], [ -59.021495513109642, -27.45040749773878 ], [ -59.020621409392632, -27.449624084997829 ] ] ] ] } },
{ "type": "Feature", "properties": { "Barrio": "JESUS MARIA", "Municipio": "Resistencia", "ID": 156, "Área": 135176.5, "Perímetro": 1599.83 }, "geometry": { "type": "MultiPolygon", "coordinates": [ [ [ [ -59.021761989498252, -27.445488000505712 ], [ -59.017766960025952, -27.449043146768311 ], [ -59.019518352861752, -27.45060361214934 ], [ -59.023474574321234, -27.447026699707322 ], [ -59.021761989498252, -27.445488000505712 ] ] ] ] } },
{ "type": "Feature", "properties": { "Barrio": "DON ENRIQUE", "Municipio": "Resistencia", "ID": 157, "Área": 221501.26, "Perímetro": 1950.22 }, "geometry": { "type": "MultiPolygon", "coordinates": [ [ [ [ -59.017011237134902, -27.457631573143267 ], [ -59.019572332618651, -27.455321536836632 ], [ -59.015207910327874, -27.451396543204094 ], [ -59.012613182943412, -27.453681423675082 ], [ -59.017011237134902, -27.457631573143267 ] ] ] ] } },
{ "type": "Feature", "properties": { "Barrio": "INTENDENTE BORRINI", "Municipio": "Resistencia", "ID": 158, "Área": 165204.57, "Perímetro": 1760.88 }, "geometry": { "type": "MultiPolygon", "coordinates": [ [ [ [ -59.012473998922282, -27.453823820578631 ], [ -59.010510240447196, -27.455546519952215 ], [ -59.014877704598675, -27.459436081841929 ], [ -59.01681343123682, -27.457717405660873 ], [ -59.012473998922282, -27.453823820578631 ] ] ] ] } },
{ "type": "Feature", "properties": { "Barrio": "SAN CAYETANO", "Municipio": "Resistencia", "ID": 159, "Área": 303334.27, "Perímetro": 2562.98 }, "geometry": { "type": "MultiPolygon", "coordinates": [ [ [ [ -59.010392666466075, -27.455663339113478 ], [ -59.008144278508041, -27.457647004677732 ], [ -59.015060169685903, -27.463839952779416 ], [ -59.015100650298599, -27.463840038752323 ], [ -59.017293260893119, -27.461881349011168 ], [ -59.017293355550542, -27.461845236247559 ], [ -59.010392666466075, -27.455663339113478 ] ] ] ] } },
{ "type": "Feature", "properties": { "Barrio": "SANTA INES", "Municipio": "Resistencia", "ID": 160, "Área": 219239.07, "Perímetro": 1973.52 }, "geometry": { "type": "MultiPolygon", "coordinates": [ [ [ [ -59.022042146082967, -27.457601832844475 ], [ -59.02094321177421, -27.456616979440295 ], [ -59.020811745419763, -27.456499337306454 ], [ -59.020826237728656, -27.45648548233423 ], [ -59.020826332231621, -27.456449364103619 ], [ -59.01970200451543, -27.455441733800065 ], [ -59.019661523880323, -27.455441650125984 ], [ -59.01501493386683, -27.459573181844124 ], [ -59.017422860353847, -27.461729497143235 ], [ -59.017463340228041, -27.461729581506763 ], [ -59.022042146082967, -27.457601832844475 ] ] ] ] } },
{ "type": "Feature", "properties": { "Barrio": "400 VISOESGYPE", "Municipio": "Resistencia", "ID": 161, "Área": 142887.56, "Perímetro": 1515.0 }, "geometry": { "type": "MultiPolygon", "coordinates": [ [ [ [ -59.014869671810558, -27.464041535586848 ], [ -59.011997493161147, -27.46146732035864 ], [ -59.00945217555801, -27.463726956539187 ], [ -59.01232435421057, -27.466301223461109 ], [ -59.014869671810558, -27.464041535586848 ] ] ] ] } },
{ "type": "Feature", "properties": { "Barrio": "SAN MIGUEL", "Municipio": "Resistencia", "ID": 162, "Área": 196198.1, "Perímetro": 1815.25 }, "geometry": { "type": "MultiPolygon", "coordinates": [ [ [ [ -59.007948317266447, -27.457834537308155 ], [ -59.00540578770044, -27.460097210211423 ], [ -59.009345757825102, -27.463629780532841 ], [ -59.011892983100161, -27.461370257255997 ], [ -59.007948317266447, -27.457834537308155 ] ] ] ] } },
{ "type": "Feature", "properties": { "Barrio": "COMPLEJO MALVINAS", "Municipio": "Resistencia", "ID": 163, "Área": 80164.41, "Perímetro": 1269.56 }, "geometry": { "type": "MultiPolygon", "coordinates": [ [ [ [ -59.009983822458999, -27.466121530410089 ], [ -59.0066847577856, -27.469059435019322 ], [ -59.007919280388577, -27.470165929592735 ], [ -59.011231885439173, -27.46724040684024 ], [ -59.009983822458999, -27.466121530410089 ] ] ] ] } },
{ "type": "Feature", "properties": { "Barrio": "250 VISOESGYPE", "Municipio": "Resistencia", "ID": 164, "Área": 71890.59, "Perímetro": 1160.59 }, "geometry": { "type": "MultiPolygon", "coordinates": [ [ [ [ -59.006725664155319, -27.463201465906803 ], [ -59.003861679809255, -27.465764306269193 ], [ -59.005135586377001, -27.466906189344204 ], [ -59.008010051376608, -27.464352746291087 ], [ -59.006725664155319, -27.463201465906803 ] ] ] ] } },
{ "type": "Feature", "properties": { "Barrio": "MARIN", "Municipio": "Resistencia", "ID": 165, "Área": 384171.14, "Perímetro": 4469.83 }, "geometry": { "type": "MultiPolygon", "coordinates": [ [ [ [ -59.000955331436195, -27.463913739746189 ], [ -59.003317147546319, -27.466036170080315 ], [ -59.006762036136742, -27.462978229638001 ], [ -59.008260498849843, -27.464321364732363 ], [ -59.005132066944192, -27.467094665292475 ], [ -59.005028032278304, -27.46700166384689 ], [ -59.003754281263895, -27.46585992709808 ], [ -59.003449549810966, -27.466130410790036 ], [ -59.004820143341448, -27.467371706726272 ], [ -59.006584460152638, -27.468959203682722 ], [ -59.010062087212241, -27.465872161854026 ], [ -59.011436114367704, -27.467103664861959 ], [ -59.012117276422359, -27.466498967834422 ], [ -59.005122948100379, -27.460211919421294 ], [ -59.000955331436195, -27.463913739746189 ] ] ] ] } },
{ "type": "Feature", "properties": { "Barrio": "EL DORADO", "Municipio": "Resistencia", "ID": 166, "Área": 448017.24, "Perímetro": 2869.95 }, "geometry": { "type": "MultiPolygon", "coordinates": [ [ [ [ -59.000769276664663, -27.464131680867045 ], [ -59.000625863594571, -27.464258974449997 ], [ -59.000554157449869, -27.464322620283244 ], [ -59.000482453254023, -27.46438626518902 ], [ -59.000407536760036, -27.464447034641069 ], [ -59.000332691433783, -27.46450786772666 ], [ -59.000257770754139, -27.464568634356727 ], [ -59.000182928266028, -27.464629470987369 ], [ -59.000033091562834, -27.464751003166477 ], [ -58.999886747287839, -27.464871115580969 ], [ -58.999816890717597, -27.464936424710618 ], [ -58.99981503726422, -27.464934763691254 ], [ -58.999745189739883, -27.46500007014064 ], [ -58.999746967872987, -27.465001670161893 ], [ -58.999677117207092, -27.465066979259415 ], [ -58.99960719523353, -27.465132221935217 ], [ -58.999537341368054, -27.465197530935235 ], [ -58.999470702578684, -27.465265725279867 ], [ -58.999403277048408, -27.465333205585743 ], [ -58.999335988869106, -27.465400814076272 ], [ -58.999268562137978, -27.465468297010851 ], [ -58.999202705794417, -27.465537187145536 ], [ -58.999066304410292, -27.465677050546869 ], [ -58.998782540734638, -27.465934383686886 ], [ -58.998803286926098, -27.465952981569735 ], [ -58.998373021824911, -27.466334846195682 ], [ -58.998228698079821, -27.466460421543076 ], [ -58.997511611950898, -27.46709686755387 ], [ -59.004433862949575, -27.473298823610275 ], [ -59.007737247005672, -27.470379071002824 ], [ -59.000769276664663, -27.464131680867045 ] ] ] ] } },
{ "type": "Feature", "properties": { "Barrio": "PALERMO 1", "Municipio": "Resistencia", "ID": 167, "Área": 478139.45, "Perímetro": 2923.9 }, "geometry": { "type": "MultiPolygon", "coordinates": [ [ [ [ -58.997366940538093, -27.467228671138866 ], [ -58.993816429029039, -27.47037807726052 ], [ -59.000712175526047, -27.476566477793561 ], [ -59.000752524066407, -27.476566567081097 ], [ -59.004254591684166, -27.473457946664059 ], [ -58.997366940538093, -27.467228671138866 ] ] ] ] } },
{ "type": "Feature", "properties": { "Barrio": "ITALIANO", "Municipio": "Resistencia", "ID": 168, "Área": 40625.82, "Perímetro": 808.16 }, "geometry": { "type": "MultiPolygon", "coordinates": [ [ [ [ -58.988007089465903, -27.475531220234533 ], [ -58.986658011375724, -27.476728264313596 ], [ -58.988199080769142, -27.478109861350887 ], [ -58.989548153022405, -27.476912796207028 ], [ -58.988007089465903, -27.475531220234533 ] ] ] ] } },
{ "type": "Feature", "properties": { "Barrio": "ASENTAMIENTO LESTANI", "Municipio": "Resistencia", "ID": 169, "Área": 56460.57, "Perímetro": 1056.01 }, "geometry": { "type": "MultiPolygon", "coordinates": [ [ [ [ -58.991810725412719, -27.47846904879361 ], [ -58.991509858855274, -27.478736022445435 ], [ -58.991966538086437, -27.479145403737299 ], [ -58.990653683386164, -27.480310354568015 ], [ -58.991909557785867, -27.481436167927995 ], [ -58.992359114886391, -27.481839154691475 ], [ -58.993972890994101, -27.480407255282664 ], [ -58.991810725412719, -27.47846904879361 ] ] ] ] } },
{ "type": "Feature", "properties": { "Barrio": "LIBERTAD", "Municipio": "Resistencia", "ID": 170, "Área": 846625.92, "Perímetro": 4466.69 }, "geometry": { "type": "MultiPolygon", "coordinates": [ [ [ [ -58.993670702068442, -27.470504954005708 ], [ -58.988243058505418, -27.475270673712295 ], [ -58.988268032258922, -27.475293063077611 ], [ -58.988034940660299, -27.475499893471046 ], [ -58.98872348840456, -27.47611718294559 ], [ -58.989579725219322, -27.476884799670657 ], [ -58.988199080769142, -27.478109861350887 ], [ -58.990653683386164, -27.480310354568015 ], [ -58.991966538086437, -27.479145403737299 ], [ -58.991509858855274, -27.478736022445435 ], [ -58.991810725412719, -27.47846904879361 ], [ -58.993972890994101, -27.480407255282664 ], [ -58.992359114886391, -27.481839154691475 ], [ -58.993550795617239, -27.482907391510746 ], [ -59.000541534780687, -27.476753055113225 ], [ -58.993670702068442, -27.470504954005708 ] ] ] ] } },
{ "type": "Feature", "properties": { "Barrio": "GÜIRALDES", "Municipio": "Resistencia", "ID": 171, "Área": 405987.29, "Perímetro": 2824.46 }, "geometry": { "type": "MultiPolygon", "coordinates": [ [ [ [ -58.993351420667835, -27.483087516379214 ], [ -58.990572545685353, -27.480599506258624 ], [ -58.989703876393591, -27.479818433103986 ], [ -58.987303301884438, -27.477668011113344 ], [ -58.987148596872537, -27.47780528708682 ], [ -58.986032065018136, -27.484652178782113 ], [ -58.985875376426719, -27.485634520241593 ], [ -58.985758676626538, -27.485619719514851 ], [ -58.986359502358255, -27.486158345066407 ], [ -58.987039339893784, -27.485555178086603 ], [ -58.987125587968649, -27.485473742941583 ], [ -58.988930217543221, -27.487091491753237 ], [ -58.993351420667835, -27.483087516379214 ] ] ] ] } },
{ "type": "Feature", "properties": { "Barrio": "U.P.C.P.", "Municipio": "Resistencia", "ID": 172, "Área": 63247.68, "Perímetro": 1134.1 }, "geometry": { "type": "MultiPolygon", "coordinates": [ [ [ [ -58.988812761229902, -27.487155966204146 ], [ -58.98718360739371, -27.485685535316705 ], [ -58.98474120575866, -27.487830090382321 ], [ -58.985490117140309, -27.488498903173454 ], [ -58.985530613545755, -27.488498997135462 ], [ -58.986353864088748, -27.487770334128093 ], [ -58.987231131002467, -27.488554258180724 ], [ -58.988812761229902, -27.487155966204146 ] ] ] ] } },
{ "type": "Feature", "properties": { "Barrio": "COOP. AUNAR", "Municipio": "Resistencia", "ID": 173, "Área": 10026.95, "Perímetro": 394.41 }, "geometry": { "type": "MultiPolygon", "coordinates": [ [ [ [ -58.986396325737545, -27.488020425750786 ], [ -58.986355833544899, -27.488020332074871 ], [ -58.98569864484589, -27.488603386116637 ], [ -58.985698539577676, -27.488639497543254 ], [ -58.986392960540506, -27.489265363409995 ], [ -58.986433457227839, -27.48926545801919 ], [ -58.987090649258903, -27.488682400585461 ], [ -58.987090747978122, -27.488646291808401 ], [ -58.986396325737545, -27.488020425750786 ] ] ] ] } },
{ "type": "Feature", "properties": { "Barrio": "SAN VALENTIN", "Municipio": "Resistencia", "ID": 174, "Área": 55906.11, "Perímetro": 1031.87 }, "geometry": { "type": "MultiPolygon", "coordinates": [ [ [ [ -58.986278729560169, -27.486277845687628 ], [ -58.985761961814255, -27.485814323470279 ], [ -58.985724368996536, -27.485723701331693 ], [ -58.985737879772834, -27.485643391017671 ], [ -58.982474810393406, -27.485222431609682 ], [ -58.982182218675241, -27.485482491893741 ], [ -58.984664959800618, -27.48770956355672 ], [ -58.986278729560169, -27.486277845687628 ] ] ] ] } },
{ "type": "Feature", "properties": { "Barrio": "J. NAZARETH", "Municipio": "Resistencia", "ID": 175, "Área": 69791.21, "Perímetro": 1093.36 }, "geometry": { "type": "MultiPolygon", "coordinates": [ [ [ [ -58.981140797306118, -27.481620332979055 ], [ -58.979498221881101, -27.483077561263528 ], [ -58.982110424535023, -27.48541955920437 ], [ -58.982369509225087, -27.485189709432017 ], [ -58.982713897751161, -27.48303071157202 ], [ -58.981140797306118, -27.481620332979055 ] ] ] ] } },
{ "type": "Feature", "properties": { "Barrio": "J. ALBERDI", "Municipio": "Resistencia", "ID": 176, "Área": 296769.33, "Perímetro": 2511.44 }, "geometry": { "type": "MultiPolygon", "coordinates": [ [ [ [ -58.986455635360755, -27.476904829401562 ], [ -58.981215079420565, -27.481550107755123 ], [ -58.982947158746526, -27.483103017199376 ], [ -58.982623189724052, -27.485130308536096 ], [ -58.985748421124192, -27.485526833156687 ], [ -58.986127327725676, -27.483235588994027 ], [ -58.986177942046041, -27.483020107251729 ], [ -58.987005885459929, -27.477677344176051 ], [ -58.987160593411659, -27.477540077403695 ], [ -58.986915714660924, -27.477320537416663 ], [ -58.986455635360755, -27.476904829401562 ] ] ] ] } },
{ "type": "Feature", "properties": { "Barrio": "17 DE OCTUBRE", "Municipio": "Resistencia", "ID": 177, "Área": 52024.12, "Perímetro": 1002.8 }, "geometry": { "type": "MultiPolygon", "coordinates": [ [ [ [ -58.979274000972843, -27.483265627979247 ], [ -58.976728593120249, -27.485523668815588 ], [ -58.977776329083127, -27.486460510273801 ], [ -58.980320443658108, -27.484203843350066 ], [ -58.979274000972843, -27.483265627979247 ] ] ] ] } },
{ "type": "Feature", "properties": { "Barrio": "HIPOLITO IRIGOYEN", "Municipio": "Resistencia", "ID": 178, "Área": 64903.5, "Perímetro": 1232.65 }, "geometry": { "type": "MultiPolygon", "coordinates": [ [ [ [ -58.980463148184597, -27.484331792964465 ], [ -58.977383832755727, -27.487063481905526 ], [ -58.97775210767319, -27.48739290837289 ], [ -58.977429062381781, -27.487679298019863 ], [ -58.978067719416352, -27.488259835042829 ], [ -58.981474937583577, -27.485237255940451 ], [ -58.980463148184597, -27.484331792964465 ] ] ] ] } },
{ "type": "Feature", "properties": { "Barrio": "120 VIVIENDAS CGT", "Municipio": "Resistencia", "ID": 179, "Área": 73938.87, "Perímetro": 1379.51 }, "geometry": { "type": "MultiPolygon", "coordinates": [ [ [ [ -58.976581564351157, -27.485653874698542 ], [ -58.973246223032305, -27.488612084031292 ], [ -58.973256065913468, -27.48874768625301 ], [ -58.974220231691774, -27.4896121816228 ], [ -58.97691346367278, -27.487228123473034 ], [ -58.977420538886399, -27.48768455115454 ], [ -58.97775210767319, -27.48739290837289 ], [ -58.977659248458075, -27.487310420836906 ], [ -58.977383832755727, -27.487063481905526 ], [ -58.977770346294704, -27.486719533581436 ], [ -58.977628005322387, -27.486592119013878 ], [ -58.976581564351157, -27.485653874698542 ] ] ] ] } },
{ "type": "Feature", "properties": { "Barrio": "130 VIVIENDAS", "Municipio": "Resistencia", "ID": 180, "Área": 34681.78, "Perímetro": 966.04 }, "geometry": { "type": "MultiPolygon", "coordinates": [ [ [ [ -58.976381077600777, -27.489755524330977 ], [ -58.975375217974282, -27.488853676145723 ], [ -58.974219548674405, -27.489866900538551 ], [ -58.97360592660953, -27.489316286777338 ], [ -58.973476798103569, -27.489430820972292 ], [ -58.973819285933402, -27.489737905705805 ], [ -58.973352987887061, -27.490151511002168 ], [ -58.973329486570421, -27.490350519085347 ], [ -58.974037008036134, -27.490981784608806 ], [ -58.974754418540186, -27.490345494161851 ], [ -58.975230107525512, -27.490772036407936 ], [ -58.975374527547864, -27.49064747887326 ], [ -58.976381077600777, -27.489755524330977 ] ] ] ] } },
{ "type": "Feature", "properties": { "Barrio": "100 VIVIENDAS CGT", "Municipio": "Resistencia", "ID": 181, "Área": 30395.7, "Perímetro": 712.81 }, "geometry": { "type": "MultiPolygon", "coordinates": [ [ [ [ -58.976913398961251, -27.487480788889791 ], [ -58.975375217974282, -27.488853676145723 ], [ -58.976381077600777, -27.489755524330977 ], [ -58.977924251884758, -27.488387103272995 ], [ -58.976913398961251, -27.487480788889791 ] ] ] ] } },
{ "type": "Feature", "properties": { "Barrio": "FORTINES ARGENTINOS", "Municipio": "Resistencia", "ID": 182, "Área": 184483.04, "Perímetro": 1892.03 }, "geometry": { "type": "MultiPolygon", "coordinates": [ [ [ [ -58.976532749898944, -27.485499485985134 ], [ -58.972102796137875, -27.489417693861792 ], [ -58.974461483626307, -27.491525769207541 ], [ -58.978028572143288, -27.488353417514823 ], [ -58.976912150653625, -27.487352454374534 ], [ -58.977765359307007, -27.486595587695643 ], [ -58.976532749898944, -27.485499485985134 ] ] ] ] } },
{ "type": "Feature", "properties": { "Barrio": "244 VIVIENDAS", "Municipio": "Resistencia", "ID": 183, "Área": 85186.83, "Perímetro": 1190.02 }, "geometry": { "type": "MultiPolygon", "coordinates": [ [ [ [ -58.981617645846313, -27.485365198116153 ], [ -58.979072737643115, -27.487622712733703 ], [ -58.98078079939387, -27.489163584441791 ], [ -58.983327369547091, -27.486898013050912 ], [ -58.981617645846313, -27.485365198116153 ] ] ] ] } },
{ "type": "Feature", "properties": { "Barrio": "240 VIVIENDAS", "Municipio": "Resistencia", "ID": 184, "Área": 68664.74, "Perímetro": 1170.27 }, "geometry": { "type": "MultiPolygon", "coordinates": [ [ [ [ -58.978929416924444, -27.48774985589634 ], [ -58.976775581364819, -27.489660449780306 ], [ -58.976902594493858, -27.489774329156084 ], [ -58.977225402226622, -27.489487975312375 ], [ -58.977755062457035, -27.489962852201753 ], [ -58.977432248563041, -27.490249206307645 ], [ -58.978485711800282, -27.491198290115427 ], [ -58.980637532971635, -27.489284047811559 ], [ -58.978929416924444, -27.48774985589634 ] ] ] ] } },
{ "type": "Feature", "properties": { "Barrio": "12 VIVIENDAS", "Municipio": "Resistencia", "ID": 185, "Área": 2400.0, "Perímetro": 200.0 }, "geometry": { "type": "MultiPolygon", "coordinates": [ [ [ [ -58.946480981920338, -27.461381324277841 ], [ -58.946194041962428, -27.461635792699216 ], [ -58.946621950211828, -27.462019728052582 ], [ -58.946908887217724, -27.461765257838305 ], [ -58.946480981920338, -27.461381324277841 ] ] ] ] } },
{ "type": "Feature", "properties": { "Barrio": "LA FRANCE", "Municipio": "Resistencia", "ID": 186, "Área": 42949.93, "Perímetro": 1870.74 }, "geometry": { "type": "MultiPolygon", "coordinates": [ [ [ [ -58.950173087094626, -27.465313286196253 ], [ -58.947246055478068, -27.473039396675095 ], [ -58.948013039945977, -27.472423148567643 ], [ -58.950652368510582, -27.465457421724761 ], [ -58.950173087094626, -27.465313286196253 ] ] ] ] } },
{ "type": "Feature", "properties": { "Barrio": "ASENTAMIENTO GOLF CLUB", "Municipio": "Resistencia", "ID": 187, "Área": 9684.34, "Perímetro": 1011.7 }, "geometry": { "type": "MultiPolygon", "coordinates": [ [ [ [ -58.952720281404233, -27.463157212743834 ], [ -58.952548036845805, -27.463251988872628 ], [ -58.952875750733803, -27.46369357187956 ], [ -58.952959026979343, -27.463795597961809 ], [ -58.953054241623327, -27.463861497874383 ], [ -58.953148298281938, -27.463895471043646 ], [ -58.953248065301587, -27.463910398730199 ], [ -58.953348286736322, -27.463922629925499 ], [ -58.953568775589297, -27.46394953921779 ], [ -58.957156521948789, -27.464388359758672 ], [ -58.957186126690019, -27.464211188964192 ], [ -58.956294270454343, -27.464101823552042 ], [ -58.955502593902899, -27.464004743157243 ], [ -58.954310084412498, -27.463858500968712 ], [ -58.953598580681145, -27.463771239246828 ], [ -58.953378113613212, -27.463744202038004 ], [ -58.953277899986851, -27.463731910468248 ], [ -58.953178502293355, -27.46371474053171 ], [ -58.953165932154377, -27.463709932157037 ], [ -58.953105474175459, -27.463671084424512 ], [ -58.953044441304762, -27.463593944669793 ], [ -58.952720281404233, -27.463157212743834 ] ] ] ] } },
{ "type": "Feature", "properties": { "Barrio": "PLAN 56 VIMUJERES ARGENTINAS", "Municipio": "Resistencia", "ID": 188, "Área": 15613.53, "Perímetro": 650.79 }, "geometry": { "type": "MultiPolygon", "coordinates": [ [ [ [ -58.945386704976926, -27.464864990437903 ], [ -58.945302087366287, -27.465258754129191 ], [ -58.945766383466385, -27.465674901002721 ], [ -58.945300866725425, -27.466089328192467 ], [ -58.946313528058816, -27.466999018668879 ], [ -58.946636294890702, -27.466712789870382 ], [ -58.946422132157117, -27.466520784640785 ], [ -58.946830188009919, -27.466158831113663 ], [ -58.945386704976926, -27.464864990437903 ] ] ] ] } },
{ "type": "Feature", "properties": { "Barrio": "DON BOSCO", "Municipio": "Resistencia", "ID": 189, "Área": 82079.59, "Perímetro": 1323.89 }, "geometry": { "type": "MultiPolygon", "coordinates": [ [ [ [ -58.963304680020272, -27.456068551293196 ], [ -58.960454711863377, -27.459782269019357 ], [ -58.961312828278949, -27.460552032477928 ], [ -58.964836736845271, -27.45744083141129 ], [ -58.963304680020272, -27.456068551293196 ] ] ] ] } },
{ "type": "Feature", "properties": { "Barrio": "AEROPUERTO", "Municipio": "Resistencia", "ID": 190, "Área": 333712.49, "Perímetro": 2637.94 }, "geometry": { "type": "MultiPolygon", "coordinates": [ [ [ [ -58.972124910555465, -27.476788202502217 ], [ -58.972084425668548, -27.476788103906593 ], [ -58.965096132790961, -27.482985550080841 ], [ -58.965096020870249, -27.483021661336501 ], [ -58.967502879369391, -27.485189931384927 ], [ -58.974530426342703, -27.478945272030561 ], [ -58.972124910555465, -27.476788202502217 ] ] ] ] } },
{ "type": "Feature", "properties": { "Barrio": "HIPOLITO IRIGOYEN", "Municipio": "Resistencia", "ID": 191, "Área": 71664.12, "Perímetro": 1217.28 }, "geometry": { "type": "MultiPolygon", "coordinates": [ [ [ [ -58.977962237551409, -27.482022433394349 ], [ -58.974732895914883, -27.484879003481328 ], [ -58.975882824338271, -27.485897026496229 ], [ -58.979096988347543, -27.483039863119359 ], [ -58.977962237551409, -27.482022433394349 ] ] ] ] } },
{ "type": "Feature", "properties": { "Barrio": "74 VIVIENDAS", "Municipio": "Resistencia", "ID": 192, "Área": 24799.21, "Perímetro": 735.64 }, "geometry": { "type": "MultiPolygon", "coordinates": [ [ [ [ -58.975304000499861, -27.481821257645098 ], [ -58.97394840901967, -27.48060573335432 ], [ -58.973448031663594, -27.481047500547678 ], [ -58.973003540571383, -27.480648928314288 ], [ -58.972673570092802, -27.480941634071641 ], [ -58.974477824637567, -27.482554843616938 ], [ -58.975304000499861, -27.481821257645098 ] ] ] ] } },
{ "type": "Feature", "properties": { "Barrio": "GOLUZURIAGA", "Municipio": "Resistencia", "ID": 193, "Área": 494932.21, "Perímetro": 3948.01 }, "geometry": { "type": "MultiPolygon", "coordinates": [ [ [ [ -58.972089600279531, -27.489259880720457 ], [ -58.97576371886781, -27.486000865363334 ], [ -58.974622121609094, -27.484977270270313 ], [ -58.974480364362449, -27.48485038925671 ], [ -58.977814406474941, -27.481890398395169 ], [ -58.974693229631065, -27.479091265494432 ], [ -58.974652887530901, -27.479091168680824 ], [ -58.97311533145573, -27.48045511556241 ], [ -58.973115228276868, -27.480491224247295 ], [ -58.973487431286607, -27.480824988496273 ], [ -58.97384608763646, -27.480506826598408 ], [ -58.975454185843077, -27.481946512448211 ], [ -58.974622611328947, -27.482684234717194 ], [ -58.974477824637567, -27.482554843616938 ], [ -58.972673570092802, -27.480941634071641 ], [ -58.973003540571383, -27.480648928314288 ], [ -58.97294860920433, -27.480599667862528 ], [ -58.967643171050398, -27.485308980583646 ], [ -58.97103473250499, -27.488350224391642 ], [ -58.972049107796728, -27.489259781967206 ], [ -58.972089600279531, -27.489259880720457 ] ] ] ] } },
{ "type": "Feature", "properties": { "Barrio": "MINISTRO RAWSON", "Municipio": "Resistencia", "ID": 194, "Área": 215599.97, "Perímetro": 2400.0 }, "geometry": { "type": "MultiPolygon", "coordinates": [ [ [ [ -58.979279335440822, -27.470403671319186 ], [ -58.972250206632495, -27.476639696086053 ], [ -58.973819767453641, -27.478047163223835 ], [ -58.980848898600144, -27.471811061341256 ], [ -58.979279335440822, -27.470403671319186 ] ] ] ] } },
{ "type": "Feature", "properties": { "Barrio": "13 DE DICIEMBRE", "Municipio": "Resistencia", "ID": 195, "Área": 143272.01, "Perímetro": 2084.23 }, "geometry": { "type": "MultiPolygon", "coordinates": [ [ [ [ -58.98010992372928, -27.482156635929634 ], [ -58.984267857951913, -27.478462528932216 ], [ -58.983621855246717, -27.477882963525836 ], [ -58.984488168129687, -27.477126747097603 ], [ -58.983664450608984, -27.476381959173775 ], [ -58.980925513241722, -27.478829405942403 ], [ -58.980780270487401, -27.478688490371823 ], [ -58.979959764339768, -27.477952810111869 ], [ -58.978542572444049, -27.479211322233621 ], [ -58.98047128880944, -27.480945122910786 ], [ -58.979610474780081, -27.481708820076232 ], [ -58.98010992372928, -27.482156635929634 ] ] ] ] } },
{ "type": "Feature", "properties": { "Barrio": "AMUDOCH", "Municipio": "Resistencia", "ID": 196, "Área": 9000.0, "Perímetro": 380.0 }, "geometry": { "type": "MultiPolygon", "coordinates": [ [ [ [ -58.98269788990271, -27.475516041947959 ], [ -58.981980656845444, -27.476152403149879 ], [ -58.98262279616246, -27.476728146090579 ], [ -58.983340029484523, -27.476091781632849 ], [ -58.98269788990271, -27.475516041947959 ] ] ] ] } },
{ "type": "Feature", "properties": { "Barrio": "LOTERIA CHAQUEÑA", "Municipio": "Resistencia", "ID": 197, "Área": 35926.95, "Perímetro": 1334.08 }, "geometry": { "type": "MultiPolygon", "coordinates": [ [ [ [ -58.981842142366396, -27.476282820865851 ], [ -58.98112489329678, -27.476919183592404 ], [ -58.981589741011199, -27.477336175431908 ], [ -58.981087494104926, -27.477782604647501 ], [ -58.980623727349631, -27.47736678671809 ], [ -58.979959764339768, -27.477952810111869 ], [ -58.980780270487401, -27.478688490371823 ], [ -58.982663727157167, -27.47701967204625 ], [ -58.981842142366396, -27.476282820865851 ] ] ], [ [ [ -58.983849480972282, -27.474501443011981 ], [ -58.98284361786331, -27.475391904985102 ], [ -58.983664756361343, -27.476127932260919 ], [ -58.98372001564848, -27.47607979347487 ], [ -58.984043832092659, -27.474675571254604 ], [ -58.983849480972282, -27.474501443011981 ] ] ] ] } },
{ "type": "Feature", "properties": { "Barrio": "JUAN ALBERDI", "Municipio": "Resistencia", "ID": 198, "Área": 45815.65, "Perímetro": 1082.33 }, "geometry": { "type": "MultiPolygon", "coordinates": [ [ [ [ -58.983912641372811, -27.477887975560837 ], [ -58.98441209460146, -27.478335773538117 ], [ -58.986278479014956, -27.476682597844238 ], [ -58.984043832092659, -27.474675571254604 ], [ -58.98372001564848, -27.47607979347487 ], [ -58.983696129530792, -27.476158580576584 ], [ -58.984773030781042, -27.47712568635643 ], [ -58.983912641372811, -27.477887975560837 ] ] ] ] } },
{ "type": "Feature", "properties": { "Barrio": "UPCP", "Municipio": "Resistencia", "ID": 199, "Área": 27646.15, "Perímetro": 940.8 }, "geometry": { "type": "MultiPolygon", "coordinates": [ [ [ [ -58.982882263543054, -27.47363424821852 ], [ -58.981878142991242, -27.474525160914315 ], [ -58.982698644731983, -27.475260829930637 ], [ -58.983702759679332, -27.474369912268852 ], [ -58.982882263543054, -27.47363424821852 ] ] ], [ [ [ -58.980013317933, -27.476179681264853 ], [ -58.979293191961268, -27.476818580483521 ], [ -58.980113686410157, -27.477554264448802 ], [ -58.980833818784319, -27.476915361999851 ], [ -58.980013317933, -27.476179681264853 ] ] ] ] } },
{ "type": "Feature", "properties": { "Barrio": "COSMETOLOGOS", "Municipio": "Resistencia", "ID": 200, "Área": 11294.98, "Perímetro": 425.8 }, "geometry": { "type": "MultiPolygon", "coordinates": [ [ [ [ -58.97993050827462, -27.474571575288646 ], [ -58.979210392673394, -27.475210468179991 ], [ -58.980013038172302, -27.475930158391765 ], [ -58.980733154107, -27.475291261414526 ], [ -58.97993050827462, -27.474571575288646 ] ] ] ] } },
{ "type": "Feature", "properties": { "Barrio": "VIALES", "Municipio": "Resistencia", "ID": 201, "Área": 11295.03, "Perímetro": 425.8 }, "geometry": { "type": "MultiPolygon", "coordinates": [ [ [ [ -58.979067978669548, -27.475332046638535 ], [ -58.978347852145859, -27.475970933819013 ], [ -58.979150498164813, -27.476690635247884 ], [ -58.979870624068937, -27.476051737657912 ], [ -58.979067978669548, -27.475332046638535 ] ] ] ] } },
{ "type": "Feature", "properties": { "Barrio": "MUPESA", "Municipio": "Resistencia", "ID": 202, "Área": 11015.93, "Perímetro": 540.64 }, "geometry": { "type": "MultiPolygon", "coordinates": [ [ [ [ -58.980278661447976, -27.473343352791073 ], [ -58.978693839983329, -27.474741222918759 ], [ -58.979050569159554, -27.475061087259743 ], [ -58.980635384898093, -27.473663213993845 ], [ -58.980278661447976, -27.473343352791073 ] ] ] ] } },
{ "type": "Feature", "properties": { "Barrio": "ELISA", "Municipio": "Resistencia", "ID": 203, "Área": 350094.64, "Perímetro": 5032.28 }, "geometry": { "type": "MultiPolygon", "coordinates": [ [ [ [ -58.979242744162342, -27.482917860092702 ], [ -58.979960037639593, -27.482281514326068 ], [ -58.979312087828404, -27.481705011834013 ], [ -58.979476274469995, -27.481558462469337 ], [ -58.980153107911512, -27.480958004947183 ], [ -58.98015322079754, -27.480922021711898 ], [ -58.978251657795262, -27.479206213149169 ], [ -58.979973102889304, -27.477678986527998 ], [ -58.978042999567116, -27.475953331959442 ], [ -58.978907124368249, -27.475188359974073 ], [ -58.978479380583572, -27.474804268024808 ], [ -58.980344207059879, -27.473149764308221 ], [ -58.980924597348931, -27.473660227472216 ], [ -58.980053251172002, -27.474430859030374 ], [ -58.981016785891903, -27.475294797656527 ], [ -58.980156773918225, -27.476052410217171 ], [ -58.98097726775589, -27.476788090068258 ], [ -58.982554162054051, -27.475393792753803 ], [ -58.981590615406958, -27.474530496991584 ], [ -58.982739569443254, -27.473506307505509 ], [ -58.980991589285765, -27.471939010227619 ], [ -58.973958901171507, -27.478169895434739 ], [ -58.979242744162342, -27.482917860092702 ] ] ], [ [ [ -58.980982359353483, -27.477048606365543 ], [ -58.980623727349631, -27.47736678671809 ], [ -58.980980470493719, -27.477686643669664 ], [ -58.981339095406689, -27.477368471383766 ], [ -58.980982359353483, -27.477048606365543 ] ] ], [ [ [ -58.983340029484523, -27.476091781632849 ], [ -58.98262279616246, -27.476728146090579 ], [ -58.982801164906192, -27.47688807169428 ], [ -58.983518404371623, -27.476251706376484 ], [ -58.983340029484523, -27.476091781632849 ] ] ] ] } },
{ "type": "Feature", "properties": { "Barrio": "60 VIVIENDAS", "Municipio": "Resistencia", "ID": 204, "Área": 13702.45, "Perímetro": 474.05 }, "geometry": { "type": "MultiPolygon", "coordinates": [ [ [ [ -58.986247467755959, -27.474978171958682 ], [ -58.985530259074551, -27.47561455215304 ], [ -58.98650845985054, -27.476490631343502 ], [ -58.987225669938795, -27.475854246196754 ], [ -58.986247467755959, -27.474978171958682 ] ] ] ] } },
{ "type": "Feature", "properties": { "Barrio": "GASTRONOMICO", "Municipio": "Resistencia", "ID": 205, "Área": 7115.52, "Perímetro": 342.28 }, "geometry": { "type": "MultiPolygon", "coordinates": [ [ [ [ -58.98487832615551, -27.473751655689369 ], [ -58.984161110948634, -27.474388028890328 ], [ -58.984668602412924, -27.474843839686553 ], [ -58.98538509269067, -27.47420810020304 ], [ -58.98487832615551, -27.473751655689369 ] ] ] ] } },
{ "type": "Feature", "properties": { "Barrio": "SITIA", "Municipio": "Resistencia", "ID": 206, "Área": 8483.98, "Perímetro": 381.4 }, "geometry": { "type": "MultiPolygon", "coordinates": [ [ [ [ -58.98588241400266, -27.472860726712117 ], [ -58.985021773455117, -27.473624382054094 ], [ -58.985526204860811, -27.47407664917997 ], [ -58.986386848691865, -27.473312990791314 ], [ -58.98588241400266, -27.472860726712117 ] ] ] ] } },
{ "type": "Feature", "properties": { "Barrio": "28 VIVS. COPERVI", "Municipio": "Resistencia", "ID": 207, "Área": 3857.7, "Perímetro": 287.05 }, "geometry": { "type": "MultiPolygon", "coordinates": [ [ [ [ -58.991357267412326, -27.471501883498984 ], [ -58.991052221206004, -27.471780924388565 ], [ -58.991120005140118, -27.47184170110922 ], [ -58.991188459048729, -27.471902792160424 ], [ -58.990846212462067, -27.472204540619078 ], [ -58.991083949473001, -27.47241767484973 ], [ -58.991736566838078, -27.471838546016951 ], [ -58.991357267412326, -27.471501883498984 ] ] ] ] } },
{ "type": "Feature", "properties": { "Barrio": "INDEPENDENCIA", "Municipio": "Resistencia", "ID": 208, "Área": 81117.76, "Perímetro": 1193.54 }, "geometry": { "type": "MultiPolygon", "coordinates": [ [ [ [ -58.9899729782408, -27.470256617145232 ], [ -58.987463892259349, -27.472486543735634 ], [ -58.989225432613473, -27.474067740077853 ], [ -58.990841626522553, -27.472636055781702 ], [ -58.990663610009797, -27.472476537177627 ], [ -58.990841968924116, -27.472317756511426 ], [ -58.990712821955107, -27.472201980181097 ], [ -58.991051389577393, -27.471898438583644 ], [ -58.990986950848132, -27.471840149506143 ], [ -58.991357267412326, -27.471501883498984 ], [ -58.9899729782408, -27.470256617145232 ] ] ] ] } },
{ "type": "Feature", "properties": { "Barrio": "UOM", "Municipio": "Resistencia", "ID": 209, "Área": 17131.41, "Perímetro": 548.5 }, "geometry": { "type": "MultiPolygon", "coordinates": [ [ [ [ -58.987565652772382, -27.47017473714671 ], [ -58.987431445447982, -27.47106909079573 ], [ -58.9877786699914, -27.471110535014471 ], [ -58.987919895698113, -27.471238296657873 ], [ -58.988250174337345, -27.47153440584373 ], [ -58.989377887951235, -27.470532437535702 ], [ -58.989382568077339, -27.470501590157365 ], [ -58.989241723533247, -27.470375317113685 ], [ -58.987565652772382, -27.47017473714671 ] ] ] ] } },
{ "type": "Feature", "properties": { "Barrio": "26 VIVS. UOM", "Municipio": "Resistencia", "ID": 210, "Área": 3099.57, "Perímetro": 261.97 }, "geometry": { "type": "MultiPolygon", "coordinates": [ [ [ [ -58.987104423743119, -27.470119665053762 ], [ -58.986970228194785, -27.471013771935066 ], [ -58.98728102322864, -27.471051129955956 ], [ -58.987415251943112, -27.470156779335948 ], [ -58.987104423743119, -27.470119665053762 ] ] ] ] } },
{ "type": "Feature", "properties": { "Barrio": "42 VIVS. COOP. EMPRESARIOS", "Municipio": "Resistencia", "ID": 211, "Área": 6411.99, "Perímetro": 328.26 }, "geometry": { "type": "MultiPolygon", "coordinates": [ [ [ [ -58.988140430400733, -27.470052755027787 ], [ -58.98826752766972, -27.469157299329289 ], [ -58.987624216825488, -27.469084644544438 ], [ -58.987497113500403, -27.469980095909989 ], [ -58.988140430400733, -27.470052755027787 ] ] ] ] } },
{ "type": "Feature", "properties": { "Barrio": "MUPUNE", "Municipio": "Resistencia", "ID": 212, "Área": 10234.81, "Perímetro": 404.7 }, "geometry": { "type": "MultiPolygon", "coordinates": [ [ [ [ -58.983825954101924, -27.472808096423151 ], [ -58.983108738258721, -27.473444470597443 ], [ -58.983839619055651, -27.474098612925101 ], [ -58.984556834122444, -27.47346224135374 ], [ -58.983825954101924, -27.472808096423151 ] ] ] ] } },
{ "type": "Feature", "properties": { "Barrio": "UDOCHA", "Municipio": "Resistencia", "ID": 213, "Área": 29688.86, "Perímetro": 717.41 }, "geometry": { "type": "MultiPolygon", "coordinates": [ [ [ [ -58.988286859917011, -27.465673704777963 ], [ -58.987701670073015, -27.466193005775114 ], [ -58.987540309458261, -27.4672570728933 ], [ -58.988472454725098, -27.467369620628396 ], [ -58.988606642184756, -27.467495670099179 ], [ -58.98903158210512, -27.467876663835835 ], [ -58.989892152876706, -27.46711298115309 ], [ -58.988286859917011, -27.465673704777963 ] ] ] ] } },
{ "type": "Feature", "properties": { "Barrio": "COSECHA", "Municipio": "Resistencia", "ID": 214, "Área": 16000.06, "Perímetro": 520.0 }, "geometry": { "type": "MultiPolygon", "coordinates": [ [ [ [ -58.986824043034105, -27.468987648632943 ], [ -58.985220093532071, -27.468793982293207 ], [ -58.985084383921823, -27.469688152917783 ], [ -58.98668834597887, -27.469881826554417 ], [ -58.986824043034105, -27.468987648632943 ] ] ] ] } },
{ "type": "Feature", "properties": { "Barrio": "LLAPONAGAT- 185 VIVIENDAS", "Municipio": "Resistencia", "ID": 215, "Área": 22803.15, "Perímetro": 628.98 }, "geometry": { "type": "MultiPolygon", "coordinates": [ [ [ [ -58.98353546311268, -27.469993229252346 ], [ -58.984803341507956, -27.47014807605348 ], [ -58.985013112347673, -27.468772644428608 ], [ -58.983411892451514, -27.468574625205264 ], [ -58.983272657654389, -27.469467310765026 ], [ -58.983620355808931, -27.469509538404274 ], [ -58.983581862207316, -27.469687420335489 ], [ -58.98353546311268, -27.469993229252346 ] ] ] ] } },
{ "type": "Feature", "properties": { "Barrio": "BANCARIOS", "Municipio": "Resistencia", "ID": 216, "Área": 8263.66, "Perímetro": 430.67 }, "geometry": { "type": "MultiPolygon", "coordinates": [ [ [ [ -58.983102033086006, -27.4700759488905 ], [ -58.982954825886971, -27.470206321660591 ], [ -58.983361982589209, -27.470570512518723 ], [ -58.984712110261789, -27.470736516540203 ], [ -58.984782075627749, -27.470282401798475 ], [ -58.983102033086006, -27.4700759488905 ] ] ] ] } },
{ "type": "Feature", "properties": { "Barrio": "LLAPONAGAT- 229 VIVIENDAS", "Municipio": "Resistencia", "ID": 217, "Área": 95268.77, "Perímetro": 1782.89 }, "geometry": { "type": "MultiPolygon", "coordinates": [ [ [ [ -58.981188682217045, -27.468881838305201 ], [ -58.979598635957416, -27.470292637983636 ], [ -58.982966859171434, -27.473313926455326 ], [ -58.984530269793815, -27.471926415440837 ], [ -58.984682272932389, -27.470912275483506 ], [ -58.983428835517174, -27.470763168973136 ], [ -58.983321841707266, -27.471478695598275 ], [ -58.983228809330164, -27.471649345572985 ], [ -58.982881426694973, -27.471957883608411 ], [ -58.981936289247713, -27.471108912579581 ], [ -58.981784407878038, -27.470991930534264 ], [ -58.982669075356071, -27.470206977314984 ], [ -58.981188682217045, -27.468881838305201 ] ] ] ] } },
{ "type": "Feature", "properties": { "Barrio": "41 VIUTA", "Municipio": "Resistencia", "ID": 218, "Área": 5725.08, "Perímetro": 379.33 }, "geometry": { "type": "MultiPolygon", "coordinates": [ [ [ [ -58.985751387894979, -27.469950341545992 ], [ -58.985696534865333, -27.47030612263946 ], [ -58.98623785813907, -27.470373439203673 ], [ -58.986156763447383, -27.470910879416451 ], [ -58.986513547240833, -27.470954637830268 ], [ -58.986651351135563, -27.470060727357044 ], [ -58.985751387894979, -27.469950341545992 ] ] ] ] } },
{ "type": "Feature", "properties": { "Barrio": "LLAPONAGAT - 102 VIVIENDAS", "Municipio": "Resistencia", "ID": 219, "Área": 1224.93, "Perímetro": 153.6 }, "geometry": { "type": "MultiPolygon", "coordinates": [ [ [ [ -58.985016294588668, -27.470068760306024 ], [ -58.984941598535421, -27.470553266347046 ], [ -58.985168095634535, -27.470581041455585 ], [ -58.985242790657878, -27.470096542486974 ], [ -58.985016294588668, -27.470068760306024 ] ] ] ] } },
{ "type": "Feature", "properties": { "Barrio": "AMTTER", "Municipio": "Resistencia", "ID": 220, "Área": 12273.56, "Perímetro": 444.56 }, "geometry": { "type": "MultiPolygon", "coordinates": [ [ [ [ -58.984831602600082, -27.471918583144994 ], [ -58.98397096257095, -27.472682232094332 ], [ -58.984700700173804, -27.473336519540194 ], [ -58.985561343597901, -27.472572866173604 ], [ -58.984831602600082, -27.471918583144994 ] ] ] ] } },
{ "type": "Feature", "properties": { "Barrio": "54 VIVIENDAS", "Municipio": "Resistencia", "ID": 221, "Área": 3179.51, "Perímetro": 392.67 }, "geometry": { "type": "MultiPolygon", "coordinates": [ [ [ [ -58.98288051409871, -27.467218423774639 ], [ -58.982747843388083, -27.467336154142981 ], [ -58.983887843695534, -27.468358339432854 ], [ -58.984192881794897, -27.46839516318208 ], [ -58.98288051409871, -27.467218423774639 ] ] ] ] } },
{ "type": "Feature", "properties": { "Barrio": "NAZARENO", "Municipio": "Resistencia", "ID": 222, "Área": 66091.15, "Perímetro": 1136.59 }, "geometry": { "type": "MultiPolygon", "coordinates": [ [ [ [ -58.986743038661501, -27.472097062909313 ], [ -58.98602585095135, -27.472733446490921 ], [ -58.986673162320379, -27.473313274722642 ], [ -58.985668902981487, -27.474204588035715 ], [ -58.987357981164635, -27.475725353370887 ], [ -58.989084225437814, -27.474195219370749 ], [ -58.986743038661501, -27.472097062909313 ] ] ] ] } },
{ "type": "Feature", "properties": { "Barrio": "LLAPONAGAT", "Municipio": "Resistencia", "ID": 223, "Área": 365123.9, "Perímetro": 7112.05 }, "geometry": { "type": "MultiPolygon", "coordinates": [ [ [ [ -58.986850153311025, -27.468715892780491 ], [ -58.987264620232629, -27.46603166466554 ], [ -58.987270011574495, -27.465996202452576 ], [ -58.987964521486958, -27.465379876893959 ], [ -58.986466298256339, -27.464036536122929 ], [ -58.98288051409871, -27.467218423774639 ], [ -58.984192881794897, -27.46839516318208 ], [ -58.986850153311025, -27.468715892780491 ] ] ], [ [ [ -58.991871075861219, -27.471710272734132 ], [ -58.993448802887855, -27.470310147277651 ], [ -58.990024029531845, -27.467239759676854 ], [ -58.989009342447261, -27.468140710632113 ], [ -58.988369571663362, -27.467539028838289 ], [ -58.987512831379377, -27.467435866367882 ], [ -58.987309823222233, -27.468777192259555 ], [ -58.98881465469632, -27.468960760094312 ], [ -58.991871075861219, -27.471710272734132 ] ] ], [ [ [ -58.982532996234816, -27.467493353059837 ], [ -58.981243488773956, -27.46863753764999 ], [ -58.982813057467432, -27.470044902297854 ], [ -58.983001394835604, -27.469877789297492 ], [ -58.98326376353365, -27.468148610783985 ], [ -58.982532996234816, -27.467493353059837 ] ] ], [ [ [ -58.984885502615647, -27.470917066231888 ], [ -58.9847830495426, -27.47159216382137 ], [ -58.985703254429112, -27.472421664539024 ], [ -58.986381497663551, -27.471822306081116 ], [ -58.986489485161954, -27.471110725477164 ], [ -58.984885502615647, -27.470917066231888 ] ] ], [ [ [ -58.98833544524782, -27.470084342359264 ], [ -58.989049673593492, -27.470171514362914 ], [ -58.989220290086585, -27.470101063503328 ], [ -58.989541341932451, -27.47038893365891 ], [ -58.989831811838158, -27.47013120590783 ], [ -58.988831552122555, -27.469234312200051 ], [ -58.988470470022079, -27.469192018374699 ], [ -58.98833544524782, -27.470084342359264 ] ] ], [ [ [ -58.987317331321123, -27.472333624844808 ], [ -58.988104298765435, -27.471638268129169 ], [ -58.987680610059989, -27.471256787949521 ], [ -58.98694048077293, -27.471166032020417 ], [ -58.986828354928207, -27.471893361507419 ], [ -58.987317331321123, -27.472333624844808 ] ] ], [ [ [ -58.98538509269067, -27.47420810020304 ], [ -58.984668602412924, -27.474843839686553 ], [ -58.985379046715444, -27.475480003607458 ], [ -58.986096256353193, -27.474843624187411 ], [ -58.98538509269067, -27.47420810020304 ] ] ], [ [ [ -58.982807554477979, -27.470338911786492 ], [ -58.982078160656577, -27.47098609796911 ], [ -58.982880795679144, -27.471705771749932 ], [ -58.983113454907269, -27.471499332962434 ], [ -58.983231842245885, -27.47071934694468 ], [ -58.982807554477979, -27.470338911786492 ] ] ], [ [ [ -58.984910037555565, -27.470757972090453 ], [ -58.986156763447383, -27.470910879416451 ], [ -58.986219053764486, -27.470506828426625 ], [ -58.985436611928954, -27.470412119136892 ], [ -58.985500839568168, -27.469919611111028 ], [ -58.985047848027264, -27.469864057163175 ], [ -58.985016294588668, -27.470068760306024 ], [ -58.985242790657878, -27.470096542486974 ], [ -58.985168095634535, -27.470581041455585 ], [ -58.984941598535421, -27.470553266347046 ], [ -58.984910037555565, -27.470757972090453 ] ] ], [ [ [ -58.98726388939582, -27.46904423540915 ], [ -58.987136820144819, -27.469939410520862 ], [ -58.987497113500403, -27.469980095909989 ], [ -58.987624216825488, -27.469084644544438 ], [ -58.98726388939582, -27.46904423540915 ] ] ], [ [ [ -58.983173571740373, -27.469636474615594 ], [ -58.9831268931324, -27.469944069804054 ], [ -58.98349279984452, -27.469988240889901 ], [ -58.983539477438491, -27.469680648260471 ], [ -58.983173571740373, -27.469636474615594 ] ] ] ] } },
{ "type": "Feature", "properties": { "Barrio": "CENTENARIO", "Municipio": "Resistencia", "ID": 224, "Área": 931121.04, "Perímetro": 3858.59 }, "geometry": { "type": "MultiPolygon", "coordinates": [ [ [ [ -58.993605096298431, -27.457709623349789 ], [ -58.986789238281837, -27.463752160380064 ], [ -58.993779976081036, -27.470026328529315 ], [ -59.000572875411088, -27.463992633751833 ], [ -59.000572975534531, -27.46395652205732 ], [ -58.993605096298431, -27.457709623349789 ] ] ] ] } },
{ "type": "Feature", "properties": { "Barrio": "MONSEÑOR DE CARLO", "Municipio": "Resistencia", "ID": 225, "Área": 154819.01, "Perímetro": 1581.92 }, "geometry": { "type": "MultiPolygon", "coordinates": [ [ [ [ -59.000740665338292, -27.451367686943218 ], [ -58.998195330937705, -27.45362674325224 ], [ -59.001299153895339, -27.456416154459308 ], [ -59.003850448830832, -27.454144870574684 ], [ -59.000740665338292, -27.451367686943218 ] ] ] ] } },
{ "type": "Feature", "properties": { "Barrio": "RIO ARAZA", "Municipio": "Resistencia", "ID": 226, "Área": 187208.69, "Perímetro": 1777.74 }, "geometry": { "type": "MultiPolygon", "coordinates": [ [ [ [ -58.997976406322216, -27.453819090270329 ], [ -58.995562115413605, -27.455971031123543 ], [ -58.995562012732499, -27.456007143706664 ], [ -58.99944790173155, -27.459489231963502 ], [ -58.999488390706162, -27.459489322505107 ], [ -59.001904196783023, -27.457340353810583 ], [ -58.997976406322216, -27.453819090270329 ] ] ] ] } },
{ "type": "Feature", "properties": { "Barrio": "PROGRESO", "Municipio": "Resistencia", "ID": 227, "Área": 213293.59, "Perímetro": 2380.84 }, "geometry": { "type": "MultiPolygon", "coordinates": [ [ [ [ -58.995393654934382, -27.456112707516144 ], [ -58.993820942534057, -27.45751631930785 ], [ -59.000740636525038, -27.463724549272204 ], [ -59.002317032994384, -27.462329265335665 ], [ -58.995393654934382, -27.456112707516144 ] ] ] ] } },
{ "type": "Feature", "properties": { "Barrio": "DEL PARQUE", "Municipio": "Resistencia", "ID": 228, "Área": 138201.11, "Perímetro": 1491.12 }, "geometry": { "type": "MultiPolygon", "coordinates": [ [ [ [ -59.00203432125106, -27.457456002365401 ], [ -59.001993840072721, -27.457455912634504 ], [ -58.999565808610789, -27.459603621048821 ], [ -59.002464220685745, -27.462196936493442 ], [ -59.00490805268501, -27.460036575150625 ], [ -59.00203432125106, -27.457456002365401 ] ] ] ] } },
{ "type": "Feature", "properties": { "Barrio": "BELGRANO", "Municipio": "Resistencia", "ID": 229, "Área": 188118.62, "Perímetro": 1768.32 }, "geometry": { "type": "MultiPolygon", "coordinates": [ [ [ [ -59.003953718568773, -27.454252466640128 ], [ -59.001429458405489, -27.456494226060379 ], [ -59.001429357581095, -27.456530344110096 ], [ -59.005189562604876, -27.459905552122663 ], [ -59.007731741180244, -27.457646243707227 ], [ -59.003953718568773, -27.454252466640128 ] ] ] ] } },
{ "type": "Feature", "properties": { "Barrio": "DON ENRIQUE", "Municipio": "Resistencia", "ID": 230, "Área": 343236.9, "Perímetro": 2656.45 }, "geometry": { "type": "MultiPolygon", "coordinates": [ [ [ [ -59.008007808867653, -27.444951123465241 ], [ -59.007967229552115, -27.444951089904837 ], [ -59.005492406892451, -27.447142368722965 ], [ -59.005492309654677, -27.447178359641153 ], [ -59.012453425711072, -27.453419602289241 ], [ -59.012493928948949, -27.453419671059923 ], [ -59.014973399287513, -27.451206638697535 ], [ -59.008007808867653, -27.444951123465241 ] ] ] ] } },
{ "type": "Feature", "properties": { "Barrio": "DEL OESTE", "Municipio": "Resistencia", "ID": 231, "Área": 230362.6, "Perímetro": 2423.09 }, "geometry": { "type": "MultiPolygon", "coordinates": [ [ [ [ -59.005352084475049, -27.447311718484151 ], [ -59.005311752597699, -27.44731163175808 ], [ -59.00366744241326, -27.448776357825846 ], [ -59.003667344620659, -27.448812342402515 ], [ -59.010619175706459, -27.455039397608576 ], [ -59.010659587954528, -27.455039525833826 ], [ -59.012301653237301, -27.453578613409924 ], [ -59.012301721946663, -27.453542519404721 ], [ -59.005352084475049, -27.447311718484151 ] ] ] ] } },
{ "type": "Feature", "properties": { "Barrio": "ERCILIA", "Municipio": "Resistencia", "ID": 232, "Área": 349722.0, "Perímetro": 2676.73 }, "geometry": { "type": "MultiPolygon", "coordinates": [ [ [ [ -59.003527777846209, -27.44893870348351 ], [ -59.003487299705654, -27.448938620585547 ], [ -59.000981462855222, -27.451162870867226 ], [ -59.000981348905199, -27.451198977115855 ], [ -59.007988648435578, -27.457480703774944 ], [ -59.01053384623048, -27.455221094749163 ], [ -59.003527777846209, -27.44893870348351 ] ] ] ] } },
{ "type": "Feature", "properties": { "Barrio": "PROVINCIAL", "Municipio": "Resistencia", "ID": 233, "Área": 27568.07, "Perímetro": 673.82 }, "geometry": { "type": "MultiPolygon", "coordinates": [ [ [ [ -59.013094797630359, -27.440405068036558 ], [ -59.012091225695983, -27.441296216392743 ], [ -59.013495411483206, -27.442556043771177 ], [ -59.014499124876757, -27.441664761930564 ], [ -59.013094797630359, -27.440405068036558 ] ] ] ] } },
{ "type": "Feature", "properties": { "Barrio": "FOECYT", "Municipio": "Resistencia", "ID": 234, "Área": 42245.11, "Perímetro": 815.14 }, "geometry": { "type": "MultiPolygon", "coordinates": [ [ [ [ -59.014695572389599, -27.438983586242649 ], [ -59.013200709911253, -27.440306447995795 ], [ -59.014199637025712, -27.441202028914539 ], [ -59.014274908573533, -27.441135192725259 ], [ -59.014770149561357, -27.441586165122757 ], [ -59.015776280416375, -27.440692708767191 ], [ -59.015857893330839, -27.440571020237929 ], [ -59.015928800773018, -27.440336897227823 ], [ -59.015987902538839, -27.440142042015875 ], [ -59.014695572389599, -27.438983586242649 ] ] ] ] } },
{ "type": "Feature", "properties": { "Barrio": "ESPAÑA", "Municipio": "Resistencia", "ID": 235, "Área": 342011.86, "Perímetro": 2909.99 }, "geometry": { "type": "MultiPolygon", "coordinates": [ [ [ [ -59.016094585672228, -27.440239086679536 ], [ -59.015976445837239, -27.440620367720108 ], [ -59.01558915168529, -27.440995348322346 ], [ -59.014846555389802, -27.441644861825747 ], [ -59.014667956338357, -27.441798743337401 ], [ -59.014591092499622, -27.441798199765586 ], [ -59.013823910635686, -27.442470702746494 ], [ -59.013820678097119, -27.442837313937332 ], [ -59.014061192074124, -27.443055294639823 ], [ -59.01442692572207, -27.443399461197867 ], [ -59.014425543604347, -27.443556467253657 ], [ -59.014022135036548, -27.443960784917959 ], [ -59.013141170175359, -27.444743051245567 ], [ -59.012089122696366, -27.44567720084703 ], [ -59.013170456536876, -27.446615882086547 ], [ -59.013304151057739, -27.446616172085228 ], [ -59.013829254505765, -27.446149912041083 ], [ -59.015284562319302, -27.444857641721295 ], [ -59.015504562166754, -27.444805188157119 ], [ -59.018796079730592, -27.447758340002679 ], [ -59.021577911770571, -27.445287274469727 ], [ -59.019157336150819, -27.443111682267048 ], [ -59.018770600315882, -27.442769149486981 ], [ -59.018500740386393, -27.442525352794988 ], [ -59.018501907083554, -27.442392716112934 ], [ -59.016094585672228, -27.440239086679536 ] ] ] ] } },
{ "type": "Feature", "properties": { "Barrio": "PROVINCIAS UNIDAS", "Municipio": "Resistencia", "ID": 236, "Área": 218399.92, "Perímetro": 1870.26 }, "geometry": { "type": "MultiPolygon", "coordinates": [ [ [ [ -59.015427265422865, -27.444985546958094 ], [ -59.011963175987987, -27.448058807090643 ], [ -59.015205006157046, -27.450949725722577 ], [ -59.018653739811981, -27.44788193134341 ], [ -59.015427265422865, -27.444985546958094 ] ] ] ] } },
{ "type": "Feature", "properties": { "Barrio": "NUEVA RESISTENCIA", "Municipio": "Resistencia", "ID": 237, "Área": 17136.86, "Perímetro": 527.8 }, "geometry": { "type": "MultiPolygon", "coordinates": [ [ [ [ -59.018442608531558, -27.439621875872071 ], [ -59.017615425137663, -27.440356468568986 ], [ -59.018674934021689, -27.441306172897029 ], [ -59.019502117888081, -27.440571574912315 ], [ -59.018442608531558, -27.439621875872071 ] ] ] ] } },
{ "type": "Feature", "properties": { "Barrio": "107 VIVIENDAS", "Municipio": "Resistencia", "ID": 238, "Área": 33356.22, "Perímetro": 826.71 }, "geometry": { "type": "MultiPolygon", "coordinates": [ [ [ [ -59.020984209844514, -27.437829202940922 ], [ -59.018812990718324, -27.439759057714273 ], [ -59.019594687167888, -27.440464413486538 ], [ -59.02177146890083, -27.438529724728284 ], [ -59.020984209844514, -27.437829202940922 ] ] ] ] } },
{ "type": "Feature", "properties": { "Barrio": "VELEZ SARFIELD", "Municipio": "Resistencia", "ID": 239, "Área": 243586.77, "Perímetro": 1990.29 }, "geometry": { "type": "MultiPolygon", "coordinates": [ [ [ [ -59.023450201345405, -27.431335519908536 ], [ -59.019753677774752, -27.434618570030313 ], [ -59.023110423122475, -27.43762161649175 ], [ -59.025749763433431, -27.435277408707499 ], [ -59.025821107616316, -27.435341352856003 ], [ -59.026869369406505, -27.434410261133561 ], [ -59.023450201345405, -27.431335519908536 ] ] ] ] } },
{ "type": "Feature", "properties": { "Barrio": "EL TALA", "Municipio": "Resistencia", "ID": 240, "Área": 201749.07, "Perímetro": 2117.59 }, "geometry": { "type": "MultiPolygon", "coordinates": [ [ [ [ -59.019612853481405, -27.434742454218238 ], [ -59.018675337922325, -27.43557056199144 ], [ -59.018603987778945, -27.435506607902877 ], [ -59.017754618866064, -27.436260933446999 ], [ -59.017840229116665, -27.436337676627275 ], [ -59.015478411363922, -27.43844580746844 ], [ -59.017562755576535, -27.440309923221498 ], [ -59.018389945011585, -27.439575331777576 ], [ -59.018499663473946, -27.439480973713849 ], [ -59.018682120760026, -27.439644706138022 ], [ -59.020965062429688, -27.437617223641855 ], [ -59.022003124541847, -27.438541509603493 ], [ -59.022289834198652, -27.43828687699116 ], [ -59.022429463098241, -27.43816077100487 ], [ -59.022465338164096, -27.438194547368848 ], [ -59.022967073279695, -27.437748935155238 ], [ -59.019612853481405, -27.434742454218238 ] ] ] ] } },
{ "type": "Feature", "properties": { "Barrio": "PLAN 40 VIVIENDAS", "Municipio": "Resistencia", "ID": 241, "Área": 15280.31, "Perímetro": 479.71 }, "geometry": { "type": "MultiPolygon", "coordinates": [ [ [ [ -59.026402724892776, -27.437642461212871 ], [ -59.025981802611412, -27.438636879134819 ], [ -59.027097309103226, -27.43893845715062 ], [ -59.027453563199259, -27.438735227014771 ], [ -59.027610786913826, -27.43855731636631 ], [ -59.027650620650753, -27.438512238673997 ], [ -59.027662885338763, -27.438342772275668 ], [ -59.027484378004488, -27.438022969513518 ], [ -59.026402724892776, -27.437642461212871 ] ] ] ] } },
{ "type": "Feature", "properties": { "Barrio": "PLAN 100 VIVIENDAS", "Municipio": "Resistencia", "ID": 242, "Área": 25406.6, "Perímetro": 699.66 }, "geometry": { "type": "MultiPolygon", "coordinates": [ [ [ [ -59.024803031657044, -27.436372953624993 ], [ -59.023894195670593, -27.437180155069715 ], [ -59.024964435439372, -27.438139404850649 ], [ -59.025084158112669, -27.438246710894603 ], [ -59.025352021228521, -27.438336950689564 ], [ -59.025872395040622, -27.438512255549156 ], [ -59.026228206675867, -27.437671461155666 ], [ -59.025849752944836, -27.437543965521762 ], [ -59.025457422709017, -27.437192257402138 ], [ -59.025350358729284, -27.437095685431625 ], [ -59.025418485798916, -27.437035857657349 ], [ -59.025133091305555, -27.436780058239126 ], [ -59.025026257778833, -27.436684499191895 ], [ -59.02508842338667, -27.436628748265878 ], [ -59.024803031657044, -27.436372953624993 ] ] ] ] } },
{ "type": "Feature", "properties": { "Barrio": "JORGE NEWBERY", "Municipio": "Resistencia", "ID": 243, "Área": 210735.52, "Perímetro": 1856.96 }, "geometry": { "type": "MultiPolygon", "coordinates": [ [ [ [ -59.022209294509594, -27.438685023992065 ], [ -59.019054848846245, -27.441479790227937 ], [ -59.021378729294312, -27.443564836522583 ], [ -59.021275363121262, -27.443655034566302 ], [ -59.022339157415999, -27.444608860287499 ], [ -59.025591792000114, -27.44172013343838 ], [ -59.022209294509594, -27.438685023992065 ] ] ] ] } },
{ "type": "Feature", "properties": { "Barrio": "ZONA TERMINAL", "Municipio": "Resistencia", "ID": 244, "Área": 171661.85, "Perímetro": 3997.6 }, "geometry": { "type": "MultiPolygon", "coordinates": [ [ [ [ -59.023341022932328, -27.450193788996298 ], [ -59.024197312307237, -27.450961195803124 ], [ -59.024505906198407, -27.450687145102602 ], [ -59.024649447850422, -27.450598652755858 ], [ -59.025118612116756, -27.450182003335229 ], [ -59.025431305133793, -27.449903462819016 ], [ -59.025543665037702, -27.450006608567598 ], [ -59.025697383500216, -27.450143260441685 ], [ -59.025889484952835, -27.449972652798941 ], [ -59.025953703958386, -27.450030202580098 ], [ -59.026018226839476, -27.449972914086235 ], [ -59.026082452938411, -27.450030470175445 ], [ -59.026146968730615, -27.449973175254552 ], [ -59.026211181797599, -27.450030725780394 ], [ -59.026146661933673, -27.450088023409194 ], [ -59.026210889224927, -27.450145574034945 ], [ -59.026146376340307, -27.450202875319661 ], [ -59.026210602660804, -27.450260428646182 ], [ -59.026146083694229, -27.450317723569523 ], [ -59.02629415154793, -27.450450415426463 ], [ -59.026405539526451, -27.450550247439242 ], [ -59.026207412005611, -27.45072700297273 ], [ -59.026150568068893, -27.450677302195551 ], [ -59.025792149837976, -27.450995600349128 ], [ -59.026607810683608, -27.45172658418084 ], [ -59.026213553418735, -27.452076715571266 ], [ -59.027276031900669, -27.453028846995583 ], [ -59.028130120490395, -27.452268988551975 ], [ -59.02861561151277, -27.451789348774277 ], [ -59.028507143167317, -27.451382278118615 ], [ -59.026194759419404, -27.449310024732156 ], [ -59.025270304550993, -27.448473582382675 ], [ -59.023341022932328, -27.450193788996298 ] ] ], [ [ [ -59.021270891220404, -27.456399742760425 ], [ -59.022369051761373, -27.457383886152854 ], [ -59.024649646981175, -27.455358848780484 ], [ -59.023587106934968, -27.454406626813981 ], [ -59.022517319115643, -27.455356602086564 ], [ -59.022481633162315, -27.45532462725302 ], [ -59.021270891220404, -27.456399742760425 ] ] ], [ [ [ -59.022277842931253, -27.45113591707101 ], [ -59.021246444002188, -27.452051837744097 ], [ -59.022102721258527, -27.452819257144181 ], [ -59.023134137800106, -27.451903337570528 ], [ -59.022277842931253, -27.45113591707101 ] ] ], [ [ [ -59.019480399874901, -27.453601271276291 ], [ -59.018812831538291, -27.45419404157926 ], [ -59.019675078462534, -27.454966746016751 ], [ -59.020342644055567, -27.454373974332405 ], [ -59.019480399874901, -27.453601271276291 ] ] ], [ [ [ -59.025740307714436, -27.451141009397386 ], [ -59.025453581608652, -27.451395653472147 ], [ -59.026070837831163, -27.451948811989514 ], [ -59.0263575639854, -27.451694172078206 ], [ -59.025740307714436, -27.451141009397386 ] ] ] ] } },
{ "type": "Feature", "properties": { "Barrio": "MARIANO MORENO", "Municipio": "Resistencia", "ID": 245, "Área": 333196.75, "Perímetro": 2633.7 }, "geometry": { "type": "MultiPolygon", "coordinates": [ [ [ [ -58.969446624946038, -27.474428781264368 ], [ -58.962444975829726, -27.480620316274166 ], [ -58.96244484896922, -27.480656421094359 ], [ -58.964835846429587, -27.482798374602837 ], [ -58.964876193820281, -27.482798474328881 ], [ -58.971868041214343, -27.476598249056295 ], [ -58.971868150644546, -27.476562268541137 ], [ -58.969487119057845, -27.474428880678321 ], [ -58.969446624946038, -27.474428781264368 ] ] ] ] } },
{ "type": "Feature", "properties": { "Barrio": "LA FABRIL", "Municipio": "Resistencia", "ID": 246, "Área": 35790.52, "Perímetro": 757.06 }, "geometry": { "type": "MultiPolygon", "coordinates": [ [ [ [ -58.961728193481015, -27.473309634720781 ], [ -58.960330802060213, -27.474549038396177 ], [ -58.961641431762089, -27.475724582684478 ], [ -58.963038824230985, -27.474485169671865 ], [ -58.961728193481015, -27.473309634720781 ] ] ] ] } },
{ "type": "Feature", "properties": { "Barrio": "ROGER BALET", "Municipio": "Resistencia", "ID": 247, "Área": 266309.94, "Perímetro": 2220.09 }, "geometry": { "type": "MultiPolygon", "coordinates": [ [ [ [ -58.963068749558985, -27.47451202546933 ], [ -58.961671524573298, -27.475751485144425 ], [ -58.961487453510841, -27.475914473669967 ], [ -58.960143929891494, -27.474709317954982 ], [ -58.957991874937456, -27.476624138250866 ], [ -58.957991760778569, -27.476660249469202 ], [ -58.962170252422027, -27.480404248765371 ], [ -58.965009612953857, -27.477887195681767 ], [ -58.965907537032862, -27.47707926857829 ], [ -58.963068749558985, -27.47451202546933 ] ] ] ] } },
{ "type": "Feature", "properties": { "Barrio": "TENIENTE SAAVEDRA", "Municipio": "Resistencia", "ID": 248, "Área": 248971.35, "Perímetro": 2009.82 }, "geometry": { "type": "MultiPolygon", "coordinates": [ [ [ [ -58.965006610992589, -27.47040270307097 ], [ -58.961848620374454, -27.473206620620498 ], [ -58.965875995374809, -27.476820365182505 ], [ -58.9690219589964, -27.474043570200951 ], [ -58.969022070537896, -27.474007458868236 ], [ -58.965006610992589, -27.47040270307097 ] ] ] ] } },
{ "type": "Feature", "properties": { "Barrio": "SAN JUAN", "Municipio": "Resistencia", "ID": 249, "Área": 556087.59, "Perímetro": 3095.52 }, "geometry": { "type": "MultiPolygon", "coordinates": [ [ [ [ -58.972183436472989, -27.464036100223353 ], [ -58.965149630267035, -27.470277892422363 ], [ -58.969189502689829, -27.473899990368196 ], [ -58.976233712131382, -27.467668249545039 ], [ -58.972183436472989, -27.464036100223353 ] ] ] ] } },
{ "type": "Feature", "properties": { "Barrio": "GENERAL OBLIGADO", "Municipio": "Resistencia", "ID": 250, "Área": 70240.35, "Perímetro": 1174.47 }, "geometry": { "type": "MultiPolygon", "coordinates": [ [ [ [ -58.972034940423505, -27.47644730059956 ], [ -58.973321651651901, -27.475302732683421 ], [ -58.97287719947137, -27.474904170411907 ], [ -58.972251747004378, -27.474343293624315 ], [ -58.972152120892432, -27.47425528164327 ], [ -58.972545308722673, -27.47390685798937 ], [ -58.972583143779346, -27.473694410090619 ], [ -58.972083578068037, -27.473623640823842 ], [ -58.972105844281245, -27.473340637705181 ], [ -58.971741813272537, -27.473284837138266 ], [ -58.971248138723261, -27.472842119601726 ], [ -58.969619128261265, -27.47429159110068 ], [ -58.972034940423505, -27.47644730059956 ] ] ] ] } },
{ "type": "Feature", "properties": { "Barrio": "TIRO FEDERAL", "Municipio": "Resistencia", "ID": 251, "Área": 256658.09, "Perímetro": 2340.46 }, "geometry": { "type": "MultiPolygon", "coordinates": [ [ [ [ -58.979059655355265, -27.470212076217969 ], [ -58.976658980316991, -27.468050462906223 ], [ -58.971306383886649, -27.472785607852906 ], [ -58.97180072892445, -27.473230641064387 ], [ -58.972281333166762, -27.473307466905979 ], [ -58.972233131847446, -27.473559940591255 ], [ -58.972735586771371, -27.473632017391612 ], [ -58.972866782340681, -27.473749285161869 ], [ -58.972965018725084, -27.473837167277452 ], [ -58.972322870114731, -27.474407068184611 ], [ -58.97332165167699, -27.475302729976558 ], [ -58.979059655355265, -27.470212076217969 ] ] ] ] } },
{ "type": "Feature", "properties": { "Barrio": "ITATI", "Municipio": "Resistencia", "ID": 252, "Área": 110702.36, "Perímetro": 1382.85 }, "geometry": { "type": "MultiPolygon", "coordinates": [ [ [ [ -58.980561926341153, -27.465677207838766 ], [ -58.977419988530386, -27.468475727122609 ], [ -58.979207285697385, -27.470087211516951 ], [ -58.982367560925823, -27.467287847186135 ], [ -58.980561926341153, -27.465677207838766 ] ] ] ] } },
{ "type": "Feature", "properties": { "Barrio": "DEL CARMEN", "Municipio": "Resistencia", "ID": 254, "Área": 236586.74, "Perímetro": 2126.97 }, "geometry": { "type": "MultiPolygon", "coordinates": [ [ [ [ -58.971486951246078, -27.456948446655336 ], [ -58.970122402443643, -27.458159446801506 ], [ -58.970949890371926, -27.458896263107107 ], [ -58.9708055331498, -27.459024336076144 ], [ -58.971055192319774, -27.459248251193372 ], [ -58.969047035645815, -27.461029902968711 ], [ -58.972111243610016, -27.463717905183696 ], [ -58.975594336109239, -27.460630337147872 ], [ -58.971486951246078, -27.456948446655336 ] ] ] ] } },
{ "type": "Feature", "properties": { "Barrio": "DON RAFAEL", "Municipio": "Resistencia", "ID": 255, "Área": 529823.56, "Perímetro": 3297.87 }, "geometry": { "type": "MultiPolygon", "coordinates": [ [ [ [ -58.979137169662458, -27.457476524338645 ], [ -58.972199301146482, -27.451245523106142 ], [ -58.967341356281729, -27.45553725105944 ], [ -58.969963043516259, -27.457870813262403 ], [ -58.971461059609112, -27.456541893261218 ], [ -58.971673621856617, -27.456732006300633 ], [ -58.975802411606303, -27.460435507690704 ], [ -58.979137169662458, -27.457476524338645 ] ] ] ] } },
{ "type": "Feature", "properties": { "Barrio": "NUEVO DON BOSCO", "Municipio": "Resistencia", "ID": 256, "Área": 52166.92, "Perímetro": 1242.38 }, "geometry": { "type": "MultiPolygon", "coordinates": [ [ [ [ -58.965016513916709, -27.457605309456298 ], [ -58.96143035640339, -27.460786642802589 ], [ -58.962447476458394, -27.461699015451476 ], [ -58.962768804849155, -27.461413972474329 ], [ -58.962889734825339, -27.46130669624614 ], [ -58.962942383175644, -27.461259990867205 ], [ -58.963092456763611, -27.460956211197541 ], [ -58.963501013458398, -27.460128790271373 ], [ -58.963553835162934, -27.460048208864333 ], [ -58.965658458186361, -27.458181126773116 ], [ -58.965016513916709, -27.457605309456298 ] ] ] ] } },
{ "type": "Feature", "properties": { "Barrio": "ASENTAMIENTO MOLINA PUNTA", "Municipio": "Resistencia", "ID": 257, "Área": 27970.36, "Perímetro": 728.51 }, "geometry": { "type": "MultiPolygon", "coordinates": [ [ [ [ -58.961387736192663, -27.461018364185332 ], [ -58.959594564401002, -27.462609018456376 ], [ -58.959879877691435, -27.462864946288821 ], [ -58.960361824172544, -27.463137326995433 ], [ -58.960669877758193, -27.462864062268842 ], [ -58.960722659279334, -27.462911411002146 ], [ -58.960830249327046, -27.462815971625236 ], [ -58.960954362872883, -27.462927294249447 ], [ -58.962242216865633, -27.461784871788659 ], [ -58.961387736192663, -27.461018364185332 ] ] ] ] } },
{ "type": "Feature", "properties": { "Barrio": "ASENTAMIENTO HNOS. CHE", "Municipio": "Resistencia", "ID": 258, "Área": 27313.83, "Perímetro": 783.51 }, "geometry": { "type": "MultiPolygon", "coordinates": [ [ [ [ -58.962295748253581, -27.461832858073123 ], [ -58.960785120344653, -27.463170968776474 ], [ -58.961203170718669, -27.463540091099496 ], [ -58.961030793347739, -27.463769359911847 ], [ -58.961437364152928, -27.464134051990843 ], [ -58.961966389849977, -27.464224688994463 ], [ -58.96225329859994, -27.463970187317798 ], [ -58.962317896362073, -27.463900161525803 ], [ -58.962461347565579, -27.463772908552841 ], [ -58.961969172715257, -27.46333144261434 ], [ -58.962973348066107, -27.462440655695239 ], [ -58.962295748253581, -27.461832858073123 ] ] ] ] } },
{ "type": "Feature", "properties": { "Barrio": "ASENTAMIENTO GOLF CLUB", "Municipio": "Resistencia", "ID": 259, "Área": 6550.17, "Perímetro": 669.95 }, "geometry": { "type": "MultiPolygon", "coordinates": [ [ [ [ -58.96071765968955, -27.466303707849903 ], [ -58.960861116868429, -27.466176459420588 ], [ -58.958945010992757, -27.464457710818426 ], [ -58.958416055014467, -27.464366290470657 ], [ -58.958386235264562, -27.464544799044578 ], [ -58.958818833098618, -27.464623394058286 ], [ -58.96071765968955, -27.466303707849903 ] ] ] ] } },
{ "type": "Feature", "properties": { "Barrio": "DONOVAN", "Municipio": "Resistencia", "ID": 260, "Área": 223497.2, "Perímetro": 2044.76 }, "geometry": { "type": "MultiPolygon", "coordinates": [ [ [ [ -58.964934580720957, -27.470086054567979 ], [ -58.968234054418552, -27.467159161719149 ], [ -58.964218055146489, -27.463557139762553 ], [ -58.964004601581287, -27.463747504190156 ], [ -58.964587787899198, -27.464272652716616 ], [ -58.96151063169409, -27.467014983726909 ], [ -58.964934580720957, -27.470086054567979 ] ] ] ] } },
{ "type": "Feature", "properties": { "Barrio": "LOS LIRIOS", "Municipio": "Resistencia", "ID": 261, "Área": 314846.0, "Perímetro": 2260.04 }, "geometry": { "type": "MultiPolygon", "coordinates": [ [ [ [ -58.971971239955884, -27.463843168893536 ], [ -58.967449108899366, -27.459829826031253 ], [ -58.963877007922392, -27.46298514832613 ], [ -58.968382572403002, -27.467029538126589 ], [ -58.971971239955884, -27.463843168893536 ] ] ] ] } },
{ "type": "Feature", "properties": { "Barrio": "ASENTAMIENTO GOLF CLUB", "Municipio": "Resistencia", "ID": 262, "Área": 2158.13, "Perímetro": 255.98 }, "geometry": { "type": "MultiPolygon", "coordinates": [ [ [ [ -58.957333554228789, -27.464234263341329 ], [ -58.957303793652379, -27.464412431005858 ], [ -58.958386235264562, -27.464544799044578 ], [ -58.958416055014467, -27.464366290470657 ], [ -58.957333554228789, -27.464234263341329 ] ] ] ] } },
{ "type": "Feature", "properties": { "Barrio": "45 VINEWBERY", "Municipio": "Resistencia", "ID": 263, "Área": 7161.87, "Perímetro": 398.56 }, "geometry": { "type": "MultiPolygon", "coordinates": [ [ [ [ -58.96099411988623, -27.470779033725503 ], [ -58.960280444804056, -27.471412570440791 ], [ -58.960993359133987, -27.472050650173141 ], [ -58.961352020963631, -27.471732521181703 ], [ -58.960952428033316, -27.471373129732044 ], [ -58.961091002764789, -27.471249828730805 ], [ -58.961306199762241, -27.471058950884697 ], [ -58.96099411988623, -27.470779033725503 ] ] ] ] } },
{ "type": "Feature", "properties": { "Barrio": "JARDIN", "Municipio": "Resistencia", "ID": 264, "Área": 149380.05, "Perímetro": 1625.78 }, "geometry": { "type": "MultiPolygon", "coordinates": [ [ [ [ -58.957795091370066, -27.476415869018755 ], [ -58.960012606873924, -27.474449130331774 ], [ -58.957142118244775, -27.471874391525837 ], [ -58.957006383978253, -27.471937767478394 ], [ -58.956867145803102, -27.471992693596476 ], [ -58.956694089229927, -27.472041518027869 ], [ -58.956440837323264, -27.472070279284079 ], [ -58.953764701265214, -27.4728177637808 ], [ -58.957795091370066, -27.476415869018755 ] ] ] ] } },
{ "type": "Feature", "properties": { "Barrio": "GENERAL MITRE", "Municipio": "Resistencia", "ID": 265, "Área": 208828.71, "Perímetro": 2858.0 }, "geometry": { "type": "MultiPolygon", "coordinates": [ [ [ [ -58.960783725147515, -27.469438621452667 ], [ -58.96163971138477, -27.470206397694177 ], [ -58.96099411988623, -27.470779033725503 ], [ -58.961306199762241, -27.471058950884697 ], [ -58.961091002764789, -27.471249828730805 ], [ -58.961638700794182, -27.471736435283578 ], [ -58.961025196949379, -27.472278489732428 ], [ -58.960169351968368, -27.471510750452548 ], [ -58.960062402889498, -27.471350937479681 ], [ -58.961353582123991, -27.47020568661868 ], [ -58.96064042406708, -27.469565795024643 ], [ -58.957587290793597, -27.472273711152454 ], [ -58.960012606873924, -27.474449130331774 ], [ -58.964787111445169, -27.470214194982159 ], [ -58.962365997783152, -27.468034768877054 ], [ -58.960783725147515, -27.469438621452667 ] ] ] ] } },
{ "type": "Feature", "properties": { "Barrio": "GOLF CLUB", "Municipio": "Resistencia", "ID": 266, "Área": 556048.5, "Perímetro": 2997.11 }, "geometry": { "type": "MultiPolygon", "coordinates": [ [ [ [ -58.957141324729747, -27.464596764165606 ], [ -58.950804644168514, -27.47020908654418 ], [ -58.953693831851453, -27.472800899575482 ], [ -58.953764701265214, -27.4728177637808 ], [ -58.956440837323264, -27.472070279284079 ], [ -58.956694089229927, -27.472041518027869 ], [ -58.956867145803102, -27.471992693596476 ], [ -58.956984681861911, -27.471917441870755 ], [ -58.957142118244775, -27.471874391525837 ], [ -58.957444632533999, -27.472145748078297 ], [ -58.962186957031221, -27.467937454061609 ], [ -58.960723060999101, -27.466632929916347 ], [ -58.960471568987153, -27.466346152108532 ], [ -58.958742191955672, -27.464792096886626 ], [ -58.957168427125509, -27.464606911946944 ], [ -58.957141324729747, -27.464596764165606 ] ] ] ] } },
{ "type": "Feature", "properties": { "Barrio": "LA LIGURIA", "Municipio": "Resistencia", "ID": 267, "Área": 955357.76, "Perímetro": 3917.15 }, "geometry": { "type": "MultiPolygon", "coordinates": [ [ [ [ -58.957645619241873, -27.476543053390319 ], [ -58.956076433460318, -27.475135538158209 ], [ -58.955864682376991, -27.475069849049966 ], [ -58.950576788380907, -27.470343172206888 ], [ -58.943617920520083, -27.476500450961861 ], [ -58.943743735014536, -27.4766100681776 ], [ -58.950578600550038, -27.482810126667747 ], [ -58.957645619241873, -27.476543053390319 ] ] ] ] } },
{ "type": "Feature", "properties": { "Barrio": "CENTRO", "Municipio": "Resistencia", "ID": 268, "Área": 3728894.63, "Perímetro": 7724.14 }, "geometry": { "type": "MultiPolygon", "coordinates": [ [ [ [ -58.986543311091012, -27.438823552199079 ], [ -58.972690441683241, -27.45110761769353 ], [ -58.986470632330665, -27.463462056869123 ], [ -59.000315390767085, -27.451178725022324 ], [ -58.986543311091012, -27.438823552199079 ] ] ] ] } },
{ "type": "Feature", "properties": { "Barrio": "PLAN 162 VIVIENDAS", "Municipio": "Resistencia", "ID": 269, "Área": 54971.7, "Perímetro": 1646.84 }, "geometry": { "type": "MultiPolygon", "coordinates": [ [ [ [ -58.978544910341988, -27.399730175642492 ], [ -58.97736842665833, -27.400774695075761 ], [ -58.978507922584647, -27.401797109513357 ], [ -58.979684414111382, -27.40075258157486 ], [ -58.978544910341988, -27.399730175642492 ] ] ], [ [ [ -58.976364942712863, -27.401665586792845 ], [ -58.975392411557536, -27.402528980372651 ], [ -58.976531913248458, -27.403551411652824 ], [ -58.977504444034935, -27.402688010245747 ], [ -58.976364942712863, -27.401665586792845 ] ] ], [ [ [ -58.979392676922437, -27.398977481840074 ], [ -58.97907630993371, -27.399258373464555 ], [ -58.980215806984248, -27.400280774170284 ], [ -58.980532184290425, -27.39999988007613 ], [ -58.979392676922437, -27.398977481840074 ] ] ] ] } },
{ "type": "Feature", "properties": { "Barrio": "MAPIC", "Municipio": "Resistencia", "ID": 270, "Área": 69106.6, "Perímetro": 1541.29 }, "geometry": { "type": "MultiPolygon", "coordinates": [ [ [ [ -58.987532851503538, -27.399142521031916 ], [ -58.987057257590145, -27.398715856019066 ], [ -58.986541525521403, -27.399174746900226 ], [ -58.98612910137259, -27.398804327382763 ], [ -58.984417602112885, -27.400324053578036 ], [ -58.983954118260336, -27.399908238791511 ], [ -58.983774940701053, -27.400067334139695 ], [ -58.984204062033136, -27.40045405246957 ], [ -58.983314819175781, -27.40123314284407 ], [ -58.983136564596968, -27.401073213139526 ], [ -58.98274329383193, -27.401104207494491 ], [ -58.982384919693281, -27.401422399910839 ], [ -58.983667522330045, -27.402567918820719 ], [ -58.987532851503538, -27.399142521031916 ] ] ] ] } },
{ "type": "Feature", "properties": { "Barrio": "25 DE MAYO", "Municipio": "Resistencia", "ID": 271, "Área": 268935.1, "Perímetro": 2083.02 }, "geometry": { "type": "MultiPolygon", "coordinates": [ [ [ [ -59.000884950639836, -27.438572805080838 ], [ -58.997515496804212, -27.441564169981227 ], [ -59.001589165907127, -27.445202702555516 ], [ -59.001629503046601, -27.445202790382361 ], [ -59.004972631804236, -27.442237748340613 ], [ -59.000884950639836, -27.438572805080838 ] ] ] ] } },
{ "type": "Feature", "properties": { "Barrio": "MARIA", "Municipio": "Resistencia", "ID": 272, "Área": 282486.92, "Perímetro": 2139.84 }, "geometry": { "type": "MultiPolygon", "coordinates": [ [ [ [ -58.997372113154206, -27.441691467639433 ], [ -58.993859084186163, -27.444810034987736 ], [ -58.998004973870337, -27.448527013700321 ], [ -58.999582279723278, -27.447126806799798 ], [ -58.999526829420802, -27.447074300865516 ], [ -58.99967390166168, -27.446944856576035 ], [ -59.001436741161243, -27.445375562044781 ], [ -59.001436827968277, -27.445339413157953 ], [ -58.997372113154206, -27.441691467639433 ] ] ] ] } },
{ "type": "Feature", "properties": { "Barrio": "PLAN AIPO", "Municipio": "Resistencia", "ID": 273, "Área": 4225.25, "Perímetro": 285.2 }, "geometry": { "type": "MultiPolygon", "coordinates": [ [ [ [ -59.007163015639875, -27.444202971399889 ], [ -59.006441826105537, -27.444843290324052 ], [ -59.006741471431162, -27.445111917939059 ], [ -59.007462668165338, -27.444471597538875 ], [ -59.007163015639875, -27.444202971399889 ] ] ] ] } },
{ "type": "Feature", "properties": { "Barrio": "ADELANTE", "Municipio": "Resistencia", "ID": 274, "Área": 153167.96, "Perímetro": 1807.1 }, "geometry": { "type": "MultiPolygon", "coordinates": [ [ [ [ -59.006446128559702, -27.44483947062486 ], [ -59.007163022719389, -27.444202971450341 ], [ -59.005400512358896, -27.44262286182547 ], [ -59.005360183197745, -27.442622775165955 ], [ -59.002036106593977, -27.445580450636829 ], [ -59.002036007265666, -27.445616438816547 ], [ -59.004400011008741, -27.447742939729288 ], [ -59.007769438996149, -27.44474661735525 ], [ -59.007462668165338, -27.444471597538875 ], [ -59.006741471431162, -27.445111917939059 ], [ -59.006446128559702, -27.44483947062486 ] ] ] ] } },
{ "type": "Feature", "properties": { "Barrio": "ALVEAR", "Municipio": "Resistencia", "ID": 275, "Área": 164486.3, "Perímetro": 1661.02 }, "geometry": { "type": "MultiPolygon", "coordinates": [ [ [ [ -59.00189180022943, -27.445742810236364 ], [ -59.001851459864781, -27.445742721556208 ], [ -58.998374167576472, -27.448822266281532 ], [ -58.998374067062088, -27.448858249898752 ], [ -59.000765456946759, -27.451002272403517 ], [ -59.001052247091778, -27.450747686096328 ], [ -59.001030827000051, -27.45072848185016 ], [ -59.001174231646367, -27.450601193515396 ], [ -59.001195638648319, -27.450620391329469 ], [ -59.001267335322652, -27.450556742991466 ], [ -59.001245929225597, -27.450537556925415 ], [ -59.001461016721187, -27.450346612593712 ], [ -59.001565792666511, -27.45025261386624 ], [ -59.001579828227584, -27.450264712252572 ], [ -59.0022967785291, -27.449628240238596 ], [ -59.002490312812377, -27.449476896998231 ], [ -59.002848695504802, -27.449158695786586 ], [ -59.002826255844568, -27.449138365586368 ], [ -59.003272338088465, -27.448742245787688 ], [ -59.004232208438758, -27.447891055154976 ], [ -59.004232307048596, -27.447855070575528 ], [ -59.00189180022943, -27.445742810236364 ] ] ] ] } },
{ "type": "Feature", "properties": { "Barrio": "BITTEL, DEOLINDO", "Municipio": "Resistencia", "ID": 276, "Área": 470627.05, "Perímetro": 4906.83 }, "geometry": { "type": "MultiPolygon", "coordinates": [ [ [ [ -59.029546821472216, -27.463695317629345 ], [ -59.032113239656283, -27.461416207203563 ], [ -59.032339448258746, -27.461198881729793 ], [ -59.032375127879916, -27.461230850447087 ], [ -59.033665463451072, -27.460084910727868 ], [ -59.03362977672456, -27.460052942286783 ], [ -59.035810881262989, -27.458119763046046 ], [ -59.035418341983508, -27.457768038158576 ], [ -59.031863939187446, -27.460921919711431 ], [ -59.030866266806093, -27.460028185967623 ], [ -59.030950955277355, -27.459965524909901 ], [ -59.030479458580878, -27.459542769528717 ], [ -59.030680183211182, -27.459364514015956 ], [ -59.029149233895332, -27.457992785791866 ], [ -59.028948511509164, -27.458171032831107 ], [ -59.026169536873034, -27.455681005471174 ], [ -59.023373734389679, -27.458163714893118 ], [ -59.029546821472216, -27.463695317629345 ] ] ], [ [ [ -59.03228186157488, -27.454951364622836 ], [ -59.029646204455794, -27.452593448974604 ], [ -59.027495711638089, -27.454503286310569 ], [ -59.028423420132526, -27.455334611723007 ], [ -59.028494788489965, -27.455398561083271 ], [ -59.028550431594191, -27.455465405610632 ], [ -59.029264068963414, -27.456104884926287 ], [ -59.029848620756745, -27.455585599573041 ], [ -59.029991197535999, -27.455712476946211 ], [ -59.030704844979567, -27.456351951820526 ], [ -59.03228186157488, -27.454951364622836 ] ] ] ] } },
{ "type": "Feature", "properties": { "Barrio": "DON ALBERTO", "Municipio": "Resistencia", "ID": 277, "Área": 548306.3, "Perímetro": 3940.84 }, "geometry": { "type": "MultiPolygon", "coordinates": [ [ [ [ -59.013374318876828, -27.475045433829969 ], [ -59.020293389023969, -27.468902898413599 ], [ -59.01932995121345, -27.468039533518152 ], [ -59.018505421468099, -27.468771582423059 ], [ -59.018437115290965, -27.468838214062234 ], [ -59.018362358558477, -27.468771285905149 ], [ -59.017501964894208, -27.469535154662115 ], [ -59.016605709841564, -27.470330836231636 ], [ -59.015820699006881, -27.469627340784022 ], [ -59.015660440560431, -27.469482718154953 ], [ -59.01833718748199, -27.467145959101547 ], [ -59.016728199188506, -27.465694381412526 ], [ -59.016599203363093, -27.465544031341331 ], [ -59.015814225544197, -27.464840529956735 ], [ -59.014057606167825, -27.466400050599233 ], [ -59.014176281304827, -27.466505323740602 ], [ -59.008985302942513, -27.471112233004888 ], [ -59.013374318876828, -27.475045433829969 ] ] ] ] } },
{ "type": "Feature", "properties": { "Barrio": "FACUNDO", "Municipio": "Resistencia", "ID": 278, "Área": 403355.88, "Perímetro": 2683.6 }, "geometry": { "type": "MultiPolygon", "coordinates": [ [ [ [ -59.008732098736829, -27.471270557002143 ], [ -59.005446559871871, -27.474191822891108 ], [ -59.009001681383396, -27.477396373549833 ], [ -59.009071625048747, -27.477458908591185 ], [ -59.008893776261445, -27.477619456234525 ], [ -59.011391606452797, -27.479857968088396 ], [ -59.012287976276376, -27.479062317854968 ], [ -59.012431392987594, -27.478935018972113 ], [ -59.014008970762276, -27.477534660436636 ], [ -59.014116703351561, -27.477375373696656 ], [ -59.014833761433373, -27.476738835969979 ], [ -59.008732098736829, -27.471270557002143 ] ] ] ] } },
{ "type": "Feature", "properties": { "Barrio": "PALERMO II", "Municipio": "Resistencia", "ID": 279, "Área": 276505.02, "Perímetro": 3964.98 }, "geometry": { "type": "MultiPolygon", "coordinates": [ [ [ [ -59.005290133728579, -27.474333145393661 ], [ -59.004573034471221, -27.474969626790866 ], [ -59.008283893383869, -27.478288087512823 ], [ -59.007208479756962, -27.479245151700681 ], [ -59.005138666388028, -27.477388015282056 ], [ -59.005999205523167, -27.476624235771723 ], [ -59.005285585227341, -27.47598463647158 ], [ -59.00442503929672, -27.476748417906101 ], [ -59.003497342241211, -27.475916927919236 ], [ -59.002780223382508, -27.476553405714824 ], [ -59.003565195576094, -27.477256970400852 ], [ -59.003707920122721, -27.47738489408858 ], [ -59.002668069938665, -27.478307776641113 ], [ -59.003863913693202, -27.479379538148468 ], [ -59.004388448795432, -27.479854157122357 ], [ -59.004559370353974, -27.479938934175323 ], [ -59.004862279534443, -27.480211105202056 ], [ -59.004969196295221, -27.480307162971258 ], [ -59.005343388187946, -27.480643366670886 ], [ -59.005485939576097, -27.480771448884049 ], [ -59.006269976280443, -27.48147587644074 ], [ -59.007992510145122, -27.479949573269181 ], [ -59.008279395809083, -27.479946999998251 ], [ -59.009742403907545, -27.48125814034227 ], [ -59.010459529362379, -27.480621639581077 ], [ -59.010675934296913, -27.48049320109423 ], [ -59.011391606509179, -27.479857961772304 ], [ -59.008893776261445, -27.477619456234525 ], [ -59.0088582628658, -27.477523672484331 ], [ -59.005290133728579, -27.474333145393661 ] ] ] ] } },
{ "type": "Feature", "properties": { "Barrio": "PEGORARO", "Municipio": "Resistencia", "ID": 280, "Área": 296064.57, "Perímetro": 2455.35 }, "geometry": { "type": "MultiPolygon", "coordinates": [ [ [ [ -59.012122298056077, -27.436692756364675 ], [ -59.005692021074339, -27.442396511087527 ], [ -59.005691929928155, -27.442432625698142 ], [ -59.006186608115705, -27.44287612080813 ], [ -59.006350814973473, -27.443019700120324 ], [ -59.008024112710416, -27.444519458071099 ], [ -59.014470330837717, -27.438797657474481 ], [ -59.012122298056077, -27.436692756364675 ] ] ] ] } },
{ "type": "Feature", "properties": { "Barrio": "SEITOR", "Municipio": "Resistencia", "ID": 281, "Área": 464150.11, "Perímetro": 2745.64 }, "geometry": { "type": "MultiPolygon", "coordinates": [ [ [ [ -59.005327201012499, -27.442069965333992 ], [ -59.011760227672774, -27.436366444307282 ], [ -59.010147584411669, -27.434920704463437 ], [ -59.009943239985191, -27.434847516728258 ], [ -59.009410491523937, -27.434763400632086 ], [ -59.009150556709834, -27.434720786635225 ], [ -59.008722207570052, -27.434669975583905 ], [ -59.008445196584709, -27.434647080899023 ], [ -59.007332268938981, -27.434674212074004 ], [ -59.007087976143737, -27.434725777097555 ], [ -59.006994988018718, -27.434731958073705 ], [ -59.006533338464244, -27.434838724643662 ], [ -59.005967766089633, -27.434996825647413 ], [ -59.005757824719097, -27.435066613827299 ], [ -59.004462619993276, -27.435567427304147 ], [ -59.004224419298865, -27.435613593114631 ], [ -59.001140390913555, -27.438346797952249 ], [ -59.005286718337672, -27.442069876658852 ], [ -59.005327201012499, -27.442069965333992 ] ] ] ] } },
{ "type": "Feature", "properties": { "Barrio": "JUAN DE GARAY", "Municipio": "Resistencia", "ID": 282, "Área": 376689.97, "Perímetro": 2916.75 }, "geometry": { "type": "MultiPolygon", "coordinates": [ [ [ [ -59.020715469545713, -27.428946236763437 ], [ -59.019771554697009, -27.429784607427013 ], [ -59.019737829798608, -27.429946742058821 ], [ -59.01285939701458, -27.43605635067803 ], [ -59.012859301341834, -27.436092335398051 ], [ -59.013532485885527, -27.436695817683994 ], [ -59.015251498675916, -27.438237784567132 ], [ -59.023236313644411, -27.431143753427769 ], [ -59.02302228584746, -27.430951901725564 ], [ -59.022986448090364, -27.430983730549293 ], [ -59.022281444075752, -27.430349972392143 ], [ -59.020715469545713, -27.428946236763437 ] ] ] ] } },
{ "type": "Feature", "properties": { "Barrio": "ASENTAMIENTO SAN JAVIER", "Municipio": "Resistencia", "ID": 283, "Área": 117023.38, "Perímetro": 1729.38 }, "geometry": { "type": "MultiPolygon", "coordinates": [ [ [ [ -59.016268691660592, -27.424911755299728 ], [ -59.013975186162995, -27.426948716811516 ], [ -59.014403210467236, -27.427332447687974 ], [ -59.014618222574349, -27.427141481478142 ], [ -59.015153256901534, -27.427621145424137 ], [ -59.015368279463331, -27.42743017722195 ], [ -59.015689295629208, -27.427717975736137 ], [ -59.015760970004429, -27.427654319128685 ], [ -59.015974978705465, -27.427846181575241 ], [ -59.016046656016549, -27.427782527548239 ], [ -59.016117996820732, -27.427846479215884 ], [ -59.016189666973922, -27.427782825063204 ], [ -59.016699383749135, -27.428239774238872 ], [ -59.016842727893867, -27.428112465327338 ], [ -59.017056746504153, -27.428304320808909 ], [ -59.017128416447171, -27.428240665268863 ], [ -59.017663461067457, -27.428720314472045 ], [ -59.0179501542586, -27.428465690932647 ], [ -59.018271173257737, -27.428753471030358 ], [ -59.018486195848922, -27.428562504302246 ], [ -59.018700219189853, -27.428754362766217 ], [ -59.019400658607587, -27.428469716642944 ], [ -59.020218560858062, -27.42849444072068 ], [ -59.020353590007218, -27.428374654072709 ], [ -59.019740993027881, -27.427830704755973 ], [ -59.019631944368157, -27.427926826713591 ], [ -59.016268691660592, -27.424911755299728 ] ] ] ] } },
{ "type": "Feature", "properties": { "Barrio": "EL FACHINAL", "Municipio": "Resistencia", "ID": 284, "Área": 14038.56, "Perímetro": 473.91 }, "geometry": { "type": "MultiPolygon", "coordinates": [ [ [ [ -59.019008539017101, -27.429852107011587 ], [ -59.018434242674729, -27.42933728739337 ], [ -59.018379960735565, -27.429356828452217 ], [ -59.017491216902911, -27.430146165422116 ], [ -59.018065533925672, -27.430654602064276 ], [ -59.018272946221245, -27.430838148941699 ], [ -59.019194643301823, -27.430019535189615 ], [ -59.019008539017101, -27.429852107011587 ] ] ] ] } },
{ "type": "Feature", "properties": { "Barrio": "SAN JAVIER", "Municipio": "Resistencia", "ID": 285, "Área": 436902.69, "Perímetro": 3279.68 }, "geometry": { "type": "MultiPolygon", "coordinates": [ [ [ [ -59.012475740122945, -27.435751410739126 ], [ -59.014597143135902, -27.433866398648899 ], [ -59.014710649537172, -27.433970409191822 ], [ -59.016080085967467, -27.432817903490466 ], [ -59.016940195855533, -27.432054032319346 ], [ -59.018272946221245, -27.430838148941699 ], [ -59.017491216902911, -27.430146165422116 ], [ -59.018434242730592, -27.429337281077206 ], [ -59.019008539017101, -27.429852107011587 ], [ -59.020371942962988, -27.428631935022246 ], [ -59.020218560858062, -27.42849444072068 ], [ -59.019400658607587, -27.428469716642944 ], [ -59.018700219189853, -27.428754362766217 ], [ -59.018486195793059, -27.428562510618406 ], [ -59.018271173257737, -27.428753471030358 ], [ -59.0179501542586, -27.428465690932647 ], [ -59.017663461067457, -27.428720314472045 ], [ -59.017128416447171, -27.428240665268863 ], [ -59.017056746504153, -27.428304320808909 ], [ -59.016842727893867, -27.428112465327338 ], [ -59.016699383749135, -27.428239774238872 ], [ -59.016189666973922, -27.427782825063204 ], [ -59.016117996820732, -27.427846479215884 ], [ -59.016046656016549, -27.427782527548239 ], [ -59.015974978705465, -27.427846181575241 ], [ -59.015760970004429, -27.427654319128685 ], [ -59.015689295629208, -27.427717975736137 ], [ -59.015368279463331, -27.42743017722195 ], [ -59.015153256901534, -27.427621145424137 ], [ -59.014618222574349, -27.427141481478142 ], [ -59.014403210467236, -27.427332447687974 ], [ -59.013975186162995, -27.426948716811516 ], [ -59.010927308287904, -27.429667607004561 ], [ -59.011913749734418, -27.43477594060198 ], [ -59.011985505512115, -27.435034607735446 ], [ -59.012475740122945, -27.435751410739126 ] ] ] ] } },
{ "type": "Feature", "properties": { "Barrio": "PERRANDO", "Municipio": "Resistencia", "ID": 286, "Área": 221163.14, "Perímetro": 1937.9 }, "geometry": { "type": "MultiPolygon", "coordinates": [ [ [ [ -58.993718826684493, -27.432139581265847 ], [ -58.989399862268819, -27.435976929193959 ], [ -58.989399757770585, -27.436013047234795 ], [ -58.990250992240156, -27.436776430344235 ], [ -58.990416666562901, -27.436919174152823 ], [ -58.991109762604296, -27.437540735545312 ], [ -58.991295879932117, -27.437706153784454 ], [ -58.991968807667959, -27.438309608952537 ], [ -58.992009281807498, -27.438309695093025 ], [ -58.996325719297495, -27.434482839442705 ], [ -58.993718826684493, -27.432139581265847 ] ] ] ] } },
{ "type": "Feature", "properties": { "Barrio": "ODORICO", "Municipio": "Resistencia", "ID": 287, "Área": 128720.17, "Perímetro": 1455.08 }, "geometry": { "type": "MultiPolygon", "coordinates": [ [ [ [ -58.989271560342615, -27.436148722291296 ], [ -58.986728134744105, -27.438408730515146 ], [ -58.98841408940806, -27.43991842422642 ], [ -58.988298217380702, -27.439950368431813 ], [ -58.989082147930986, -27.440646987153052 ], [ -58.989153845667751, -27.440583350394608 ], [ -58.989296506295943, -27.440711285085914 ], [ -58.991814403543479, -27.438476379784564 ], [ -58.991814507202996, -27.438440270756331 ], [ -58.989271560342615, -27.436148722291296 ] ] ] ] } },
{ "type": "Feature", "properties": { "Barrio": "PICCILLI", "Municipio": "Resistencia", "ID": 288, "Área": 134365.61, "Perímetro": 1660.91 }, "geometry": { "type": "MultiPolygon", "coordinates": [ [ [ [ -58.993639667974271, -27.444620143913486 ], [ -58.998014778524222, -27.44073625218801 ], [ -58.996450844032807, -27.439324861539028 ], [ -58.992072080813777, -27.443206439739175 ], [ -58.993639667974271, -27.444620143913486 ] ] ] ] } },
{ "type": "Feature", "properties": { "Barrio": "CORTES", "Municipio": "Resistencia", "ID": 289, "Área": 120701.16, "Perímetro": 1390.0 }, "geometry": { "type": "MultiPolygon", "coordinates": [ [ [ [ -58.992049292968389, -27.438649232540754 ], [ -58.989504130678235, -27.440908511985729 ], [ -58.991931905042478, -27.443083385899644 ], [ -58.994474591950855, -27.440824053944592 ], [ -58.992049292968389, -27.438649232540754 ] ] ] ] } },
{ "type": "Feature", "properties": { "Barrio": "ALTA", "Municipio": "Resistencia", "ID": 290, "Área": 289230.88, "Perímetro": 2365.06 }, "geometry": { "type": "MultiPolygon", "coordinates": [ [ [ [ -58.996529969954864, -27.434671498120942 ], [ -58.992258643990766, -27.438463388586555 ], [ -58.992233241215096, -27.438486269204407 ], [ -58.99221440997573, -27.438502660676416 ], [ -58.994605555167013, -27.440674957968067 ], [ -58.994646027106434, -27.440675049660094 ], [ -58.996306283478738, -27.439204295339184 ], [ -58.996453151564033, -27.439073270867503 ], [ -58.998165357873589, -27.440604963870769 ], [ -59.000673508095709, -27.438379057724987 ], [ -58.996529969954864, -27.434671498120942 ] ] ] ] } },
{ "type": "Feature", "properties": { "Barrio": "46 VIVIENDAS", "Municipio": "Resistencia", "ID": 291, "Área": 7482.36, "Perímetro": 467.17 }, "geometry": { "type": "MultiPolygon", "coordinates": [ [ [ [ -59.006478123486012, -27.430885064439497 ], [ -59.005833005623671, -27.431457917700293 ], [ -59.006687532132659, -27.432224075541619 ], [ -59.006739468706485, -27.432104038738792 ], [ -59.006731701093223, -27.432020632005162 ], [ -59.006452060871375, -27.431769914731827 ], [ -59.006422633343824, -27.431706941008137 ], [ -59.006624336642645, -27.431527826568868 ], [ -59.006770976902338, -27.431523694814427 ], [ -59.0068530122551, -27.431597244585642 ], [ -59.006973940502576, -27.431585381118229 ], [ -59.00706451293987, -27.431576494748771 ], [ -59.007180994391184, -27.431515241899064 ], [ -59.006478123486012, -27.430885064439497 ] ] ] ] } },
{ "type": "Feature", "properties": { "Barrio": "CHELLIYI", "Municipio": "Resistencia", "ID": 292, "Área": 30127.94, "Perímetro": 774.92 }, "geometry": { "type": "MultiPolygon", "coordinates": [ [ [ [ -59.004732974018808, -27.433253885472197 ], [ -59.004732971009304, -27.43325388274361 ], [ -59.004875643953788, -27.4333818108896 ], [ -59.005653901599985, -27.432690761677723 ], [ -59.006114223837884, -27.433103488309317 ], [ -59.00612877821186, -27.433090569187002 ], [ -59.006136315373972, -27.433019239635005 ], [ -59.006187643981491, -27.43290068673258 ], [ -59.006330185671189, -27.43275985781392 ], [ -59.006402155549267, -27.432696462806447 ], [ -59.006427811441164, -27.432673677842882 ], [ -59.006352456205491, -27.432536906197104 ], [ -59.006438548442986, -27.432460468018277 ], [ -59.006607843287931, -27.432343619437617 ], [ -59.006185042943592, -27.431964536821393 ], [ -59.005503184994737, -27.431363578541216 ], [ -59.004190218503901, -27.432282382175995 ], [ -59.004077514159256, -27.432366819527996 ], [ -59.004032099871324, -27.432405144129291 ], [ -59.003904893223527, -27.432511411449266 ], [ -59.004732974018808, -27.433253885472197 ] ] ] ] } },
{ "type": "Feature", "properties": { "Barrio": "ASENTAMIENTO CAMALOTE", "Municipio": "Resistencia", "ID": 293, "Área": 16235.45, "Perímetro": 778.97 }, "geometry": { "type": "MultiPolygon", "coordinates": [ [ [ [ -59.005214996415916, -27.430999739760608 ], [ -59.004877944203145, -27.430697529497944 ], [ -59.004636335068994, -27.430735004709245 ], [ -59.004554586867002, -27.430799907222362 ], [ -59.004497847242355, -27.430844948617786 ], [ -59.004485008335898, -27.430855142056885 ], [ -59.004456959964635, -27.430904166564776 ], [ -59.004420694061992, -27.430967581017256 ], [ -59.004388323258681, -27.431024164415742 ], [ -59.00437672669301, -27.431034866628274 ], [ -59.004312892649715, -27.431093762690541 ], [ -59.004243651732629, -27.431157658891816 ], [ -59.004170186246, -27.431239952945784 ], [ -59.004099918783695, -27.43130496427672 ], [ -59.00401996790395, -27.431341253613077 ], [ -59.003941370603329, -27.431376923628534 ], [ -59.003931000893616, -27.4313816302414 ], [ -59.00381784878703, -27.431386144557479 ], [ -59.003713590249077, -27.431390304562278 ], [ -59.003700053115381, -27.431390843958972 ], [ -59.003587122751696, -27.431332034493465 ], [ -59.003476554518407, -27.431322929583253 ], [ -59.003287882714446, -27.431382215661586 ], [ -59.003238814406828, -27.431438701019914 ], [ -59.003204568372425, -27.431540036974141 ], [ -59.002966317050038, -27.43159658034423 ], [ -59.002731414498925, -27.43159376181606 ], [ -59.002765850588119, -27.431738241107404 ], [ -59.003147481505671, -27.432080430515253 ], [ -59.003234039127804, -27.43215851570838 ], [ -59.00276374480535, -27.432575558902219 ], [ -59.002959346319848, -27.432750941274069 ], [ -59.003016278455732, -27.432686905369884 ], [ -59.003061362035211, -27.432638502954095 ], [ -59.003106307775191, -27.43259024211007 ], [ -59.003151507847178, -27.432542147299777 ], [ -59.003199330910164, -27.432496452571513 ], [ -59.003247627996004, -27.432451460547668 ], [ -59.00329504598789, -27.432406155415517 ], [ -59.003342462905408, -27.432360852965608 ], [ -59.003389674804758, -27.432315740333536 ], [ -59.003437538128388, -27.432271171053504 ], [ -59.00348821674487, -27.432229435455589 ], [ -59.003538897402549, -27.432187693536328 ], [ -59.003589503544731, -27.432146024156332 ], [ -59.00364011276374, -27.432104345755324 ], [ -59.003690646512972, -27.432062733570355 ], [ -59.003715521644303, -27.432042248167615 ], [ -59.003771975841971, -27.432005109781933 ], [ -59.003870317526022, -27.431940371484448 ], [ -59.003934226150683, -27.431895667653119 ], [ -59.003998131666187, -27.431850966476041 ], [ -59.004125952737262, -27.431761555078229 ], [ -59.004189861157414, -27.431716851123021 ], [ -59.00425376646843, -27.431672149822099 ], [ -59.004317671752617, -27.431627445783327 ], [ -59.004381580051792, -27.431582738125993 ], [ -59.004445567638236, -27.431537979569725 ], [ -59.004573538636713, -27.431448459628207 ], [ -59.004637529135522, -27.431403697391229 ], [ -59.004701509438277, -27.431358938660246 ], [ -59.00476549982649, -27.43131417726352 ], [ -59.004829487105454, -27.431269418520984 ], [ -59.004893470312453, -27.431224657011615 ], [ -59.004957457521279, -27.431179894597779 ], [ -59.005021447680207, -27.431135135783805 ], [ -59.005085434778429, -27.431090374210196 ], [ -59.00514941472246, -27.431045615261947 ], [ -59.005214996415916, -27.430999739760608 ] ] ] ] } },
{ "type": "Feature", "properties": { "Barrio": "LUISA", "Municipio": "Resistencia", "ID": 294, "Área": 153812.55, "Perímetro": 1891.64 }, "geometry": { "type": "MultiPolygon", "coordinates": [ [ [ [ -59.000883423466725, -27.425836285156233 ], [ -58.999292914889232, -27.427259473281758 ], [ -59.002881481346861, -27.430480854075871 ], [ -59.002809773540577, -27.430544516247686 ], [ -59.003155828288044, -27.430854711325122 ], [ -59.003713590249077, -27.431390304562278 ], [ -59.00381784878703, -27.431386144557479 ], [ -59.003931000893616, -27.4313816302414 ], [ -59.003941370603329, -27.431376923628534 ], [ -59.004019967928251, -27.431341250906172 ], [ -59.004099918783695, -27.43130496427672 ], [ -59.004170186246, -27.431239952945784 ], [ -59.004243651732629, -27.431157658891816 ], [ -59.004311565293271, -27.431096526171995 ], [ -59.00437672669301, -27.431034866628274 ], [ -59.004388323258681, -27.431024164415742 ], [ -59.004420694061992, -27.430967581017256 ], [ -59.004456959964635, -27.430904166564776 ], [ -59.004485008335898, -27.430855142056885 ], [ -59.004497847242355, -27.430844948617786 ], [ -59.004554586867002, -27.430799907222362 ], [ -59.004636335068994, -27.430735004709245 ], [ -59.004877944203145, -27.430697529497944 ], [ -59.005214996415916, -27.430999739760608 ], [ -59.005302300797602, -27.430938638467104 ], [ -59.006056315940882, -27.430410925380553 ], [ -59.004515808886232, -27.429029656701569 ], [ -59.004479970662551, -27.429061480679586 ], [ -59.000883423466725, -27.425836285156233 ] ] ] ] } },
{ "type": "Feature", "properties": { "Barrio": "AMERICA", "Municipio": "Resistencia", "ID": 295, "Área": 223529.02, "Perímetro": 2580.72 }, "geometry": { "type": "MultiPolygon", "coordinates": [ [ [ [ -59.000824280609855, -27.43825132937565 ], [ -59.005588993806448, -27.434021402460818 ], [ -59.00487564401044, -27.433381804573468 ], [ -59.00474066927795, -27.433226365095742 ], [ -59.004162297382472, -27.432742203159417 ], [ -59.003904893223527, -27.432511411449266 ], [ -59.003876140698083, -27.432535493964348 ], [ -59.003777762917736, -27.432621764192458 ], [ -59.003688431930314, -27.432701085851672 ], [ -59.00358595476721, -27.432800780871158 ], [ -59.003492654758958, -27.432893875670427 ], [ -59.003398624173229, -27.432987110459127 ], [ -59.003309797861199, -27.433084942041681 ], [ -59.003265464143638, -27.433134521164188 ], [ -59.003227369735903, -27.433190798924471 ], [ -59.003190192678652, -27.433245712544483 ], [ -59.003153023625458, -27.433300631624871 ], [ -59.003113481581842, -27.433360096069364 ], [ -59.00307794152787, -27.433411544559402 ], [ -59.003042069316805, -27.433464726810353 ], [ -59.002782551872869, -27.433873883034842 ], [ -59.002622679483686, -27.434174093099195 ], [ -59.002283132788136, -27.434765100847205 ], [ -59.001911888445505, -27.434421749026193 ], [ -59.002251822277898, -27.433831082428387 ], [ -59.002372669487137, -27.433632055156188 ], [ -59.002407701827984, -27.433577167021852 ], [ -59.002634923629458, -27.433221192161692 ], [ -59.00272321134765, -27.433082883466877 ], [ -59.002811844638316, -27.432944020423538 ], [ -59.002885996525961, -27.432836002969704 ], [ -59.002898175928998, -27.432821138848396 ], [ -59.002393421103953, -27.432368554854555 ], [ -59.000856525419216, -27.433732889989095 ], [ -59.000790568116109, -27.433673211263542 ], [ -59.0000331870081, -27.434346764552913 ], [ -58.99962659131981, -27.433982179507179 ], [ -58.999232312307683, -27.434332234805005 ], [ -58.999499526045319, -27.434571840278778 ], [ -58.99810630523961, -27.435807677683616 ], [ -59.000824280609855, -27.43825132937565 ] ] ] ] } },
{ "type": "Feature", "properties": { "Barrio": "CHICA", "Municipio": "Resistencia", "ID": 296, "Área": 459277.93, "Perímetro": 3036.96 }, "geometry": { "type": "MultiPolygon", "coordinates": [ [ [ [ -58.99810630523961, -27.435807677683616 ], [ -58.999499526045319, -27.434571840278778 ], [ -58.999232312307683, -27.434332234805005 ], [ -58.99962659131981, -27.433982179507179 ], [ -59.0000331870081, -27.434346764552913 ], [ -59.000790568116109, -27.433673211263542 ], [ -59.000856525419216, -27.433732889989095 ], [ -59.002393421103953, -27.432368554854555 ], [ -59.002898175928998, -27.432821138848396 ], [ -59.002929186533834, -27.432785968212198 ], [ -59.00296042335961, -27.432749029652225 ], [ -59.00276374480535, -27.432575558902219 ], [ -59.003234039127804, -27.43215851570838 ], [ -59.003147481505671, -27.432080430515253 ], [ -59.002765850588119, -27.431738241107404 ], [ -59.002731414498925, -27.43159376181606 ], [ -59.002966317050038, -27.43159658034423 ], [ -59.003204568372425, -27.431540036974141 ], [ -59.003238814406828, -27.431438701019914 ], [ -59.003287882714446, -27.431382215661586 ], [ -59.003476554518407, -27.431322929583253 ], [ -59.003587122751696, -27.431332034493465 ], [ -59.003700053115381, -27.431390843958972 ], [ -59.003713590273371, -27.43139030185537 ], [ -59.003156633722817, -27.430855337912078 ], [ -59.002809773540577, -27.430544516247686 ], [ -59.002881481379291, -27.430480850466651 ], [ -58.999292911855633, -27.42725947325998 ], [ -58.999217481444049, -27.427325518903434 ], [ -58.999175181742253, -27.427287207634549 ], [ -58.998909984996757, -27.427522722248209 ], [ -58.99468329286541, -27.431266968541863 ], [ -58.993858879815591, -27.431998871941243 ], [ -58.99810630523961, -27.435807677683616 ] ] ] ] } },
{ "type": "Feature", "properties": { "Barrio": "COTAP", "Municipio": "Resistencia", "ID": 297, "Área": 6966.39, "Perímetro": 339.59 }, "geometry": { "type": "MultiPolygon", "coordinates": [ [ [ [ -59.007850929973785, -27.429736459418955 ], [ -59.007286689956999, -27.430125988189197 ], [ -59.008027858247672, -27.430790512910654 ], [ -59.008529615129511, -27.430344956471714 ], [ -59.007850929973785, -27.429736459418955 ] ] ] ] } },
{ "type": "Feature", "properties": { "Barrio": "90 VIVIENDAS", "Municipio": "Resistencia", "ID": 298, "Área": 23882.27, "Perímetro": 691.54 }, "geometry": { "type": "MultiPolygon", "coordinates": [ [ [ [ -59.008731174049167, -27.4278537859993 ], [ -59.007549530169314, -27.426796492836107 ], [ -59.007442669031043, -27.426701027834401 ], [ -59.006732112853683, -27.426759159777021 ], [ -59.006513237205077, -27.426787012488266 ], [ -59.006063153084114, -27.426823875987804 ], [ -59.007963655301097, -27.428534653300762 ], [ -59.008731174049167, -27.4278537859993 ] ] ] ] } },
{ "type": "Feature", "properties": { "Barrio": "MATADERO", "Municipio": "Resistencia", "ID": 299, "Área": 2508.0, "Perímetro": 266.0 }, "geometry": { "type": "MultiPolygon", "coordinates": [ [ [ [ -59.002859628106663, -27.424260057643806 ], [ -59.002688446170396, -27.424106549091125 ], [ -59.002100682154619, -27.424628465335616 ], [ -59.002464459069763, -27.424954665054024 ], [ -59.00260781472015, -27.424827367436155 ], [ -59.002415226755801, -27.42465467632411 ], [ -59.002859628106663, -27.424260057643806 ] ] ] ] } },
{ "type": "Feature", "properties": { "Barrio": "ASENTAMIENTO GHIO", "Municipio": "Resistencia", "ID": 300, "Área": 70019.77, "Perímetro": 2265.57 }, "geometry": { "type": "MultiPolygon", "coordinates": [ [ [ [ -59.002779691432949, -27.424833870560715 ], [ -59.002530250886487, -27.425055368689115 ], [ -59.002077318928237, -27.424649210374103 ], [ -59.000984209711312, -27.42561984731374 ], [ -59.003098406919712, -27.427515643452569 ], [ -59.004868875062719, -27.425943514496534 ], [ -59.004774652342732, -27.425859031070804 ], [ -59.004476093621896, -27.425923577514482 ], [ -59.004248847439648, -27.42595532107174 ], [ -59.004093754014399, -27.425880488072732 ], [ -59.00396205307208, -27.425933673571244 ], [ -59.003651356013741, -27.425911998106379 ], [ -59.003507821336882, -27.425933170224194 ], [ -59.003328912077528, -27.425836974096995 ], [ -59.003126273147373, -27.425698093143968 ], [ -59.003029400118088, -27.425560512539516 ], [ -59.002815411668763, -27.425368629911208 ], [ -59.002769760941398, -27.425185713508988 ], [ -59.002782543553479, -27.42498307165291 ], [ -59.002779691432949, -27.424833870560715 ] ] ], [ [ [ -59.005194374866406, -27.429485772991026 ], [ -59.005760643130884, -27.428982934755634 ], [ -59.005047317623585, -27.428343343498153 ], [ -59.004746262217544, -27.428610672600925 ], [ -59.004724865700567, -27.428591484443164 ], [ -59.004438145709351, -27.428846086295628 ], [ -59.005008801239931, -27.429357760922752 ], [ -59.005172676187684, -27.429503760148339 ], [ -59.005244550943331, -27.429441216834736 ], [ -59.005194374866406, -27.429485772991026 ] ] ], [ [ [ -59.005149555131595, -27.426004702330491 ], [ -59.005849162929195, -27.426631998792654 ], [ -59.007246679309354, -27.426517613354427 ], [ -59.006875194400266, -27.426184525559957 ], [ -59.006703132031831, -27.426209904865974 ], [ -59.006605952789137, -27.426200100246778 ], [ -59.005882175698481, -27.426372549024805 ], [ -59.005942406193881, -27.426319055063114 ], [ -59.005657084618058, -27.426063223601062 ], [ -59.005578236509315, -27.42613323505579 ], [ -59.005292916269511, -27.425877401974233 ], [ -59.005149555131595, -27.426004702330491 ] ] ], [ [ [ -59.004415317985007, -27.427776663128082 ], [ -59.003899223200008, -27.428234934869188 ], [ -59.004388558754187, -27.428673701782323 ], [ -59.004904653680306, -27.428215428258067 ], [ -59.004415317985007, -27.427776663128082 ] ] ] ] } },
{ "type": "Feature", "properties": { "Barrio": "ASENTAMIENTO ELBA", "Municipio": "Resistencia", "ID": 301, "Área": 18668.23, "Perímetro": 864.38 }, "geometry": { "type": "MultiPolygon", "coordinates": [ [ [ [ -59.013379476132947, -27.422364886981455 ], [ -59.012925657924967, -27.422767944024379 ], [ -59.013729236129258, -27.423488403306692 ], [ -59.013842613640364, -27.423387700041278 ], [ -59.014878037413702, -27.424316003404606 ], [ -59.01507446090109, -27.424396177016966 ], [ -59.01574601382417, -27.424998239158498 ], [ -59.01603270442773, -27.424743618411217 ], [ -59.013379476132947, -27.422364886981455 ] ] ] ] } },
{ "type": "Feature", "properties": { "Barrio": "ELBA", "Municipio": "Resistencia", "ID": 302, "Área": 362236.57, "Perímetro": 3064.88 }, "geometry": { "type": "MultiPolygon", "coordinates": [ [ [ [ -59.010337054374702, -27.419740394668072 ], [ -59.010045786768728, -27.419999076234671 ], [ -59.009916727793218, -27.420031511180802 ], [ -59.009850721913992, -27.420058670140318 ], [ -59.009810424233216, -27.420088734106386 ], [ -59.009765356925158, -27.420103012478624 ], [ -59.009728385423927, -27.42010152084163 ], [ -59.009689789989416, -27.420104330066728 ], [ -59.009659187111062, -27.420120061994549 ], [ -59.00960761020287, -27.420157286359967 ], [ -59.009561597637486, -27.420157933124482 ], [ -59.009505648194697, -27.420189381021512 ], [ -59.009413157721276, -27.420127797001566 ], [ -59.0093192730575, -27.42007514726653 ], [ -59.009217029576106, -27.420076123429137 ], [ -59.00911617130545, -27.42006816511034 ], [ -59.009010450045523, -27.420091486055579 ], [ -59.008915170218572, -27.420047776703168 ], [ -59.008818501134492, -27.420013007977623 ], [ -59.008716257710148, -27.420013984676622 ], [ -59.00862028394657, -27.41997474051232 ], [ -59.008525010423483, -27.419931033649327 ], [ -59.00841369912731, -27.419880780587359 ], [ -59.008308153676651, -27.419885897019238 ], [ -59.0081658582803, -27.419895632816846 ], [ -59.008044937707268, -27.419889066819998 ], [ -59.00784048616655, -27.4200011485011 ], [ -59.007681151841702, -27.420081586519931 ], [ -59.007438635497309, -27.419864127891501 ], [ -59.007380007426612, -27.419862725082922 ], [ -59.007107648980544, -27.420104601203992 ], [ -59.007783131912007, -27.420710280440598 ], [ -59.008054936839429, -27.420936861368375 ], [ -59.008436333269287, -27.421281398026139 ], [ -59.008468147013495, -27.421311070305659 ], [ -59.008510548821405, -27.421362524291755 ], [ -59.008917564101843, -27.421839488992706 ], [ -59.009135133010382, -27.422271471300515 ], [ -59.009255891131907, -27.422514186166932 ], [ -59.009419698529591, -27.422898687862673 ], [ -59.009617990539056, -27.423363947950584 ], [ -59.009885467782503, -27.424065036147038 ], [ -59.010146763708946, -27.425601445731374 ], [ -59.01046582403896, -27.427363416611691 ], [ -59.010596856882657, -27.427837741160456 ], [ -59.010601257117543, -27.427982574046908 ], [ -59.010837934617442, -27.429337315315401 ], [ -59.01574601382417, -27.424998239158498 ], [ -59.014878037413702, -27.424316003404606 ], [ -59.013842613640364, -27.423387700041278 ], [ -59.013729229051044, -27.42348840325662 ], [ -59.012925657924967, -27.422767944024379 ], [ -59.013415313698829, -27.422333060588596 ], [ -59.012750491962016, -27.421736996249358 ], [ -59.012655164646461, -27.421821652491605 ], [ -59.011353228785275, -27.420651517652914 ], [ -59.010806835633531, -27.420161616425009 ], [ -59.010337054374702, -27.419740394668072 ] ] ] ] } },
{ "type": "Feature", "properties": { "Barrio": "GHIO", "Municipio": "Resistencia", "ID": 303, "Área": 195293.05, "Perímetro": 4018.83 }, "geometry": { "type": "MultiPolygon", "coordinates": [ [ [ [ -59.006778684556892, -27.420721996281184 ], [ -59.006738976502497, -27.421070076100438 ], [ -59.006710855334802, -27.421376719708078 ], [ -59.006695131034427, -27.421627929983384 ], [ -59.006725919885007, -27.421774361436267 ], [ -59.006718746852336, -27.422004616538832 ], [ -59.006722152698003, -27.422228824461406 ], [ -59.006735117350594, -27.4223332744887 ], [ -59.006781176150326, -27.422588063368408 ], [ -59.006839345519026, -27.42283065731834 ], [ -59.006945707941142, -27.423268620067116 ], [ -59.006994008185174, -27.423262321829483 ], [ -59.007221137376312, -27.423977641036966 ], [ -59.007231462614833, -27.423976230181651 ], [ -59.007331689562385, -27.42425529655112 ], [ -59.007470259435586, -27.424737908059786 ], [ -59.007450943279963, -27.424740659894912 ], [ -59.007568947003705, -27.425226594445359 ], [ -59.00755958468649, -27.425305438715572 ], [ -59.007571224230652, -27.425638159528003 ], [ -59.007510616328886, -27.425756830264248 ], [ -59.007411457992937, -27.425900058643379 ], [ -59.007041997328095, -27.426129397306145 ], [ -59.009192599941166, -27.428097737481984 ], [ -59.009523895243696, -27.427876805477908 ], [ -59.009313461521323, -27.426694595846989 ], [ -59.00920485056799, -27.426088686905718 ], [ -59.009108603008706, -27.425554167038594 ], [ -59.009012342345869, -27.425019623528566 ], [ -59.008964231037737, -27.424752351875675 ], [ -59.008924117623515, -27.42452961646131 ], [ -59.008888098219671, -27.424329604631279 ], [ -59.00885208686222, -27.424129610893416 ], [ -59.008835886322252, -27.424039632734655 ], [ -59.008786027513139, -27.423763510807259 ], [ -59.008720085811618, -27.423483587424421 ], [ -59.00855840345087, -27.423020082637208 ], [ -59.008511794820969, -27.422916831836314 ], [ -59.008380055624848, -27.422619597631709 ], [ -59.008244176950129, -27.422378072977104 ], [ -59.008089419352785, -27.422147748477744 ], [ -59.007865278878363, -27.421855038581754 ], [ -59.007566475321262, -27.421519798926639 ], [ -59.007112954135842, -27.4210604923462 ], [ -59.006778684556892, -27.420721996281184 ] ] ], [ [ [ -59.004802784562131, -27.42621179118477 ], [ -59.003208737274207, -27.427625230552856 ], [ -59.003850717591376, -27.428200874986409 ], [ -59.004366809373948, -27.427742603402198 ], [ -59.004476997169142, -27.427645936897893 ], [ -59.006010114627351, -27.429010181519622 ], [ -59.005427698382597, -27.429524378217739 ], [ -59.005707533252462, -27.42977529376947 ], [ -59.005663094410629, -27.429814754764244 ], [ -59.006089460568404, -27.430197038829537 ], [ -59.007862785446044, -27.42863426656054 ], [ -59.005111066413875, -27.426176093471163 ], [ -59.004802784562131, -27.42621179118477 ] ] ], [ [ [ -59.009176029180395, -27.428251891618569 ], [ -59.00887874551929, -27.427985348077346 ], [ -59.006861704160592, -27.429775359856325 ], [ -59.00676378101199, -27.429862328574416 ], [ -59.006489963726395, -27.430105475413576 ], [ -59.009176029180395, -27.428251891618569 ] ] ] ] } },
{ "type": "Feature", "properties": { "Barrio": "SANTA LUCIA", "Municipio": "Resistencia", "ID": 304, "Área": 254114.28, "Perímetro": 3872.84 }, "geometry": { "type": "MultiPolygon", "coordinates": [ [ [ [ -59.001124699259513, -27.412773595077109 ], [ -58.999989490323038, -27.413781709281544 ], [ -59.000025153581241, -27.41381369222179 ], [ -58.995996735867053, -27.417390861338525 ], [ -58.996239406235937, -27.41738908043213 ], [ -58.996715047078936, -27.417225799436384 ], [ -58.996784619632649, -27.417149521494437 ], [ -58.997088579010544, -27.416859242988892 ], [ -58.997415156079271, -27.416666006090416 ], [ -58.99767308235846, -27.416475161540355 ], [ -58.997946235530812, -27.416336349799575 ], [ -58.998179985430944, -27.416226166149443 ], [ -58.998385553017989, -27.41609072187007 ], [ -58.998634351848509, -27.415994026713818 ], [ -58.998818640432752, -27.415903450633916 ], [ -58.998828896533766, -27.415915016800216 ], [ -58.999207714238196, -27.415773315674386 ], [ -58.999497165287465, -27.415769443763487 ], [ -58.999785116888091, -27.41570842363976 ], [ -59.000094724171881, -27.4157217452697 ], [ -59.000269878650151, -27.415759387374152 ], [ -59.000436015975943, -27.415768467922799 ], [ -59.000520762605071, -27.415785204337713 ], [ -59.000808375832158, -27.415806006143978 ], [ -59.000984374910125, -27.415778590167818 ], [ -59.001066959577265, -27.415834124198827 ], [ -59.001206368002599, -27.415862537706065 ], [ -59.001455524527124, -27.415892609710987 ], [ -59.001712815371825, -27.415974601159856 ], [ -59.001928384071235, -27.416108427636487 ], [ -59.002137335730573, -27.416311053298418 ], [ -59.002343288043598, -27.416476650286956 ], [ -59.002433923585542, -27.416620674748614 ], [ -59.002552595692151, -27.416764749942026 ], [ -59.002629332761444, -27.416871219464902 ], [ -59.002734155114652, -27.41696521972899 ], [ -59.002888157268394, -27.417028021346646 ], [ -59.002964857309834, -27.417147002624677 ], [ -59.003034310431431, -27.417334786130052 ], [ -59.003082749330623, -27.417516275133661 ], [ -59.003165355904592, -27.417764695928209 ], [ -59.003200901549839, -27.417745034870144 ], [ -59.003271382332969, -27.417854586015519 ], [ -59.003301191285296, -27.417926529951021 ], [ -59.003356991782233, -27.417955778382037 ], [ -59.003424719400172, -27.418309783103634 ], [ -59.0034222610238, -27.418311042377596 ], [ -59.003289683728489, -27.418796111272027 ], [ -59.003110349995517, -27.418836194378244 ], [ -59.003117442453515, -27.41888890261529 ], [ -59.003101121523059, -27.418922605657119 ], [ -59.002978973812958, -27.418954211000671 ], [ -59.002892461272644, -27.418988768277348 ], [ -59.002822784707874, -27.419023814086859 ], [ -59.002737892844003, -27.419091260530902 ], [ -59.002675568163077, -27.419133329624433 ], [ -59.002535018871981, -27.419211250367944 ], [ -59.002355613120784, -27.419242253272152 ], [ -59.002060041687258, -27.419270380602406 ], [ -59.001931351304869, -27.419322297337743 ], [ -59.00179116010456, -27.419322071464091 ], [ -59.00160446196066, -27.419259217638096 ], [ -59.001429403989725, -27.419206808797046 ], [ -59.001207762135373, -27.419112626705548 ], [ -59.001044570623719, -27.41900810961797 ], [ -59.000799834172881, -27.418905018392774 ], [ -59.000629509746979, -27.418848317453971 ], [ -59.000475044990033, -27.41891325870224 ], [ -59.000421161485669, -27.41903333085423 ], [ -59.00053293431646, -27.41934866498115 ], [ -59.000685119152195, -27.419597288118425 ], [ -59.00095873353213, -27.419768281011436 ], [ -59.001157483614449, -27.419961395394971 ], [ -59.001572276804474, -27.42015487032182 ], [ -59.001771486546254, -27.420214517462039 ], [ -59.001929179971192, -27.420266686081156 ], [ -59.002086818136995, -27.420333680885999 ], [ -59.002378487507478, -27.420494666733767 ], [ -59.002557621907499, -27.420536295060934 ], [ -59.003165982345024, -27.420787655321114 ], [ -59.003703252852425, -27.421046843686987 ], [ -59.004125165387961, -27.421411666114029 ], [ -59.004343496855796, -27.421874144692264 ], [ -59.004512875299042, -27.422232931816417 ], [ -59.005703646692147, -27.421175483175507 ], [ -59.005717410036794, -27.420982116013079 ], [ -59.005811982454645, -27.420044951264135 ], [ -59.005648717059692, -27.419747866927413 ], [ -59.005445497212165, -27.419520973929689 ], [ -59.005230301139257, -27.419291985621822 ], [ -59.005037577773876, -27.419055769709505 ], [ -59.004775089633938, -27.418693599658745 ], [ -59.004631484247426, -27.41849341516318 ], [ -59.004417520040043, -27.418160836557465 ], [ -59.004230775941949, -27.41789682518851 ], [ -59.004029398690072, -27.417583803538129 ], [ -59.003958917309014, -27.417474252756438 ], [ -59.003888439187008, -27.417364692037431 ], [ -59.003758443056057, -27.417041377767251 ], [ -59.003644728245249, -27.416758549759709 ], [ -59.003121827491391, -27.41543677168309 ], [ -59.003051143878764, -27.415258091482062 ], [ -59.002662455701682, -27.414250466160333 ], [ -59.002571033090319, -27.414013447412653 ], [ -59.002554182355247, -27.413979446644635 ], [ -59.002472755197644, -27.413819436844861 ], [ -59.002382072148031, -27.413645369593173 ], [ -59.002334196812065, -27.413550906685828 ], [ -59.002267524040391, -27.413492497732165 ], [ -59.002196207511766, -27.413428535744796 ], [ -59.002049037968106, -27.413304633524596 ], [ -59.001977200425962, -27.413244104810413 ], [ -59.001938594022882, -27.413211595967972 ], [ -59.001894080454917, -27.413187648887384 ], [ -59.001715601443493, -27.413091551482932 ], [ -59.001124699259513, -27.412773595077109 ] ] ] ] } },
{ "type": "Feature", "properties": { "Barrio": "ASENTAMIENTO ENCARNACION", "Municipio": "Resistencia", "ID": 305, "Área": 102710.44, "Perímetro": 2185.5 }, "geometry": { "type": "MultiPolygon", "coordinates": [ [ [ [ -58.99055146667466, -27.422237066438814 ], [ -58.989913478571978, -27.422803483689346 ], [ -58.988667467413862, -27.424285088089768 ], [ -58.987844703727184, -27.424798807464285 ], [ -58.987611711551097, -27.42494323044674 ], [ -58.987605135348268, -27.424946010687179 ], [ -58.98759876720564, -27.42494915157847 ], [ -58.987592631498408, -27.424952641567 ], [ -58.987586754582992, -27.424956473625329 ], [ -58.987581154882804, -27.424960623523504 ], [ -58.987575864854279, -27.424965080668965 ], [ -58.987570893779072, -27.424969825277195 ], [ -58.987566260014788, -27.42497484033667 ], [ -58.987561999207784, -27.424980098133123 ], [ -58.987558111465106, -27.424985586936671 ], [ -58.987554617207877, -27.424991285238949 ], [ -58.98755152985305, -27.424997163359521 ], [ -58.987548864691824, -27.425003207874042 ], [ -58.987546627092904, -27.425009384531791 ], [ -58.987544824266294, -27.425015678947322 ], [ -58.987543470640198, -27.425022061447567 ], [ -58.9875425735069, -27.42502850862407 ], [ -58.987542126068085, -27.425034989747125 ], [ -58.987542134563753, -27.425041485912491 ], [ -58.987588488235737, -27.426303173795727 ], [ -58.987588954743217, -27.4263096796032 ], [ -58.987589883751532, -27.426316146358882 ], [ -58.987591270377642, -27.426322555077757 ], [ -58.98759310084359, -27.426328864151049 ], [ -58.987595376275841, -27.426335060953903 ], [ -58.987598081737111, -27.426341120111651 ], [ -58.98760121142368, -27.426347012706543 ], [ -58.987604751351768, -27.426352719687401 ], [ -58.987608682531061, -27.426358216552451 ], [ -58.987612997118951, -27.426363476173908 ], [ -58.987617675006916, -27.426368485772596 ], [ -58.987622696160464, -27.426373224448639 ], [ -58.98762804760694, -27.426377673158207 ], [ -58.987633695188109, -27.426381807289371 ], [ -58.987639624846018, -27.426385615911673 ], [ -58.987645817433886, -27.426389091667133 ], [ -58.987652237839832, -27.426392203620402 ], [ -58.987658865831762, -27.426394952526831 ], [ -58.987665674280287, -27.426397319239797 ], [ -58.987672635875001, -27.426399304463313 ], [ -58.987679724448299, -27.426400894471801 ], [ -58.987686912796718, -27.426402078239409 ], [ -58.98769416547912, -27.426402860922881 ], [ -58.987701459402651, -27.426403224307212 ], [ -58.988135629601921, -27.42641301905314 ], [ -58.989191041159266, -27.426436813577897 ], [ -58.989633129292571, -27.425256845108343 ], [ -58.990600352509652, -27.422249588787203 ], [ -58.99055146667466, -27.422237066438814 ] ] ], [ [ [ -58.992296871285284, -27.420576474890904 ], [ -58.993242154777143, -27.42143802680188 ], [ -58.993413326400585, -27.421591540287398 ], [ -58.993598272496975, -27.421554633428464 ], [ -58.994316142537599, -27.420917236508874 ], [ -58.995243253185102, -27.421748833584424 ], [ -58.995909949627396, -27.421156868872295 ], [ -58.995774828417822, -27.42089496987618 ], [ -58.995667844896843, -27.420799025964858 ], [ -58.994976796849336, -27.42020272680012 ], [ -58.994741656190158, -27.419993299188242 ], [ -58.994292328236433, -27.419716459077051 ], [ -58.993634268143509, -27.419987924693615 ], [ -58.993132093922696, -27.419986795565258 ], [ -58.99272503721668, -27.420197762118605 ], [ -58.992296871285284, -27.420576474890904 ] ] ] ] } },
{ "type": "Feature", "properties": { "Barrio": "SANTO DOMINGO", "Municipio": "Resistencia", "ID": 307, "Área": 118900.68, "Perímetro": 1669.38 }, "geometry": { "type": "MultiPolygon", "coordinates": [ [ [ [ -58.989231187575577, -27.435862534479281 ], [ -58.993548189217513, -27.432030195607972 ], [ -58.993548292284736, -27.431994081116386 ], [ -58.992875392878325, -27.431390630229732 ], [ -58.992692367336183, -27.431226498868551 ], [ -58.992019473218967, -27.430623041298293 ], [ -58.991979005977669, -27.430622949851731 ], [ -58.990370730257602, -27.432050699123479 ], [ -58.990199573830402, -27.432201415883576 ], [ -58.989547674364751, -27.431608074327247 ], [ -58.989465228614392, -27.432004507460082 ], [ -58.989312188245144, -27.432408077896689 ], [ -58.989296742799361, -27.432656287592209 ], [ -58.989281307353501, -27.432904500055638 ], [ -58.989269853299177, -27.433022165202235 ], [ -58.989258507568593, -27.433139925879011 ], [ -58.989246958193768, -27.43325750189619 ], [ -58.989234360247337, -27.433386934549766 ], [ -58.989212601698732, -27.433610503653405 ], [ -58.989274290670117, -27.433793765819964 ], [ -58.989335908652933, -27.43397695976666 ], [ -58.989236141273295, -27.434143357095213 ], [ -58.989158051355318, -27.434320532368897 ], [ -58.989146971861025, -27.434376516598199 ], [ -58.989123061041347, -27.434497272169597 ], [ -58.989089575370677, -27.434666364531839 ], [ -58.988997495548531, -27.4350504614637 ], [ -58.988933898849446, -27.435208240791237 ], [ -58.988834464538286, -27.435311603061034 ], [ -58.988801867616644, -27.435439141736719 ], [ -58.988802913205518, -27.43545835246481 ], [ -58.988817492722355, -27.435491526170669 ], [ -58.989231187575577, -27.435862534479281 ] ] ] ] } },
{ "type": "Feature", "properties": { "Barrio": "SANTA CLARA", "Municipio": "Resistencia", "ID": 308, "Área": 224153.81, "Perímetro": 2720.03 }, "geometry": { "type": "MultiPolygon", "coordinates": [ [ [ [ -58.990100805527398, -27.432040257641564 ], [ -58.991857184153773, -27.430481020526102 ], [ -58.990798366024528, -27.42953144443543 ], [ -58.990668731053738, -27.429593163019643 ], [ -58.990231733675422, -27.429662932018832 ], [ -58.989554524022246, -27.429771054808402 ], [ -58.987833456606474, -27.429267723772991 ], [ -58.98744559338104, -27.429340358419179 ], [ -58.98722331233779, -27.429459547942329 ], [ -58.987089586591694, -27.429339602537016 ], [ -58.986910356354578, -27.429498700026464 ], [ -58.98673113366857, -27.429657800033603 ], [ -58.986551906399065, -27.429816902470229 ], [ -58.986396312618581, -27.429994699304938 ], [ -58.986277254725451, -27.430193703690481 ], [ -58.986158324270008, -27.430392769345509 ], [ -58.986126002930874, -27.430616501139941 ], [ -58.986093650131096, -27.430840229079021 ], [ -58.986131136387399, -27.431063312750663 ], [ -58.986168599380946, -27.431286411579226 ], [ -58.986266030808089, -27.431494569463602 ], [ -58.986413578523681, -27.431677745351017 ], [ -58.986573233719682, -27.431852657776879 ], [ -58.986755154243745, -27.432009313812209 ], [ -58.986965109654108, -27.432134972463228 ], [ -58.987010886307822, -27.432215537717635 ], [ -58.987053569228244, -27.432261672545923 ], [ -58.987094347201378, -27.432344440200097 ], [ -58.987103760172047, -27.432437089943512 ], [ -58.98712130893221, -27.432527329052196 ], [ -58.987134830546808, -27.432561301952227 ], [ -58.987148214827336, -27.432595364088975 ], [ -58.9871616204261, -27.432629418258102 ], [ -58.987175049209107, -27.432663481618057 ], [ -58.987191866948336, -27.432706072552069 ], [ -58.987211006549813, -27.432754882283934 ], [ -58.986925706097985, -27.433060491181998 ], [ -58.986668585753023, -27.433282917196092 ], [ -58.986383682391228, -27.433283271798036 ], [ -58.986227294274968, -27.433326276863205 ], [ -58.986081826814164, -27.43333004805438 ], [ -58.985525111185737, -27.433111564209792 ], [ -58.985231566134907, -27.433373369375733 ], [ -58.985110475434936, -27.433480852987433 ], [ -58.985004587686291, -27.433574853152269 ], [ -58.984876039167233, -27.433688955187677 ], [ -58.98534812787917, -27.43454071749364 ], [ -58.985620534422388, -27.434421557766282 ], [ -58.985785932389291, -27.434494698647455 ], [ -58.9874602221877, -27.435996303628468 ], [ -58.987706349524125, -27.4357778210052 ], [ -58.988834464538286, -27.435311603061034 ], [ -58.988933898849446, -27.435208240791237 ], [ -58.988997495548531, -27.4350504614637 ], [ -58.989089575370677, -27.434666364531839 ], [ -58.989123061041347, -27.434497272169597 ], [ -58.989146971861025, -27.434376516598199 ], [ -58.989158051355318, -27.434320532368897 ], [ -58.988407455150103, -27.433647906446247 ], [ -58.988393494958217, -27.433471973752667 ], [ -58.988347783112786, -27.433229408529371 ], [ -58.988315923876698, -27.433060334677062 ], [ -58.988305864696862, -27.433006941139428 ], [ -58.988341301320041, -27.432890143197014 ], [ -58.988376762932702, -27.432773257894578 ], [ -58.988414560441349, -27.432670367108646 ], [ -58.988438776823919, -27.432604427781381 ], [ -58.988479723777466, -27.432492958525838 ], [ -58.98851415170747, -27.43239924101643 ], [ -58.988553396748713, -27.432292400224817 ], [ -58.988588038359545, -27.432198081465543 ], [ -58.988622690021479, -27.432103762768183 ], [ -58.988697153530218, -27.43195555157228 ], [ -58.98874431377331, -27.431861689059531 ], [ -58.988791469897727, -27.431767825595763 ], [ -58.988839414906181, -27.431672392313878 ], [ -58.988887320621728, -27.431577044451863 ], [ -58.988935268436975, -27.431481617468108 ], [ -58.988983170949616, -27.431386269544074 ], [ -58.989016268321933, -27.431320400832419 ], [ -58.989049364683751, -27.431254527592362 ], [ -58.989081667006552, -27.431190222301904 ], [ -58.989105122208954, -27.431146588196331 ], [ -58.990100805527398, -27.432040257641564 ] ] ] ] } },
{ "type": "Feature", "properties": { "Barrio": "MIRANDA GALLINO", "Municipio": "Resistencia", "ID": 309, "Área": 170131.55, "Perímetro": 2047.09 }, "geometry": { "type": "MultiPolygon", "coordinates": [ [ [ [ -58.981218303460196, -27.430494641145998 ], [ -58.980890945882109, -27.430614736954865 ], [ -58.980759615544649, -27.430632408529071 ], [ -58.980071029565188, -27.430891306081683 ], [ -58.980413432936274, -27.431616352689193 ], [ -58.980554856667531, -27.431998976308073 ], [ -58.980530824317832, -27.43215732620607 ], [ -58.978938629633987, -27.432528099360091 ], [ -58.978963189137083, -27.432654615953204 ], [ -58.979014132412004, -27.432774698900037 ], [ -58.979049581051314, -27.432859212807429 ], [ -58.979085237612097, -27.432953229173084 ], [ -58.979130521861968, -27.433778401432768 ], [ -58.979152801903574, -27.433925293704448 ], [ -58.979147266061723, -27.433977925680534 ], [ -58.979137650719665, -27.43402130385418 ], [ -58.979119567664391, -27.434062469675048 ], [ -58.978969552804045, -27.434572127750233 ], [ -58.978746915770749, -27.435159653104801 ], [ -58.97879009147551, -27.43546380107674 ], [ -58.978766620217868, -27.435519294714695 ], [ -58.978764721167018, -27.435558160749316 ], [ -58.978771351475181, -27.435579918295229 ], [ -58.978763566234583, -27.435670331776624 ], [ -58.978715332769134, -27.435761580391489 ], [ -58.978651019523078, -27.435807059885843 ], [ -58.978626662227938, -27.435853650642052 ], [ -58.978533166704395, -27.4359684267198 ], [ -58.978512333614646, -27.436039757096712 ], [ -58.978502187765841, -27.436126971531131 ], [ -58.97850451355901, -27.436217179370374 ], [ -58.978495746020101, -27.436245426618399 ], [ -58.978506549599409, -27.43628920976818 ], [ -58.978515724269741, -27.436307141924946 ], [ -58.978529375667648, -27.436397182826298 ], [ -58.978527586129637, -27.436427877890065 ], [ -58.978582251115085, -27.436486356211617 ], [ -58.978880476367607, -27.436714910300196 ], [ -58.979063480362917, -27.436711160048006 ], [ -58.979367269590711, -27.436512217015832 ], [ -58.979476376355272, -27.436304053144493 ], [ -58.979558431003902, -27.436216749797659 ], [ -58.979622503744203, -27.436128793169949 ], [ -58.979689198015315, -27.436040921575881 ], [ -58.979864227322864, -27.435866712128121 ], [ -58.979902045375944, -27.435820858550386 ], [ -58.979943927208609, -27.435785648258467 ], [ -58.980023568398529, -27.435705675765213 ], [ -58.980103220597186, -27.435625703303828 ], [ -58.980255825151957, -27.435547000065224 ], [ -58.980348141873208, -27.435506772510703 ], [ -58.980440469619921, -27.435466548583548 ], [ -58.980530599967871, -27.435419467731098 ], [ -58.98062510365569, -27.435386103091101 ], [ -58.980771007952356, -27.435349061830902 ], [ -58.980916913076491, -27.435312030347781 ], [ -58.981403266319354, -27.435188577136088 ], [ -58.982103616966953, -27.435010807709162 ], [ -58.982439789146426, -27.435089073617625 ], [ -58.982633696697448, -27.435136717244653 ], [ -58.982727133331018, -27.435183235608612 ], [ -58.983081254864594, -27.43522132439638 ], [ -58.983316961724753, -27.43516322403941 ], [ -58.983644976040495, -27.434948034199468 ], [ -58.983729049110849, -27.434837544238661 ], [ -58.98374762145464, -27.434698849767106 ], [ -58.983691899928338, -27.434575874038099 ], [ -58.983616649183951, -27.43445152233193 ], [ -58.983435425936413, -27.434192456690258 ], [ -58.983375482398593, -27.434077571282057 ], [ -58.982549996684135, -27.433087461120053 ], [ -58.982498296281442, -27.43295433295571 ], [ -58.981832025919736, -27.431829177865922 ], [ -58.98180867316794, -27.431700417325082 ], [ -58.981218303460196, -27.430494641145998 ] ] ] ] } },
{ "type": "Feature", "properties": { "Barrio": "AVALOS", "Municipio": "Resistencia", "ID": 310, "Área": 210941.0, "Perímetro": 3193.7 }, "geometry": { "type": "MultiPolygon", "coordinates": [ [ [ [ -58.986542636323144, -27.438249047105103 ], [ -58.987259590297029, -27.437612651630857 ], [ -58.987402986766035, -27.437485373551837 ], [ -58.988119930868763, -27.436848973314351 ], [ -58.988263325445828, -27.436721685259688 ], [ -58.989087803367283, -27.435989817348158 ], [ -58.988642722263215, -27.435590661800525 ], [ -58.988602359248155, -27.435554536120083 ], [ -58.988583682159927, -27.435544622586345 ], [ -58.988567229011871, -27.435538924778314 ], [ -58.988560248898033, -27.43553735363956 ], [ -58.988549999292147, -27.435535874272791 ], [ -58.988539811879235, -27.435535338323682 ], [ -58.988527944931128, -27.43553587843067 ], [ -58.988517637873052, -27.435537372825685 ], [ -58.988506254811391, -27.435540191294521 ], [ -58.988403816999352, -27.43558112326544 ], [ -58.988305459881538, -27.435620835014539 ], [ -58.988068915056509, -27.435715743244412 ], [ -58.987997583860057, -27.435754121514524 ], [ -58.987918972857464, -27.435785970634726 ], [ -58.987859234451641, -27.435833011767183 ], [ -58.987852134783921, -27.435826585926616 ], [ -58.987793779871723, -27.43587839071391 ], [ -58.98778799877266, -27.435873208876846 ], [ -58.987679101903716, -27.435967456284949 ], [ -58.987550051536708, -27.436082007381838 ], [ -58.987406665190626, -27.436209285749946 ], [ -58.987244373248068, -27.436067262355724 ], [ -58.986800938786615, -27.435669572136717 ], [ -58.986658284401649, -27.435541632323652 ], [ -58.985589910738213, -27.434583443913183 ], [ -58.985421858286493, -27.434659351609497 ], [ -58.985276955984986, -27.434720780549952 ], [ -58.984739793719527, -27.433751718079154 ], [ -58.984841422284781, -27.433527277970178 ], [ -58.985396823999174, -27.433032531908577 ], [ -58.985232699429311, -27.432923701583928 ], [ -58.984662092981743, -27.432411923636018 ], [ -58.984422455555247, -27.431920118212037 ], [ -58.984371334081608, -27.431504561450097 ], [ -58.984337469143121, -27.431325953159213 ], [ -58.984310378144087, -27.430835213523352 ], [ -58.984022058775999, -27.429758545741379 ], [ -58.983971861022852, -27.42931689831336 ], [ -58.983710452846061, -27.428721637892053 ], [ -58.983655626307431, -27.428643026888391 ], [ -58.983538449849704, -27.428365207173023 ], [ -58.981615226548193, -27.430072355194365 ], [ -58.982283771832741, -27.431635631096665 ], [ -58.982899706247395, -27.432602169864939 ], [ -58.983140636352765, -27.432868356522242 ], [ -58.983637134270332, -27.433581626864655 ], [ -58.983764659028303, -27.433726380422026 ], [ -58.984009188716236, -27.434019751112682 ], [ -58.984239738981834, -27.434321857213142 ], [ -58.984305686303173, -27.434430058927514 ], [ -58.984380239999226, -27.434563690483944 ], [ -58.984451608659057, -27.434647108612555 ], [ -58.984603771096438, -27.434765968167731 ], [ -58.984794678684906, -27.434916925236116 ], [ -58.984797791997437, -27.434957440430441 ], [ -58.984806682155181, -27.435092552428745 ], [ -58.984601932412346, -27.43575494334447 ], [ -58.983991380374214, -27.436009751268021 ], [ -58.983339964948669, -27.435982722958201 ], [ -58.983325919763949, -27.436188278234305 ], [ -58.984081953878281, -27.436410370923749 ], [ -58.984829659702754, -27.436711804772671 ], [ -58.985083505435433, -27.436939469387188 ], [ -58.986542636323144, -27.438249047105103 ] ] ] ] } },
{ "type": "Feature", "properties": { "Barrio": "UNIVERSIDAD", "Municipio": "Resistencia", "ID": 311, "Área": 397436.89, "Perímetro": 2776.54 }, "geometry": { "type": "MultiPolygon", "coordinates": [ [ [ [ -58.979428423768468, -27.444565555677347 ], [ -58.98619289093736, -27.438566192036717 ], [ -58.984909013445936, -27.437414741066707 ], [ -58.984729097335347, -27.437263413922391 ], [ -58.984538668722919, -27.437122688475199 ], [ -58.984338521176653, -27.436993153390727 ], [ -58.98412947620794, -27.436875326254 ], [ -58.983912391869964, -27.436769708676884 ], [ -58.983688170382656, -27.436676726798648 ], [ -58.983457721413465, -27.436596765308682 ], [ -58.983222002662188, -27.436530153305387 ], [ -58.982981981458401, -27.436477161309597 ], [ -58.982738642720939, -27.436438015760942 ], [ -58.982492993261083, -27.436412871076474 ], [ -58.982246043407734, -27.436401828466501 ], [ -58.981998805931582, -27.436404943145831 ], [ -58.981752304418826, -27.436422193714801 ], [ -58.981507549757033, -27.436453509960661 ], [ -58.981265552280611, -27.436498772043908 ], [ -58.981027298786671, -27.436557780552221 ], [ -58.980793780430133, -27.436630302724346 ], [ -58.980565952622207, -27.436716034257476 ], [ -58.980344751991666, -27.436814624696858 ], [ -58.98013109951961, -27.436925666629794 ], [ -58.979818210215903, -27.437178175515744 ], [ -58.9786137155468, -27.438367485479226 ], [ -58.978825276280425, -27.438792180950717 ], [ -58.978847495577263, -27.438952743471503 ], [ -58.978866132467168, -27.439065974477504 ], [ -58.978890223605191, -27.43915021385974 ], [ -58.978917959927244, -27.439239050395855 ], [ -58.978945591902701, -27.439327910525311 ], [ -58.978986878666049, -27.439412357104089 ], [ -58.97902859197356, -27.439496728290973 ], [ -58.97907024641281, -27.439581128812204 ], [ -58.979125111371573, -27.439659172437104 ], [ -58.97920990340495, -27.439779272244252 ], [ -58.979096049355093, -27.439911700269626 ], [ -58.978916787378466, -27.440070785537227 ], [ -58.979622433802014, -27.440703741895689 ], [ -58.979081077351125, -27.441184189660557 ], [ -58.977339684815782, -27.442728348473842 ], [ -58.979387947530228, -27.44456546040638 ], [ -58.979428423768468, -27.444565555677347 ] ] ] ] } },
{ "type": "Feature", "properties": { "Barrio": "PAYQUIN", "Municipio": "Resistencia", "ID": 312, "Área": 92591.36, "Perímetro": 1283.12 }, "geometry": { "type": "MultiPolygon", "coordinates": [ [ [ [ -58.979454212796128, -27.440594595036135 ], [ -58.977843932608529, -27.439152274695157 ], [ -58.977796589460219, -27.439193627198456 ], [ -58.977703700456189, -27.439110935793629 ], [ -58.977412704565204, -27.43884992657145 ], [ -58.976066534026863, -27.44004560628597 ], [ -58.976059441602509, -27.440039100502041 ], [ -58.975965635542309, -27.44012044452521 ], [ -58.975923374862496, -27.440082665321437 ], [ -58.975826064755296, -27.439993408024371 ], [ -58.975797570430309, -27.44001813074139 ], [ -58.975607682840831, -27.439846853325683 ], [ -58.974869133579872, -27.440502273620002 ], [ -58.975877262620244, -27.441413032079197 ], [ -58.977200320908636, -27.442599745616654 ], [ -58.979454212796128, -27.440594595036135 ] ] ] ] } },
{ "type": "Feature", "properties": { "Barrio": "CAMORS", "Municipio": "Resistencia", "ID": 313, "Área": 39826.27, "Perímetro": 802.07 }, "geometry": { "type": "MultiPolygon", "coordinates": [ [ [ [ -58.973707872453602, -27.437155119924704 ], [ -58.972409301883253, -27.438307265576832 ], [ -58.9739776952486, -27.43971158056916 ], [ -58.975279706389379, -27.438564373602791 ], [ -58.973707872453602, -27.437155119924704 ] ] ] ] } },
{ "type": "Feature", "properties": { "Barrio": "SANTA CATALINA", "Municipio": "Resistencia", "ID": 314, "Área": 68147.23, "Perímetro": 1386.95 }, "geometry": { "type": "MultiPolygon", "coordinates": [ [ [ [ -58.974695116889265, -27.436283274538191 ], [ -58.973759911066004, -27.437128070577337 ], [ -58.975396520510799, -27.438533906307477 ], [ -58.975418429118591, -27.438691428755799 ], [ -58.974144619768822, -27.439827847590042 ], [ -58.974144511267966, -27.439863965471535 ], [ -58.974750528148277, -27.440407561170563 ], [ -58.975608466688563, -27.439640201020772 ], [ -58.975992965795172, -27.439983536560533 ], [ -58.977346561896276, -27.438783678177302 ], [ -58.976357037517154, -27.437898020748971 ], [ -58.976262562760319, -27.437683391044057 ], [ -58.974695116889265, -27.436283274538191 ] ] ] ] } },
{ "type": "Feature", "properties": { "Barrio": "GONZALITO", "Municipio": "Resistencia", "ID": 315, "Área": 122643.77, "Perímetro": 2118.14 }, "geometry": { "type": "MultiPolygon", "coordinates": [ [ [ [ -58.974803305042578, -27.436215920774796 ], [ -58.975514353347847, -27.43685375114622 ], [ -58.975651979888113, -27.436986841997712 ], [ -58.976365187721349, -27.437626578982155 ], [ -58.976506210221949, -27.43776012258148 ], [ -58.977219427951667, -27.438399855394398 ], [ -58.977277557951176, -27.438594153789939 ], [ -58.977990785463717, -27.439233882847365 ], [ -58.978132343204194, -27.439367504574427 ], [ -58.978845475233705, -27.440006811794849 ], [ -58.979024727123033, -27.439847722934246 ], [ -58.978804362912179, -27.439376980859201 ], [ -58.9787450603407, -27.438722445321556 ], [ -58.978435389896788, -27.438444762896573 ], [ -58.978509369934429, -27.438276547890997 ], [ -58.979557407117412, -27.437346388615079 ], [ -58.97937910490765, -27.437186456214675 ], [ -58.9790813663232, -27.437318084249178 ], [ -58.978684381056588, -27.437326404223363 ], [ -58.97832340339086, -27.437324147028882 ], [ -58.9780359052168, -27.437213491426927 ], [ -58.977975885273914, -27.437165089064454 ], [ -58.977913603829514, -27.437119009906233 ], [ -58.977832487054542, -27.437065130632615 ], [ -58.977747358339336, -27.437016407738621 ], [ -58.977660149296248, -27.43692445195682 ], [ -58.977594136303381, -27.436856088602369 ], [ -58.977546001184123, -27.436776736623763 ], [ -58.977517826794006, -27.436690071288968 ], [ -58.977510806374013, -27.436600054598468 ], [ -58.97751183619868, -27.436509828974025 ], [ -58.977534145566409, -27.436421821372374 ], [ -58.977598911917546, -27.436374891135575 ], [ -58.977633068801197, -27.436332569339527 ], [ -58.977557465978443, -27.436268880216897 ], [ -58.977581507103324, -27.43622559899875 ], [ -58.977582346324482, -27.436131905106404 ], [ -58.977574158881538, -27.436073810723354 ], [ -58.977606242410026, -27.435950172980629 ], [ -58.977602682433037, -27.435875555162706 ], [ -58.977608860223761, -27.435819970957745 ], [ -58.977641295994104, -27.435733820679946 ], [ -58.977686594793859, -27.435636383301588 ], [ -58.977724263358404, -27.435546475162933 ], [ -58.977815862427462, -27.435421561251754 ], [ -58.978052464948235, -27.435176082615229 ], [ -58.978145638830007, -27.435111028085036 ], [ -58.978226150489718, -27.434774982493284 ], [ -58.97826614828729, -27.434686295910062 ], [ -58.978275436973753, -27.43450601939416 ], [ -58.978290191281808, -27.434416295895385 ], [ -58.978308979254081, -27.434326736416917 ], [ -58.978309578221612, -27.434236434494835 ], [ -58.978334431800462, -27.434147125215858 ], [ -58.978355243549402, -27.434057653653635 ], [ -58.978345744164436, -27.433966936605362 ], [ -58.978373619385799, -27.433877747822859 ], [ -58.97842372614101, -27.433789475469343 ], [ -58.978438473135668, -27.433699751888014 ], [ -58.978443120760673, -27.433609619498487 ], [ -58.978407351076505, -27.433517822860932 ], [ -58.978386224518268, -27.433369773992741 ], [ -58.978370910157857, -27.433073220412442 ], [ -58.977902244460914, -27.433497099906997 ], [ -58.977698718620253, -27.433686602262956 ], [ -58.977160978570332, -27.434163863999053 ], [ -58.977045710284251, -27.43426590312222 ], [ -58.976247634392664, -27.4349742191804 ], [ -58.97608995188903, -27.435072551204151 ], [ -58.975389120291105, -27.435692213206735 ], [ -58.974803305042578, -27.436215920774796 ] ] ] ] } },
{ "type": "Feature", "properties": { "Barrio": "ALTABE", "Municipio": "Resistencia", "ID": 316, "Área": 140485.29, "Perímetro": 1521.65 }, "geometry": { "type": "MultiPolygon", "coordinates": [ [ [ [ -58.969831394748653, -27.440593602612331 ], [ -58.96980297787907, -27.440568122908093 ], [ -58.969050030608088, -27.441236144515841 ], [ -58.969080441529279, -27.441263516929535 ], [ -58.969199457033859, -27.441431742242372 ], [ -58.969519111068308, -27.441692823217249 ], [ -58.969668562122465, -27.441924137731124 ], [ -58.969959972144309, -27.442052486020369 ], [ -58.970433602021018, -27.442477345775639 ], [ -58.97132802686798, -27.442319994652198 ], [ -58.974011166447362, -27.441847853160972 ], [ -58.974979181648067, -27.440988809852534 ], [ -58.974765221413264, -27.440796885128542 ], [ -58.974621611949175, -27.440679671475358 ], [ -58.973908402533155, -27.440039925630884 ], [ -58.973766719069168, -27.439901234750117 ], [ -58.973053512566011, -27.439261478363541 ], [ -58.972912402145575, -27.43913441232964 ], [ -58.972199753019375, -27.438495157520734 ], [ -58.969831394748653, -27.440593602612331 ] ] ] ] } },
{ "type": "Feature", "properties": { "Barrio": "PUPPO", "Municipio": "Resistencia", "ID": 317, "Área": 142896.66, "Perímetro": 1726.92 }, "geometry": { "type": "MultiPolygon", "coordinates": [ [ [ [ -58.965200117221592, -27.444707862241149 ], [ -58.967050914916882, -27.446372726428809 ], [ -58.967947315369393, -27.445577359159888 ], [ -58.968111037949825, -27.445432089674384 ], [ -58.968787554848042, -27.444831804291614 ], [ -58.968951268038595, -27.444686545419973 ], [ -58.969668369865389, -27.444050239597299 ], [ -58.969883498061471, -27.443859351310834 ], [ -58.970600582061358, -27.443223045681741 ], [ -58.970753574222314, -27.443084260075018 ], [ -58.971470662435479, -27.442447943410698 ], [ -58.97132802686798, -27.442319994652198 ], [ -58.970433602021018, -27.442477345775639 ], [ -58.969941036943929, -27.44204320967491 ], [ -58.969668562122465, -27.441924137731124 ], [ -58.969519111068308, -27.441692823217249 ], [ -58.969199457033859, -27.441431742242372 ], [ -58.969080441529279, -27.441263516929535 ], [ -58.968899199717711, -27.441420798455216 ], [ -58.968749693846846, -27.441557199468861 ], [ -58.968462862378466, -27.441811717371458 ], [ -58.968426811908458, -27.441907333998262 ], [ -58.968068268280248, -27.442225480358626 ], [ -58.967854449951083, -27.442414532976521 ], [ -58.967495904086434, -27.442732674148743 ], [ -58.967460242491583, -27.442700683024587 ], [ -58.967101694485002, -27.443018833037833 ], [ -58.966954321500999, -27.443147506502623 ], [ -58.966237216720707, -27.443783792797909 ], [ -58.965200117221592, -27.444707862241149 ] ] ] ] } },
{ "type": "Feature", "properties": { "Barrio": "AUSUNCION", "Municipio": "Resistencia", "ID": 318, "Área": 171500.02, "Perímetro": 1890.0 }, "geometry": { "type": "MultiPolygon", "coordinates": [ [ [ [ -58.968950490242754, -27.444941758550666 ], [ -58.967193557502917, -27.446500682260449 ], [ -58.972186218630938, -27.450979088934481 ], [ -58.97394315750342, -27.449420103265908 ], [ -58.968950490242754, -27.444941758550666 ] ] ] ] } },
{ "type": "Feature", "properties": { "Barrio": "SAN MARTIN", "Municipio": "Resistencia", "ID": 319, "Área": 468788.93, "Perímetro": 2727.28 }, "geometry": { "type": "MultiPolygon", "coordinates": [ [ [ [ -58.969093909763622, -27.444814500231619 ], [ -58.974066392303904, -27.449274732535105 ], [ -58.974106849975605, -27.449274829250299 ], [ -58.974783367648868, -27.448674517592352 ], [ -58.975735902499963, -27.447829276755741 ], [ -58.975879318323145, -27.447702011391229 ], [ -58.976596401670037, -27.447065675032629 ], [ -58.979177818061281, -27.444774824629555 ], [ -58.975076657789259, -27.441096343506505 ], [ -58.974359605714206, -27.441732679713805 ], [ -58.974180538879153, -27.441827957083088 ], [ -58.973724826997817, -27.44200470192439 ], [ -58.973569438876524, -27.442032023992837 ], [ -58.973324096234641, -27.44210235990159 ], [ -58.97316673090463, -27.442102884976926 ], [ -58.973018468103092, -27.442128975782904 ], [ -58.971825920656094, -27.442387564630028 ], [ -58.971603724724446, -27.442587418462796 ], [ -58.970886642397936, -27.443223734938215 ], [ -58.969093909763622, -27.444814500231619 ] ] ] ] } },
{ "type": "Feature", "properties": { "Barrio": "PARQUE AUTODROMO", "Municipio": "Resistencia", "ID": 320, "Área": 586392.14, "Perímetro": 3070.47 }, "geometry": { "type": "MultiPolygon", "coordinates": [ [ [ [ -59.002011474691187, -27.399371657214964 ], [ -58.999238101932434, -27.401834833600514 ], [ -58.999183122196001, -27.401785515474362 ], [ -58.998964537270396, -27.401979640354241 ], [ -58.999371646981388, -27.402998101418941 ], [ -58.999393030701533, -27.403017288455615 ], [ -58.999472335339483, -27.403218002313938 ], [ -58.999546802585371, -27.403406455261816 ], [ -59.000284706030619, -27.405280887984887 ], [ -59.00100030618264, -27.407084883446981 ], [ -59.001311449709519, -27.407836360340415 ], [ -59.001504126707637, -27.408301731413669 ], [ -59.001566506243456, -27.408418823331886 ], [ -59.00168961623914, -27.408627736244231 ], [ -59.001767007103815, -27.408704758583653 ], [ -59.001858591313258, -27.408795909758609 ], [ -59.00199048159552, -27.408933376342297 ], [ -59.002222932307589, -27.409107435943856 ], [ -59.002512032113351, -27.409266723500529 ], [ -59.00277055557563, -27.409355326925905 ], [ -59.003076432392206, -27.409401936610529 ], [ -59.003405233024594, -27.409428179723228 ], [ -59.003481871313738, -27.409427449668659 ], [ -59.003858051903151, -27.409381055916473 ], [ -59.004089805028229, -27.409333067562518 ], [ -59.004561163456835, -27.409116208753773 ], [ -59.00570185328079, -27.408143617476529 ], [ -59.00598851130453, -27.407889017065674 ], [ -59.006231500625404, -27.407674581425052 ], [ -59.006848489663504, -27.407125207606899 ], [ -59.007393137845753, -27.406641455939866 ], [ -59.007633210176458, -27.406428222365509 ], [ -59.00793778328196, -27.406157704707429 ], [ -59.008797731800577, -27.405393882305006 ], [ -59.007604638189541, -27.404323937779662 ], [ -59.007568797971558, -27.404355756503371 ], [ -59.005829436801719, -27.402795869280325 ], [ -59.005472852397752, -27.402476074399626 ], [ -59.005327583348041, -27.402345793234343 ], [ -59.004614423414417, -27.401706196546368 ], [ -59.004471793213725, -27.401578277698597 ], [ -59.00375865318626, -27.40093868321631 ], [ -59.003616017871273, -27.400810764383785 ], [ -59.003295109387842, -27.400522939874421 ], [ -59.00297419237647, -27.400235123610173 ], [ -59.002831568977385, -27.400107204083195 ], [ -59.002011474691187, -27.399371657214964 ] ] ] ] } },
{ "type": "Feature", "properties": { "Barrio": "CRISTO REY", "Municipio": "Resistencia", "ID": 321, "Área": 420714.44, "Perímetro": 5857.54 }, "geometry": { "type": "MultiPolygon", "coordinates": [ [ [ [ -58.996376492417269, -27.404372155229566 ], [ -58.995079277616355, -27.405524137916203 ], [ -58.997073837616519, -27.407313143739287 ], [ -58.997216466184604, -27.407441070019463 ], [ -58.997761310572969, -27.407929750358743 ], [ -58.997762746810004, -27.408020572061005 ], [ -58.999801692558854, -27.409849393424793 ], [ -59.000009528766199, -27.409664814371776 ], [ -59.000903869658551, -27.410466906031683 ], [ -59.000696026269509, -27.410651486345838 ], [ -59.000760525143299, -27.410594202555824 ], [ -59.000617891476274, -27.410466279761664 ], [ -59.000008839431167, -27.409920042709924 ], [ -58.999800995653423, -27.410104621691655 ], [ -58.999545847052744, -27.410331202665908 ], [ -58.999451733911044, -27.41041949615364 ], [ -58.999263529370054, -27.410250698113046 ], [ -58.999120183318595, -27.410377992911677 ], [ -58.997879205715343, -27.409290566457724 ], [ -58.997735866535756, -27.409417853575775 ], [ -58.997672164457285, -27.409360762342242 ], [ -58.995047110963306, -27.411690925384733 ], [ -58.995381470708388, -27.411775894829553 ], [ -58.995724283152235, -27.411853355323615 ], [ -58.995952663617025, -27.411897502294284 ], [ -58.996254661566191, -27.41194756596926 ], [ -58.996628373445738, -27.411997588296586 ], [ -58.997043771740266, -27.412038179276745 ], [ -58.998038887503881, -27.412081875651978 ], [ -58.998544372595227, -27.412075120797038 ], [ -58.999113417803244, -27.412030162121248 ], [ -58.999931704669166, -27.411863959508501 ], [ -59.000709814424951, -27.411702890943261 ], [ -59.000781514977476, -27.411592921812641 ], [ -59.000956519880845, -27.411423950794244 ], [ -59.001064753602208, -27.411238024015699 ], [ -59.00114818861293, -27.41105699892136 ], [ -59.001231919196663, -27.410761112822975 ], [ -59.001239398501255, -27.410729062018788 ], [ -59.000182777202788, -27.407766995780047 ], [ -59.000152992052634, -27.407676962507797 ], [ -58.999480490045642, -27.405975020358802 ], [ -58.999413235692828, -27.405804824401766 ], [ -58.999076978955792, -27.404953853261759 ], [ -58.999009735903442, -27.404783657191295 ], [ -58.998673485110302, -27.403932686023769 ], [ -58.998623781166842, -27.403793539788563 ], [ -58.998191517621706, -27.402699536722306 ], [ -58.996391163963239, -27.40429839583874 ], [ -58.996376492417269, -27.404372155229566 ] ] ], [ [ [ -58.993859547783423, -27.411090670953971 ], [ -58.995424998352583, -27.40970057580008 ], [ -58.995364955550365, -27.409646722316115 ], [ -58.994262414272235, -27.410192973855192 ], [ -58.993748874142405, -27.409732364687049 ], [ -58.993142341139411, -27.409181737322765 ], [ -58.992795869488326, -27.409489391549087 ], [ -58.992724555006106, -27.409425424852678 ], [ -58.995864008812923, -27.406637491112026 ], [ -58.994829963530727, -27.405710022389584 ], [ -58.990514773567774, -27.409541938480221 ], [ -58.991869053030221, -27.410185077594658 ], [ -58.992761680058628, -27.410608961105108 ], [ -58.993859547783423, -27.411090670953971 ] ] ] ] } },
{ "type": "Feature", "properties": { "Barrio": "EL TIMBO", "Municipio": "Resistencia", "ID": 322, "Área": 397010.41, "Perímetro": 3701.55 }, "geometry": { "type": "MultiPolygon", "coordinates": [ [ [ [ -59.002463430858995, -27.424116484790908 ], [ -59.003997323405351, -27.422754403981518 ], [ -59.003998051332374, -27.422486421249239 ], [ -59.003984065406613, -27.422371544114867 ], [ -59.003667462512716, -27.421892577625968 ], [ -59.003517125298828, -27.421742775287296 ], [ -59.00334993224596, -27.421622849601302 ], [ -59.00294004168358, -27.421405305517457 ], [ -59.002780947687455, -27.421367653357773 ], [ -59.002596844093787, -27.421292562539115 ], [ -59.002203619861419, -27.421104962338088 ], [ -59.001977537876108, -27.421052231336908 ], [ -59.001818494271255, -27.420999623562743 ], [ -59.001675674376678, -27.420902522489257 ], [ -59.0014738120313, -27.420846028006927 ], [ -59.001327997754444, -27.420784074801102 ], [ -59.001197339427087, -27.420690788037614 ], [ -59.001018194436469, -27.420552382891064 ], [ -59.000764097672494, -27.420324510470415 ], [ -59.000591746260021, -27.420193160345899 ], [ -59.000484154826957, -27.420073475384704 ], [ -59.000337963522632, -27.419872769072136 ], [ -59.000247679698482, -27.419745409804058 ], [ -59.000140303796492, -27.419564044995564 ], [ -59.00004107276532, -27.419390275076985 ], [ -58.999829732035579, -27.419184836362192 ], [ -58.999765474800675, -27.419026681719213 ], [ -58.999739948098011, -27.418910985067797 ], [ -58.999757857667717, -27.418725980814269 ], [ -58.999771173139251, -27.418621922704819 ], [ -58.99987344893308, -27.41851123695557 ], [ -59.000067197360423, -27.41838328084626 ], [ -59.000230256985738, -27.418327738439423 ], [ -59.000425294113178, -27.418278383426529 ], [ -59.000654933841858, -27.418284974648262 ], [ -59.000821830999513, -27.418322520844693 ], [ -59.000960938780125, -27.418347599156821 ], [ -59.001113834470168, -27.418409957165174 ], [ -59.001273707674869, -27.418466117018255 ], [ -59.001516895240975, -27.418584528397894 ], [ -59.00175313782205, -27.418696714749828 ], [ -59.001857675691625, -27.4186534124749 ], [ -59.002128984960251, -27.418684922447337 ], [ -59.002310023535777, -27.418660378899773 ], [ -59.002421664923723, -27.418573620398139 ], [ -59.002505303272109, -27.418536497271784 ], [ -59.002645172466323, -27.41833799131463 ], [ -59.002645549748898, -27.418226203596539 ], [ -59.002604425668736, -27.418039821836018 ], [ -59.002472842881595, -27.4178470745745 ], [ -59.002317585156256, -27.417629976192174 ], [ -59.002125301117104, -27.41737108939715 ], [ -59.001938669669727, -27.417225338050731 ], [ -59.001794493138767, -27.417020402003057 ], [ -59.001530260931368, -27.416734463414862 ], [ -59.001212331463279, -27.41655210207611 ], [ -59.00096317458059, -27.416522026901777 ], [ -59.000564415451898, -27.416506531380925 ], [ -59.000348586668231, -27.41644684648859 ], [ -58.999974935237731, -27.416379486305853 ], [ -58.999775523626134, -27.416379150429965 ], [ -58.999526115122599, -27.416423215517337 ], [ -58.999284939942761, -27.416489543743044 ], [ -58.99905224482054, -27.416503977866594 ], [ -58.998869100888392, -27.4166074698777 ], [ -58.99862777249087, -27.416718282432104 ], [ -58.998328201544929, -27.416851236145888 ], [ -58.998111675985925, -27.416999162468759 ], [ -58.997920395840616, -27.417050740342354 ], [ -58.997845394121128, -27.417139899900281 ], [ -58.997647459886394, -27.417279311746981 ], [ -58.997456281967267, -27.417436963552209 ], [ -58.997237984703681, -27.417558114297929 ], [ -58.997115096595365, -27.417655116161747 ], [ -58.996937732708588, -27.417752030085381 ], [ -58.996842115787913, -27.417836934991243 ], [ -58.996658099071709, -27.417891300219992 ], [ -58.996439883249856, -27.417988145077942 ], [ -58.996289756123915, -27.41808510170576 ], [ -58.996052219993224, -27.418026278060992 ], [ -58.995790940837111, -27.418252500452713 ], [ -58.995247064312018, -27.41799288077473 ], [ -58.994937418508812, -27.418267821705872 ], [ -58.994995904314479, -27.418360776238067 ], [ -58.995053474686159, -27.418417580860702 ], [ -58.995070692049929, -27.418448537842288 ], [ -58.995023875904401, -27.418618582033403 ], [ -58.995121486776171, -27.418788858767694 ], [ -58.995152323573336, -27.418805443597062 ], [ -58.995220247453041, -27.418941282330405 ], [ -58.995265803081075, -27.419186599752766 ], [ -58.995240385391462, -27.41931076772925 ], [ -58.995201180409978, -27.419437905267603 ], [ -58.995070841663647, -27.419645869350909 ], [ -58.994940575267293, -27.419830708039054 ], [ -58.994920914298376, -27.419894284908988 ], [ -58.99486257319861, -27.419899971485265 ], [ -58.994741656190158, -27.419993299188242 ], [ -58.998272945562604, -27.423160229905985 ], [ -58.99834426481565, -27.423224193912269 ], [ -58.999914035880842, -27.421830333760905 ], [ -59.002463430858995, -27.424116484790908 ] ] ], [ [ [ -58.994377570010101, -27.418764915067221 ], [ -58.993872266432582, -27.419213574607451 ], [ -58.994255771231266, -27.419557531838453 ], [ -58.994281798319264, -27.419490235427233 ], [ -58.994354442991785, -27.419430029484889 ], [ -58.994434407717129, -27.419346145939127 ], [ -58.994555549622355, -27.419225700465709 ], [ -58.99460896795501, -27.419139611280908 ], [ -58.99460931328727, -27.419040511663567 ], [ -58.994532457197678, -27.418928348518435 ], [ -58.994484937249673, -27.4188708536756 ], [ -58.994377570010101, -27.418764915067221 ] ] ] ] } },
{ "type": "Feature", "properties": { "Barrio": "EL BOLSON", "Municipio": "Resistencia", "ID": 323, "Área": 74895.42, "Perímetro": 1055.75 }, "geometry": { "type": "MultiPolygon", "coordinates": [ [ [ [ -58.981617187456479, -27.429879402464223 ], [ -58.981929033968299, -27.429602563459728 ], [ -58.982237807752099, -27.429325602920677 ], [ -58.982795388054249, -27.42882826401085 ], [ -58.983112803403401, -27.428583474991544 ], [ -58.983513709991897, -27.428227753296468 ], [ -58.983432726749328, -27.428045090611914 ], [ -58.983429497060897, -27.427920636900716 ], [ -58.983385402344872, -27.427832460533203 ], [ -58.98336352803188, -27.427724555483156 ], [ -58.983326886446953, -27.427629760499531 ], [ -58.983314635400077, -27.427524288916104 ], [ -58.983280766502162, -27.427427209514242 ], [ -58.983227586909798, -27.427347418341338 ], [ -58.983176865748938, -27.427265312480149 ], [ -58.983125434590669, -27.427184107391735 ], [ -58.983066613605594, -27.427101863894404 ], [ -58.983003057209757, -27.427030960082249 ], [ -58.982939934849398, -27.426959822088151 ], [ -58.982899405148068, -27.426867278889972 ], [ -58.982818803443919, -27.426812786380729 ], [ -58.982704664495401, -27.426723198078413 ], [ -58.982425619385381, -27.426513201325626 ], [ -58.982297248102967, -27.426416501964638 ], [ -58.982120612096537, -27.426328591863321 ], [ -58.981821111823045, -27.426285550059745 ], [ -58.981394458375, -27.426426756450748 ], [ -58.981077765421077, -27.426658466336242 ], [ -58.980970225389001, -27.42675392235526 ], [ -58.980907088808678, -27.426825239942197 ], [ -58.980842527993097, -27.42689526843952 ], [ -58.980777972085221, -27.426965304159381 ], [ -58.980713412033992, -27.427035341621455 ], [ -58.980641648024033, -27.42712449701763 ], [ -58.980584061771765, -27.427251970132225 ], [ -58.980490764336004, -27.42738783385083 ], [ -58.980414670065763, -27.427584708309439 ], [ -58.980375894782028, -27.427758535115316 ], [ -58.980390670099489, -27.427960660044715 ], [ -58.980576175574491, -27.428416211926347 ], [ -58.980761901406424, -27.42860008070404 ], [ -58.980918873575398, -27.428715296778758 ], [ -58.981017247051945, -27.428818888702175 ], [ -58.981111318047262, -27.428926299478345 ], [ -58.981204678485042, -27.429034350186893 ], [ -58.981248648937786, -27.429156960369991 ], [ -58.981344871826629, -27.429262455671058 ], [ -58.981409203445445, -27.429397544467065 ], [ -58.981484440936349, -27.429547946578584 ], [ -58.981519594603292, -27.429635724301473 ], [ -58.98155188922361, -27.429716360598192 ], [ -58.981617187456479, -27.429879402464223 ] ] ] ] } },
{ "type": "Feature", "properties": { "Barrio": "ISLA RIO NEGRO", "Municipio": "Resistencia", "ID": 324, "Área": 241827.79, "Perímetro": 2281.32 }, "geometry": { "type": "MultiPolygon", "coordinates": [ [ [ [ -58.984116581657574, -27.427675420747402 ], [ -58.986276011889288, -27.42575848201345 ], [ -58.986322549556533, -27.425489331040843 ], [ -58.981458063937197, -27.421125941698502 ], [ -58.98058693024452, -27.421703564383517 ], [ -58.980043517098935, -27.422386115790019 ], [ -58.979811816193887, -27.422731388050384 ], [ -58.9794723352773, -27.423419276033339 ], [ -58.979487106599805, -27.423954555421112 ], [ -58.97971924447512, -27.424547629467064 ], [ -58.980157297157142, -27.425730849488264 ], [ -58.980400582075319, -27.426058191970977 ], [ -58.979861006796568, -27.426221650891804 ], [ -58.979991015398333, -27.42635989106768 ], [ -58.980521819152791, -27.426199998601479 ], [ -58.981162859669936, -27.425755727766266 ], [ -58.982068031189122, -27.42553413746511 ], [ -58.982460035560933, -27.425648552189696 ], [ -58.983009134807347, -27.425990841135597 ], [ -58.983455809024406, -27.426504401739987 ], [ -58.984116581657574, -27.427675420747402 ] ] ] ] } },
{ "type": "Feature", "properties": { "Barrio": "RIO NEGRO", "Municipio": "Resistencia", "ID": 325, "Área": 518979.55, "Perímetro": 3992.18 }, "geometry": { "type": "MultiPolygon", "coordinates": [ [ [ [ -58.9755979890246, -27.422729554525315 ], [ -58.974941982708565, -27.423320334149416 ], [ -58.974802437496187, -27.423517173850694 ], [ -58.974180484536042, -27.424077658817694 ], [ -58.974059032641911, -27.424161529973961 ], [ -58.97352594659661, -27.424634707440653 ], [ -58.972725697076974, -27.425346449753928 ], [ -58.972462895771152, -27.425582253768575 ], [ -58.973200736912204, -27.426260353006672 ], [ -58.973503512660486, -27.426073911420541 ], [ -58.973940346786883, -27.426025634546946 ], [ -58.974419575724262, -27.426166632273933 ], [ -58.974694723539393, -27.426377252246038 ], [ -58.974823245336914, -27.426510450109433 ], [ -58.975036389001787, -27.426545919246202 ], [ -58.975344705190011, -27.426828830776152 ], [ -58.975402186433719, -27.426936700001797 ], [ -58.975452818570517, -27.427017505819467 ], [ -58.975477465005582, -27.427056945042398 ], [ -58.975534515236404, -27.427147992866228 ], [ -58.975603813436329, -27.4272588201726 ], [ -58.97566700273893, -27.427359784877762 ], [ -58.975703874924427, -27.427438732590435 ], [ -58.975735418089663, -27.427507567189345 ], [ -58.97576322884121, -27.427568388470828 ], [ -58.975775263850707, -27.42764696144841 ], [ -58.975813931607533, -27.427761149547116 ], [ -58.97584945556784, -27.427858115559289 ], [ -58.975895314696658, -27.427956733019744 ], [ -58.975934825175742, -27.428041648411781 ], [ -58.97610709922273, -27.427984650470059 ], [ -58.976138860150584, -27.428033980270126 ], [ -58.976202177758644, -27.428184714430618 ], [ -58.976587553134806, -27.42910213849936 ], [ -58.976972056815079, -27.430020224665508 ], [ -58.976853536733849, -27.430285437044443 ], [ -58.976960659587, -27.430427511241501 ], [ -58.977004264469187, -27.430485105870904 ], [ -58.977605841245214, -27.430859515529608 ], [ -58.978161388079272, -27.431502387285867 ], [ -58.978222961483866, -27.431573966311962 ], [ -58.978964681904188, -27.432430964425475 ], [ -58.979359603447207, -27.432293825358482 ], [ -58.979695040183167, -27.432261789678257 ], [ -58.980211689408804, -27.432091978699564 ], [ -58.980211382737039, -27.431996274873541 ], [ -58.980185952945661, -27.431914900770252 ], [ -58.980141436951463, -27.431775966227097 ], [ -58.980099549352573, -27.431674009760986 ], [ -58.980057656693312, -27.431572721894053 ], [ -58.980015766217207, -27.431470764479528 ], [ -58.979973872744232, -27.431369471167493 ], [ -58.97993198536706, -27.431267522774256 ], [ -58.979890096086748, -27.431166229467891 ], [ -58.979801668100912, -27.430951070492718 ], [ -58.979756535327731, -27.430816943596195 ], [ -58.98004516577965, -27.430733408642094 ], [ -58.980746545492551, -27.430503491109004 ], [ -58.980888926567324, -27.430456807352975 ], [ -58.981223929119459, -27.430354878691887 ], [ -58.980714264874528, -27.429625481430833 ], [ -58.980822539284347, -27.429576587454481 ], [ -58.98071233152929, -27.429424085743616 ], [ -58.980612640118125, -27.429469113535866 ], [ -58.980368023989044, -27.429102553221838 ], [ -58.980243652427134, -27.428992298912764 ], [ -58.979976635379295, -27.428594968684312 ], [ -58.979737371797249, -27.427426405143638 ], [ -58.980193157683331, -27.426611997191152 ], [ -58.97997161471725, -27.426362942550746 ], [ -58.979861006796568, -27.426221650891804 ], [ -58.979362663262471, -27.425691080197929 ], [ -58.979030511601074, -27.425011644530748 ], [ -58.978708727109023, -27.423629372170804 ], [ -58.97902319540006, -27.422497462357303 ], [ -58.979824129072369, -27.421467336178768 ], [ -58.980905382598984, -27.420630164314208 ], [ -58.980797492944504, -27.420533376056177 ], [ -58.980424026095235, -27.420198355097742 ], [ -58.980296876893206, -27.420084290665866 ], [ -58.979481499020856, -27.419352838385176 ], [ -58.979441024901043, -27.41935274332868 ], [ -58.979051473326606, -27.419698542727964 ], [ -58.978903369755038, -27.41983001490247 ], [ -58.978513811789504, -27.420175813564303 ], [ -58.9783859944474, -27.420289288217536 ], [ -58.9779558608193, -27.420671101589832 ], [ -58.977848323176907, -27.42076655265166 ], [ -58.977418186861499, -27.42114836424517 ], [ -58.977310651294644, -27.421243818491867 ], [ -58.976880511288996, -27.421625627396782 ], [ -58.976788743934478, -27.421705692581632 ], [ -58.976342827040291, -27.422102889188032 ], [ -58.976207830900151, -27.422222695915835 ], [ -58.975938057577864, -27.422462156260437 ], [ -58.9755979890246, -27.422729554525315 ] ] ] ] } },
{ "type": "Feature", "properties": { "Barrio": "CAMORS", "Municipio": "Resistencia", "ID": 326, "Área": 93063.7, "Perímetro": 1359.93 }, "geometry": { "type": "MultiPolygon", "coordinates": [ [ [ [ -58.973846410405024, -27.436779697963544 ], [ -58.971849514277501, -27.434988381348827 ], [ -58.971706111961723, -27.435115639516326 ], [ -58.971135578110498, -27.434603807878311 ], [ -58.97074334173827, -27.434251935381649 ], [ -58.970069333796481, -27.434850062083775 ], [ -58.970026407006245, -27.434888168127198 ], [ -58.969705396680155, -27.434600376743109 ], [ -58.969303861156909, -27.434956709302217 ], [ -58.968988364154583, -27.435236679927353 ], [ -58.969701515345669, -27.43587645608352 ], [ -58.969844147017298, -27.436004406388562 ], [ -58.970557314146333, -27.436644178412173 ], [ -58.970705345404028, -27.436773758606712 ], [ -58.97141851941219, -27.437413526403397 ], [ -58.97155864540084, -27.437539452373475 ], [ -58.972271832344987, -27.438179209710427 ], [ -58.972988872292035, -27.437542889943064 ], [ -58.973129383344165, -27.437416022505765 ], [ -58.973846410405024, -27.436779697963544 ] ] ] ] } },
{ "type": "Feature", "properties": { "Barrio": "ATLANTICO SUR", "Municipio": "Resistencia", "ID": 327, "Área": 101985.23, "Perímetro": 1385.89 }, "geometry": { "type": "MultiPolygon", "coordinates": [ [ [ [ -58.974477678770562, -27.433308300089926 ], [ -58.974330679004446, -27.433438327421317 ], [ -58.974178647131687, -27.43330314951098 ], [ -58.973526177531802, -27.433882212857824 ], [ -58.974178726324141, -27.434467585302105 ], [ -58.974283492882073, -27.434561557453215 ], [ -58.974409708960742, -27.434561658908351 ], [ -58.974516686355017, -27.434657624226549 ], [ -58.974837613630648, -27.43494551425254 ], [ -58.974944594848978, -27.435041473865844 ], [ -58.975372504289709, -27.435425321334289 ], [ -58.975961596217815, -27.434902510543129 ], [ -58.976117994472105, -27.434779710787097 ], [ -58.976834980277175, -27.434143369639223 ], [ -58.976940293215904, -27.434053714675169 ], [ -58.977657273658963, -27.433417369002957 ], [ -58.977734380072434, -27.43334543816761 ], [ -58.978092866287803, -27.433027259564156 ], [ -58.978200414993296, -27.432931805181664 ], [ -58.978300789232584, -27.432842722012005 ], [ -58.978251173473041, -27.432695851183325 ], [ -58.97820853176178, -27.432606424238795 ], [ -58.978158720963826, -27.432523362298483 ], [ -58.978094568959648, -27.432453024030089 ], [ -58.978023255957623, -27.432389052607316 ], [ -58.977966269222115, -27.432312349243553 ], [ -58.977916458733006, -27.432229287221784 ], [ -58.977859483216562, -27.432152590214535 ], [ -58.977802504810661, -27.432075885944691 ], [ -58.977738360340695, -27.432005550279964 ], [ -58.977667039705963, -27.43194158223417 ], [ -58.977610061530854, -27.431864878792265 ], [ -58.977545917336606, -27.431794539434311 ], [ -58.977481763077556, -27.431724203583386 ], [ -58.977417619036636, -27.431653865071709 ], [ -58.977411920303531, -27.431652332561132 ], [ -58.977351211879743, -27.431616434315636 ], [ -58.977335334698907, -27.431613550277032 ], [ -58.977311547551302, -27.431597889437413 ], [ -58.977300469948361, -27.431579432502105 ], [ -58.977283056178521, -27.43155245591511 ], [ -58.977251347105323, -27.431526855194655 ], [ -58.977214862094662, -27.431505486676439 ], [ -58.977195841188163, -27.431491259452262 ], [ -58.977170478955927, -27.431465672806667 ], [ -58.977148311999947, -27.431434430156553 ], [ -58.977089651356806, -27.431387485706669 ], [ -58.977081704989317, -27.431391716298688 ], [ -58.977051578757838, -27.431367534832127 ], [ -58.977038490541375, -27.431346797294744 ], [ -58.977010409561217, -27.431310727807801 ], [ -58.976983454912002, -27.43128938677269 ], [ -58.976953320946997, -27.431270875655542 ], [ -58.976918435635213, -27.431245264179449 ], [ -58.9768914859239, -27.431221087949879 ], [ -58.976885179507526, -27.431201230353498 ], [ -58.976875683713665, -27.431184196287713 ], [ -58.976848744130308, -27.43116002102688 ], [ -58.976826553523281, -27.43113728198907 ], [ -58.976815464219627, -27.431124494455062 ], [ -58.97681141834628, -27.431110091069012 ], [ -58.976488785802736, -27.431396450039777 ], [ -58.976557668685267, -27.431458059149243 ], [ -58.976501509655456, -27.431510620652311 ], [ -58.976143017005207, -27.431828793382596 ], [ -58.976018772078056, -27.431941993828616 ], [ -58.97530178622722, -27.432578337477953 ], [ -58.975194674055999, -27.432671961907857 ], [ -58.974477678770562, -27.433308300089926 ] ] ] ] } },
{ "type": "Feature", "properties": { "Barrio": "PLAN 48 VIAMUDOCH", "Municipio": "Resistencia", "ID": 328, "Área": 10937.49, "Perímetro": 420.0 }, "geometry": { "type": "MultiPolygon", "coordinates": [ [ [ [ -58.965298399982821, -27.436924218475344 ], [ -58.964545465140183, -27.437592317178673 ], [ -58.964848545383596, -27.437864227387159 ], [ -58.964955517337458, -27.437960199861045 ], [ -58.965222947142628, -27.438200117612364 ], [ -58.965285695531755, -27.438144443440375 ], [ -58.965357005533562, -27.438208423944165 ], [ -58.966047192231706, -27.437596004485645 ], [ -58.965298399982821, -27.436924218475344 ] ] ] ] } },
{ "type": "Feature", "properties": { "Barrio": "E.CIR.SU.SE.PE.FA", "Municipio": "Resistencia", "ID": 329, "Área": 12053.34, "Perímetro": 439.62 }, "geometry": { "type": "MultiPolygon", "coordinates": [ [ [ [ -58.964373318783025, -27.436091072049127 ], [ -58.964050636203595, -27.436377395289536 ], [ -58.963943425519616, -27.436470748337388 ], [ -58.963620744771582, -27.436757070535567 ], [ -58.964440843565349, -27.437492846284552 ], [ -58.96476352452806, -27.437206515901416 ], [ -58.964870736287793, -27.437113162240308 ], [ -58.965193414977769, -27.436826837100952 ], [ -58.964373318783025, -27.436091072049127 ] ] ] ] } },
{ "type": "Feature", "properties": { "Barrio": "PLAN 56 VIV, SEJCH", "Municipio": "Resistencia", "ID": 330, "Área": 19175.56, "Perímetro": 559.6 }, "geometry": { "type": "MultiPolygon", "coordinates": [ [ [ [ -58.962745528653691, -27.44090203053317 ], [ -58.961884986320406, -27.44166555146403 ], [ -58.962205902537491, -27.441953463661889 ], [ -58.962278955624072, -27.442017671660221 ], [ -58.962599870789731, -27.442305589286359 ], [ -58.962702465999065, -27.442401080616321 ], [ -58.963023393545569, -27.442688991071805 ], [ -58.963883933414003, -27.441925465906515 ], [ -58.963563008764112, -27.441637554717399 ], [ -58.963460413483588, -27.441542063107633 ], [ -58.963139498096027, -27.441254153748105 ], [ -58.963066448042291, -27.441189943509919 ], [ -58.962745528653691, -27.44090203053317 ] ] ] ] } },
{ "type": "Feature", "properties": { "Barrio": "LOS TRONCOS", "Municipio": "Resistencia", "ID": 331, "Área": 175432.28, "Perímetro": 2514.39 }, "geometry": { "type": "MultiPolygon", "coordinates": [ [ [ [ -58.965061519564813, -27.444578744268334 ], [ -58.965957918859324, -27.443783393202192 ], [ -58.966065691893448, -27.443624141206516 ], [ -58.966782792467278, -27.442987861162273 ], [ -58.96692621184399, -27.442860599624954 ], [ -58.967643312707878, -27.442224309470873 ], [ -58.967858440689071, -27.442033417944749 ], [ -58.968898216153526, -27.441110790080707 ], [ -58.9675788343378, -27.439927199505203 ], [ -58.967399559385768, -27.440086266813861 ], [ -58.966793374713575, -27.439542456348228 ], [ -58.966649956629063, -27.439669712486545 ], [ -58.966186403338661, -27.439253843813656 ], [ -58.966043771942665, -27.439125892530896 ], [ -58.965330615178551, -27.438486097899485 ], [ -58.965116676798843, -27.438294162493104 ], [ -58.964399588053134, -27.438930443906411 ], [ -58.964470897065247, -27.438994418532904 ], [ -58.964613526376297, -27.439122376787093 ], [ -58.965326688907687, -27.439762175075426 ], [ -58.965469314116902, -27.439890133351565 ], [ -58.966326722360876, -27.440656740016504 ], [ -58.966110063148641, -27.440848843252333 ], [ -58.965392881694726, -27.441485051946405 ], [ -58.965249466517591, -27.441612309253607 ], [ -58.96482263682865, -27.441231383651711 ], [ -58.964434610403593, -27.440877046149364 ], [ -58.964012949385165, -27.440496666385851 ], [ -58.96362090011332, -27.440145106712404 ], [ -58.96289588801676, -27.440774213013089 ], [ -58.963287937073702, -27.441125774693464 ], [ -58.963709597854248, -27.441506155712641 ], [ -58.964097624074334, -27.441860489785874 ], [ -58.963956072345077, -27.441989437950856 ], [ -58.963095529437354, -27.442752960825405 ], [ -58.963416448850111, -27.443040876658443 ], [ -58.963528398185183, -27.443139368744223 ], [ -58.963671031480693, -27.443267334322091 ], [ -58.963635173054357, -27.443299153570436 ], [ -58.963764818907727, -27.443415456958025 ], [ -58.963801334754933, -27.443447613273676 ], [ -58.964205707703805, -27.443810992061795 ], [ -58.964348342701001, -27.443938950663586 ], [ -58.965061519564813, -27.444578744268334 ] ] ] ] } },
{ "type": "Feature", "properties": { "Barrio": "PLAN 96 VISEJCH", "Municipio": "Resistencia", "ID": 332, "Área": 31720.27, "Perímetro": 1222.91 }, "geometry": { "type": "MultiPolygon", "coordinates": [ [ [ [ -58.965285913077203, -27.441389086120139 ], [ -58.966003006230395, -27.44075279790561 ], [ -58.96568208621715, -27.440464897860501 ], [ -58.965610768582202, -27.440400913843902 ], [ -58.965289847604865, -27.440113009305627 ], [ -58.965182872329834, -27.440017037044598 ], [ -58.964861956607692, -27.439729131589097 ], [ -58.964790639885194, -27.439665150781423 ], [ -58.964469723165259, -27.439377244441992 ], [ -58.964362750320682, -27.439281271588118 ], [ -58.964184463576345, -27.439121326590389 ], [ -58.96260661958496, -27.440521318422061 ], [ -58.962481027296192, -27.440664566257968 ], [ -58.961620488157806, -27.441428082896959 ], [ -58.961780948927789, -27.441572037596153 ], [ -58.962641491156212, -27.44080852271135 ], [ -58.962784912206224, -27.44068126815867 ], [ -58.963603127868161, -27.439955282116596 ], [ -58.963752626672267, -27.440013518544649 ], [ -58.964073540163874, -27.44030143280294 ], [ -58.964144856915269, -27.440365407655776 ], [ -58.964465779522257, -27.440653321105305 ], [ -58.964572746720627, -27.440749287531958 ], [ -58.964893674582946, -27.441037200064294 ], [ -58.964964986178849, -27.441101178080963 ], [ -58.965285913077203, -27.441389086120139 ] ] ] ] } },
{ "type": "Feature", "properties": { "Barrio": "ALTABE", "Municipio": "Resistencia", "ID": 333, "Área": 170626.59, "Perímetro": 1839.62 }, "geometry": { "type": "MultiPolygon", "coordinates": [ [ [ [ -58.96889821311958, -27.441110790058261 ], [ -58.970188946890978, -27.439965436570262 ], [ -58.970224601472381, -27.439997524408799 ], [ -58.97033216455101, -27.439901985433519 ], [ -58.97047557589277, -27.439774717257567 ], [ -58.971191200644071, -27.439139679996913 ], [ -58.971334608869505, -27.43901242529801 ], [ -58.972051660648624, -27.438376104416321 ], [ -58.971338479854325, -27.437736346015068 ], [ -58.971202150724558, -27.437608325513391 ], [ -58.970488973755216, -27.436968556604249 ], [ -58.970340036775895, -27.436840672239757 ], [ -58.969626869706083, -27.436200900023806 ], [ -58.969484238106631, -27.436072943183767 ], [ -58.968771229367121, -27.435433297828435 ], [ -58.968054180032112, -27.436069595789167 ], [ -58.967910770986634, -27.436196856181063 ], [ -58.966942744800861, -27.437055854205514 ], [ -58.967655894159371, -27.437695639754914 ], [ -58.967804449100697, -27.437819689087231 ], [ -58.968155108301183, -27.438143482820703 ], [ -58.967939982583516, -27.438334368771201 ], [ -58.967957817767235, -27.438350370618878 ], [ -58.96756342993217, -27.438700332963109 ], [ -58.967421305243164, -27.438826188247194 ], [ -58.966704228803394, -27.439462480865185 ], [ -58.966793374713575, -27.439542456348228 ], [ -58.967399559385768, -27.440086266813861 ], [ -58.967578837346522, -27.439927202234539 ], [ -58.968149372948744, -27.440439023932839 ], [ -58.96889821311958, -27.441110790058261 ] ] ] ] } },
{ "type": "Feature", "properties": { "Barrio": "FYRNYS", "Municipio": "Resistencia", "ID": 334, "Área": 230702.49, "Perímetro": 2122.67 }, "geometry": { "type": "MultiPolygon", "coordinates": [ [ [ [ -58.958144010143982, -27.43830895520836 ], [ -58.958500564547165, -27.438628872564983 ], [ -58.958607528552221, -27.438724846138321 ], [ -58.958964082654369, -27.439044756025698 ], [ -58.959071051523615, -27.439140727485515 ], [ -58.960194218898266, -27.440148448678485 ], [ -58.960337644847712, -27.440021194003357 ], [ -58.960915279421933, -27.44053944840676 ], [ -58.961417261145613, -27.440094064972655 ], [ -58.961667789037769, -27.440318848246271 ], [ -58.961021454651132, -27.440890639275853 ], [ -58.961620488157806, -27.441428082896959 ], [ -58.962481027296192, -27.440664566257968 ], [ -58.962606622644209, -27.440521315737779 ], [ -58.964184463576345, -27.439121326590389 ], [ -58.96439959108703, -27.438930443928957 ], [ -58.965080813378215, -27.438325979432435 ], [ -58.964866878836176, -27.438134037365167 ], [ -58.964759909807576, -27.43803806755249 ], [ -58.964403337585885, -27.437718169340876 ], [ -58.963939800797057, -27.437302302560656 ], [ -58.963832833372486, -27.437206332069401 ], [ -58.963476266497594, -27.436886431595862 ], [ -58.963368005398948, -27.436791862421444 ], [ -58.96301144524196, -27.436471960843864 ], [ -58.96290447641271, -27.436375986943659 ], [ -58.962547914883885, -27.436056084205184 ], [ -58.962440949865098, -27.435960112695245 ], [ -58.962063747797337, -27.435634132909449 ], [ -58.961977427778592, -27.435544239691271 ], [ -58.961620871596118, -27.43522433469137 ], [ -58.96093964359887, -27.435828782488578 ], [ -58.959542600385092, -27.437068080319392 ], [ -58.958825274671057, -27.437704522184909 ], [ -58.958717705042325, -27.437799960958706 ], [ -58.958144010143982, -27.43830895520836 ] ] ] ] } },
{ "type": "Feature", "properties": { "Barrio": "PLAN 17 VIVIENDAS", "Municipio": "Resistencia", "ID": 335, "Área": 4775.93, "Perímetro": 412.13 }, "geometry": { "type": "MultiPolygon", "coordinates": [ [ [ [ -58.961021454651132, -27.440890639275853 ], [ -58.961667789037769, -27.440318848246271 ], [ -58.961417261145613, -27.440094064972655 ], [ -58.960915279421933, -27.44053944840676 ], [ -58.960337644847712, -27.440021194003357 ], [ -58.960194221957579, -27.440148445994236 ], [ -58.961021454651132, -27.440890639275853 ] ] ] ] } },
{ "type": "Feature", "properties": { "Barrio": "PLAN 23 VIVIENDAS MUJERES ARGENTINAS", "Municipio": "Resistencia", "ID": 336, "Área": 3765.58, "Perímetro": 257.36 }, "geometry": { "type": "MultiPolygon", "coordinates": [ [ [ [ -58.946775628391315, -27.466841736572807 ], [ -58.946452610863147, -27.467127835658516 ], [ -58.947049064605473, -27.467663624629385 ], [ -58.947372076158331, -27.467377526843087 ], [ -58.946775628391315, -27.466841736572807 ] ] ] ] } },
{ "type": "Feature", "properties": { "Barrio": "MUJERES ARGENTINAS", "Municipio": "Resistencia", "ID": 337, "Área": 396435.64, "Perímetro": 3509.43 }, "geometry": { "type": "MultiPolygon", "coordinates": [ [ [ [ -58.945621000202138, -27.461889518627697 ], [ -58.945727903228658, -27.461985438390009 ], [ -58.945489028018372, -27.462197287468626 ], [ -58.945481902664248, -27.462190889090003 ], [ -58.944968064305748, -27.462646576962975 ], [ -58.945010817896325, -27.462684919571334 ], [ -58.943748239808912, -27.463804569763379 ], [ -58.944639765752555, -27.464604492757541 ], [ -58.944962580616185, -27.464318219327474 ], [ -58.946963115746883, -27.466119690835512 ], [ -58.946596619874263, -27.466444703840487 ], [ -58.948880520861358, -27.46850049075886 ], [ -58.95034768948517, -27.464491879503832 ], [ -58.95079463131772, -27.463747006417503 ], [ -58.951320149649817, -27.463166992851079 ], [ -58.951920682955503, -27.46268798334884 ], [ -58.950810608364648, -27.461125885797962 ], [ -58.950431826456899, -27.460597321802453 ], [ -58.949762816649482, -27.460118416744262 ], [ -58.949082216928609, -27.459730212983803 ], [ -58.948604848568912, -27.459403018811543 ], [ -58.946550701441161, -27.461255744553785 ], [ -58.947045324230508, -27.461697541172594 ], [ -58.94660328430728, -27.462089569567215 ], [ -58.946002287903099, -27.461550335473628 ], [ -58.945621000202138, -27.461889518627697 ] ] ], [ [ [ -58.948231738638384, -27.468144745397108 ], [ -58.947518951773425, -27.467504474284791 ], [ -58.947195937085695, -27.467790581406881 ], [ -58.947088288547363, -27.467885759447576 ], [ -58.946943774986522, -27.467756375931625 ], [ -58.946346451876224, -27.467220524895058 ], [ -58.946129337340629, -27.467413019735801 ], [ -58.946562485558495, -27.467990414666641 ], [ -58.946620421109003, -27.468042387959969 ], [ -58.946765267649738, -27.468171859145926 ], [ -58.947478051145467, -27.468812134031893 ], [ -58.947801072186103, -27.468526032706333 ], [ -58.947908720773114, -27.468430854123408 ], [ -58.948231738638384, -27.468144745397108 ] ] ] ] } },
{ "type": "Feature", "properties": { "Barrio": "PLAN 58 VIVIENDAS", "Municipio": "Resistencia", "ID": 338, "Área": 14036.39, "Perímetro": 745.06 }, "geometry": { "type": "MultiPolygon", "coordinates": [ [ [ [ -58.948153964467139, -27.468655961837065 ], [ -58.948283173659696, -27.468541518233536 ], [ -58.948140615887972, -27.468413463617235 ], [ -58.948011406698271, -27.46852790799289 ], [ -58.947583606509866, -27.468908711804062 ], [ -58.947967950493819, -27.46925394431026 ], [ -58.947994581407983, -27.469387697813435 ], [ -58.947732648777318, -27.470080605535781 ], [ -58.947667857341209, -27.470251565930866 ], [ -58.947437857181484, -27.470858475817156 ], [ -58.947470313953055, -27.471144477243925 ], [ -58.947775164171127, -27.47123639373503 ], [ -58.94809911150849, -27.470381588504075 ], [ -58.948163902369188, -27.470210627894854 ], [ -58.948484205414545, -27.469363300642769 ], [ -58.948527309269352, -27.469252050571043 ], [ -58.948553572114818, -27.4691735369003 ], [ -58.948499276226308, -27.469147008367056 ], [ -58.94841983712908, -27.469083596768478 ], [ -58.948049184387322, -27.4687506578639 ], [ -58.948153964467139, -27.468655961837065 ] ] ] ] } },
{ "type": "Feature", "properties": { "Barrio": "LA CALIFORNIA", "Municipio": "Resistencia", "ID": 339, "Área": 196421.24, "Perímetro": 1907.94 }, "geometry": { "type": "MultiPolygon", "coordinates": [ [ [ [ -58.951042739552811, -27.419120113760336 ], [ -58.952094480933283, -27.420064030759214 ], [ -58.95218176727581, -27.420113408695538 ], [ -58.954465723194438, -27.420388433102215 ], [ -58.954499861091811, -27.420360636648581 ], [ -58.95449811929614, -27.420246771383127 ], [ -58.9546694027215, -27.420245483210206 ], [ -58.956087930065927, -27.420379428758899 ], [ -58.956576201559962, -27.419956547912363 ], [ -58.957603121573698, -27.419710012601392 ], [ -58.957761317557988, -27.419625232263694 ], [ -58.958211906339457, -27.41923276915724 ], [ -58.958477709072639, -27.419471293865438 ], [ -58.958547265768409, -27.41945641836957 ], [ -58.954627799819058, -27.415938999825745 ], [ -58.951042739552811, -27.419120113760336 ] ] ] ] } },
{ "type": "Feature", "properties": { "Barrio": "LA RIBERA", "Municipio": "Resistencia", "ID": 340, "Área": 250775.1, "Perímetro": 3224.5 }, "geometry": { "type": "MultiPolygon", "coordinates": [ [ [ [ -58.961977582551974, -27.424118790165998 ], [ -58.96214482674835, -27.424407382317089 ], [ -58.962489085536504, -27.4246982899224 ], [ -58.96274133800496, -27.424911438990414 ], [ -58.962831332626408, -27.424963671173007 ], [ -58.96322128683672, -27.425495025439456 ], [ -58.963330142431467, -27.425643339899551 ], [ -58.963443979894187, -27.425798457204408 ], [ -58.963523609438305, -27.42598407692774 ], [ -58.9636120482145, -27.426190276309864 ], [ -58.963643230802226, -27.426262982836402 ], [ -58.963654150820851, -27.426372849399272 ], [ -58.96367534469649, -27.426585978771627 ], [ -58.963696151129987, -27.426795230531003 ], [ -58.963702270758446, -27.426856798785874 ], [ -58.963655529328683, -27.427007121560841 ], [ -58.963588213935822, -27.427223579439879 ], [ -58.963528541399036, -27.42741545703467 ], [ -58.963488079119855, -27.427545564884674 ], [ -58.96343592687402, -27.427637198584982 ], [ -58.963307629402642, -27.428068090210967 ], [ -58.963193157609766, -27.428268903032716 ], [ -58.963159488990101, -27.428403917781509 ], [ -58.96312225500764, -27.428553276940406 ], [ -58.963075933296409, -27.428753644616759 ], [ -58.962965188059904, -27.429198574422305 ], [ -58.963665496887138, -27.42984059590745 ], [ -58.964018411437031, -27.430164657356443 ], [ -58.964946163542045, -27.43101654771819 ], [ -58.965228780318562, -27.43127605462173 ], [ -58.965190562968694, -27.431103784230164 ], [ -58.965062698075862, -27.430915507177367 ], [ -58.964648372270752, -27.430305324663504 ], [ -58.964458978707796, -27.429867442752339 ], [ -58.964588959801823, -27.429616799547563 ], [ -58.964905596426597, -27.429505582508757 ], [ -58.96539863639601, -27.430060452075502 ], [ -58.965670018014166, -27.429937349902044 ], [ -58.966090778970887, -27.430026337472775 ], [ -58.966146543775629, -27.430045071705752 ], [ -58.966432367746137, -27.430025008025151 ], [ -58.966915419467476, -27.430155220866538 ], [ -58.968219379748206, -27.429024530286743 ], [ -58.968580663439667, -27.428713299987614 ], [ -58.968273841621354, -27.428643010277266 ], [ -58.968062751874605, -27.428594644957577 ], [ -58.9677482210801, -27.428522584350251 ], [ -58.96749894014156, -27.42850692735794 ], [ -58.967298092247979, -27.428494307882616 ], [ -58.967130919315132, -27.428483805550119 ], [ -58.96696377068973, -27.428473303197794 ], [ -58.966796683794691, -27.428462800200808 ], [ -58.966634832189008, -27.428452634499088 ], [ -58.966462866780816, -27.428441827835691 ], [ -58.966312038773587, -27.428432351691406 ], [ -58.966284201604758, -27.428430600402933 ], [ -58.966171375267663, -27.428396695768356 ], [ -58.966028259311223, -27.42835368173175 ], [ -58.965848948239341, -27.42829979449041 ], [ -58.965635095045741, -27.428235526227944 ], [ -58.965510461656265, -27.42809941449487 ], [ -58.965405687856268, -27.427984997473381 ], [ -58.965302595111581, -27.427872412008561 ], [ -58.965205595071076, -27.427766483279807 ], [ -58.965156648674082, -27.427713027852327 ], [ -58.96511989828862, -27.427640800069781 ], [ -58.965037859444195, -27.42747954865526 ], [ -58.964941385692306, -27.427289929954703 ], [ -58.964891961404554, -27.427018748148136 ], [ -58.964902574482387, -27.42687043148025 ], [ -58.964920745047181, -27.426828331548421 ], [ -58.965012855479728, -27.426627285263475 ], [ -58.965098517320335, -27.426434316761739 ], [ -58.965177033995609, -27.426257438337544 ], [ -58.965210087123481, -27.426182998244062 ], [ -58.965295504460428, -27.425990580925827 ], [ -58.965370110678172, -27.425822523670913 ], [ -58.965426785000211, -27.425694847356763 ], [ -58.965447850207632, -27.425655909934918 ], [ -58.965535934768532, -27.425493068980863 ], [ -58.965624024128829, -27.425330227095433 ], [ -58.965712108227237, -27.425167378789851 ], [ -58.965800193038277, -27.425004534034411 ], [ -58.965888280592729, -27.424841691941737 ], [ -58.965919585106789, -27.424783235685368 ], [ -58.966080038713592, -27.42453124487055 ], [ -58.966188407747531, -27.42436623844263 ], [ -58.966292105095413, -27.42420519111565 ], [ -58.966376213469651, -27.424074557727124 ], [ -58.966686778659209, -27.423661852839583 ], [ -58.966775535847972, -27.423504052038101 ], [ -58.966797263333937, -27.423458289337752 ], [ -58.966906605195319, -27.423153324619101 ], [ -58.966948188267999, -27.423037335879116 ], [ -58.966941632105382, -27.4229134042513 ], [ -58.966925972891026, -27.422617696191221 ], [ -58.966819919609129, -27.422425136385275 ], [ -58.966760252127415, -27.422327423463944 ], [ -58.966606381211534, -27.422264866541997 ], [ -58.966526846330446, -27.422266460630496 ], [ -58.966097870175112, -27.422275140301238 ], [ -58.965805704403792, -27.422366752521651 ], [ -58.96558214303716, -27.422437334811356 ], [ -58.965391512619533, -27.422497622500909 ], [ -58.965299967142606, -27.422526574689279 ], [ -58.965248596885509, -27.422556010020756 ], [ -58.96510441253082, -27.422638628031184 ], [ -58.964938500989213, -27.422733705850934 ], [ -58.964728948227076, -27.422853793080289 ], [ -58.964601224552638, -27.422940772980237 ], [ -58.964325195589993, -27.423005549340633 ], [ -58.964094272346372, -27.423059120986856 ], [ -58.963861381829823, -27.423113150458679 ], [ -58.963672976126261, -27.423156861525655 ], [ -58.963560695198467, -27.423178052416045 ], [ -58.963246232503082, -27.42323741274712 ], [ -58.96300467390126, -27.423283012344019 ], [ -58.962834754393242, -27.423315081302668 ], [ -58.962770825257486, -27.42332714480326 ], [ -58.962676888219846, -27.42339166373829 ], [ -58.962463512941603, -27.423538200530896 ], [ -58.96205243941094, -27.423820503778902 ], [ -58.961977582551974, -27.424118790165998 ] ] ] ] } },
{ "type": "Feature", "properties": { "Barrio": "DON SANTIAGO", "Municipio": "Resistencia", "ID": 341, "Área": 556988.08, "Perímetro": 8321.32 }, "geometry": { "type": "MultiPolygon", "coordinates": [ [ [ [ -58.991809872707641, -27.402355663398382 ], [ -58.991809587064004, -27.402355944676312 ], [ -58.991846348637715, -27.402371301570383 ], [ -58.995458461080773, -27.401241752260983 ], [ -58.994970321042878, -27.400005518596725 ], [ -58.993920929333513, -27.400334086304571 ], [ -58.993742702715359, -27.400378369188385 ], [ -58.993687930183576, -27.400258971793303 ], [ -58.993058686864138, -27.398711389952375 ], [ -58.993284775870272, -27.398659212028502 ], [ -58.994289599493762, -27.398358228587224 ], [ -58.994307618087674, -27.398325892263752 ], [ -58.993352775776209, -27.395888594342445 ], [ -58.992877880775751, -27.396298868984712 ], [ -58.992369995360058, -27.396789907224026 ], [ -58.992050219047542, -27.397070056460056 ], [ -58.991329010263776, -27.397628258804453 ], [ -58.991089561474759, -27.397719044846401 ], [ -58.990935825351855, -27.397788942662533 ], [ -58.990963736737996, -27.397847866939351 ], [ -58.990755834945325, -27.398230010890245 ], [ -58.990744843042755, -27.398411813113697 ], [ -58.990751757444862, -27.39854792997976 ], [ -58.990418149048296, -27.398818886510842 ], [ -58.991809872707641, -27.402355663398382 ] ] ], [ [ [ -58.997421742523137, -27.400746871737773 ], [ -58.991716684251699, -27.402533675240676 ], [ -58.994837283218352, -27.405332738350793 ], [ -58.998089398071549, -27.402445164191008 ], [ -58.997421742523137, -27.400746871737773 ] ] ], [ [ [ -58.997386069738077, -27.400647464173229 ], [ -58.995545825407461, -27.395964248199981 ], [ -58.995402748289628, -27.396009081557526 ], [ -58.994841003294354, -27.394580766974801 ], [ -58.993514871971399, -27.395758490432062 ], [ -58.993777252403696, -27.396425651298824 ], [ -58.994320966724487, -27.3962552973748 ], [ -58.994688291200504, -27.397189291313712 ], [ -58.994144572767247, -27.397359647441473 ], [ -58.994373846169928, -27.397938104947482 ], [ -58.994917106723129, -27.397766564393581 ], [ -58.995092438258453, -27.398208917961568 ], [ -58.994549178799581, -27.398380459158581 ], [ -58.994579872064108, -27.398466473792773 ], [ -58.993335015178488, -27.398856470920038 ], [ -58.993869377168153, -27.400218548163977 ], [ -58.995061870120992, -27.399845187964033 ], [ -58.995597325095083, -27.401207527569404 ], [ -58.997386069738077, -27.400647464173229 ] ] ], [ [ [ -58.990484600247612, -27.396879686997014 ], [ -58.987935027082408, -27.399138974318049 ], [ -58.989819530421755, -27.400827796548736 ], [ -58.990155154813685, -27.400689048294524 ], [ -58.990004463394847, -27.400241414415532 ], [ -58.989984495501993, -27.400056927385293 ], [ -58.989963719028928, -27.399782222307252 ], [ -58.989934457050239, -27.399403100803351 ], [ -58.989914467742281, -27.399166275486245 ], [ -58.98999475752511, -27.398580849834527 ], [ -58.990132109714423, -27.398295948717809 ], [ -58.990214268047431, -27.398127487103693 ], [ -58.990601327911442, -27.397427077637641 ], [ -58.990484600247612, -27.396879686997014 ] ] ], [ [ [ -58.994506602376603, -27.393321919298749 ], [ -58.991868020064445, -27.39566522728542 ], [ -58.992598782918982, -27.39632020867365 ], [ -58.994886896218595, -27.39428890220475 ], [ -58.994506602376603, -27.393321919298749 ] ] ], [ [ [ -58.991438029570553, -27.396047092839236 ], [ -58.991223033774141, -27.396238019219965 ], [ -58.991954074180377, -27.396893249580291 ], [ -58.992168902490334, -27.396702740480151 ], [ -58.991438029570553, -27.396047092839236 ] ] ] ] } },
{ "type": "Feature", "properties": { "Barrio": "JUANA AZURDUY", "Municipio": "Resistencia", "ID": 342, "Área": 703036.69, "Perímetro": 7732.05 }, "geometry": { "type": "MultiPolygon", "coordinates": [ [ [ [ -58.990248082599102, -27.409464079936498 ], [ -58.994626563147015, -27.405576105189368 ], [ -58.992357542094567, -27.403540798744267 ], [ -58.98984904359034, -27.405768299214049 ], [ -58.989283566980724, -27.405261036347827 ], [ -58.991792060609647, -27.403033548565649 ], [ -58.991226587296843, -27.402526298926066 ], [ -58.985172265854324, -27.407902143468664 ], [ -58.986167139777521, -27.408028129188924 ], [ -58.98708720789827, -27.408220592108933 ], [ -58.987943698238674, -27.408469477157102 ], [ -58.988744137194665, -27.408768125605345 ], [ -58.989496844144959, -27.409109151499624 ], [ -58.990248082599102, -27.409464079936498 ] ] ], [ [ [ -58.983529505133738, -27.40305049894042 ], [ -58.979983303565447, -27.406198982566064 ], [ -58.981955736727684, -27.407968561487632 ], [ -58.984613192129501, -27.40779377139728 ], [ -58.984952736434749, -27.407810506965156 ], [ -58.988240819977094, -27.404891001782772 ], [ -58.984866217719301, -27.401863627461907 ], [ -58.984305369996392, -27.402361606215276 ], [ -58.986872353821241, -27.404664487106356 ], [ -58.987307741052192, -27.405053711495253 ], [ -58.986524561781977, -27.405738522214513 ], [ -58.983529505133738, -27.40305049894042 ] ] ], [ [ [ -58.987754501357301, -27.39929898646842 ], [ -58.985642073081962, -27.401174726784458 ], [ -58.989016683946055, -27.404202079072153 ], [ -58.991129116288249, -27.402326288454862 ], [ -58.987754501357301, -27.39929898646842 ] ] ] ] } },
{ "type": "Feature", "properties": { "Barrio": "FABIANA", "Municipio": "Resistencia", "ID": 343, "Área": 1028755.99, "Perímetro": 4945.82 }, "geometry": { "type": "MultiPolygon", "coordinates": [ [ [ [ -58.943609865778875, -27.438096201049614 ], [ -58.949878729042773, -27.432536202964343 ], [ -58.949764704235648, -27.431973668463918 ], [ -58.949767165601564, -27.431208027133032 ], [ -58.949659785339534, -27.431053537850651 ], [ -58.948314527322808, -27.429853914408788 ], [ -58.947259996107221, -27.428906416924541 ], [ -58.945579592350292, -27.42739381882598 ], [ -58.945403701165787, -27.427291957681511 ], [ -58.94469074885285, -27.426652068193196 ], [ -58.940927603459016, -27.428134737121109 ], [ -58.940613323960463, -27.428094432738472 ], [ -58.934944794689457, -27.430326836559288 ], [ -58.936511301757712, -27.431732978736925 ], [ -58.936724202901509, -27.43186881821179 ], [ -58.937437140266852, -27.432508747634493 ], [ -58.937549514364889, -27.432656925174818 ], [ -58.943609865778875, -27.438096201049614 ] ] ], [ [ [ -58.95002579547841, -27.432755908291988 ], [ -58.947847192240452, -27.434688740855734 ], [ -58.94778074528201, -27.435103837331383 ], [ -58.948266826488251, -27.434979065544869 ], [ -58.948602115377192, -27.435006069220819 ], [ -58.949004215157807, -27.435102437345989 ], [ -58.949226610983466, -27.435036314216383 ], [ -58.949600935151757, -27.435098940608238 ], [ -58.949700282194748, -27.435076611680554 ], [ -58.949534766829238, -27.434928046651727 ], [ -58.949875765747606, -27.434850146475963 ], [ -58.949853921694618, -27.434830206770471 ], [ -58.950394720122631, -27.434793336612064 ], [ -58.950588154090831, -27.434774909076342 ], [ -58.950757844351216, -27.434773346179675 ], [ -58.950909531645785, -27.434630749373309 ], [ -58.950786133458635, -27.434368770061216 ], [ -58.950586476998481, -27.433866127796151 ], [ -58.950407850466888, -27.433398237208184 ], [ -58.95002579547841, -27.432755908291988 ] ] ] ] } },
{ "type": "Feature", "properties": { "Barrio": "RIO MANSO", "Municipio": "Resistencia", "ID": 344, "Área": 45385.6, "Perímetro": 1001.88 }, "geometry": { "type": "MultiPolygon", "coordinates": [ [ [ [ -58.952984023187071, -27.423377016109381 ], [ -58.952835970213449, -27.423437220026599 ], [ -58.952687035065843, -27.423490589023771 ], [ -58.952972432204348, -27.423746576665287 ], [ -58.952079330161787, -27.424538986838911 ], [ -58.954425106328415, -27.426644763984253 ], [ -58.954462793405604, -27.426306343617444 ], [ -58.954571743786481, -27.426157632229792 ], [ -58.954594374848632, -27.425837131561217 ], [ -58.95464724244291, -27.42571316528586 ], [ -58.95475444558484, -27.425587751198261 ], [ -58.954985014841498, -27.425446793948812 ], [ -58.95513789784227, -27.425305840527233 ], [ -58.955028639150818, -27.42520950253417 ], [ -58.952984023187071, -27.423377016109381 ] ] ] ] } },
{ "type": "Feature", "properties": { "Barrio": "CAMILA", "Municipio": "Resistencia", "ID": 345, "Área": 61161.33, "Perímetro": 1412.21 }, "geometry": { "type": "MultiPolygon", "coordinates": [ [ [ [ -58.946741373391546, -27.42804254018343 ], [ -58.949710386600529, -27.430734593800707 ], [ -58.949968456634259, -27.429961404475389 ], [ -58.950034180356269, -27.429764062752163 ], [ -58.950134361639506, -27.42946384314785 ], [ -58.950084669950002, -27.428631776082746 ], [ -58.950068611495794, -27.428360652537517 ], [ -58.950287705793947, -27.427957400546095 ], [ -58.950569650196961, -27.427715437375145 ], [ -58.950964434802977, -27.427516922217393 ], [ -58.950736440098623, -27.427312496407595 ], [ -58.9504274291588, -27.427587127153618 ], [ -58.950391877228469, -27.427555050503688 ], [ -58.949777070318227, -27.428097612238169 ], [ -58.949633272554472, -27.428224513328306 ], [ -58.948866205882993, -27.427529137237801 ], [ -58.948064877246104, -27.428236285350565 ], [ -58.947303590976432, -27.427543769757378 ], [ -58.946741373391546, -27.42804254018343 ] ] ] ] } },
{ "type": "Feature", "properties": { "Barrio": "C.U.R.N.E.", "Municipio": "Resistencia", "ID": 346, "Área": 239770.25, "Perímetro": 2083.88 }, "geometry": { "type": "MultiPolygon", "coordinates": [ [ [ [ -58.925656964333555, -27.435090558008934 ], [ -58.920456469875731, -27.439701985331435 ], [ -58.921782457972533, -27.440892403810292 ], [ -58.921974892551596, -27.440976199642261 ], [ -58.922290108456529, -27.441084709197312 ], [ -58.922640724983246, -27.441190444543288 ], [ -58.923004491242594, -27.441319503519018 ], [ -58.923371076337745, -27.441481043549338 ], [ -58.924623320616561, -27.440370666287546 ], [ -58.924569853441916, -27.440322672740418 ], [ -58.928048759562003, -27.437237702110366 ], [ -58.925656964333555, -27.435090558008934 ] ] ] ] } },
{ "type": "Feature", "properties": { "Barrio": "SAN DIEGO", "Municipio": "Resistencia", "ID": 347, "Área": 138224.86, "Perímetro": 1540.0 }, "geometry": { "type": "MultiPolygon", "coordinates": [ [ [ [ -58.949576177674892, -27.411592228022084 ], [ -58.946098673222082, -27.414677777928055 ], [ -58.948130427399647, -27.416501439868405 ], [ -58.951607933006429, -27.413415845483446 ], [ -58.949576177674892, -27.411592228022084 ] ] ] ] } },
{ "type": "Feature", "properties": { "Barrio": "PLAN 70 VIVIENDAS", "Municipio": "Resistencia", "ID": 348, "Área": 25892.89, "Perímetro": 649.9 }, "geometry": { "type": "MultiPolygon", "coordinates": [ [ [ [ -58.964575040822389, -27.403810914638573 ], [ -58.963571438232236, -27.404701716699119 ], [ -58.964890010439042, -27.405885010794687 ], [ -58.965893612745838, -27.404994204802122 ], [ -58.964575040822389, -27.403810914638573 ] ] ] ] } },
{ "type": "Feature", "properties": { "Barrio": "100 VIVIENDAS", "Municipio": "Resistencia", "ID": 349, "Área": 59478.35, "Perímetro": 1433.64 }, "geometry": { "type": "MultiPolygon", "coordinates": [ [ [ [ -59.024780717940985, -27.455241562238324 ], [ -59.025825041695654, -27.454314167663192 ], [ -59.023998390309757, -27.452687939187047 ], [ -59.022966977279573, -27.453603859669428 ], [ -59.024780717940985, -27.455241562238324 ] ] ], [ [ [ -59.023194835297815, -27.450321026109435 ], [ -59.022419869892914, -27.451006790200623 ], [ -59.023914041805398, -27.452343536564417 ], [ -59.024685799350841, -27.451658229105142 ], [ -59.023194835297815, -27.450321026109435 ] ] ] ] } },
{ "type": "Feature", "properties": { "Barrio": "TOBA", "Municipio": "Resistencia", "ID": 350, "Área": 50218.48, "Perímetro": 2227.85 }, "geometry": { "type": "MultiPolygon", "coordinates": [ [ [ [ -59.002283132788136, -27.434765100847205 ], [ -59.002622683553085, -27.434174090421255 ], [ -59.002782547827827, -27.433873883005898 ], [ -59.003042069284376, -27.43346473041958 ], [ -59.00307794152787, -27.433411544559402 ], [ -59.003113481581842, -27.433360096069364 ], [ -59.003153023625458, -27.433300631624871 ], [ -59.003190192678652, -27.433245712544483 ], [ -59.003227369735903, -27.433190798924471 ], [ -59.00326550923878, -27.433134454711805 ], [ -59.003309801881919, -27.43308494477753 ], [ -59.003398624173229, -27.432987110459127 ], [ -59.003492654758958, -27.432893875670427 ], [ -59.003585958812238, -27.432800780900081 ], [ -59.003688431930314, -27.432701085851672 ], [ -59.003777762917736, -27.432621764192458 ], [ -59.003876140698083, -27.432535493964348 ], [ -59.003976757691674, -27.432451216744511 ], [ -59.004077511125502, -27.432366819506317 ], [ -59.004255866573352, -27.432236448976678 ], [ -59.004312890302593, -27.432196692171321 ], [ -59.004421116011045, -27.432120954801213 ], [ -59.004529337535921, -27.432045216411144 ], [ -59.00463755278998, -27.431969484205059 ], [ -59.004745767945934, -27.431893746496375 ], [ -59.004853989030792, -27.431818007839933 ], [ -59.004962203869134, -27.431742272660586 ], [ -59.005070424652565, -27.431666534728855 ], [ -59.005174948927149, -27.431593281602737 ], [ -59.005286859671472, -27.431515063067238 ], [ -59.005394877765852, -27.431439097834847 ], [ -59.005503294152234, -27.431363585636689 ], [ -59.005612512761886, -27.43128678688883 ], [ -59.006406990706211, -27.430725342400873 ], [ -59.006056318974565, -27.430410925402192 ], [ -59.005302300797602, -27.430938638467104 ], [ -59.003895469187817, -27.431923209625307 ], [ -59.003870317526022, -27.431940371484448 ], [ -59.003715521644303, -27.432042248167615 ], [ -59.003690646512972, -27.432062733570355 ], [ -59.00364011276374, -27.432104345755324 ], [ -59.003589506554157, -27.432146026884933 ], [ -59.003538897370134, -27.432187697145554 ], [ -59.00348821674487, -27.432229435455589 ], [ -59.003389677838513, -27.432315740355232 ], [ -59.003342462905408, -27.432360852965608 ], [ -59.003295049021652, -27.432406155437214 ], [ -59.003247627996004, -27.432451460547668 ], [ -59.003199330910164, -27.432496452571513 ], [ -59.003151507879593, -27.432542143690551 ], [ -59.003106317944464, -27.432590235866275 ], [ -59.003061362035211, -27.432638502954095 ], [ -59.003016278455732, -27.432686905369884 ], [ -59.002972434900173, -27.432735737142465 ], [ -59.002929186533834, -27.432785968212198 ], [ -59.002885996525961, -27.432836002969704 ], [ -59.002811844638316, -27.432944020423538 ], [ -59.002723207326952, -27.433082880731007 ], [ -59.002634923629458, -27.433221192161692 ], [ -59.002407705873026, -27.433577167050807 ], [ -59.002372669487137, -27.433632055156188 ], [ -59.002251822277898, -27.433831082428387 ], [ -59.001911888445505, -27.434421749026193 ], [ -59.002283132788136, -27.434765100847205 ] ] ], [ [ [ -59.009468232640494, -27.428050155806744 ], [ -59.007673888384687, -27.42928893012094 ], [ -59.00749047315928, -27.429414773639461 ], [ -59.006230968730655, -27.430284266977363 ], [ -59.006360924345969, -27.430434143184552 ], [ -59.006561226486134, -27.430626810915584 ], [ -59.007792142761645, -27.429777040770979 ], [ -59.00796700723221, -27.429644360150117 ], [ -59.007974459943661, -27.429639212867873 ], [ -59.009660463162355, -27.42847523901866 ], [ -59.009597961202111, -27.428202007250761 ], [ -59.009468232640494, -27.428050155806744 ] ] ] ] } },
{ "type": "Feature", "properties": { "Barrio": "40 VIVIENDAS", "Municipio": "Resistencia", "ID": 351, "Área": 9984.0, "Perímetro": 393.37 }, "geometry": { "type": "MultiPolygon", "coordinates": [ [ [ [ -59.016665451323128, -27.468913410836539 ], [ -59.016624962770891, -27.468913325227028 ], [ -59.015948544747758, -27.469513844849757 ], [ -59.015948448583359, -27.469549953945211 ], [ -59.016621702009999, -27.470153304998444 ], [ -59.016662184945844, -27.470153390577916 ], [ -59.017338613326274, -27.469552870321568 ], [ -59.017338708049955, -27.469516758499239 ], [ -59.016665451323128, -27.468913410836539 ] ] ] ] } },
{ "type": "Feature", "properties": { "Barrio": "11 DE FEBRERO", "Municipio": "Resistencia", "ID": 352, "Área": 22988.52, "Perímetro": 659.77 }, "geometry": { "type": "MultiPolygon", "coordinates": [ [ [ [ -59.018455481144912, -27.46735182756959 ], [ -59.016807235098653, -27.468815166750741 ], [ -59.01752088620357, -27.469454701907814 ], [ -59.019169132839224, -27.467991360729012 ], [ -59.018455481144912, -27.46735182756959 ] ] ] ] } },
{ "type": "Feature", "properties": { "Barrio": "SANTA LUCIA", "Municipio": "Resistencia", "ID": 353, "Área": 2815089.96, "Perímetro": 22083.89 }, "geometry": { "type": "MultiPolygon", "coordinates": [ [ [ [ -58.979786533467056, -27.418805271152447 ], [ -58.983263261071258, -27.415718854063218 ], [ -58.983238511012736, -27.415696647809789 ], [ -58.984863365646071, -27.414236054514838 ], [ -58.98501947275394, -27.414159700572863 ], [ -58.986775629044971, -27.412600524132841 ], [ -58.985610913694799, -27.411555722186925 ], [ -58.985575076026784, -27.411587541388883 ], [ -58.985218524329433, -27.411267695920472 ], [ -58.984766922580455, -27.410862577249826 ], [ -58.984410382615323, -27.410542729860111 ], [ -58.984391520382729, -27.410559417043778 ], [ -58.984127681760015, -27.410322728222223 ], [ -58.984072988618557, -27.410273665310754 ], [ -58.983941066841233, -27.410155317491718 ], [ -58.983809151328735, -27.410036978620802 ], [ -58.983828006477445, -27.410020291463056 ], [ -58.983245704040243, -27.409497908992801 ], [ -58.983222766743737, -27.409518276825267 ], [ -58.98262699737846, -27.408983808461372 ], [ -58.982370841869518, -27.409020755433566 ], [ -58.982101263122424, -27.409074773210939 ], [ -58.981952676924074, -27.409106225026665 ], [ -58.98180393337126, -27.409137075461857 ], [ -58.981676320839618, -27.409163060204094 ], [ -58.981539091096352, -27.4091906520812 ], [ -58.981371151526275, -27.409230328628972 ], [ -58.981206066718563, -27.409278654222714 ], [ -58.981132132293254, -27.40930342080626 ], [ -58.980369968974792, -27.409578811428634 ], [ -58.980034934253936, -27.409688090882163 ], [ -58.978727667129675, -27.410333137094419 ], [ -58.977787023687434, -27.410806036980862 ], [ -58.977757812442405, -27.410780019790838 ], [ -58.975538251546062, -27.411936460585203 ], [ -58.975511878411034, -27.411912784659211 ], [ -58.973300155849216, -27.413049969156919 ], [ -58.975708911335744, -27.415211098227253 ], [ -58.975744753960484, -27.415179281694524 ], [ -58.979786533467056, -27.418805271152447 ] ] ], [ [ [ -58.986605573085363, -27.413010681152333 ], [ -58.982807884544798, -27.416382288050457 ], [ -58.982843539502504, -27.416414271624202 ], [ -58.98243350638036, -27.416778283851659 ], [ -58.989149127088098, -27.422802091315482 ], [ -58.989336551655015, -27.422245547489773 ], [ -58.989413268661963, -27.421949671228049 ], [ -58.989491040305531, -27.421650532386224 ], [ -58.989650155056083, -27.421059677062196 ], [ -58.989837437848323, -27.420494079690279 ], [ -58.990118076268409, -27.420012224402999 ], [ -58.990228149249596, -27.41998300913092 ], [ -58.990267129836226, -27.419954009788523 ], [ -58.990346919562647, -27.419897638639895 ], [ -58.990429152584092, -27.419843456222704 ], [ -58.990513863922516, -27.419791503392666 ], [ -58.990601104819319, -27.419741816610866 ], [ -58.990690930454164, -27.419694444097342 ], [ -58.990783409933208, -27.419649459438908 ], [ -58.990878628639614, -27.419606925511477 ], [ -58.990976678723278, -27.419566939529343 ], [ -58.991077677670319, -27.419529592573234 ], [ -58.991181758874951, -27.419495005616426 ], [ -58.991289079687732, -27.419463334094775 ], [ -58.991399837921662, -27.419434731931442 ], [ -58.991514236998498, -27.419409403621689 ], [ -58.991632550776103, -27.419387592068524 ], [ -58.991755100333712, -27.419369573902763 ], [ -58.991882283880123, -27.419355706621733 ], [ -58.992014566724954, -27.419346419492872 ], [ -58.992152568838051, -27.419342259304319 ], [ -58.992297068534803, -27.419343930094534 ], [ -58.992449092996289, -27.419352347045024 ], [ -58.992610039406749, -27.419368770903485 ], [ -58.992781949096944, -27.419395019310091 ], [ -58.992967865267786, -27.419433828517079 ], [ -58.993172881305554, -27.41948977955688 ], [ -58.993307340099058, -27.419534378924151 ], [ -58.99359449019277, -27.419279425591093 ], [ -58.986605573085363, -27.413010681152333 ] ] ], [ [ [ -58.989604257043112, -27.410322644147456 ], [ -58.98885423301958, -27.410988592463237 ], [ -58.988900981784852, -27.411010722637428 ], [ -58.986851422681681, -27.412830473695543 ], [ -58.990022656089124, -27.415678995721372 ], [ -58.990167495764872, -27.415804964446625 ], [ -58.990274284793514, -27.415964724393699 ], [ -58.990806256928238, -27.416377900745797 ], [ -58.993737074194044, -27.419006591048607 ], [ -58.994068731633732, -27.41871210952549 ], [ -58.994033525993508, -27.418680536256101 ], [ -58.994034005506578, -27.418541015323139 ], [ -58.992618743580124, -27.417076858176564 ], [ -58.992291845151044, -27.416334969884513 ], [ -58.992431491039149, -27.415717348247682 ], [ -58.992486354146571, -27.415539993455837 ], [ -58.99254974816489, -27.41548122217343 ], [ -58.992605115168878, -27.415460830860837 ], [ -58.99255626724014, -27.4154170146479 ], [ -58.992599714862912, -27.415378435789421 ], [ -58.992611002194188, -27.415338672559987 ], [ -58.992647961637481, -27.415283100410409 ], [ -58.992684876553234, -27.415241795205468 ], [ -58.992699565520731, -27.415157653014493 ], [ -58.992754210426675, -27.415072157172705 ], [ -58.992815218019267, -27.414998078861132 ], [ -58.992879382935008, -27.414935419282571 ], [ -58.992932660410688, -27.414877918355572 ], [ -58.993043248406693, -27.414753580827885 ], [ -58.993137356232026, -27.414676655326556 ], [ -58.993212062087494, -27.414637632432598 ], [ -58.993262669128789, -27.414592697361346 ], [ -58.993370315403141, -27.414543942900909 ], [ -58.993506484220042, -27.414493280916204 ], [ -58.993594313053606, -27.414466026427569 ], [ -58.993638262593478, -27.414442608763441 ], [ -58.993713073842052, -27.414376186964873 ], [ -58.993768009924608, -27.41434691550452 ], [ -58.993871159590725, -27.414329472722148 ], [ -58.993998520394634, -27.41432339025943 ], [ -58.994167426783527, -27.414373735357614 ], [ -58.99425368752938, -27.414449138348342 ], [ -58.994301976474411, -27.414443729578675 ], [ -58.994365041576287, -27.414456830185227 ], [ -58.994418545280318, -27.414426605164351 ], [ -58.994493755523983, -27.414437560855067 ], [ -58.994541913711437, -27.414463118400537 ], [ -58.994709011979687, -27.414804706872339 ], [ -58.994747183077067, -27.4148252527986 ], [ -58.994792650911648, -27.414948198391873 ], [ -58.994785590310919, -27.414977430114433 ], [ -58.994722417197863, -27.414994650160953 ], [ -58.994690957796116, -27.414966431088793 ], [ -58.994679574509291, -27.415094499187539 ], [ -58.994850075196389, -27.415373247906658 ], [ -58.994925162431805, -27.415701381746 ], [ -58.994985782847628, -27.415991029193066 ], [ -58.995002901280792, -27.416418403113081 ], [ -58.995019514361168, -27.416833806211741 ], [ -58.995372192216173, -27.417138645379765 ], [ -58.995576713612152, -27.417426786537863 ], [ -58.995963057224102, -27.417083738247143 ], [ -58.996093908968383, -27.416873526360288 ], [ -58.996550827251106, -27.416493265663441 ], [ -58.996816566614378, -27.416270662475888 ], [ -58.997082294770408, -27.416048062282609 ], [ -58.997348031892344, -27.415825470642943 ], [ -58.997569475317142, -27.415640032516588 ], [ -58.997790850805906, -27.415454533072271 ], [ -58.998012368040435, -27.415269155192544 ], [ -58.998233813237597, -27.415083722281949 ], [ -58.998455179498805, -27.41489821443923 ], [ -58.998676626252603, -27.414712780797593 ], [ -58.998712285366992, -27.414744764038307 ], [ -59.000943447535398, -27.412763422657157 ], [ -59.000899002910643, -27.412751187562527 ], [ -58.999595127105202, -27.412925822029745 ], [ -58.999195166241797, -27.412979387578023 ], [ -58.998604815412016, -27.413058448161024 ], [ -58.998325101008071, -27.413095906660075 ], [ -58.998116482306678, -27.41302547523841 ], [ -58.997813211945392, -27.413019957052995 ], [ -58.997510391592698, -27.413004245620904 ], [ -58.997055939399068, -27.412984363162387 ], [ -58.995701305760839, -27.412811380389599 ], [ -58.994244124930276, -27.412439839350576 ], [ -58.99393090153643, -27.412463388238425 ], [ -58.993735246871225, -27.412385119304336 ], [ -58.993446243624533, -27.412269508692127 ], [ -58.993162438081299, -27.412139635252281 ], [ -58.992878639200931, -27.412009770317113 ], [ -58.99217630249678, -27.411686689918469 ], [ -58.992283812033804, -27.411591229764152 ], [ -58.991390617746411, -27.411168372235228 ], [ -58.990497433459083, -27.410745506457761 ], [ -58.989604257043112, -27.410322644147456 ] ] ], [ [ [ -58.965568682275773, -27.418996590050707 ], [ -58.97046025161859, -27.42338546819326 ], [ -58.970481754456607, -27.423366377873002 ], [ -58.97254410489888, -27.425215228436635 ], [ -58.975464843222717, -27.422622862710043 ], [ -58.973822411275194, -27.420700410547077 ], [ -58.973179424267187, -27.419997796968161 ], [ -58.972404574697542, -27.419165318204861 ], [ -58.972575589884819, -27.419013569016464 ], [ -58.971702081833833, -27.418229865553965 ], [ -58.971522856795943, -27.418388943452477 ], [ -58.970649364176289, -27.417605236393491 ], [ -58.97061351629592, -27.417637051521048 ], [ -58.969740040120492, -27.416853333637079 ], [ -58.969955109804438, -27.416662443019774 ], [ -58.969081645824872, -27.415878723949291 ], [ -58.965568682275773, -27.418996590050707 ] ] ], [ [ [ -58.969275145704536, -27.415661361124695 ], [ -58.971162398561155, -27.417358658032228 ], [ -58.972452971566057, -27.416213269853454 ], [ -58.974056964837629, -27.417652251380336 ], [ -58.972766931511558, -27.418798102118281 ], [ -58.973307442770917, -27.419283042673989 ], [ -58.974147342123899, -27.42014596443822 ], [ -58.974235881311778, -27.420258284835835 ], [ -58.974973664320068, -27.421190842606883 ], [ -58.975258826364296, -27.421533458302871 ], [ -58.975576609830938, -27.421915200382468 ], [ -58.975845667138408, -27.422237946605907 ], [ -58.976605380931161, -27.421563618044068 ], [ -58.976712916393993, -27.421468164363478 ], [ -58.97732227911996, -27.42092726449183 ], [ -58.977429902670494, -27.420832103235881 ], [ -58.979558963455347, -27.418941828458504 ], [ -58.974353474519198, -27.414271776006299 ], [ -58.974317632854458, -27.414303588580726 ], [ -58.973088275208859, -27.413200597451699 ], [ -58.970765192756673, -27.414395058466887 ], [ -58.970601338956641, -27.414484246408684 ], [ -58.969275145704536, -27.415661361124695 ] ] ], [ [ [ -58.982971400053373, -27.408947336813235 ], [ -58.986865792598238, -27.412474631844646 ], [ -58.989413708215693, -27.410212385865005 ], [ -58.989058791515646, -27.410043835093308 ], [ -58.988628863775219, -27.409846424130784 ], [ -58.988179908403495, -27.409646812804038 ], [ -58.987685988428105, -27.409461671508769 ], [ -58.987155769639287, -27.409296034736329 ], [ -58.986595889687408, -27.409150359080293 ], [ -58.985947592885239, -27.409025920588473 ], [ -58.985276737529915, -27.408937278659224 ], [ -58.984460153825644, -27.408885793730736 ], [ -58.983772640104085, -27.408889063446317 ], [ -58.983406338656849, -27.408913692737418 ], [ -58.982971400053373, -27.408947336813235 ] ] ], [ [ [ -58.965189213229024, -27.419013523838064 ], [ -58.969278618981747, -27.415412791990413 ], [ -58.969819305936177, -27.414932884708662 ], [ -58.968299946673831, -27.415771826007305 ], [ -58.964022210486306, -27.417964721106635 ], [ -58.965189213229024, -27.419013523838064 ] ] ], [ [ [ -58.994565784863852, -27.41832441474919 ], [ -58.995066975474963, -27.417879402697839 ], [ -58.99496351548563, -27.417795169287164 ], [ -58.994885723994344, -27.417685408896276 ], [ -58.994774118199835, -27.41766528914399 ], [ -58.994729510203648, -27.417645277021052 ], [ -58.994595432409447, -27.417664979743272 ], [ -58.994323558019161, -27.417248307725057 ], [ -58.994325068718652, -27.416812813370758 ], [ -58.994181878390478, -27.416525532504778 ], [ -58.994282208005295, -27.416377238954766 ], [ -58.99416113379101, -27.416109795448644 ], [ -58.994283578538621, -27.415981336572813 ], [ -58.994333758229658, -27.41580073841417 ], [ -58.99431700186107, -27.415619700744983 ], [ -58.994127907341657, -27.415326734964495 ], [ -58.994133696675199, -27.415084130083677 ], [ -58.99382631361425, -27.414909908941897 ], [ -58.993599245596279, -27.414986681967939 ], [ -58.993358868495505, -27.415182569853194 ], [ -58.993202080603254, -27.415444520220511 ], [ -58.993091915470124, -27.415628766146614 ], [ -58.993183109754746, -27.41588706587925 ], [ -58.993140896192166, -27.416068438491358 ], [ -58.993228657774161, -27.416345721694729 ], [ -58.993172486286653, -27.416553480599674 ], [ -58.993325286468959, -27.41680571363942 ], [ -58.993424930022265, -27.41705503522936 ], [ -58.993837201943812, -27.41732482478622 ], [ -58.994037603468321, -27.417504560873489 ], [ -58.994237719293821, -27.417764016669501 ], [ -58.99423730426539, -27.417883614795517 ], [ -58.994348358693884, -27.418063192243899 ], [ -58.9945041582261, -27.418222915466369 ], [ -58.994565784863852, -27.41832441474919 ] ] ], [ [ [ -58.990155203637443, -27.422333003346971 ], [ -58.992691316408639, -27.420081330161377 ], [ -58.992532261685106, -27.420066603858391 ], [ -58.992382826054872, -27.420060512132157 ], [ -58.992241394708032, -27.42006159414434 ], [ -58.992106813008199, -27.420068827314726 ], [ -58.991978224560597, -27.42008141951203 ], [ -58.991854961012407, -27.420098806454089 ], [ -58.991736518050999, -27.420120510766605 ], [ -58.991622490460969, -27.420146166780643 ], [ -58.991512533049701, -27.420175480546359 ], [ -58.991406378016421, -27.420208210107113 ], [ -58.991303803811697, -27.420244142715429 ], [ -58.991204629786274, -27.420283127279571 ], [ -58.991108688477588, -27.4203250082906 ], [ -58.991015856438288, -27.420369682894655 ], [ -58.990926023382848, -27.420417046527717 ], [ -58.990839107059344, -27.420467025508746 ], [ -58.99076682285046, -27.420530123339518 ], [ -58.990695136325414, -27.420593761461454 ], [ -58.990469519698991, -27.420982332130002 ], [ -58.990155203637443, -27.422333003346971 ] ] ] ] } },
{ "type": "Feature", "properties": { "Barrio": "PLAN 130 VIVIENDAS", "Municipio": "Resistencia", "ID": 354, "Área": 42713.55, "Perímetro": 1122.91 }, "geometry": { "type": "MultiPolygon", "coordinates": [ [ [ [ -58.961251992674939, -27.41015506096625 ], [ -58.961211526151303, -27.410154960740329 ], [ -58.960606866054, -27.410691589063621 ], [ -58.960606753590191, -27.410727697938942 ], [ -58.963949637071465, -27.413730649699719 ], [ -58.963990101895163, -27.413730749144566 ], [ -58.964594753013081, -27.413194116233623 ], [ -58.964594865305784, -27.413157998316226 ], [ -58.961251992674939, -27.41015506096625 ] ] ] ] } },
{ "type": "Feature", "properties": { "Barrio": "PLAN 18 VIVIENDAS", "Municipio": "Resistencia", "ID": 355, "Área": 4021.4, "Perímetro": 255.68 }, "geometry": { "type": "MultiPolygon", "coordinates": [ [ [ [ -58.966961803943697, -27.408183606813186 ], [ -58.966446227775975, -27.40864148741051 ], [ -58.966844888022287, -27.408999024206683 ], [ -58.96736046020591, -27.408541148444865 ], [ -58.966961803943697, -27.408183606813186 ] ] ] ] } },
{ "type": "Feature", "properties": { "Barrio": "PLAN 52 VIVIENDAS", "Municipio": "Resistencia", "ID": 356, "Área": 9575.98, "Perímetro": 410.1 }, "geometry": { "type": "MultiPolygon", "coordinates": [ [ [ [ -58.967503062166443, -27.408669097939757 ], [ -58.966987357441234, -27.409126870369786 ], [ -58.967936436266321, -27.409978454235091 ], [ -58.968452141286122, -27.409520677448459 ], [ -58.967503062166443, -27.408669097939757 ] ] ] ] } },
{ "type": "Feature", "properties": { "Barrio": "RENE FAVALORO", "Municipio": "Resistencia", "ID": 357, "Área": 753221.6, "Perímetro": 5779.48 }, "geometry": { "type": "MultiPolygon", "coordinates": [ [ [ [ -58.965221695879684, -27.406621977636473 ], [ -58.961386311910744, -27.410026075687526 ], [ -58.964885997216712, -27.413168587049302 ], [ -58.964735694431738, -27.413287658251164 ], [ -58.964018770171485, -27.413923940760284 ], [ -58.963911814360301, -27.413827974170196 ], [ -58.962414566099177, -27.41248438671688 ], [ -58.962273785902852, -27.412486879005716 ], [ -58.960507794055999, -27.410901204036538 ], [ -58.959862559935658, -27.411473836472805 ], [ -58.959611330526343, -27.411511852793133 ], [ -58.958177446560704, -27.412784365915975 ], [ -58.96305600765028, -27.417154801414505 ], [ -58.971903880518859, -27.412618009406856 ], [ -58.968523507004505, -27.409584888569348 ], [ -58.967936114085596, -27.410106263112823 ], [ -58.966374621900101, -27.408705080213114 ], [ -58.966961803943697, -27.408183606813186 ], [ -58.965221695879684, -27.406621977636473 ] ] ], [ [ [ -58.971679544569234, -27.409028133161009 ], [ -58.97000023094045, -27.410518774988287 ], [ -58.972299636795206, -27.412581936762372 ], [ -58.972588675166712, -27.412420954215687 ], [ -58.971881856596561, -27.410458479775404 ], [ -58.971783541976741, -27.410291205145892 ], [ -58.972438898080256, -27.409709473173489 ], [ -58.971679544569234, -27.409028133161009 ] ] ] ] } },
{ "type": "Feature", "properties": { "Barrio": "PLAN 112 VIVIENDAS", "Municipio": "Resistencia", "ID": 358, "Área": 44848.7, "Perímetro": 1272.01 }, "geometry": { "type": "MultiPolygon", "coordinates": [ [ [ [ -58.971679544569234, -27.409028133161009 ], [ -58.97000023094045, -27.410518774988287 ], [ -58.972299636795206, -27.412581936762372 ], [ -58.972588675166712, -27.412420954215687 ], [ -58.972150838465112, -27.411209208698288 ], [ -58.972098473364433, -27.411064501750413 ], [ -58.971974045142744, -27.410718059527618 ], [ -58.971881856596561, -27.410458479775404 ], [ -58.971783541976741, -27.410291205145892 ], [ -58.972438898080256, -27.409709473173489 ], [ -58.971679544569234, -27.409028133161009 ] ], [ [ -58.971679544569234, -27.409028133161009 ], [ -58.97000023094045, -27.410518774988287 ], [ -58.971679544569234, -27.409028133161009 ] ] ] ] } },
{ "type": "Feature", "properties": { "Barrio": "PLAN 100 VIVIENDAS", "Municipio": "Resistencia", "ID": 359, "Área": 36854.97, "Perímetro": 845.7 }, "geometry": { "type": "MultiPolygon", "coordinates": [ [ [ [ -58.967458591299724, -27.406666404668805 ], [ -58.966577929291397, -27.40744809982057 ], [ -58.968716851787143, -27.409367436551513 ], [ -58.969597517964935, -27.408585724519362 ], [ -58.967458591299724, -27.406666404668805 ] ] ] ] } },
{ "type": "Feature", "properties": { "Barrio": "MONTE ALTO", "Municipio": "Resistencia", "ID": 360, "Área": 951906.07, "Perímetro": 3907.46 }, "geometry": { "type": "MultiPolygon", "coordinates": [ [ [ [ -58.907924040926346, -27.431885853945605 ], [ -58.900974125158612, -27.438092746487602 ], [ -58.904747867945666, -27.441533515382059 ], [ -58.904852185154716, -27.441634365808568 ], [ -58.905300114444834, -27.442036594580951 ], [ -58.905264250388456, -27.442068393006593 ], [ -58.905712181816959, -27.442470629539347 ], [ -58.90586962827615, -27.442490880251793 ], [ -58.907885794726226, -27.444301291649641 ], [ -58.908352130256027, -27.443887904401372 ], [ -58.90838777161629, -27.443919907443494 ], [ -58.914906644878577, -27.438176675146249 ], [ -58.907924040926346, -27.431885853945605 ] ] ] ] } },
{ "type": "Feature", "properties": { "Barrio": "PARQUE FAVRE", "Municipio": "Resistencia", "ID": 361, "Área": 789574.34, "Perímetro": 4882.58 }, "geometry": { "type": "MultiPolygon", "coordinates": [ [ [ [ -58.948201726851025, -27.416565431485648 ], [ -58.950818161130726, -27.418913748569604 ], [ -58.9577195133567, -27.412694324367546 ], [ -58.950929519526454, -27.40647220580961 ], [ -58.943903027761728, -27.412706921488116 ], [ -58.946027390204186, -27.414613800732507 ], [ -58.949612435501244, -27.411432813675198 ], [ -58.951786780807716, -27.413384395754701 ], [ -58.948201726851025, -27.416565431485648 ] ] ] ] } },
{ "type": "Feature", "properties": { "Barrio": "CARAGUATA", "Municipio": "Resistencia", "ID": 362, "Área": 862550.16, "Perímetro": 6329.94 }, "geometry": { "type": "MultiPolygon", "coordinates": [ [ [ [ -58.986541788351524, -27.398982654242158 ], [ -58.986950302599944, -27.39861989958397 ], [ -58.980616873972615, -27.392937444689863 ], [ -58.972611839481331, -27.400033974776147 ], [ -58.975285470352468, -27.402433027902418 ], [ -58.976382788445797, -27.40145884020329 ], [ -58.977647797810825, -27.402560737889985 ], [ -58.978364571815234, -27.401924380121535 ], [ -58.977118126693448, -27.400806000752468 ], [ -58.979285728501104, -27.398881520606647 ], [ -58.980673565098435, -27.400128896562766 ], [ -58.976674512706161, -27.403679363650564 ], [ -58.978143308631338, -27.404997209623126 ], [ -58.978274939471923, -27.405082099213438 ], [ -58.979552537251379, -27.406228355057561 ], [ -58.980352616155947, -27.405518035809024 ], [ -58.9800727510342, -27.405266955116403 ], [ -58.980297746778447, -27.405067196546572 ], [ -58.979300014321005, -27.404172040125278 ], [ -58.980026889760168, -27.403526696292015 ], [ -58.981075152536718, -27.402595996180132 ], [ -58.982352752328893, -27.403742232192446 ], [ -58.983552804002493, -27.402676729069345 ], [ -58.982275210372393, -27.401530507536592 ], [ -58.982142512870553, -27.401446829404478 ], [ -58.982683147204234, -27.400966807968203 ], [ -58.983216999746439, -27.400924743404392 ], [ -58.983370726963521, -27.401062657013693 ], [ -58.984023947070767, -27.400482639536712 ], [ -58.983560482127068, -27.400066841652013 ], [ -58.983954672578982, -27.399716826948637 ], [ -58.984418138638389, -27.40013262355162 ], [ -58.986129655917502, -27.398612915428679 ], [ -58.986541788351524, -27.398982654242158 ] ] ] ] } },
{ "type": "Feature", "properties": { "Barrio": "FABIANA-NORTE", "Municipio": "Resistencia", "ID": 363, "Área": 1942890.18, "Perímetro": 10024.02 }, "geometry": { "type": "MultiPolygon", "coordinates": [ [ [ [ -58.943744947567609, -27.412948962318517 ], [ -58.936768480326073, -27.419100753917004 ], [ -58.943684411871104, -27.425307619748729 ], [ -58.950638697176657, -27.419136610019788 ], [ -58.943744947567609, -27.412948962318517 ] ] ], [ [ [ -58.936561875170895, -27.419225997649214 ], [ -58.929533765441953, -27.425459934636375 ], [ -58.93092590970776, -27.42670971841271 ], [ -58.930961771625434, -27.426677913937318 ], [ -58.932223561872256, -27.427810641908142 ], [ -58.932266949857976, -27.427901364736293 ], [ -58.934061380689293, -27.429512188707555 ], [ -58.941469335058159, -27.4265943452694 ], [ -58.941583898949695, -27.426697174951016 ], [ -58.942559259591746, -27.426312887506366 ], [ -58.943094215766912, -27.426148140496512 ], [ -58.9438569196423, -27.425847642592036 ], [ -58.943484708369887, -27.425491911881217 ], [ -58.941088287990667, -27.423340936228165 ], [ -58.941052437107153, -27.423372739882119 ], [ -58.939223353613563, -27.421730905596007 ], [ -58.93917602333692, -27.421643688408107 ], [ -58.937914227729351, -27.42051102327407 ], [ -58.937954025354784, -27.420475718667184 ], [ -58.936561875170895, -27.419225997649214 ] ] ], [ [ [ -58.953633072482909, -27.421826581309467 ], [ -58.950856456939498, -27.419334663106888 ], [ -58.948077893290858, -27.421799955193084 ], [ -58.94804223994165, -27.421767959319148 ], [ -58.94655968886731, -27.423083286931867 ], [ -58.945012562613861, -27.424455855298341 ], [ -58.945048215923926, -27.424487849228015 ], [ -58.943901002884893, -27.425505863265105 ], [ -58.944030702724781, -27.425622248029963 ], [ -58.953633072482909, -27.421826581309467 ] ] ] ] } },
{ "type": "Feature", "properties": { "Barrio": "50 VIAMEB (BANCARIOS)", "Municipio": "Resistencia", "ID": 364, "Área": 17667.74, "Perímetro": 623.97 }, "geometry": { "type": "MultiPolygon", "coordinates": [ [ [ [ -58.979300014321005, -27.404172040125278 ], [ -58.980297746778447, -27.405067196546572 ], [ -58.9800727510342, -27.405266955116403 ], [ -58.980352616106252, -27.405518041222862 ], [ -58.981207943272977, -27.404758656760958 ], [ -58.980289273108625, -27.403934451117578 ], [ -58.980385925621029, -27.403848529074093 ], [ -58.980026889760168, -27.403526696292015 ], [ -58.979300014321005, -27.404172040125278 ] ] ] ] } },
{ "type": "Feature", "properties": { "Barrio": "UOM", "Municipio": "Resistencia", "ID": 365, "Área": 18911.91, "Perímetro": 822.61 }, "geometry": { "type": "MultiPolygon", "coordinates": [ [ [ [ -58.97455239948831, -27.493600206822009 ], [ -58.974511909429367, -27.493600109674098 ], [ -58.973978570270006, -27.494073129601908 ], [ -58.973978461077721, -27.494109244496538 ], [ -58.974386858476898, -27.494479796198029 ], [ -58.974797146105516, -27.494847252062364 ], [ -58.975220055203501, -27.49522644815276 ], [ -58.975261050697377, -27.495226992785231 ], [ -58.975794389262582, -27.49475396801331 ], [ -58.975794498881875, -27.494717853111826 ], [ -58.97455239948831, -27.493600206822009 ] ] ], [ [ [ -58.976532913607777, -27.493619209322112 ], [ -58.975686404212482, -27.494370070013463 ], [ -58.975939071051386, -27.494596605191692 ], [ -58.975979565529364, -27.494596702866325 ], [ -58.976785481428571, -27.493881855270796 ], [ -58.976785590688742, -27.493845743062074 ], [ -58.976532913607777, -27.493619209322112 ] ] ] ] } },
{ "type": "Feature", "properties": { "Barrio": "45 VIVIENDAS FO NA VI.", "Municipio": "Fontana", "ID": 366, "Área": 39476.57, "Perímetro": 815.81 }, "geometry": { "type": "MultiPolygon", "coordinates": [ [ [ [ -59.017114189049835, -27.425527983810454 ], [ -59.018237764819418, -27.426535247735636 ], [ -59.020029509735608, -27.424943819320049 ], [ -59.018900137853144, -27.423931374501866 ], [ -59.017114189049835, -27.425527983810454 ] ] ] ] } },
{ "type": "Feature", "properties": { "Barrio": "12 VIVIENDAS FO NA VI", "Municipio": "Fontana", "ID": 367, "Área": 6265.75, "Perímetro": 350.13 }, "geometry": { "type": "MultiPolygon", "coordinates": [ [ [ [ -59.024688864144572, -27.425652634691946 ], [ -59.02419737959481, -27.425226608036095 ], [ -59.024126779876561, -27.425284580906343 ], [ -59.023410108015874, -27.425921176653077 ], [ -59.02331607569122, -27.425971431198235 ], [ -59.023565079269304, -27.426194666318107 ], [ -59.024643705813155, -27.425708630975141 ], [ -59.024688864144572, -27.425652634691946 ] ] ] ] } },
{ "type": "Feature", "properties": { "Barrio": "180 VIVIENDAS FO NA VI", "Municipio": "Fontana", "ID": 368, "Área": 74111.89, "Perímetro": 1264.5 }, "geometry": { "type": "MultiPolygon", "coordinates": [ [ [ [ -59.024688864144572, -27.425652634691946 ], [ -59.024726117988394, -27.425671494952898 ], [ -59.025797109770181, -27.424754316884627 ], [ -59.02816888612265, -27.422647398175442 ], [ -59.027063091146864, -27.421656199643195 ], [ -59.023628453787417, -27.424707864036506 ], [ -59.02419737959481, -27.425226608036095 ], [ -59.024688864144572, -27.425652634691946 ] ] ] ] } },
{ "type": "Feature", "properties": { "Barrio": "80 VIVIENDAS FO NA VI", "Municipio": "Fontana", "ID": 369, "Área": 28254.11, "Perímetro": 797.31 }, "geometry": { "type": "MultiPolygon", "coordinates": [ [ [ [ -59.026595810778616, -27.421237336432739 ], [ -59.026058694051486, -27.42075650635255 ], [ -59.025176362036945, -27.421531714611632 ], [ -59.024647840174289, -27.421057940779864 ], [ -59.023748286765048, -27.421881591005949 ], [ -59.024804217828027, -27.422828853212849 ], [ -59.02573585273354, -27.422001267790822 ], [ -59.026595810778616, -27.421237336432739 ] ] ] ] } },
{ "type": "Feature", "properties": { "Barrio": "BANDERAS ARGENTINAS II", "Municipio": "Fontana", "ID": 370, "Área": 28026.41, "Perímetro": 717.47 }, "geometry": { "type": "MultiPolygon", "coordinates": [ [ [ [ -59.023484443778024, -27.421663259550694 ], [ -59.022652682945797, -27.422403965972784 ], [ -59.024393600115779, -27.42394911783127 ], [ -59.025220959449697, -27.423235718469819 ], [ -59.023484443778024, -27.421663259550694 ] ] ] ] } },
{ "type": "Feature", "properties": { "Barrio": "20 VIVIENDAS FO NA VI", "Municipio": "Fontana", "ID": 371, "Área": 13791.25, "Perímetro": 601.94 }, "geometry": { "type": "MultiPolygon", "coordinates": [ [ [ [ -59.026608394266447, -27.421272291818934 ], [ -59.024861256885401, -27.42283224808553 ], [ -59.02525303674085, -27.423191627472342 ], [ -59.027014288201528, -27.421640205641314 ], [ -59.026608394266447, -27.421272291818934 ] ] ] ] } },
{ "type": "Feature", "properties": { "Barrio": "BANDERAS ARGENTINAS II", "Municipio": "Fontana", "ID": 372, "Área": 31725.23, "Perímetro": 818.39 }, "geometry": { "type": "MultiPolygon", "coordinates": [ [ [ [ -59.022164582443757, -27.422046844668678 ], [ -59.021418029577916, -27.42272066929441 ], [ -59.023604077773143, -27.424654278542015 ], [ -59.024347636829631, -27.424005295198697 ], [ -59.022164582443757, -27.422046844668678 ] ] ] ] } },
{ "type": "Feature", "properties": { "Barrio": "PELLEGRINI", "Municipio": "Fontana", "ID": 373, "Área": 35476.69, "Perímetro": 1109.0 }, "geometry": { "type": "MultiPolygon", "coordinates": [ [ [ [ -59.028208582726961, -27.42269432646982 ], [ -59.024851665903142, -27.425663065386541 ], [ -59.029276974518623, -27.423678088188552 ], [ -59.028208582726961, -27.42269432646982 ] ] ] ] } },
{ "type": "Feature", "properties": { "Barrio": "CACIQUE PELAYO", "Municipio": "Fontana", "ID": 374, "Área": 57491.18, "Perímetro": 2186.1 }, "geometry": { "type": "MultiPolygon", "coordinates": [ [ [ [ -59.029278913377965, -27.423692969116992 ], [ -59.02002180487834, -27.427844045573913 ], [ -59.020236909776457, -27.428338520719663 ], [ -59.02967427230795, -27.424045185648552 ], [ -59.029278913377965, -27.423692969116992 ] ] ] ] } },
{ "type": "Feature", "properties": { "Barrio": "21 VIVIENDAS FO NA VI", "Municipio": "Fontana", "ID": 375, "Área": 9073.43, "Perímetro": 507.22 }, "geometry": { "type": "MultiPolygon", "coordinates": [ [ [ [ -59.031922785699138, -27.423276353524791 ], [ -59.030120214973863, -27.424310528276326 ], [ -59.030570652652465, -27.424725590215665 ], [ -59.032087968329925, -27.423426064812354 ], [ -59.031922785699138, -27.423276353524791 ] ] ] ] } },
{ "type": "Feature", "properties": { "Barrio": "EVITA", "Municipio": "Fontana", "ID": 376, "Área": 24382.89, "Perímetro": 897.81 }, "geometry": { "type": "MultiPolygon", "coordinates": [ [ [ [ -59.032868483805323, -27.422003236178583 ], [ -59.029312786777062, -27.423612732654483 ], [ -59.02977072726474, -27.424034602681612 ], [ -59.033151446327274, -27.422531928285082 ], [ -59.032868483805323, -27.422003236178583 ] ] ] ] } },
{ "type": "Feature", "properties": { "Barrio": "SARMIENTO", "Municipio": "Fontana", "ID": 377, "Área": 269909.94, "Perímetro": 2615.65 }, "geometry": { "type": "MultiPolygon", "coordinates": [ [ [ [ -59.029916871736873, -27.424197689735774 ], [ -59.020204238664611, -27.428424615972023 ], [ -59.023282319548031, -27.431241928502153 ], [ -59.030596357297327, -27.424815245158701 ], [ -59.029916871736873, -27.424197689735774 ] ] ] ] } },
{ "type": "Feature", "properties": { "Barrio": "24 VIVIENDAS FO NA VI", "Municipio": "Fontana", "ID": 378, "Área": 8478.43, "Perímetro": 389.61 }, "geometry": { "type": "MultiPolygon", "coordinates": [ [ [ [ -59.032185564899414, -27.414200611544054 ], [ -59.031260937369211, -27.415017205312438 ], [ -59.03172067660779, -27.41544667845589 ], [ -59.032650106967019, -27.414621674239406 ], [ -59.032185564899414, -27.414200611544054 ] ] ] ] } },
{ "type": "Feature", "properties": { "Barrio": "FONTANA CENTRO", "Municipio": "Fontana", "ID": 379, "Área": 366267.51, "Perímetro": 3724.38 }, "geometry": { "type": "MultiPolygon", "coordinates": [ [ [ [ -59.030539278157981, -27.412140078665306 ], [ -59.027946454102882, -27.414538465691422 ], [ -59.028821789923512, -27.414973012434249 ], [ -59.028757630403454, -27.415101601684011 ], [ -59.027759080527638, -27.416857822571355 ], [ -59.029416697336153, -27.417335982688904 ], [ -59.0303441895731, -27.417150969794992 ], [ -59.030520123383184, -27.417236272483638 ], [ -59.030788756097046, -27.417366467102305 ], [ -59.031367238875816, -27.418250359249235 ], [ -59.03259830318617, -27.419541474928909 ], [ -59.033189311397571, -27.41897944323042 ], [ -59.033811642580602, -27.419052272719927 ], [ -59.034423858538865, -27.419137549772898 ], [ -59.03600358449556, -27.41891550524273 ], [ -59.036618991314356, -27.41947793211104 ], [ -59.037705915457693, -27.418489379567884 ], [ -59.030539278157981, -27.412140078665306 ] ], [ [ -59.032091603818451, -27.415266625948867 ], [ -59.030599638131399, -27.416676368027876 ], [ -59.031705889408457, -27.41554117031955 ], [ -59.031115446959966, -27.415011918046194 ], [ -59.032195339233056, -27.414087667426806 ], [ -59.032809305124111, -27.414650194467868 ], [ -59.032678233077966, -27.414724547390563 ], [ -59.032091603818451, -27.415266625948867 ] ] ] ] } },
{ "type": "Feature", "properties": { "Barrio": "LA COLMENA", "Municipio": "Fontana", "ID": 380, "Área": 82166.93, "Perímetro": 1271.63 }, "geometry": { "type": "MultiPolygon", "coordinates": [ [ [ [ -59.035982663067188, -27.418946451748589 ], [ -59.034407156998704, -27.419196443686552 ], [ -59.034315241851367, -27.419120535846037 ], [ -59.033212237161287, -27.419001520778806 ], [ -59.032608359220418, -27.41954836572144 ], [ -59.032969510904088, -27.420380676989769 ], [ -59.032918270913775, -27.420666221138092 ], [ -59.032828875728143, -27.421953720890528 ], [ -59.033135802352753, -27.422502698515888 ], [ -59.036599753656354, -27.419505725730787 ], [ -59.035982663067188, -27.418946451748589 ] ] ] ] } },
{ "type": "Feature", "properties": { "Barrio": "40 VIVIENDAS FO NA VI", "Municipio": "Fontana", "ID": 381, "Área": 30269.96, "Perímetro": 724.71 }, "geometry": { "type": "MultiPolygon", "coordinates": [ [ [ [ -59.027863555893113, -27.414575369458667 ], [ -59.02640520943369, -27.415846563768763 ], [ -59.027658120976682, -27.416972074040252 ], [ -59.028782036258477, -27.415004673099176 ], [ -59.027863555893113, -27.414575369458667 ] ] ] ] } },
{ "type": "Feature", "properties": { "Barrio": "27 VIVIENDAS PROGRESIVAS", "Municipio": "Fontana", "ID": 382, "Área": 5293.14, "Perímetro": 317.55 }, "geometry": { "type": "MultiPolygon", "coordinates": [ [ [ [ -59.026362313833097, -27.415884249459285 ], [ -59.025567176423188, -27.416597881817189 ], [ -59.025916363938912, -27.416904204579108 ], [ -59.026694520753601, -27.416185386721139 ], [ -59.026362313833097, -27.415884249459285 ] ] ] ] } },
{ "type": "Feature", "properties": { "Barrio": "29 VIVIENDAS FO NA VI", "Municipio": "Fontana", "ID": 383, "Área": 16884.95, "Perímetro": 536.96 }, "geometry": { "type": "MultiPolygon", "coordinates": [ [ [ [ -59.026731252698852, -27.416203369279966 ], [ -59.025921976127123, -27.4169113337027 ], [ -59.02720328729766, -27.418035020631706 ], [ -59.027632161840167, -27.417020007326887 ], [ -59.026731252698852, -27.416203369279966 ] ] ] ] } },
{ "type": "Feature", "properties": { "Barrio": "ALLIN", "Municipio": "Fontana", "ID": 384, "Área": 67660.71, "Perímetro": 1018.96 }, "geometry": { "type": "MultiPolygon", "coordinates": [ [ [ [ -59.025529445161347, -27.416629019645885 ], [ -59.023524641187947, -27.418400299488692 ], [ -59.025121068320544, -27.419832119433334 ], [ -59.025544605078132, -27.419751513045291 ], [ -59.026173231737147, -27.419259564858081 ], [ -59.027157021113027, -27.418068631388625 ], [ -59.025529445161347, -27.416629019645885 ] ] ] ] } },
{ "type": "Feature", "properties": { "Barrio": "LAS RANAS", "Municipio": "Fontana", "ID": 385, "Área": 82884.84, "Perímetro": 1326.92 }, "geometry": { "type": "MultiPolygon", "coordinates": [ [ [ [ -59.02772232341281, -27.416899252098947 ], [ -59.027276252636582, -27.418003514578924 ], [ -59.026258723961618, -27.419210758219108 ], [ -59.026188183035373, -27.419281387506569 ], [ -59.025566863357682, -27.419796482956791 ], [ -59.025215890317305, -27.419865827210071 ], [ -59.02683370745391, -27.421327703782293 ], [ -59.027377003044037, -27.420642696520289 ], [ -59.02839434786474, -27.419400497644514 ], [ -59.02933492946029, -27.417414933843936 ], [ -59.02772232341281, -27.416899252098947 ] ] ] ] } },
{ "type": "Feature", "properties": { "Barrio": "104 VIVIENDAS FO NA VI", "Municipio": "Fontana", "ID": 386, "Área": 53864.37, "Perímetro": 961.5 }, "geometry": { "type": "MultiPolygon", "coordinates": [ [ [ [ -59.040033858746348, -27.410154627513929 ], [ -59.037845652621584, -27.412064138048521 ], [ -59.039110695831177, -27.413217487277556 ], [ -59.041287700682666, -27.41129099771663 ], [ -59.040033858746348, -27.410154627513929 ] ] ] ] } },
{ "type": "Feature", "properties": { "Barrio": "263 VIVIENDAS FO NA VI", "Municipio": "Fontana", "ID": 387, "Área": 95080.92, "Perímetro": 1233.63 }, "geometry": { "type": "MultiPolygon", "coordinates": [ [ [ [ -59.041316649093275, -27.411334247114304 ], [ -59.039143427345067, -27.413260763179007 ], [ -59.041377201646398, -27.415276701143483 ], [ -59.043545661132669, -27.413354338533686 ], [ -59.041316649093275, -27.411334247114304 ] ] ] ] } },
{ "type": "Feature", "properties": { "Barrio": "BELGRANO", "Municipio": "Fontana", "ID": 388, "Área": 30728.95, "Perímetro": 704.87 }, "geometry": { "type": "MultiPolygon", "coordinates": [ [ [ [ -59.039944712793904, -27.414091662076725 ], [ -59.038812277425869, -27.415100179274461 ], [ -59.040201486329515, -27.416338786320495 ], [ -59.04133392243962, -27.415330258015182 ], [ -59.039944712793904, -27.414091662076725 ] ] ] ] } },
{ "type": "Feature", "properties": { "Barrio": "65 VIVIENDAS", "Municipio": "Fontana", "ID": 389, "Área": 38337.74, "Perímetro": 882.13 }, "geometry": { "type": "MultiPolygon", "coordinates": [ [ [ [ -59.039066316622403, -27.413288762963283 ], [ -59.036759547001921, -27.41533587237738 ], [ -59.03759664624387, -27.416101359148556 ], [ -59.039914738593019, -27.414057690747391 ], [ -59.039066316622403, -27.413288762963283 ] ] ] ] } },
{ "type": "Feature", "properties": { "Barrio": "SAN PANTALEÓN", "Municipio": "Fontana", "ID": 390, "Área": 30332.73, "Perímetro": 700.1 }, "geometry": { "type": "MultiPolygon", "coordinates": [ [ [ [ -59.038781660328077, -27.415140485575204 ], [ -59.037653132573382, -27.416132138190473 ], [ -59.039019640968313, -27.417370600146146 ], [ -59.040159664510192, -27.416362134223494 ], [ -59.038781660328077, -27.415140485575204 ] ] ] ] } },
{ "type": "Feature", "properties": { "Barrio": "BELGRANO", "Municipio": "Fontana", "ID": 391, "Área": 31457.7, "Perímetro": 867.9 }, "geometry": { "type": "MultiPolygon", "coordinates": [ [ [ [ -59.036729045252002, -27.415362673222102 ], [ -59.036206654869517, -27.415828393439995 ], [ -59.037070442938827, -27.416570432910998 ], [ -59.036761500030622, -27.416855298764069 ], [ -59.038157922014015, -27.418134493946845 ], [ -59.038996706430204, -27.417397453637477 ], [ -59.036729045252002, -27.415362673222102 ] ] ] ] } },
{ "type": "Feature", "properties": { "Barrio": "FONTANA CENTRO", "Municipio": "Fontana", "ID": 392, "Área": 75350.09, "Perímetro": 2198.37 }, "geometry": { "type": "MultiPolygon", "coordinates": [ [ [ [ -59.038157922014015, -27.418134493946845 ], [ -59.036733388195081, -27.416861013265933 ], [ -59.037057322140086, -27.416582531516099 ], [ -59.036188999885425, -27.415828271397071 ], [ -59.033031933398227, -27.41282160932435 ], [ -59.032654479882702, -27.413153262676833 ], [ -59.03102122640788, -27.411713673802875 ], [ -59.03066664736923, -27.412025221619672 ], [ -59.037826159335012, -27.418432710414169 ], [ -59.038157922014015, -27.418134493946845 ] ] ] ] } },
{ "type": "Feature", "properties": { "Barrio": "125 VIVIENDAS C G T", "Municipio": "Fontana", "ID": 393, "Área": 24716.19, "Perímetro": 918.02 }, "geometry": { "type": "MultiPolygon", "coordinates": [ [ [ [ -59.037803336536676, -27.412102887154909 ], [ -59.034983285835928, -27.414656272113948 ], [ -59.03540565226789, -27.415033982715567 ], [ -59.038262172950411, -27.412528956242976 ], [ -59.037803336536676, -27.412102887154909 ] ] ] ] } },
{ "type": "Feature", "properties": { "Barrio": "57 VIVIENDAS FO NA VI", "Municipio": "Fontana", "ID": 394, "Área": 42842.2, "Perímetro": 1009.67 }, "geometry": { "type": "MultiPolygon", "coordinates": [ [ [ [ -59.038281794404753, -27.412556946882486 ], [ -59.035422413245087, -27.41506448690787 ], [ -59.036196591294861, -27.415776368072191 ], [ -59.039033537373413, -27.413238269547822 ], [ -59.038281794404753, -27.412556946882486 ] ] ] ] } },
{ "type": "Feature", "properties": { "Barrio": "120 VIVIENDAS CGT", "Municipio": "Fontana", "ID": 395, "Área": 46924.24, "Perímetro": 1026.3 }, "geometry": { "type": "MultiPolygon", "coordinates": [ [ [ [ -59.036916115348134, -27.411339586722139 ], [ -59.034105397183779, -27.413843958543502 ], [ -59.034938193595238, -27.4146205067719 ], [ -59.037766471392352, -27.412100099804839 ], [ -59.036916115348134, -27.411339586722139 ] ] ] ] } },
{ "type": "Feature", "properties": { "Barrio": "125 VIVIENDAS C G T", "Municipio": "Fontana", "ID": 396, "Área": 23841.64, "Perímetro": 879.88 }, "geometry": { "type": "MultiPolygon", "coordinates": [ [ [ [ -59.033057943405858, -27.409930219923627 ], [ -59.035746847308957, -27.41234191628099 ], [ -59.036198676412226, -27.411939862768165 ], [ -59.033518261866654, -27.409530766784261 ], [ -59.033057943405858, -27.409930219923627 ] ] ] ] } },
{ "type": "Feature", "properties": { "Barrio": "40 VIVIENDAS P/ INUNDADOS", "Municipio": "Fontana", "ID": 397, "Área": 42763.34, "Perímetro": 849.51 }, "geometry": { "type": "MultiPolygon", "coordinates": [ [ [ [ -59.033057943405858, -27.409930219923627 ], [ -59.031882716864168, -27.41096286380478 ], [ -59.033729544678074, -27.412641963832328 ], [ -59.034917572605217, -27.411598150592329 ], [ -59.033057943405858, -27.409930219923627 ] ] ] ] } },
{ "type": "Feature", "properties": { "Barrio": "125 VIVIENDAS FO NA VI", "Municipio": "Fontana", "ID": 398, "Área": 44262.21, "Perímetro": 1215.57 }, "geometry": { "type": "MultiPolygon", "coordinates": [ [ [ [ -59.034917572605217, -27.411598150592329 ], [ -59.033729544678074, -27.412641963832328 ], [ -59.031882716864168, -27.41096286380478 ], [ -59.031402193909123, -27.411400156183817 ], [ -59.034069941633582, -27.413810191659969 ], [ -59.035732709453839, -27.412329236751923 ], [ -59.034917572605217, -27.411598150592329 ] ] ] ] } },
{ "type": "Feature", "properties": { "Barrio": "98 VIVIENDAS A.I.P.O", "Municipio": "Fontana", "ID": 399, "Área": 110567.85, "Perímetro": 1571.47 }, "geometry": { "type": "MultiPolygon", "coordinates": [ [ [ [ -59.041328948077044, -27.402458955839034 ], [ -59.044820650400204, -27.405546002653058 ], [ -59.046959169257491, -27.403666425047987 ], [ -59.046646997521094, -27.403381242065084 ], [ -59.045835141651303, -27.402653616922887 ], [ -59.045548582138956, -27.402908303937945 ], [ -59.044451450904852, -27.401924978994003 ], [ -59.04356310989975, -27.402714497497062 ], [ -59.042320001228866, -27.401588497712353 ], [ -59.041328948077044, -27.402458955839034 ] ] ] ] } },
{ "type": "Feature", "properties": { "Barrio": "148 VIVIENDAS FO NA VI", "Municipio": "Fontana", "ID": 400, "Área": 115638.38, "Perímetro": 1438.16 }, "geometry": { "type": "MultiPolygon", "coordinates": [ [ [ [ -59.045609552084763, -27.406202446271546 ], [ -59.04554974986052, -27.406258415486189 ], [ -59.047973823061923, -27.408440333107226 ], [ -59.048103433120694, -27.408326417025908 ], [ -59.048543295916346, -27.408724758624654 ], [ -59.05090245668476, -27.406630240793934 ], [ -59.049009665811838, -27.405881272657048 ], [ -59.047515544536282, -27.404527234816349 ], [ -59.045609552084763, -27.406202446271546 ] ] ] ] } },
{ "type": "Feature", "properties": { "Barrio": "INDEPENDENCIA", "Municipio": "Fontana", "ID": 401, "Área": 497968.27, "Perímetro": 3038.92 }, "geometry": { "type": "MultiPolygon", "coordinates": [ [ [ [ -59.041328948077044, -27.402458955839034 ], [ -59.037775797925391, -27.405608378970289 ], [ -59.045021371101711, -27.412039583767623 ], [ -59.048639238875779, -27.40881164401927 ], [ -59.048103433120694, -27.408326417025908 ], [ -59.047973823061923, -27.408440333107226 ], [ -59.041328948077044, -27.402458955839034 ] ] ] ] } },
{ "type": "Feature", "properties": { "Barrio": "SAN PABLO", "Municipio": "Fontana", "ID": 402, "Área": 290175.64, "Perímetro": 2177.38 }, "geometry": { "type": "MultiPolygon", "coordinates": [ [ [ [ -59.036455677886536, -27.399575646592904 ], [ -59.040451479667908, -27.403165767553805 ], [ -59.044905570138596, -27.399271176415645 ], [ -59.042979389899166, -27.397586612881565 ], [ -59.041206448265321, -27.397878321869147 ], [ -59.040110337247263, -27.397987271530845 ], [ -59.039726422368261, -27.397761780687922 ], [ -59.038475314823025, -27.398077304520609 ], [ -59.037074390277823, -27.398655148515207 ], [ -59.036455677886536, -27.399575646592904 ] ] ] ] } },
{ "type": "Feature", "properties": { "Barrio": "BALASTRO II", "Municipio": "Fontana", "ID": 403, "Área": 41163.49, "Perímetro": 1662.71 }, "geometry": { "type": "MultiPolygon", "coordinates": [ [ [ [ -59.02898687246951, -27.410456421290341 ], [ -59.030558862460552, -27.411872207213452 ], [ -59.033615957169495, -27.409119206408057 ], [ -59.03331990889221, -27.408853833530131 ], [ -59.03293991648188, -27.409191473986088 ], [ -59.032660678351846, -27.408934338554999 ], [ -59.032574696735445, -27.409010735995274 ], [ -59.032252257297984, -27.408721700821108 ], [ -59.032101790466697, -27.408855396773337 ], [ -59.032201974724728, -27.409137042610165 ], [ -59.031915368660094, -27.409391700142979 ], [ -59.031601489783128, -27.409110337125384 ], [ -59.031458186282165, -27.409237665337187 ], [ -59.031358669704815, -27.409250900394664 ], [ -59.031215365746959, -27.409378228342412 ], [ -59.031106222538085, -27.409280390290409 ], [ -59.030962477027444, -27.409408110141907 ], [ -59.030807097748387, -27.409408325207369 ], [ -59.030571002514776, -27.409618096910261 ], [ -59.031539889059253, -27.410486618572449 ], [ -59.031564507835625, -27.410542160824193 ], [ -59.031208440127863, -27.410858527514129 ], [ -59.031232504776348, -27.410956835630454 ], [ -59.030498986447256, -27.411608561347585 ], [ -59.030287412324938, -27.411299961161767 ], [ -59.030301686470452, -27.411123471946372 ], [ -59.02927348889191, -27.41020177006865 ], [ -59.02898687246951, -27.410456421290341 ] ] ] ] } },
{ "type": "Feature", "properties": { "Barrio": "BALASTRO I", "Municipio": "Fontana", "ID": 404, "Área": 11133.7, "Perímetro": 1014.15 }, "geometry": { "type": "MultiPolygon", "coordinates": [ [ [ [ -59.026774141484033, -27.409022755723612 ], [ -59.030227747978714, -27.412117881548326 ], [ -59.030392553303329, -27.411971455805862 ], [ -59.026938946502156, -27.408876333998336 ], [ -59.026774141484033, -27.409022755723612 ] ] ] ] } },
{ "type": "Feature", "properties": { "Barrio": "506 VIVIENDAS FO NA VI", "Municipio": "Fontana", "ID": 405, "Área": 227263.91, "Perímetro": 2199.7 }, "geometry": { "type": "MultiPolygon", "coordinates": [ [ [ [ -59.02521757238393, -27.410405667800273 ], [ -59.024964298266937, -27.412817949501484 ], [ -59.023200859369616, -27.414764451707978 ], [ -59.02333934423897, -27.415337805232603 ], [ -59.023773754138368, -27.415516777871225 ], [ -59.024634429423998, -27.415448667307079 ], [ -59.02619061488781, -27.414217194456985 ], [ -59.02731503329786, -27.413609643206041 ], [ -59.027859921876399, -27.414233366773988 ], [ -59.030227747978714, -27.412117881548326 ], [ -59.026774141484033, -27.409022755723612 ], [ -59.02521757238393, -27.410405667800273 ] ] ] ] } },
{ "type": "Feature", "properties": { "Barrio": "40 VIVIENDAS SOLIDARIDAD", "Municipio": "Fontana", "ID": 406, "Área": 15200.93, "Perímetro": 560.58 }, "geometry": { "type": "MultiPolygon", "coordinates": [ [ [ [ -59.030687148014898, -27.4026437333046 ], [ -59.031910394850307, -27.401543121509516 ], [ -59.031501333094553, -27.401176410088411 ], [ -59.031158861165586, -27.401480725212746 ], [ -59.030936612162307, -27.401281400269326 ], [ -59.030864964777955, -27.401345063790412 ], [ -59.030793633795938, -27.401281117861949 ], [ -59.030651585952107, -27.401407338049797 ], [ -59.030597052867812, -27.401351105834468 ], [ -59.030359866628707, -27.401557303075666 ], [ -59.030431197518062, -27.401621250123949 ], [ -59.029976443500857, -27.402022086180317 ], [ -59.030687148014898, -27.4026437333046 ] ] ] ] } },
{ "type": "Feature", "properties": { "Barrio": "18 VIVIENDAS A.I.P.O", "Municipio": "Fontana", "ID": 407, "Área": 16993.87, "Perímetro": 574.09 }, "geometry": { "type": "MultiPolygon", "coordinates": [ [ [ [ -59.032477268913958, -27.401051729483449 ], [ -59.031354106709941, -27.402043643532124 ], [ -59.032284613421844, -27.40287351716594 ], [ -59.03268583637059, -27.402516994050806 ], [ -59.032439370186353, -27.402322176862349 ], [ -59.033170164141275, -27.401672793965432 ], [ -59.032477268913958, -27.401051729483449 ] ] ] ] } },
{ "type": "Feature", "properties": { "Barrio": "18 VIVIENDAS BALASTRO II", "Municipio": "Fontana", "ID": 408, "Área": 8289.05, "Perímetro": 402.18 }, "geometry": { "type": "MultiPolygon", "coordinates": [ [ [ [ -59.031077025499769, -27.403249489206683 ], [ -59.03130847368174, -27.403456520030602 ], [ -59.031727372454405, -27.403507241078152 ], [ -59.032364203051827, -27.402944947976373 ], [ -59.031677983817104, -27.402330249705372 ], [ -59.031473946991049, -27.402527475669558 ], [ -59.031540838941204, -27.402587441659186 ], [ -59.031416140774866, -27.402698245121591 ], [ -59.031557289454909, -27.402824779482735 ], [ -59.031077025499769, -27.403249489206683 ] ] ] ] } },
{ "type": "Feature", "properties": { "Barrio": "LIBERTADOR", "Municipio": "Fontana", "ID": 409, "Área": 112453.36, "Perímetro": 1703.02 }, "geometry": { "type": "MultiPolygon", "coordinates": [ [ [ [ -59.051180171490991, -27.406470440424478 ], [ -59.0472635374975, -27.410039107837385 ], [ -59.048844911474148, -27.411444976103017 ], [ -59.052330869597, -27.409949292926786 ], [ -59.050153033239134, -27.408016631620526 ], [ -59.05153306774875, -27.406790230344622 ], [ -59.051180171490991, -27.406470440424478 ] ] ] ] } },
{ "type": "Feature", "properties": { "Barrio": "PUERTO VICENTINI", "Municipio": "Fontana", "ID": 410, "Área": 166282.26, "Perímetro": 2018.48 }, "geometry": { "type": "MultiPolygon", "coordinates": [ [ [ [ -59.052506450787483, -27.409768155072516 ], [ -59.052604179087808, -27.409843102498915 ], [ -59.048844911474148, -27.411444976103017 ], [ -59.050255966951362, -27.412791681305521 ], [ -59.057083335387617, -27.409886967664054 ], [ -59.05475558535224, -27.407777786175004 ], [ -59.052506450787483, -27.409768155072516 ] ] ] ] } },
{ "type": "Feature", "properties": { "Barrio": "CACUI", "Municipio": "Fontana", "ID": 411, "Área": 210782.75, "Perímetro": 2619.91 }, "geometry": { "type": "MultiPolygon", "coordinates": [ [ [ [ -59.045021371101711, -27.412039583767623 ], [ -59.039566840038653, -27.417066617072244 ], [ -59.040428811470107, -27.416750088089589 ], [ -59.047045120369731, -27.41385321532951 ], [ -59.049073212548471, -27.412981091004738 ], [ -59.049444080578176, -27.413058381380718 ], [ -59.050022334929842, -27.41281318240452 ], [ -59.047099079218427, -27.410193102958065 ], [ -59.045021371101711, -27.412039583767623 ] ] ] ] } },
{ "type": "Feature", "properties": { "Barrio": "ANUNCIACION", "Municipio": "Fontana", "ID": 412, "Área": 98747.43, "Perímetro": 1272.57 }, "geometry": { "type": "MultiPolygon", "coordinates": [ [ [ [ -59.054414873222562, -27.411635645065296 ], [ -59.057020423413363, -27.414010077536801 ], [ -59.059276276658757, -27.412120975775586 ], [ -59.057301362590771, -27.410331605194632 ], [ -59.054414873222562, -27.411635645065296 ] ] ] ] } },
{ "type": "Feature", "properties": { "Barrio": "100 VIVIENDAS FO NA VI", "Municipio": "Fontana", "ID": 413, "Área": 30702.82, "Perímetro": 756.64 }, "geometry": { "type": "MultiPolygon", "coordinates": [ [ [ [ -59.054324450284831, -27.413087388313329 ], [ -59.056180609732905, -27.414751611556987 ], [ -59.057020423413363, -27.414010077536801 ], [ -59.055176689317427, -27.412329900771514 ], [ -59.054324450284831, -27.413087388313329 ] ] ] ] } },
{ "type": "Feature", "properties": { "Barrio": "173 VIVIENDAS FO NA VI", "Municipio": "Fontana", "ID": 414, "Área": 91519.18, "Perímetro": 1228.47 }, "geometry": { "type": "MultiPolygon", "coordinates": [ [ [ [ -59.051745157934903, -27.41537958064335 ], [ -59.053518191146942, -27.416968313263286 ], [ -59.056180609732905, -27.414751611556987 ], [ -59.054320013814817, -27.413089591599714 ], [ -59.051745157934903, -27.41537958064335 ] ] ] ] } },
{ "type": "Feature", "properties": { "Barrio": "FLORIANI", "Municipio": "Fontana", "ID": 415, "Área": 223761.88, "Perímetro": 2589.56 }, "geometry": { "type": "MultiPolygon", "coordinates": [ [ [ [ -59.049444080578176, -27.413058381380718 ], [ -59.047203515157264, -27.413995159070797 ], [ -59.052013587065801, -27.418305451115526 ], [ -59.053518191146942, -27.416968313263286 ], [ -59.051745157934903, -27.41537958064335 ], [ -59.051888400839879, -27.415252189474195 ], [ -59.052211127118326, -27.414902009573204 ], [ -59.052604608420005, -27.414615230345117 ], [ -59.053225053212657, -27.414063430131659 ], [ -59.053687857739277, -27.413651822916997 ], [ -59.055211791810457, -27.412332550665219 ], [ -59.054423230909627, -27.411631649178922 ], [ -59.051158189613211, -27.413063374150841 ], [ -59.05063265602255, -27.413292682372347 ], [ -59.049920114208206, -27.413904870028304 ], [ -59.049444080578176, -27.413058381380718 ] ] ] ] } },
{ "type": "Feature", "properties": { "Barrio": "444 VIVIENDAS FO NA VI", "Municipio": "Fontana", "ID": 416, "Área": 264190.3, "Perímetro": 2719.83 }, "geometry": { "type": "MultiPolygon", "coordinates": [ [ [ [ -59.041166238147653, -27.41772723738428 ], [ -59.043190808174387, -27.419532693936411 ], [ -59.043316042220397, -27.419421294764586 ], [ -59.044126571146791, -27.418701911656395 ], [ -59.045457264075097, -27.417519416117994 ], [ -59.046586377322335, -27.418527716571209 ], [ -59.045996697072653, -27.419051734533429 ], [ -59.046324910239115, -27.419345854073448 ], [ -59.047032986995603, -27.418672558858354 ], [ -59.048451318288222, -27.419943140222202 ], [ -59.050982031838593, -27.417636866653638 ], [ -59.047831847108391, -27.414814728816317 ], [ -59.041166238147653, -27.41772723738428 ] ] ] ] } },
{ "type": "Feature", "properties": { "Barrio": "100 VIVIENDAS FO NA VI", "Municipio": "Fontana", "ID": 417, "Área": 30026.35, "Perímetro": 696.1 }, "geometry": { "type": "MultiPolygon", "coordinates": [ [ [ [ -59.045219571490989, -27.419742312795908 ], [ -59.046586377322335, -27.418527716571209 ], [ -59.045457264075097, -27.417519416117994 ], [ -59.044100302738741, -27.418725226600504 ], [ -59.045219571490989, -27.419742312795908 ] ] ] ] } },
{ "type": "Feature", "properties": { "Barrio": "48 VIVIENDAS FO NA VI", "Municipio": "Fontana", "ID": 418, "Área": 18659.99, "Perímetro": 586.6 }, "geometry": { "type": "MultiPolygon", "coordinates": [ [ [ [ -59.041795033025117, -27.419507118463461 ], [ -59.04322201578757, -27.420785935488151 ], [ -59.043890535628087, -27.420191893358762 ], [ -59.042463552359841, -27.418913083068588 ], [ -59.041795033025117, -27.419507118463461 ] ] ] ] } },
{ "type": "Feature", "properties": { "Barrio": "150 VIVIENDAS FO NA VI", "Municipio": "Fontana", "ID": 419, "Área": 55204.36, "Perímetro": 962.49 }, "geometry": { "type": "MultiPolygon", "coordinates": [ [ [ [ -59.038731375857516, -27.418551319774988 ], [ -59.040641310381368, -27.420263031983744 ], [ -59.040868146404989, -27.420061475396658 ], [ -59.042300492237274, -27.418788728893745 ], [ -59.041890240749133, -27.418421067866884 ], [ -59.041283067608049, -27.417876920345069 ], [ -59.04107393594353, -27.417968290972208 ], [ -59.040807161045706, -27.417482034071355 ], [ -59.040435717447941, -27.417629054239431 ], [ -59.040314821871867, -27.417681468331196 ], [ -59.039953925341756, -27.417847825409112 ], [ -59.039816443220843, -27.417916438807627 ], [ -59.03947338485883, -27.418098782945787 ], [ -59.039016101270391, -27.41837058503469 ], [ -59.038731375857516, -27.418551319774988 ] ] ] ] } },
{ "type": "Feature", "properties": { "Barrio": "NUEVA ESPERANZA 50 VIVIENDAS FO NA VI", "Municipio": "Fontana", "ID": 420, "Área": 87363.5, "Perímetro": 1648.89 }, "geometry": { "type": "MultiPolygon", "coordinates": [ [ [ [ -59.051183277820677, -27.417668210489165 ], [ -59.046135729885115, -27.422090718677069 ], [ -59.047021812860827, -27.422893627064596 ], [ -59.05206936405213, -27.418471087323901 ], [ -59.051183277820677, -27.417668210489165 ] ] ] ] } },
{ "type": "Feature", "properties": { "Barrio": "NUEVA PROVINCIA", "Municipio": "Fontana", "ID": 421, "Área": 134012.23, "Perímetro": 1851.54 }, "geometry": { "type": "MultiPolygon", "coordinates": [ [ [ [ -59.036673653595876, -27.420209112496391 ], [ -59.038273198258736, -27.421631521287779 ], [ -59.038562503265396, -27.421430928356827 ], [ -59.042007740342484, -27.424555572177791 ], [ -59.043312779611391, -27.423435469554903 ], [ -59.038183620161085, -27.418868948353083 ], [ -59.036673653595876, -27.420209112496391 ] ] ] ] } },
{ "type": "Feature", "properties": { "Barrio": "QUEBRACHO", "Municipio": "Fontana", "ID": 422, "Área": 50188.76, "Perímetro": 900.29 }, "geometry": { "type": "MultiPolygon", "coordinates": [ [ [ [ -59.03810079664261, -27.423624138648741 ], [ -59.039816656999271, -27.425234118122873 ], [ -59.041311292653951, -27.423931451169132 ], [ -59.039544907572456, -27.42235525670182 ], [ -59.03810079664261, -27.423624138648741 ] ] ] ] } },
{ "type": "Feature", "properties": { "Barrio": "GUEMES", "Municipio": "Fontana", "ID": 423, "Área": 183758.38, "Perímetro": 2297.61 }, "geometry": { "type": "MultiPolygon", "coordinates": [ [ [ [ -59.032243343183076, -27.423517458084827 ], [ -59.033734474792233, -27.424853921320711 ], [ -59.03388722322515, -27.424733812627807 ], [ -59.034436143609398, -27.424246137770261 ], [ -59.034650498209878, -27.424310362325674 ], [ -59.034722158743456, -27.424246696491284 ], [ -59.035530169586785, -27.424970868803566 ], [ -59.036079084167724, -27.424483187335607 ], [ -59.035741965655532, -27.424181051572251 ], [ -59.035885284233771, -27.424053719597907 ], [ -59.036260945461542, -27.423900582694518 ], [ -59.036676775298083, -27.42378344536661 ], [ -59.036748433341828, -27.423719778439878 ], [ -59.036893723638855, -27.423722101591707 ], [ -59.038339965399452, -27.425018233272656 ], [ -59.038888868232306, -27.424530540429878 ], [ -59.037965867787833, -27.423703350624244 ], [ -59.039500792084766, -27.422308925540097 ], [ -59.038565092033707, -27.421459646102026 ], [ -59.038193855830151, -27.421727203576779 ], [ -59.036617143048026, -27.420289757555743 ], [ -59.034117091828641, -27.422458722908527 ], [ -59.033966882830292, -27.422599071655569 ], [ -59.033250213872385, -27.422927445019628 ], [ -59.033121305716193, -27.423067691479751 ], [ -59.033026667178213, -27.423110761150912 ], [ -59.032854305159823, -27.423189204035431 ], [ -59.032714361297856, -27.423252892321475 ], [ -59.032585653212813, -27.423311467107979 ], [ -59.032396376254276, -27.4233976065413 ], [ -59.032243343183076, -27.423517458084827 ] ] ] ] } },
{ "type": "Feature", "properties": { "Barrio": "SI.TE.CH", "Municipio": "Fontana", "ID": 424, "Área": 2279.62, "Perímetro": 195.98 }, "geometry": { "type": "MultiPolygon", "coordinates": [ [ [ [ -59.029697737592336, -27.426441017559497 ], [ -59.029968850685663, -27.426684016491116 ], [ -59.030398764371107, -27.426302102383254 ], [ -59.030127651214883, -27.426059104274557 ], [ -59.029697737592336, -27.426441017559497 ] ] ] ] } },
{ "type": "Feature", "properties": { "Barrio": "JOSE HERNANDEZ", "Municipio": "Fontana", "ID": 425, "Área": 77987.33, "Perímetro": 1693.01 }, "geometry": { "type": "MultiPolygon", "coordinates": [ [ [ [ -59.029899909995017, -27.425599192056524 ], [ -59.032825199669503, -27.428221057462377 ], [ -59.032681872144792, -27.428348385984876 ], [ -59.032162306473708, -27.428809951112182 ], [ -59.032920744551149, -27.429489695418443 ], [ -59.033440310426229, -27.429028128410998 ], [ -59.033609409229705, -27.429179678894542 ], [ -59.034422799005078, -27.429908653158183 ], [ -59.035282762046052, -27.42914466909281 ], [ -59.030616615856665, -27.424962622847968 ], [ -59.029899909995017, -27.425599192056524 ] ] ] ] } },
{ "type": "Feature", "properties": { "Barrio": "222 VIVIENDAS FO NA VI", "Municipio": "Fontana", "ID": 426, "Área": 74831.49, "Perímetro": 1382.0 }, "geometry": { "type": "MultiPolygon", "coordinates": [ [ [ [ -59.032558873074059, -27.431819152963303 ], [ -59.033369777862752, -27.432545895363965 ], [ -59.034856838279737, -27.431224848621429 ], [ -59.035754446864928, -27.432029270768172 ], [ -59.036274013529628, -27.431567693364322 ], [ -59.036417342341721, -27.431440361213326 ], [ -59.036528294746915, -27.431539794176473 ], [ -59.036785165431326, -27.431769991719772 ], [ -59.037501801664781, -27.431133326709531 ], [ -59.03542546315051, -27.429272558675589 ], [ -59.032558873074059, -27.431819152963303 ] ] ] ] } },
{ "type": "Feature", "properties": { "Barrio": "124 VIVIENDAS FO NA VI", "Municipio": "Fontana", "ID": 427, "Área": 28433.3, "Perímetro": 723.45 }, "geometry": { "type": "MultiPolygon", "coordinates": [ [ [ [ -59.033609409229705, -27.429179678894542 ], [ -59.032118779089686, -27.430503896067044 ], [ -59.03208768213139, -27.430846660366427 ], [ -59.032151326331935, -27.431105260871888 ], [ -59.032214276366645, -27.431240334047221 ], [ -59.032280456187209, -27.431324788716054 ], [ -59.032333400717469, -27.431392352975234 ], [ -59.032386344308136, -27.43145991630599 ], [ -59.032439288965982, -27.431527480527013 ], [ -59.032505469117616, -27.431611935996731 ], [ -59.034422799005078, -27.429908653158183 ], [ -59.033609409229705, -27.429179678894542 ] ] ] ] } },
{ "type": "Feature", "properties": { "Barrio": "16 VIVIENDAS", "Municipio": "Fontana", "ID": 428, "Área": 2610.0, "Perímetro": 217.0 }, "geometry": { "type": "MultiPolygon", "coordinates": [ [ [ [ -59.036384966937575, -27.431667126446754 ], [ -59.035865400242024, -27.432128704257693 ], [ -59.036122269816225, -27.432358903898777 ], [ -59.036641837602275, -27.431897324250059 ], [ -59.036384966937575, -27.431667126446754 ] ] ] ] } },
{ "type": "Feature", "properties": { "Barrio": "PARQUE INDUSTRIAL", "Municipio": "Fontana", "ID": 429, "Área": 480142.95, "Perímetro": 2930.04 }, "geometry": { "type": "MultiPolygon", "coordinates": [ [ [ [ -59.02710503506146, -27.428082073349799 ], [ -59.023593256850582, -27.431201428846524 ], [ -59.030514197194165, -27.437404354692934 ], [ -59.034097551069529, -27.434221255432661 ], [ -59.02710503506146, -27.428082073349799 ] ] ] ] } },
{ "type": "Feature", "properties": { "Barrio": "26 VIVIENDAS A.I.P.O", "Municipio": "Fontana", "ID": 430, "Área": 6501.32, "Perímetro": 345.97 }, "geometry": { "type": "MultiPolygon", "coordinates": [ [ [ [ -59.059073118405841, -27.415777118291416 ], [ -59.059909099812437, -27.416526118985026 ], [ -59.060304556354374, -27.416174611045641 ], [ -59.059459693328265, -27.415417654291435 ], [ -59.059073118405841, -27.415777118291416 ] ] ] ] } },
{ "type": "Feature", "properties": { "Barrio": "CAMORS", "Municipio": "Fontana", "ID": 431, "Área": 47139.34, "Perímetro": 884.97 }, "geometry": { "type": "MultiPolygon", "coordinates": [ [ [ [ -59.057081946095401, -27.414053323887991 ], [ -59.055793830572831, -27.415189565166443 ], [ -59.057674779104723, -27.416874886471128 ], [ -59.0589593688618, -27.415745809743999 ], [ -59.057081946095401, -27.414053323887991 ] ] ] ] } },
{ "type": "Feature", "properties": { "Barrio": "82 VIVIENDAS FO NA VI", "Municipio": "Fontana", "ID": 432, "Área": 23660.5, "Perímetro": 664.78 }, "geometry": { "type": "MultiPolygon", "coordinates": [ [ [ [ -59.052050606943958, -27.418596199213368 ], [ -59.05040848713579, -27.420054003520892 ], [ -59.051136513818996, -27.420706350505586 ], [ -59.052796917167591, -27.419263906663822 ], [ -59.052050606943958, -27.418596199213368 ] ] ] ] } },
{ "type": "Feature", "properties": { "Barrio": "57 VIVIENDAS FO NA VI", "Municipio": "Fontana", "ID": 433, "Área": 21587.77, "Perímetro": 646.82 }, "geometry": { "type": "MultiPolygon", "coordinates": [ [ [ [ -59.05288405582462, -27.419335602043425 ], [ -59.051252053474329, -27.420807516767219 ], [ -59.051918010790914, -27.421404234716093 ], [ -59.053558744331738, -27.419946076829319 ], [ -59.05288405582462, -27.419335602043425 ] ] ] ] } },
{ "type": "Feature", "properties": { "Barrio": "73 VIVIENDAS FO NA VI", "Municipio": "Fontana", "ID": 434, "Área": 28289.47, "Perímetro": 836.91 }, "geometry": { "type": "MultiPolygon", "coordinates": [ [ [ [ -59.051110969129468, -27.420934125836471 ], [ -59.049568287460502, -27.422303851036322 ], [ -59.051308923821949, -27.423869909119588 ], [ -59.051130975676301, -27.423182983615192 ], [ -59.051080881842104, -27.42294628700483 ], [ -59.051078897449742, -27.422659348927922 ], [ -59.051092610285551, -27.422573172783029 ], [ -59.051150453804958, -27.422481143742019 ], [ -59.051182917496156, -27.422319055009957 ], [ -59.051291719317412, -27.422088169171293 ], [ -59.051262067811713, -27.421923495589294 ], [ -59.051739035608684, -27.42149961548968 ], [ -59.051110969129468, -27.420934125836471 ] ] ] ] } },
{ "type": "Feature", "properties": { "Barrio": "15 VIVIENDAS", "Municipio": "Fontana", "ID": 435, "Área": 7362.5, "Perímetro": 405.0 }, "geometry": { "type": "MultiPolygon", "coordinates": [ [ [ [ -59.048577218893229, -27.421614001374959 ], [ -59.048236876621274, -27.421916447060788 ], [ -59.049342868632699, -27.422907481596244 ], [ -59.049683210083607, -27.422605034148358 ], [ -59.048577218893229, -27.421614001374959 ] ] ] ] } },
{ "type": "Feature", "properties": { "Barrio": "20 VIVIENDAS FO NA VI", "Municipio": "Fontana", "ID": 436, "Área": 5900.01, "Perímetro": 375.0 }, "geometry": { "type": "MultiPolygon", "coordinates": [ [ [ [ -59.049235391353761, -27.423002991981964 ], [ -59.048948785399013, -27.42325768411165 ], [ -59.050001279440792, -27.424200761118041 ], [ -59.050287885553956, -27.423946066858687 ], [ -59.049235391353761, -27.423002991981964 ] ] ] ] } },
{ "type": "Feature", "properties": { "Barrio": "JARDINES DE GRANADAS", "Municipio": "Fontana", "ID": 437, "Área": 47895.73, "Perímetro": 1190.19 }, "geometry": { "type": "MultiPolygon", "coordinates": [ [ [ [ -59.037683745103763, -27.431379182839002 ], [ -59.034289909443636, -27.43437509684572 ], [ -59.035823019540807, -27.433839074450912 ], [ -59.036728007396611, -27.433515086425622 ], [ -59.039135502332108, -27.432680154644402 ], [ -59.037683745103763, -27.431379182839002 ] ] ] ] } },
{ "type": "Feature", "properties": { "Barrio": "20 VIVIENDAS ORO", "Municipio": "Fontana", "ID": 438, "Área": 3997.5, "Perímetro": 277.0 }, "geometry": { "type": "MultiPolygon", "coordinates": [ [ [ [ -59.017211889309941, -27.424074027792305 ], [ -59.016918042727156, -27.42433501824004 ], [ -59.017613578170639, -27.424958563633606 ], [ -59.01790742485764, -27.424697572645183 ], [ -59.017211889309941, -27.424074027792305 ] ] ] ] } },
{ "type": "Feature", "properties": { "Barrio": "BANDERAS ARGENTINAS", "Municipio": "Fontana", "ID": 439, "Área": 118762.61, "Perímetro": 1625.77 }, "geometry": { "type": "MultiPolygon", "coordinates": [ [ [ [ -59.020938606373285, -27.42076385475627 ], [ -59.0201647528623, -27.421451238569656 ], [ -59.021405819269859, -27.422589641915955 ], [ -59.022194146090065, -27.421889396646023 ], [ -59.022610574230235, -27.422321066186626 ], [ -59.023474821490233, -27.421502614845625 ], [ -59.023756811844606, -27.421755399484685 ], [ -59.024652612106735, -27.420959650307811 ], [ -59.025187657132513, -27.42143927196204 ], [ -59.025940120852475, -27.420770835908517 ], [ -59.023446848610213, -27.418535792969273 ], [ -59.020938606373285, -27.42076385475627 ] ] ] ] } },
{ "type": "Feature", "properties": { "Barrio": "ORO", "Municipio": "Fontana", "ID": 440, "Área": 221625.84, "Perímetro": 2361.57 }, "geometry": { "type": "MultiPolygon", "coordinates": [ [ [ [ -59.017355228380474, -27.423946715421792 ], [ -59.018050763982892, -27.424570259570789 ], [ -59.018910793851468, -27.423806377813371 ], [ -59.019053468883378, -27.423934282681863 ], [ -59.020159212266257, -27.424925543161802 ], [ -59.018367468455615, -27.426516972396087 ], [ -59.01895943077875, -27.427047643892934 ], [ -59.019892769869074, -27.427902687283659 ], [ -59.020454582662126, -27.427655137093634 ], [ -59.021136450896037, -27.427336435103573 ], [ -59.021711541794048, -27.427086403925134 ], [ -59.021992810019562, -27.426836971014136 ], [ -59.022272118528299, -27.426809386986722 ], [ -59.023520005079327, -27.426275491448926 ], [ -59.023302444038734, -27.426080469812469 ], [ -59.023410108015874, -27.425921176653077 ], [ -59.024126779876561, -27.425284580906343 ], [ -59.023484709667144, -27.424709029126841 ], [ -59.020006947434723, -27.421591408496635 ], [ -59.017355228380474, -27.423946715421792 ] ] ] ] } },
{ "type": "Feature", "properties": { "Barrio": "50 VIVIENDAS", "Municipio": "Fontana", "ID": 441, "Área": 30497.54, "Perímetro": 721.83 }, "geometry": { "type": "MultiPolygon", "coordinates": [ [ [ [ -59.015837702560326, -27.42134786130196 ], [ -59.014212122628344, -27.422791657519106 ], [ -59.015175139038277, -27.423655045642789 ], [ -59.016787707150939, -27.422222796153058 ], [ -59.015837702560326, -27.42134786130196 ] ] ] ] } },
{ "type": "Feature", "properties": { "Barrio": "SANTA BARBARA", "Municipio": "Fontana", "ID": 442, "Área": 51629.83, "Perímetro": 1007.1 }, "geometry": { "type": "MultiPolygon", "coordinates": [ [ [ [ -59.015175139038277, -27.423655045642789 ], [ -59.016198334333659, -27.424578002158675 ], [ -59.018789598483693, -27.422290754412888 ], [ -59.017771077333784, -27.421377645652544 ], [ -59.015175139038277, -27.423655045642789 ] ] ] ] } },
{ "type": "Feature", "properties": { "Barrio": "MALVINAS ARGENTINAS", "Municipio": "Fontana", "ID": 443, "Área": 297076.82, "Perímetro": 2197.77 }, "geometry": { "type": "MultiPolygon", "coordinates": [ [ [ [ -59.017771077333784, -27.421377645652544 ], [ -59.018795399373154, -27.422286808584694 ], [ -59.023232837969751, -27.418343941832216 ], [ -59.019826817349532, -27.415290455489046 ], [ -59.015359044364551, -27.419215158743828 ], [ -59.017771077333784, -27.421377645652544 ] ] ] ] } },
{ "type": "Feature", "properties": { "Barrio": "108 P.R.E.I- P-P-I", "Municipio": "Fontana", "ID": 444, "Área": 52387.68, "Perímetro": 1147.16 }, "geometry": { "type": "MultiPolygon", "coordinates": [ [ [ [ -59.036751780430635, -27.404894120803831 ], [ -59.033447536512242, -27.407804543909048 ], [ -59.034267906489681, -27.408539912117302 ], [ -59.037563717727998, -27.405611254143569 ], [ -59.036751780430635, -27.404894120803831 ] ] ] ] } },
{ "type": "Feature", "properties": { "Barrio": "14 VIVIENDAS M.I.J.D", "Municipio": "Fontana", "ID": 445, "Área": 10737.66, "Perímetro": 516.67 }, "geometry": { "type": "MultiPolygon", "coordinates": [ [ [ [ -59.034890281960948, -27.403854289703503 ], [ -59.036385113782714, -27.405194238924384 ], [ -59.036701338295771, -27.404838249436061 ], [ -59.035288294137317, -27.403516531445536 ], [ -59.034890281960948, -27.403854289703503 ] ] ] ] } }
]
}
