{
"type": "FeatureCollection",
"name": "circuitos_elect_amgr",
"crs": { "type": "name", "properties": { "name": "urn:ogc:def:crs:OGC:1.3:CRS84" } },
"features": [
{ "type": "Feature", "properties": { "gid": 323, "distrito": "06", "provincia": "Chaco", "departamen": "San Fernando", "cabecera": "Resistencia", "circuito": "0001", "indec_p": "22", "indec_d": "140" }, "geometry": { "type": "MultiPolygon", "coordinates": [ [ [ [ -58.979455445356969, -27.444807188141993 ], [ -58.980361349909572, -27.445706065517186 ], [ -58.981203948927629, -27.446408632052783 ], [ -58.98216856818086, -27.447246478609461 ], [ -58.983133089988634, -27.448096535553866 ], [ -58.984155238079872, -27.44901114856939 ], [ -58.985065238044157, -27.449836359764596 ], [ -58.985812374813761, -27.450501550923136 ], [ -58.986499772487946, -27.451148358986575 ], [ -58.987645537825784, -27.450154847595254 ], [ -58.988197871779491, -27.44965793891631 ], [ -58.989150666837851, -27.448797406283024 ], [ -58.990020282748659, -27.44804622217066 ], [ -58.990876637872809, -27.44724606583987 ], [ -58.991760478961318, -27.446433885215487 ], [ -58.992650765438363, -27.445664506881936 ], [ -58.993610679885464, -27.444894627455401 ], [ -58.992710973764687, -27.444045922697349 ], [ -58.991844628316919, -27.443297240388809 ], [ -58.991013525132445, -27.44254900425107 ], [ -58.990130589917783, -27.441760680396918 ], [ -58.989223676768098, -27.440975231574214 ], [ -58.988358077859004, -27.440165641744187 ], [ -58.988011752660789, -27.439851577818619 ], [ -58.987468417759274, -27.439368089469582 ], [ -58.986568752103679, -27.438542969284249 ], [ -58.985547564744856, -27.439402988936564 ], [ -58.984691458430646, -27.440178680415048 ], [ -58.984201223430155, -27.440627158778117 ], [ -58.983807730437498, -27.440978600071215 ], [ -58.983234882489597, -27.441475342713442 ], [ -58.98246881375313, -27.44213560950497 ], [ -58.981681915767531, -27.442826263594416 ], [ -58.981012410627805, -27.443407813258968 ], [ -58.979455445356969, -27.444807188141993 ] ] ] ] } },
{ "type": "Feature", "properties": { "gid": 324, "distrito": "06", "provincia": "Chaco", "departamen": "San Fernando", "cabecera": "Resistencia", "circuito": "0002", "indec_p": "22", "indec_d": "140" }, "geometry": { "type": "MultiPolygon", "coordinates": [ [ [ [ -58.979417779213769, -27.457461625907708 ], [ -58.981254449627897, -27.455816536880622 ], [ -58.982121171074283, -27.455019567914803 ], [ -58.982687192563269, -27.454528891212448 ], [ -58.983598540757335, -27.453716966443693 ], [ -58.984288806402631, -27.453117231156661 ], [ -58.985061957697745, -27.452438681881596 ], [ -58.985634911928834, -27.451935825424538 ], [ -58.986499772487946, -27.451148358986575 ], [ -58.985812374813761, -27.450501550923136 ], [ -58.985065238044157, -27.449836359764596 ], [ -58.984155238079872, -27.44901114856939 ], [ -58.983133089988634, -27.448096535553866 ], [ -58.98216856818086, -27.447246478609461 ], [ -58.981203948927629, -27.446408632052783 ], [ -58.980361349909572, -27.445706065517186 ], [ -58.979455445356969, -27.444807188141993 ], [ -58.979041172586882, -27.445189367742724 ], [ -58.978557851836349, -27.445625658118267 ], [ -58.977728923075688, -27.446413721028769 ], [ -58.976838417392635, -27.447195217680282 ], [ -58.976002843409773, -27.447958785716203 ], [ -58.975146717145122, -27.448722197234623 ], [ -58.974221431273861, -27.449558399339626 ], [ -58.972419822831853, -27.451115078352327 ], [ -58.973777757735128, -27.45236517106769 ], [ -58.97479635609637, -27.453288988501871 ], [ -58.97575739053741, -27.454145178854809 ], [ -58.976803495586793, -27.45506002112619 ], [ -58.97765231168232, -27.455835960254831 ], [ -58.978358807773837, -27.456452022212581 ], [ -58.979044375534443, -27.457110688757769 ], [ -58.979417779213769, -27.457461625907708 ] ] ] ] } },
{ "type": "Feature", "properties": { "gid": 325, "distrito": "06", "provincia": "Chaco", "departamen": "San Fernando", "cabecera": "Resistencia", "circuito": "0003", "indec_p": "22", "indec_d": "140" }, "geometry": { "type": "MultiPolygon", "coordinates": [ [ [ [ -58.993555219551382, -27.457476303982428 ], [ -58.99299485499278, -27.456970950553657 ], [ -58.992361295138089, -27.456420013058288 ], [ -58.991773982357884, -27.45586711672712 ], [ -58.991464885084028, -27.455594564757181 ], [ -58.991203373427453, -27.455360536743189 ], [ -58.990806483883105, -27.45500029714535 ], [ -58.989779201575921, -27.454073476706505 ], [ -58.988856167843927, -27.453261945599845 ], [ -58.987464249880539, -27.452010604071511 ], [ -58.986499772487946, -27.451148358986575 ], [ -58.985634911928834, -27.451935825424538 ], [ -58.985061957697745, -27.452438681881596 ], [ -58.984288806402631, -27.453117231156661 ], [ -58.983598540757335, -27.453716966443693 ], [ -58.982687192563269, -27.454528891212448 ], [ -58.982121171074283, -27.455019567914803 ], [ -58.981254449627897, -27.455816536880622 ], [ -58.979417779213769, -27.457461625907708 ], [ -58.980293712961632, -27.458271346412868 ], [ -58.981659605926815, -27.459494948902734 ], [ -58.982856269709131, -27.460542698195475 ], [ -58.983720451455781, -27.461332458401792 ], [ -58.984241828690109, -27.461792893622064 ], [ -58.98549678661778, -27.462912312664621 ], [ -58.986454842602832, -27.463737865719068 ], [ -58.987465675063895, -27.462911369665253 ], [ -58.988291156426286, -27.462132389811359 ], [ -58.989188527339394, -27.461353926539644 ], [ -58.990103241438838, -27.46054962054977 ], [ -58.990976578380739, -27.459775552395769 ], [ -58.991815540142554, -27.459014974399157 ], [ -58.992660889138527, -27.45825672803365 ], [ -58.993555219551382, -27.457476303982428 ] ] ] ] } },
{ "type": "Feature", "properties": { "gid": 326, "distrito": "06", "provincia": "Chaco", "departamen": "San Fernando", "cabecera": "Resistencia", "circuito": "0004", "indec_p": "22", "indec_d": "140" }, "geometry": { "type": "MultiPolygon", "coordinates": [ [ [ [ -58.998978974431971, -27.449683900112603 ], [ -58.997898853927076, -27.44872926919642 ], [ -58.997273959649085, -27.448168871185729 ], [ -58.996384005369066, -27.4473896985292 ], [ -58.995650392787837, -27.446738405278563 ], [ -58.994725907374928, -27.44594589016123 ], [ -58.993746706270016, -27.445022853457207 ], [ -58.993610679885464, -27.444894627455401 ], [ -58.992650765438363, -27.445664506881936 ], [ -58.991760478961318, -27.446433885215487 ], [ -58.990876637872809, -27.44724606583987 ], [ -58.990020282748659, -27.44804622217066 ], [ -58.989150666837851, -27.448797406283024 ], [ -58.988197871779491, -27.44965793891631 ], [ -58.987645537825784, -27.450154847595254 ], [ -58.986499772487946, -27.451148358986575 ], [ -58.987464249880539, -27.452010604071511 ], [ -58.988856167843927, -27.453261945599845 ], [ -58.989779201575921, -27.454073476706505 ], [ -58.990806483883105, -27.45500029714535 ], [ -58.991203373427453, -27.455360536743189 ], [ -58.991464885084028, -27.455594564757181 ], [ -58.991773982357884, -27.45586711672712 ], [ -58.992361295138089, -27.456420013058288 ], [ -58.99299485499278, -27.456970950553657 ], [ -58.993555219551382, -27.457476303982428 ], [ -58.994440865269375, -27.456661067361608 ], [ -58.995338065669266, -27.455891724105882 ], [ -58.996194169460892, -27.455122078582544 ], [ -58.997050427159344, -27.454334102176514 ], [ -58.997927048824778, -27.453564593092615 ], [ -58.998845127809226, -27.452752614484329 ], [ -58.999694115358771, -27.452007330243354 ], [ -59.000701346346609, -27.451177652432772 ], [ -59.000701346346609, -27.451177652432772 ], [ -58.998978974431971, -27.449683900112603 ] ] ] ] } },
{ "type": "Feature", "properties": { "gid": 327, "distrito": "06", "provincia": "Chaco", "departamen": "San Fernando", "cabecera": "Resistencia", "circuito": "0005A", "indec_p": "22", "indec_d": "140" }, "geometry": { "type": "MultiPolygon", "coordinates": [ [ [ [ -58.975734495612933, -27.427745530912627 ], [ -58.975395816221997, -27.427143136505741 ], [ -58.974938655908034, -27.426612023582695 ], [ -58.974442404142096, -27.42631151294243 ], [ -58.973542511325483, -27.426129998930282 ], [ -58.973319272934567, -27.425932873165678 ], [ -58.972576539137428, -27.425279867587353 ], [ -58.971747083094414, -27.42456703946451 ], [ -58.970324272144865, -27.423337831040538 ], [ -58.9653079276315, -27.418755742022682 ], [ -58.962391602551619, -27.421333359476321 ], [ -58.960595720887738, -27.423042659959542 ], [ -58.959995028501687, -27.423587970739352 ], [ -58.959183541664174, -27.424345512561846 ], [ -58.957975306208773, -27.425433012820957 ], [ -58.956291116552393, -27.426898737781595 ], [ -58.954937428011824, -27.428159221135271 ], [ -58.953749847982628, -27.429225456629879 ], [ -58.950692936471079, -27.431934939750601 ], [ -58.953972460536868, -27.434750987465232 ], [ -58.957005302938242, -27.437316496662017 ], [ -58.958991780594616, -27.439222016728621 ], [ -58.959806749231653, -27.439930611973306 ], [ -58.960874782047206, -27.440851842813707 ], [ -58.961784195550571, -27.441713850521072 ], [ -58.962103178258438, -27.442015556984042 ], [ -58.962700869592908, -27.442533145095709 ], [ -58.963108005427408, -27.442927137222046 ], [ -58.964031032320854, -27.443801449572394 ], [ -58.964642378503356, -27.44432523990892 ], [ -58.965511738296108, -27.445083077166561 ], [ -58.966129503909727, -27.445654251855274 ], [ -58.966835871009224, -27.446270369599922 ], [ -58.967603241507824, -27.446954132494788 ], [ -58.968567532054884, -27.447816503908545 ], [ -58.969178637901976, -27.448370817032519 ], [ -58.969810063606367, -27.448949712934162 ], [ -58.970686497926202, -27.449690772020581 ], [ -58.971399593093572, -27.450325243350285 ], [ -58.971786473863141, -27.450694626203106 ], [ -58.972221173368425, -27.45107657838631 ], [ -58.972419822831853, -27.451115078352327 ], [ -58.974221431273861, -27.449558399339626 ], [ -58.975146717145122, -27.448722197234623 ], [ -58.976002843409773, -27.447958785716203 ], [ -58.976838417392635, -27.447195217680282 ], [ -58.977728923075688, -27.446413721028769 ], [ -58.978557851836349, -27.445625658118267 ], [ -58.979041172586882, -27.445189367742724 ], [ -58.979455445356969, -27.444807188141993 ], [ -58.978569057750256, -27.44399087489089 ], [ -58.977910113307665, -27.443424033668897 ], [ -58.977400842544426, -27.442962137466242 ], [ -58.976952575089413, -27.442567884095183 ], [ -58.97613770018387, -27.441834952352551 ], [ -58.975765759494813, -27.441517616011978 ], [ -58.975433061108888, -27.44121431204697 ], [ -58.975168236312129, -27.440975648845036 ], [ -58.974679456865111, -27.44052152968785 ], [ -58.974058123270602, -27.439964110713728 ], [ -58.973032520742613, -27.439070781082105 ], [ -58.972222775542676, -27.438343973710221 ], [ -58.973187203978284, -27.437523342414966 ], [ -58.973974185073907, -27.436825100733078 ], [ -58.974612707981642, -27.436261682726069 ], [ -58.975171845142626, -27.4357679289859 ], [ -58.975731033722717, -27.435268064448881 ], [ -58.976283300745848, -27.43477578268373 ], [ -58.976940711204477, -27.434203328917423 ], [ -58.977568878679243, -27.433645929330805 ], [ -58.978275582087569, -27.433109337937537 ], [ -58.97854479598751, -27.432870013692987 ], [ -58.978873143932418, -27.432585820600078 ], [ -58.978738286968273, -27.43222666228386 ], [ -58.978574110060123, -27.431990444743565 ], [ -58.978040089380045, -27.431266952917518 ], [ -58.977654743741702, -27.430877399925535 ], [ -58.97725678460823, -27.430525506571403 ], [ -58.976730068827905, -27.430020526326999 ], [ -58.976521329885955, -27.429606687725514 ], [ -58.976321681195948, -27.429209407820952 ], [ -58.976231478565232, -27.428969607843175 ], [ -58.976091288639765, -27.428638733290622 ], [ -58.975936302963184, -27.428215737660285 ], [ -58.975734495612933, -27.427745530912627 ] ] ] ] } },
{ "type": "Feature", "properties": { "gid": 328, "distrito": "06", "provincia": "Chaco", "departamen": "San Fernando", "cabecera": "Resistencia", "circuito": "0005B", "indec_p": "22", "indec_d": "140" }, "geometry": { "type": "MultiPolygon", "coordinates": [ [ [ [ -58.972419822831853, -27.451115078352327 ], [ -58.972221173368425, -27.45107657838631 ], [ -58.971786473863141, -27.450694626203106 ], [ -58.971399593093572, -27.450325243350285 ], [ -58.970686497926202, -27.449690772020581 ], [ -58.969810063606367, -27.448949712934162 ], [ -58.969178637901976, -27.448370817032519 ], [ -58.968567532054884, -27.447816503908545 ], [ -58.967603241507824, -27.446954132494788 ], [ -58.966835871009224, -27.446270369599922 ], [ -58.966129503909727, -27.445654251855274 ], [ -58.965511738296108, -27.445083077166561 ], [ -58.964642378503356, -27.44432523990892 ], [ -58.964031032320854, -27.443801449572394 ], [ -58.963108005427408, -27.442927137222046 ], [ -58.962700869592908, -27.442533145095709 ], [ -58.962103178258438, -27.442015556984042 ], [ -58.961784195550571, -27.441713850521072 ], [ -58.960874782047206, -27.440851842813707 ], [ -58.959806749231653, -27.439930611973306 ], [ -58.958991780594616, -27.439222016728621 ], [ -58.957005302938242, -27.437316496662017 ], [ -58.953972460536868, -27.434750987465232 ], [ -58.950692936471079, -27.431934939750601 ], [ -58.949804713022971, -27.43266556840878 ], [ -58.948007900496684, -27.434252513879329 ], [ -58.94570528131478, -27.436286130203161 ], [ -58.942368862902143, -27.439382423017943 ], [ -58.940276935252008, -27.441199155044675 ], [ -58.936428239858273, -27.444637250772754 ], [ -58.936428239858273, -27.444637250772754 ], [ -58.948154375992388, -27.455174294942257 ], [ -58.952865491354942, -27.459220350873952 ], [ -58.957850548891571, -27.463842361780348 ], [ -58.962533258365987, -27.459668049716033 ], [ -58.963439978810584, -27.458862404294898 ], [ -58.964773786845328, -27.457687150548068 ], [ -58.965021306914956, -27.457448994981689 ], [ -58.967510718207173, -27.455311407459234 ], [ -58.968562933580614, -27.454347410578638 ], [ -58.971317945142239, -27.451868886837723 ], [ -58.972221173368425, -27.45107657838631 ], [ -58.972419822831853, -27.451115078352327 ] ] ] ] } },
{ "type": "Feature", "properties": { "gid": 329, "distrito": "06", "provincia": "Chaco", "departamen": "San Fernando", "cabecera": "Resistencia", "circuito": "0006", "indec_p": "22", "indec_d": "140" }, "geometry": { "type": "MultiPolygon", "coordinates": [ [ [ [ -58.9721662916848, -27.463870876356289 ], [ -58.973872215606242, -27.462346071016828 ], [ -58.975022643406284, -27.461359612156993 ], [ -58.976263527452645, -27.460250405880579 ], [ -58.977082942485353, -27.459526296217078 ], [ -58.97778331595967, -27.45889643045215 ], [ -58.978498350999622, -27.458238388767239 ], [ -58.978865704665282, -27.457921846880136 ], [ -58.979417779213769, -27.457461625907708 ], [ -58.979044375534443, -27.457110688757769 ], [ -58.978358807773837, -27.456452022212581 ], [ -58.97765231168232, -27.455835960254831 ], [ -58.976803495586793, -27.45506002112619 ], [ -58.97575739053741, -27.454145178854809 ], [ -58.97479635609637, -27.453288988501871 ], [ -58.973777757735128, -27.45236517106769 ], [ -58.972419822831853, -27.451115078352327 ], [ -58.972221173368425, -27.45107657838631 ], [ -58.971317945142239, -27.451868886837723 ], [ -58.968562933580614, -27.454347410578638 ], [ -58.967510718207173, -27.455311407459234 ], [ -58.965021306914956, -27.457448994981689 ], [ -58.969562329584349, -27.461542985152871 ], [ -58.971111814125294, -27.462899010422337 ], [ -58.971626117795218, -27.463380992522318 ], [ -58.9721662916848, -27.463870876356289 ] ] ] ] } },
{ "type": "Feature", "properties": { "gid": 330, "distrito": "06", "provincia": "Chaco", "departamen": "San Fernando", "cabecera": "Resistencia", "circuito": "007A", "indec_p": "22", "indec_d": "140" }, "geometry": { "type": "MultiPolygon", "coordinates": [ [ [ [ -58.978703368131143, -27.469765152344941 ], [ -58.979284119542825, -27.470237310841402 ], [ -58.981056948302175, -27.47177996904442 ], [ -58.982691416670541, -27.473250252507974 ], [ -58.984163594726226, -27.474585004818511 ], [ -58.984961276229193, -27.475295243896742 ], [ -58.985707628986042, -27.475945974343517 ], [ -58.986302171692977, -27.476492760388165 ], [ -58.986482013276998, -27.476684314904436 ], [ -58.987952351280725, -27.475391574686856 ], [ -58.989073998480364, -27.474402221585155 ], [ -58.989883282179186, -27.47368567749459 ], [ -58.9906271559611, -27.473029069993423 ], [ -58.991397416816397, -27.472322517196922 ], [ -58.992065599937121, -27.471746336069558 ], [ -58.992931747466969, -27.470953058296264 ], [ -58.993725036016322, -27.470246658390227 ], [ -58.992941415139043, -27.469572562743423 ], [ -58.991972551081908, -27.468668313088344 ], [ -58.99109471073767, -27.467898402464936 ], [ -58.990136982671437, -27.467040497026026 ], [ -58.989153448737746, -27.46616954343731 ], [ -58.988193126905578, -27.465283326445629 ], [ -58.986454842602832, -27.463737865719068 ], [ -58.98549678661778, -27.462912312664621 ], [ -58.984241828690109, -27.461792893622064 ], [ -58.983720451455781, -27.461332458401792 ], [ -58.982856269709131, -27.460542698195475 ], [ -58.981659605926815, -27.459494948902734 ], [ -58.980293712961632, -27.458271346412868 ], [ -58.979417779213769, -27.457461625907708 ], [ -58.978865704665282, -27.457921846880136 ], [ -58.978498350999622, -27.458238388767239 ], [ -58.97778331595967, -27.45889643045215 ], [ -58.977082942485353, -27.459526296217078 ], [ -58.976263527452645, -27.460250405880579 ], [ -58.975022643406284, -27.461359612156993 ], [ -58.973872215606242, -27.462346071016828 ], [ -58.9721662916848, -27.463870876356289 ], [ -58.973772289337909, -27.465355833893771 ], [ -58.97562192154588, -27.46699167690484 ], [ -58.977176964568017, -27.468386240723586 ], [ -58.977886019100616, -27.469008458253459 ], [ -58.978703368131143, -27.469765152344941 ] ] ] ] } },
{ "type": "Feature", "properties": { "gid": 331, "distrito": "06", "provincia": "Chaco", "departamen": "San Fernando", "cabecera": "Resistencia", "circuito": "0007B", "indec_p": "22", "indec_d": "140" }, "geometry": { "type": "MultiPolygon", "coordinates": [ [ [ [ -58.986482013276998, -27.476684314904436 ], [ -58.986302171692977, -27.476492760388165 ], [ -58.985707628986042, -27.475945974343517 ], [ -58.984961276229193, -27.475295243896742 ], [ -58.984163594726226, -27.474585004818511 ], [ -58.982691416670541, -27.473250252507974 ], [ -58.981056948302175, -27.47177996904442 ], [ -58.979284119542825, -27.470237310841402 ], [ -58.978703368131143, -27.469765152344941 ], [ -58.977886019100616, -27.469008458253459 ], [ -58.977176964568017, -27.468386240723586 ], [ -58.97562192154588, -27.46699167690484 ], [ -58.973772289337909, -27.465355833893771 ], [ -58.9721662916848, -27.463870876356289 ], [ -58.971631365891092, -27.464368248385753 ], [ -58.970785726959988, -27.465115268120933 ], [ -58.970352661072745, -27.465505410883978 ], [ -58.969817695329233, -27.466005346089425 ], [ -58.969073690803469, -27.466668267719982 ], [ -58.968120640473145, -27.467494172184775 ], [ -58.96717305241652, -27.468350960749056 ], [ -58.965016956372828, -27.470221972217086 ], [ -58.96745197777576, -27.472440718390445 ], [ -58.968475261258163, -27.473363534244804 ], [ -58.969161430229207, -27.473965058904273 ], [ -58.970304743086693, -27.475001868782979 ], [ -58.971362469790343, -27.475945485766626 ], [ -58.972076920304637, -27.476608906398933 ], [ -58.973252743178428, -27.477642719224242 ], [ -58.974390796234005, -27.478633182009037 ], [ -58.975808818035098, -27.479898208524723 ], [ -58.976833210071611, -27.480793978719007 ], [ -58.977088133851524, -27.481047797908353 ], [ -58.977568431995898, -27.481478091660247 ], [ -58.978379818466152, -27.482265594828423 ], [ -58.978825680162174, -27.482680206378163 ], [ -58.979232845728994, -27.483071394903579 ], [ -58.981330893502438, -27.481246017718323 ], [ -58.983327589149752, -27.479463571815941 ], [ -58.98464748462235, -27.478239183431011 ], [ -58.985263433256144, -27.477708931680336 ], [ -58.985704944115106, -27.477340657093016 ], [ -58.986145152112869, -27.476956946260241 ], [ -58.986482013276998, -27.476684314904436 ] ] ] ] } },
{ "type": "Feature", "properties": { "gid": 332, "distrito": "06", "provincia": "Chaco", "departamen": "San Fernando", "cabecera": "Resistencia", "circuito": "0008A", "indec_p": "22", "indec_d": "140" }, "geometry": { "type": "MultiPolygon", "coordinates": [ [ [ [ -58.986449798705664, -27.489542262647731 ], [ -58.985353550434546, -27.488608768940821 ], [ -58.983820083386227, -27.487203193243289 ], [ -58.983254193468944, -27.486708726297699 ], [ -58.982889558750095, -27.486376618863105 ], [ -58.981985972834394, -27.485611527240376 ], [ -58.981106691353794, -27.484820558831487 ], [ -58.979232845728994, -27.483071394903579 ], [ -58.978825680162174, -27.482680206378163 ], [ -58.978379818466152, -27.482265594828423 ], [ -58.977568431995898, -27.481478091660247 ], [ -58.977088133851524, -27.481047797908353 ], [ -58.976833210071611, -27.480793978719007 ], [ -58.975808818035098, -27.479898208524723 ], [ -58.974390796234005, -27.478633182009037 ], [ -58.973252743178428, -27.477642719224242 ], [ -58.972076920304637, -27.476608906398933 ], [ -58.971362469790343, -27.475945485766626 ], [ -58.970304743086693, -27.475001868782979 ], [ -58.969161430229207, -27.473965058904273 ], [ -58.968475261258163, -27.473363534244804 ], [ -58.96745197777576, -27.472440718390445 ], [ -58.965016956372828, -27.470221972217086 ], [ -58.96455159454414, -27.470670985834509 ], [ -58.964211265381252, -27.470976744064348 ], [ -58.963527767619162, -27.471564144065159 ], [ -58.962991575636572, -27.472075001619945 ], [ -58.962321807154069, -27.472662497597899 ], [ -58.960825272030924, -27.473967063053006 ], [ -58.959652054343209, -27.474988000366292 ], [ -58.957527058144294, -27.476859885536722 ], [ -58.955854865713754, -27.478318350872495 ], [ -58.954431398767028, -27.479631563686709 ], [ -58.950551199084174, -27.482985653879709 ], [ -58.953828259796126, -27.48576435229921 ], [ -58.955281805342999, -27.487099165745157 ], [ -58.956454030246029, -27.488145828591399 ], [ -58.958170983022939, -27.489735925594765 ], [ -58.960158901765986, -27.491507815285946 ], [ -58.962267111337994, -27.493407243562217 ], [ -58.96363655561818, -27.494692312005025 ], [ -58.966561562891769, -27.497214758905137 ], [ -58.968551660449592, -27.499027409421441 ], [ -58.970042441838075, -27.500337832709882 ], [ -58.971169050194163, -27.501392209782995 ], [ -58.972146521114759, -27.502224826834777 ], [ -58.977415507574101, -27.497536027821557 ], [ -58.979473754959713, -27.495706260126866 ], [ -58.980646505514684, -27.494679026759925 ], [ -58.981807320023265, -27.493639437254487 ], [ -58.982999320755219, -27.492569419531584 ], [ -58.984772859120284, -27.491037817239125 ], [ -58.985618487828489, -27.490259448917087 ], [ -58.986449798705664, -27.489542262647731 ] ] ] ] } },
{ "type": "Feature", "properties": { "gid": 333, "distrito": "06", "provincia": "Chaco", "departamen": "San Fernando", "cabecera": "Resistencia", "circuito": "0014", "indec_p": "22", "indec_d": "140" }, "geometry": { "type": "MultiPolygon", "coordinates": [ [ [ [ -58.993555219551382, -27.457476303982428 ], [ -58.992660889138527, -27.45825672803365 ], [ -58.991815540142554, -27.459014974399157 ], [ -58.990976578380739, -27.459775552395769 ], [ -58.990103241438838, -27.46054962054977 ], [ -58.989188527339394, -27.461353926539644 ], [ -58.988291156426286, -27.462132389811359 ], [ -58.987465675063895, -27.462911369665253 ], [ -58.986454842602832, -27.463737865719068 ], [ -58.988193126905578, -27.465283326445629 ], [ -58.989153448737746, -27.46616954343731 ], [ -58.990136982671437, -27.467040497026026 ], [ -58.99109471073767, -27.467898402464936 ], [ -58.991972551081908, -27.468668313088344 ], [ -58.992941415139043, -27.469572562743423 ], [ -58.993725036016322, -27.470246658390227 ], [ -58.994935591443181, -27.469201917213898 ], [ -58.995773067380519, -27.468448435746964 ], [ -58.996442164701634, -27.467850108149602 ], [ -58.997330143163019, -27.467048579669136 ], [ -58.998175765651155, -27.466313757336728 ], [ -58.999051030013881, -27.465530741554073 ], [ -58.999792187041308, -27.464806327370219 ], [ -59.00076840110988, -27.463934669288115 ], [ -58.999986303881776, -27.463184422950455 ], [ -58.999091799674702, -27.462403579223846 ], [ -58.998280644365188, -27.461638222088901 ], [ -58.997402723997446, -27.46087237974681 ], [ -58.996541105207207, -27.46015132741509 ], [ -58.995879014154028, -27.459521064425989 ], [ -58.994967874755297, -27.458740075018309 ], [ -58.993555219551382, -27.457476303982428 ] ] ] ] } },
{ "type": "Feature", "properties": { "gid": 334, "distrito": "06", "provincia": "Chaco", "departamen": "San Fernando", "cabecera": "Resistencia", "circuito": "016C", "indec_p": "22", "indec_d": "140" }, "geometry": { "type": "MultiPolygon", "coordinates": [ [ [ [ -59.008046792355572, -27.432036862464834 ], [ -59.006284643250027, -27.433633341058048 ], [ -59.004729295672497, -27.435029757725218 ], [ -59.004063166962382, -27.435622844861975 ], [ -59.00340759450922, -27.43619745027965 ], [ -59.00286946829079, -27.436686308292856 ], [ -59.002697090962371, -27.436841751587309 ], [ -59.001999304124574, -27.437455751268697 ], [ -59.001937383477909, -27.43751374141949 ], [ -59.001231061590161, -27.438123835378665 ], [ -59.001058735422326, -27.438273092284124 ], [ -59.000390294332753, -27.438862021177233 ], [ -58.999849850027459, -27.439348788666539 ], [ -58.99934182171706, -27.439827540584485 ], [ -58.99873164481361, -27.44035915646025 ], [ -58.998130927403622, -27.44086609911178 ], [ -58.997846739999339, -27.441119685720906 ], [ -58.997376203145549, -27.441538915184616 ], [ -58.996434857628458, -27.442406228569457 ], [ -58.995437970139562, -27.44328138088791 ], [ -58.994589550260407, -27.444041350595665 ], [ -58.993610679885464, -27.444894627455401 ], [ -58.993746706270016, -27.445022853457207 ], [ -58.994725907374928, -27.44594589016123 ], [ -58.995650392787837, -27.446738405278563 ], [ -58.996384005369066, -27.4473896985292 ], [ -58.997273959649085, -27.448168871185729 ], [ -58.997898853927076, -27.44872926919642 ], [ -58.998978974431971, -27.449683900112603 ], [ -59.000701346346609, -27.451177652432772 ], [ -59.001426980200435, -27.450623292950713 ], [ -59.002158210936834, -27.449997703492617 ], [ -59.003006152488751, -27.449241007125451 ], [ -59.0038031373238, -27.448496310125236 ], [ -59.004567614676809, -27.447767868289194 ], [ -59.005476042227222, -27.446962111308395 ], [ -59.006361129017542, -27.446180920020872 ], [ -59.007097292936699, -27.445514107585382 ], [ -59.008028899890682, -27.444696128947125 ], [ -59.008718427597472, -27.444074329198468 ], [ -59.009603394867277, -27.443301361401815 ], [ -59.010278857990549, -27.442700068877144 ], [ -59.010865889378039, -27.442168237454396 ], [ -59.011268621509792, -27.441833003483104 ], [ -59.012048901788546, -27.441135553287545 ], [ -59.012857191497716, -27.440405312257511 ], [ -59.01340169454712, -27.439932424184494 ], [ -59.013722700948023, -27.439632528155109 ], [ -59.01453388382091, -27.438936994258668 ], [ -59.014774396316781, -27.438759668408064 ], [ -59.015406585213981, -27.438291292254824 ], [ -59.015755775686372, -27.437971703552247 ], [ -59.016178695665509, -27.43757258597617 ], [ -59.016447908113562, -27.437330617666678 ], [ -59.017057874557359, -27.436778305079439 ], [ -59.017885997332662, -27.436093492537491 ], [ -59.019046854826307, -27.435059175986268 ], [ -59.019972055659807, -27.43424658362585 ], [ -59.021334730844607, -27.433034952848399 ], [ -59.023370867231513, -27.431157853942963 ], [ -59.022802347758443, -27.430607312772796 ], [ -59.022261481395937, -27.430108748483878 ], [ -59.021913082551357, -27.429792948991654 ], [ -59.021381101568849, -27.429335674655526 ], [ -59.020555742982573, -27.428612459169162 ], [ -59.019372332482241, -27.427622842468388 ], [ -59.018161731448764, -27.42657530118035 ], [ -59.01763043824414, -27.42604380211208 ], [ -59.017171907225134, -27.425644753051397 ], [ -59.016255585911068, -27.424764193932486 ], [ -59.013628704343454, -27.427112283432447 ], [ -59.012650865033308, -27.427954716218313 ], [ -59.012184931965002, -27.428388462061605 ], [ -59.011523760519069, -27.428952760503684 ], [ -59.010760049420753, -27.429615281920405 ], [ -59.009344155650375, -27.430866888774432 ], [ -59.008710678441673, -27.431431369954037 ], [ -59.008046792355572, -27.432036862464834 ], [ -59.008046792355572, -27.432036862464834 ] ] ] ] } },
{ "type": "Feature", "properties": { "gid": 335, "distrito": "06", "provincia": "Chaco", "departamen": "San Fernando", "cabecera": "Resistencia", "circuito": "0017", "indec_p": "22", "indec_d": "140" }, "geometry": { "type": "MultiPolygon", "coordinates": [ [ [ [ -59.006351653135269, -27.430517090933719 ], [ -59.003987027531565, -27.432200662130558 ], [ -59.003187099683672, -27.432772173893738 ], [ -59.002680883544663, -27.433568429141964 ], [ -59.002324153134673, -27.434184337227581 ], [ -59.002050962156588, -27.43475961176452 ], [ -59.001483211759556, -27.435716221334168 ], [ -59.000745782340104, -27.436527304106257 ], [ -59.00026195255456, -27.436886664309494 ], [ -58.99963979306488, -27.437212045220736 ], [ -58.998880395350689, -27.43747473978409 ], [ -58.997667427831985, -27.437717739478174 ], [ -58.996409359884453, -27.437974818605682 ], [ -58.996253380207058, -27.438006759565308 ], [ -58.994847379675164, -27.438295824681003 ], [ -58.994047408332527, -27.438458828942103 ], [ -58.993599393374033, -27.438550893236691 ], [ -58.992238380620812, -27.438829913397491 ], [ -58.991858383023867, -27.438907974948251 ], [ -58.990684298589407, -27.439149065797473 ], [ -58.989626290113776, -27.439365098524924 ], [ -58.989416259603537, -27.439408150601345 ], [ -58.988011752660789, -27.439851577818619 ], [ -58.988358077859004, -27.440165641744187 ], [ -58.989223676768098, -27.440975231574214 ], [ -58.990130589917783, -27.441760680396918 ], [ -58.991013525132445, -27.44254900425107 ], [ -58.991844628316919, -27.443297240388809 ], [ -58.992710973764687, -27.444045922697349 ], [ -58.993610679885464, -27.444894627455401 ], [ -58.994589550260407, -27.444041350595665 ], [ -58.995437970139562, -27.44328138088791 ], [ -58.996434857628458, -27.442406228569457 ], [ -58.997376203145549, -27.441538915184616 ], [ -58.997846739999339, -27.441119685720906 ], [ -58.998130927403622, -27.44086609911178 ], [ -58.99873164481361, -27.44035915646025 ], [ -58.99934182171706, -27.439827540584485 ], [ -58.999849850027459, -27.439348788666539 ], [ -59.000390294332753, -27.438862021177233 ], [ -59.001058735422326, -27.438273092284124 ], [ -59.001231061590161, -27.438123835378665 ], [ -59.001937383477909, -27.43751374141949 ], [ -59.001999304124574, -27.437455751268697 ], [ -59.002697090962371, -27.436841751587309 ], [ -59.00286946829079, -27.436686308292856 ], [ -59.00340759450922, -27.43619745027965 ], [ -59.004063166962382, -27.435622844861975 ], [ -59.004729295672497, -27.435029757725218 ], [ -59.006284643250027, -27.433633341058048 ], [ -59.008046792355572, -27.432036862464834 ], [ -59.006351653135269, -27.430517090933719 ] ] ] ] } },
{ "type": "Feature", "properties": { "gid": 336, "distrito": "06", "provincia": "Chaco", "departamen": "San Fernando", "cabecera": "Resistencia", "circuito": "0018", "indec_p": "22", "indec_d": "140" }, "geometry": { "type": "MultiPolygon", "coordinates": [ [ [ [ -58.986235070277566, -27.425504293620936 ], [ -58.990051636254158, -27.429119167207549 ], [ -58.990219252556507, -27.429275000682942 ], [ -58.990620191131597, -27.429655001180901 ], [ -58.991678108672048, -27.430656925644662 ], [ -58.992521046607187, -27.431454863190773 ], [ -58.993433902217397, -27.432318884643973 ], [ -58.992690816071857, -27.433014848162596 ], [ -58.991849813408223, -27.433802932380491 ], [ -58.991002686301563, -27.434596996470692 ], [ -58.990206600933803, -27.43534204680212 ], [ -58.989379583042904, -27.436116091016824 ], [ -58.988421434145316, -27.437013202164234 ], [ -58.987642452697237, -27.43774221316254 ], [ -58.986568752103679, -27.438542969284249 ], [ -58.987468417759274, -27.439368089469582 ], [ -58.988011752660789, -27.439851577818619 ], [ -58.989416259603537, -27.439408150601345 ], [ -58.989626290113776, -27.439365098524924 ], [ -58.990684298589407, -27.439149065797473 ], [ -58.991858383023867, -27.438907974948251 ], [ -58.992238380620812, -27.438829913397491 ], [ -58.993599393374033, -27.438550893236691 ], [ -58.994047408332527, -27.438458828942103 ], [ -58.994847379675164, -27.438295824681003 ], [ -58.996253380207058, -27.438006759565308 ], [ -58.996409359884453, -27.437974818605682 ], [ -58.997667427831985, -27.437717739478174 ], [ -58.998880395350689, -27.43747473978409 ], [ -58.99963979306488, -27.437212045220736 ], [ -59.00026195255456, -27.436886664309494 ], [ -59.000745782340104, -27.436527304106257 ], [ -59.001483211759556, -27.435716221334168 ], [ -59.002050962156588, -27.43475961176452 ], [ -59.002324153134673, -27.434184337227581 ], [ -59.002680883544663, -27.433568429141964 ], [ -59.003187099683672, -27.432772173893738 ], [ -59.003987027531565, -27.432200662130558 ], [ -59.006351653135269, -27.430517090933719 ], [ -59.005455187369286, -27.42976616042618 ], [ -59.004812680762377, -27.429275050792 ], [ -59.004217124303359, -27.428701812104634 ], [ -59.003721964954352, -27.428269473323937 ], [ -59.002731065077292, -27.427470755750839 ], [ -59.001590415004685, -27.426369973958927 ], [ -59.000009247235603, -27.424932054141298 ], [ -58.998432666241087, -27.423502396010555 ], [ -58.997461817305783, -27.422538862924281 ], [ -58.99542642470945, -27.420759532757774 ], [ -58.994528053218986, -27.419961425220901 ], [ -58.993464569366289, -27.419030181584784 ], [ -58.992687599822304, -27.419622416057301 ], [ -58.992161266661498, -27.420088642781909 ], [ -58.991602363721888, -27.420579370268065 ], [ -58.990899482752937, -27.421151514760506 ], [ -58.990032714041227, -27.421961606546823 ], [ -58.988867461883856, -27.423074635241143 ], [ -58.988132608478274, -27.423727933964571 ], [ -58.987285499601526, -27.424279457384579 ], [ -58.986895066112197, -27.424532250659077 ], [ -58.986610445200419, -27.424835288926023 ], [ -58.986423676840879, -27.42504833060233 ], [ -58.986235070277566, -27.425504293620936 ] ] ] ] } },
{ "type": "Feature", "properties": { "gid": 337, "distrito": "06", "provincia": "Chaco", "departamen": "San Fernando", "cabecera": "Resistencia", "circuito": "0019A", "indec_p": "22", "indec_d": "140" }, "geometry": { "type": "MultiPolygon", "coordinates": [ [ [ [ -58.990051636254158, -27.429119167207549 ], [ -58.989560721463675, -27.429144699489541 ], [ -58.988998040925409, -27.4290292962921 ], [ -58.988132066836975, -27.42873027431445 ], [ -58.987161325322262, -27.428772700389434 ], [ -58.986511227129917, -27.429122558550542 ], [ -58.986026180527375, -27.429613798687857 ], [ -58.985772030656278, -27.430105415556735 ], [ -58.985678045565791, -27.430347375386152 ], [ -58.985638998452409, -27.430616373638564 ], [ -58.985647941210729, -27.431063406870276 ], [ -58.985920005416148, -27.431625082291781 ], [ -58.986180815074974, -27.431907348176974 ], [ -58.986312965707278, -27.432110339617786 ], [ -58.986458677263506, -27.432346414079504 ], [ -58.986466374366749, -27.432515515724376 ], [ -58.986391390456482, -27.432630416210277 ], [ -58.986246645458685, -27.432794286002185 ], [ -58.985964789129, -27.432792235488524 ], [ -58.985651870145077, -27.432649774138479 ], [ -58.985440906385101, -27.432475069830392 ], [ -58.985202559207416, -27.432263058246019 ], [ -58.984970191233344, -27.43190265949999 ], [ -58.984904910016446, -27.431598490896878 ], [ -58.984766977194013, -27.431067477210984 ], [ -58.984708969774488, -27.430609520325781 ], [ -58.98471503195568, -27.430267498306215 ], [ -58.984640090219472, -27.429865486999621 ], [ -58.984598136863198, -27.429519514045737 ], [ -58.984492139712415, -27.429216504064687 ], [ -58.984363152709548, -27.428880518845187 ], [ -58.984190163494034, -27.428648543510381 ], [ -58.984037186917782, -27.428343612515462 ], [ -58.983967233045561, -27.428052577665227 ], [ -58.98391626523668, -27.427943595660516 ], [ -58.983850263094418, -27.42780455630405 ], [ -58.983810319155239, -27.427386607153455 ], [ -58.983635334588364, -27.426987637264872 ], [ -58.983396352027953, -27.426642687414027 ], [ -58.983107400982789, -27.426299710047687 ], [ -58.982875595309764, -27.425999652763942 ], [ -58.982471502876798, -27.425724581166371 ], [ -58.982120360398973, -27.425722017436417 ], [ -58.981751190678182, -27.425669844348178 ], [ -58.981344150876204, -27.425716347106121 ], [ -58.981009748537367, -27.425903563896021 ], [ -58.98071170174196, -27.426157014743282 ], [ -58.980516133830008, -27.426320507074085 ], [ -58.980385855905283, -27.426418507699392 ], [ -58.98010750000968, -27.426540163178281 ], [ -58.97992821404366, -27.426942911458386 ], [ -58.979767408172556, -27.42734579472636 ], [ -58.979735137773709, -27.427840326063002 ], [ -58.979814742038876, -27.428228476624753 ], [ -58.979922978813548, -27.428517883186704 ], [ -58.980077192990834, -27.42883236448986 ], [ -58.980196187353783, -27.428956927064917 ], [ -58.98030578958398, -27.429097913078849 ], [ -58.980544082650376, -27.429314055478702 ], [ -58.980763591900242, -27.429563044622395 ], [ -58.980964695991752, -27.429803652740134 ], [ -58.98114701622255, -27.430077107765847 ], [ -58.981328580389025, -27.430433018283637 ], [ -58.981372968687445, -27.430631249701459 ], [ -58.981535901016777, -27.431003516027975 ], [ -58.981707697114217, -27.431417077550083 ], [ -58.981853057376256, -27.431690261630813 ], [ -58.981971148918397, -27.431913769636019 ], [ -58.982097876902202, -27.432203309613797 ], [ -58.982316790192236, -27.43251826103301 ], [ -58.98250426794467, -27.432734029128575 ], [ -58.982608424456565, -27.432965680994236 ], [ -58.982708036383414, -27.43318905348643 ], [ -58.982775984754802, -27.433337979685824 ], [ -58.982894571149671, -27.433507890737477 ], [ -58.983022285788877, -27.433690237488893 ], [ -58.983118260971999, -27.433806383549534 ], [ -58.983213594041068, -27.43399261691205 ], [ -58.983406603254572, -27.43410947070706 ], [ -58.983477911644329, -27.434144006118405 ], [ -58.983477175057288, -27.434224400452148 ], [ -58.983491346996665, -27.434316757332226 ], [ -58.983636516580965, -27.434462295069817 ], [ -58.983714671799568, -27.434655446407433 ], [ -58.983749862227761, -27.434849486932208 ], [ -58.983729680068407, -27.435034877529379 ], [ -58.983575724361977, -27.435194554119914 ], [ -58.983413055704688, -27.435296444112463 ], [ -58.983260005988853, -27.435357173476739 ], [ -58.983144337383152, -27.435372821764524 ], [ -58.98298265072625, -27.43536751882354 ], [ -58.982784263118141, -27.435333086382904 ], [ -58.982604660885166, -27.43526580632313 ], [ -58.982410932100436, -27.435227284307903 ], [ -58.982193873072248, -27.435213329996483 ], [ -58.981875007596223, -27.435215123845463 ], [ -58.981616059726882, -27.435233847075889 ], [ -58.981199553970683, -27.435300894771348 ], [ -58.98078713818888, -27.435425693952148 ], [ -58.980266815870422, -27.435726993856896 ], [ -58.980029264482305, -27.435931408299986 ], [ -58.979992692160863, -27.436040558537801 ], [ -58.979814891674025, -27.436127745885759 ], [ -58.979661383935905, -27.436237944568536 ], [ -58.979553893621464, -27.436369095341881 ], [ -58.979488539635391, -27.436440770268092 ], [ -58.979362888351943, -27.43653674189633 ], [ -58.979196909654497, -27.436621079593333 ], [ -58.979046175795737, -27.436680790434231 ], [ -58.978877195960585, -27.436714598303677 ], [ -58.978731632899191, -27.436714562362162 ], [ -58.978610414177389, -27.436705427825327 ], [ -58.978450279791666, -27.436656838872036 ], [ -58.978346673000367, -27.436608251067344 ], [ -58.978274457079792, -27.436555565740292 ], [ -58.978169148394343, -27.436449655643216 ], [ -58.978107907757348, -27.436325514874984 ], [ -58.978114718526797, -27.436213211523601 ], [ -58.978132334137982, -27.436056664539688 ], [ -58.978179870409917, -27.435912706115619 ], [ -58.978250605019561, -27.435758610118022 ], [ -58.978393169106724, -27.435582363854497 ], [ -58.978537834307261, -27.435428809648762 ], [ -58.978664414872028, -27.435231830636756 ], [ -58.978791678063523, -27.434960641454818 ], [ -58.978890951014343, -27.434718108455272 ], [ -58.978949017041117, -27.434434042880024 ], [ -58.978974472666785, -27.434178599758418 ], [ -58.97898606625801, -27.433923055063595 ], [ -58.979003911773006, -27.433490264627579 ], [ -58.978993047110038, -27.433164463367287 ], [ -58.978977144564489, -27.43288397883644 ], [ -58.978928139228991, -27.432685712958079 ], [ -58.978873143932418, -27.432585820600078 ], [ -58.97854479598751, -27.432870013692987 ], [ -58.978275582087569, -27.433109337937537 ], [ -58.977568878679243, -27.433645929330805 ], [ -58.976940711204477, -27.434203328917423 ], [ -58.976283300745848, -27.43477578268373 ], [ -58.975731033722717, -27.435268064448881 ], [ -58.975171845142626, -27.4357679289859 ], [ -58.974612707981642, -27.436261682726069 ], [ -58.973974185073907, -27.436825100733078 ], [ -58.973187203978284, -27.437523342414966 ], [ -58.972222775542676, -27.438343973710221 ], [ -58.973032520742613, -27.439070781082105 ], [ -58.974058123270602, -27.439964110713728 ], [ -58.974679456865111, -27.44052152968785 ], [ -58.975168236312129, -27.440975648845036 ], [ -58.975433061108888, -27.44121431204697 ], [ -58.975765759494813, -27.441517616011978 ], [ -58.97613770018387, -27.441834952352551 ], [ -58.976952575089413, -27.442567884095183 ], [ -58.977400842544426, -27.442962137466242 ], [ -58.977910113307665, -27.443424033668897 ], [ -58.978569057750256, -27.44399087489089 ], [ -58.979455445356969, -27.444807188141993 ], [ -58.981012410627805, -27.443407813258968 ], [ -58.981681915767531, -27.442826263594416 ], [ -58.98246881375313, -27.44213560950497 ], [ -58.983234882489597, -27.441475342713442 ], [ -58.983807730437498, -27.440978600071215 ], [ -58.984201223430155, -27.440627158778117 ], [ -58.984691458430646, -27.440178680415048 ], [ -58.985547564744856, -27.439402988936564 ], [ -58.986568752103679, -27.438542969284249 ], [ -58.987642452697237, -27.43774221316254 ], [ -58.988421434145316, -27.437013202164234 ], [ -58.989379583042904, -27.436116091016824 ], [ -58.990206600933803, -27.43534204680212 ], [ -58.991002686301563, -27.434596996470692 ], [ -58.991849813408223, -27.433802932380491 ], [ -58.992690816071857, -27.433014848162596 ], [ -58.993433902217397, -27.432318884643973 ], [ -58.992521046607187, -27.431454863190773 ], [ -58.991678108672048, -27.430656925644662 ], [ -58.990620191131597, -27.429655001180901 ], [ -58.990219252556507, -27.429275000682942 ], [ -58.990051636254158, -27.429119167207549 ] ] ] ] } },
{ "type": "Feature", "properties": { "gid": 338, "distrito": "06", "provincia": "Chaco", "departamen": "San Fernando", "cabecera": "Resistencia", "circuito": "0019B", "indec_p": "22", "indec_d": "140" }, "geometry": { "type": "MultiPolygon", "coordinates": [ [ [ [ -58.990219252556507, -27.429275000682942 ], [ -58.988267376722263, -27.427428180360586 ], [ -58.98760349549736, -27.426799175258999 ], [ -58.986575518749056, -27.425825288154304 ], [ -58.986235070277566, -27.425504293620936 ], [ -58.980931769468441, -27.420556923024492 ], [ -58.980409397193291, -27.420083073817946 ], [ -58.979447257842665, -27.41919782044193 ], [ -58.978927651233484, -27.419680537654724 ], [ -58.978381512702022, -27.420158935312369 ], [ -58.977836375918905, -27.420634363079316 ], [ -58.977540776288642, -27.420892861912517 ], [ -58.977015539780623, -27.42135800724073 ], [ -58.976479856072871, -27.421828227596073 ], [ -58.975976508836958, -27.422298683312668 ], [ -58.97526403206929, -27.422899537925339 ], [ -58.974798055176109, -27.423324910145819 ], [ -58.974429822719664, -27.423672661708885 ], [ -58.973973537133951, -27.424048625570833 ], [ -58.973433092934592, -27.424531167657388 ], [ -58.972576539137428, -27.425279867587353 ], [ -58.973319272934567, -27.425932873165678 ], [ -58.973542511325483, -27.426129998930282 ], [ -58.974442404142096, -27.42631151294243 ], [ -58.974938655908034, -27.426612023582695 ], [ -58.975395816221997, -27.427143136505741 ], [ -58.975734495612933, -27.427745530912627 ], [ -58.975936302963184, -27.428215737660285 ], [ -58.976091288639765, -27.428638733290622 ], [ -58.976231478565232, -27.428969607843175 ], [ -58.976321681195948, -27.429209407820952 ], [ -58.976521329885955, -27.429606687725514 ], [ -58.976730068827905, -27.430020526326999 ], [ -58.97725678460823, -27.430525506571403 ], [ -58.977654743741702, -27.430877399925535 ], [ -58.978040089380045, -27.431266952917518 ], [ -58.978574110060123, -27.431990444743565 ], [ -58.978738286968273, -27.43222666228386 ], [ -58.978873143932418, -27.432585820600078 ], [ -58.978928139228991, -27.432685712958079 ], [ -58.978977144564489, -27.43288397883644 ], [ -58.978993047110038, -27.433164463367287 ], [ -58.979003911773006, -27.433490264627579 ], [ -58.97898606625801, -27.433923055063595 ], [ -58.978974472666785, -27.434178599758418 ], [ -58.978949017041117, -27.434434042880024 ], [ -58.978890951014343, -27.434718108455272 ], [ -58.978791678063523, -27.434960641454818 ], [ -58.978664414872028, -27.435231830636756 ], [ -58.978537834307261, -27.435428809648762 ], [ -58.978393169106724, -27.435582363854497 ], [ -58.978250605019561, -27.435758610118022 ], [ -58.978179870409917, -27.435912706115619 ], [ -58.978132334137982, -27.436056664539688 ], [ -58.978114718526797, -27.436213211523601 ], [ -58.978107907757348, -27.436325514874984 ], [ -58.978169148394343, -27.436449655643216 ], [ -58.978274457079792, -27.436555565740292 ], [ -58.978346673000367, -27.436608251067344 ], [ -58.978450279791666, -27.436656838872036 ], [ -58.978610414177389, -27.436705427825327 ], [ -58.978731632899191, -27.436714562362162 ], [ -58.978877195960585, -27.436714598303677 ], [ -58.979046175795737, -27.436680790434231 ], [ -58.979196909654497, -27.436621079593333 ], [ -58.979362888351943, -27.43653674189633 ], [ -58.979488539635391, -27.436440770268092 ], [ -58.979553893621464, -27.436369095341881 ], [ -58.979661383935905, -27.436237944568536 ], [ -58.979814891674025, -27.436127745885759 ], [ -58.979992692160863, -27.436040558537801 ], [ -58.980029264482305, -27.435931408299986 ], [ -58.980266815870422, -27.435726993856896 ], [ -58.98078713818888, -27.435425693952148 ], [ -58.981199553970683, -27.435300894771348 ], [ -58.981616059726882, -27.435233847075889 ], [ -58.981875007596223, -27.435215123845463 ], [ -58.982193873072248, -27.435213329996483 ], [ -58.982410932100436, -27.435227284307903 ], [ -58.982604660885166, -27.43526580632313 ], [ -58.982784263118141, -27.435333086382904 ], [ -58.98298265072625, -27.43536751882354 ], [ -58.983144337383152, -27.435372821764524 ], [ -58.983260005988853, -27.435357173476739 ], [ -58.983413055704688, -27.435296444112463 ], [ -58.983575724361977, -27.435194554119914 ], [ -58.983729680068407, -27.435034877529379 ], [ -58.983749862227761, -27.434849486932208 ], [ -58.983714671799568, -27.434655446407433 ], [ -58.983636516580965, -27.434462295069817 ], [ -58.983491346996665, -27.434316757332226 ], [ -58.983477175057288, -27.434224400452148 ], [ -58.983477911644329, -27.434144006118405 ], [ -58.983406603254572, -27.43410947070706 ], [ -58.983213594041068, -27.43399261691205 ], [ -58.983118260971999, -27.433806383549534 ], [ -58.983022285788877, -27.433690237488893 ], [ -58.982894571149671, -27.433507890737477 ], [ -58.982775984754802, -27.433337979685824 ], [ -58.982708036383414, -27.43318905348643 ], [ -58.982608424456565, -27.432965680994236 ], [ -58.98250426794467, -27.432734029128575 ], [ -58.982316790192236, -27.43251826103301 ], [ -58.982097876902202, -27.432203309613797 ], [ -58.981971148918397, -27.431913769636019 ], [ -58.981853057376256, -27.431690261630813 ], [ -58.981707697114217, -27.431417077550083 ], [ -58.981535901016777, -27.431003516027975 ], [ -58.981372968687445, -27.430631249701459 ], [ -58.981328580389025, -27.430433018283637 ], [ -58.98114701622255, -27.430077107765847 ], [ -58.980964695991752, -27.429803652740134 ], [ -58.980763591900242, -27.429563044622395 ], [ -58.980544082650376, -27.429314055478702 ], [ -58.98030578958398, -27.429097913078849 ], [ -58.980196187353783, -27.428956927064917 ], [ -58.980077192990834, -27.42883236448986 ], [ -58.979922978813548, -27.428517883186704 ], [ -58.979814742038876, -27.428228476624753 ], [ -58.979735137773709, -27.427840326063002 ], [ -58.979767408172556, -27.42734579472636 ], [ -58.97992821404366, -27.426942911458386 ], [ -58.98010750000968, -27.426540163178281 ], [ -58.980385855905283, -27.426418507699392 ], [ -58.980516133830008, -27.426320507074085 ], [ -58.98071170174196, -27.426157014743282 ], [ -58.981009748537367, -27.425903563896021 ], [ -58.981344150876204, -27.425716347106121 ], [ -58.981751190678182, -27.425669844348178 ], [ -58.982120360398973, -27.425722017436417 ], [ -58.982471502876798, -27.425724581166371 ], [ -58.982875595309764, -27.425999652763942 ], [ -58.983107400982789, -27.426299710047687 ], [ -58.983396352027953, -27.426642687414027 ], [ -58.983635334588364, -27.426987637264872 ], [ -58.983810319155239, -27.427386607153455 ], [ -58.983850263094418, -27.42780455630405 ], [ -58.98391626523668, -27.427943595660516 ], [ -58.983967233045561, -27.428052577665227 ], [ -58.984037186917782, -27.428343612515462 ], [ -58.984190163494034, -27.428648543510381 ], [ -58.984363152709548, -27.428880518845187 ], [ -58.984492139712415, -27.429216504064687 ], [ -58.984598136863198, -27.429519514045737 ], [ -58.984640090219472, -27.429865486999621 ], [ -58.98471503195568, -27.430267498306215 ], [ -58.984708969774488, -27.430609520325781 ], [ -58.984766977194013, -27.431067477210984 ], [ -58.984904910016446, -27.431598490896878 ], [ -58.984970191233344, -27.43190265949999 ], [ -58.985202559207416, -27.432263058246019 ], [ -58.985440906385101, -27.432475069830392 ], [ -58.985651870145077, -27.432649774138479 ], [ -58.985964789129, -27.432792235488524 ], [ -58.986246645458685, -27.432794286002185 ], [ -58.986391390456482, -27.432630416210277 ], [ -58.986466374366749, -27.432515515724376 ], [ -58.986458677263506, -27.432346414079504 ], [ -58.986312965707278, -27.432110339617786 ], [ -58.986180815074974, -27.431907348176974 ], [ -58.985920005416148, -27.431625082291781 ], [ -58.985647941210729, -27.431063406870276 ], [ -58.985638998452409, -27.430616373638564 ], [ -58.985678045565791, -27.430347375386152 ], [ -58.985772030656278, -27.430105415556735 ], [ -58.986026180527375, -27.429613798687857 ], [ -58.986511227129917, -27.429122558550542 ], [ -58.987161325322262, -27.428772700389434 ], [ -58.988132066836975, -27.42873027431445 ], [ -58.988998040925409, -27.4290292962921 ], [ -58.989560721463675, -27.429144699489541 ], [ -58.990051636254158, -27.429119167207549 ], [ -58.990219252556507, -27.429275000682942 ] ] ] ] } },
{ "type": "Feature", "properties": { "gid": 339, "distrito": "06", "provincia": "Chaco", "departamen": "San Fernando", "cabecera": "Resistencia", "circuito": "0020", "indec_p": "22", "indec_d": "140" }, "geometry": { "type": "MultiPolygon", "coordinates": [ [ [ [ -58.895291845577162, -27.404937438481241 ], [ -58.895291845577162, -27.404937438481241 ], [ -58.916836585769801, -27.426382948921315 ], [ -58.927431896900877, -27.436666087549796 ], [ -58.936428239858273, -27.444637250772754 ], [ -58.936428239858273, -27.444637250772754 ], [ -58.940276935252008, -27.441199155044675 ], [ -58.942368862902143, -27.439382423017943 ], [ -58.94570528131478, -27.436286130203161 ], [ -58.948007900496684, -27.434252513879329 ], [ -58.949804713022971, -27.43266556840878 ], [ -58.950692936471079, -27.431934939750601 ], [ -58.953749847982628, -27.429225456629879 ], [ -58.954937428011824, -27.428159221135271 ], [ -58.956291116552393, -27.426898737781595 ], [ -58.957975306208773, -27.425433012820957 ], [ -58.959183541664174, -27.424345512561846 ], [ -58.959995028501687, -27.423587970739352 ], [ -58.960595720887738, -27.423042659959542 ], [ -58.962391602551619, -27.421333359476321 ], [ -58.9653079276315, -27.418755742022682 ], [ -58.970324272144865, -27.423337831040538 ], [ -58.971747083094414, -27.42456703946451 ], [ -58.972576539137428, -27.425279867587353 ], [ -58.973433092934592, -27.424531167657388 ], [ -58.973973537133951, -27.424048625570833 ], [ -58.974429822719664, -27.423672661708885 ], [ -58.974798055176109, -27.423324910145819 ], [ -58.97526403206929, -27.422899537925339 ], [ -58.975976508836958, -27.422298683312668 ], [ -58.976479856072871, -27.421828227596073 ], [ -58.977015539780623, -27.42135800724073 ], [ -58.977540776288642, -27.420892861912517 ], [ -58.977836375918905, -27.420634363079316 ], [ -58.978381512702022, -27.420158935312369 ], [ -58.978927651233484, -27.419680537654724 ], [ -58.979447257842665, -27.41919782044193 ], [ -58.981747254254593, -27.41696675770957 ], [ -58.985844110051708, -27.413126220611481 ], [ -58.981381843286044, -27.408893703282708 ], [ -58.980946750978468, -27.408481801359031 ], [ -58.978736657579105, -27.406385054702028 ], [ -58.976211504534433, -27.403990507603563 ], [ -58.974099346033391, -27.401987885475165 ], [ -58.971772138169761, -27.399780312853334 ], [ -58.938157511328072, -27.366079363540987 ], [ -58.927282350896647, -27.375786561997344 ], [ -58.895291845577162, -27.404937438481241 ] ] ] ] } },
{ "type": "Feature", "properties": { "gid": 340, "distrito": "06", "provincia": "Chaco", "departamen": "San Fernando", "cabecera": "Resistencia", "circuito": "0021", "indec_p": "22", "indec_d": "140" }, "geometry": { "type": "MultiPolygon", "coordinates": [ [ [ [ -59.028800261130328, -27.388267543066533 ], [ -59.030523061342528, -27.386692122637101 ], [ -59.015245011884815, -27.373888326844096 ], [ -59.009457407924273, -27.368969724146357 ], [ -58.997309768754391, -27.358705604820447 ], [ -58.986263865846183, -27.348823662813061 ], [ -58.972080924552976, -27.336169978762115 ], [ -58.938157511328072, -27.366079363540987 ], [ -58.971772138169761, -27.399780312853334 ], [ -58.974099346033391, -27.401987885475165 ], [ -58.976211504534433, -27.403990507603563 ], [ -58.978736657579105, -27.406385054702028 ], [ -58.980946750978468, -27.408481801359031 ], [ -58.981381843286044, -27.408893703282708 ], [ -58.985844110051708, -27.413126220611481 ], [ -58.981747254254593, -27.41696675770957 ], [ -58.979447257842665, -27.41919782044193 ], [ -58.980409397193291, -27.420083073817946 ], [ -58.980931769468441, -27.420556923024492 ], [ -58.986235070277566, -27.425504293620936 ], [ -58.986423676840879, -27.42504833060233 ], [ -58.986610445200419, -27.424835288926023 ], [ -58.986895066112197, -27.424532250659077 ], [ -58.987285499601526, -27.424279457384579 ], [ -58.988132608478274, -27.423727933964571 ], [ -58.988867461883856, -27.423074635241143 ], [ -58.990032714041227, -27.421961606546823 ], [ -58.990899482752937, -27.421151514760506 ], [ -58.991602363721888, -27.420579370268065 ], [ -58.992161266661498, -27.420088642781909 ], [ -58.992687599822304, -27.419622416057301 ], [ -58.993464569366289, -27.419030181584784 ], [ -58.994528053218986, -27.419961425220901 ], [ -58.99542642470945, -27.420759532757774 ], [ -58.997461817305783, -27.422538862924281 ], [ -58.998432666241087, -27.423502396010555 ], [ -59.000009247235603, -27.424932054141298 ], [ -59.001590415004685, -27.426369973958927 ], [ -59.002731065077292, -27.427470755750839 ], [ -59.003721964954352, -27.428269473323937 ], [ -59.004217124303359, -27.428701812104634 ], [ -59.004812680762377, -27.429275050792 ], [ -59.005455187369286, -27.42976616042618 ], [ -59.006351653135269, -27.430517090933719 ], [ -59.008046792355572, -27.432036862464834 ], [ -59.008046792355572, -27.432036862464834 ], [ -59.008710678441673, -27.431431369954037 ], [ -59.009344155650375, -27.430866888774432 ], [ -59.010760049420753, -27.429615281920405 ], [ -59.011523760519069, -27.428952760503684 ], [ -59.012184931965002, -27.428388462061605 ], [ -59.012650865033308, -27.427954716218313 ], [ -59.013628704343454, -27.427112283432447 ], [ -59.016255585911068, -27.424764193932486 ], [ -59.014668062320567, -27.423372261415835 ], [ -59.01343936442418, -27.422291567591767 ], [ -59.012008724812226, -27.421061000948555 ], [ -59.010780225373338, -27.419963793373849 ], [ -59.009992186732632, -27.419216043315178 ], [ -59.010012872836917, -27.418968804815776 ], [ -59.010015225709594, -27.418704943759558 ], [ -59.00988924714855, -27.418324724835873 ], [ -59.009651800737224, -27.418009683476459 ], [ -59.00945102139643, -27.417727886966517 ], [ -59.009194508851422, -27.417478678832524 ], [ -59.008742854045948, -27.417351775643692 ], [ -59.00823605518633, -27.417191494035279 ], [ -59.007683574004794, -27.416973162223776 ], [ -59.007140629907092, -27.416721911460797 ], [ -59.006737909463652, -27.416290241740459 ], [ -59.006501066565868, -27.415909230054961 ], [ -59.006243974511307, -27.415725981934923 ], [ -59.005988064362676, -27.415410802928125 ], [ -59.005916360573345, -27.415162906363221 ], [ -59.005679522817267, -27.414781893360395 ], [ -59.005562489118006, -27.414436780742065 ], [ -59.005304513924074, -27.414094785710265 ], [ -59.005098301630433, -27.413905713881313 ], [ -59.004815308643281, -27.41377794009934 ], [ -59.004476693762747, -27.413412691009622 ], [ -59.004271833476388, -27.41307313489045 ], [ -59.004099812065483, -27.412678151324691 ], [ -59.004056368859885, -27.41237067087199 ], [ -59.003918276292907, -27.412056329661084 ], [ -59.003861241219852, -27.411855665570233 ], [ -59.003917946099165, -27.4115780488995 ], [ -59.003388769165035, -27.411083620068773 ], [ -59.004404811678981, -27.410093090261419 ], [ -59.005112911686489, -27.409438449432418 ], [ -59.005579158723805, -27.408963496393866 ], [ -59.005951533577942, -27.408652796284386 ], [ -59.006268618616936, -27.408325208765099 ], [ -59.00658540678576, -27.408030603108653 ], [ -59.007088008505711, -27.407621873175842 ], [ -59.007516251494465, -27.407262089289819 ], [ -59.008168586130211, -27.406640019854422 ], [ -59.009136952737244, -27.405805791924891 ], [ -59.009136952737244, -27.405805791924891 ], [ -59.009681588246963, -27.405343750510365 ], [ -59.010240481703761, -27.404836453958282 ], [ -59.010612829710951, -27.404525740505097 ], [ -59.011022424798895, -27.404182305343099 ], [ -59.011544644394355, -27.403641758384445 ], [ -59.01210322747621, -27.403167436517784 ], [ -59.012848339416017, -27.402496523775334 ], [ -59.01316480052639, -27.402234884766514 ], [ -59.013667644700469, -27.40179314669836 ], [ -59.014152300230414, -27.401318293325655 ], [ -59.014897533600113, -27.40063087742098 ], [ -59.015866235539725, -27.399747125161497 ], [ -59.016927452509314, -27.398847525412883 ], [ -59.017337298852866, -27.398471087558676 ], [ -59.017784679074971, -27.39802894301225 ], [ -59.018268426349351, -27.397653022626098 ], [ -59.018957888645225, -27.39699817604432 ], [ -59.019795445775067, -27.396311381693508 ], [ -59.020707770077706, -27.39552615228892 ], [ -59.021583419372746, -27.394707674454658 ], [ -59.023622277357575, -27.392948461538438 ], [ -59.024041400569089, -27.392547888255592 ], [ -59.026164051724145, -27.390625114482951 ], [ -59.026740784460543, -27.390041594701643 ], [ -59.027468345183991, -27.389376661452765 ], [ -59.028277222105437, -27.388655597652985 ], [ -59.028800261130328, -27.388267543066533 ] ] ] ] } },
{ "type": "Feature", "properties": { "gid": 341, "distrito": "06", "provincia": "Chaco", "departamen": "San Fernando", "cabecera": "Resistencia", "circuito": "0022A", "indec_p": "22", "indec_d": "140" }, "geometry": { "type": "MultiPolygon", "coordinates": [ [ [ [ -59.032741673288555, -27.426776708119938 ], [ -59.032264817482528, -27.426352841899714 ], [ -59.030554628000552, -27.424827780125863 ], [ -59.028707320763644, -27.423136818571791 ], [ -59.027693648179302, -27.422284516379996 ], [ -59.026758425806982, -27.42144512402108 ], [ -59.026171527551867, -27.420929761017486 ], [ -59.025310250053693, -27.420090875727656 ], [ -59.024173157465157, -27.419093377167982 ], [ -59.023586718756953, -27.418528529594308 ], [ -59.022413568796118, -27.417431810140677 ], [ -59.020947091189683, -27.416069143243327 ], [ -59.018177787404603, -27.413658272429476 ], [ -59.015960196486347, -27.411564598150935 ], [ -59.009136952737244, -27.405805791924891 ], [ -59.008168586130211, -27.406640019854422 ], [ -59.007516251494465, -27.407262089289819 ], [ -59.007088008505711, -27.407621873175842 ], [ -59.00658540678576, -27.408030603108653 ], [ -59.006268618616936, -27.408325208765099 ], [ -59.005951533577942, -27.408652796284386 ], [ -59.005579158723805, -27.408963496393866 ], [ -59.005112911686489, -27.409438449432418 ], [ -59.004404811678981, -27.410093090261419 ], [ -59.003388769165035, -27.411083620068773 ], [ -59.003917946099165, -27.4115780488995 ], [ -59.003861241219852, -27.411855665570233 ], [ -59.003918276292907, -27.412056329661084 ], [ -59.004056368859885, -27.41237067087199 ], [ -59.004099812065483, -27.412678151324691 ], [ -59.004271833476388, -27.41307313489045 ], [ -59.004476693762747, -27.413412691009622 ], [ -59.004815308643281, -27.41377794009934 ], [ -59.005098301630433, -27.413905713881313 ], [ -59.005304513924074, -27.414094785710265 ], [ -59.005562489118006, -27.414436780742065 ], [ -59.005679522817267, -27.414781893360395 ], [ -59.005916360573345, -27.415162906363221 ], [ -59.005988064362676, -27.415410802928125 ], [ -59.006243974511307, -27.415725981934923 ], [ -59.006501066565868, -27.415909230054961 ], [ -59.006737909463652, -27.416290241740459 ], [ -59.007140629907092, -27.416721911460797 ], [ -59.007683574004794, -27.416973162223776 ], [ -59.00823605518633, -27.417191494035279 ], [ -59.008742854045948, -27.417351775643692 ], [ -59.009194508851422, -27.417478678832524 ], [ -59.00945102139643, -27.417727886966517 ], [ -59.009651800737224, -27.418009683476459 ], [ -59.00988924714855, -27.418324724835873 ], [ -59.010015225709594, -27.418704943759558 ], [ -59.010012872836917, -27.418968804815776 ], [ -59.009992186732632, -27.419216043315178 ], [ -59.010780225373338, -27.419963793373849 ], [ -59.012008724812226, -27.421061000948555 ], [ -59.01343936442418, -27.422291567591767 ], [ -59.014668062320567, -27.423372261415835 ], [ -59.016255585911068, -27.424764193932486 ], [ -59.016255585911068, -27.424764193932486 ], [ -59.017171907225134, -27.425644753051397 ], [ -59.01763043824414, -27.42604380211208 ], [ -59.018161731448764, -27.42657530118035 ], [ -59.019372332482241, -27.427622842468388 ], [ -59.020555742982573, -27.428612459169162 ], [ -59.021381101568849, -27.429335674655526 ], [ -59.021913082551357, -27.429792948991654 ], [ -59.022261481395937, -27.430108748483878 ], [ -59.022802347758443, -27.430607312772796 ], [ -59.023370867231513, -27.431157853942963 ], [ -59.024364918109001, -27.431998811555207 ], [ -59.025060134621008, -27.432658958775463 ], [ -59.025854976743446, -27.433379370137864 ], [ -59.026948162723777, -27.434340144944905 ], [ -59.030149490902659, -27.436940331162603 ], [ -59.03367910979081, -27.434755236372194 ], [ -59.03594100333725, -27.433964274083475 ], [ -59.037292281880013, -27.433460635928416 ], [ -59.038502486814693, -27.433059332126835 ], [ -59.039420788988231, -27.432726409380219 ], [ -59.037663938891995, -27.431164260677274 ], [ -59.035767933723015, -27.429469446218398 ], [ -59.034787102002909, -27.428547328705669 ], [ -59.033503275921056, -27.427400456348408 ], [ -59.032741673288555, -27.426776708119938 ] ] ] ] } },
{ "type": "Feature", "properties": { "gid": 342, "distrito": "06", "provincia": "Chaco", "departamen": "San Fernando", "cabecera": "Resistencia", "circuito": "0022B", "indec_p": "22", "indec_d": "140" }, "geometry": { "type": "MultiPolygon", "coordinates": [ [ [ [ -59.012848339416017, -27.402496523775334 ], [ -59.01210322747621, -27.403167436517784 ], [ -59.011544644394355, -27.403641758384445 ], [ -59.011022424798895, -27.404182305343099 ], [ -59.010612829710951, -27.404525740505097 ], [ -59.010240481703761, -27.404836453958282 ], [ -59.009681588246963, -27.405343750510365 ], [ -59.009136952737244, -27.405805791924891 ], [ -59.015960196486347, -27.411564598150935 ], [ -59.018177787404603, -27.413658272429476 ], [ -59.020947091189683, -27.416069143243327 ], [ -59.022413568796118, -27.417431810140677 ], [ -59.023586718756953, -27.418528529594308 ], [ -59.024173157465157, -27.419093377167982 ], [ -59.025310250053693, -27.420090875727656 ], [ -59.026171527551867, -27.420929761017486 ], [ -59.026758425806982, -27.42144512402108 ], [ -59.027693648179302, -27.422284516379996 ], [ -59.028707320763644, -27.423136818571791 ], [ -59.030554628000552, -27.424827780125863 ], [ -59.032264817482528, -27.426352841899714 ], [ -59.032741673288555, -27.426776708119938 ], [ -59.033503275921056, -27.427400456348408 ], [ -59.034787102002909, -27.428547328705669 ], [ -59.035767933723015, -27.429469446218398 ], [ -59.037663938891995, -27.431164260677274 ], [ -59.041475925585722, -27.427848236304932 ], [ -59.044935759081795, -27.424835173135257 ], [ -59.037792989295276, -27.418444080007255 ], [ -59.038801086067856, -27.417577449761978 ], [ -59.039483259271691, -27.416998473160564 ], [ -59.040059352392198, -27.416497359549211 ], [ -59.041345392283766, -27.415374928701631 ], [ -59.042998443605114, -27.413881347424603 ], [ -59.04426383468882, -27.412802554516826 ], [ -59.045009471659711, -27.412727777917659 ], [ -59.045725414471207, -27.41274814121719 ], [ -59.045082909262845, -27.412078889688669 ], [ -59.044014695144526, -27.411118614429036 ], [ -59.043628977378845, -27.410843843678443 ], [ -59.043271051068565, -27.410561016329986 ], [ -59.042968705548866, -27.410262077082848 ], [ -59.042436797294151, -27.409796636269991 ], [ -59.041712004542802, -27.409197928332283 ], [ -59.039923939055683, -27.407610598491491 ], [ -59.039318998419169, -27.407045688458041 ], [ -59.038860320655367, -27.406663201164001 ], [ -59.038511944645563, -27.406347442793624 ], [ -59.038222910892564, -27.406114555190534 ], [ -59.037757775724081, -27.405678419304586 ], [ -59.03733626168686, -27.40527350639957 ], [ -59.037033875013421, -27.40498280058311 ], [ -59.036520709433468, -27.404492728509453 ], [ -59.035695786564723, -27.403728373658524 ], [ -59.030937979369355, -27.399432095189116 ], [ -59.023622277357575, -27.392948461538438 ], [ -59.021583419372746, -27.394707674454658 ], [ -59.020707770077706, -27.39552615228892 ], [ -59.019795445775067, -27.396311381693508 ], [ -59.018957888645225, -27.39699817604432 ], [ -59.018268426349351, -27.397653022626098 ], [ -59.017784679074971, -27.39802894301225 ], [ -59.017337298852866, -27.398471087558676 ], [ -59.016927452509314, -27.398847525412883 ], [ -59.015866235539725, -27.399747125161497 ], [ -59.014897533600113, -27.40063087742098 ], [ -59.014152300230414, -27.401318293325655 ], [ -59.013667644700469, -27.40179314669836 ], [ -59.01316480052639, -27.402234884766514 ], [ -59.012848339416017, -27.402496523775334 ] ] ] ] } },
{ "type": "Feature", "properties": { "gid": 345, "distrito": "06", "provincia": "Chaco", "departamen": "San Fernando", "cabecera": "Resistencia", "circuito": "0027", "indec_p": "22", "indec_d": "140" }, "geometry": { "type": "MultiPolygon", "coordinates": [ [ [ [ -59.176376102592762, -27.406627715213084 ], [ -59.175211096615499, -27.405739417565471 ], [ -59.146049266029095, -27.429176716811568 ], [ -59.119801770920567, -27.450256565981444 ], [ -59.094113165396138, -27.444619275939004 ], [ -59.094608521479742, -27.456630222729267 ], [ -59.107791708640271, -27.470438411658279 ], [ -59.088075521167141, -27.488904562557469 ], [ -59.079402692856313, -27.48096943786922 ], [ -59.076022220235537, -27.473471381048199 ], [ -59.065160730357334, -27.483182866235381 ], [ -59.050663581269042, -27.495706469003796 ], [ -59.04043158961651, -27.486242472922321 ], [ -59.032719561006623, -27.492826298421473 ], [ -59.021746294681243, -27.502190791678562 ], [ -59.018496718641217, -27.504963555515978 ], [ -59.017175273714585, -27.506091054037185 ], [ -59.008620144729406, -27.5133898481978 ], [ -58.996824337522618, -27.523451441802603 ], [ -58.993989974557202, -27.525868737674145 ], [ -58.98192554003078, -27.535829611499008 ], [ -58.969366688764836, -27.546104046750408 ], [ -58.958310392702558, -27.556267557846009 ], [ -58.947795859319548, -27.56548113113131 ], [ -58.936735631805156, -27.575642787762128 ], [ -58.973742595382504, -27.609584929803553 ], [ -58.988825867655287, -27.612773615769832 ], [ -58.990068464982308, -27.627006126228061 ], [ -58.998277045468583, -27.634297752922507 ], [ -58.990024944181819, -27.68240035015187 ], [ -58.983277689308032, -27.682243812835434 ], [ -58.981322566145188, -27.690720570214637 ], [ -58.974216430612145, -27.701918369487764 ], [ -58.972170938826807, -27.713233540238885 ], [ -58.965421660012929, -27.713076534432531 ], [ -58.965017693165606, -27.72583312359615 ], [ -58.964139879771338, -27.753552960489358 ], [ -59.164700592071355, -27.485717789666889 ], [ -59.176376102592762, -27.406627715213084 ] ] ] ] } },
{ "type": "Feature", "properties": { "gid": 432, "distrito": "06", "provincia": "Chaco", "departamen": "San Fernando", "cabecera": "Resistencia", "circuito": "0023", "indec_p": "22", "indec_d": "140" }, "geometry": { "type": "MultiPolygon", "coordinates": [ [ [ [ -59.081968432616947, -27.432183389223795 ], [ -59.067336597584998, -27.419214356957568 ], [ -59.06045820061437, -27.413045328172142 ], [ -59.054266120299076, -27.407578979520419 ], [ -59.051637294444738, -27.405020250088928 ], [ -59.048096882202024, -27.401707937070807 ], [ -59.044015515612365, -27.398206289438299 ], [ -59.040898632993454, -27.395381167914266 ], [ -59.037528221152108, -27.392512998437166 ], [ -59.030523061342528, -27.386692122637101 ], [ -59.028800261130328, -27.388267543066533 ], [ -59.028277222105437, -27.388655597652985 ], [ -59.027468345183991, -27.389376661452765 ], [ -59.026740784460543, -27.390041594701643 ], [ -59.026164051724145, -27.390625114482951 ], [ -59.024041400569089, -27.392547888255592 ], [ -59.023622277357575, -27.392948461538438 ], [ -59.030937979369355, -27.399432095189116 ], [ -59.035695786564723, -27.403728373658524 ], [ -59.036520709433468, -27.404492728509453 ], [ -59.037033875013421, -27.40498280058311 ], [ -59.03733626168686, -27.40527350639957 ], [ -59.037757775724081, -27.405678419304586 ], [ -59.038222910892564, -27.406114555190534 ], [ -59.038511944645563, -27.406347442793624 ], [ -59.038860320655367, -27.406663201164001 ], [ -59.039318998419169, -27.407045688458041 ], [ -59.039923939055683, -27.407610598491491 ], [ -59.041712004542802, -27.409197928332283 ], [ -59.042436797294151, -27.409796636269991 ], [ -59.042968705548866, -27.410262077082848 ], [ -59.043271051068565, -27.410561016329986 ], [ -59.043628977378845, -27.410843843678443 ], [ -59.044014695144526, -27.411118614429036 ], [ -59.045082909262845, -27.412078889688669 ], [ -59.045725414471207, -27.41274814121719 ], [ -59.045009471659711, -27.412727777917659 ], [ -59.04426383468882, -27.412802554516826 ], [ -59.042998443605114, -27.413881347424603 ], [ -59.041345392283766, -27.415374928701631 ], [ -59.040059352392198, -27.416497359549211 ], [ -59.039483259271691, -27.416998473160564 ], [ -59.038801086067856, -27.417577449761978 ], [ -59.037792989295276, -27.418444080007255 ], [ -59.044935759081795, -27.424835173135257 ], [ -59.041475925585722, -27.427848236304932 ], [ -59.037663938891995, -27.431164260677274 ], [ -59.039420788988231, -27.432726409380219 ], [ -59.047676398941682, -27.429865965770563 ], [ -59.053170433061645, -27.427959226842987 ], [ -59.057295681554635, -27.426563155924526 ], [ -59.076022220235537, -27.473471381048199 ], [ -59.079402692856313, -27.48096943786922 ], [ -59.088075521167141, -27.488904562557469 ], [ -59.107791708640271, -27.470438411658279 ], [ -59.094608521479742, -27.456630222729267 ], [ -59.094113165396138, -27.444619275939004 ], [ -59.081968432616947, -27.432183389223795 ] ] ] ] } },
{ "type": "Feature", "properties": { "gid": 433, "distrito": "06", "provincia": "Chaco", "departamen": "San Fernando", "cabecera": "Resistencia", "circuito": "0016B", "indec_p": "22", "indec_d": "140" }, "geometry": { "type": "MultiPolygon", "coordinates": [ [ [ [ -59.024364918109001, -27.431998811555207 ], [ -59.023370867231513, -27.431157853942963 ], [ -59.021334730844607, -27.433034952848399 ], [ -59.019972055659807, -27.43424658362585 ], [ -59.019046854826307, -27.435059175986268 ], [ -59.017885997332662, -27.436093492537491 ], [ -59.017057874557359, -27.436778305079439 ], [ -59.016447908113562, -27.437330617666678 ], [ -59.016178695665509, -27.43757258597617 ], [ -59.015755775686372, -27.437971703552247 ], [ -59.015406585213981, -27.438291292254824 ], [ -59.014774396316781, -27.438759668408064 ], [ -59.01453388382091, -27.438936994258668 ], [ -59.013722700948023, -27.439632528155109 ], [ -59.01340169454712, -27.439932424184494 ], [ -59.012857191497716, -27.440405312257511 ], [ -59.012048901788546, -27.441135553287545 ], [ -59.011268621509792, -27.441833003483104 ], [ -59.010865889378039, -27.442168237454396 ], [ -59.010278857990549, -27.442700068877144 ], [ -59.009603394867277, -27.443301361401815 ], [ -59.008718427597472, -27.444074329198468 ], [ -59.008028899890682, -27.444696128947125 ], [ -59.007097292936699, -27.445514107585382 ], [ -59.006361129017542, -27.446180920020872 ], [ -59.005476042227222, -27.446962111308395 ], [ -59.004567614676809, -27.447767868289194 ], [ -59.0038031373238, -27.448496310125236 ], [ -59.003006152488751, -27.449241007125451 ], [ -59.002158210936834, -27.449997703492617 ], [ -59.001426980200435, -27.450623292950713 ], [ -59.000701346346609, -27.451177652432772 ], [ -59.000701346346609, -27.451177652432772 ], [ -59.007966155988747, -27.457656742420443 ], [ -59.008602159324916, -27.457077667308685 ], [ -59.009650611281096, -27.456124451166446 ], [ -59.010069832369162, -27.455760478120208 ], [ -59.01068019098247, -27.455212323310409 ], [ -59.011308845868584, -27.454684910885778 ], [ -59.011951763565797, -27.454112242855658 ], [ -59.012510753162836, -27.453621438169876 ], [ -59.013190997296661, -27.453007797970436 ], [ -59.013852454702182, -27.452427005843006 ], [ -59.014365103098321, -27.451948234427135 ], [ -59.015203919459537, -27.451170782724304 ], [ -59.015679109291128, -27.450745341337868 ], [ -59.016196180453605, -27.450287209399654 ], [ -59.016615577391072, -27.449898478289846 ], [ -59.017267463310155, -27.449350586043867 ], [ -59.017910173216542, -27.44879437973729 ], [ -59.018856123946826, -27.447916644496541 ], [ -59.01979822020197, -27.447081136895726 ], [ -59.020431771093044, -27.446512484595477 ], [ -59.020832390154219, -27.446153500340287 ], [ -59.021375758182899, -27.445683591010237 ], [ -59.024261509746466, -27.443004844075116 ], [ -59.025624740423197, -27.441763542305036 ], [ -59.030149490902659, -27.436940331162603 ], [ -59.026948162723777, -27.434340144944905 ], [ -59.025854976743446, -27.433379370137864 ], [ -59.025060134621008, -27.432658958775463 ], [ -59.024364918109001, -27.431998811555207 ] ] ] ] } },
{ "type": "Feature", "properties": { "gid": 434, "distrito": "06", "provincia": "Chaco", "departamen": "San Fernando", "cabecera": "Resistencia", "circuito": "0015", "indec_p": "22", "indec_d": "140" }, "geometry": { "type": "MultiPolygon", "coordinates": [ [ [ [ -59.032719561006623, -27.492826298421473 ], [ -59.04043158961651, -27.486242472922321 ], [ -59.030567521278172, -27.477591554452733 ], [ -59.015247360625786, -27.464207211167775 ], [ -59.007966155988747, -27.457656742420443 ], [ -59.000701346346609, -27.451177652432772 ], [ -58.999694115358771, -27.452007330243354 ], [ -58.998845127809226, -27.452752614484329 ], [ -58.997927048824778, -27.453564593092615 ], [ -58.997050427159344, -27.454334102176514 ], [ -58.996194169460892, -27.455122078582544 ], [ -58.995338065669266, -27.455891724105882 ], [ -58.994440865269375, -27.456661067361608 ], [ -58.993555219551382, -27.457476303982428 ], [ -58.994967874755297, -27.458740075018309 ], [ -58.995879014154028, -27.459521064425989 ], [ -58.996541105207207, -27.46015132741509 ], [ -58.997402723997446, -27.46087237974681 ], [ -58.998280644365188, -27.461638222088901 ], [ -58.999091799674702, -27.462403579223846 ], [ -58.999986303881776, -27.463184422950455 ], [ -59.00076840110988, -27.463934669288115 ], [ -59.001831802740291, -27.464966165152955 ], [ -59.002113366229423, -27.465217634950751 ], [ -59.002589653576699, -27.465630595023654 ], [ -59.003078164148988, -27.466077149483542 ], [ -59.00387743279051, -27.466779100672969 ], [ -59.004788634274973, -27.46756748018084 ], [ -59.005707728577434, -27.468408034533354 ], [ -59.00687311031691, -27.469367501979573 ], [ -59.007087109210914, -27.469570563899307 ], [ -59.0077041128487, -27.470154580097095 ], [ -59.008670032948345, -27.471069723629622 ], [ -59.009200063522776, -27.471570794401519 ], [ -59.01016701331659, -27.472485814845228 ], [ -59.010222987725676, -27.472538885483903 ], [ -59.011060003878967, -27.473324928263693 ], [ -59.011597408856183, -27.473837383821312 ], [ -59.01198094941347, -27.474203116101254 ], [ -59.012759964784507, -27.474942191673168 ], [ -59.01292189119004, -27.475095169943902 ], [ -59.013796939108175, -27.475924306594599 ], [ -59.013866891252142, -27.475990307861611 ], [ -59.014636854800521, -27.476720482021012 ], [ -59.014728833063359, -27.47680745999104 ], [ -59.015448829539736, -27.477489542041933 ], [ -59.032719561006623, -27.492826298421473 ], [ -59.032719561006623, -27.492826298421473 ] ] ] ] } },
{ "type": "Feature", "properties": { "gid": 435, "distrito": "06", "provincia": "Chaco", "departamen": "San Fernando", "cabecera": "Resistencia", "circuito": "0016A", "indec_p": "22", "indec_d": "140" }, "geometry": { "type": "MultiPolygon", "coordinates": [ [ [ [ -59.030149490902659, -27.436940331162603 ], [ -59.025624740423197, -27.441763542305036 ], [ -59.024261509746466, -27.443004844075116 ], [ -59.021375758182899, -27.445683591010237 ], [ -59.020832390154219, -27.446153500340287 ], [ -59.020431771093044, -27.446512484595477 ], [ -59.01979822020197, -27.447081136895726 ], [ -59.018856123946826, -27.447916644496541 ], [ -59.017910173216542, -27.44879437973729 ], [ -59.017267463310155, -27.449350586043867 ], [ -59.016615577391072, -27.449898478289846 ], [ -59.016196180453605, -27.450287209399654 ], [ -59.015679109291128, -27.450745341337868 ], [ -59.015203919459537, -27.451170782724304 ], [ -59.014365103098321, -27.451948234427135 ], [ -59.013852454702182, -27.452427005843006 ], [ -59.013190997296661, -27.453007797970436 ], [ -59.012510753162836, -27.453621438169876 ], [ -59.011951763565797, -27.454112242855658 ], [ -59.011308845868584, -27.454684910885778 ], [ -59.01068019098247, -27.455212323310409 ], [ -59.010069832369162, -27.455760478120208 ], [ -59.009650611281096, -27.456124451166446 ], [ -59.008602159324916, -27.457077667308685 ], [ -59.007966155988747, -27.457656742420443 ], [ -59.015247360625786, -27.464207211167775 ], [ -59.030567521278172, -27.477591554452733 ], [ -59.04043158961651, -27.486242472922321 ], [ -59.050663581269042, -27.495706469003796 ], [ -59.065160730357334, -27.483182866235381 ], [ -59.076022220235537, -27.473471381048199 ], [ -59.057295681554635, -27.426563155924526 ], [ -59.053170433061645, -27.427959226842987 ], [ -59.047676398941682, -27.429865965770563 ], [ -59.039420788988231, -27.432726409380219 ], [ -59.038502486814693, -27.433059332126835 ], [ -59.037292281880013, -27.433460635928416 ], [ -59.03594100333725, -27.433964274083475 ], [ -59.03367910979081, -27.434755236372194 ], [ -59.030149490902659, -27.436940331162603 ] ] ] ] } },
{ "type": "Feature", "properties": { "gid": 436, "distrito": "06", "provincia": "Chaco", "departamen": "San Fernando", "cabecera": "Resistencia", "circuito": "0013B", "indec_p": "22", "indec_d": "140" }, "geometry": { "type": "MultiPolygon", "coordinates": [ [ [ [ -59.021746294681243, -27.502190791678562 ], [ -59.032719561006623, -27.492826298421473 ], [ -59.015448829539736, -27.477489542041933 ], [ -59.014728833063359, -27.47680745999104 ], [ -59.014636854800521, -27.476720482021012 ], [ -59.013866891252142, -27.475990307861611 ], [ -59.013796939108175, -27.475924306594599 ], [ -59.01292189119004, -27.475095169943902 ], [ -59.012759964784507, -27.474942191673168 ], [ -59.01198094941347, -27.474203116101254 ], [ -59.011597408856183, -27.473837383821312 ], [ -59.011060003878967, -27.473324928263693 ], [ -59.010222987725676, -27.472538885483903 ], [ -59.01016701331659, -27.472485814845228 ], [ -59.009200063522776, -27.471570794401519 ], [ -59.008670032948345, -27.471069723629622 ], [ -59.0077041128487, -27.470154580097095 ], [ -59.007087109210914, -27.469570563899307 ], [ -59.00687311031691, -27.469367501979573 ], [ -59.005707728577434, -27.468408034533354 ], [ -59.004788634274973, -27.46756748018084 ], [ -59.00387743279051, -27.466779100672969 ], [ -59.003078164148988, -27.466077149483542 ], [ -59.002589653576699, -27.465630595023654 ], [ -59.002113366229423, -27.465217634950751 ], [ -59.001831802740291, -27.464966165152955 ], [ -59.00076840110988, -27.463934669288115 ], [ -58.999792187041308, -27.464806327370219 ], [ -58.999051030013881, -27.465530741554073 ], [ -58.998175765651155, -27.466313757336728 ], [ -58.997330143163019, -27.467048579669136 ], [ -58.996442164701634, -27.467850108149602 ], [ -58.995773067380519, -27.468448435746964 ], [ -58.994935591443181, -27.469201917213898 ], [ -58.993725036016322, -27.470246658390227 ], [ -58.992931747466969, -27.470953058296264 ], [ -58.992065599937121, -27.471746336069558 ], [ -58.991397416816397, -27.472322517196922 ], [ -58.9906271559611, -27.473029069993423 ], [ -58.989883282179186, -27.47368567749459 ], [ -58.989073998480364, -27.474402221585155 ], [ -58.987952351280725, -27.475391574686856 ], [ -58.986482013276998, -27.476684314904436 ], [ -58.987835313887651, -27.477896162266724 ], [ -58.989226001305276, -27.479201921671052 ], [ -58.990286312411939, -27.480118064326795 ], [ -58.991312975628382, -27.48106374049415 ], [ -58.994195135399309, -27.483631228859522 ], [ -58.995371602620722, -27.484637528701072 ], [ -58.996000845753194, -27.485222880071646 ], [ -58.996796263996785, -27.485898782066439 ], [ -58.9975083371476, -27.486559186766009 ], [ -58.998415340694315, -27.48736247047729 ], [ -58.999119184813125, -27.488011638504666 ], [ -59.000341159458046, -27.489074071989325 ], [ -59.00117029756121, -27.489720406679059 ], [ -59.00238042444655, -27.490711997877824 ], [ -59.009316676787783, -27.49704995081558 ], [ -59.018496718641217, -27.504963555515978 ], [ -59.021746294681243, -27.502190791678562 ] ] ] ] } },
{ "type": "Feature", "properties": { "gid": 437, "distrito": "06", "provincia": "Chaco", "departamen": "San Fernando", "cabecera": "Resistencia", "circuito": "0013A", "indec_p": "22", "indec_d": "140" }, "geometry": { "type": "MultiPolygon", "coordinates": [ [ [ [ -58.986449798705664, -27.489542262647731 ], [ -58.985618487828489, -27.490259448917087 ], [ -58.984772859120284, -27.491037817239125 ], [ -58.982999320755219, -27.492569419531584 ], [ -58.981807320023265, -27.493639437254487 ], [ -58.980646505514684, -27.494679026759925 ], [ -58.979473754959713, -27.495706260126866 ], [ -58.977415507574101, -27.497536027821557 ], [ -58.972146521114759, -27.502224826834777 ], [ -58.976324445902598, -27.505646127385742 ], [ -58.981096389581886, -27.50979149064376 ], [ -58.987986376164336, -27.51615621306463 ], [ -58.996824337522618, -27.523451441802603 ], [ -59.008620144729406, -27.5133898481978 ], [ -59.017175273714585, -27.506091054037185 ], [ -59.018496718641217, -27.504963555515978 ], [ -59.009316676787783, -27.49704995081558 ], [ -59.00238042444655, -27.490711997877824 ], [ -59.00117029756121, -27.489720406679059 ], [ -59.000341159458046, -27.489074071989325 ], [ -58.999119184813125, -27.488011638504666 ], [ -58.998415340694315, -27.48736247047729 ], [ -58.9975083371476, -27.486559186766009 ], [ -58.996796263996785, -27.485898782066439 ], [ -58.996000845753194, -27.485222880071646 ], [ -58.995371602620722, -27.484637528701072 ], [ -58.994195135399309, -27.483631228859522 ], [ -58.991312975628382, -27.48106374049415 ], [ -58.990286312411939, -27.480118064326795 ], [ -58.989226001305276, -27.479201921671052 ], [ -58.987835313887651, -27.477896162266724 ], [ -58.986482013276998, -27.476684314904436 ], [ -58.986145152112869, -27.476956946260241 ], [ -58.985704944115106, -27.477340657093016 ], [ -58.985263433256144, -27.477708931680336 ], [ -58.98464748462235, -27.478239183431011 ], [ -58.983327589149752, -27.479463571815941 ], [ -58.981330893502438, -27.481246017718323 ], [ -58.979232845728994, -27.483071394903579 ], [ -58.981106691353794, -27.484820558831487 ], [ -58.981985972834394, -27.485611527240376 ], [ -58.982889558750095, -27.486376618863105 ], [ -58.983254193468944, -27.486708726297699 ], [ -58.983820083386227, -27.487203193243289 ], [ -58.985353550434546, -27.488608768940821 ], [ -58.986449798705664, -27.489542262647731 ] ] ] ] } },
{ "type": "Feature", "properties": { "gid": 451, "distrito": "06", "provincia": "Chaco", "departamen": "San Fernando", "cabecera": "Resistencia", "circuito": "0011B", "indec_p": "22", "indec_d": "140" }, "geometry": { "type": "MultiPolygon", "coordinates": [ [ [ [ -58.878062217602974, -27.547390660776259 ], [ -58.875666897824381, -27.552911172470512 ], [ -58.874846125927348, -27.554751150925835 ], [ -58.874095802864325, -27.556234283826374 ], [ -58.872904967667957, -27.55830952307657 ], [ -58.871091865295107, -27.56240501929814 ], [ -58.875320882934631, -27.562727259899056 ], [ -58.889235175952308, -27.562154823427829 ], [ -58.917990878117322, -27.533226401784507 ], [ -58.920874826950282, -27.532146788028449 ], [ -58.923919211503325, -27.530025893772073 ], [ -58.931240669148522, -27.524378604431462 ], [ -58.934351072004262, -27.521431452760901 ], [ -58.934714676631508, -27.52010137303515 ], [ -58.935521858757674, -27.514336763478674 ], [ -58.936017594187255, -27.51142165157351 ], [ -58.935499205439164, -27.509749739265395 ], [ -58.935383658800632, -27.50787241520533 ], [ -58.936718293230484, -27.508031546699264 ], [ -58.937070442338339, -27.507885314049261 ], [ -58.937358076517462, -27.507500309485589 ], [ -58.940019652255074, -27.505135970166528 ], [ -58.941434459880199, -27.503895780700901 ], [ -58.943322243123994, -27.502093257285679 ], [ -58.947230281218154, -27.505607710454786 ], [ -58.950277178051365, -27.508370940448987 ], [ -58.952976951832241, -27.510766628932583 ], [ -58.954782409766899, -27.512366250563602 ], [ -58.957631222494783, -27.51491934173443 ], [ -58.967736035098348, -27.523930171656797 ], [ -58.9743687646342, -27.529221392597858 ], [ -58.98192554003078, -27.535829611499008 ], [ -58.993989974557202, -27.525868737674145 ], [ -58.996824337522618, -27.523451441802603 ], [ -58.987986376164336, -27.51615621306463 ], [ -58.981096389581886, -27.50979149064376 ], [ -58.976324445902598, -27.505646127385742 ], [ -58.972146521114759, -27.502224826834777 ], [ -58.971169050194163, -27.501392209782995 ], [ -58.970042441838075, -27.500337832709882 ], [ -58.968551660449592, -27.499027409421441 ], [ -58.966561562891769, -27.497214758905137 ], [ -58.96363655561818, -27.494692312005025 ], [ -58.962267111337994, -27.493407243562217 ], [ -58.960158901765986, -27.491507815285946 ], [ -58.958170983022939, -27.489735925594765 ], [ -58.956454030246029, -27.488145828591399 ], [ -58.955281805342999, -27.487099165745157 ], [ -58.953828259796126, -27.48576435229921 ], [ -58.950551199084174, -27.482985653879709 ], [ -58.949156218893755, -27.484293446624665 ], [ -58.94771376314285, -27.485505543824168 ], [ -58.946029761387329, -27.487034838221703 ], [ -58.944887616708733, -27.488009896767363 ], [ -58.943909788608124, -27.488946312152365 ], [ -58.942406704748649, -27.490250944819035 ], [ -58.94151953941104, -27.49105509728383 ], [ -58.939851419120032, -27.492464792516117 ], [ -58.938483156268198, -27.493690646927973 ], [ -58.936377192748012, -27.495668572714791 ], [ -58.934122859808262, -27.497565567861546 ], [ -58.878062217602974, -27.547390660776259 ] ] ] ] } },
{ "type": "Feature", "properties": { "gid": 448, "distrito": "06", "provincia": "Chaco", "departamen": "San Fernando", "cabecera": "Resistencia", "circuito": "0009", "indec_p": "22", "indec_d": "140" }, "geometry": { "type": "MultiPolygon", "coordinates": [ [ [ [ -58.890434481069491, -27.474972198116781 ], [ -58.888800702454091, -27.474720890448847 ], [ -58.886697661362589, -27.474644519755262 ], [ -58.884624116279007, -27.474955553567078 ], [ -58.882746701743493, -27.475685114661559 ], [ -58.880797062426346, -27.476950191600288 ], [ -58.879480020159406, -27.478399040763321 ], [ -58.879168638817916, -27.479468778173619 ], [ -58.878402328644256, -27.482589983345115 ], [ -58.877422017725372, -27.485645366303057 ], [ -58.875055869391041, -27.488375000002033 ], [ -58.876194448911747, -27.490921554205901 ], [ -58.8774504739702, -27.493806394480135 ], [ -58.877948285243278, -27.495551167379194 ], [ -58.879265543081161, -27.499864641934064 ], [ -58.879703781628905, -27.501388269081559 ], [ -58.880813918825211, -27.505123894545303 ], [ -58.881063429517326, -27.505941115028769 ], [ -58.881214797105848, -27.506437283410172 ], [ -58.881445240385318, -27.507271205752879 ], [ -58.881426906049349, -27.507724635628065 ], [ -58.881146322048352, -27.512950774608466 ], [ -58.886800404335581, -27.508347959856625 ], [ -58.899810653267011, -27.498798128608474 ], [ -58.923327405451815, -27.480601800446998 ], [ -58.925198408897792, -27.479251424447565 ], [ -58.926057069597626, -27.478820813789298 ], [ -58.926235274747441, -27.478821105544956 ], [ -58.926660114533185, -27.478527162397096 ], [ -58.92739362454131, -27.478244729438032 ], [ -58.927282149596806, -27.477928201123756 ], [ -58.927414690423326, -27.47796191305979 ], [ -58.929197688348857, -27.476463694610182 ], [ -58.930122185013488, -27.475616757790988 ], [ -58.930607432585127, -27.475183247748578 ], [ -58.931092597487151, -27.474757907953229 ], [ -58.931970623664256, -27.473975982717519 ], [ -58.933167055577982, -27.47295539757117 ], [ -58.934238676229299, -27.472048263831432 ], [ -58.936341122128603, -27.470138327817786 ], [ -58.936341122128603, -27.470138327817786 ], [ -58.93451367509995, -27.4685773341999 ], [ -58.932600826864537, -27.466797983001445 ], [ -58.908337173391665, -27.445752571950081 ], [ -58.908337173391665, -27.445752571950081 ], [ -58.908337173391665, -27.445752571950081 ], [ -58.879497543804469, -27.418852147813876 ], [ -58.876061415628648, -27.421981674737147 ], [ -58.873163947553728, -27.424638910983084 ], [ -58.871377158849114, -27.426381754371217 ], [ -58.869488059434261, -27.428332236345703 ], [ -58.870009049949985, -27.429617203760518 ], [ -58.870365892222466, -27.430632776535383 ], [ -58.870794649138809, -27.431142591102734 ], [ -58.871524114452626, -27.431625054904686 ], [ -58.872118862795972, -27.432225563637832 ], [ -58.872944543034819, -27.433096000117647 ], [ -58.874302330890856, -27.434164331751198 ], [ -58.874894691545904, -27.435003087491712 ], [ -58.875488268561305, -27.435722711767109 ], [ -58.875913447045711, -27.436589898881643 ], [ -58.876068878138682, -27.43772297170392 ], [ -58.875804645051041, -27.439090936714848 ], [ -58.875660859894232, -27.440102456420107 ], [ -58.875916736474444, -27.441206554714615 ], [ -58.876940084283298, -27.442346625420488 ], [ -58.878395606468438, -27.4436688768462 ], [ -58.879082773876242, -27.445044503263006 ], [ -58.880301972677572, -27.446632896290613 ], [ -58.881019859031277, -27.448276822678032 ], [ -58.881175955472777, -27.449350325434825 ], [ -58.88142319115007, -27.451318100435003 ], [ -58.881766682510012, -27.45367384825337 ], [ -58.882042514634215, -27.456118405740916 ], [ -58.882082550809685, -27.458769562286847 ], [ -58.881598613313216, -27.460403832964651 ], [ -58.880980811100073, -27.462066810344869 ], [ -58.880568430734058, -27.463225096907752 ], [ -58.880730555230834, -27.463702954164187 ], [ -58.88116188900576, -27.463974481994541 ], [ -58.882195408708213, -27.464131705004906 ], [ -58.883730050449572, -27.464263153630668 ], [ -58.884928419025229, -27.464630170377568 ], [ -58.886593631640189, -27.465060479729591 ], [ -58.888374970034661, -27.465566158147556 ], [ -58.889932519442709, -27.465913660725679 ], [ -58.891921822681219, -27.466495413736446 ], [ -58.893618400267421, -27.467134382569679 ], [ -58.895113772378664, -27.4678610887911 ], [ -58.896442514397826, -27.468556674069493 ], [ -58.897370894967843, -27.469219292387418 ], [ -58.898332380315608, -27.469911951333426 ], [ -58.89970918204834, -27.470816379438094 ], [ -58.901735051494391, -27.471934408734114 ], [ -58.902746674166409, -27.472627433500879 ], [ -58.901827704804568, -27.474377486221318 ], [ -58.90080912174524, -27.476067175961521 ], [ -58.899798495835441, -27.476952733539452 ], [ -58.89815962540542, -27.477207834028903 ], [ -58.896692455807354, -27.476987721245436 ], [ -58.894627807232069, -27.476405434436412 ], [ -58.891832144616252, -27.475459884693869 ], [ -58.890434481069491, -27.474972198116781 ] ] ] ] } },
{ "type": "Feature", "properties": { "gid": 449, "distrito": "06", "provincia": "Chaco", "departamen": "San Fernando", "cabecera": "Resistencia", "circuito": "0010", "indec_p": "22", "indec_d": "140" }, "geometry": { "type": "MultiPolygon", "coordinates": [ [ [ [ -58.881146322048352, -27.512950774608466 ], [ -58.881017582239785, -27.515312629151591 ], [ -58.880941263477816, -27.516570077585531 ], [ -58.880876851450552, -27.517952763726278 ], [ -58.880871001837264, -27.519436034550807 ], [ -58.880850947255915, -27.520964139763244 ], [ -58.880867771865084, -27.522018533754373 ], [ -58.88085898231337, -27.523791905415184 ], [ -58.880999312542315, -27.52629437562199 ], [ -58.929041810587051, -27.489236481811233 ], [ -58.930304884300448, -27.488102965712738 ], [ -58.931462443902511, -27.487088267795684 ], [ -58.932514880584158, -27.486152513738592 ], [ -58.933583100341188, -27.485123818453264 ], [ -58.934424919456028, -27.484385835951691 ], [ -58.935267046938982, -27.483614616923909 ], [ -58.936161072088225, -27.482870375920513 ], [ -58.938602987619149, -27.480805276443917 ], [ -58.940342657559299, -27.479299758012047 ], [ -58.94173657596977, -27.478097337279607 ], [ -58.942719070900999, -27.477249038535415 ], [ -58.9435170488644, -27.476512932942072 ], [ -58.936341122128603, -27.470138327817786 ], [ -58.934238676229299, -27.472048263831432 ], [ -58.933167055577982, -27.47295539757117 ], [ -58.931970623664256, -27.473975982717519 ], [ -58.931092597487151, -27.474757907953229 ], [ -58.930607432585127, -27.475183247748578 ], [ -58.930122185013488, -27.475616757790988 ], [ -58.929197688348857, -27.476463694610182 ], [ -58.927414690423326, -27.47796191305979 ], [ -58.927282149596806, -27.477928201123756 ], [ -58.92739362454131, -27.478244729438032 ], [ -58.926660114533185, -27.478527162397096 ], [ -58.926235274747441, -27.478821105544956 ], [ -58.926057069597626, -27.478820813789298 ], [ -58.925198408897792, -27.479251424447565 ], [ -58.923327405451815, -27.480601800446998 ], [ -58.899810653267011, -27.498798128608474 ], [ -58.886800404335581, -27.508347959856625 ], [ -58.881146322048352, -27.512950774608466 ] ] ] ] } },
{ "type": "Feature", "properties": { "gid": 450, "distrito": "06", "provincia": "Chaco", "departamen": "San Fernando", "cabecera": "Resistencia", "circuito": "0011A", "indec_p": "22", "indec_d": "140" }, "geometry": { "type": "MultiPolygon", "coordinates": [ [ [ [ -58.880739241936013, -27.533830599038783 ], [ -58.880761400641177, -27.538238858835552 ], [ -58.879379665646091, -27.542695372677429 ], [ -58.878062217602974, -27.547390660776259 ], [ -58.934122859808262, -27.497565567861546 ], [ -58.936377192748012, -27.495668572714791 ], [ -58.938483156268198, -27.493690646927973 ], [ -58.939851419120032, -27.492464792516117 ], [ -58.94151953941104, -27.49105509728383 ], [ -58.942406704748649, -27.490250944819035 ], [ -58.943909788608124, -27.488946312152365 ], [ -58.944887616708733, -27.488009896767363 ], [ -58.946029761387329, -27.487034838221703 ], [ -58.94771376314285, -27.485505543824168 ], [ -58.949156218893755, -27.484293446624665 ], [ -58.950551199084174, -27.482985653879709 ], [ -58.949424005720481, -27.481844076649995 ], [ -58.948223222151029, -27.480763226006136 ], [ -58.94722557358017, -27.479874994775766 ], [ -58.94663885648896, -27.47936789856325 ], [ -58.945812252326952, -27.478618040170044 ], [ -58.9435170488644, -27.476512932942072 ], [ -58.942719070900999, -27.477249038535415 ], [ -58.94173657596977, -27.478097337279607 ], [ -58.940342657559299, -27.479299758012047 ], [ -58.938602987619149, -27.480805276443917 ], [ -58.936161072088225, -27.482870375920513 ], [ -58.935267046938982, -27.483614616923909 ], [ -58.934424919456028, -27.484385835951691 ], [ -58.933583100341188, -27.485123818453264 ], [ -58.932514880584158, -27.486152513738592 ], [ -58.931462443902511, -27.487088267795684 ], [ -58.930304884300448, -27.488102965712738 ], [ -58.929041810587051, -27.489236481811233 ], [ -58.880999312542315, -27.52629437562199 ], [ -58.880739241936013, -27.533830599038783 ] ] ] ] } },
{ "type": "Feature", "properties": { "gid": 479, "distrito": "06", "provincia": "Chaco", "departamen": "San Fernando", "cabecera": "Resistencia", "circuito": "0012", "indec_p": "22", "indec_d": "140" }, "geometry": { "type": "MultiPolygon", "coordinates": [ [ [ [ -58.875320882934631, -27.562727259899056 ], [ -58.875752647693588, -27.566153419540701 ], [ -58.875777063272146, -27.566320885142435 ], [ -58.876065820214194, -27.571735296702364 ], [ -58.876511184017779, -27.577144303588764 ], [ -58.877259479142793, -27.582546454942346 ], [ -58.877475814802757, -27.587831361814327 ], [ -58.877479173280243, -27.587934853191847 ], [ -58.877246131721705, -27.590123986854358 ], [ -58.876885323616079, -27.593425076093769 ], [ -58.875005390767129, -27.598453759346196 ], [ -58.874874880910994, -27.598599769718998 ], [ -58.871011608764569, -27.602488608555472 ], [ -58.870941323205301, -27.602561354544328 ], [ -58.867186314033397, -27.606873493028189 ], [ -58.865428203408051, -27.609091847026015 ], [ -58.863669407221565, -27.611319142584627 ], [ -58.859931094678508, -27.615443393747242 ], [ -58.859870552456414, -27.615521131227169 ], [ -58.855029233545892, -27.618846206209245 ], [ -58.850498253651232, -27.622356955401411 ], [ -58.847870747815598, -27.627296275813411 ], [ -58.845422488488005, -27.632267347536086 ], [ -58.842705289666881, -27.63695041612036 ], [ -58.842632060732008, -27.637067888849895 ], [ -58.839444413474901, -27.641690493488071 ], [ -58.836603323617823, -27.64625472719894 ], [ -58.836490467463975, -27.646437517315611 ], [ -58.832778236846963, -27.650435324634174 ], [ -58.832775733916542, -27.650435242060702 ], [ -58.832618206429103, -27.650606721748858 ], [ -58.828863125709361, -27.654714558649893 ], [ -58.828775650976922, -27.654817811279042 ], [ -58.825315262290566, -27.659273345130501 ], [ -58.822353333870872, -27.664046758015445 ], [ -58.821041597800338, -27.669269890913721 ], [ -58.820583957591843, -27.674699192021851 ], [ -58.820208456661433, -27.680105816521568 ], [ -58.820114979130182, -27.685289062891322 ], [ -58.820114173071737, -27.685531582394162 ], [ -58.819543942840774, -27.690290221410613 ], [ -58.819462205574887, -27.690919318604085 ], [ -58.819128488933075, -27.693615028309736 ], [ -58.818784685779384, -27.696310211599457 ], [ -58.818506173851283, -27.699008782041563 ], [ -58.818227233503521, -27.701711798055481 ], [ -58.81796425261264, -27.704402171017858 ], [ -58.817705675101521, -27.7071017554834 ], [ -58.817457132679152, -27.709801864247027 ], [ -58.817245747784462, -27.712014298715786 ], [ -58.816909384419503, -27.715203912015671 ], [ -58.816909572098609, -27.715203935677234 ], [ -58.816625745199275, -27.71790220253083 ], [ -58.816316740050034, -27.720599156988779 ], [ -58.81600800377786, -27.723291632548548 ], [ -58.815719067867384, -27.725989633729476 ], [ -58.815419760935477, -27.728691583208889 ], [ -58.815110944537935, -27.731384051425632 ], [ -58.814796774346242, -27.734080733407808 ], [ -58.814052930545252, -27.739463577824914 ], [ -58.813598095905782, -27.742148428072088 ], [ -58.813148849600665, -27.744824583842423 ], [ -58.812649550315022, -27.747493635506697 ], [ -58.812144900396355, -27.750166896142353 ], [ -58.811609715169453, -27.752843055249389 ], [ -58.811080707326752, -27.755501565992727 ], [ -58.810554966139165, -27.757982588764513 ], [ -58.810515848676751, -27.75816718779738 ], [ -58.809960717831359, -27.760837806312459 ], [ -58.809325918581173, -27.763490788618988 ], [ -58.808686059591672, -27.766143504102743 ], [ -58.808404118180142, -27.771554911603033 ], [ -58.808459891895296, -27.776974966880342 ], [ -58.808915306449833, -27.782384453980814 ], [ -58.809986265515121, -27.787727276513976 ], [ -58.811518299313441, -27.792972920891284 ], [ -58.81325650739462, -27.797775682760449 ], [ -58.813384435528747, -27.79813273101972 ], [ -58.815818676814949, -27.80310663684504 ], [ -58.818916725278797, -27.807823287167789 ], [ -58.820910591580208, -27.812814659843266 ], [ -58.821177772113941, -27.818093103990858 ], [ -58.821189323818999, -27.818300334898463 ], [ -58.82143545581841, -27.823438441270845 ], [ -58.821447302340857, -27.82371755804316 ], [ -58.821263338783069, -27.829017357827627 ], [ -58.821260375126592, -27.829138483666981 ], [ -58.821135004318926, -27.834544664689925 ], [ -58.822355008273696, -27.839854995916195 ], [ -58.824680080604061, -27.84488624444019 ], [ -58.827830389673814, -27.849515986890939 ], [ -58.831648138198005, -27.853762925545599 ], [ -58.83605809877448, -27.857542275667523 ], [ -58.838376365170205, -27.85957347957552 ], [ -58.934063852459524, -27.86266139094209 ], [ -58.960633396554577, -27.863518814684703 ], [ -58.961691029541107, -27.830431953288311 ], [ -58.963247375349383, -27.781572196511984 ], [ -58.964139879771338, -27.753552960489358 ], [ -58.965017693165606, -27.72583312359615 ], [ -58.965421660012929, -27.713076534432531 ], [ -58.972170938826807, -27.713233540238885 ], [ -58.974216430612145, -27.701918369487764 ], [ -58.981322566145188, -27.690720570214637 ], [ -58.983277689308032, -27.682243812835434 ], [ -58.990024944181819, -27.68240035015187 ], [ -58.998277045468583, -27.634297752922507 ], [ -58.990068464982308, -27.627006126228061 ], [ -58.988825867655287, -27.612773615769832 ], [ -58.973742595382504, -27.609584929803553 ], [ -58.936735631805156, -27.575642787762128 ], [ -58.947795859319548, -27.56548113113131 ], [ -58.958310392702558, -27.556267557846009 ], [ -58.969366688764836, -27.546104046750408 ], [ -58.98192554003078, -27.535829611499008 ], [ -58.9743687646342, -27.529221392597858 ], [ -58.967736035098348, -27.523930171656797 ], [ -58.957631222494783, -27.51491934173443 ], [ -58.954782409766899, -27.512366250563602 ], [ -58.952976951832241, -27.510766628932583 ], [ -58.950277178051365, -27.508370940448987 ], [ -58.947230281218154, -27.505607710454786 ], [ -58.943322243123994, -27.502093257285679 ], [ -58.941434459880199, -27.503895780700901 ], [ -58.940019652255074, -27.505135970166528 ], [ -58.937358076517462, -27.507500309485589 ], [ -58.937070442338339, -27.507885314049261 ], [ -58.936718293230484, -27.508031546699264 ], [ -58.935383658800632, -27.50787241520533 ], [ -58.935499205439164, -27.509749739265395 ], [ -58.936017594187255, -27.51142165157351 ], [ -58.935521858757674, -27.514336763478674 ], [ -58.934714676631508, -27.52010137303515 ], [ -58.934351072004262, -27.521431452760901 ], [ -58.931240669148522, -27.524378604431462 ], [ -58.923919211503325, -27.530025893772073 ], [ -58.920874826950282, -27.532146788028449 ], [ -58.917990878117322, -27.533226401784507 ], [ -58.889235175952308, -27.562154823427829 ], [ -58.875320882934631, -27.562727259899056 ] ] ] ] } },
{ "type": "Feature", "properties": { "gid": 480, "distrito": "06", "provincia": "Chaco", "departamen": "San Fernando", "cabecera": "Resistencia", "circuito": "0008B", "indec_p": "22", "indec_d": "140" }, "geometry": { "type": "MultiPolygon", "coordinates": [ [ [ [ -58.9721662916848, -27.463870876356289 ], [ -58.971626117795218, -27.463380992522318 ], [ -58.971111814125294, -27.462899010422337 ], [ -58.969562329584349, -27.461542985152871 ], [ -58.965021306914956, -27.457448994981689 ], [ -58.964773786845328, -27.457687150548068 ], [ -58.963439978810584, -27.458862404294898 ], [ -58.962533258365987, -27.459668049716033 ], [ -58.957850548891571, -27.463842361780348 ], [ -58.952865491354942, -27.459220350873952 ], [ -58.948154375992388, -27.455174294942257 ], [ -58.936428239858273, -27.444637250772754 ], [ -58.927431896900877, -27.436666087549796 ], [ -58.916836585769801, -27.426382948921315 ], [ -58.895291845577162, -27.404937438481241 ], [ -58.879497543804469, -27.418852147813876 ], [ -58.908337173391665, -27.445752571950081 ], [ -58.908337173391665, -27.445752571950081 ], [ -58.932600826864537, -27.466797983001445 ], [ -58.93451367509995, -27.4685773341999 ], [ -58.936341122128603, -27.470138327817786 ], [ -58.936341122128603, -27.470138327817786 ], [ -58.9435170488644, -27.476512932942072 ], [ -58.945812252326952, -27.478618040170044 ], [ -58.94663885648896, -27.47936789856325 ], [ -58.94722557358017, -27.479874994775766 ], [ -58.948223222151029, -27.480763226006136 ], [ -58.949424005720481, -27.481844076649995 ], [ -58.950551199084174, -27.482985653879709 ], [ -58.954431398767028, -27.479631563686709 ], [ -58.955854865713754, -27.478318350872495 ], [ -58.957527058144294, -27.476859885536722 ], [ -58.959652054343209, -27.474988000366292 ], [ -58.960825272030924, -27.473967063053006 ], [ -58.962321807154069, -27.472662497597899 ], [ -58.962991575636572, -27.472075001619945 ], [ -58.963527767619162, -27.471564144065159 ], [ -58.964211265381252, -27.470976744064348 ], [ -58.96455159454414, -27.470670985834509 ], [ -58.965016956372828, -27.470221972217086 ], [ -58.96717305241652, -27.468350960749056 ], [ -58.968120640473145, -27.467494172184775 ], [ -58.969073690803469, -27.466668267719982 ], [ -58.969817695329233, -27.466005346089425 ], [ -58.970352661072745, -27.465505410883978 ], [ -58.970785726959988, -27.465115268120933 ], [ -58.971631365891092, -27.464368248385753 ], [ -58.9721662916848, -27.463870876356289 ] ] ] ] } }
]
}
