{"type": "FeatureCollection", "name": "mesas_electores_x_escuelas_amgr", "crs": {"type": "name", "properties": {"name": "urn:ogc:def:crs:OGC:1.3:CRS84"}}, "features": [{"type": "Feature", "properties": {"gid": 38284, "cueanexo": "220007100", "localidad": "PUERTO VILELAS", "nombre": "E.E.P. Nº 45 - DR. PEDRO JOSE FRESCHI", "vot_2019": 84, "cn_mesas": 2, "electores": 429, "circuito": "27", "departamento": "SAN FERNANDO", "jurisdiccion": "Chaco", "sector": "Estatal", "ambito": "Rural", "domicilio": "LOTE RURAL 385-PJE.EL PALMAR", "cod_postal": "H3503", "telefono": "3624 850228", "email": "eepn45@hotmail.com", "modcomun": 1, "modespecial": 0, "modadultos": 0, "nvcjmaternal": 0, "nvcjinfantes": 1, "nvcprimario": 1, "nvcsecundario": 0, "nvcsecundinet": 0, "nvcsnu": 0, "nvcsnuinet": 0, "nvcsnucursos": 0, "nvceductempr": 0, "nvejinfantes": 0, "nveprimario": 0, "nvesecundario": 0, "nvaprimario": 0, "nvasecundario": 0, "nvaformprofes": 0, "nvaformprofesinet": 0, "nvaalfabetiz": 0, "nvhinicial": 0, "nvhprimario": 0, "nvhsecundario": 0, "tallerartist": 0, "servcomplem": 0, "nveadultos": 0, "fuente_padron": "Padrón Oficial de Establecimientos Educativos 2025"}, "geometry": {"type": "MultiPoint", "coordinates": [[-59.0036739445023, -27.518580789412]]}}, {"type": "Feature", "properties": {"gid": 38158, "cueanexo": "220000200", "localidad": "RESISTENCIA", "nombre": "E.E.P. Nº   50 -MARCIANO LUIS OJEDA-", "vot_2019": 24, "cn_mesas": 8, "electores": 2790, "circuito": "13B", "departamento": "SAN FERNANDO", "jurisdiccion": "Chaco", "sector": "Estatal", "ambito": "Urbano", "domicilio": "REPUBLICA DOMINICANA 1200 VILLA DON ANDRES Enttre CARRASCO, J. ACOSTA, HAITI", "cod_postal": "H3500", "telefono": "3624 177085", "email": "eep50chaco@hotmail.com", "modcomun": 1, "modespecial": 0, "modadultos": 0, "nvcjmaternal": 0, "nvcjinfantes": 0, "nvcprimario": 1, "nvcsecundario": 0, "nvcsecundinet": 0, "nvcsnu": 0, "nvcsnuinet": 0, "nvcsnucursos": 0, "nvceductempr": 0, "nvejinfantes": 0, "nveprimario": 0, "nvesecundario": 0, "nvaprimario": 0, "nvasecundario": 0, "nvaformprofes": 0, "nvaformprofesinet": 0, "nvaalfabetiz": 0, "nvhinicial": 0, "nvhprimario": 0, "nvhsecundario": 0, "tallerartist": 0, "servcomplem": 0, "nveadultos": 0, "fuente_padron": "Padrón Oficial de Establecimientos Educativos 2025", "nombre_padron": "E.E.P. Nº 50 - MARCIANO LUIS OJEDA"}, "geometry": {"type": "MultiPoint", "coordinates": [[-59.00318704293033, -27.485543833020877]]}}, {"type": "Feature", "properties": {"gid": 38173, "cueanexo": "220000600", "localidad": "BARRANQUERAS", "nombre": "E.E.S. Nº 85 - EVA DUARTE (ENS Nº 85)", "vot_2019": 118, "cn_mesas": 8, "electores": 2768, "circuito": "11B", "departamento": "SAN FERNANDO", "jurisdiccion": "Chaco", "sector": "Estatal", "ambito": "Urbano", "domicilio": "CARLOS HARDY 4250", "cod_postal": "H3503", "telefono": "0 0", "email": "evaduarte85@hotmail.com", "modcomun": 1, "modespecial": 0, "modadultos": 0, "nvcjmaternal": 0, "nvcjinfantes": 0, "nvcprimario": 0, "nvcsecundario": 1, "nvcsecundinet": 0, "nvcsnu": 0, "nvcsnuinet": 0, "nvcsnucursos": 0, "nvceductempr": 0, "nvejinfantes": 0, "nveprimario": 0, "nvesecundario": 0, "nvaprimario": 0, "nvasecundario": 0, "nvaformprofes": 0, "nvaformprofesinet": 0, "nvaalfabetiz": 0, "nvhinicial": 0, "nvhprimario": 0, "nvhsecundario": 0, "tallerartist": 0, "servcomplem": 0, "nveadultos": 0, "fuente_padron": "Padrón Oficial de Establecimientos Educativos 2025", "nombre_padron": "E.E.S. Nº 85 - EVA DUARTE (ENS 85)"}, "geometry": {"type": "MultiPoint", "coordinates": [[-58.962365338352356, -27.495685833443012]]}}, {"type": "Feature", "properties": {"gid": 38174, "cueanexo": "220000700", "localidad": "BARRANQUERAS", "nombre": "E.E.P. Nº 626 - PRESIDENTE HIPOLITO YRIGOYEN", "vot_2019": 91, "cn_mesas": 7, "electores": 2450, "circuito": "11A", "departamento": "SAN FERNANDO", "jurisdiccion": "Chaco", "sector": "Estatal", "ambito": "Urbano", "domicilio": "PARAGUAY 4299 VILLA FLORIDA", "cod_postal": "H3503", "telefono": "3624 845540", "email": "eepn626@gmail.com", "modcomun": 1, "modespecial": 0, "modadultos": 0, "nvcjmaternal": 0, "nvcjinfantes": 0, "nvcprimario": 1, "nvcsecundario": 0, "nvcsecundinet": 0, "nvcsnu": 0, "nvcsnuinet": 0, "nvcsnucursos": 0, "nvceductempr": 0, "nvejinfantes": 0, "nveprimario": 0, "nvesecundario": 0, "nvaprimario": 0, "nvasecundario": 0, "nvaformprofes": 0, "nvaformprofesinet": 0, "nvaalfabetiz": 0, "nvhinicial": 0, "nvhprimario": 0, "nvhsecundario": 0, "tallerartist": 0, "servcomplem": 0, "nveadultos": 0, "fuente_padron": "Padrón Oficial de Establecimientos Educativos 2025"}, "geometry": {"type": "MultiPoint", "coordinates": [[-58.944285845494036, -27.480553036757833]]}}, {"type": "Feature", "properties": {"gid": 38175, "cueanexo": "220000800", "localidad": "BARRANQUERAS", "nombre": "E.E.P. Nº 606 - PAULA A.DE SARMIENTO", "vot_2019": 26, "cn_mesas": 8, "electores": 2728, "circuito": "10", "departamento": "SAN FERNANDO", "jurisdiccion": "Chaco", "sector": "Estatal", "ambito": "Urbano", "domicilio": "LEON ZORRILLA 5402 LA LOMA", "cod_postal": "H3503", "telefono": "3624 264413", "email": "eep606@hotmail.com", "modcomun": 1, "modespecial": 0, "modadultos": 0, "nvcjmaternal": 0, "nvcjinfantes": 0, "nvcprimario": 1, "nvcsecundario": 0, "nvcsecundinet": 0, "nvcsnu": 0, "nvcsnuinet": 0, "nvcsnucursos": 0, "nvceductempr": 0, "nvejinfantes": 0, "nveprimario": 0, "nvesecundario": 0, "nvaprimario": 0, "nvasecundario": 0, "nvaformprofes": 0, "nvaformprofesinet": 0, "nvaalfabetiz": 0, "nvhinicial": 0, "nvhprimario": 0, "nvhsecundario": 0, "tallerartist": 0, "servcomplem": 0, "nveadultos": 0, "fuente_padron": "Padrón Oficial de Establecimientos Educativos 2025"}, "geometry": {"type": "MultiPoint", "coordinates": [[-58.926926177760734, -27.48317819193203]]}}, {"type": "Feature", "properties": {"gid": 38194, "cueanexo": "220001400", "localidad": "BARRANQUERAS", "nombre": "E.E.P. Nº 30 - SAN MARTIN", "vot_2019": 20, "cn_mesas": 8, "electores": 2728, "circuito": "10", "departamento": "SAN FERNANDO", "jurisdiccion": "Chaco", "sector": "Estatal", "ambito": "Urbano", "domicilio": "SARGENTO CABRAL 5302 VILLA ROSSI Entre FRAY MAMERTO ESQUI, NFRAY MOCHO, AV. LAPRIDA(COMPARTE EDIFICIO CON LA B.P N°277 Y LA E.P.A N°2)", "cod_postal": "H3503", "telefono": "3624 279078", "email": "eep30sm@gmail.com", "modcomun": 1, "modespecial": 0, "modadultos": 0, "nvcjmaternal": 0, "nvcjinfantes": 0, "nvcprimario": 1, "nvcsecundario": 0, "nvcsecundinet": 0, "nvcsnu": 0, "nvcsnuinet": 0, "nvcsnucursos": 0, "nvceductempr": 0, "nvejinfantes": 0, "nveprimario": 0, "nvesecundario": 0, "nvaprimario": 0, "nvasecundario": 0, "nvaformprofes": 0, "nvaformprofesinet": 0, "nvaalfabetiz": 0, "nvhinicial": 0, "nvhprimario": 0, "nvhsecundario": 0, "tallerartist": 0, "servcomplem": 0, "nveadultos": 0, "fuente_padron": "Padrón Oficial de Establecimientos Educativos 2025"}, "geometry": {"type": "MultiPoint", "coordinates": [[-58.93146173010488, -27.485475795699152]]}}, {"type": "Feature", "properties": {"gid": 38196, "cueanexo": "220001700", "localidad": "RESISTENCIA", "nombre": "E.E.P. Nº 42 - AMANDA DE GRANDI DE SOLIS", "vot_2019": 81, "cn_mesas": 7, "electores": 2402, "circuito": "1", "departamento": "SAN FERNANDO", "jurisdiccion": "Chaco", "sector": "Estatal", "ambito": "Urbano", "domicilio": "LINIERS 192  COMPARTE EDIFICIO CON LA B.P N°11 Y C.N.S N°1", "cod_postal": "H3500", "telefono": "0 0", "email": "eepn42amandadegrandidesolis@gmail.com", "modcomun": 1, "modespecial": 0, "modadultos": 0, "nvcjmaternal": 0, "nvcjinfantes": 0, "nvcprimario": 1, "nvcsecundario": 0, "nvcsecundinet": 0, "nvcsnu": 0, "nvcsnuinet": 0, "nvcsnucursos": 0, "nvceductempr": 0, "nvejinfantes": 0, "nveprimario": 0, "nvesecundario": 0, "nvaprimario": 0, "nvasecundario": 0, "nvaformprofes": 0, "nvaformprofesinet": 0, "nvaalfabetiz": 0, "nvhinicial": 0, "nvhprimario": 0, "nvhsecundario": 0, "tallerartist": 0, "servcomplem": 0, "nveadultos": 0, "fuente_padron": "Padrón Oficial de Establecimientos Educativos 2025"}, "geometry": {"type": "MultiPoint", "coordinates": [[-58.98821872604576, -27.446845299306023]]}}, {"type": "Feature", "properties": {"gid": 38212, "cueanexo": "220002300", "localidad": "RESISTENCIA", "nombre": "INSTITUTO DE EDUCACION SUPERIOR - SAN FERNANDO REY", "vot_2019": 123, "cn_mesas": 7, "electores": 2392, "circuito": "7A", "departamento": "SAN FERNANDO", "jurisdiccion": "Chaco", "sector": "Estatal", "ambito": "Urbano", "domicilio": "AV.CASTELLI 1150", "cod_postal": "H3500", "telefono": "3624 450943", "email": "ies.sanfernandorey@gmail.com", "modcomun": 1, "modespecial": 0, "modadultos": 0, "nvcjmaternal": 0, "nvcjinfantes": 0, "nvcprimario": 0, "nvcsecundario": 0, "nvcsecundinet": 0, "nvcsnu": 1, "nvcsnuinet": 0, "nvcsnucursos": 0, "nvceductempr": 0, "nvejinfantes": 0, "nveprimario": 0, "nvesecundario": 0, "nvaprimario": 0, "nvasecundario": 0, "nvaformprofes": 0, "nvaformprofesinet": 0, "nvaalfabetiz": 0, "nvhinicial": 0, "nvhprimario": 0, "nvhsecundario": 0, "tallerartist": 0, "servcomplem": 0, "nveadultos": 0, "fuente_padron": "Padrón Oficial de Establecimientos Educativos 2025"}, "geometry": {"type": "MultiPoint", "coordinates": [[-58.984071947677755, -27.466811151351475]]}}, {"type": "Feature", "properties": {"gid": 38245, "cueanexo": "220004700", "localidad": "FONTANA", "nombre": "JARDIN DE INFANTES Nº 55 - LIBERATO RUIZ MONTERRUBIO", "vot_2019": 127, "cn_mesas": 4, "electores": 1367, "circuito": "23", "departamento": "SAN FERNANDO", "jurisdiccion": "Chaco", "sector": "Estatal", "ambito": "Urbano", "domicilio": "AV.ALVEAR 5999 PUERTO VICENTINI PTO.VICENTINI", "cod_postal": "H3514", "telefono": "3624 330523", "email": "2023jin55@gmail.com", "modcomun": 1, "modespecial": 0, "modadultos": 0, "nvcjmaternal": 1, "nvcjinfantes": 1, "nvcprimario": 0, "nvcsecundario": 0, "nvcsecundinet": 0, "nvcsnu": 0, "nvcsnuinet": 0, "nvcsnucursos": 0, "nvceductempr": 0, "nvejinfantes": 0, "nveprimario": 0, "nvesecundario": 0, "nvaprimario": 0, "nvasecundario": 0, "nvaformprofes": 0, "nvaformprofesinet": 0, "nvaalfabetiz": 0, "nvhinicial": 0, "nvhprimario": 0, "nvhsecundario": 0, "tallerartist": 0, "servcomplem": 0, "nveadultos": 0, "fuente_padron": "Padrón Oficial de Establecimientos Educativos 2025"}, "geometry": {"type": "MultiPoint", "coordinates": [[-59.04817157907599, -27.40852450880146]]}}, {"type": "Feature", "properties": {"gid": 38249, "cueanexo": "220005100", "localidad": "RESISTENCIA", "nombre": "E.E.P. Nº 737 - LUCIO NORBERTO MANSILLA", "vot_2019": 100, "cn_mesas": 8, "electores": 2741, "circuito": "16B", "departamento": "SAN FERNANDO", "jurisdiccion": "Chaco", "sector": "Estatal", "ambito": "Urbano", "domicilio": "AV.MARCONI 1650 PROVINCIAS UNIDAS B° PROVINCIAS UNIDAS", "cod_postal": "H3500", "telefono": "3624 475817", "email": "eep737@hotmail.com", "modcomun": 1, "modespecial": 0, "modadultos": 0, "nvcjmaternal": 0, "nvcjinfantes": 0, "nvcprimario": 1, "nvcsecundario": 0, "nvcsecundinet": 0, "nvcsnu": 0, "nvcsnuinet": 0, "nvcsnucursos": 0, "nvceductempr": 0, "nvejinfantes": 0, "nveprimario": 0, "nvesecundario": 0, "nvaprimario": 0, "nvasecundario": 0, "nvaformprofes": 0, "nvaformprofesinet": 0, "nvaalfabetiz": 0, "nvhinicial": 0, "nvhprimario": 0, "nvhsecundario": 0, "tallerartist": 0, "servcomplem": 1, "nveadultos": 0, "fuente_padron": "Padrón Oficial de Establecimientos Educativos 2025"}, "geometry": {"type": "MultiPoint", "coordinates": [[-59.01543044202189, -27.450490814922738]]}}, {"type": "Feature", "properties": {"gid": 38250, "cueanexo": "220005200", "localidad": "RESISTENCIA", "nombre": "E.E.P. Nº 698 - MARTIN MIGUEL DE GUEMES", "vot_2019": 95, "cn_mesas": 8, "electores": 2745, "circuito": "16B", "departamento": "SAN FERNANDO", "jurisdiccion": "Chaco", "sector": "Estatal", "ambito": "Urbano", "domicilio": "ARAZA 1060 VILLA ERCILIA A UNA CUADRA DEL CEMENTERIO SAN FRANCISCO SOLANO", "cod_postal": "H3500", "telefono": "3624 429468", "email": "eep698guemes@gmail.com", "modcomun": 1, "modespecial": 0, "modadultos": 0, "nvcjmaternal": 0, "nvcjinfantes": 0, "nvcprimario": 1, "nvcsecundario": 0, "nvcsecundinet": 0, "nvcsnu": 0, "nvcsnuinet": 0, "nvcsnucursos": 0, "nvceductempr": 0, "nvejinfantes": 0, "nveprimario": 0, "nvesecundario": 0, "nvaprimario": 0, "nvasecundario": 0, "nvaformprofes": 0, "nvaformprofesinet": 0, "nvaalfabetiz": 0, "nvhinicial": 0, "nvhprimario": 0, "nvhsecundario": 0, "tallerartist": 0, "servcomplem": 0, "nveadultos": 0, "fuente_padron": "Padrón Oficial de Establecimientos Educativos 2025"}, "geometry": {"type": "MultiPoint", "coordinates": [[-59.007168490635145, -27.452917982414938]]}}, {"type": "Feature", "properties": {"gid": 38256, "cueanexo": "220005700", "localidad": "RESISTENCIA", "nombre": "E.E.P. Nº 834 - INDEPENDENCIA", "vot_2019": 104, "cn_mesas": 8, "electores": 2792, "circuito": "13B", "departamento": "SAN FERNANDO", "jurisdiccion": "Chaco", "sector": "Estatal", "ambito": "Urbano", "domicilio": "JORGE WASHINGTON 1523 PARQUE INDEPENDENCIA", "cod_postal": "H3500", "telefono": "3624 572548", "email": "eepn834@gmail.com", "modcomun": 1, "modespecial": 0, "modadultos": 0, "nvcjmaternal": 0, "nvcjinfantes": 0, "nvcprimario": 1, "nvcsecundario": 0, "nvcsecundinet": 0, "nvcsnu": 0, "nvcsnuinet": 0, "nvcsnucursos": 0, "nvceductempr": 0, "nvejinfantes": 0, "nveprimario": 0, "nvesecundario": 0, "nvaprimario": 0, "nvasecundario": 0, "nvaformprofes": 0, "nvaformprofesinet": 0, "nvaalfabetiz": 0, "nvhinicial": 0, "nvhprimario": 0, "nvhsecundario": 0, "tallerartist": 0, "servcomplem": 0, "nveadultos": 0, "fuente_padron": "Padrón Oficial de Establecimientos Educativos 2025"}, "geometry": {"type": "MultiPoint", "coordinates": [[-58.99008295619477, -27.472569472049717]]}}, {"type": "Feature", "properties": {"gid": 38266, "cueanexo": "220005900", "localidad": "RESISTENCIA", "nombre": "E.E.P. Nº 949 - OSCAR NORBERTO AFFUR", "vot_2019": 110, "cn_mesas": 8, "electores": 2791, "circuito": "13B", "departamento": "SAN FERNANDO", "jurisdiccion": "Chaco", "sector": "Estatal", "ambito": "Urbano", "domicilio": "SAN SALVADOR 750 VILLA PALERMO II VILLA PALERMO II", "cod_postal": "H3500", "telefono": "3624 763590", "email": "eep949@hotmail.com.ar", "modcomun": 1, "modespecial": 0, "modadultos": 0, "nvcjmaternal": 0, "nvcjinfantes": 0, "nvcprimario": 1, "nvcsecundario": 0, "nvcsecundinet": 0, "nvcsnu": 0, "nvcsnuinet": 0, "nvcsnucursos": 0, "nvceductempr": 0, "nvejinfantes": 0, "nveprimario": 0, "nvesecundario": 0, "nvaprimario": 0, "nvasecundario": 0, "nvaformprofes": 0, "nvaformprofesinet": 0, "nvaalfabetiz": 0, "nvhinicial": 0, "nvhprimario": 0, "nvhsecundario": 0, "tallerartist": 0, "servcomplem": 1, "nveadultos": 0, "fuente_padron": "Padrón Oficial de Establecimientos Educativos 2025"}, "geometry": {"type": "MultiPoint", "coordinates": [[-59.003553545062, -27.47770293529466]]}}, {"type": "Feature", "properties": {"gid": 38267, "cueanexo": "220006000", "localidad": "RESISTENCIA", "nombre": "E.E.S. Nº 11 - PROF. LINO TORRES (CEP 11)", "vot_2019": 37, "cn_mesas": 8, "electores": 2743, "circuito": "5A", "departamento": "SAN FERNANDO", "jurisdiccion": "Chaco", "sector": "Estatal", "ambito": "Urbano", "domicilio": "AV.SARMIENTO 815", "cod_postal": "H3500", "telefono": "3624 453068", "email": "escuelalinotorres@gmail.com", "modcomun": 1, "modespecial": 0, "modadultos": 0, "nvcjmaternal": 0, "nvcjinfantes": 0, "nvcprimario": 0, "nvcsecundario": 1, "nvcsecundinet": 0, "nvcsnu": 0, "nvcsnuinet": 0, "nvcsnucursos": 0, "nvceductempr": 0, "nvejinfantes": 0, "nveprimario": 0, "nvesecundario": 0, "nvaprimario": 0, "nvasecundario": 0, "nvaformprofes": 0, "nvaformprofesinet": 0, "nvaalfabetiz": 0, "nvhinicial": 0, "nvhprimario": 0, "nvhsecundario": 0, "tallerartist": 0, "servcomplem": 0, "nveadultos": 0, "fuente_padron": "Padrón Oficial de Establecimientos Educativos 2025"}, "geometry": {"type": "MultiPoint", "coordinates": [[-58.979544500192425, -27.44426658616042]]}}, {"type": "Feature", "properties": {"gid": 38276, "cueanexo": "220006400", "localidad": "RESISTENCIA", "nombre": "E.E.P. Nº 73 - COLONIZADORES FRIULANOS", "vot_2019": 99, "cn_mesas": 8, "electores": 2607, "circuito": "17", "departamento": "SAN FERNANDO", "jurisdiccion": "Chaco", "sector": "Estatal", "ambito": "Urbano", "domicilio": "AV.25 DE MAYO 1522  Entre LEON ZORRILLA, CORONEL FALCON", "cod_postal": "H3500", "telefono": "3624 570905", "email": "escuela73colonizadoresf@gmail.com", "modcomun": 1, "modespecial": 0, "modadultos": 0, "nvcjmaternal": 0, "nvcjinfantes": 0, "nvcprimario": 1, "nvcsecundario": 0, "nvcsecundinet": 0, "nvcsnu": 0, "nvcsnuinet": 0, "nvcsnucursos": 0, "nvceductempr": 0, "nvejinfantes": 0, "nveprimario": 0, "nvesecundario": 0, "nvaprimario": 0, "nvasecundario": 0, "nvaformprofes": 0, "nvaformprofesinet": 0, "nvaalfabetiz": 0, "nvhinicial": 0, "nvhprimario": 0, "nvhsecundario": 0, "tallerartist": 0, "servcomplem": 0, "nveadultos": 0, "fuente_padron": "Padrón Oficial de Establecimientos Educativos 2025"}, "geometry": {"type": "MultiPoint", "coordinates": [[-59.00000545222423, -27.438452800672035]]}}, {"type": "Feature", "properties": {"gid": 38280, "cueanexo": "220006800", "localidad": "RESISTENCIA", "nombre": "JARDIN DE INFANTES Nº 46 - BALDOMERO FERNANDEZ MORENO", "vot_2019": 126, "cn_mesas": 3, "electores": 1034, "circuito": "8B", "departamento": "SAN FERNANDO", "jurisdiccion": "Chaco", "sector": "Estatal", "ambito": "Urbano", "domicilio": "HORNERO 120 LA LIGURIA LA LIGURIA", "cod_postal": "H3500", "telefono": "3624 303077", "email": "baldomero.moreno46@gmail.com", "modcomun": 1, "modespecial": 0, "modadultos": 0, "nvcjmaternal": 0, "nvcjinfantes": 1, "nvcprimario": 0, "nvcsecundario": 0, "nvcsecundinet": 0, "nvcsnu": 0, "nvcsnuinet": 0, "nvcsnucursos": 0, "nvceductempr": 0, "nvejinfantes": 0, "nveprimario": 0, "nvesecundario": 0, "nvaprimario": 0, "nvasecundario": 0, "nvaformprofes": 0, "nvaformprofesinet": 0, "nvaalfabetiz": 0, "nvhinicial": 0, "nvhprimario": 0, "nvhsecundario": 0, "tallerartist": 0, "servcomplem": 0, "nveadultos": 0, "fuente_padron": "Padrón Oficial de Establecimientos Educativos 2025"}, "geometry": {"type": "MultiPoint", "coordinates": [[-58.95512675169485, -27.476310076090126]]}}, {"type": "Feature", "properties": {"gid": 38286, "cueanexo": "220007400", "localidad": "RESISTENCIA", "nombre": "U.E.G.P Nº 27 (UEP Nº 27) EMILIO LAMARCA", "vot_2019": 140, "cn_mesas": 6, "electores": 2086, "circuito": "5B", "departamento": "SAN FERNANDO", "jurisdiccion": "Chaco", "sector": "Privado", "ambito": "Urbano", "domicilio": "JUAN RAMON LESTANI 1285 VILLA PROSPERIDAD VILLA PROSPERIDAD", "cod_postal": "H3500", "telefono": "3624 453143", "email": "admin@elamarca.arnetbiz.com.ar", "modcomun": 1, "modespecial": 0, "modadultos": 0, "nvcjmaternal": 0, "nvcjinfantes": 0, "nvcprimario": 1, "nvcsecundario": 0, "nvcsecundinet": 0, "nvcsnu": 0, "nvcsnuinet": 0, "nvcsnucursos": 0, "nvceductempr": 0, "nvejinfantes": 0, "nveprimario": 0, "nvesecundario": 0, "nvaprimario": 0, "nvasecundario": 0, "nvaformprofes": 0, "nvaformprofesinet": 0, "nvaalfabetiz": 0, "nvhinicial": 0, "nvhprimario": 0, "nvhsecundario": 0, "tallerartist": 0, "servcomplem": 1, "nveadultos": 0, "fuente_padron": "Padrón Oficial de Establecimientos Educativos 2025", "nombre_padron": "U.E.G.P. Nº 27 (UEP 27) EMILIO LAMARCA"}, "geometry": {"type": "MultiPoint", "coordinates": [[-58.96618272953191, -27.453045776723734]]}}, {"type": "Feature", "properties": {"gid": 38306, "cueanexo": "220008200", "localidad": "BARRANQUERAS", "nombre": "E.E.P. Nº 345 - ALTE.GUILLERMO BROWN", "vot_2019": 77, "cn_mesas": 8, "electores": 2736, "circuito": "9", "departamento": "SAN FERNANDO", "jurisdiccion": "Chaco", "sector": "Estatal", "ambito": "Urbano", "domicilio": "PASTEUR 4400 2 DE ABRIL", "cod_postal": "H3503", "telefono": "3625 240311", "email": "eepn345covid19@gmail.com", "modcomun": 1, "modespecial": 0, "modadultos": 0, "nvcjmaternal": 0, "nvcjinfantes": 0, "nvcprimario": 1, "nvcsecundario": 0, "nvcsecundinet": 0, "nvcsnu": 0, "nvcsnuinet": 0, "nvcsnucursos": 0, "nvceductempr": 0, "nvejinfantes": 0, "nveprimario": 0, "nvesecundario": 0, "nvaprimario": 0, "nvasecundario": 0, "nvaformprofes": 0, "nvaformprofesinet": 0, "nvaalfabetiz": 0, "nvhinicial": 0, "nvhprimario": 0, "nvhsecundario": 0, "tallerartist": 0, "servcomplem": 0, "nveadultos": 0, "fuente_padron": "Padrón Oficial de Establecimientos Educativos 2025"}, "geometry": {"type": "MultiPoint", "coordinates": [[-58.93254430883481, -27.47124525430963]]}}, {"type": "Feature", "properties": {"gid": 38307, "cueanexo": "220008300", "localidad": "BARRANQUERAS", "nombre": "E.E.P. Nº 43 - JUAN B. SANCHIS", "vot_2019": 83, "cn_mesas": 8, "electores": 2728, "circuito": "9", "departamento": "SAN FERNANDO", "jurisdiccion": "Chaco", "sector": "Estatal", "ambito": "Urbano", "domicilio": "AV.LAS PIEDRAS 5100 LA TOMA", "cod_postal": "H3503", "telefono": "3624 766236", "email": "eepn43jbs@gmail.com", "modcomun": 1, "modespecial": 0, "modadultos": 0, "nvcjmaternal": 0, "nvcjinfantes": 0, "nvcprimario": 1, "nvcsecundario": 0, "nvcsecundinet": 0, "nvcsnu": 0, "nvcsnuinet": 0, "nvcsnucursos": 0, "nvceductempr": 0, "nvejinfantes": 0, "nveprimario": 0, "nvesecundario": 0, "nvaprimario": 0, "nvasecundario": 0, "nvaformprofes": 0, "nvaformprofesinet": 0, "nvaalfabetiz": 0, "nvhinicial": 0, "nvhprimario": 0, "nvhsecundario": 0, "tallerartist": 0, "servcomplem": 0, "nveadultos": 0, "fuente_padron": "Padrón Oficial de Establecimientos Educativos 2025"}, "geometry": {"type": "MultiPoint", "coordinates": [[-58.91380241285347, -27.471719316923863]]}}, {"type": "Feature", "properties": {"gid": 38309, "cueanexo": "220008600", "localidad": "RESISTENCIA", "nombre": "E.E.S. Nº 75 - JULIO CORTAZAR (ENS Nº 75)", "vot_2019": 49, "cn_mesas": 8, "electores": 2750, "circuito": "15", "departamento": "SAN FERNANDO", "jurisdiccion": "Chaco", "sector": "Estatal", "ambito": "Urbano", "domicilio": "FALUCHO 450 VILLA MARIN", "cod_postal": "H3500", "telefono": "3624 572706", "email": "ens75ofrecimientos@gmail.com", "modcomun": 1, "modespecial": 0, "modadultos": 0, "nvcjmaternal": 0, "nvcjinfantes": 0, "nvcprimario": 0, "nvcsecundario": 1, "nvcsecundinet": 0, "nvcsnu": 0, "nvcsnuinet": 0, "nvcsnucursos": 0, "nvceductempr": 0, "nvejinfantes": 0, "nveprimario": 0, "nvesecundario": 0, "nvaprimario": 0, "nvasecundario": 0, "nvaformprofes": 0, "nvaformprofesinet": 0, "nvaalfabetiz": 0, "nvhinicial": 0, "nvhprimario": 0, "nvhsecundario": 0, "tallerartist": 0, "servcomplem": 0, "nveadultos": 0, "fuente_padron": "Padrón Oficial de Establecimientos Educativos 2025", "nombre_padron": "E.E.S. Nº 75 - JULIO CORTAZAR (ENS 75)"}, "geometry": {"type": "MultiPoint", "coordinates": [[-59.00551565810388, -27.461143983337763]]}}, {"type": "Feature", "properties": {"gid": 38312, "cueanexo": "220009000", "localidad": "RESISTENCIA", "nombre": "E.E.P. Nº 41 - MAESTRO RICARDO A.IVANCOVICH", "vot_2019": 61, "cn_mesas": 7, "electores": 2354, "circuito": "2", "departamento": "SAN FERNANDO", "jurisdiccion": "Chaco", "sector": "Estatal", "ambito": "Urbano", "domicilio": "AYACUCHO 189 CENTRO Entre PELLEGRINI, GUEMES, AV. PARAGUAY", "cod_postal": "H3500", "telefono": "3624 437471", "email": "eepn41@gmail.com", "modcomun": 1, "modespecial": 0, "modadultos": 0, "nvcjmaternal": 0, "nvcjinfantes": 0, "nvcprimario": 1, "nvcsecundario": 0, "nvcsecundinet": 0, "nvcsnu": 0, "nvcsnuinet": 0, "nvcsnucursos": 0, "nvceductempr": 0, "nvejinfantes": 0, "nveprimario": 0, "nvesecundario": 0, "nvaprimario": 0, "nvasecundario": 0, "nvaformprofes": 0, "nvaformprofesinet": 0, "nvaalfabetiz": 0, "nvhinicial": 0, "nvhprimario": 0, "nvhsecundario": 0, "tallerartist": 0, "servcomplem": 0, "nveadultos": 0, "fuente_padron": "Padrón Oficial de Establecimientos Educativos 2025"}, "geometry": {"type": "MultiPoint", "coordinates": [[-58.981274684300836, -27.449344198725477]]}}, {"type": "Feature", "properties": {"gid": 38391, "cueanexo": "220014500", "localidad": "RESISTENCIA", "nombre": "E.E.P. Nº 897 - CORONEL FEDERICO DE BRANDSEN", "vot_2019": 108, "cn_mesas": 8, "electores": 2782, "circuito": "8A", "departamento": "SAN FERNANDO", "jurisdiccion": "Chaco", "sector": "Estatal", "ambito": "Urbano", "domicilio": "LUIS O. GUSBERTI 1200 VILLA LUZURIAGA LUIS O.GUSBERTI Y DODERO", "cod_postal": "H3500", "telefono": "3624 028304", "email": "eep897@gmail.com", "modcomun": 1, "modespecial": 0, "modadultos": 0, "nvcjmaternal": 0, "nvcjinfantes": 0, "nvcprimario": 1, "nvcsecundario": 0, "nvcsecundinet": 0, "nvcsnu": 0, "nvcsnuinet": 0, "nvcsnucursos": 0, "nvceductempr": 0, "nvejinfantes": 0, "nveprimario": 0, "nvesecundario": 0, "nvaprimario": 0, "nvasecundario": 0, "nvaformprofes": 0, "nvaformprofesinet": 0, "nvaalfabetiz": 0, "nvhinicial": 0, "nvhprimario": 0, "nvhsecundario": 0, "tallerartist": 0, "servcomplem": 0, "nveadultos": 0, "fuente_padron": "Padrón Oficial de Establecimientos Educativos 2025"}, "geometry": {"type": "MultiPoint", "coordinates": [[-58.96935808405167, -27.484987090698624]]}}, {"type": "Feature", "properties": {"gid": 38499, "cueanexo": "220020000", "localidad": "RESISTENCIA", "nombre": "E.E.E. Nº 7 - JULIA OFELIA CUBILLA", "vot_2019": 10, "cn_mesas": 6, "electores": 2091, "circuito": "16A", "departamento": "SAN FERNANDO", "jurisdiccion": "Chaco", "sector": "Estatal", "ambito": "Urbano", "domicilio": "JUAN JOSE PASO 99 VILLA DON ENRIQUE FTE POLID VILLA DON ENRIQUE", "cod_postal": "H3500", "telefono": "3624 570327", "email": "eeen7juliaofeliacubilla@gmail.com", "modcomun": 0, "modespecial": 1, "modadultos": 0, "nvcjmaternal": 0, "nvcjinfantes": 0, "nvcprimario": 0, "nvcsecundario": 0, "nvcsecundinet": 0, "nvcsnu": 0, "nvcsnuinet": 0, "nvcsnucursos": 0, "nvceductempr": 1, "nvejinfantes": 1, "nveprimario": 1, "nvesecundario": 0, "nvaprimario": 0, "nvasecundario": 0, "nvaformprofes": 0, "nvaformprofesinet": 0, "nvaalfabetiz": 0, "nvhinicial": 0, "nvhprimario": 0, "nvhsecundario": 0, "tallerartist": 0, "servcomplem": 0, "nveadultos": 0, "fuente_padron": "Padrón Oficial de Establecimientos Educativos 2025"}, "geometry": {"type": "MultiPoint", "coordinates": [[-59.01703609471721, -27.455935188870665]]}}, {"type": "Feature", "properties": {"gid": 39144, "cueanexo": "220059200", "localidad": "RESISTENCIA", "nombre": "E.E.P. Nº 700 - MANUEL BELGRANO", "vot_2019": 96, "cn_mesas": 8, "electores": 2789, "circuito": "18", "departamento": "SAN FERNANDO", "jurisdiccion": "Chaco", "sector": "Estatal", "ambito": "Urbano", "domicilio": "JOSE AMERI 500 VILLA CHICA VILLA CHICA", "cod_postal": "H3500", "telefono": "3624 468583", "email": "eep700manuelbelgrano@gmail.com", "modcomun": 1, "modespecial": 0, "modadultos": 0, "nvcjmaternal": 0, "nvcjinfantes": 0, "nvcprimario": 1, "nvcsecundario": 0, "nvcsecundinet": 0, "nvcsnu": 0, "nvcsnuinet": 0, "nvcsnucursos": 0, "nvceductempr": 0, "nvejinfantes": 0, "nveprimario": 0, "nvesecundario": 0, "nvaprimario": 0, "nvasecundario": 0, "nvaformprofes": 0, "nvaformprofesinet": 0, "nvaalfabetiz": 0, "nvhinicial": 0, "nvhprimario": 0, "nvhsecundario": 0, "tallerartist": 0, "servcomplem": 0, "nveadultos": 0, "fuente_padron": "Padrón Oficial de Establecimientos Educativos 2025"}, "geometry": {"type": "MultiPoint", "coordinates": [[-58.997543216945076, -27.433403176285925]]}}, {"type": "Feature", "properties": {"gid": 39145, "cueanexo": "220059300", "localidad": "RESISTENCIA", "nombre": "E.E.P. Nº 712 - CORONEL MANUEL DORREGO", "vot_2019": 98, "cn_mesas": 7, "electores": 2347, "circuito": "19B", "departamento": "SAN FERNANDO", "jurisdiccion": "Chaco", "sector": "Estatal", "ambito": "Urbano", "domicilio": "CONCEPCION DEL BERMEJO 1800 VILLA RIO NEGRO VILLA RIO NEGRO", "cod_postal": "H3500", "telefono": "0 0", "email": "eepn712@hotmail.com", "modcomun": 1, "modespecial": 0, "modadultos": 0, "nvcjmaternal": 0, "nvcjinfantes": 0, "nvcprimario": 1, "nvcsecundario": 0, "nvcsecundinet": 0, "nvcsnu": 0, "nvcsnuinet": 0, "nvcsnucursos": 0, "nvceductempr": 0, "nvejinfantes": 0, "nveprimario": 0, "nvesecundario": 0, "nvaprimario": 0, "nvasecundario": 0, "nvaformprofes": 0, "nvaformprofesinet": 0, "nvaalfabetiz": 0, "nvhinicial": 0, "nvhprimario": 0, "nvhsecundario": 0, "tallerartist": 0, "servcomplem": 1, "nveadultos": 0, "fuente_padron": "Padrón Oficial de Establecimientos Educativos 2025"}, "geometry": {"type": "MultiPoint", "coordinates": [[-58.977862723688425, -27.424040048243892]]}}, {"type": "Feature", "properties": {"gid": 39166, "cueanexo": "220060600", "localidad": "RESISTENCIA", "nombre": "U.E.G.P Nº 4 (UEP Nº 4) RAYOS DE LUZ", "vot_2019": 133, "cn_mesas": 7, "electores": 2394, "circuito": "5A", "departamento": "SAN FERNANDO", "jurisdiccion": "Chaco", "sector": "Privado", "ambito": "Urbano", "domicilio": "ASUNCION 415 VILLA SAN MARTIN VILLA SAN MARTIN", "cod_postal": "H3500", "telefono": "3624 434648", "email": "uepnro4@yahoo.com.ar", "modcomun": 1, "modespecial": 0, "modadultos": 0, "nvcjmaternal": 0, "nvcjinfantes": 1, "nvcprimario": 1, "nvcsecundario": 0, "nvcsecundinet": 0, "nvcsnu": 0, "nvcsnuinet": 0, "nvcsnucursos": 0, "nvceductempr": 0, "nvejinfantes": 0, "nveprimario": 0, "nvesecundario": 0, "nvaprimario": 0, "nvasecundario": 0, "nvaformprofes": 0, "nvaformprofesinet": 0, "nvaalfabetiz": 0, "nvhinicial": 0, "nvhprimario": 0, "nvhsecundario": 0, "tallerartist": 0, "servcomplem": 0, "nveadultos": 0, "fuente_padron": "Padrón Oficial de Establecimientos Educativos 2025", "nombre_padron": "U.E.G.P. Nº 4 (UEP 4) RAYOS DE LUZ"}, "geometry": {"type": "MultiPoint", "coordinates": [[-58.970409291084465, -27.443221046513628]]}}, {"type": "Feature", "properties": {"gid": 39255, "cueanexo": "220066700", "localidad": "RESISTENCIA", "nombre": "E.E.S. Nº 32 - DOMINGO MATHEU (CEP Nº 32)", "vot_2019": 43, "cn_mesas": 8, "electores": 2744, "circuito": "16B", "departamento": "SAN FERNANDO", "jurisdiccion": "Chaco", "sector": "Estatal", "ambito": "Urbano", "domicilio": "AV. MARCONI 1600 PCIAS.UNIDAS AMPLIACION AV.MAC LEAN Y MARCONI", "cod_postal": "H3500", "telefono": "3624 681063", "email": "e.e.s.32.excep32d.m@gmail.com", "modcomun": 1, "modespecial": 0, "modadultos": 0, "nvcjmaternal": 0, "nvcjinfantes": 0, "nvcprimario": 0, "nvcsecundario": 1, "nvcsecundinet": 0, "nvcsnu": 0, "nvcsnuinet": 0, "nvcsnucursos": 0, "nvceductempr": 0, "nvejinfantes": 0, "nveprimario": 0, "nvesecundario": 0, "nvaprimario": 0, "nvasecundario": 0, "nvaformprofes": 0, "nvaformprofesinet": 0, "nvaalfabetiz": 0, "nvhinicial": 0, "nvhprimario": 0, "nvhsecundario": 0, "tallerartist": 0, "servcomplem": 0, "nveadultos": 0, "fuente_padron": "Padrón Oficial de Establecimientos Educativos 2025", "nombre_padron": "E.E.S. Nº 32 - DOMINGO MATHEU (CEP 32)"}, "geometry": {"type": "MultiPoint", "coordinates": [[-59.01572531184589, -27.451202070128325]]}}, {"type": "Feature", "properties": {"gid": 39514, "cueanexo": "220084700", "localidad": "RESISTENCIA", "nombre": "E.E.P. Nº 2 - RAUL B.DIAZ", "vot_2019": 69, "cn_mesas": 7, "electores": 2275, "circuito": "3", "departamento": "SAN FERNANDO", "jurisdiccion": "Chaco", "sector": "Estatal", "ambito": "Urbano", "domicilio": "GRAL.OBLIGADO 450 Centro Entre Colon, Av. San Martin, Ameghino", "cod_postal": "H3500", "telefono": "0 0", "email": "eep2.raulbdiaz450@yahoo.com.ar", "modcomun": 1, "modespecial": 0, "modadultos": 0, "nvcjmaternal": 0, "nvcjinfantes": 0, "nvcprimario": 1, "nvcsecundario": 0, "nvcsecundinet": 0, "nvcsnu": 0, "nvcsnuinet": 0, "nvcsnucursos": 0, "nvceductempr": 0, "nvejinfantes": 0, "nveprimario": 0, "nvesecundario": 0, "nvaprimario": 0, "nvasecundario": 0, "nvaformprofes": 0, "nvaformprofesinet": 0, "nvaalfabetiz": 0, "nvhinicial": 0, "nvhprimario": 0, "nvhsecundario": 0, "tallerartist": 0, "servcomplem": 0, "nveadultos": 0, "fuente_padron": "Padrón Oficial de Establecimientos Educativos 2025"}, "geometry": {"type": "MultiPoint", "coordinates": [[-58.98550338584293, -27.457212530600096]]}}, {"type": "Feature", "properties": {"gid": 39571, "cueanexo": "220088600", "localidad": "RESISTENCIA", "nombre": "E.E.P. Nº 33 - INDEPENDENCIA", "vot_2019": 21, "cn_mesas": 7, "electores": 2423, "circuito": "11B", "departamento": "SAN FERNANDO", "jurisdiccion": "Chaco", "sector": "Estatal", "ambito": "Urbano", "domicilio": "AV.LAS HERAS 220 CENTRAL NORTE Entre ARTURO ILLIA, GRAL. OBLIGADO, SAN LORENZO", "cod_postal": "H3500", "telefono": "3624 624083", "email": "eepn33independencia@hotmail.com", "modcomun": 1, "modespecial": 0, "modadultos": 0, "nvcjmaternal": 0, "nvcjinfantes": 0, "nvcprimario": 1, "nvcsecundario": 0, "nvcsecundinet": 0, "nvcsnu": 0, "nvcsnuinet": 0, "nvcsnucursos": 0, "nvceductempr": 0, "nvejinfantes": 0, "nveprimario": 0, "nvesecundario": 0, "nvaprimario": 0, "nvasecundario": 0, "nvaformprofes": 0, "nvaformprofesinet": 0, "nvaalfabetiz": 0, "nvhinicial": 0, "nvhprimario": 0, "nvhsecundario": 0, "tallerartist": 0, "servcomplem": 0, "nveadultos": 0, "fuente_padron": "Padrón Oficial de Establecimientos Educativos 2025"}, "geometry": {"type": "MultiPoint", "coordinates": [[-58.981791794104815, -27.459034947108364]]}}, {"type": "Feature", "properties": {"gid": 39573, "cueanexo": "220088800", "localidad": "BARRANQUERAS", "nombre": "U.E.G.P Nº 25 (UEP Nº 25) DON ORIONE", "vot_2019": 139, "cn_mesas": 6, "electores": 2046, "circuito": "9", "departamento": "SAN FERNANDO", "jurisdiccion": "Chaco", "sector": "Privado", "ambito": "Urbano", "domicilio": "SGTO.CABRAL 4780 VILLA CONCEPCION", "cod_postal": "H3503", "telefono": "3624 481322", "email": "rluep25orione@arnetbiz.com.ar", "modcomun": 1, "modespecial": 0, "modadultos": 0, "nvcjmaternal": 0, "nvcjinfantes": 0, "nvcprimario": 1, "nvcsecundario": 0, "nvcsecundinet": 0, "nvcsnu": 0, "nvcsnuinet": 0, "nvcsnucursos": 0, "nvceductempr": 0, "nvejinfantes": 0, "nveprimario": 0, "nvesecundario": 0, "nvaprimario": 0, "nvasecundario": 0, "nvaformprofes": 0, "nvaformprofesinet": 0, "nvaalfabetiz": 0, "nvhinicial": 0, "nvhprimario": 0, "nvhsecundario": 0, "tallerartist": 0, "servcomplem": 1, "nveadultos": 0, "fuente_padron": "Padrón Oficial de Establecimientos Educativos 2025", "nombre_padron": "U.E.G.P. Nº 25 (UEP 25) DON ORIONE"}, "geometry": {"type": "MultiPoint", "coordinates": [[-58.93529852130432, -27.48153255693516]]}}, {"type": "Feature", "properties": {"gid": 39574, "cueanexo": "220088900", "localidad": "RESISTENCIA", "nombre": "E.E.S. Nº 54 - PABLO RICCHIERI (CEP Nº 54)", "vot_2019": 3, "cn_mesas": 8, "electores": 2783, "circuito": "8A", "departamento": "SAN FERNANDO", "jurisdiccion": "Chaco", "sector": "Estatal", "ambito": "Urbano", "domicilio": "AV. 9 DE JULIO 3140 B° LA LIGURIA", "cod_postal": "H3500", "telefono": "3624 570901", "email": "cep_54@hotmail.com", "modcomun": 1, "modespecial": 0, "modadultos": 0, "nvcjmaternal": 0, "nvcjinfantes": 0, "nvcprimario": 0, "nvcsecundario": 1, "nvcsecundinet": 0, "nvcsnu": 0, "nvcsnuinet": 0, "nvcsnucursos": 0, "nvceductempr": 0, "nvejinfantes": 0, "nveprimario": 0, "nvesecundario": 0, "nvaprimario": 0, "nvasecundario": 0, "nvaformprofes": 0, "nvaformprofesinet": 0, "nvaalfabetiz": 0, "nvhinicial": 0, "nvhprimario": 0, "nvhsecundario": 0, "tallerartist": 0, "servcomplem": 0, "nveadultos": 0, "fuente_padron": "Padrón Oficial de Establecimientos Educativos 2025", "nombre_padron": "E.E.S. Nº 54 - PABLO RICCHIERI (CEP 54)"}, "geometry": {"type": "MultiPoint", "coordinates": [[-58.958740997118674, -27.476160918888052]]}}, {"type": "Feature", "properties": {"gid": 39578, "cueanexo": "220089200", "localidad": "BARRANQUERAS", "nombre": "E.E.P. Nº 422 - CONSTANCIO C. VIGIL", "vot_2019": 22, "cn_mesas": 7, "electores": 2390, "circuito": "10", "departamento": "SAN FERNANDO", "jurisdiccion": "Chaco", "sector": "Estatal", "ambito": "Urbano", "domicilio": "CORDOBA 4950 VILLA EMILIA", "cod_postal": "H3503", "telefono": "3624 220979", "email": "eep422vigil@gmail.com", "modcomun": 1, "modespecial": 0, "modadultos": 0, "nvcjmaternal": 0, "nvcjinfantes": 0, "nvcprimario": 1, "nvcsecundario": 0, "nvcsecundinet": 0, "nvcsnu": 0, "nvcsnuinet": 0, "nvcsnucursos": 0, "nvceductempr": 0, "nvejinfantes": 0, "nveprimario": 0, "nvesecundario": 0, "nvaprimario": 0, "nvasecundario": 0, "nvaformprofes": 0, "nvaformprofesinet": 0, "nvaalfabetiz": 0, "nvhinicial": 0, "nvhprimario": 0, "nvhsecundario": 0, "tallerartist": 0, "servcomplem": 1, "nveadultos": 0, "fuente_padron": "Padrón Oficial de Establecimientos Educativos 2025"}, "geometry": {"type": "MultiPoint", "coordinates": [[-58.93683966867434, -27.484451458462114]]}}, {"type": "Feature", "properties": {"gid": 39581, "cueanexo": "220089500", "localidad": "BARRANQUERAS", "nombre": "U.E.G.P Nº 6 (UEP Nº 6) FUNDACION - DOCTOR ARISTIDES OMAR GINESTA", "vot_2019": 134, "cn_mesas": 6, "electores": 2046, "circuito": "10", "departamento": "SAN FERNANDO", "jurisdiccion": "Chaco", "sector": "Privado", "ambito": "Urbano", "domicilio": "SGTO.CABRAL 5614 Villa Rossi", "cod_postal": "H3503", "telefono": "3624 482748", "email": "ramirezclaudio@hotmail.com", "modcomun": 1, "modespecial": 0, "modadultos": 0, "nvcjmaternal": 0, "nvcjinfantes": 0, "nvcprimario": 0, "nvcsecundario": 1, "nvcsecundinet": 0, "nvcsnu": 0, "nvcsnuinet": 0, "nvcsnucursos": 0, "nvceductempr": 0, "nvejinfantes": 0, "nveprimario": 0, "nvesecundario": 0, "nvaprimario": 0, "nvasecundario": 0, "nvaformprofes": 0, "nvaformprofesinet": 0, "nvaalfabetiz": 0, "nvhinicial": 0, "nvhprimario": 0, "nvhsecundario": 0, "tallerartist": 0, "servcomplem": 0, "nveadultos": 0, "fuente_padron": "Padrón Oficial de Establecimientos Educativos 2025", "nombre_padron": "U.E.G.P. Nº 6 (UEP 6) FUNDACION - DOCTOR ARISTIDES OMAR GINESTA"}, "geometry": {"type": "MultiPoint", "coordinates": [[-58.92894788950795, -27.488028142089213]]}}, {"type": "Feature", "properties": {"gid": 39582, "cueanexo": "220089600", "localidad": "RESISTENCIA", "nombre": "E.E.S. Nº 45 - HEROES DEL ATLANTICO SUR (ENS Nº 45)", "vot_2019": 34, "cn_mesas": 7, "electores": 2441, "circuito": "5B", "departamento": "SAN FERNANDO", "jurisdiccion": "Chaco", "sector": "Estatal", "ambito": "Urbano", "domicilio": "JUAN DE DIOS MENA 60", "cod_postal": "H3500", "telefono": "3624 444427", "email": "ens45@hotmail.com", "modcomun": 1, "modespecial": 0, "modadultos": 0, "nvcjmaternal": 0, "nvcjinfantes": 0, "nvcprimario": 0, "nvcsecundario": 1, "nvcsecundinet": 0, "nvcsnu": 0, "nvcsnuinet": 0, "nvcsnucursos": 0, "nvceductempr": 0, "nvejinfantes": 0, "nveprimario": 0, "nvesecundario": 0, "nvaprimario": 0, "nvasecundario": 0, "nvaformprofes": 0, "nvaformprofesinet": 0, "nvaalfabetiz": 0, "nvhinicial": 0, "nvhprimario": 0, "nvhsecundario": 0, "tallerartist": 0, "servcomplem": 0, "nveadultos": 0, "fuente_padron": "Padrón Oficial de Establecimientos Educativos 2025", "nombre_padron": "E.E.S. Nº 45 - HEROES DEL ATLANTICO SUR (ENS 45)"}, "geometry": {"type": "MultiPoint", "coordinates": [[-58.97898413186502, -27.458495528789573]]}}, {"type": "Feature", "properties": {"gid": 39583, "cueanexo": "220089700", "localidad": "RESISTENCIA", "nombre": "E.E.T. Nº 24 - SIMON DE IRIONDO", "vot_2019": 59, "cn_mesas": 8, "electores": 2784, "circuito": "6", "departamento": "SAN FERNANDO", "jurisdiccion": "Chaco", "sector": "Estatal", "ambito": "Urbano", "domicilio": "AV.VELEZ SARSFIELD 20", "cod_postal": "H3500", "telefono": "3624 427635", "email": "eet0024@hotmail.com", "modcomun": 1, "modespecial": 0, "modadultos": 1, "nvcjmaternal": 0, "nvcjinfantes": 0, "nvcprimario": 0, "nvcsecundario": 1, "nvcsecundinet": 1, "nvcsnu": 0, "nvcsnuinet": 0, "nvcsnucursos": 0, "nvceductempr": 0, "nvejinfantes": 0, "nveprimario": 0, "nvesecundario": 0, "nvaprimario": 0, "nvasecundario": 0, "nvaformprofes": 1, "nvaformprofesinet": 0, "nvaalfabetiz": 0, "nvhinicial": 0, "nvhprimario": 0, "nvhsecundario": 0, "tallerartist": 0, "servcomplem": 0, "nveadultos": 1, "fuente_padron": "Padrón Oficial de Establecimientos Educativos 2025"}, "geometry": {"type": "MultiPoint", "coordinates": [[-58.97871444348601, -27.457512814230594]]}}, {"type": "Feature", "properties": {"gid": 39597, "cueanexo": "220090000", "localidad": "RESISTENCIA", "nombre": "E.E.P. Nº 972 - PROVINCIA DEL CHACO", "vot_2019": 11, "cn_mesas": 8, "electores": 2784, "circuito": "8A", "departamento": "SAN FERNANDO", "jurisdiccion": "Chaco", "sector": "Estatal", "ambito": "Urbano", "domicilio": "MARCELINO CASTELAN 1650 C.G.T.-120 VIVIENDAS", "cod_postal": "H3500", "telefono": "3624 478471", "email": "eep972@hotmail.com", "modcomun": 1, "modespecial": 0, "modadultos": 0, "nvcjmaternal": 0, "nvcjinfantes": 0, "nvcprimario": 1, "nvcsecundario": 0, "nvcsecundinet": 0, "nvcsnu": 0, "nvcsnuinet": 0, "nvcsnucursos": 0, "nvceductempr": 0, "nvejinfantes": 0, "nveprimario": 0, "nvesecundario": 0, "nvaprimario": 0, "nvasecundario": 0, "nvaformprofes": 0, "nvaformprofesinet": 0, "nvaalfabetiz": 0, "nvhinicial": 0, "nvhprimario": 0, "nvhsecundario": 0, "tallerartist": 0, "servcomplem": 0, "nveadultos": 0, "fuente_padron": "Padrón Oficial de Establecimientos Educativos 2025"}, "geometry": {"type": "MultiPoint", "coordinates": [[-58.97539625473044, -27.487063746718036]]}}, {"type": "Feature", "properties": {"gid": 39600, "cueanexo": "220090200", "localidad": "RESISTENCIA", "nombre": "E.E.P. Nº 804 - LIDIA M.E.DE ESPINOSA", "vot_2019": 63, "cn_mesas": 7, "electores": 2435, "circuito": "8A", "departamento": "SAN FERNANDO", "jurisdiccion": "Chaco", "sector": "Estatal", "ambito": "Urbano", "domicilio": "INGENIERO SCHUR 1200 VILLA ELISA", "cod_postal": "H3500", "telefono": "3624 571059", "email": "eepn804@hotmail.com", "modcomun": 1, "modespecial": 0, "modadultos": 0, "nvcjmaternal": 0, "nvcjinfantes": 0, "nvcprimario": 1, "nvcsecundario": 0, "nvcsecundinet": 0, "nvcsnu": 0, "nvcsnuinet": 0, "nvcsnucursos": 0, "nvceductempr": 0, "nvejinfantes": 0, "nveprimario": 0, "nvesecundario": 0, "nvaprimario": 0, "nvasecundario": 0, "nvaformprofes": 0, "nvaformprofesinet": 0, "nvaalfabetiz": 0, "nvhinicial": 0, "nvhprimario": 0, "nvhsecundario": 0, "tallerartist": 0, "servcomplem": 0, "nveadultos": 0, "fuente_padron": "Padrón Oficial de Establecimientos Educativos 2025"}, "geometry": {"type": "MultiPoint", "coordinates": [[-58.97669820819642, -27.478939112936782]]}}, {"type": "Feature", "properties": {"gid": 39601, "cueanexo": "220090300", "localidad": "RESISTENCIA", "nombre": "E.E.P. Nº 117 - MANUEL SANCHIS", "vot_2019": 67, "cn_mesas": 8, "electores": 2744, "circuito": "13A", "departamento": "SAN FERNANDO", "jurisdiccion": "Chaco", "sector": "Estatal", "ambito": "Urbano", "domicilio": "PASAJE BAGUAL FUENTES  RICARDO GUIRALDES", "cod_postal": "H3500", "telefono": "3722 866873", "email": "117manuelsanchis@gmail.com", "modcomun": 1, "modespecial": 0, "modadultos": 0, "nvcjmaternal": 0, "nvcjinfantes": 0, "nvcprimario": 1, "nvcsecundario": 0, "nvcsecundinet": 0, "nvcsnu": 0, "nvcsnuinet": 0, "nvcsnucursos": 0, "nvceductempr": 0, "nvejinfantes": 0, "nveprimario": 0, "nvesecundario": 0, "nvaprimario": 0, "nvasecundario": 0, "nvaformprofes": 0, "nvaformprofesinet": 0, "nvaalfabetiz": 0, "nvhinicial": 0, "nvhprimario": 0, "nvhsecundario": 0, "tallerartist": 0, "servcomplem": 0, "nveadultos": 0, "fuente_padron": "Padrón Oficial de Establecimientos Educativos 2025"}, "geometry": {"type": "MultiPoint", "coordinates": [[-58.99163384356428, -27.48296070955738]]}}, {"type": "Feature", "properties": {"gid": 39602, "cueanexo": "220090400", "localidad": "RESISTENCIA", "nombre": "E.E.P. Nº 944 - 1° GOB. CONST. DEL CHACO FELIPE GALLARDO", "vot_2019": 109, "cn_mesas": 8, "electores": 2751, "circuito": "7B", "departamento": "SAN FERNANDO", "jurisdiccion": "Chaco", "sector": "Estatal", "ambito": "Urbano", "domicilio": "JULIO TORT  LLAPONAGAT CIRC.II-SEC.C-CH.202-MZ.53-B° LLAPONAGAT", "cod_postal": "H3500", "telefono": "0 0", "email": "eep944@gmail.com", "modcomun": 1, "modespecial": 0, "modadultos": 0, "nvcjmaternal": 0, "nvcjinfantes": 0, "nvcprimario": 1, "nvcsecundario": 0, "nvcsecundinet": 0, "nvcsnu": 0, "nvcsnuinet": 0, "nvcsnucursos": 0, "nvceductempr": 0, "nvejinfantes": 0, "nveprimario": 0, "nvesecundario": 0, "nvaprimario": 0, "nvasecundario": 0, "nvaformprofes": 0, "nvaformprofesinet": 0, "nvaalfabetiz": 0, "nvhinicial": 0, "nvhprimario": 0, "nvhsecundario": 0, "tallerartist": 0, "servcomplem": 0, "nveadultos": 0, "fuente_padron": "Padrón Oficial de Establecimientos Educativos 2025"}, "geometry": {"type": "MultiPoint", "coordinates": [[-58.9824556012785, -27.47099382718272]]}}, {"type": "Feature", "properties": {"gid": 39603, "cueanexo": "220090500", "localidad": "RESISTENCIA", "nombre": "E.E.S. Nº 73 - AUGUSTO GUSTAVO SCHULZ (ENS 73)", "vot_2019": 143, "cn_mesas": 7, "electores": 2387, "circuito": "7A", "departamento": "SAN FERNANDO", "jurisdiccion": "Chaco", "sector": "Estatal", "ambito": "Urbano", "domicilio": "DR.EVARISTO RAMIREZ 1012 LLAPONAGAT Bº LLAPONAGAT", "cod_postal": "H3500", "telefono": "3624 453090", "email": "eesn73augustogustavoschulz@gmail.com", "modcomun": 1, "modespecial": 0, "modadultos": 0, "nvcjmaternal": 0, "nvcjinfantes": 0, "nvcprimario": 0, "nvcsecundario": 1, "nvcsecundinet": 0, "nvcsnu": 0, "nvcsnuinet": 0, "nvcsnucursos": 0, "nvceductempr": 0, "nvejinfantes": 0, "nveprimario": 0, "nvesecundario": 0, "nvaprimario": 0, "nvasecundario": 0, "nvaformprofes": 0, "nvaformprofesinet": 0, "nvaalfabetiz": 0, "nvhinicial": 0, "nvhprimario": 0, "nvhsecundario": 0, "tallerartist": 0, "servcomplem": 0, "nveadultos": 0, "fuente_padron": "Padrón Oficial de Establecimientos Educativos 2025"}, "geometry": {"type": "MultiPoint", "coordinates": [[-58.98464693629215, -27.467874480149018]]}}, {"type": "Feature", "properties": {"gid": 39604, "cueanexo": "220090600", "localidad": "RESISTENCIA", "nombre": "E.E.P. Nº 675 - DR.JUAN JOSE CASTELLI", "vot_2019": 27, "cn_mesas": 7, "electores": 2407, "circuito": "7B", "departamento": "SAN FERNANDO", "jurisdiccion": "Chaco", "sector": "Estatal", "ambito": "Urbano", "domicilio": "AV.CHACO 798 VILLA ITATI", "cod_postal": "H3500", "telefono": "3624 812456", "email": "e.e.p.n675@hotmail.es", "modcomun": 1, "modespecial": 0, "modadultos": 0, "nvcjmaternal": 0, "nvcjinfantes": 0, "nvcprimario": 1, "nvcsecundario": 0, "nvcsecundinet": 0, "nvcsnu": 0, "nvcsnuinet": 0, "nvcsnucursos": 0, "nvceductempr": 0, "nvejinfantes": 0, "nveprimario": 0, "nvesecundario": 0, "nvaprimario": 0, "nvasecundario": 0, "nvaformprofes": 0, "nvaformprofesinet": 0, "nvaalfabetiz": 0, "nvhinicial": 0, "nvhprimario": 0, "nvhsecundario": 0, "tallerartist": 0, "servcomplem": 1, "nveadultos": 0, "fuente_padron": "Padrón Oficial de Establecimientos Educativos 2025"}, "geometry": {"type": "MultiPoint", "coordinates": [[-58.97930003349293, -27.469862345004778]]}}, {"type": "Feature", "properties": {"gid": 39635, "cueanexo": "220092700", "localidad": "FONTANA", "nombre": "E.E.P. Nº 103 - GRAL. ANTONIO DONOVAN", "vot_2019": 64, "cn_mesas": 8, "electores": 2740, "circuito": "22B", "departamento": "SAN FERNANDO", "jurisdiccion": "Chaco", "sector": "Estatal", "ambito": "Urbano", "domicilio": "SARMIENTO 255  CIR.II-SEC.A-CHACRA 43-QTA.239-PC.13", "cod_postal": "H3514", "telefono": "3624 468585", "email": "eepn103@gmail.com", "modcomun": 1, "modespecial": 0, "modadultos": 0, "nvcjmaternal": 0, "nvcjinfantes": 0, "nvcprimario": 1, "nvcsecundario": 0, "nvcsecundinet": 0, "nvcsnu": 0, "nvcsnuinet": 0, "nvcsnucursos": 0, "nvceductempr": 0, "nvejinfantes": 0, "nveprimario": 0, "nvesecundario": 0, "nvaprimario": 0, "nvasecundario": 0, "nvaformprofes": 0, "nvaformprofesinet": 0, "nvaalfabetiz": 0, "nvhinicial": 0, "nvhprimario": 0, "nvhsecundario": 0, "tallerartist": 0, "servcomplem": 1, "nveadultos": 0, "fuente_padron": "Padrón Oficial de Establecimientos Educativos 2025"}, "geometry": {"type": "MultiPoint", "coordinates": [[-59.030330512432485, -27.416013075168635]]}}, {"type": "Feature", "properties": {"gid": 39636, "cueanexo": "220092800", "localidad": "FONTANA", "nombre": "E.E.P. Nº 6 - SANTIAGO CIMBARO CANELLA", "vot_2019": 88, "cn_mesas": 8, "electores": 2747, "circuito": "23", "departamento": "SAN FERNANDO", "jurisdiccion": "Chaco", "sector": "Estatal", "ambito": "Urbano", "domicilio": "AV.ALVEAR 5751 PUERTO VICENTINI Entre TIERRA DEL FUEGO S/N, SAN MARTIN S/N Y GARCIA MEROV", "cod_postal": "H3514", "telefono": "3624 609649", "email": "cimbaron6@gmail.com", "modcomun": 1, "modespecial": 0, "modadultos": 0, "nvcjmaternal": 0, "nvcjinfantes": 0, "nvcprimario": 1, "nvcsecundario": 0, "nvcsecundinet": 0, "nvcsnu": 0, "nvcsnuinet": 0, "nvcsnucursos": 0, "nvceductempr": 0, "nvejinfantes": 0, "nveprimario": 0, "nvesecundario": 0, "nvaprimario": 0, "nvasecundario": 0, "nvaformprofes": 0, "nvaformprofesinet": 0, "nvaalfabetiz": 0, "nvhinicial": 0, "nvhprimario": 0, "nvhsecundario": 0, "tallerartist": 0, "servcomplem": 0, "nveadultos": 0, "fuente_padron": "Padrón Oficial de Establecimientos Educativos 2025"}, "geometry": {"type": "MultiPoint", "coordinates": [[-59.04905300783593, -27.408994199414916]]}}, {"type": "Feature", "properties": {"gid": 39637, "cueanexo": "220092900", "localidad": "RESISTENCIA", "nombre": "E.E.P. Nº 779 - GENDARMERIA NACIONAL", "vot_2019": 29, "cn_mesas": 6, "electores": 2094, "circuito": "16C", "departamento": "SAN FERNANDO", "jurisdiccion": "Chaco", "sector": "Estatal", "ambito": "Urbano", "domicilio": "ISLA DEL CERRITO Y MENDOZA  B° JUAN DE GARAY", "cod_postal": "H3500", "telefono": "3624 468574", "email": "eep779gn@gmail.com", "modcomun": 1, "modespecial": 0, "modadultos": 0, "nvcjmaternal": 0, "nvcjinfantes": 0, "nvcprimario": 1, "nvcsecundario": 0, "nvcsecundinet": 0, "nvcsnu": 0, "nvcsnuinet": 0, "nvcsnucursos": 0, "nvceductempr": 0, "nvejinfantes": 0, "nveprimario": 0, "nvesecundario": 0, "nvaprimario": 0, "nvasecundario": 0, "nvaformprofes": 0, "nvaformprofesinet": 0, "nvaalfabetiz": 0, "nvhinicial": 0, "nvhprimario": 0, "nvhsecundario": 0, "tallerartist": 0, "servcomplem": 0, "nveadultos": 0, "fuente_padron": "Padrón Oficial de Establecimientos Educativos 2025"}, "geometry": {"type": "MultiPoint", "coordinates": [[-59.01601093145093, -27.436448901825283]]}}, {"type": "Feature", "properties": {"gid": 39638, "cueanexo": "220093000", "localidad": "RESISTENCIA", "nombre": "E.E.S. Nº 31 - JOSE GERVASIO ARTIGAS (ENS Nº 31)", "vot_2019": 42, "cn_mesas": 8, "electores": 2790, "circuito": "16A", "departamento": "SAN FERNANDO", "jurisdiccion": "Chaco", "sector": "Estatal", "ambito": "Urbano", "domicilio": "STA.VICENTA MARIA S/N SANTA INES B° SANTA INES", "cod_postal": "H3500", "telefono": "3624 680226", "email": "ees31@hotmail.com", "modcomun": 1, "modespecial": 0, "modadultos": 0, "nvcjmaternal": 0, "nvcjinfantes": 0, "nvcprimario": 0, "nvcsecundario": 1, "nvcsecundinet": 0, "nvcsnu": 0, "nvcsnuinet": 0, "nvcsnucursos": 0, "nvceductempr": 0, "nvejinfantes": 0, "nveprimario": 0, "nvesecundario": 0, "nvaprimario": 0, "nvasecundario": 0, "nvaformprofes": 0, "nvaformprofesinet": 0, "nvaalfabetiz": 0, "nvhinicial": 0, "nvhprimario": 0, "nvhsecundario": 0, "tallerartist": 0, "servcomplem": 0, "nveadultos": 0, "fuente_padron": "Padrón Oficial de Establecimientos Educativos 2025", "nombre_padron": "E.E.S. Nº 31 - JOSE GERVASIO ARTIGAS (ENS 31)"}, "geometry": {"type": "MultiPoint", "coordinates": [[-59.01545226721411, -27.45676888407101]]}}, {"type": "Feature", "properties": {"gid": 39639, "cueanexo": "220093100", "localidad": "FONTANA", "nombre": "E.E.P. Nº 666 - ANTONIA PANIERI DE RIU", "vot_2019": 92, "cn_mesas": 7, "electores": 2416, "circuito": "22A", "departamento": "SAN FERNANDO", "jurisdiccion": "Chaco", "sector": "Estatal", "ambito": "Urbano", "domicilio": "santiago del estero  3550 12 VIVIENDAS FUNCIONA CON P-E BLA FONTANA", "cod_postal": "H3514", "telefono": "3624 652159", "email": "eep666antonia@hotmail.com", "modcomun": 1, "modespecial": 0, "modadultos": 0, "nvcjmaternal": 0, "nvcjinfantes": 0, "nvcprimario": 1, "nvcsecundario": 0, "nvcsecundinet": 0, "nvcsnu": 0, "nvcsnuinet": 0, "nvcsnucursos": 0, "nvceductempr": 0, "nvejinfantes": 0, "nveprimario": 0, "nvesecundario": 0, "nvaprimario": 0, "nvasecundario": 0, "nvaformprofes": 0, "nvaformprofesinet": 0, "nvaalfabetiz": 0, "nvhinicial": 0, "nvhprimario": 0, "nvhsecundario": 0, "tallerartist": 0, "servcomplem": 1, "nveadultos": 0, "fuente_padron": "Padrón Oficial de Establecimientos Educativos 2025"}, "geometry": {"type": "MultiPoint", "coordinates": [[-59.02407230052015, -27.425055753291304]]}}, {"type": "Feature", "properties": {"gid": 39640, "cueanexo": "220093200", "localidad": "FONTANA", "nombre": "E.E.S. Nº 36 - MARTIN BUBER (ENS Nº 36)", "vot_2019": 115, "cn_mesas": 7, "electores": 2393, "circuito": "22B", "departamento": "SAN FERNANDO", "jurisdiccion": "Chaco", "sector": "Estatal", "ambito": "Urbano", "domicilio": "AV.SARMIENTO 751 LA COLMENA B° LA COLMENA", "cod_postal": "H3514", "telefono": "3624 475657", "email": "enstreintayseis@gmail.com", "modcomun": 1, "modespecial": 0, "modadultos": 0, "nvcjmaternal": 0, "nvcjinfantes": 0, "nvcprimario": 0, "nvcsecundario": 1, "nvcsecundinet": 0, "nvcsnu": 0, "nvcsnuinet": 0, "nvcsnucursos": 0, "nvceductempr": 0, "nvejinfantes": 0, "nveprimario": 0, "nvesecundario": 0, "nvaprimario": 0, "nvasecundario": 0, "nvaformprofes": 0, "nvaformprofesinet": 0, "nvaalfabetiz": 0, "nvhinicial": 0, "nvhprimario": 0, "nvhsecundario": 0, "tallerartist": 0, "servcomplem": 0, "nveadultos": 0, "fuente_padron": "Padrón Oficial de Establecimientos Educativos 2025", "nombre_padron": "E.E.S. Nº 36 - MARTIN BUBER (ENS 36)"}, "geometry": {"type": "MultiPoint", "coordinates": [[-59.03489244054458, -27.4206046531304]]}}, {"type": "Feature", "properties": {"gid": 39641, "cueanexo": "220093300", "localidad": "RESISTENCIA", "nombre": "E.E.P. Nº 3 - ANTARTIDA ARGENTINA", "vot_2019": 73, "cn_mesas": 7, "electores": 2442, "circuito": "16C", "departamento": "SAN FERNANDO", "jurisdiccion": "Chaco", "sector": "Estatal", "ambito": "Urbano", "domicilio": "SALTA 1150 VILLA MARIA Entre Padre Cerqueira, Padre Sena y J.D.Peron", "cod_postal": "H3500", "telefono": "3624 229317", "email": "eepn3@outlook.com", "modcomun": 1, "modespecial": 0, "modadultos": 0, "nvcjmaternal": 0, "nvcjinfantes": 0, "nvcprimario": 1, "nvcsecundario": 0, "nvcsecundinet": 0, "nvcsnu": 0, "nvcsnuinet": 0, "nvcsnucursos": 0, "nvceductempr": 0, "nvejinfantes": 0, "nveprimario": 0, "nvesecundario": 0, "nvaprimario": 0, "nvasecundario": 0, "nvaformprofes": 0, "nvaformprofesinet": 0, "nvaalfabetiz": 0, "nvhinicial": 0, "nvhprimario": 0, "nvhsecundario": 0, "tallerartist": 0, "servcomplem": 0, "nveadultos": 0, "fuente_padron": "Padrón Oficial de Establecimientos Educativos 2025"}, "geometry": {"type": "MultiPoint", "coordinates": [[-58.999469930313154, -27.44380920302689]]}}, {"type": "Feature", "properties": {"gid": 39642, "cueanexo": "220093400", "localidad": "RESISTENCIA", "nombre": "U.E.G.P Nº 31 (UEP Nº 31) SAN ROQUE", "vot_2019": 141, "cn_mesas": 7, "electores": 2443, "circuito": "16C", "departamento": "SAN FERNANDO", "jurisdiccion": "Chaco", "sector": "Privado", "ambito": "Urbano", "domicilio": "SALTA 1117", "cod_postal": "H3500", "telefono": "3624 437095", "email": "uep31secundaria@gmail.com", "modcomun": 1, "modespecial": 0, "modadultos": 0, "nvcjmaternal": 0, "nvcjinfantes": 0, "nvcprimario": 0, "nvcsecundario": 1, "nvcsecundinet": 0, "nvcsnu": 0, "nvcsnuinet": 0, "nvcsnucursos": 0, "nvceductempr": 0, "nvejinfantes": 0, "nveprimario": 0, "nvesecundario": 0, "nvaprimario": 0, "nvasecundario": 0, "nvaformprofes": 0, "nvaformprofesinet": 0, "nvaalfabetiz": 0, "nvhinicial": 0, "nvhprimario": 0, "nvhsecundario": 0, "tallerartist": 0, "servcomplem": 1, "nveadultos": 0, "fuente_padron": "Padrón Oficial de Establecimientos Educativos 2025", "nombre_padron": "U.E.G.P. Nº 31 (UEP 31) SAN ROQUE"}, "geometry": {"type": "MultiPoint", "coordinates": [[-58.99961328846784, -27.44482952261389]]}}, {"type": "Feature", "properties": {"gid": 39643, "cueanexo": "220093500", "localidad": "RESISTENCIA", "nombre": "E.E.S. Nº 33 - JUAN F. QUIROGA (CEP Nº 33)", "vot_2019": 6, "cn_mesas": 8, "electores": 2781, "circuito": "16A", "departamento": "SAN FERNANDO", "jurisdiccion": "Chaco", "sector": "Estatal", "ambito": "Urbano", "domicilio": "SAN BERNARDO  SAN CAYETANO MZ.34-PC.3-B° SAN CAYETANO", "cod_postal": "H3500", "telefono": "3624 421626", "email": "secundaria33sancayetano@gmail.com", "modcomun": 1, "modespecial": 0, "modadultos": 0, "nvcjmaternal": 0, "nvcjinfantes": 0, "nvcprimario": 0, "nvcsecundario": 1, "nvcsecundinet": 0, "nvcsnu": 0, "nvcsnuinet": 0, "nvcsnucursos": 0, "nvceductempr": 0, "nvejinfantes": 0, "nveprimario": 0, "nvesecundario": 0, "nvaprimario": 0, "nvasecundario": 0, "nvaformprofes": 0, "nvaformprofesinet": 0, "nvaalfabetiz": 0, "nvhinicial": 0, "nvhprimario": 0, "nvhsecundario": 0, "tallerartist": 0, "servcomplem": 0, "nveadultos": 0, "fuente_padron": "Padrón Oficial de Establecimientos Educativos 2025", "nombre_padron": "E.E.S. Nº 33 - JUAN F. QUIROGA (CEP 33)"}, "geometry": {"type": "MultiPoint", "coordinates": [[-59.011745653254415, -27.459338942824623]]}}, {"type": "Feature", "properties": {"gid": 39645, "cueanexo": "220093800", "localidad": "RESISTENCIA", "nombre": "E.E.S. Nº 29 - ESTHER MACHICOTE DE DIAZ (CEP Nº 29)", "vot_2019": 41, "cn_mesas": 8, "electores": 2753, "circuito": "13A", "departamento": "SAN FERNANDO", "jurisdiccion": "Chaco", "sector": "Estatal", "ambito": "Urbano", "domicilio": "PASAJE BAGUAL FUENTES  B° RICARDO GUIRALDES", "cod_postal": "H3500", "telefono": "0 0", "email": "ees29guiraldes@gmail.com", "modcomun": 1, "modespecial": 0, "modadultos": 0, "nvcjmaternal": 0, "nvcjinfantes": 0, "nvcprimario": 0, "nvcsecundario": 1, "nvcsecundinet": 0, "nvcsnu": 0, "nvcsnuinet": 0, "nvcsnucursos": 0, "nvceductempr": 0, "nvejinfantes": 0, "nveprimario": 0, "nvesecundario": 0, "nvaprimario": 0, "nvasecundario": 0, "nvaformprofes": 0, "nvaformprofesinet": 0, "nvaalfabetiz": 0, "nvhinicial": 0, "nvhprimario": 0, "nvhsecundario": 0, "tallerartist": 0, "servcomplem": 0, "nveadultos": 0, "fuente_padron": "Padrón Oficial de Establecimientos Educativos 2025", "nombre_padron": "E.E.S. Nº 29 - ESTHER MACHICOTE DE DIAZ (CEP 29)"}, "geometry": {"type": "MultiPoint", "coordinates": [[-58.99150109320628, -27.4834850612323]]}}, {"type": "Feature", "properties": {"gid": 39646, "cueanexo": "220093900", "localidad": "RESISTENCIA", "nombre": "E.E.P. Nº 596 - FRANCISCO N.DE LAPRIDA", "vot_2019": 33, "cn_mesas": 8, "electores": 2741, "circuito": "13A", "departamento": "SAN FERNANDO", "jurisdiccion": "Chaco", "sector": "Estatal", "ambito": "Urbano", "domicilio": "AV.CHACO Y SOLDADO AGUILERA  B° RICARDO GUIRALDES", "cod_postal": "H3500", "telefono": "3624 479588", "email": "eepn596@gmail.com", "modcomun": 1, "modespecial": 0, "modadultos": 0, "nvcjmaternal": 0, "nvcjinfantes": 0, "nvcprimario": 1, "nvcsecundario": 0, "nvcsecundinet": 0, "nvcsnu": 0, "nvcsnuinet": 0, "nvcsnucursos": 0, "nvceductempr": 0, "nvejinfantes": 0, "nveprimario": 0, "nvesecundario": 0, "nvaprimario": 0, "nvasecundario": 0, "nvaformprofes": 0, "nvaformprofesinet": 0, "nvaalfabetiz": 0, "nvhinicial": 0, "nvhprimario": 0, "nvhsecundario": 0, "tallerartist": 0, "servcomplem": 0, "nveadultos": 0, "fuente_padron": "Padrón Oficial de Establecimientos Educativos 2025"}, "geometry": {"type": "MultiPoint", "coordinates": [[-58.98935087217765, -27.479761875406002]]}}, {"type": "Feature", "properties": {"gid": 39653, "cueanexo": "220094200", "localidad": "RESISTENCIA", "nombre": "E.E.P. Nº 242 - OCTAVIO S. PICO", "vot_2019": 70, "cn_mesas": 8, "electores": 2792, "circuito": "13B", "departamento": "SAN FERNANDO", "jurisdiccion": "Chaco", "sector": "Estatal", "ambito": "Urbano", "domicilio": "FORTIN LOMA NEGRA 1090 VILLA LIBERTAD VILLA LIBERTAD", "cod_postal": "H3500", "telefono": "0 0", "email": "eepn242@yahoo.com.ar", "modcomun": 1, "modespecial": 0, "modadultos": 0, "nvcjmaternal": 0, "nvcjinfantes": 0, "nvcprimario": 1, "nvcsecundario": 0, "nvcsecundinet": 0, "nvcsnu": 0, "nvcsnuinet": 0, "nvcsnucursos": 0, "nvceductempr": 0, "nvejinfantes": 0, "nveprimario": 0, "nvesecundario": 0, "nvaprimario": 0, "nvasecundario": 0, "nvaformprofes": 0, "nvaformprofesinet": 0, "nvaalfabetiz": 0, "nvhinicial": 0, "nvhprimario": 0, "nvhsecundario": 0, "tallerartist": 0, "servcomplem": 0, "nveadultos": 0, "fuente_padron": "Padrón Oficial de Establecimientos Educativos 2025"}, "geometry": {"type": "MultiPoint", "coordinates": [[-58.994272628707115, -27.474966228045023]]}}, {"type": "Feature", "properties": {"gid": 39654, "cueanexo": "220094300", "localidad": "RESISTENCIA", "nombre": "E.E.S. Nº 76 - COLEGIO NACIONAL JOSE MARIA PAZ (ENS 76)", "vot_2019": 116, "cn_mesas": 7, "electores": 2276, "circuito": "3", "departamento": "SAN FERNANDO", "jurisdiccion": "Chaco", "sector": "Estatal", "ambito": "Urbano", "domicilio": "AV.9 DE JULIO 630", "cod_postal": "H3500", "telefono": "3624 612777", "email": "ees76chaco@gmail.com", "modcomun": 1, "modespecial": 0, "modadultos": 0, "nvcjmaternal": 0, "nvcjinfantes": 0, "nvcprimario": 0, "nvcsecundario": 1, "nvcsecundinet": 0, "nvcsnu": 0, "nvcsnuinet": 0, "nvcsnucursos": 0, "nvceductempr": 0, "nvejinfantes": 0, "nveprimario": 0, "nvesecundario": 0, "nvaprimario": 0, "nvasecundario": 0, "nvaformprofes": 0, "nvaformprofesinet": 0, "nvaalfabetiz": 0, "nvhinicial": 0, "nvhprimario": 0, "nvhsecundario": 0, "tallerartist": 0, "servcomplem": 0, "nveadultos": 0, "fuente_padron": "Padrón Oficial de Establecimientos Educativos 2025"}, "geometry": {"type": "MultiPoint", "coordinates": [[-58.98093586133342, -27.45651541440912]]}}, {"type": "Feature", "properties": {"gid": 39656, "cueanexo": "220094500", "localidad": "RESISTENCIA", "nombre": "E.E.P. Nº 969 - MAESTRO RODOLFO ALFREDO DINUBILA", "vot_2019": 113, "cn_mesas": 7, "electores": 2436, "circuito": "18", "departamento": "SAN FERNANDO", "jurisdiccion": "Chaco", "sector": "Estatal", "ambito": "Urbano", "domicilio": "ECHEVERRY GARAY 800 VILLA ENCARNACION", "cod_postal": "H3500", "telefono": "3624 469904", "email": "eep969@hotmail.com", "modcomun": 1, "modespecial": 0, "modadultos": 0, "nvcjmaternal": 0, "nvcjinfantes": 0, "nvcprimario": 1, "nvcsecundario": 0, "nvcsecundinet": 0, "nvcsnu": 0, "nvcsnuinet": 0, "nvcsnucursos": 0, "nvceductempr": 0, "nvejinfantes": 0, "nveprimario": 0, "nvesecundario": 0, "nvaprimario": 0, "nvasecundario": 0, "nvaformprofes": 0, "nvaformprofesinet": 0, "nvaalfabetiz": 0, "nvhinicial": 0, "nvhprimario": 0, "nvhsecundario": 0, "tallerartist": 0, "servcomplem": 0, "nveadultos": 0, "fuente_padron": "Padrón Oficial de Establecimientos Educativos 2025"}, "geometry": {"type": "MultiPoint", "coordinates": [[-58.99754830730767, -27.42826355125388]]}}, {"type": "Feature", "properties": {"gid": 39657, "cueanexo": "220094600", "localidad": "RESISTENCIA", "nombre": "E.E.S. Nº 40 - EXPLORADOR RAMON LISTA (ENS Nº 40)", "vot_2019": 44, "cn_mesas": 7, "electores": 2352, "circuito": "19B", "departamento": "SAN FERNANDO", "jurisdiccion": "Chaco", "sector": "Estatal", "ambito": "Urbano", "domicilio": "LA SABANA S/N VILLA RIO NEGRO Bº VILLA RIO NEGRO", "cod_postal": "H3500", "telefono": "3624 426021", "email": "eesn40@gmail.com", "modcomun": 1, "modespecial": 0, "modadultos": 0, "nvcjmaternal": 0, "nvcjinfantes": 0, "nvcprimario": 0, "nvcsecundario": 1, "nvcsecundinet": 0, "nvcsnu": 0, "nvcsnuinet": 0, "nvcsnucursos": 0, "nvceductempr": 0, "nvejinfantes": 0, "nveprimario": 0, "nvesecundario": 0, "nvaprimario": 0, "nvasecundario": 0, "nvaformprofes": 0, "nvaformprofesinet": 0, "nvaalfabetiz": 0, "nvhinicial": 0, "nvhprimario": 0, "nvhsecundario": 0, "tallerartist": 0, "servcomplem": 0, "nveadultos": 0, "fuente_padron": "Padrón Oficial de Establecimientos Educativos 2025", "nombre_padron": "E.E.S. Nº 40 - EXPLORADOR RAMON LISTA (ENS 40)"}, "geometry": {"type": "MultiPoint", "coordinates": [[-58.97483421659619, -27.42568455309789]]}}, {"type": "Feature", "properties": {"gid": 39658, "cueanexo": "220094700", "localidad": "RESISTENCIA", "nombre": "E.E.P. Nº 835 - ARMADA ARGENTINA", "vot_2019": 105, "cn_mesas": 7, "electores": 2354, "circuito": "19B", "departamento": "SAN FERNANDO", "jurisdiccion": "Chaco", "sector": "Estatal", "ambito": "Urbano", "domicilio": "LA SABANA  VILLA RIO NEGRO LOTE RURAL 170-VILLA RIO NEGRO", "cod_postal": "H3500", "telefono": "3624 435024", "email": "835armarg@gmail.com", "modcomun": 1, "modespecial": 0, "modadultos": 0, "nvcjmaternal": 0, "nvcjinfantes": 0, "nvcprimario": 1, "nvcsecundario": 0, "nvcsecundinet": 0, "nvcsnu": 0, "nvcsnuinet": 0, "nvcsnucursos": 0, "nvceductempr": 0, "nvejinfantes": 0, "nveprimario": 0, "nvesecundario": 0, "nvaprimario": 0, "nvasecundario": 0, "nvaformprofes": 0, "nvaformprofesinet": 0, "nvaalfabetiz": 0, "nvhinicial": 0, "nvhprimario": 0, "nvhsecundario": 0, "tallerartist": 0, "servcomplem": 0, "nveadultos": 0, "fuente_padron": "Padrón Oficial de Establecimientos Educativos 2025"}, "geometry": {"type": "MultiPoint", "coordinates": [[-58.97474184398615, -27.42552233979375]]}}, {"type": "Feature", "properties": {"gid": 39659, "cueanexo": "220094800", "localidad": "RESISTENCIA", "nombre": "E.E.P. Nº  963 -CACIQUE MORENO-", "vot_2019": 112, "cn_mesas": 6, "electores": 2071, "circuito": "21", "departamento": "SAN FERNANDO", "jurisdiccion": "Chaco", "sector": "Estatal", "ambito": "Urbano", "domicilio": "MAPIC LOTE RURAL Nº 126-B° MAPIC", "cod_postal": "H3500", "telefono": "3624 730111", "email": "sandraliva15@yahoo.com", "modcomun": 1, "modespecial": 0, "modadultos": 0, "nvcjmaternal": 0, "nvcjinfantes": 0, "nvcprimario": 1, "nvcsecundario": 0, "nvcsecundinet": 0, "nvcsnu": 0, "nvcsnuinet": 0, "nvcsnucursos": 0, "nvceductempr": 0, "nvejinfantes": 0, "nveprimario": 0, "nvesecundario": 0, "nvaprimario": 0, "nvasecundario": 0, "nvaformprofes": 0, "nvaformprofesinet": 0, "nvaalfabetiz": 0, "nvhinicial": 0, "nvhprimario": 0, "nvhsecundario": 0, "tallerartist": 0, "servcomplem": 0, "nveadultos": 0, "fuente_padron": "Padrón Oficial de Establecimientos Educativos 2025", "nombre_padron": "E.E.P. Nº 963 - CACIQUE MORENO"}, "geometry": {"type": "MultiPoint", "coordinates": [[-58.9855229657982, -27.4009596747283]]}}, {"type": "Feature", "properties": {"gid": 39660, "cueanexo": "220094900", "localidad": "RESISTENCIA", "nombre": "E.E.P. Nº 169 - ROMULO ZABALA", "vot_2019": 68, "cn_mesas": 2, "electores": 668, "circuito": "19A", "departamento": "SAN FERNANDO", "jurisdiccion": "Chaco", "sector": "Estatal", "ambito": "Urbano", "domicilio": "GERARDO VARELA 26 VILLA SAN MARTIN VILLA SAN MARTIN", "cod_postal": "H3500", "telefono": "3624 440285", "email": "eepn169romulo@gmail.com", "modcomun": 1, "modespecial": 0, "modadultos": 0, "nvcjmaternal": 0, "nvcjinfantes": 0, "nvcprimario": 1, "nvcsecundario": 0, "nvcsecundinet": 0, "nvcsnu": 0, "nvcsnuinet": 0, "nvcsnucursos": 0, "nvceductempr": 0, "nvejinfantes": 0, "nveprimario": 0, "nvesecundario": 0, "nvaprimario": 0, "nvasecundario": 0, "nvaformprofes": 0, "nvaformprofesinet": 0, "nvaalfabetiz": 0, "nvhinicial": 0, "nvhprimario": 0, "nvhsecundario": 0, "tallerartist": 0, "servcomplem": 0, "nveadultos": 0, "fuente_padron": "Padrón Oficial de Establecimientos Educativos 2025"}, "geometry": {"type": "MultiPoint", "coordinates": [[-58.97847726346307, -27.443519434339777]]}}, {"type": "Feature", "properties": {"gid": 39662, "cueanexo": "220095100", "localidad": "RESISTENCIA", "nombre": "E.E.P. Nº 26 - MIGUEL NAVARRO VIOLA", "vot_2019": 71, "cn_mesas": 8, "electores": 2748, "circuito": "1", "departamento": "SAN FERNANDO", "jurisdiccion": "Chaco", "sector": "Estatal", "ambito": "Urbano", "domicilio": "AV.RIVADAVIA 230 CENTRO COMPARTE EDIFICIO CON LA B.P N°9 Y B.L.A N°1", "cod_postal": "H3500", "telefono": "3624 487867", "email": "26miguelnavarroviola@gmail.com", "modcomun": 1, "modespecial": 0, "modadultos": 0, "nvcjmaternal": 0, "nvcjinfantes": 0, "nvcprimario": 1, "nvcsecundario": 0, "nvcsecundinet": 0, "nvcsnu": 0, "nvcsnuinet": 0, "nvcsnucursos": 0, "nvceductempr": 0, "nvejinfantes": 0, "nveprimario": 0, "nvesecundario": 0, "nvaprimario": 0, "nvasecundario": 0, "nvaformprofes": 0, "nvaformprofesinet": 0, "nvaalfabetiz": 0, "nvhinicial": 0, "nvhprimario": 0, "nvhsecundario": 0, "tallerartist": 0, "servcomplem": 0, "nveadultos": 0, "fuente_padron": "Padrón Oficial de Establecimientos Educativos 2025"}, "geometry": {"type": "MultiPoint", "coordinates": [[-58.983833561900475, -27.445219895606222]]}}, {"type": "Feature", "properties": {"gid": 39671, "cueanexo": "220095900", "localidad": "RESISTENCIA", "nombre": "E.E.P. Nº 400 - SAN FDO.DEL RIO NEGRO", "vot_2019": 80, "cn_mesas": 8, "electores": 2785, "circuito": "16A", "departamento": "SAN FERNANDO", "jurisdiccion": "Chaco", "sector": "Estatal", "ambito": "Urbano", "domicilio": "SAN BERNARDO  SAN CAYETANO PC 2-MZ 34-SECC.B-B° SAN CAYETANO", "cod_postal": "H3500", "telefono": "3624 835862", "email": "eep400rcia@hotmail.com", "modcomun": 1, "modespecial": 0, "modadultos": 0, "nvcjmaternal": 0, "nvcjinfantes": 0, "nvcprimario": 1, "nvcsecundario": 0, "nvcsecundinet": 0, "nvcsnu": 0, "nvcsnuinet": 0, "nvcsnucursos": 0, "nvceductempr": 0, "nvejinfantes": 0, "nveprimario": 0, "nvesecundario": 0, "nvaprimario": 0, "nvasecundario": 0, "nvaformprofes": 0, "nvaformprofesinet": 0, "nvaalfabetiz": 0, "nvhinicial": 0, "nvhprimario": 0, "nvhsecundario": 0, "tallerartist": 0, "servcomplem": 0, "nveadultos": 0, "fuente_padron": "Padrón Oficial de Establecimientos Educativos 2025"}, "geometry": {"type": "MultiPoint", "coordinates": [[-59.01227984551032, -27.459771404669443]]}}, {"type": "Feature", "properties": {"gid": 39681, "cueanexo": "220096200", "localidad": "RESISTENCIA", "nombre": "JARDIN DE INFANTES Nº 112 - OLGA COSSETTINI", "vot_2019": 124, "cn_mesas": 3, "electores": 1032, "circuito": "8B", "departamento": "SAN FERNANDO", "jurisdiccion": "Chaco", "sector": "Estatal", "ambito": "Urbano", "domicilio": "VICTORIA OCAMPO  MUJERES ARGENTINAS PC.116-B° MUJERES ARGENTINAS", "cod_postal": "H3500", "telefono": "3624 459400", "email": "jardin112@gmail.com", "modcomun": 1, "modespecial": 0, "modadultos": 0, "nvcjmaternal": 0, "nvcjinfantes": 1, "nvcprimario": 0, "nvcsecundario": 0, "nvcsecundinet": 0, "nvcsnu": 0, "nvcsnuinet": 0, "nvcsnucursos": 0, "nvceductempr": 0, "nvejinfantes": 0, "nveprimario": 0, "nvesecundario": 0, "nvaprimario": 0, "nvasecundario": 0, "nvaformprofes": 0, "nvaformprofesinet": 0, "nvaalfabetiz": 0, "nvhinicial": 0, "nvhprimario": 0, "nvhsecundario": 0, "tallerartist": 0, "servcomplem": 0, "nveadultos": 0, "fuente_padron": "Padrón Oficial de Establecimientos Educativos 2025"}, "geometry": {"type": "MultiPoint", "coordinates": [[-58.947853221057656, -27.46447426118794]]}}, {"type": "Feature", "properties": {"gid": 39684, "cueanexo": "220096300", "localidad": "RESISTENCIA", "nombre": "E.E.P. Nº 319 - JUAN MANUEL ROSSI", "vot_2019": 74, "cn_mesas": 8, "electores": 2760, "circuito": "8B", "departamento": "SAN FERNANDO", "jurisdiccion": "Chaco", "sector": "Estatal", "ambito": "Urbano", "domicilio": "ARISTOBULO DEL VALLE 195 LA LIGURIA Bº LA LIGURIA", "cod_postal": "H3500", "telefono": "3624 449417", "email": "eepn319jmr@hotmail.com.ar", "modcomun": 1, "modespecial": 0, "modadultos": 0, "nvcjmaternal": 0, "nvcjinfantes": 0, "nvcprimario": 1, "nvcsecundario": 0, "nvcsecundinet": 0, "nvcsnu": 0, "nvcsnuinet": 0, "nvcsnucursos": 0, "nvceductempr": 0, "nvejinfantes": 0, "nveprimario": 0, "nvesecundario": 0, "nvaprimario": 0, "nvasecundario": 0, "nvaformprofes": 0, "nvaformprofesinet": 0, "nvaalfabetiz": 0, "nvhinicial": 0, "nvhprimario": 0, "nvhsecundario": 0, "tallerartist": 0, "servcomplem": 0, "nveadultos": 0, "fuente_padron": "Padrón Oficial de Establecimientos Educativos 2025"}, "geometry": {"type": "MultiPoint", "coordinates": [[-58.955106381125226, -27.47662188185506]]}}, {"type": "Feature", "properties": {"gid": 39685, "cueanexo": "220096400", "localidad": "RESISTENCIA", "nombre": "E.E.P. Nº 108 - INES MANUELA GARCIA DE MARQUES", "vot_2019": 65, "cn_mesas": 7, "electores": 2414, "circuito": "8B", "departamento": "SAN FERNANDO", "jurisdiccion": "Chaco", "sector": "Estatal", "ambito": "Urbano", "domicilio": "ALFONSINA STORNI 145 MUJERES ARGENTINAS B° MUJERES ARGENTINAS", "cod_postal": "H3500", "telefono": "3624 459410", "email": "eepn108@gmail.com", "modcomun": 1, "modespecial": 0, "modadultos": 0, "nvcjmaternal": 0, "nvcjinfantes": 0, "nvcprimario": 1, "nvcsecundario": 0, "nvcsecundinet": 0, "nvcsnu": 0, "nvcsnuinet": 0, "nvcsnucursos": 0, "nvceductempr": 0, "nvejinfantes": 0, "nveprimario": 0, "nvesecundario": 0, "nvaprimario": 0, "nvasecundario": 0, "nvaformprofes": 0, "nvaformprofesinet": 0, "nvaalfabetiz": 0, "nvhinicial": 0, "nvhprimario": 0, "nvhsecundario": 0, "tallerartist": 0, "servcomplem": 1, "nveadultos": 0, "fuente_padron": "Padrón Oficial de Establecimientos Educativos 2025"}, "geometry": {"type": "MultiPoint", "coordinates": [[-58.94908025760073, -27.462568230019578]]}}, {"type": "Feature", "properties": {"gid": 39686, "cueanexo": "220096500", "localidad": "RESISTENCIA", "nombre": "E.E.S. Nº 25 - CACICA MERCEDES DOMINGA (CEP 25)", "vot_2019": 4, "cn_mesas": 7, "electores": 2414, "circuito": "8B", "departamento": "SAN FERNANDO", "jurisdiccion": "Chaco", "sector": "Estatal", "ambito": "Urbano", "domicilio": "MUJERES ARGENTINAS MZ.43-PC.51-B° MUJERES ARGENTINAS", "cod_postal": "H3500", "telefono": "0 0", "email": "ees25.2200965@gmail.com", "modcomun": 1, "modespecial": 0, "modadultos": 1, "nvcjmaternal": 0, "nvcjinfantes": 0, "nvcprimario": 0, "nvcsecundario": 1, "nvcsecundinet": 0, "nvcsnu": 0, "nvcsnuinet": 0, "nvcsnucursos": 0, "nvceductempr": 0, "nvejinfantes": 0, "nveprimario": 0, "nvesecundario": 0, "nvaprimario": 0, "nvasecundario": 1, "nvaformprofes": 0, "nvaformprofesinet": 0, "nvaalfabetiz": 0, "nvhinicial": 0, "nvhprimario": 0, "nvhsecundario": 0, "tallerartist": 0, "servcomplem": 0, "nveadultos": 1, "fuente_padron": "Padrón Oficial de Establecimientos Educativos 2025"}, "geometry": {"type": "MultiPoint", "coordinates": [[-58.94929502323993, -27.462513810472263]]}}, {"type": "Feature", "properties": {"gid": 39693, "cueanexo": "220096800", "localidad": "BARRANQUERAS", "nombre": "E.E.P. Nº 954 - PRESIDENTE JUAN DOMINGO PERON", "vot_2019": 111, "cn_mesas": 7, "electores": 2429, "circuito": "11B", "departamento": "SAN FERNANDO", "jurisdiccion": "Chaco", "sector": "Estatal", "ambito": "Urbano", "domicilio": "Pasaje  500 VIVIENDAS", "cod_postal": "H3503", "telefono": "3624 647457", "email": "eep954juandomingoperon@gmail.com", "modcomun": 1, "modespecial": 0, "modadultos": 0, "nvcjmaternal": 0, "nvcjinfantes": 0, "nvcprimario": 1, "nvcsecundario": 0, "nvcsecundinet": 0, "nvcsnu": 0, "nvcsnuinet": 0, "nvcsnucursos": 0, "nvceductempr": 0, "nvejinfantes": 0, "nveprimario": 0, "nvesecundario": 0, "nvaprimario": 0, "nvasecundario": 0, "nvaformprofes": 0, "nvaformprofesinet": 0, "nvaalfabetiz": 0, "nvhinicial": 0, "nvhprimario": 0, "nvhsecundario": 0, "tallerartist": 0, "servcomplem": 0, "nveadultos": 0, "fuente_padron": "Padrón Oficial de Establecimientos Educativos 2025"}, "geometry": {"type": "MultiPoint", "coordinates": [[-58.9519697564272, -27.495196371463923]]}}, {"type": "Feature", "properties": {"gid": 39694, "cueanexo": "220096900", "localidad": "BARRANQUERAS", "nombre": "E.E.S. Nº 61 - DR.ARTURO UMBERTO ILLIA (ENS Nº 61)", "vot_2019": 46, "cn_mesas": 7, "electores": 2427, "circuito": "11B", "departamento": "SAN FERNANDO", "jurisdiccion": "Chaco", "sector": "Estatal", "ambito": "Urbano", "domicilio": "MARMOL Y TATANE  500 VIVIENDAS Bº 500 VIVIENDAS", "cod_postal": "H3503", "telefono": "3624 607584", "email": "ens61chaco@yahoo.com.ar", "modcomun": 1, "modespecial": 0, "modadultos": 0, "nvcjmaternal": 0, "nvcjinfantes": 0, "nvcprimario": 0, "nvcsecundario": 1, "nvcsecundinet": 0, "nvcsnu": 0, "nvcsnuinet": 0, "nvcsnucursos": 0, "nvceductempr": 0, "nvejinfantes": 0, "nveprimario": 0, "nvesecundario": 0, "nvaprimario": 0, "nvasecundario": 0, "nvaformprofes": 0, "nvaformprofesinet": 0, "nvaalfabetiz": 0, "nvhinicial": 0, "nvhprimario": 0, "nvhsecundario": 0, "tallerartist": 0, "servcomplem": 0, "nveadultos": 0, "fuente_padron": "Padrón Oficial de Establecimientos Educativos 2025", "nombre_padron": "E.E.S. Nº 61 - DR.ARTURO UMBERTO ILLIA (ENS 61)"}, "geometry": {"type": "MultiPoint", "coordinates": [[-58.95460922083766, -27.497201846851997]]}}, {"type": "Feature", "properties": {"gid": 39697, "cueanexo": "220097200", "localidad": "RESISTENCIA", "nombre": "E.E.P. Nº 577 - DEL SESQUICENTENARIO", "vot_2019": 87, "cn_mesas": 7, "electores": 2413, "circuito": "8B", "departamento": "SAN FERNANDO", "jurisdiccion": "Chaco", "sector": "Estatal", "ambito": "Urbano", "domicilio": "BROWN 1721 VILLA LOS LIRIOS CIRC.II-SEC.C-MZ.50-CHACRA196-VILLA LOS LIRIOS", "cod_postal": "H3500", "telefono": "3624 440683", "email": "eepn577@gmail.com", "modcomun": 1, "modespecial": 0, "modadultos": 0, "nvcjmaternal": 0, "nvcjinfantes": 0, "nvcprimario": 1, "nvcsecundario": 0, "nvcsecundinet": 0, "nvcsnu": 0, "nvcsnuinet": 0, "nvcsnucursos": 0, "nvceductempr": 0, "nvejinfantes": 0, "nveprimario": 0, "nvesecundario": 0, "nvaprimario": 0, "nvasecundario": 0, "nvaformprofes": 0, "nvaformprofesinet": 0, "nvaalfabetiz": 0, "nvhinicial": 0, "nvhprimario": 0, "nvhsecundario": 0, "tallerartist": 0, "servcomplem": 0, "nveadultos": 0, "fuente_padron": "Padrón Oficial de Establecimientos Educativos 2025"}, "geometry": {"type": "MultiPoint", "coordinates": [[-58.96872668521413, -27.46312391493011]]}}, {"type": "Feature", "properties": {"gid": 39698, "cueanexo": "220097300", "localidad": "RESISTENCIA", "nombre": "E.E.P. Nº 893 - HERMANAS DE LA CARIDAD DE QUEBEC", "vot_2019": 31, "cn_mesas": 8, "electores": 2785, "circuito": "5B", "departamento": "SAN FERNANDO", "jurisdiccion": "Chaco", "sector": "Estatal", "ambito": "Urbano", "domicilio": "SARGENTO CABRAL 1801 DON BOSCO B° DON BOSCO", "cod_postal": "H3500", "telefono": "3624 487909", "email": "893caridaddequebec@gmail.com", "modcomun": 1, "modespecial": 0, "modadultos": 0, "nvcjmaternal": 0, "nvcjinfantes": 0, "nvcprimario": 1, "nvcsecundario": 0, "nvcsecundinet": 0, "nvcsnu": 0, "nvcsnuinet": 0, "nvcsnucursos": 0, "nvceductempr": 0, "nvejinfantes": 0, "nveprimario": 0, "nvesecundario": 0, "nvaprimario": 0, "nvasecundario": 0, "nvaformprofes": 0, "nvaformprofesinet": 0, "nvaalfabetiz": 0, "nvhinicial": 0, "nvhprimario": 0, "nvhsecundario": 0, "tallerartist": 0, "servcomplem": 0, "nveadultos": 0, "fuente_padron": "Padrón Oficial de Establecimientos Educativos 2025"}, "geometry": {"type": "MultiPoint", "coordinates": [[-58.962222274870754, -27.457808797077867]]}}, {"type": "Feature", "properties": {"gid": 39699, "cueanexo": "220097400", "localidad": "BARRANQUERAS", "nombre": "E.E.T. Nº 2 - GRAL. JOSE DE SAN MARTIN (EX-CEP Y TTP 40)", "vot_2019": 58, "cn_mesas": 6, "electores": 2100, "circuito": "11A", "departamento": "SAN FERNANDO", "jurisdiccion": "Chaco", "sector": "Estatal", "ambito": "Urbano", "domicilio": "FRAY MAMERTO ESQUIU 475 VILLA EMIILIA COMPARTE CON LA EES Nº 72", "cod_postal": "H3503", "telefono": "3624 488634", "email": "eet2_bqras@yahoo.com.ar", "modcomun": 1, "modespecial": 0, "modadultos": 1, "nvcjmaternal": 0, "nvcjinfantes": 0, "nvcprimario": 0, "nvcsecundario": 1, "nvcsecundinet": 1, "nvcsnu": 0, "nvcsnuinet": 0, "nvcsnucursos": 0, "nvceductempr": 0, "nvejinfantes": 0, "nveprimario": 0, "nvesecundario": 0, "nvaprimario": 0, "nvasecundario": 0, "nvaformprofes": 1, "nvaformprofesinet": 0, "nvaalfabetiz": 0, "nvhinicial": 0, "nvhprimario": 0, "nvhsecundario": 0, "tallerartist": 0, "servcomplem": 0, "nveadultos": 1, "fuente_padron": "Padrón Oficial de Establecimientos Educativos 2025"}, "geometry": {"type": "MultiPoint", "coordinates": [[-58.93597860268717, -27.488084797582246]]}}, {"type": "Feature", "properties": {"gid": 39708, "cueanexo": "220097700", "localidad": "RESISTENCIA", "nombre": "E.E.P. Nº 116 - GASPAR LUCILO BENAVENTO", "vot_2019": 66, "cn_mesas": 8, "electores": 2756, "circuito": "8B", "departamento": "SAN FERNANDO", "jurisdiccion": "Chaco", "sector": "Estatal", "ambito": "Urbano", "domicilio": "HIPOLITO YRIGOYEN 1349 VILLA DEL CARMEN B° DEL CARMEN", "cod_postal": "H3500", "telefono": "0 0", "email": "eepn116.2016@gmail.com", "modcomun": 1, "modespecial": 0, "modadultos": 0, "nvcjmaternal": 0, "nvcjinfantes": 0, "nvcprimario": 1, "nvcsecundario": 0, "nvcsecundinet": 0, "nvcsnu": 0, "nvcsnuinet": 0, "nvcsnucursos": 0, "nvceductempr": 0, "nvejinfantes": 0, "nveprimario": 0, "nvesecundario": 0, "nvaprimario": 0, "nvasecundario": 0, "nvaformprofes": 0, "nvaformprofesinet": 0, "nvaalfabetiz": 0, "nvhinicial": 0, "nvhprimario": 0, "nvhsecundario": 0, "tallerartist": 0, "servcomplem": 0, "nveadultos": 0, "fuente_padron": "Padrón Oficial de Establecimientos Educativos 2025"}, "geometry": {"type": "MultiPoint", "coordinates": [[-58.97344806782695, -27.460796716287927]]}}, {"type": "Feature", "properties": {"gid": 39709, "cueanexo": "220097800", "localidad": "BARRANQUERAS", "nombre": "E.E.S. Nº 72 - ALMIRANTE BROWN (CEP Nº 72)", "vot_2019": 48, "cn_mesas": 7, "electores": 2449, "circuito": "11A", "departamento": "SAN FERNANDO", "jurisdiccion": "Chaco", "sector": "Estatal", "ambito": "Urbano", "domicilio": "MIGUEL CANE 480 VILLA FUSKMAN", "cod_postal": "H3503", "telefono": "3624 027369", "email": "eesn72@hotmail.com", "modcomun": 1, "modespecial": 0, "modadultos": 0, "nvcjmaternal": 0, "nvcjinfantes": 0, "nvcprimario": 0, "nvcsecundario": 1, "nvcsecundinet": 0, "nvcsnu": 0, "nvcsnuinet": 0, "nvcsnucursos": 0, "nvceductempr": 0, "nvejinfantes": 0, "nveprimario": 0, "nvesecundario": 0, "nvaprimario": 0, "nvasecundario": 0, "nvaformprofes": 0, "nvaformprofesinet": 0, "nvaalfabetiz": 0, "nvhinicial": 0, "nvhprimario": 0, "nvhsecundario": 0, "tallerartist": 0, "servcomplem": 0, "nveadultos": 0, "fuente_padron": "Padrón Oficial de Establecimientos Educativos 2025", "nombre_padron": "E.E.S. Nº 72 - ALMIRANTE BROWN (CEP 72)"}, "geometry": {"type": "MultiPoint", "coordinates": [[-58.93628455974903, -27.48830504795155]]}}, {"type": "Feature", "properties": {"gid": 39735, "cueanexo": "220100100", "localidad": "RESISTENCIA", "nombre": "E.E.S. Nº 28 - GENERAL LORENZO WINTER (CEP Nº 28)", "vot_2019": 5, "cn_mesas": 7, "electores": 2408, "circuito": "21", "departamento": "SAN FERNANDO", "jurisdiccion": "Chaco", "sector": "Estatal", "ambito": "Urbano", "domicilio": "SANTA FE 3.150 VILLA ELBA", "cod_postal": "H3500", "telefono": "3624 468577", "email": "ees28@outlook.com", "modcomun": 1, "modespecial": 0, "modadultos": 0, "nvcjmaternal": 0, "nvcjinfantes": 0, "nvcprimario": 0, "nvcsecundario": 1, "nvcsecundinet": 0, "nvcsnu": 0, "nvcsnuinet": 0, "nvcsnucursos": 0, "nvceductempr": 0, "nvejinfantes": 0, "nveprimario": 0, "nvesecundario": 0, "nvaprimario": 0, "nvasecundario": 0, "nvaformprofes": 0, "nvaformprofesinet": 0, "nvaalfabetiz": 0, "nvhinicial": 0, "nvhprimario": 0, "nvhsecundario": 0, "tallerartist": 0, "servcomplem": 1, "nveadultos": 0, "fuente_padron": "Padrón Oficial de Establecimientos Educativos 2025", "nombre_padron": "E.E.S. Nº 28 - GENERAL LORENZO WINTER (CEP 28)"}, "geometry": {"type": "MultiPoint", "coordinates": [[-59.012931377297896, -27.42427890569324]]}}, {"type": "Feature", "properties": {"gid": 39736, "cueanexo": "220100200", "localidad": "RESISTENCIA", "nombre": "E.E.E. Nº 2 - TELMA RECA", "vot_2019": 8, "cn_mesas": 7, "electores": 2413, "circuito": "15", "departamento": "SAN FERNANDO", "jurisdiccion": "Chaco", "sector": "Estatal", "ambito": "Urbano", "domicilio": "2 DE FEBRERO 239 EL PROGRESO Bº EL PROGRESO", "cod_postal": "H3500", "telefono": "3624 275684", "email": "escuelaespecial2telmareca@gmail.com", "modcomun": 0, "modespecial": 1, "modadultos": 0, "nvcjmaternal": 0, "nvcjinfantes": 0, "nvcprimario": 0, "nvcsecundario": 0, "nvcsecundinet": 0, "nvcsnu": 0, "nvcsnuinet": 0, "nvcsnucursos": 0, "nvceductempr": 0, "nvejinfantes": 0, "nveprimario": 1, "nvesecundario": 0, "nvaprimario": 0, "nvasecundario": 0, "nvaformprofes": 0, "nvaformprofesinet": 0, "nvaalfabetiz": 0, "nvhinicial": 0, "nvhprimario": 0, "nvhsecundario": 0, "tallerartist": 0, "servcomplem": 0, "nveadultos": 0, "fuente_padron": "Padrón Oficial de Establecimientos Educativos 2025"}, "geometry": {"type": "MultiPoint", "coordinates": [[-59.00264864713604, -27.461562472661114]]}}, {"type": "Feature", "properties": {"gid": 39737, "cueanexo": "220100300", "localidad": "RESISTENCIA", "nombre": "E.E.P. Nº 343 - COMBATE DE LA VUELTA DE OBLIGADO", "vot_2019": 76, "cn_mesas": 8, "electores": 2783, "circuito": "13B", "departamento": "SAN FERNANDO", "jurisdiccion": "Chaco", "sector": "Estatal", "ambito": "Urbano", "domicilio": "AV.ALBERDI 2200 VILLA MARIN VILLA MARIN", "cod_postal": "H3500", "telefono": "3624 300867", "email": "combatedelavueltadeobligado@gmail.com", "modcomun": 1, "modespecial": 0, "modadultos": 0, "nvcjmaternal": 0, "nvcjinfantes": 0, "nvcprimario": 1, "nvcsecundario": 0, "nvcsecundinet": 0, "nvcsnu": 0, "nvcsnuinet": 0, "nvcsnucursos": 0, "nvceductempr": 0, "nvejinfantes": 0, "nveprimario": 0, "nvesecundario": 0, "nvaprimario": 0, "nvasecundario": 0, "nvaformprofes": 0, "nvaformprofesinet": 0, "nvaalfabetiz": 0, "nvhinicial": 0, "nvhprimario": 0, "nvhsecundario": 0, "tallerartist": 0, "servcomplem": 0, "nveadultos": 0, "fuente_padron": "Padrón Oficial de Establecimientos Educativos 2025"}, "geometry": {"type": "MultiPoint", "coordinates": [[-59.005746978187624, -27.468011837010128]]}}, {"type": "Feature", "properties": {"gid": 39738, "cueanexo": "220100500", "localidad": "RESISTENCIA", "nombre": "E.E.P. Nº 706 - ESTANISLAO LOPEZ", "vot_2019": 97, "cn_mesas": 8, "electores": 2752, "circuito": "7B", "departamento": "SAN FERNANDO", "jurisdiccion": "Chaco", "sector": "Estatal", "ambito": "Urbano", "domicilio": "FRANKLIN 2100 VILLA FEDERAL VILLA FEDERAL", "cod_postal": "H3500", "telefono": "3624 476660", "email": "eepn706@hotmail.com", "modcomun": 1, "modespecial": 0, "modadultos": 0, "nvcjmaternal": 0, "nvcjinfantes": 0, "nvcprimario": 1, "nvcsecundario": 0, "nvcsecundinet": 0, "nvcsnu": 0, "nvcsnuinet": 0, "nvcsnucursos": 0, "nvceductempr": 0, "nvejinfantes": 0, "nveprimario": 0, "nvesecundario": 0, "nvaprimario": 0, "nvasecundario": 0, "nvaformprofes": 0, "nvaformprofesinet": 0, "nvaalfabetiz": 0, "nvhinicial": 0, "nvhprimario": 0, "nvhsecundario": 0, "tallerartist": 0, "servcomplem": 1, "nveadultos": 0, "fuente_padron": "Padrón Oficial de Establecimientos Educativos 2025"}, "geometry": {"type": "MultiPoint", "coordinates": [[-58.972429032288844, -27.47320281498515]]}}, {"type": "Feature", "properties": {"gid": 39739, "cueanexo": "220100600", "localidad": "RESISTENCIA", "nombre": "E.E.P. Nº 842 - RITA AGOTE DE SUSTAITA", "vot_2019": 106, "cn_mesas": 8, "electores": 2790, "circuito": "8A", "departamento": "SAN FERNANDO", "jurisdiccion": "Chaco", "sector": "Estatal", "ambito": "Urbano", "domicilio": "CASTELAN 620 VILLA MARIANO MORENO", "cod_postal": "H3500", "telefono": "3624 409014", "email": "escuras842@gmail.com", "modcomun": 1, "modespecial": 0, "modadultos": 0, "nvcjmaternal": 0, "nvcjinfantes": 0, "nvcprimario": 1, "nvcsecundario": 0, "nvcsecundinet": 0, "nvcsnu": 0, "nvcsnuinet": 0, "nvcsnucursos": 0, "nvceductempr": 0, "nvejinfantes": 0, "nveprimario": 0, "nvesecundario": 0, "nvaprimario": 0, "nvasecundario": 0, "nvaformprofes": 0, "nvaformprofesinet": 0, "nvaalfabetiz": 0, "nvhinicial": 0, "nvhprimario": 0, "nvhsecundario": 0, "tallerartist": 0, "servcomplem": 0, "nveadultos": 0, "fuente_padron": "Padrón Oficial de Establecimientos Educativos 2025"}, "geometry": {"type": "MultiPoint", "coordinates": [[-58.966850412902275, -27.47911921672278]]}}, {"type": "Feature", "properties": {"gid": 39740, "cueanexo": "220100700", "localidad": "RESISTENCIA", "nombre": "E.E.P. Nº 942 - CLORINDO OMAR BLANCO", "vot_2019": 32, "cn_mesas": 7, "electores": 2443, "circuito": "13B", "departamento": "SAN FERNANDO", "jurisdiccion": "Chaco", "sector": "Estatal", "ambito": "Urbano", "domicilio": "PANAMA 50 VILLA NUEVA ALT.AV.ALVERDI 3100-VILLA NUEVA", "cod_postal": "H3500", "telefono": "3624 730111", "email": "eep942cob@gmail.com", "modcomun": 1, "modespecial": 0, "modadultos": 0, "nvcjmaternal": 0, "nvcjinfantes": 0, "nvcprimario": 1, "nvcsecundario": 0, "nvcsecundinet": 0, "nvcsnu": 0, "nvcsnuinet": 0, "nvcsnucursos": 0, "nvceductempr": 0, "nvejinfantes": 0, "nveprimario": 0, "nvesecundario": 0, "nvaprimario": 0, "nvasecundario": 0, "nvaformprofes": 0, "nvaformprofesinet": 0, "nvaalfabetiz": 0, "nvhinicial": 0, "nvhprimario": 0, "nvhsecundario": 0, "tallerartist": 0, "servcomplem": 1, "nveadultos": 0, "fuente_padron": "Padrón Oficial de Establecimientos Educativos 2025"}, "geometry": {"type": "MultiPoint", "coordinates": [[-59.01463837246793, -27.47597147804498]]}}, {"type": "Feature", "properties": {"gid": 39741, "cueanexo": "220100800", "localidad": "RESISTENCIA", "nombre": "E.E.S. Nº 83 - DR.ERNESTO GUEVARA DE LA SERNA (ENS 83)", "vot_2019": 117, "cn_mesas": 8, "electores": 2791, "circuito": "13B", "departamento": "SAN FERNANDO", "jurisdiccion": "Chaco", "sector": "Estatal", "ambito": "Urbano", "domicilio": "ROQUE SAENZ PEÑA 2535 FACUNDO B° FACUNDO", "cod_postal": "H3500", "telefono": "3624 437521", "email": "secundaria83anexobla@outlook.com", "modcomun": 1, "modespecial": 0, "modadultos": 1, "nvcjmaternal": 0, "nvcjinfantes": 0, "nvcprimario": 0, "nvcsecundario": 1, "nvcsecundinet": 0, "nvcsnu": 0, "nvcsnuinet": 0, "nvcsnucursos": 0, "nvceductempr": 0, "nvejinfantes": 0, "nveprimario": 0, "nvesecundario": 0, "nvaprimario": 0, "nvasecundario": 1, "nvaformprofes": 0, "nvaformprofesinet": 0, "nvaalfabetiz": 0, "nvhinicial": 0, "nvhprimario": 0, "nvhsecundario": 0, "tallerartist": 0, "servcomplem": 0, "nveadultos": 1, "fuente_padron": "Padrón Oficial de Establecimientos Educativos 2025"}, "geometry": {"type": "MultiPoint", "coordinates": [[-59.00636558142887, -27.47400359506851]]}}, {"type": "Feature", "properties": {"gid": 39744, "cueanexo": "220100900", "localidad": "RESISTENCIA", "nombre": "E.E.P. Nº 784 - BRIG.GRAL.CORNELIO SAAVEDRA", "vot_2019": 30, "cn_mesas": 7, "electores": 2405, "circuito": "21", "departamento": "SAN FERNANDO", "jurisdiccion": "Chaco", "sector": "Estatal", "ambito": "Urbano", "domicilio": "ANELO 50 VILLA ELBA LOTE 216-CIRC.II-SEC.B-CH.117-MZ.16-PC.1 Y 2-VILLA ELBA", "cod_postal": "H3500", "telefono": "3624 852032", "email": "escedpn784@gmail.com", "modcomun": 1, "modespecial": 0, "modadultos": 0, "nvcjmaternal": 0, "nvcjinfantes": 0, "nvcprimario": 1, "nvcsecundario": 0, "nvcsecundinet": 0, "nvcsnu": 0, "nvcsnuinet": 0, "nvcsnucursos": 0, "nvceductempr": 0, "nvejinfantes": 0, "nveprimario": 0, "nvesecundario": 0, "nvaprimario": 0, "nvasecundario": 0, "nvaformprofes": 0, "nvaformprofesinet": 0, "nvaalfabetiz": 0, "nvhinicial": 0, "nvhprimario": 0, "nvhsecundario": 0, "tallerartist": 0, "servcomplem": 0, "nveadultos": 0, "fuente_padron": "Padrón Oficial de Establecimientos Educativos 2025"}, "geometry": {"type": "MultiPoint", "coordinates": [[-59.01424907389066, -27.426032083911473]]}}, {"type": "Feature", "properties": {"gid": 39800, "cueanexo": "220103300", "localidad": "FONTANA", "nombre": "E.E.T. Nº  15", "vot_2019": 56, "cn_mesas": 6, "electores": 2068, "circuito": "22A", "departamento": "SAN FERNANDO", "jurisdiccion": "Chaco", "sector": "Estatal", "ambito": "Urbano", "domicilio": "MENDOZA 3773 VILLA SARMIENTO VILLA SARMIENTO", "cod_postal": "H3514", "telefono": "3624 416821", "email": "eetn15@hotmail.com", "modcomun": 1, "modespecial": 0, "modadultos": 0, "nvcjmaternal": 0, "nvcjinfantes": 0, "nvcprimario": 0, "nvcsecundario": 1, "nvcsecundinet": 1, "nvcsnu": 0, "nvcsnuinet": 0, "nvcsnucursos": 0, "nvceductempr": 0, "nvejinfantes": 0, "nveprimario": 0, "nvesecundario": 0, "nvaprimario": 0, "nvasecundario": 0, "nvaformprofes": 0, "nvaformprofesinet": 0, "nvaalfabetiz": 0, "nvhinicial": 0, "nvhprimario": 0, "nvhsecundario": 0, "tallerartist": 0, "servcomplem": 1, "nveadultos": 0, "fuente_padron": "Padrón Oficial de Establecimientos Educativos 2025"}, "geometry": {"type": "MultiPoint", "coordinates": [[-59.02711107810777, -27.42626844075376]]}}, {"type": "Feature", "properties": {"gid": 40169, "cueanexo": "220127000", "localidad": "BARRANQUERAS", "nombre": "E.E.P. Nº 785 - JUAN MORO -", "vot_2019": 102, "cn_mesas": 8, "electores": 2768, "circuito": "11B", "departamento": "SAN FERNANDO", "jurisdiccion": "Chaco", "sector": "Estatal", "ambito": "Urbano", "domicilio": "FRANKLIN 4570 LAS MALVINAS LAS MALVINAS", "cod_postal": "H3503", "telefono": "3624 489947", "email": "juanmoro785@hotmail.com", "modcomun": 1, "modespecial": 0, "modadultos": 0, "nvcjmaternal": 0, "nvcjinfantes": 0, "nvcprimario": 1, "nvcsecundario": 0, "nvcsecundinet": 0, "nvcsnu": 0, "nvcsnuinet": 0, "nvcsnucursos": 0, "nvceductempr": 0, "nvejinfantes": 0, "nveprimario": 0, "nvesecundario": 0, "nvaprimario": 0, "nvasecundario": 0, "nvaformprofes": 0, "nvaformprofesinet": 0, "nvaalfabetiz": 0, "nvhinicial": 0, "nvhprimario": 0, "nvhsecundario": 0, "tallerartist": 0, "servcomplem": 0, "nveadultos": 0, "fuente_padron": "Padrón Oficial de Establecimientos Educativos 2025", "nombre_padron": "E.E.P. Nº 785 - JUAN MORO"}, "geometry": {"type": "MultiPoint", "coordinates": [[-58.95191164537479, -27.491717830261575]]}}, {"type": "Feature", "properties": {"gid": 40170, "cueanexo": "220127100", "localidad": "BARRANQUERAS", "nombre": "E.E.P. Nº 758 - MAR DEL PLATA", "vot_2019": 101, "cn_mesas": 6, "electores": 2094, "circuito": "11A", "departamento": "SAN FERNANDO", "jurisdiccion": "Chaco", "sector": "Estatal", "ambito": "Urbano", "domicilio": "LAPACHO  LAS MALVINAS", "cod_postal": "H3503", "telefono": "3624 488622", "email": "eep758mardelplata@gmail.com", "modcomun": 1, "modespecial": 0, "modadultos": 0, "nvcjmaternal": 0, "nvcjinfantes": 0, "nvcprimario": 1, "nvcsecundario": 0, "nvcsecundinet": 0, "nvcsnu": 0, "nvcsnuinet": 0, "nvcsnucursos": 0, "nvceductempr": 0, "nvejinfantes": 0, "nveprimario": 0, "nvesecundario": 0, "nvaprimario": 0, "nvasecundario": 0, "nvaformprofes": 0, "nvaformprofesinet": 0, "nvaalfabetiz": 0, "nvhinicial": 0, "nvhprimario": 0, "nvhsecundario": 0, "tallerartist": 0, "servcomplem": 0, "nveadultos": 0, "fuente_padron": "Padrón Oficial de Establecimientos Educativos 2025"}, "geometry": {"type": "MultiPoint", "coordinates": [[-58.94713367948319, -27.486975814405948]]}}, {"type": "Feature", "properties": {"gid": 40171, "cueanexo": "220127200", "localidad": "BARRANQUERAS", "nombre": "E.E.P. Nº 433 - MARTIN DE MOUSSY", "vot_2019": 23, "cn_mesas": 7, "electores": 2422, "circuito": "11B", "departamento": "SAN FERNANDO", "jurisdiccion": "Chaco", "sector": "Estatal", "ambito": "Urbano", "domicilio": "ALFREDO VEIRAVE 55 U.C.A.L Bº UCAL", "cod_postal": "H3503", "telefono": "3624 204406", "email": "eep433@hotmail.com", "modcomun": 1, "modespecial": 0, "modadultos": 0, "nvcjmaternal": 0, "nvcjinfantes": 0, "nvcprimario": 1, "nvcsecundario": 0, "nvcsecundinet": 0, "nvcsnu": 0, "nvcsnuinet": 0, "nvcsnucursos": 0, "nvceductempr": 0, "nvejinfantes": 0, "nveprimario": 0, "nvesecundario": 0, "nvaprimario": 0, "nvasecundario": 0, "nvaformprofes": 0, "nvaformprofesinet": 0, "nvaalfabetiz": 0, "nvhinicial": 0, "nvhprimario": 0, "nvhsecundario": 0, "tallerartist": 0, "servcomplem": 1, "nveadultos": 0, "fuente_padron": "Padrón Oficial de Establecimientos Educativos 2025"}, "geometry": {"type": "MultiPoint", "coordinates": [[-58.940605410538595, -27.493075067199577]]}}, {"type": "Feature", "properties": {"gid": 40172, "cueanexo": "220127300", "localidad": "RESISTENCIA", "nombre": "E.E.P. Nº 336 - ENRIQUE BANCHS", "vot_2019": 75, "cn_mesas": 8, "electores": 2744, "circuito": "5A", "departamento": "SAN FERNANDO", "jurisdiccion": "Chaco", "sector": "Estatal", "ambito": "Urbano", "domicilio": "ALICE LE SAIGE 599 VILLA SAN MARTIN VILLA SAN MARTIN", "cod_postal": "H3500", "telefono": "0 0", "email": "eep336@hotmail.com", "modcomun": 1, "modespecial": 0, "modadultos": 0, "nvcjmaternal": 0, "nvcjinfantes": 0, "nvcprimario": 1, "nvcsecundario": 0, "nvcsecundinet": 0, "nvcsnu": 0, "nvcsnuinet": 0, "nvcsnucursos": 0, "nvceductempr": 0, "nvejinfantes": 0, "nveprimario": 0, "nvesecundario": 0, "nvaprimario": 0, "nvasecundario": 0, "nvaformprofes": 0, "nvaformprofesinet": 0, "nvaalfabetiz": 0, "nvhinicial": 0, "nvhprimario": 0, "nvhsecundario": 0, "tallerartist": 0, "servcomplem": 0, "nveadultos": 0, "fuente_padron": "Padrón Oficial de Establecimientos Educativos 2025"}, "geometry": {"type": "MultiPoint", "coordinates": [[-58.970697528864534, -27.44602506699727]]}}, {"type": "Feature", "properties": {"gid": 40179, "cueanexo": "220128000", "localidad": "RESISTENCIA", "nombre": "E.E.P. Nº 607 - DEL CENTENARIO DE LA CREACION DEL CHACO", "vot_2019": 89, "cn_mesas": 7, "electores": 2343, "circuito": "19A", "departamento": "SAN FERNANDO", "jurisdiccion": "Chaco", "sector": "Estatal", "ambito": "Urbano", "domicilio": "ECUADOR 130", "cod_postal": "H3500", "telefono": "3624 668821", "email": "egb607@gmail.com", "modcomun": 1, "modespecial": 0, "modadultos": 0, "nvcjmaternal": 0, "nvcjinfantes": 0, "nvcprimario": 1, "nvcsecundario": 0, "nvcsecundinet": 0, "nvcsnu": 0, "nvcsnuinet": 0, "nvcsnucursos": 0, "nvceductempr": 0, "nvejinfantes": 0, "nveprimario": 0, "nvesecundario": 0, "nvaprimario": 0, "nvasecundario": 0, "nvaformprofes": 0, "nvaformprofesinet": 0, "nvaalfabetiz": 0, "nvhinicial": 0, "nvhprimario": 0, "nvhsecundario": 0, "tallerartist": 0, "servcomplem": 0, "nveadultos": 0, "fuente_padron": "Padrón Oficial de Establecimientos Educativos 2025"}, "geometry": {"type": "MultiPoint", "coordinates": [[-58.97676820894544, -27.440203813316522]]}}, {"type": "Feature", "properties": {"gid": 40180, "cueanexo": "220128100", "localidad": "RESISTENCIA", "nombre": "E.E.P. Nº 373 - AMERICA", "vot_2019": 78, "cn_mesas": 8, "electores": 2783, "circuito": "18", "departamento": "SAN FERNANDO", "jurisdiccion": "Chaco", "sector": "Estatal", "ambito": "Urbano", "domicilio": "LA RIOJA 1250 VILLA PERRANDO", "cod_postal": "H3500", "telefono": "0 0", "email": "eepn373america@gmail.com", "modcomun": 1, "modespecial": 0, "modadultos": 0, "nvcjmaternal": 0, "nvcjinfantes": 0, "nvcprimario": 1, "nvcsecundario": 0, "nvcsecundinet": 0, "nvcsnu": 0, "nvcsnuinet": 0, "nvcsnucursos": 0, "nvceductempr": 0, "nvejinfantes": 0, "nveprimario": 0, "nvesecundario": 0, "nvaprimario": 0, "nvasecundario": 0, "nvaformprofes": 0, "nvaformprofesinet": 0, "nvaalfabetiz": 0, "nvhinicial": 0, "nvhprimario": 0, "nvhsecundario": 0, "tallerartist": 0, "servcomplem": 1, "nveadultos": 0, "fuente_padron": "Padrón Oficial de Establecimientos Educativos 2025"}, "geometry": {"type": "MultiPoint", "coordinates": [[-58.992557718116316, -27.43611769777146]]}}, {"type": "Feature", "properties": {"gid": 40185, "cueanexo": "220128500", "localidad": "RESISTENCIA", "nombre": "E.E.P. Nº 62 - CAALTE. VALENTIN FEILBERG", "vot_2019": 90, "cn_mesas": 3, "electores": 976, "circuito": "20", "departamento": "SAN FERNANDO", "jurisdiccion": "Chaco", "sector": "Estatal", "ambito": "Urbano", "domicilio": "VILLA FABIANA NORTE", "cod_postal": "H3500", "telefono": "3624 930636", "email": "eep62vfvf@gmail.com", "modcomun": 1, "modespecial": 0, "modadultos": 0, "nvcjmaternal": 0, "nvcjinfantes": 1, "nvcprimario": 1, "nvcsecundario": 0, "nvcsecundinet": 0, "nvcsnu": 0, "nvcsnuinet": 0, "nvcsnucursos": 0, "nvceductempr": 0, "nvejinfantes": 0, "nveprimario": 0, "nvesecundario": 0, "nvaprimario": 0, "nvasecundario": 0, "nvaformprofes": 0, "nvaformprofesinet": 0, "nvaalfabetiz": 0, "nvhinicial": 0, "nvhprimario": 0, "nvhsecundario": 0, "tallerartist": 0, "servcomplem": 1, "nveadultos": 0, "fuente_padron": "Padrón Oficial de Establecimientos Educativos 2025"}, "geometry": {"type": "MultiPoint", "coordinates": [[-58.93642389924039, -27.42319529934384]]}}, {"type": "Feature", "properties": {"gid": 40198, "cueanexo": "220129300", "localidad": "RESISTENCIA", "nombre": "E.E.P. Nº 831 - FUERZA AEREA ARGENTINA", "vot_2019": 114, "cn_mesas": 7, "electores": 2408, "circuito": "7B", "departamento": "SAN FERNANDO", "jurisdiccion": "Chaco", "sector": "Estatal", "ambito": "Urbano", "domicilio": "ARTURO ILLIA 1955 VILLA SAN JUAN", "cod_postal": "H3500", "telefono": "3624 435707", "email": "escuelaep.831@gmail.com", "modcomun": 1, "modespecial": 0, "modadultos": 0, "nvcjmaternal": 0, "nvcjinfantes": 0, "nvcprimario": 1, "nvcsecundario": 0, "nvcsecundinet": 0, "nvcsnu": 0, "nvcsnuinet": 0, "nvcsnucursos": 0, "nvceductempr": 0, "nvejinfantes": 0, "nveprimario": 0, "nvesecundario": 0, "nvaprimario": 0, "nvasecundario": 0, "nvaformprofes": 0, "nvaformprofesinet": 0, "nvaalfabetiz": 0, "nvhinicial": 0, "nvhprimario": 0, "nvhsecundario": 0, "tallerartist": 0, "servcomplem": 0, "nveadultos": 0, "fuente_padron": "Padrón Oficial de Establecimientos Educativos 2025"}, "geometry": {"type": "MultiPoint", "coordinates": [[-58.970426529449405, -27.468231305291457]]}}, {"type": "Feature", "properties": {"gid": 40199, "cueanexo": "220129400", "localidad": "RESISTENCIA", "nombre": "E.E.P. Nº 13 - MINISTRO BENJAMIN VICTORICA", "vot_2019": 62, "cn_mesas": 8, "electores": 2784, "circuito": "8A", "departamento": "SAN FERNANDO", "jurisdiccion": "Chaco", "sector": "Estatal", "ambito": "Urbano", "domicilio": "AV.9 DE JULIO 3160 LA LIGURIA ENTRE ROGER BALET, LINCHARRIBALZAGA Y ARTURO ILLIA", "cod_postal": "H3500", "telefono": "3624 506435", "email": "benjaminvictorica13@gmail.com", "modcomun": 1, "modespecial": 0, "modadultos": 0, "nvcjmaternal": 0, "nvcjinfantes": 0, "nvcprimario": 1, "nvcsecundario": 0, "nvcsecundinet": 0, "nvcsnu": 0, "nvcsnuinet": 0, "nvcsnucursos": 0, "nvceductempr": 0, "nvejinfantes": 0, "nveprimario": 0, "nvesecundario": 0, "nvaprimario": 0, "nvasecundario": 0, "nvaformprofes": 0, "nvaformprofesinet": 0, "nvaalfabetiz": 0, "nvhinicial": 0, "nvhprimario": 0, "nvhsecundario": 0, "tallerartist": 0, "servcomplem": 0, "nveadultos": 0, "fuente_padron": "Padrón Oficial de Establecimientos Educativos 2025"}, "geometry": {"type": "MultiPoint", "coordinates": [[-58.958482913906266, -27.476416688316178]]}}, {"type": "Feature", "properties": {"gid": 40200, "cueanexo": "220129500", "localidad": "RESISTENCIA", "nombre": "E.E.S. Nº 60 - GRAL.ANGEL VICENTE PEÑALOZA (ENS Nº 60)", "vot_2019": 45, "cn_mesas": 8, "electores": 2758, "circuito": "15", "departamento": "SAN FERNANDO", "jurisdiccion": "Chaco", "sector": "Estatal", "ambito": "Urbano", "domicilio": "PADRE FRESCHI(EX ARIZAGA) 139 HIPOLITO YRIGOYEN ALTURA AV.ALBERDI 2100-BºHIPOLITO YRIGOYEN", "cod_postal": "H3500", "telefono": "3624 047581", "email": "eex60xb@gmail.com", "modcomun": 1, "modespecial": 0, "modadultos": 0, "nvcjmaternal": 0, "nvcjinfantes": 0, "nvcprimario": 0, "nvcsecundario": 1, "nvcsecundinet": 0, "nvcsnu": 0, "nvcsnuinet": 0, "nvcsnucursos": 0, "nvceductempr": 0, "nvejinfantes": 0, "nveprimario": 0, "nvesecundario": 0, "nvaprimario": 0, "nvasecundario": 0, "nvaformprofes": 0, "nvaformprofesinet": 0, "nvaalfabetiz": 0, "nvhinicial": 0, "nvhprimario": 0, "nvhsecundario": 0, "tallerartist": 0, "servcomplem": 0, "nveadultos": 0, "fuente_padron": "Padrón Oficial de Establecimientos Educativos 2025", "nombre_padron": "E.E.S. Nº 60 - GRAL. ANGEL VICENTE PEÑALOZA (ENS 60)"}, "geometry": {"type": "MultiPoint", "coordinates": [[-59.00697507170268, -27.467044969197282]]}}, {"type": "Feature", "properties": {"gid": 40205, "cueanexo": "220130000", "localidad": "RESISTENCIA", "nombre": "E.E.P. Nº 833 - GERONIMO MATORRAS", "vot_2019": 103, "cn_mesas": 8, "electores": 2787, "circuito": "16A", "departamento": "SAN FERNANDO", "jurisdiccion": "Chaco", "sector": "Estatal", "ambito": "Urbano", "domicilio": "AV.MAC LEAN 1990 VILLA DON ENRIQUE", "cod_postal": "H3500", "telefono": "3624 420455", "email": "geronimomatorras833@gmail.com", "modcomun": 1, "modespecial": 0, "modadultos": 0, "nvcjmaternal": 0, "nvcjinfantes": 0, "nvcprimario": 1, "nvcsecundario": 0, "nvcsecundinet": 0, "nvcsnu": 0, "nvcsnuinet": 0, "nvcsnucursos": 0, "nvceductempr": 0, "nvejinfantes": 0, "nveprimario": 0, "nvesecundario": 0, "nvaprimario": 0, "nvasecundario": 0, "nvaformprofes": 0, "nvaformprofesinet": 0, "nvaalfabetiz": 0, "nvhinicial": 0, "nvhprimario": 0, "nvhsecundario": 0, "tallerartist": 0, "servcomplem": 0, "nveadultos": 0, "fuente_padron": "Padrón Oficial de Establecimientos Educativos 2025"}, "geometry": {"type": "MultiPoint", "coordinates": [[-59.01725949029452, -27.453421424747265]]}}, {"type": "Feature", "properties": {"gid": 40210, "cueanexo": "220130200", "localidad": "RESISTENCIA", "nombre": "E.E.S. Nº 175 - DR.CARLOS A.BARBERAN (CEP 61)", "vot_2019": 40, "cn_mesas": 7, "electores": 2441, "circuito": "16A", "departamento": "SAN FERNANDO", "jurisdiccion": "Chaco", "sector": "Estatal", "ambito": "Urbano", "domicilio": "SIXTO LACONICH 2750 VILLA BARBERAN B° BARBERAN", "cod_postal": "H3500", "telefono": "3624 468010", "email": "secundaria175barberan@gmail.com", "modcomun": 1, "modespecial": 0, "modadultos": 1, "nvcjmaternal": 0, "nvcjinfantes": 0, "nvcprimario": 0, "nvcsecundario": 1, "nvcsecundinet": 0, "nvcsnu": 0, "nvcsnuinet": 0, "nvcsnucursos": 0, "nvceductempr": 0, "nvejinfantes": 0, "nveprimario": 0, "nvesecundario": 0, "nvaprimario": 0, "nvasecundario": 1, "nvaformprofes": 0, "nvaformprofesinet": 0, "nvaalfabetiz": 0, "nvhinicial": 0, "nvhprimario": 0, "nvhsecundario": 0, "tallerartist": 0, "servcomplem": 0, "nveadultos": 1, "fuente_padron": "Padrón Oficial de Establecimientos Educativos 2025"}, "geometry": {"type": "MultiPoint", "coordinates": [[-59.03686714693335, -27.451991700768268]]}}, {"type": "Feature", "properties": {"gid": 40213, "cueanexo": "220130300", "localidad": "RESISTENCIA", "nombre": "E.E.P. Nº 880 - JUSTO P. FARIAS", "vot_2019": 107, "cn_mesas": 8, "electores": 2788, "circuito": "16A", "departamento": "SAN FERNANDO", "jurisdiccion": "Chaco", "sector": "Estatal", "ambito": "Urbano", "domicilio": "2 DE ABRIL DE 1982 1300 SANTA INES", "cod_postal": "H3500", "telefono": "3624 459524", "email": "eep880justopfaria@gmail.com", "modcomun": 1, "modespecial": 0, "modadultos": 0, "nvcjmaternal": 0, "nvcjinfantes": 0, "nvcprimario": 1, "nvcsecundario": 0, "nvcsecundinet": 0, "nvcsnu": 0, "nvcsnuinet": 0, "nvcsnucursos": 0, "nvceductempr": 0, "nvejinfantes": 0, "nveprimario": 0, "nvesecundario": 0, "nvaprimario": 0, "nvasecundario": 0, "nvaformprofes": 0, "nvaformprofesinet": 0, "nvaalfabetiz": 0, "nvhinicial": 0, "nvhprimario": 0, "nvhsecundario": 0, "tallerartist": 0, "servcomplem": 0, "nveadultos": 0, "fuente_padron": "Padrón Oficial de Establecimientos Educativos 2025"}, "geometry": {"type": "MultiPoint", "coordinates": [[-59.01815668182205, -27.459131479223483]]}}, {"type": "Feature", "properties": {"gid": 40214, "cueanexo": "220130400", "localidad": "RESISTENCIA", "nombre": "E.E.P. Nº 695 - FRAY CAYETANO JOSE RODRIGUEZ", "vot_2019": 28, "cn_mesas": 8, "electores": 2790, "circuito": "16A", "departamento": "SAN FERNANDO", "jurisdiccion": "Chaco", "sector": "Estatal", "ambito": "Urbano", "domicilio": "ENRIQUE KISTERMACHER 2590 VILLA BARBERAN B° JARDIN BARBERAN", "cod_postal": "H3500", "telefono": "3624 542028", "email": "eep695@gmail.com", "modcomun": 1, "modespecial": 0, "modadultos": 0, "nvcjmaternal": 0, "nvcjinfantes": 0, "nvcprimario": 1, "nvcsecundario": 0, "nvcsecundinet": 0, "nvcsnu": 0, "nvcsnuinet": 0, "nvcsnucursos": 0, "nvceductempr": 0, "nvejinfantes": 0, "nveprimario": 0, "nvesecundario": 0, "nvaprimario": 0, "nvasecundario": 0, "nvaformprofes": 0, "nvaformprofesinet": 0, "nvaalfabetiz": 0, "nvhinicial": 0, "nvhprimario": 0, "nvhsecundario": 0, "tallerartist": 0, "servcomplem": 1, "nveadultos": 0, "fuente_padron": "Padrón Oficial de Establecimientos Educativos 2025"}, "geometry": {"type": "MultiPoint", "coordinates": [[-59.0355094470289, -27.454648390890945]]}}, {"type": "Feature", "properties": {"gid": 40218, "cueanexo": "220130800", "localidad": "RESISTENCIA", "nombre": "E.E.T. Nº 16 - 1° DE MAYO (EX-CEP Y TTP Nº 44)", "vot_2019": 57, "cn_mesas": 8, "electores": 2788, "circuito": "16A", "departamento": "SAN FERNANDO", "jurisdiccion": "Chaco", "sector": "Estatal", "ambito": "Urbano", "domicilio": "AV.HERNANDARIA 2050 SAN CAYETANO MZ.34-PC.3-CIRC.II-CH.129-B° SAN CAYETANO", "cod_postal": "H3500", "telefono": "3624 663984", "email": "eetn16@gmail.com", "modcomun": 1, "modespecial": 0, "modadultos": 0, "nvcjmaternal": 0, "nvcjinfantes": 0, "nvcprimario": 0, "nvcsecundario": 1, "nvcsecundinet": 1, "nvcsnu": 0, "nvcsnuinet": 0, "nvcsnucursos": 0, "nvceductempr": 0, "nvejinfantes": 0, "nveprimario": 0, "nvesecundario": 0, "nvaprimario": 0, "nvasecundario": 0, "nvaformprofes": 0, "nvaformprofesinet": 0, "nvaalfabetiz": 0, "nvhinicial": 0, "nvhprimario": 0, "nvhsecundario": 0, "tallerartist": 0, "servcomplem": 1, "nveadultos": 0, "fuente_padron": "Padrón Oficial de Establecimientos Educativos 2025"}, "geometry": {"type": "MultiPoint", "coordinates": [[-59.01148958494168, -27.46044024438217]]}}, {"type": "Feature", "properties": {"gid": 40252, "cueanexo": "220132700", "localidad": "RESISTENCIA", "nombre": "E.E.P. Nº 383 - MTRA.ENRIQUETA M.DE SOLIMANO", "vot_2019": 79, "cn_mesas": 8, "electores": 2744, "circuito": "16B", "departamento": "SAN FERNANDO", "jurisdiccion": "Chaco", "sector": "Estatal", "ambito": "Urbano", "domicilio": "ISABEL LA CATOLICA  ESPAÑA B° ESPAÑA", "cod_postal": "H3500", "telefono": "0 0", "email": "eep_383@hotmail.com", "modcomun": 1, "modespecial": 0, "modadultos": 0, "nvcjmaternal": 0, "nvcjinfantes": 0, "nvcprimario": 1, "nvcsecundario": 0, "nvcsecundinet": 0, "nvcsnu": 0, "nvcsnuinet": 0, "nvcsnucursos": 0, "nvceductempr": 0, "nvejinfantes": 0, "nveprimario": 0, "nvesecundario": 0, "nvaprimario": 0, "nvasecundario": 0, "nvaformprofes": 0, "nvaformprofesinet": 0, "nvaalfabetiz": 0, "nvhinicial": 0, "nvhprimario": 0, "nvhsecundario": 0, "tallerartist": 0, "servcomplem": 1, "nveadultos": 0, "fuente_padron": "Padrón Oficial de Establecimientos Educativos 2025"}, "geometry": {"type": "MultiPoint", "coordinates": [[-59.016747530136065, -27.44278784873034]]}}, {"type": "Feature", "properties": {"gid": 40254, "cueanexo": "220132900", "localidad": "RESISTENCIA", "nombre": "E.E.P. Nº 54 - EJERCITO ARGENTINO", "vot_2019": 25, "cn_mesas": 8, "electores": 2752, "circuito": "15", "departamento": "SAN FERNANDO", "jurisdiccion": "Chaco", "sector": "Estatal", "ambito": "Urbano", "domicilio": "MENDOZA 685  Entre ECHEVARRIA, CANGALLO, AV. ALVEAR", "cod_postal": "H3500", "telefono": "3624 715444", "email": "escuelaejercitoargentino93@gmail.com", "modcomun": 1, "modespecial": 0, "modadultos": 0, "nvcjmaternal": 0, "nvcjinfantes": 0, "nvcprimario": 1, "nvcsecundario": 0, "nvcsecundinet": 0, "nvcsnu": 0, "nvcsnuinet": 0, "nvcsnucursos": 0, "nvceductempr": 0, "nvejinfantes": 0, "nveprimario": 0, "nvesecundario": 0, "nvaprimario": 0, "nvasecundario": 0, "nvaformprofes": 0, "nvaformprofesinet": 0, "nvaalfabetiz": 0, "nvhinicial": 0, "nvhprimario": 0, "nvhsecundario": 0, "tallerartist": 0, "servcomplem": 0, "nveadultos": 0, "fuente_padron": "Padrón Oficial de Establecimientos Educativos 2025"}, "geometry": {"type": "MultiPoint", "coordinates": [[-58.99846770436544, -27.451713819895303]]}}, {"type": "Feature", "properties": {"gid": 40255, "cueanexo": "220133000", "localidad": "RESISTENCIA", "nombre": "E.E.E. Nº 5 - DRA. LYDIA F.DE CORIAT", "vot_2019": 9, "cn_mesas": 8, "electores": 2741, "circuito": "16B", "departamento": "SAN FERNANDO", "jurisdiccion": "Chaco", "sector": "Estatal", "ambito": "Urbano", "domicilio": "CARLOS TEJEDOR  PROVINCIAS UNIDAS MZ.8-PC.60-B° PROV.UNIDAS", "cod_postal": "H3500", "telefono": "3624 468586", "email": "eespecial5@hotmail.com", "modcomun": 0, "modespecial": 1, "modadultos": 0, "nvcjmaternal": 0, "nvcjinfantes": 0, "nvcprimario": 0, "nvcsecundario": 0, "nvcsecundinet": 0, "nvcsnu": 0, "nvcsnuinet": 0, "nvcsnucursos": 0, "nvceductempr": 1, "nvejinfantes": 1, "nveprimario": 1, "nvesecundario": 0, "nvaprimario": 0, "nvasecundario": 0, "nvaformprofes": 0, "nvaformprofesinet": 0, "nvaalfabetiz": 0, "nvhinicial": 0, "nvhprimario": 0, "nvhsecundario": 0, "tallerartist": 0, "servcomplem": 0, "nveadultos": 0, "fuente_padron": "Padrón Oficial de Establecimientos Educativos 2025"}, "geometry": {"type": "MultiPoint", "coordinates": [[-59.015110900678174, -27.447757332825656]]}}, {"type": "Feature", "properties": {"gid": 40256, "cueanexo": "220133100", "localidad": "RESISTENCIA", "nombre": "E.E.P. Nº 274 - GRAL.JOSE DE SAN MARTIN", "vot_2019": 72, "cn_mesas": 7, "electores": 2451, "circuito": "16C", "departamento": "SAN FERNANDO", "jurisdiccion": "Chaco", "sector": "Estatal", "ambito": "Urbano", "domicilio": "MENDOZA 1651 VILLA PEGORARO VILLA PEGORARO", "cod_postal": "H3500", "telefono": "3624 465529", "email": "eep.nro.274@gmail.com", "modcomun": 1, "modespecial": 0, "modadultos": 0, "nvcjmaternal": 0, "nvcjinfantes": 0, "nvcprimario": 1, "nvcsecundario": 0, "nvcsecundinet": 0, "nvcsnu": 0, "nvcsnuinet": 0, "nvcsnucursos": 0, "nvceductempr": 0, "nvejinfantes": 0, "nveprimario": 0, "nvesecundario": 0, "nvaprimario": 0, "nvasecundario": 0, "nvaformprofes": 0, "nvaformprofesinet": 0, "nvaalfabetiz": 0, "nvhinicial": 0, "nvhprimario": 0, "nvhsecundario": 0, "tallerartist": 0, "servcomplem": 0, "nveadultos": 0, "fuente_padron": "Padrón Oficial de Establecimientos Educativos 2025"}, "geometry": {"type": "MultiPoint", "coordinates": [[-59.007679825478355, -27.44349967039339]]}}, {"type": "Feature", "properties": {"gid": 40257, "cueanexo": "220133200", "localidad": "RESISTENCIA", "nombre": "E.E.P. Nº 518 - COMANDANTE ANDRESITO", "vot_2019": 86, "cn_mesas": 8, "electores": 2743, "circuito": "16B", "departamento": "SAN FERNANDO", "jurisdiccion": "Chaco", "sector": "Estatal", "ambito": "Urbano", "domicilio": "ALVAREZ JONTE  PROVINCIAS UNIDAS P.C.71-B° PROV.UNIDAS", "cod_postal": "H3500", "telefono": "3624 463880", "email": "eepn518@hotmail.com", "modcomun": 1, "modespecial": 0, "modadultos": 0, "nvcjmaternal": 0, "nvcjinfantes": 0, "nvcprimario": 1, "nvcsecundario": 0, "nvcsecundinet": 0, "nvcsnu": 0, "nvcsnuinet": 0, "nvcsnucursos": 0, "nvceductempr": 0, "nvejinfantes": 0, "nveprimario": 0, "nvesecundario": 0, "nvaprimario": 0, "nvasecundario": 0, "nvaformprofes": 0, "nvaformprofesinet": 0, "nvaalfabetiz": 0, "nvhinicial": 0, "nvhprimario": 0, "nvhsecundario": 0, "tallerartist": 0, "servcomplem": 0, "nveadultos": 0, "fuente_padron": "Padrón Oficial de Establecimientos Educativos 2025"}, "geometry": {"type": "MultiPoint", "coordinates": [[-59.01547632663318, -27.44800294832099]]}}, {"type": "Feature", "properties": {"gid": 40258, "cueanexo": "220133300", "localidad": "RESISTENCIA", "nombre": "U.E.G.P Nº 26 (UEP Nº 26) SAN JOSE OBRERO", "vot_2019": 132, "cn_mesas": 8, "electores": 2752, "circuito": "15", "departamento": "SAN FERNANDO", "jurisdiccion": "Chaco", "sector": "Privado", "ambito": "Urbano", "domicilio": "FRANCISCO MOLINA 565 MONSEÑOR DE CARLO", "cod_postal": "H3500", "telefono": "3624 436974", "email": "uep26_sjo@yahoo.com.ar", "modcomun": 1, "modespecial": 0, "modadultos": 0, "nvcjmaternal": 0, "nvcjinfantes": 0, "nvcprimario": 1, "nvcsecundario": 0, "nvcsecundinet": 0, "nvcsnu": 0, "nvcsnuinet": 0, "nvcsnucursos": 0, "nvceductempr": 0, "nvejinfantes": 0, "nveprimario": 0, "nvesecundario": 0, "nvaprimario": 0, "nvasecundario": 0, "nvaformprofes": 0, "nvaformprofesinet": 0, "nvaalfabetiz": 0, "nvhinicial": 0, "nvhprimario": 0, "nvhsecundario": 0, "tallerartist": 0, "servcomplem": 0, "nveadultos": 0, "fuente_padron": "Padrón Oficial de Establecimientos Educativos 2025", "nombre_padron": "U.E.G.P. Nº 26 (UEP 26) SAN JOSE OBRERO"}, "geometry": {"type": "MultiPoint", "coordinates": [[-59.00033707097856, -27.454678429494134]]}}, {"type": "Feature", "properties": {"gid": 40356, "cueanexo": "220139800", "localidad": "RESISTENCIA", "nombre": "E.E.P. Nº 1 - BENJAMIN ZORRILLA", "vot_2019": 12, "cn_mesas": 7, "electores": 2330, "circuito": "4", "departamento": "SAN FERNANDO", "jurisdiccion": "Chaco", "sector": "Estatal", "ambito": "Urbano", "domicilio": "SANTA MARIA DE ORO 28 CENTRO ENTRE AV. 25 DE MAYO Y JULIO A. ROCA", "cod_postal": "H3500", "telefono": "3624 440693", "email": "direzorrilla@gmail.com", "modcomun": 1, "modespecial": 0, "modadultos": 0, "nvcjmaternal": 0, "nvcjinfantes": 0, "nvcprimario": 1, "nvcsecundario": 0, "nvcsecundinet": 0, "nvcsnu": 0, "nvcsnuinet": 0, "nvcsnucursos": 0, "nvceductempr": 0, "nvejinfantes": 0, "nveprimario": 0, "nvesecundario": 0, "nvaprimario": 0, "nvasecundario": 0, "nvaformprofes": 0, "nvaformprofesinet": 0, "nvaalfabetiz": 0, "nvhinicial": 0, "nvhprimario": 0, "nvhsecundario": 0, "tallerartist": 0, "servcomplem": 0, "nveadultos": 0, "fuente_padron": "Padrón Oficial de Establecimientos Educativos 2025"}, "geometry": {"type": "MultiPoint", "coordinates": [[-58.987992975811196, -27.450590304223894]]}}, {"type": "Feature", "properties": {"gid": 40401, "cueanexo": "220142300", "localidad": "RESISTENCIA", "nombre": "E.E.S. Nº 67 - GRAL. DON MANUEL OBLIGADO (CEP Nº 67)", "vot_2019": 47, "cn_mesas": 6, "electores": 1992, "circuito": "14", "departamento": "SAN FERNANDO", "jurisdiccion": "Chaco", "sector": "Estatal", "ambito": "Urbano", "domicilio": "AV.SAN MARTIN 602 CENTRAL NORTE", "cod_postal": "H3500", "telefono": "3624 427430", "email": "eesn67@hotmail.com", "modcomun": 1, "modespecial": 0, "modadultos": 0, "nvcjmaternal": 0, "nvcjinfantes": 0, "nvcprimario": 0, "nvcsecundario": 1, "nvcsecundinet": 0, "nvcsnu": 0, "nvcsnuinet": 0, "nvcsnucursos": 0, "nvceductempr": 0, "nvejinfantes": 0, "nveprimario": 0, "nvesecundario": 0, "nvaprimario": 0, "nvasecundario": 0, "nvaformprofes": 0, "nvaformprofesinet": 0, "nvaalfabetiz": 0, "nvhinicial": 0, "nvhprimario": 0, "nvhsecundario": 0, "tallerartist": 0, "servcomplem": 0, "nveadultos": 0, "fuente_padron": "Padrón Oficial de Establecimientos Educativos 2025", "nombre_padron": "E.E.S. Nº 67 - GRAL. DON MANUEL OBLIGADO (CEP 67)"}, "geometry": {"type": "MultiPoint", "coordinates": [[-58.987725437266455, -27.459694231082842]]}}, {"type": "Feature", "properties": {"gid": 40404, "cueanexo": "220142500", "localidad": "RESISTENCIA", "nombre": "E.E.S. Nº 84 - PEDRO H. UREÑA (CEP Nº 84)", "vot_2019": 50, "cn_mesas": 8, "electores": 2782, "circuito": "8A", "departamento": "SAN FERNANDO", "jurisdiccion": "Chaco", "sector": "Estatal", "ambito": "Urbano", "domicilio": "DR. PARODI 125 VILLA SAN JUAN FUNCIONA CON BIBL 385", "cod_postal": "H3500", "telefono": "3625 624035", "email": "ees84resistenciachaco@gmail.com", "modcomun": 1, "modespecial": 0, "modadultos": 0, "nvcjmaternal": 0, "nvcjinfantes": 0, "nvcprimario": 0, "nvcsecundario": 1, "nvcsecundinet": 0, "nvcsnu": 0, "nvcsnuinet": 0, "nvcsnucursos": 0, "nvceductempr": 0, "nvejinfantes": 0, "nveprimario": 0, "nvesecundario": 0, "nvaprimario": 0, "nvasecundario": 0, "nvaformprofes": 0, "nvaformprofesinet": 0, "nvaalfabetiz": 0, "nvhinicial": 0, "nvhprimario": 0, "nvhsecundario": 0, "tallerartist": 0, "servcomplem": 0, "nveadultos": 0, "fuente_padron": "Padrón Oficial de Establecimientos Educativos 2025", "nombre_padron": "E.E.S. Nº 84 - PEDRO H. UREÑA (CEP 84)"}, "geometry": {"type": "MultiPoint", "coordinates": [[-58.97018643764227, -27.467607868436872]]}}, {"type": "Feature", "properties": {"gid": 40432, "cueanexo": "220144500", "localidad": "RESISTENCIA", "nombre": "E.E.P. Nº 423 - YEBRAIL MATTA", "vot_2019": 82, "cn_mesas": 8, "electores": 2789, "circuito": "13B", "departamento": "SAN FERNANDO", "jurisdiccion": "Chaco", "sector": "Estatal", "ambito": "Urbano", "domicilio": "ARTURO FRONDIZI 1535 B° CENTENARIO", "cod_postal": "H3500", "telefono": "3624 425975", "email": "escuela423@hotmail.com", "modcomun": 1, "modespecial": 0, "modadultos": 0, "nvcjmaternal": 0, "nvcjinfantes": 0, "nvcprimario": 1, "nvcsecundario": 0, "nvcsecundinet": 0, "nvcsnu": 0, "nvcsnuinet": 0, "nvcsnucursos": 0, "nvceductempr": 0, "nvejinfantes": 0, "nveprimario": 0, "nvesecundario": 0, "nvaprimario": 0, "nvasecundario": 0, "nvaformprofes": 0, "nvaformprofesinet": 0, "nvaalfabetiz": 0, "nvhinicial": 0, "nvhprimario": 0, "nvhsecundario": 0, "tallerartist": 0, "servcomplem": 0, "nveadultos": 0, "fuente_padron": "Padrón Oficial de Establecimientos Educativos 2025"}, "geometry": {"type": "MultiPoint", "coordinates": [[-58.99906080158329, -27.464367719716524]]}}, {"type": "Feature", "properties": {"gid": 40439, "cueanexo": "220145500", "localidad": "RESISTENCIA", "nombre": "E.E.S. Nº 87 - ESCUELA NORMAL SARMIENTO (ENS Nº 87)", "vot_2019": 119, "cn_mesas": 8, "electores": 2667, "circuito": "4", "departamento": "SAN FERNANDO", "jurisdiccion": "Chaco", "sector": "Estatal", "ambito": "Urbano", "domicilio": "GENERAL DONOVAN 425", "cod_postal": "H3500", "telefono": "3624 424200", "email": "ees87@hotmail.com", "modcomun": 1, "modespecial": 0, "modadultos": 0, "nvcjmaternal": 0, "nvcjinfantes": 0, "nvcprimario": 0, "nvcsecundario": 1, "nvcsecundinet": 0, "nvcsnu": 0, "nvcsnuinet": 0, "nvcsnucursos": 0, "nvceductempr": 0, "nvejinfantes": 0, "nveprimario": 0, "nvesecundario": 0, "nvaprimario": 0, "nvasecundario": 0, "nvaformprofes": 0, "nvaformprofesinet": 0, "nvaalfabetiz": 0, "nvhinicial": 0, "nvhprimario": 0, "nvhsecundario": 0, "tallerartist": 0, "servcomplem": 0, "nveadultos": 0, "fuente_padron": "Padrón Oficial de Establecimientos Educativos 2025", "nombre_padron": "E.E.S. Nº 87 - ESCUELA NORMAL SARMIENTO (ENS 87)"}, "geometry": {"type": "MultiPoint", "coordinates": [[-58.993617673719896, -27.451776689857823]]}}, {"type": "Feature", "properties": {"gid": 40454, "cueanexo": "220147100", "localidad": "FONTANA", "nombre": "U.E.G.P Nº 72 (UEP Nº 72) ESCUELA BILINGUE INTERC. CACIQUE PELAYO", "vot_2019": 142, "cn_mesas": 5, "electores": 1708, "circuito": "22B", "departamento": "SAN FERNANDO", "jurisdiccion": "Chaco", "sector": "Privado", "ambito": "Urbano", "domicilio": "AV.ALVEAR 4220", "cod_postal": "H3514", "telefono": "3624 466933", "email": "dnp@cef-pelayo-chac.edu.ar", "modcomun": 1, "modespecial": 0, "modadultos": 0, "nvcjmaternal": 0, "nvcjinfantes": 0, "nvcprimario": 1, "nvcsecundario": 0, "nvcsecundinet": 0, "nvcsnu": 0, "nvcsnuinet": 0, "nvcsnucursos": 0, "nvceductempr": 0, "nvejinfantes": 0, "nveprimario": 0, "nvesecundario": 0, "nvaprimario": 0, "nvasecundario": 0, "nvaformprofes": 0, "nvaformprofesinet": 0, "nvaalfabetiz": 0, "nvhinicial": 0, "nvhprimario": 0, "nvhsecundario": 0, "tallerartist": 0, "servcomplem": 1, "nveadultos": 0, "fuente_padron": "Padrón Oficial de Establecimientos Educativos 2025", "nombre_padron": "U.E.G.P. Nº 72 (UEP 72) ESCUELA BILINGUE INTERCULTURAL - CACIQUE PELAYO"}, "geometry": {"type": "MultiPoint", "coordinates": [[-59.03357946905967, -27.421777397013702]]}}, {"type": "Feature", "properties": {"gid": 40463, "cueanexo": "220147500", "localidad": "FONTANA", "nombre": "E.E.P. Nº 499 - JOSE MARIA TOLEDO", "vot_2019": 85, "cn_mesas": 8, "electores": 2741, "circuito": "22B", "departamento": "SAN FERNANDO", "jurisdiccion": "Chaco", "sector": "Estatal", "ambito": "Urbano", "domicilio": "SALTA 4800 125 VIVIENDAS MZ.72-PC.12-Bº 125 VIVIENDAS", "cod_postal": "H3514", "telefono": "3624 627850", "email": "escprim499@gmail.com", "modcomun": 1, "modespecial": 0, "modadultos": 0, "nvcjmaternal": 0, "nvcjinfantes": 0, "nvcprimario": 1, "nvcsecundario": 0, "nvcsecundinet": 0, "nvcsnu": 0, "nvcsnuinet": 0, "nvcsnucursos": 0, "nvceductempr": 0, "nvejinfantes": 0, "nveprimario": 0, "nvesecundario": 0, "nvaprimario": 0, "nvasecundario": 0, "nvaformprofes": 0, "nvaformprofesinet": 0, "nvaalfabetiz": 0, "nvhinicial": 0, "nvhprimario": 0, "nvhsecundario": 0, "tallerartist": 0, "servcomplem": 1, "nveadultos": 0, "fuente_padron": "Padrón Oficial de Establecimientos Educativos 2025"}, "geometry": {"type": "MultiPoint", "coordinates": [[-59.03495334096079, -27.412474397548774]]}}, {"type": "Feature", "properties": {"gid": 40472, "cueanexo": "220148600", "localidad": "RESISTENCIA", "nombre": "E.E.S. Nº 88 - LIB. GRAL. SIMON BOLIVAR (ENS Nº 88)", "vot_2019": 51, "cn_mesas": 6, "electores": 1989, "circuito": "14", "departamento": "SAN FERNANDO", "jurisdiccion": "Chaco", "sector": "Estatal", "ambito": "Urbano", "domicilio": "OBLIGADO 272", "cod_postal": "H3500", "telefono": "3624 372293", "email": "ees88simonbolivar@gmail.com", "modcomun": 1, "modespecial": 0, "modadultos": 0, "nvcjmaternal": 0, "nvcjinfantes": 0, "nvcprimario": 0, "nvcsecundario": 1, "nvcsecundinet": 0, "nvcsnu": 0, "nvcsnuinet": 0, "nvcsnucursos": 0, "nvceductempr": 0, "nvejinfantes": 0, "nveprimario": 0, "nvesecundario": 0, "nvaprimario": 0, "nvasecundario": 0, "nvaformprofes": 0, "nvaformprofesinet": 0, "nvaalfabetiz": 0, "nvhinicial": 0, "nvhprimario": 0, "nvhsecundario": 0, "tallerartist": 0, "servcomplem": 0, "nveadultos": 0, "fuente_padron": "Padrón Oficial de Establecimientos Educativos 2025", "nombre_padron": "E.E.S. Nº 88 - LIB. GRAL. SIMON BOLIVAR (ENS 88)"}, "geometry": {"type": "MultiPoint", "coordinates": [[-58.98694541438774, -27.455739018824477]]}}, {"type": "Feature", "properties": {"gid": 40473, "cueanexo": "220148700", "localidad": "RESISTENCIA", "nombre": "U.E.G.P Nº 73 (UEP Nº 73) IGLESIA DE JESUCRISTO", "vot_2019": 135, "cn_mesas": 6, "electores": 2049, "circuito": "7A", "departamento": "SAN FERNANDO", "jurisdiccion": "Chaco", "sector": "Privado", "ambito": "Urbano", "domicilio": "AV. CASTELLI 1000", "cod_postal": "H3500", "telefono": "3624 356559", "email": "mabelmacen@yahoo.com.ar", "modcomun": 1, "modespecial": 0, "modadultos": 0, "nvcjmaternal": 0, "nvcjinfantes": 0, "nvcprimario": 1, "nvcsecundario": 0, "nvcsecundinet": 0, "nvcsnu": 0, "nvcsnuinet": 0, "nvcsnucursos": 0, "nvceductempr": 0, "nvejinfantes": 0, "nveprimario": 0, "nvesecundario": 0, "nvaprimario": 0, "nvasecundario": 0, "nvaformprofes": 0, "nvaformprofesinet": 0, "nvaalfabetiz": 0, "nvhinicial": 0, "nvhprimario": 0, "nvhsecundario": 0, "tallerartist": 0, "servcomplem": 0, "nveadultos": 0, "fuente_padron": "Padrón Oficial de Establecimientos Educativos 2025", "nombre_padron": "U.E.G.P. Nº 73 (UEP 73) IGLESIA DE JESUCRISTO"}, "geometry": {"type": "MultiPoint", "coordinates": [[-58.9848958221075, -27.465932134254306]]}}, {"type": "Feature", "properties": {"gid": 40487, "cueanexo": "220150000", "localidad": "RESISTENCIA", "nombre": "JARDIN DE INFANTES Nº 134 - DR. ARTURO LESTANI", "vot_2019": 125, "cn_mesas": 3, "electores": 1043, "circuito": "8A", "departamento": "SAN FERNANDO", "jurisdiccion": "Chaco", "sector": "Estatal", "ambito": "Urbano", "domicilio": "ROGER VALET 1201 VILLA LUZURIAGA VILLA LUZURIAGA", "cod_postal": "H3500", "telefono": "3624 478533", "email": "jardin134arturolestani@gmail.com", "modcomun": 1, "modespecial": 0, "modadultos": 0, "nvcjmaternal": 0, "nvcjinfantes": 1, "nvcprimario": 0, "nvcsecundario": 0, "nvcsecundinet": 0, "nvcsnu": 0, "nvcsnuinet": 0, "nvcsnucursos": 0, "nvceductempr": 0, "nvejinfantes": 0, "nveprimario": 0, "nvesecundario": 0, "nvaprimario": 0, "nvasecundario": 0, "nvaformprofes": 0, "nvaformprofesinet": 0, "nvaalfabetiz": 0, "nvhinicial": 0, "nvhprimario": 0, "nvhsecundario": 0, "tallerartist": 0, "servcomplem": 0, "nveadultos": 0, "fuente_padron": "Padrón Oficial de Establecimientos Educativos 2025"}, "geometry": {"type": "MultiPoint", "coordinates": [[-58.970295805181976, -27.48496012580803]]}}, {"type": "Feature", "properties": {"gid": 40504, "cueanexo": "220151300", "localidad": "RESISTENCIA", "nombre": "U.E.G.P Nº 78 (UEP Nº 78) FE Y ALEGRIA ARGENTINA", "vot_2019": 136, "cn_mesas": 6, "electores": 2057, "circuito": "13A", "departamento": "SAN FERNANDO", "jurisdiccion": "Chaco", "sector": "Privado", "ambito": "Urbano", "domicilio": "AV.EDISON 2010 JUAN B.ALBERDI BºJ.B.ALBERDI", "cod_postal": "H3500", "telefono": "3624 474814", "email": "uepn78pri@hotmail.com", "modcomun": 1, "modespecial": 0, "modadultos": 0, "nvcjmaternal": 0, "nvcjinfantes": 0, "nvcprimario": 1, "nvcsecundario": 0, "nvcsecundinet": 0, "nvcsnu": 0, "nvcsnuinet": 0, "nvcsnucursos": 0, "nvceductempr": 0, "nvejinfantes": 0, "nveprimario": 0, "nvesecundario": 0, "nvaprimario": 0, "nvasecundario": 0, "nvaformprofes": 0, "nvaformprofesinet": 0, "nvaalfabetiz": 0, "nvhinicial": 0, "nvhprimario": 0, "nvhsecundario": 0, "tallerartist": 0, "servcomplem": 0, "nveadultos": 0, "fuente_padron": "Padrón Oficial de Establecimientos Educativos 2025", "nombre_padron": "U.E.G.P. Nº 78 (UEP 78) FE Y ALEGRIA ARGENTINA"}, "geometry": {"type": "MultiPoint", "coordinates": [[-58.98273477719493, -27.48056180946703]]}}, {"type": "Feature", "properties": {"gid": 40513, "cueanexo": "220152300", "localidad": "RESISTENCIA", "nombre": "U.E.G.P Nº 65 (UEP Nº 65) INSTITUTO DE CAPACITACIÓN DOMINGO SAVIO Y TERESITA BRAMBILLA", "vot_2019": 128, "cn_mesas": 4, "electores": 1376, "circuito": "7B", "departamento": "SAN FERNANDO", "jurisdiccion": "Chaco", "sector": "Privado", "ambito": "Urbano", "domicilio": "CERVANTES 2050 VILLA TIRO FEDERAL Bº VILLA TIRO FEDERAL", "cod_postal": "H3500", "telefono": "3624 613554", "email": "uepn65@gmail.com", "modcomun": 0, "modespecial": 0, "modadultos": 1, "nvcjmaternal": 0, "nvcjinfantes": 0, "nvcprimario": 0, "nvcsecundario": 0, "nvcsecundinet": 0, "nvcsnu": 0, "nvcsnuinet": 0, "nvcsnucursos": 0, "nvceductempr": 0, "nvejinfantes": 0, "nveprimario": 0, "nvesecundario": 0, "nvaprimario": 1, "nvasecundario": 0, "nvaformprofes": 1, "nvaformprofesinet": 0, "nvaalfabetiz": 0, "nvhinicial": 0, "nvhprimario": 0, "nvhsecundario": 0, "tallerartist": 0, "servcomplem": 0, "nveadultos": 1, "fuente_padron": "Padrón Oficial de Establecimientos Educativos 2025", "nombre_padron": "U.E.G.P. Nº 65 (UEP 65) INSTITUTO DE CAPACITACIÓN DOMINGO SAVIO Y TERESITA BRAMBILLA"}, "geometry": {"type": "MultiPoint", "coordinates": [[-58.97296929490259, -27.473400564362606]]}}, {"type": "Feature", "properties": {"gid": 40521, "cueanexo": "220153200", "localidad": "RESISTENCIA", "nombre": "E.F.P. Nº 4 - REVERENDO VICTORIANO RODRIGO", "vot_2019": 60, "cn_mesas": 4, "electores": 1391, "circuito": "18", "departamento": "SAN FERNANDO", "jurisdiccion": "Chaco", "sector": "Estatal", "ambito": "Urbano", "domicilio": "CORONEL FALCON 240 VILLA ALTA VILLA ALTA", "cod_postal": "H3500", "telefono": "3624 468589", "email": "efpn_4@hotmail.com", "modcomun": 0, "modespecial": 0, "modadultos": 1, "nvcjmaternal": 0, "nvcjinfantes": 0, "nvcprimario": 0, "nvcsecundario": 0, "nvcsecundinet": 0, "nvcsnu": 0, "nvcsnuinet": 0, "nvcsnucursos": 0, "nvceductempr": 0, "nvejinfantes": 0, "nveprimario": 0, "nvesecundario": 0, "nvaprimario": 0, "nvasecundario": 0, "nvaformprofes": 1, "nvaformprofesinet": 1, "nvaalfabetiz": 0, "nvhinicial": 0, "nvhprimario": 0, "nvhsecundario": 0, "tallerartist": 0, "servcomplem": 1, "nveadultos": 1, "fuente_padron": "Padrón Oficial de Establecimientos Educativos 2025"}, "geometry": {"type": "MultiPoint", "coordinates": [[-58.99860479932004, -27.43673590808267]]}}, {"type": "Feature", "properties": {"gid": 40566, "cueanexo": "220158200", "localidad": "BARRANQUERAS", "nombre": "E.E.P. Nº 1014", "vot_2019": 13, "cn_mesas": 6, "electores": 2076, "circuito": "11B", "departamento": "SAN FERNANDO", "jurisdiccion": "Chaco", "sector": "Estatal", "ambito": "Urbano", "domicilio": "CALLE 3  CIUDAD DE LOS MILAGROS SEC.D-CHACRA 297-MZ.27-Bº CIUDAD DE LOS MILAGROS", "cod_postal": "H3503", "telefono": "3624 101835", "email": "escuela1014storni@gmail.com", "modcomun": 1, "modespecial": 0, "modadultos": 0, "nvcjmaternal": 0, "nvcjinfantes": 0, "nvcprimario": 1, "nvcsecundario": 0, "nvcsecundinet": 0, "nvcsnu": 0, "nvcsnuinet": 0, "nvcsnucursos": 0, "nvceductempr": 0, "nvejinfantes": 0, "nveprimario": 0, "nvesecundario": 0, "nvaprimario": 0, "nvasecundario": 0, "nvaformprofes": 0, "nvaformprofesinet": 0, "nvaalfabetiz": 0, "nvhinicial": 0, "nvhprimario": 0, "nvhsecundario": 0, "tallerartist": 0, "servcomplem": 0, "nveadultos": 0, "fuente_padron": "Padrón Oficial de Establecimientos Educativos 2025", "nombre_padron": "E.E.P. Nº 1014 -ALFONSINA STORNI-"}, "geometry": {"type": "MultiPoint", "coordinates": [[-58.96260429057611, -27.508657536083085]]}}, {"type": "Feature", "properties": {"gid": 40725, "cueanexo": "220173600", "localidad": "RESISTENCIA", "nombre": "U.E.G.P Nº 12 (UEP Nº 12) INSTITUTO PRIVADO CRISTIANO", "vot_2019": 129, "cn_mesas": 6, "electores": 1990, "circuito": "14", "departamento": "SAN FERNANDO", "jurisdiccion": "Chaco", "sector": "Privado", "ambito": "Urbano", "domicilio": "SAN LORENZO 1099 CENTENARIO VILLA CENTENARIO", "cod_postal": "H3500", "telefono": "3625 448235", "email": "uep12ipc@hotmail.com", "modcomun": 1, "modespecial": 0, "modadultos": 0, "nvcjmaternal": 0, "nvcjinfantes": 0, "nvcprimario": 0, "nvcsecundario": 1, "nvcsecundinet": 0, "nvcsnu": 0, "nvcsnuinet": 0, "nvcsnucursos": 0, "nvceductempr": 0, "nvejinfantes": 0, "nveprimario": 0, "nvesecundario": 0, "nvaprimario": 0, "nvasecundario": 0, "nvaformprofes": 0, "nvaformprofesinet": 0, "nvaalfabetiz": 0, "nvhinicial": 0, "nvhprimario": 0, "nvhsecundario": 0, "tallerartist": 0, "servcomplem": 0, "nveadultos": 0, "fuente_padron": "Padrón Oficial de Establecimientos Educativos 2025", "nombre_padron": "U.E.G.P. Nº 12 (UEP 12) INSTITUTO PRIVADO CRISTIANO"}, "geometry": {"type": "MultiPoint", "coordinates": [[-58.989555791908096, -27.465409052814135]]}}, {"type": "Feature", "properties": {"gid": 40781, "cueanexo": "220178502", "localidad": "RESISTENCIA", "nombre": "E.E.S. Nº 68 - MARIA ELENA WALSH (CEP 68)", "vot_2019": 54, "cn_mesas": 6, "electores": 2045, "circuito": "7A", "departamento": "SAN FERNANDO", "jurisdiccion": "Chaco", "sector": "Estatal", "ambito": "Urbano", "domicilio": "AV.LAS HERAS 1555 VILLA LIBERTAD FUNCIONA EN UNIDAD PENINT.FEDERAL Nº 7", "cod_postal": "H3500", "telefono": "3624 451273", "email": "establecimiento68@gmail.com", "modcomun": 0, "modespecial": 0, "modadultos": 1, "nvcjmaternal": 0, "nvcjinfantes": 0, "nvcprimario": 0, "nvcsecundario": 0, "nvcsecundinet": 0, "nvcsnu": 0, "nvcsnuinet": 0, "nvcsnucursos": 0, "nvceductempr": 0, "nvejinfantes": 0, "nveprimario": 0, "nvesecundario": 0, "nvaprimario": 0, "nvasecundario": 1, "nvaformprofes": 0, "nvaformprofesinet": 0, "nvaalfabetiz": 0, "nvhinicial": 0, "nvhprimario": 0, "nvhsecundario": 0, "tallerartist": 0, "servcomplem": 0, "nveadultos": 1, "fuente_padron": "Padrón Oficial de Establecimientos Educativos 2025"}, "geometry": {"type": "MultiPoint", "coordinates": [[-58.99215624287496, -27.469620507190967]]}}, {"type": "Feature", "properties": {"gid": 40805, "cueanexo": "220181700", "localidad": "RESISTENCIA", "nombre": "E.E.P. Nº 1030 - GOBERNADOR ROY ABELARDO NIKISCH", "vot_2019": 14, "cn_mesas": 8, "electores": 2784, "circuito": "16A", "departamento": "SAN FERNANDO", "jurisdiccion": "Chaco", "sector": "Estatal", "ambito": "Urbano", "domicilio": "ISAIAS 2650 B° VIAL CIRC.II-SEC.B-CH.132-PC.11-", "cod_postal": "H3500", "telefono": "3624 700376", "email": "eepn1030@hotmail.com", "modcomun": 1, "modespecial": 0, "modadultos": 0, "nvcjmaternal": 0, "nvcjinfantes": 0, "nvcprimario": 1, "nvcsecundario": 0, "nvcsecundinet": 0, "nvcsnu": 0, "nvcsnuinet": 0, "nvcsnucursos": 0, "nvceductempr": 0, "nvejinfantes": 0, "nveprimario": 0, "nvesecundario": 0, "nvaprimario": 0, "nvasecundario": 0, "nvaformprofes": 0, "nvaformprofesinet": 0, "nvaalfabetiz": 0, "nvhinicial": 0, "nvhprimario": 0, "nvhsecundario": 0, "tallerartist": 0, "servcomplem": 0, "nveadultos": 0, "fuente_padron": "Padrón Oficial de Establecimientos Educativos 2025"}, "geometry": {"type": "MultiPoint", "coordinates": [[-59.02940100671171, -27.45502623734633]]}}, {"type": "Feature", "properties": {"gid": 40807, "cueanexo": "220181800", "localidad": "FONTANA", "nombre": "E.E.P. Nº 1031 - ALEDO LUIS MELONI", "vot_2019": 15, "cn_mesas": 8, "electores": 2737, "circuito": "23", "departamento": "SAN FERNANDO", "jurisdiccion": "Chaco", "sector": "Estatal", "ambito": "Urbano", "domicilio": "AV.CACUI  VILLA FLORIANI CIR.II-SEC.A-CHACRA 46-PC.242-VILLA FLORIANI", "cod_postal": "H3514", "telefono": "3624 277596", "email": "eepn1031aledolmeloni@gmail.com", "modcomun": 1, "modespecial": 0, "modadultos": 0, "nvcjmaternal": 0, "nvcjinfantes": 0, "nvcprimario": 1, "nvcsecundario": 0, "nvcsecundinet": 0, "nvcsnu": 0, "nvcsnuinet": 0, "nvcsnucursos": 0, "nvceductempr": 0, "nvejinfantes": 0, "nveprimario": 0, "nvesecundario": 0, "nvaprimario": 0, "nvasecundario": 0, "nvaformprofes": 0, "nvaformprofesinet": 0, "nvaalfabetiz": 0, "nvhinicial": 0, "nvhprimario": 0, "nvhsecundario": 0, "tallerartist": 0, "servcomplem": 0, "nveadultos": 0, "fuente_padron": "Padrón Oficial de Establecimientos Educativos 2025"}, "geometry": {"type": "MultiPoint", "coordinates": [[-59.04890602533778, -27.416428846555263]]}}, {"type": "Feature", "properties": {"gid": 40814, "cueanexo": "220182300", "localidad": "RESISTENCIA", "nombre": "E.E.S. Nº 93 - MEMPO GIARDINELLI (CEP Nº 93)", "vot_2019": 53, "cn_mesas": 7, "electores": 2442, "circuito": "16A", "departamento": "SAN FERNANDO", "jurisdiccion": "Chaco", "sector": "Estatal", "ambito": "Urbano", "domicilio": "ISAIAS 2650 VIAL CIRC.II-SEC.B-CH.132-PC.11-B° VIAL", "cod_postal": "H3500", "telefono": "3624 730111", "email": "e.e.s.n93@gmail.com", "modcomun": 1, "modespecial": 0, "modadultos": 0, "nvcjmaternal": 0, "nvcjinfantes": 0, "nvcprimario": 0, "nvcsecundario": 1, "nvcsecundinet": 0, "nvcsnu": 0, "nvcsnuinet": 0, "nvcsnucursos": 0, "nvceductempr": 0, "nvejinfantes": 0, "nveprimario": 0, "nvesecundario": 0, "nvaprimario": 0, "nvasecundario": 0, "nvaformprofes": 0, "nvaformprofesinet": 0, "nvaalfabetiz": 0, "nvhinicial": 0, "nvhprimario": 0, "nvhsecundario": 0, "tallerartist": 0, "servcomplem": 1, "nveadultos": 0, "fuente_padron": "Padrón Oficial de Establecimientos Educativos 2025", "nombre_padron": "E.E.S. Nº 93 - MEMPO GIARDINELLI (CEP 93)"}, "geometry": {"type": "MultiPoint", "coordinates": [[-59.030031335667076, -27.455187265829732]]}}, {"type": "Feature", "properties": {"gid": 40816, "cueanexo": "220182400", "localidad": "FONTANA", "nombre": "E.E.S. Nº 92 - LUISA SEREUL DE MOUSNIER (CEP Nº 92)", "vot_2019": 52, "cn_mesas": 6, "electores": 2061, "circuito": "23", "departamento": "SAN FERNANDO", "jurisdiccion": "Chaco", "sector": "Estatal", "ambito": "Urbano", "domicilio": "Cacui  VILLA FLORIANI CIRC.II-SECC.A-CH.46-PC.242-444 VIV.-B° FLORIANI", "cod_postal": "H3514", "telefono": "3624 763220", "email": "ees92_nivelsecundario@hotmail.com", "modcomun": 1, "modespecial": 0, "modadultos": 0, "nvcjmaternal": 0, "nvcjinfantes": 0, "nvcprimario": 0, "nvcsecundario": 1, "nvcsecundinet": 0, "nvcsnu": 0, "nvcsnuinet": 0, "nvcsnucursos": 0, "nvceductempr": 0, "nvejinfantes": 0, "nveprimario": 0, "nvesecundario": 0, "nvaprimario": 0, "nvasecundario": 0, "nvaformprofes": 0, "nvaformprofesinet": 0, "nvaalfabetiz": 0, "nvhinicial": 0, "nvhprimario": 0, "nvhsecundario": 0, "tallerartist": 0, "servcomplem": 0, "nveadultos": 0, "fuente_padron": "Padrón Oficial de Establecimientos Educativos 2025", "nombre_padron": "E.E.S. Nº 92 - LUISA SEREUL DE MOUSNIER (CEP 92)"}, "geometry": {"type": "MultiPoint", "coordinates": [[-59.048272239331155, -27.415801929752927]]}}, {"type": "Feature", "properties": {"gid": 40875, "cueanexo": "220187400", "localidad": "FONTANA", "nombre": "E.E.P. Nº 1049 - MADRE TERESA DE CALCUTA", "vot_2019": 16, "cn_mesas": 5, "electores": 1707, "circuito": "22B", "departamento": "SAN FERNANDO", "jurisdiccion": "Chaco", "sector": "Estatal", "ambito": "Urbano", "domicilio": "Mz 21  Chacra 48 Sección A  222 VIVIENDAS", "cod_postal": "H3514", "telefono": "3624 879213", "email": "eep1049mtcalcuta@gmail.com", "modcomun": 1, "modespecial": 0, "modadultos": 0, "nvcjmaternal": 0, "nvcjinfantes": 0, "nvcprimario": 1, "nvcsecundario": 0, "nvcsecundinet": 0, "nvcsnu": 0, "nvcsnuinet": 0, "nvcsnucursos": 0, "nvceductempr": 0, "nvejinfantes": 0, "nveprimario": 0, "nvesecundario": 0, "nvaprimario": 0, "nvasecundario": 0, "nvaformprofes": 0, "nvaformprofesinet": 0, "nvaalfabetiz": 0, "nvhinicial": 0, "nvhprimario": 0, "nvhsecundario": 0, "tallerartist": 0, "servcomplem": 1, "nveadultos": 0, "fuente_padron": "Padrón Oficial de Establecimientos Educativos 2025"}, "geometry": {"type": "MultiPoint", "coordinates": [[-59.036113932200074, -27.431274807354885]]}}, {"type": "Feature", "properties": {"gid": 40908, "cueanexo": "220189500", "localidad": "RESISTENCIA", "nombre": "U.E.G.P Nº 78 (UEP Nº 78) FE Y ALEGRIA ARGENTINA", "vot_2019": 137, "cn_mesas": 5, "electores": 1740, "circuito": "8A", "departamento": "SAN FERNANDO", "jurisdiccion": "Chaco", "sector": "Privado", "ambito": "Urbano", "domicilio": "AV.EDISON 2035 13 DE DICIEMBRE Bº13 DE DICIEMBRE", "cod_postal": "H3500", "telefono": "3624 474814", "email": "uep78inicial@hotmail.com", "modcomun": 1, "modespecial": 0, "modadultos": 0, "nvcjmaternal": 0, "nvcjinfantes": 1, "nvcprimario": 0, "nvcsecundario": 0, "nvcsecundinet": 0, "nvcsnu": 0, "nvcsnuinet": 0, "nvcsnucursos": 0, "nvceductempr": 0, "nvejinfantes": 0, "nveprimario": 0, "nvesecundario": 0, "nvaprimario": 0, "nvasecundario": 0, "nvaformprofes": 0, "nvaformprofesinet": 0, "nvaalfabetiz": 0, "nvhinicial": 0, "nvhprimario": 0, "nvhsecundario": 0, "tallerartist": 0, "servcomplem": 0, "nveadultos": 0, "fuente_padron": "Padrón Oficial de Establecimientos Educativos 2025", "nombre_padron": "U.E.G.P. Nº 78 (UEP 78) FE Y ALEGRIA ARGENTINA"}, "geometry": {"type": "MultiPoint", "coordinates": [[-58.98255042114687, -27.480753478066543]]}}, {"type": "Feature", "properties": {"gid": 41008, "cueanexo": "220198200", "localidad": "RESISTENCIA", "nombre": "E.E.S. Nº 109 - DR. HUGO MITOIRE (CEP 109)", "vot_2019": 36, "cn_mesas": 4, "electores": 1300, "circuito": "17", "departamento": "SAN FERNANDO", "jurisdiccion": "Chaco", "sector": "Estatal", "ambito": "Urbano", "domicilio": "AV.RIVADAVIA 1336 Bº PERRANDO", "cod_postal": "H3500", "telefono": "3624 452729", "email": "ees109drhmitoire@gmail.com", "modcomun": 1, "modespecial": 0, "modadultos": 0, "nvcjmaternal": 0, "nvcjinfantes": 0, "nvcprimario": 0, "nvcsecundario": 1, "nvcsecundinet": 0, "nvcsnu": 0, "nvcsnuinet": 0, "nvcsnucursos": 0, "nvceductempr": 0, "nvejinfantes": 0, "nveprimario": 0, "nvesecundario": 0, "nvaprimario": 0, "nvasecundario": 0, "nvaformprofes": 0, "nvaformprofesinet": 0, "nvaalfabetiz": 0, "nvhinicial": 0, "nvhprimario": 0, "nvhsecundario": 0, "tallerartist": 0, "servcomplem": 0, "nveadultos": 0, "fuente_padron": "Padrón Oficial de Establecimientos Educativos 2025"}, "geometry": {"type": "MultiPoint", "coordinates": [[-58.99391072908324, -27.43638245610331]]}}, {"type": "Feature", "properties": {"gid": 41042, "cueanexo": "220201600", "localidad": "RESISTENCIA", "nombre": "E.E.P. Nº 1056", "vot_2019": 17, "cn_mesas": 6, "electores": 2069, "circuito": "21", "departamento": "SAN FERNANDO", "jurisdiccion": "Chaco", "sector": "Estatal", "ambito": "Urbano", "domicilio": "AV. TACO POZO Y MARG. BELEN  B° DON SANTIAGO B° DON SANTIAGO", "cod_postal": "H3500", "telefono": "3624 972088", "email": "eep1056@gmail.com", "modcomun": 1, "modespecial": 0, "modadultos": 0, "nvcjmaternal": 0, "nvcjinfantes": 0, "nvcprimario": 1, "nvcsecundario": 0, "nvcsecundinet": 0, "nvcsnu": 0, "nvcsnuinet": 0, "nvcsnucursos": 0, "nvceductempr": 0, "nvejinfantes": 0, "nveprimario": 0, "nvesecundario": 0, "nvaprimario": 0, "nvasecundario": 0, "nvaformprofes": 0, "nvaformprofesinet": 0, "nvaalfabetiz": 0, "nvhinicial": 0, "nvhprimario": 0, "nvhsecundario": 0, "tallerartist": 0, "servcomplem": 1, "nveadultos": 0, "fuente_padron": "Padrón Oficial de Establecimientos Educativos 2025"}, "geometry": {"type": "MultiPoint", "coordinates": [[-58.991061872643044, -27.401477910487543]]}}, {"type": "Feature", "properties": {"gid": 41045, "cueanexo": "220202000", "localidad": "RESISTENCIA", "nombre": "E.E.P. Nº 1058", "vot_2019": 35, "cn_mesas": 8, "electores": 2760, "circuito": "15", "departamento": "SAN FERNANDO", "jurisdiccion": "Chaco", "sector": "Estatal", "ambito": "Urbano", "domicilio": "MIGUEL CANE 451 B° SAN MIGUEL", "cod_postal": "H3500", "telefono": "0 0", "email": "esc1.058@hotmail.com", "modcomun": 1, "modespecial": 0, "modadultos": 0, "nvcjmaternal": 0, "nvcjinfantes": 0, "nvcprimario": 1, "nvcsecundario": 0, "nvcsecundinet": 0, "nvcsnu": 0, "nvcsnuinet": 0, "nvcsnucursos": 0, "nvceductempr": 0, "nvejinfantes": 0, "nveprimario": 0, "nvesecundario": 0, "nvaprimario": 0, "nvasecundario": 0, "nvaformprofes": 0, "nvaformprofesinet": 0, "nvaalfabetiz": 0, "nvhinicial": 0, "nvhprimario": 0, "nvhsecundario": 0, "tallerartist": 0, "servcomplem": 0, "nveadultos": 0, "fuente_padron": "Padrón Oficial de Establecimientos Educativos 2025"}, "geometry": {"type": "MultiPoint", "coordinates": [[-59.00646090465535, -27.461962539183062]]}}, {"type": "Feature", "properties": {"gid": 41046, "cueanexo": "220202100", "localidad": "BARRANQUERAS", "nombre": "E.E.P. Nº 1059", "vot_2019": 18, "cn_mesas": 6, "electores": 2076, "circuito": "11B", "departamento": "SAN FERNANDO", "jurisdiccion": "Chaco", "sector": "Estatal", "ambito": "Urbano", "domicilio": "AV. TOLEDO Y CALLE PUBLICA  200 VIVIENDAS B° 200 VIVIENDAS", "cod_postal": "H3503", "telefono": "3624 620855", "email": "bicentenario.1059@gmail.com", "modcomun": 1, "modespecial": 0, "modadultos": 0, "nvcjmaternal": 0, "nvcjinfantes": 0, "nvcprimario": 1, "nvcsecundario": 0, "nvcsecundinet": 0, "nvcsnu": 0, "nvcsnuinet": 0, "nvcsnucursos": 0, "nvceductempr": 0, "nvejinfantes": 0, "nveprimario": 0, "nvesecundario": 0, "nvaprimario": 0, "nvasecundario": 0, "nvaformprofes": 0, "nvaformprofesinet": 0, "nvaalfabetiz": 0, "nvhinicial": 0, "nvhprimario": 0, "nvhsecundario": 0, "tallerartist": 0, "servcomplem": 1, "nveadultos": 0, "fuente_padron": "Padrón Oficial de Establecimientos Educativos 2025", "nombre_padron": "E.E.P. Nº 1059 -BICENTENARIO DE LA REVOLUCION DE MAYO-"}, "geometry": {"type": "MultiPoint", "coordinates": [[-58.95907330132516, -27.496386318536995]]}}, {"type": "Feature", "properties": {"gid": 41150, "cueanexo": "220209600", "localidad": "BARRANQUERAS", "nombre": "E.E.S. Nº 123 - CRUCERO GENERAL BELGRANO (CEP 123)", "vot_2019": 38, "cn_mesas": 8, "electores": 2731, "circuito": "9", "departamento": "SAN FERNANDO", "jurisdiccion": "Chaco", "sector": "Estatal", "ambito": "Urbano", "domicilio": "SAN LUIS- ENTRE BRASIL Y ALEM  Bº 2 DE ABRIL C.I.S.D.-CH- 266.- MZ 36", "cod_postal": "H3503", "telefono": "3624 006255", "email": "ees123crucerogeneralbelgrano@hotmail.com", "modcomun": 1, "modespecial": 0, "modadultos": 0, "nvcjmaternal": 0, "nvcjinfantes": 0, "nvcprimario": 0, "nvcsecundario": 1, "nvcsecundinet": 0, "nvcsnu": 0, "nvcsnuinet": 0, "nvcsnucursos": 0, "nvceductempr": 0, "nvejinfantes": 0, "nveprimario": 0, "nvesecundario": 0, "nvaprimario": 0, "nvasecundario": 0, "nvaformprofes": 0, "nvaformprofesinet": 0, "nvaalfabetiz": 0, "nvhinicial": 0, "nvhprimario": 0, "nvhsecundario": 0, "tallerartist": 0, "servcomplem": 0, "nveadultos": 0, "fuente_padron": "Padrón Oficial de Establecimientos Educativos 2025"}, "geometry": {"type": "MultiPoint", "coordinates": [[-58.93224702528516, -27.47083482680142]]}}, {"type": "Feature", "properties": {"gid": 41223, "cueanexo": "220214200", "localidad": "RESISTENCIA", "nombre": "E.E.S. Nº 164", "vot_2019": 55, "cn_mesas": 5, "electores": 1719, "circuito": "7B", "departamento": "SAN FERNANDO", "jurisdiccion": "Chaco", "sector": "Estatal", "ambito": "Urbano", "domicilio": "FRANKLIN 2100 VILLA FEDERAL COMPARTE EDIFICIO CON LA E.E.P N°706", "cod_postal": "H3500", "telefono": "3624 384982", "email": "ees164@gmail.com", "modcomun": 1, "modespecial": 0, "modadultos": 0, "nvcjmaternal": 0, "nvcjinfantes": 0, "nvcprimario": 0, "nvcsecundario": 1, "nvcsecundinet": 0, "nvcsnu": 0, "nvcsnuinet": 0, "nvcsnucursos": 0, "nvceductempr": 0, "nvejinfantes": 0, "nveprimario": 0, "nvesecundario": 0, "nvaprimario": 0, "nvasecundario": 0, "nvaformprofes": 0, "nvaformprofesinet": 0, "nvaalfabetiz": 0, "nvhinicial": 0, "nvhprimario": 0, "nvhsecundario": 0, "tallerartist": 0, "servcomplem": 0, "nveadultos": 0, "fuente_padron": "Padrón Oficial de Establecimientos Educativos 2025"}, "geometry": {"type": "MultiPoint", "coordinates": [[-58.97248635060095, -27.473012432024714]]}}, {"type": "Feature", "properties": {"gid": 41224, "cueanexo": "220214201", "localidad": "RESISTENCIA", "nombre": "E.E.S. Nº 164", "vot_2019": 1, "cn_mesas": 8, "electores": 2744, "circuito": "13A", "departamento": "SAN FERNANDO", "jurisdiccion": "Chaco", "sector": "Estatal", "ambito": "Urbano", "domicilio": "AV CHACO Y SOLDADO AGUILERA  B° RICARDO GUIRALDES FUNCIONA EN EEPNº596", "cod_postal": "3500", "telefono": "3624 384982", "email": "ees164@gmail.com", "modcomun": 1, "modespecial": 0, "modadultos": 0, "nvcjmaternal": 0, "nvcjinfantes": 0, "nvcprimario": 0, "nvcsecundario": 1, "nvcsecundinet": 0, "nvcsnu": 0, "nvcsnuinet": 0, "nvcsnucursos": 0, "nvceductempr": 0, "nvejinfantes": 0, "nveprimario": 0, "nvesecundario": 0, "nvaprimario": 0, "nvasecundario": 0, "nvaformprofes": 0, "nvaformprofesinet": 0, "nvaalfabetiz": 0, "nvhinicial": 0, "nvhprimario": 0, "nvhsecundario": 0, "tallerartist": 0, "servcomplem": 0, "nveadultos": 0, "fuente_padron": "Padrón Oficial de Establecimientos Educativos 2025"}, "geometry": {"type": "MultiPoint", "coordinates": [[-58.98915453382039, -27.47982731736575]]}}, {"type": "Feature", "properties": {"gid": 41322, "cueanexo": "220221600", "localidad": "FONTANA", "nombre": "E.E.P. Nº 1076 - MAESTRO ALBERTO RODOLFO RUHLE", "vot_2019": 19, "cn_mesas": 7, "electores": 2413, "circuito": "22A", "departamento": "SAN FERNANDO", "jurisdiccion": "Chaco", "sector": "Estatal", "ambito": "Urbano", "domicilio": "PASAJE 25 DE MAYO 3700 BANDERAS ARGENTINAS FUNCIONA CON EEE 30", "cod_postal": "3514", "telefono": "0 0", "email": "eepruhle1076@gmail.com", "modcomun": 1, "modespecial": 0, "modadultos": 0, "nvcjmaternal": 0, "nvcjinfantes": 0, "nvcprimario": 1, "nvcsecundario": 0, "nvcsecundinet": 0, "nvcsnu": 0, "nvcsnuinet": 0, "nvcsnucursos": 0, "nvceductempr": 0, "nvejinfantes": 0, "nveprimario": 0, "nvesecundario": 0, "nvaprimario": 0, "nvasecundario": 0, "nvaformprofes": 0, "nvaformprofesinet": 0, "nvaalfabetiz": 0, "nvhinicial": 0, "nvhprimario": 0, "nvhsecundario": 0, "tallerartist": 0, "servcomplem": 1, "nveadultos": 0, "fuente_padron": "Padrón Oficial de Establecimientos Educativos 2025"}, "geometry": {"type": "MultiPoint", "coordinates": [[-59.02110270354676, -27.421235465914283]]}}, {"type": "Feature", "properties": {"gid": 41336, "cueanexo": "220222700", "localidad": "FONTANA", "nombre": "E.E.S. Nº 172 - CLOTILDE MARÍA BARCO DE OBREGÓN", "vot_2019": 39, "cn_mesas": 6, "electores": 2069, "circuito": "22A", "departamento": "SAN FERNANDO", "jurisdiccion": "Chaco", "sector": "Estatal", "ambito": "Urbano", "domicilio": "CIR.I SEC.A-CH.44-MZ 83 PC 1 A 4 Y 17 A 21  BANDERAS ARGENTINAS", "cod_postal": "3514", "telefono": "3624 666812", "email": "escuela172fontana@gmail.com", "modcomun": 1, "modespecial": 0, "modadultos": 0, "nvcjmaternal": 0, "nvcjinfantes": 0, "nvcprimario": 0, "nvcsecundario": 1, "nvcsecundinet": 0, "nvcsnu": 0, "nvcsnuinet": 0, "nvcsnucursos": 0, "nvceductempr": 0, "nvejinfantes": 0, "nveprimario": 0, "nvesecundario": 0, "nvaprimario": 0, "nvasecundario": 0, "nvaformprofes": 0, "nvaformprofesinet": 0, "nvaalfabetiz": 0, "nvhinicial": 0, "nvhprimario": 0, "nvhsecundario": 0, "tallerartist": 0, "servcomplem": 1, "nveadultos": 0, "fuente_padron": "Padrón Oficial de Establecimientos Educativos 2025"}, "geometry": {"type": "MultiPoint", "coordinates": [[-59.02049535697441, -27.421314271495074]]}}, {"type": "Feature", "properties": {"gid": 41724, "cueanexo": "220250800", "localidad": "RESISTENCIA", "nombre": "U.E.G.P Nº 206", "vot_2019": 130, "cn_mesas": 3, "electores": 973, "circuito": "20", "departamento": "SAN FERNANDO", "jurisdiccion": "Chaco", "sector": "Privado", "ambito": "Urbano", "domicilio": "Av. Sarmiento 5000", "cod_postal": "3500", "telefono": "3624 422042", "email": "ifyac.uep206@hotmail.com", "modcomun": 1, "modespecial": 0, "modadultos": 0, "nvcjmaternal": 0, "nvcjinfantes": 1, "nvcprimario": 1, "nvcsecundario": 0, "nvcsecundinet": 0, "nvcsnu": 0, "nvcsnuinet": 0, "nvcsnucursos": 0, "nvceductempr": 0, "nvejinfantes": 0, "nveprimario": 0, "nvesecundario": 0, "nvaprimario": 0, "nvasecundario": 0, "nvaformprofes": 0, "nvaformprofesinet": 0, "nvaalfabetiz": 0, "nvhinicial": 0, "nvhprimario": 0, "nvhsecundario": 0, "tallerartist": 0, "servcomplem": 0, "nveadultos": 0, "fuente_padron": "Padrón Oficial de Establecimientos Educativos 2025", "nombre_padron": "U.E.G.P. Nº 206 (UEP 206) INSTITUTO DE FORMACION Y AVIVAMIENTO CRISTIANO"}, "geometry": {"type": "MultiPoint", "coordinates": [[-58.94988202880262, -27.418659629698237]]}}, {"type": "Feature", "properties": {"gid": 41841, "cueanexo": "220261100", "localidad": "RESISTENCIA", "nombre": "U.E.G.P Nº 218 - FUNDACION SARMIENTO", "vot_2019": 131, "cn_mesas": 7, "electores": 2442, "circuito": "16C", "departamento": "SAN FERNANDO", "jurisdiccion": "Chaco", "sector": "Privado", "ambito": "Urbano", "domicilio": "AV. ALVEAR 1977", "telefono": "3624 630765", "email": "218nivelsuperior@gmail.com", "modcomun": 1, "modespecial": 0, "modadultos": 0, "nvcjmaternal": 0, "nvcjinfantes": 0, "nvcprimario": 0, "nvcsecundario": 0, "nvcsecundinet": 0, "nvcsnu": 1, "nvcsnuinet": 1, "nvcsnucursos": 0, "nvceductempr": 0, "nvejinfantes": 0, "nveprimario": 0, "nvesecundario": 0, "nvaprimario": 0, "nvasecundario": 0, "nvaformprofes": 0, "nvaformprofesinet": 0, "nvaalfabetiz": 0, "nvhinicial": 0, "nvhprimario": 0, "nvhsecundario": 0, "tallerartist": 0, "servcomplem": 0, "nveadultos": 0, "fuente_padron": "Padrón Oficial de Establecimientos Educativos 2025", "nombre_padron": "U.E.G.P. Nº 218 - FUNDACION SARMIENTO"}, "geometry": {"type": "MultiPoint", "coordinates": [[-59.01108453047846, -27.442753015435294]]}}, {"type": "Feature", "properties": {"gid": 41999, "cueanexo": "220275600", "localidad": "RESISTENCIA", "nombre": "U.E.G.P Nº 19 (UEP Nº 19) DON BOSCO", "vot_2019": 138, "cn_mesas": 7, "electores": 2352, "circuito": "2", "departamento": "SAN FERNANDO", "jurisdiccion": "Chaco", "sector": "Privado", "ambito": "Urbano", "domicilio": "AVENIDA ITALIA 350", "telefono": "0 0", "modcomun": 0, "modespecial": 0, "modadultos": 1, "nvcjmaternal": 0, "nvcjinfantes": 0, "nvcprimario": 0, "nvcsecundario": 0, "nvcsecundinet": 0, "nvcsnu": 0, "nvcsnuinet": 0, "nvcsnucursos": 0, "nvceductempr": 0, "nvejinfantes": 0, "nveprimario": 0, "nvesecundario": 0, "nvaprimario": 0, "nvasecundario": 0, "nvaformprofes": 1, "nvaformprofesinet": 0, "nvaalfabetiz": 0, "nvhinicial": 0, "nvhprimario": 0, "nvhsecundario": 0, "tallerartist": 0, "servcomplem": 0, "nveadultos": 1, "fuente_padron": "Padrón Oficial de Establecimientos Educativos 2025", "nombre_padron": "U.E.G.P. Nº 19 (UEP 19) DON BOSCO"}, "geometry": {"type": "MultiPoint", "coordinates": [[-58.9790065, -27.452476]]}}, {"type": "Feature", "properties": {"gid": 336, "cueanexo": "220177500", "localidad": "RESISTENCIA", "nombre": "INSTITUTO DE EDUCACION SUPERIOR DE FORM. POLICIAL Y SEG. PUBLICA", "vot_2019": 121, "cn_mesas": 4, "electores": 1392, "circuito": "18", "departamento": "SAN FERNANDO", "jurisdiccion": "Chaco", "sector": "Estatal", "ambito": "Urbano", "domicilio": "AV.CORONEL FALCON 350", "cod_postal": "H3500", "telefono": "3624 468579", "email": "secretaria@isspchco.edu.ar", "modcomun": 1, "modespecial": 0, "modadultos": 0, "nvcjmaternal": 0, "nvcjinfantes": 0, "nvcprimario": 0, "nvcsecundario": 0, "nvcsecundinet": 0, "nvcsnu": 1, "nvcsnuinet": 0, "nvcsnucursos": 0, "nvceductempr": 0, "nvejinfantes": 0, "nveprimario": 0, "nvesecundario": 0, "nvaprimario": 0, "nvasecundario": 0, "nvaformprofes": 0, "nvaformprofesinet": 0, "nvaalfabetiz": 0, "nvhinicial": 0, "nvhprimario": 0, "nvhsecundario": 0, "tallerartist": 0, "servcomplem": 0, "nveadultos": 0, "fuente_padron": "Padrón Oficial de Establecimientos Educativos 2025", "nombre_padron": "INSTITUTO SUPERIOR DE SEGURIDAD PUBLICA"}, "geometry": {"type": "MultiPoint", "coordinates": [[-58.99771828923858, -27.43608076819554]]}}, {"type": "Feature", "properties": {"gid": null, "cueanexo": "220087000", "localidad": "COLONIA BARANDA", "nombre": "E.E.P. Nº 68 - DEMETRIO BARANDA", "vot_2019": 93, "cn_mesas": 1, "electores": 18, "circuito": "25", "departamento": "SAN FERNANDO", "jurisdiccion": "Chaco", "sector": "Estatal", "ambito": "Rural", "domicilio": "MZ 15- PC 10- Colonia Baranda   MZ 15- PC 10- Colonia Baranda", "cod_postal": "H3505", "telefono": "3624 707542", "email": "eep68db@gmail.com", "modcomun": 1, "modespecial": 0, "modadultos": 0, "nvcjmaternal": 0, "nvcjinfantes": 1, "nvcprimario": 1, "nvcsecundario": 0, "nvcsecundinet": 0, "nvcsnu": 0, "nvcsnuinet": 0, "nvcsnucursos": 0, "nvceductempr": 0, "nvejinfantes": 0, "nveprimario": 0, "nvesecundario": 0, "nvaprimario": 0, "nvasecundario": 0, "nvaformprofes": 0, "nvaformprofesinet": 0, "nvaalfabetiz": 0, "nvhinicial": 0, "nvhprimario": 0, "nvhsecundario": 0, "tallerartist": 0, "servcomplem": 1, "nveadultos": 0, "fuente_padron": "Padrón Oficial de Establecimientos Educativos 2025"}, "geometry": {"type": "MultiPoint", "coordinates": [[-59.3053541399711, -27.5614854596021]]}}, {"type": "Feature", "properties": {"gid": null, "cueanexo": "220127400", "localidad": "RESISTENCIA", "nombre": "INSTITUTO DE EDUCACION SUPERIOR DE EDUCACION FISICA", "vot_2019": 122, "cn_mesas": 6, "electores": 2011, "circuito": "19A", "departamento": "SAN FERNANDO", "jurisdiccion": "Chaco", "sector": "Estatal", "ambito": "Urbano", "domicilio": "AV.LAVALLE 700", "cod_postal": "H3500", "telefono": "3624 444336", "email": "intef_rcia@yahoo.com.ar", "modcomun": 1, "modespecial": 0, "modadultos": 0, "nvcjmaternal": 0, "nvcjinfantes": 0, "nvcprimario": 0, "nvcsecundario": 0, "nvcsecundinet": 0, "nvcsnu": 1, "nvcsnuinet": 0, "nvcsnucursos": 0, "nvceductempr": 0, "nvejinfantes": 0, "nveprimario": 0, "nvesecundario": 0, "nvaprimario": 0, "nvasecundario": 0, "nvaformprofes": 0, "nvaformprofesinet": 0, "nvaalfabetiz": 0, "nvhinicial": 0, "nvhprimario": 0, "nvhsecundario": 0, "tallerartist": 0, "servcomplem": 0, "nveadultos": 0, "fuente_padron": "Padrón Oficial de Establecimientos Educativos 2025"}, "geometry": {"type": "MultiPoint", "coordinates": [[-58.984873555552, -27.4392085065729]]}}, {"type": "Feature", "properties": {"gid": null, "cueanexo": "220244200", "localidad": "FONTANA", "nombre": "E.E.S. Nº 193 \"MAESTRA FULVIA ESPINDOLA de DELLAMEA\"", "vot_2019": 120, "cn_mesas": 7, "electores": 2403, "circuito": "23", "modcomun": 0, "modespecial": 0, "modadultos": 0, "nvcjmaternal": 0, "nvcjinfantes": 0, "nvcprimario": 0, "nvcsecundario": 0, "nvcsecundinet": 0, "nvcsnu": 0, "nvcsnuinet": 0, "nvcsnucursos": 0, "nvceductempr": 0, "nvejinfantes": 0, "nveprimario": 0, "nvesecundario": 0, "nvaprimario": 0, "nvasecundario": 0, "nvaformprofes": 0, "nvaformprofesinet": 0, "nvaalfabetiz": 0, "nvhinicial": 0, "nvhprimario": 0, "nvhsecundario": 0, "tallerartist": 0, "servcomplem": 0, "nveadultos": 0}, "geometry": {"type": "MultiPoint", "coordinates": [[-59.045304488387465, -27.402545636245243]]}}, {"type": "Feature", "properties": {"gid": null, "cueanexo": "221111111", "localidad": "RESISTENCIA", "nombre": "ANEXO UTN FRR", "vot_2019": 2, "cn_mesas": 6, "electores": 2052, "circuito": "5A", "modcomun": 0, "modespecial": 0, "modadultos": 0, "nvcjmaternal": 0, "nvcjinfantes": 0, "nvcprimario": 0, "nvcsecundario": 0, "nvcsecundinet": 0, "nvcsnu": 0, "nvcsnuinet": 0, "nvcsnucursos": 0, "nvceductempr": 0, "nvejinfantes": 0, "nveprimario": 0, "nvesecundario": 0, "nvaprimario": 0, "nvasecundario": 0, "nvaformprofes": 0, "nvaformprofesinet": 0, "nvaalfabetiz": 0, "nvhinicial": 0, "nvhprimario": 0, "nvhsecundario": 0, "tallerartist": 0, "servcomplem": 0, "nveadultos": 0}, "geometry": {"type": "MultiPoint", "coordinates": [[-58.97544357669682, -27.447834967029397]]}}, {"type": "Feature", "properties": {"gid": null, "cueanexo": "221111112", "localidad": "RESISTENCIA", "nombre": "CLUB ATLETICO FOR EVER", "vot_2019": 7, "cn_mesas": 6, "electores": 2086, "circuito": "8A", "modcomun": 0, "modespecial": 0, "modadultos": 0, "nvcjmaternal": 0, "nvcjinfantes": 0, "nvcprimario": 0, "nvcsecundario": 0, "nvcsecundinet": 0, "nvcsnu": 0, "nvcsnuinet": 0, "nvcsnucursos": 0, "nvceductempr": 0, "nvejinfantes": 0, "nveprimario": 0, "nvesecundario": 0, "nvaprimario": 0, "nvasecundario": 0, "nvaformprofes": 0, "nvaformprofesinet": 0, "nvaalfabetiz": 0, "nvhinicial": 0, "nvhprimario": 0, "nvhsecundario": 0, "tallerartist": 0, "servcomplem": 0, "nveadultos": 0}, "geometry": {"type": "MultiPoint", "coordinates": [[-58.96650880334498, -27.469219115703233]]}}]}