{
  "type": "FeatureCollection",
  "generator": "overpass-turbo",
  "copyright": "The data included in this document is from www.openstreetmap.org. The data is made available under ODbL.",
  "timestamp": "2025-08-16T00:09:45Z",
  "features": [
    {
      "type": "Feature",
      "properties": {
        "@id": "relation/8221983",
        "leisure": "park",
        "name": "Parque Lineal Villa Río Negro",
        "type": "multipolygon"
      },
      "geometry": {
        "type": "MultiPolygon",
        "coordinates": [
          [
            [
              [
                -58.9755779,
                -27.4241352
              ],
              [
                -58.9753502,
                -27.4242179
              ],
              [
                -58.9752052,
                -27.4238656
              ],
              [
                -58.9754433,
                -27.4237921
              ],
              [
                -58.9755779,
                -27.4241352
              ]
            ]
          ],
          [
            [
              [
                -58.9759114,
                -27.4244988
              ],
              [
                -58.9754953,
                -27.4246305
              ],
              [
                -58.9753606,
                -27.4242863
              ],
              [
                -58.9757726,
                -27.4241635
              ],
              [
                -58.9759114,
                -27.4244988
              ]
            ]
          ],
          [
            [
              [
                -58.9759367,
                -27.424594
              ],
              [
                -58.9760828,
                -27.4249576
              ],
              [
                -58.9759006,
                -27.4250153
              ],
              [
                -58.9757545,
                -27.4246517
              ],
              [
                -58.9759367,
                -27.424594
              ]
            ]
          ],
          [
            [
              [
                -58.9761588,
                -27.4250094
              ],
              [
                -58.9763049,
                -27.4253729
              ],
              [
                -58.9761227,
                -27.4254306
              ],
              [
                -58.9759766,
                -27.4250671
              ],
              [
                -58.9761588,
                -27.4250094
              ]
            ]
          ],
          [
            [
              [
                -58.9763952,
                -27.4254321
              ],
              [
                -58.9765461,
                -27.4257881
              ],
              [
                -58.9763829,
                -27.4258426
              ],
              [
                -58.9762321,
                -27.4254866
              ],
              [
                -58.9763952,
                -27.4254321
              ]
            ]
          ],
          [
            [
              [
                -58.9765695,
                -27.4258722
              ],
              [
                -58.9767204,
                -27.4262282
              ],
              [
                -58.9765573,
                -27.4262827
              ],
              [
                -58.9764064,
                -27.4259267
              ],
              [
                -58.9765695,
                -27.4258722
              ]
            ]
          ],
          [
            [
              [
                -58.9767452,
                -27.4262708
              ],
              [
                -58.9768961,
                -27.4266268
              ],
              [
                -58.976733,
                -27.4266813
              ],
              [
                -58.9765821,
                -27.4263252
              ],
              [
                -58.9767452,
                -27.4262708
              ]
            ]
          ],
          [
            [
              [
                -58.9772504,
                -27.427517
              ],
              [
                -58.9770566,
                -27.4275812
              ],
              [
                -58.9769092,
                -27.4272303
              ],
              [
                -58.977103,
                -27.4271661
              ],
              [
                -58.9772504,
                -27.427517
              ]
            ]
          ]
        ]
      },
      "id": "relation/8221983"
    },
    {
      "type": "Feature",
      "properties": {
        "@id": "way/103231322",
        "leisure": "park",
        "name": "Plaza España"
      },
      "geometry": {
        "type": "Polygon",
        "coordinates": [
          [
            [
              -58.9865244,
              -27.457394
            ],
            [
              -58.9872705,
              -27.4580687
            ],
            [
              -58.9872622,
              -27.4581037
            ],
            [
              -58.9864773,
              -27.4587584
            ],
            [
              -58.9864425,
              -27.4587486
            ],
            [
              -58.9857091,
              -27.4581059
            ],
            [
              -58.985699,
              -27.4580706
            ],
            [
              -58.9864539,
              -27.4573935
            ],
            [
              -58.9865244,
              -27.457394
            ]
          ]
        ]
      },
      "id": "way/103231322"
    },
    {
      "type": "Feature",
      "properties": {
        "@id": "way/103233213",
        "internet_access": "wlan",
        "leisure": "park",
        "name": "Plaza Belgrano"
      },
      "geometry": {
        "type": "Polygon",
        "coordinates": [
          [
            [
              -58.9796238,
              -27.4496794
            ],
            [
              -58.9803294,
              -27.4503273
            ],
            [
              -58.9803389,
              -27.4503726
            ],
            [
              -58.9795598,
              -27.4510557
            ],
            [
              -58.9787917,
              -27.4503674
            ],
            [
              -58.9788119,
              -27.4502979
            ],
            [
              -58.9795409,
              -27.449662
            ],
            [
              -58.9796238,
              -27.4496794
            ]
          ]
        ]
      },
      "id": "way/103233213"
    },
    {
      "type": "Feature",
      "properties": {
        "@id": "way/103289412",
        "internet_access": "wlan",
        "leisure": "park",
        "name": "Plaza 12 de Octubre"
      },
      "geometry": {
        "type": "Polygon",
        "coordinates": [
          [
            [
              -58.9872988,
              -27.4441516
            ],
            [
              -58.9872984,
              -27.4441907
            ],
            [
              -58.9865572,
              -27.4448835
            ],
            [
              -58.9865001,
              -27.4448789
            ],
            [
              -58.9857399,
              -27.4442045
            ],
            [
              -58.9857427,
              -27.4441648
            ],
            [
              -58.9865029,
              -27.4434916
            ],
            [
              -58.9865522,
              -27.4434885
            ],
            [
              -58.9872988,
              -27.4441516
            ]
          ]
        ]
      },
      "id": "way/103289412"
    },
    {
      "type": "Feature",
      "properties": {
        "@id": "way/103821241",
        "leisure": "park",
        "name": "Plaza Villa Itatí"
      },
      "geometry": {
        "type": "Polygon",
        "coordinates": [
          [
            [
              -58.9801548,
              -27.46748
            ],
            [
              -58.9804674,
              -27.467762
            ],
            [
              -58.9800568,
              -27.4681203
            ],
            [
              -58.9797442,
              -27.4678383
            ],
            [
              -58.9801548,
              -27.46748
            ]
          ]
        ]
      },
      "id": "way/103821241"
    },
    {
      "type": "Feature",
      "properties": {
        "@id": "way/104033162",
        "leisure": "park",
        "name": "Parque Ávalos"
      },
      "geometry": {
        "type": "Polygon",
        "coordinates": [
          [
            [
              -58.9830172,
              -27.4325175
            ],
            [
              -58.9817794,
              -27.4299446
            ],
            [
              -58.9830921,
              -27.4288081
            ],
            [
              -58.983253,
              -27.4290271
            ],
            [
              -58.983228,
              -27.4293446
            ],
            [
              -58.9841329,
              -27.4309193
            ],
            [
              -58.9841602,
              -27.4310504
            ],
            [
              -58.9841952,
              -27.4315171
            ],
            [
              -58.9830172,
              -27.4325175
            ]
          ]
        ]
      },
      "id": "way/104033162"
    },
    {
      "type": "Feature",
      "properties": {
        "@id": "way/104254716",
        "leisure": "park",
        "name": "Parque Urbano Tiro Federal"
      },
      "geometry": {
        "type": "Polygon",
        "coordinates": [
          [
            [
              -58.9791402,
              -27.4702149
            ],
            [
              -58.9745934,
              -27.4742228
            ],
            [
              -58.9737634,
              -27.4749449
            ],
            [
              -58.9729949,
              -27.4738301
            ],
            [
              -58.9781033,
              -27.4693132
            ],
            [
              -58.9791402,
              -27.4702149
            ]
          ]
        ]
      },
      "id": "way/104254716"
    },
    {
      "type": "Feature",
      "properties": {
        "@id": "way/104260505",
        "leisure": "park",
        "name": "Plaza Manuel J. Mann"
      },
      "geometry": {
        "type": "Polygon",
        "coordinates": [
          [
            [
              -59.0057092,
              -27.462181
            ],
            [
              -59.0049436,
              -27.4628603
            ],
            [
              -59.0043869,
              -27.462375
            ],
            [
              -59.0051524,
              -27.4617046
            ],
            [
              -59.0057092,
              -27.462181
            ]
          ]
        ]
      },
      "id": "way/104260505"
    },
    {
      "type": "Feature",
      "properties": {
        "@id": "way/104372589",
        "leisure": "park",
        "name": "Reserva Ecológica Amanda Jones"
      },
      "geometry": {
        "type": "Polygon",
        "coordinates": [
          [
            [
              -58.9704356,
              -27.4511941
            ],
            [
              -58.9704809,
              -27.4511976
            ],
            [
              -58.9706951,
              -27.4513941
            ],
            [
              -58.9706023,
              -27.4514121
            ],
            [
              -58.9704846,
              -27.4514121
            ],
            [
              -58.9703875,
              -27.4514408
            ],
            [
              -58.9701345,
              -27.4516705
            ],
            [
              -58.9700751,
              -27.4517807
            ],
            [
              -58.9700788,
              -27.4519536
            ],
            [
              -58.9700189,
              -27.4520882
            ],
            [
              -58.969953,
              -27.452194
            ],
            [
              -58.9698849,
              -27.4522504
            ],
            [
              -58.9695613,
              -27.45197
            ],
            [
              -58.9704356,
              -27.4511941
            ]
          ]
        ]
      },
      "id": "way/104372589"
    },
    {
      "type": "Feature",
      "properties": {
        "@id": "way/104393408",
        "leisure": "park",
        "name": "Barrio Ítalo Argentino"
      },
      "geometry": {
        "type": "Polygon",
        "coordinates": [
          [
            [
              -58.9886407,
              -27.4763953
            ],
            [
              -58.988125,
              -27.4768529
            ],
            [
              -58.9883998,
              -27.4770681
            ],
            [
              -58.9880647,
              -27.4772293
            ],
            [
              -58.9877212,
              -27.4772112
            ],
            [
              -58.9876684,
              -27.4770172
            ],
            [
              -58.9878757,
              -27.4765191
            ],
            [
              -58.9882224,
              -27.4763653
            ],
            [
              -58.9885917,
              -27.4763419
            ],
            [
              -58.9886407,
              -27.4763953
            ]
          ]
        ]
      },
      "id": "way/104393408"
    },
    {
      "type": "Feature",
      "properties": {
        "@id": "way/104419653",
        "leisure": "park",
        "name": "Plazoleta República de Eslovaquia"
      },
      "geometry": {
        "type": "Polygon",
        "coordinates": [
          [
            [
              -58.9829087,
              -27.4418874
            ],
            [
              -58.9822615,
              -27.4424732
            ],
            [
              -58.9822195,
              -27.4424795
            ],
            [
              -58.982117,
              -27.4423905
            ],
            [
              -58.9821296,
              -27.4423407
            ],
            [
              -58.9827549,
              -27.4417635
            ],
            [
              -58.9828157,
              -27.4417543
            ],
            [
              -58.9828679,
              -27.4417819
            ],
            [
              -58.9828977,
              -27.4418345
            ],
            [
              -58.9829087,
              -27.4418874
            ]
          ]
        ]
      },
      "id": "way/104419653"
    },
    {
      "type": "Feature",
      "properties": {
        "@id": "way/104419655",
        "leisure": "park",
        "name": "Plazoleta Ucrania"
      },
      "geometry": {
        "type": "Polygon",
        "coordinates": [
          [
            [
              -58.9811882,
              -27.4434097
            ],
            [
              -58.9805375,
              -27.4439761
            ],
            [
              -58.9804739,
              -27.4439846
            ],
            [
              -58.9803909,
              -27.4439178
            ],
            [
              -58.9803948,
              -27.4438613
            ],
            [
              -58.9810503,
              -27.4432832
            ],
            [
              -58.981105,
              -27.4432796
            ],
            [
              -58.9811808,
              -27.4433397
            ],
            [
              -58.9811882,
              -27.4434097
            ]
          ]
        ]
      },
      "id": "way/104419655"
    },
    {
      "type": "Feature",
      "properties": {
        "@id": "way/104535742",
        "leisure": "park"
      },
      "geometry": {
        "type": "Polygon",
        "coordinates": [
          [
            [
              -59.0189748,
              -27.4509095
            ],
            [
              -59.0186587,
              -27.4511927
            ],
            [
              -59.0180715,
              -27.4506764
            ],
            [
              -59.0183876,
              -27.4503933
            ],
            [
              -59.0189748,
              -27.4509095
            ]
          ]
        ]
      },
      "id": "way/104535742"
    },
    {
      "type": "Feature",
      "properties": {
        "@id": "way/104535790",
        "leisure": "park",
        "name": "Plazoleta Estado de Israel - República de Alemania"
      },
      "geometry": {
        "type": "Polygon",
        "coordinates": [
          [
            [
              -58.9820387,
              -27.442578
            ],
            [
              -58.9820558,
              -27.4426211
            ],
            [
              -58.9814227,
              -27.4432099
            ],
            [
              -58.9813511,
              -27.4432353
            ],
            [
              -58.9812498,
              -27.4431481
            ],
            [
              -58.9812367,
              -27.4431134
            ],
            [
              -58.9818927,
              -27.4425348
            ],
            [
              -58.98197,
              -27.4425145
            ],
            [
              -58.9820387,
              -27.442578
            ]
          ]
        ]
      },
      "id": "way/104535790"
    },
    {
      "type": "Feature",
      "properties": {
        "@id": "way/104675886",
        "leisure": "park"
      },
      "geometry": {
        "type": "Polygon",
        "coordinates": [
          [
            [
              -59.0069997,
              -27.4652702
            ],
            [
              -59.0066445,
              -27.4655853
            ],
            [
              -59.0060895,
              -27.465093
            ],
            [
              -59.0064448,
              -27.4647778
            ],
            [
              -59.0069997,
              -27.4652702
            ]
          ]
        ]
      },
      "id": "way/104675886"
    },
    {
      "type": "Feature",
      "properties": {
        "@id": "way/104833142",
        "leisure": "park"
      },
      "geometry": {
        "type": "Polygon",
        "coordinates": [
          [
            [
              -58.975313,
              -27.4268747
            ],
            [
              -58.9752791,
              -27.4269373
            ],
            [
              -58.9749404,
              -27.426626
            ],
            [
              -58.9746296,
              -27.4263701
            ],
            [
              -58.9744463,
              -27.4262865
            ],
            [
              -58.9742881,
              -27.4262394
            ],
            [
              -58.974,
              -27.4261981
            ],
            [
              -58.9736892,
              -27.4261963
            ],
            [
              -58.9735517,
              -27.4262281
            ],
            [
              -58.9732223,
              -27.4263439
            ],
            [
              -58.9731183,
              -27.4262568
            ],
            [
              -58.9735066,
              -27.4260341
            ],
            [
              -58.9736048,
              -27.4259986
            ],
            [
              -58.9738443,
              -27.4259121
            ],
            [
              -58.974264,
              -27.4259335
            ],
            [
              -58.9744907,
              -27.4260705
            ],
            [
              -58.9748525,
              -27.426321
            ],
            [
              -58.9748959,
              -27.4264602
            ],
            [
              -58.9752384,
              -27.4268091
            ],
            [
              -58.975313,
              -27.4268747
            ]
          ]
        ]
      },
      "id": "way/104833142"
    },
    {
      "type": "Feature",
      "properties": {
        "@id": "way/104835848",
        "leisure": "park",
        "name": "Ex Tiro Federal"
      },
      "geometry": {
        "type": "Polygon",
        "coordinates": [
          [
            [
              -58.9735545,
              -27.4749561
            ],
            [
              -58.9733211,
              -27.4751562
            ],
            [
              -58.9723745,
              -27.4743481
            ],
            [
              -58.9728927,
              -27.4739218
            ],
            [
              -58.9735545,
              -27.4749561
            ]
          ]
        ]
      },
      "id": "way/104835848"
    },
    {
      "type": "Feature",
      "properties": {
        "@id": "way/104863206",
        "leisure": "park",
        "name": "Plaza Anita K. de Cravzov"
      },
      "geometry": {
        "type": "Polygon",
        "coordinates": [
          [
            [
              -59.0124048,
              -27.4634364
            ],
            [
              -59.0131368,
              -27.464124
            ],
            [
              -59.0123499,
              -27.4647987
            ],
            [
              -59.0115871,
              -27.4641103
            ],
            [
              -59.0123244,
              -27.4634423
            ],
            [
              -59.0124048,
              -27.4634364
            ]
          ]
        ]
      },
      "id": "way/104863206"
    },
    {
      "type": "Feature",
      "properties": {
        "@id": "way/105026700",
        "leisure": "park"
      },
      "geometry": {
        "type": "Polygon",
        "coordinates": [
          [
            [
              -59.0171468,
              -27.453884
            ],
            [
              -59.0171676,
              -27.4546023
            ],
            [
              -59.0157499,
              -27.4546288
            ],
            [
              -59.0156732,
              -27.4544194
            ],
            [
              -59.0152804,
              -27.4540686
            ],
            [
              -59.0150663,
              -27.453877
            ],
            [
              -59.0171468,
              -27.453884
            ]
          ]
        ]
      },
      "id": "way/105026700"
    },
    {
      "type": "Feature",
      "properties": {
        "@id": "way/105026708",
        "leisure": "park"
      },
      "geometry": {
        "type": "Polygon",
        "coordinates": [
          [
            [
              -59.0173428,
              -27.4568284
            ],
            [
              -59.0178898,
              -27.4568238
            ],
            [
              -59.0169489,
              -27.4576197
            ],
            [
              -59.0163564,
              -27.4571124
            ],
            [
              -59.0173371,
              -27.4571306
            ],
            [
              -59.0173428,
              -27.4568284
            ]
          ]
        ]
      },
      "id": "way/105026708"
    },
    {
      "type": "Feature",
      "properties": {
        "@id": "way/105026709",
        "leisure": "park"
      },
      "geometry": {
        "type": "Polygon",
        "coordinates": [
          [
            [
              -59.0173542,
              -27.4553369
            ],
            [
              -59.0177381,
              -27.4553383
            ],
            [
              -59.0177359,
              -27.455836
            ],
            [
              -59.0172443,
              -27.4558428
            ],
            [
              -59.0172403,
              -27.4561079
            ],
            [
              -59.0166203,
              -27.4561094
            ],
            [
              -59.0166152,
              -27.4557417
            ],
            [
              -59.0168846,
              -27.4557436
            ],
            [
              -59.0168848,
              -27.4556786
            ],
            [
              -59.0168106,
              -27.4556474
            ],
            [
              -59.0167924,
              -27.4552411
            ],
            [
              -59.017043,
              -27.4552361
            ],
            [
              -59.0171164,
              -27.4553119
            ],
            [
              -59.0171914,
              -27.4553106
            ],
            [
              -59.017246,
              -27.4552482
            ],
            [
              -59.0173546,
              -27.4552584
            ],
            [
              -59.0173542,
              -27.4553369
            ]
          ]
        ]
      },
      "id": "way/105026709"
    },
    {
      "type": "Feature",
      "properties": {
        "@id": "way/105028844",
        "leisure": "park",
        "name": "Alfonzo"
      },
      "geometry": {
        "type": "Polygon",
        "coordinates": [
          [
            [
              -59.0153238,
              -27.4423178
            ],
            [
              -59.0153222,
              -27.4425115
            ],
            [
              -59.0149841,
              -27.4425092
            ],
            [
              -59.0149857,
              -27.4423156
            ],
            [
              -59.0153238,
              -27.4423178
            ]
          ]
        ]
      },
      "id": "way/105028844"
    },
    {
      "type": "Feature",
      "properties": {
        "@id": "way/105556803",
        "leisure": "park"
      },
      "geometry": {
        "type": "Polygon",
        "coordinates": [
          [
            [
              -59.0208322,
              -27.4387577
            ],
            [
              -59.0212021,
              -27.4390963
            ],
            [
              -59.020439,
              -27.4397771
            ],
            [
              -59.0200535,
              -27.4394626
            ],
            [
              -59.0208322,
              -27.4387577
            ]
          ]
        ]
      },
      "id": "way/105556803"
    },
    {
      "type": "Feature",
      "properties": {
        "@id": "way/105556818",
        "leisure": "park"
      },
      "geometry": {
        "type": "Polygon",
        "coordinates": [
          [
            [
              -59.0185701,
              -27.440209
            ],
            [
              -59.0188544,
              -27.4404647
            ],
            [
              -59.0186363,
              -27.4406616
            ],
            [
              -59.0183443,
              -27.4404129
            ],
            [
              -59.0185701,
              -27.440209
            ]
          ]
        ]
      },
      "id": "way/105556818"
    },
    {
      "type": "Feature",
      "properties": {
        "@id": "way/105723180",
        "leisure": "park"
      },
      "geometry": {
        "type": "Polygon",
        "coordinates": [
          [
            [
              -59.0318581,
              -27.4570404
            ],
            [
              -59.0323999,
              -27.4575409
            ],
            [
              -59.0322012,
              -27.4577213
            ],
            [
              -59.031649,
              -27.4572219
            ],
            [
              -59.0318581,
              -27.4570404
            ]
          ]
        ]
      },
      "id": "way/105723180"
    },
    {
      "type": "Feature",
      "properties": {
        "@id": "way/106347399",
        "leisure": "park",
        "name": "Parque Norte Caraguatá"
      },
      "geometry": {
        "type": "Polygon",
        "coordinates": [
          [
            [
              -58.9861455,
              -27.3874239
            ],
            [
              -58.98469,
              -27.3887398
            ],
            [
              -58.9837351,
              -27.3896026
            ],
            [
              -58.9836328,
              -27.3896935
            ],
            [
              -58.9835516,
              -27.3897691
            ],
            [
              -58.9805432,
              -27.3924507
            ],
            [
              -58.9768761,
              -27.3892331
            ],
            [
              -58.9737313,
              -27.3863806
            ],
            [
              -58.9794285,
              -27.381238
            ],
            [
              -58.9861455,
              -27.3874239
            ]
          ]
        ]
      },
      "id": "way/106347399"
    },
    {
      "type": "Feature",
      "properties": {
        "@id": "way/106464078",
        "leisure": "park",
        "name": "Plaza José Palma"
      },
      "geometry": {
        "type": "Polygon",
        "coordinates": [
          [
            [
              -59.034522,
              -27.4163226
            ],
            [
              -59.0341533,
              -27.4166412
            ],
            [
              -59.033673,
              -27.4161934
            ],
            [
              -59.0340466,
              -27.4158747
            ],
            [
              -59.034522,
              -27.4163226
            ]
          ]
        ]
      },
      "id": "way/106464078"
    },
    {
      "type": "Feature",
      "properties": {
        "@id": "way/106464132",
        "leisure": "park",
        "name": "Plaza Tamborcito de Tacuarí"
      },
      "geometry": {
        "type": "Polygon",
        "coordinates": [
          [
            [
              -59.0380851,
              -27.4202967
            ],
            [
              -59.0374486,
              -27.4208341
            ],
            [
              -59.0367655,
              -27.4202243
            ],
            [
              -59.0373826,
              -27.4196731
            ],
            [
              -59.0380851,
              -27.4202967
            ]
          ]
        ]
      },
      "id": "way/106464132"
    },
    {
      "type": "Feature",
      "properties": {
        "@id": "way/106604329",
        "leisure": "park",
        "name": "Plaza Sarmiento"
      },
      "geometry": {
        "type": "Polygon",
        "coordinates": [
          [
            [
              -58.9315739,
              -27.4851631
            ],
            [
              -58.9307835,
              -27.4858663
            ],
            [
              -58.9298693,
              -27.4850575
            ],
            [
              -58.9306597,
              -27.4843544
            ],
            [
              -58.9315739,
              -27.4851631
            ]
          ]
        ]
      },
      "id": "way/106604329"
    },
    {
      "type": "Feature",
      "properties": {
        "@id": "way/106648510",
        "leisure": "park"
      },
      "geometry": {
        "type": "Polygon",
        "coordinates": [
          [
            [
              -59.0397618,
              -27.416019
            ],
            [
              -59.0401421,
              -27.4163398
            ],
            [
              -59.0390875,
              -27.4172982
            ],
            [
              -59.0387173,
              -27.4169707
            ],
            [
              -59.0397618,
              -27.416019
            ]
          ]
        ]
      },
      "id": "way/106648510"
    },
    {
      "type": "Feature",
      "properties": {
        "@id": "way/106648551",
        "leisure": "park"
      },
      "geometry": {
        "type": "Polygon",
        "coordinates": [
          [
            [
              -59.040993,
              -27.4130459
            ],
            [
              -59.0405049,
              -27.4134772
            ],
            [
              -59.0397183,
              -27.4127573
            ],
            [
              -59.0401751,
              -27.4123405
            ],
            [
              -59.040993,
              -27.4130459
            ]
          ]
        ]
      },
      "id": "way/106648551"
    },
    {
      "type": "Feature",
      "properties": {
        "@id": "way/106922573",
        "leisure": "park",
        "name": "Plazoleta Bulgaria"
      },
      "geometry": {
        "type": "Polygon",
        "coordinates": [
          [
            [
              -58.9803323,
              -27.4441273
            ],
            [
              -58.9803216,
              -27.4441831
            ],
            [
              -58.9796929,
              -27.4447545
            ],
            [
              -58.9796466,
              -27.4447575
            ],
            [
              -58.9795666,
              -27.4446854
            ],
            [
              -58.9795457,
              -27.4446665
            ],
            [
              -58.9795407,
              -27.4446298
            ],
            [
              -58.9801589,
              -27.444055
            ],
            [
              -58.9802207,
              -27.4440366
            ],
            [
              -58.9803323,
              -27.4441273
            ]
          ]
        ]
      },
      "id": "way/106922573"
    },
    {
      "type": "Feature",
      "properties": {
        "@id": "way/106922575",
        "leisure": "park",
        "name": "Plazoleta Policial"
      },
      "geometry": {
        "type": "Polygon",
        "coordinates": [
          [
            [
              -58.9856911,
              -27.4393401
            ],
            [
              -58.9856391,
              -27.4392967
            ],
            [
              -58.9856238,
              -27.4392653
            ],
            [
              -58.9856306,
              -27.4392275
            ],
            [
              -58.9856586,
              -27.4391851
            ],
            [
              -58.9857219,
              -27.4391875
            ],
            [
              -58.9862464,
              -27.4387243
            ],
            [
              -58.9862166,
              -27.4386949
            ],
            [
              -58.9862777,
              -27.4386427
            ],
            [
              -58.9863341,
              -27.4386369
            ],
            [
              -58.9863769,
              -27.4386568
            ],
            [
              -58.9864019,
              -27.4386871
            ],
            [
              -58.9864211,
              -27.4387199
            ],
            [
              -58.9864199,
              -27.4387573
            ],
            [
              -58.9863834,
              -27.4387982
            ],
            [
              -58.9863151,
              -27.4387976
            ],
            [
              -58.985787,
              -27.4392606
            ],
            [
              -58.985812,
              -27.4393198
            ],
            [
              -58.9857594,
              -27.439358
            ],
            [
              -58.9856911,
              -27.4393401
            ]
          ]
        ]
      },
      "id": "way/106922575"
    },
    {
      "type": "Feature",
      "properties": {
        "@id": "way/106922576",
        "leisure": "park",
        "name": "Parque Urbano Laguna Argüello"
      },
      "geometry": {
        "type": "Polygon",
        "coordinates": [
          [
            [
              -58.9763801,
              -27.4549226
            ],
            [
              -58.9753961,
              -27.4557908
            ],
            [
              -58.9748581,
              -27.4553525
            ],
            [
              -58.975858,
              -27.4544627
            ],
            [
              -58.9758918,
              -27.4544586
            ],
            [
              -58.9763808,
              -27.4548893
            ],
            [
              -58.9763801,
              -27.4549226
            ]
          ]
        ]
      },
      "id": "way/106922576"
    },
    {
      "type": "Feature",
      "properties": {
        "@id": "way/106922577",
        "leisure": "park",
        "name": "Parque Urbano Laguna Argüello"
      },
      "geometry": {
        "type": "Polygon",
        "coordinates": [
          [
            [
              -58.9772926,
              -27.4557639
            ],
            [
              -58.9771039,
              -27.4559295
            ],
            [
              -58.977242,
              -27.4560617
            ],
            [
              -58.9767295,
              -27.4565014
            ],
            [
              -58.9757437,
              -27.4556047
            ],
            [
              -58.9764523,
              -27.4549786
            ],
            [
              -58.9772926,
              -27.4557639
            ]
          ]
        ]
      },
      "id": "way/106922577"
    },
    {
      "type": "Feature",
      "properties": {
        "@id": "way/106922578",
        "leisure": "park",
        "name": "Parque Urbano Laguna Argüello"
      },
      "geometry": {
        "type": "Polygon",
        "coordinates": [
          [
            [
              -58.9745476,
              -27.4538742
            ],
            [
              -58.9735253,
              -27.4547987
            ],
            [
              -58.9726556,
              -27.4539775
            ],
            [
              -58.9725607,
              -27.4540512
            ],
            [
              -58.9723528,
              -27.4542127
            ],
            [
              -58.972031,
              -27.4539495
            ],
            [
              -58.9718233,
              -27.4538395
            ],
            [
              -58.9715705,
              -27.4536472
            ],
            [
              -58.9712908,
              -27.4534153
            ],
            [
              -58.9708992,
              -27.453157
            ],
            [
              -58.9703129,
              -27.4531938
            ],
            [
              -58.9701135,
              -27.4530707
            ],
            [
              -58.970918,
              -27.4523783
            ],
            [
              -58.971219,
              -27.4520777
            ],
            [
              -58.9715672,
              -27.4523164
            ],
            [
              -58.9716261,
              -27.4522545
            ],
            [
              -58.9719118,
              -27.4522752
            ],
            [
              -58.9720398,
              -27.4522586
            ],
            [
              -58.9724073,
              -27.4524228
            ],
            [
              -58.9726111,
              -27.452499
            ],
            [
              -58.9729217,
              -27.4525495
            ],
            [
              -58.9730418,
              -27.4524657
            ],
            [
              -58.9731624,
              -27.4525744
            ],
            [
              -58.9732301,
              -27.4525403
            ],
            [
              -58.9737038,
              -27.4529834
            ],
            [
              -58.97389,
              -27.4530741
            ],
            [
              -58.9741368,
              -27.4533093
            ],
            [
              -58.9740235,
              -27.4534115
            ],
            [
              -58.9745476,
              -27.4538742
            ]
          ]
        ]
      },
      "id": "way/106922578"
    },
    {
      "type": "Feature",
      "properties": {
        "@id": "way/106922579",
        "leisure": "park",
        "name": "Plazoleta Údine"
      },
      "geometry": {
        "type": "Polygon",
        "coordinates": [
          [
            [
              -58.9864781,
              -27.4383525
            ],
            [
              -58.9864627,
              -27.4383991
            ],
            [
              -58.986382,
              -27.4384699
            ],
            [
              -58.986326,
              -27.438474
            ],
            [
              -58.9862794,
              -27.4384303
            ],
            [
              -58.9862897,
              -27.4383706
            ],
            [
              -58.9853973,
              -27.4375656
            ],
            [
              -58.9853322,
              -27.4375743
            ],
            [
              -58.9852577,
              -27.4374916
            ],
            [
              -58.9853047,
              -27.4374268
            ],
            [
              -58.9853684,
              -27.4373868
            ],
            [
              -58.9854307,
              -27.4373934
            ],
            [
              -58.985481,
              -27.4374398
            ],
            [
              -58.9854541,
              -27.4374998
            ],
            [
              -58.9863553,
              -27.4383035
            ],
            [
              -58.9864266,
              -27.4383032
            ],
            [
              -58.9864781,
              -27.4383525
            ]
          ]
        ]
      },
      "id": "way/106922579"
    },
    {
      "type": "Feature",
      "properties": {
        "@id": "way/106922580",
        "leisure": "park",
        "name": "Plazoleta República de Eslovenia"
      },
      "geometry": {
        "type": "Polygon",
        "coordinates": [
          [
            [
              -58.9831697,
              -27.4416852
            ],
            [
              -58.9831066,
              -27.4417031
            ],
            [
              -58.9830338,
              -27.4416687
            ],
            [
              -58.9830047,
              -27.441644
            ],
            [
              -58.9829903,
              -27.4415828
            ],
            [
              -58.9836069,
              -27.4410335
            ],
            [
              -58.9836563,
              -27.4410027
            ],
            [
              -58.9837162,
              -27.4410083
            ],
            [
              -58.9837713,
              -27.4410412
            ],
            [
              -58.9837919,
              -27.4410926
            ],
            [
              -58.9837857,
              -27.4411302
            ],
            [
              -58.9831697,
              -27.4416852
            ]
          ]
        ]
      },
      "id": "way/106922580"
    },
    {
      "type": "Feature",
      "properties": {
        "@id": "way/106922582",
        "leisure": "park",
        "name": "Plazoleta República del Líbano"
      },
      "geometry": {
        "type": "Polygon",
        "coordinates": [
          [
            [
              -58.9846958,
              -27.4402361
            ],
            [
              -58.9847213,
              -27.440294
            ],
            [
              -58.9846824,
              -27.4403333
            ],
            [
              -58.9846278,
              -27.4403018
            ],
            [
              -58.9840698,
              -27.4407863
            ],
            [
              -58.9840829,
              -27.4408415
            ],
            [
              -58.9840284,
              -27.4408857
            ],
            [
              -58.9839849,
              -27.4408677
            ],
            [
              -58.9839222,
              -27.440815
            ],
            [
              -58.9839043,
              -27.4407608
            ],
            [
              -58.9839453,
              -27.4407183
            ],
            [
              -58.9840119,
              -27.4407228
            ],
            [
              -58.9845691,
              -27.4402367
            ],
            [
              -58.9845326,
              -27.4402013
            ],
            [
              -58.9845665,
              -27.4401658
            ],
            [
              -58.9846425,
              -27.4401897
            ],
            [
              -58.9846958,
              -27.4402361
            ]
          ]
        ]
      },
      "id": "way/106922582"
    },
    {
      "type": "Feature",
      "properties": {
        "@id": "way/106922584",
        "leisure": "park",
        "name": "Parque Urbano Laguna Argüello"
      },
      "geometry": {
        "type": "Polygon",
        "coordinates": [
          [
            [
              -58.9757731,
              -27.45438
            ],
            [
              -58.9757761,
              -27.4544174
            ],
            [
              -58.9748302,
              -27.4552779
            ],
            [
              -58.9744348,
              -27.4548845
            ],
            [
              -58.9739122,
              -27.4546861
            ],
            [
              -58.9743132,
              -27.4543417
            ],
            [
              -58.9749862,
              -27.4537153
            ],
            [
              -58.9750483,
              -27.4537185
            ],
            [
              -58.9757731,
              -27.45438
            ]
          ]
        ]
      },
      "id": "way/106922584"
    },
    {
      "type": "Feature",
      "properties": {
        "@id": "way/106922589",
        "leisure": "park",
        "name": "Plazoleta República Árabe - Siria"
      },
      "geometry": {
        "type": "Polygon",
        "coordinates": [
          [
            [
              -58.9855238,
              -27.4395501
            ],
            [
              -58.9854483,
              -27.4395564
            ],
            [
              -58.9849039,
              -27.440048
            ],
            [
              -58.9849298,
              -27.4400768
            ],
            [
              -58.9848929,
              -27.4401047
            ],
            [
              -58.9848559,
              -27.4401024
            ],
            [
              -58.9847931,
              -27.4400619
            ],
            [
              -58.9847652,
              -27.4399898
            ],
            [
              -58.9848039,
              -27.4399529
            ],
            [
              -58.9848744,
              -27.4399505
            ],
            [
              -58.9854126,
              -27.4394727
            ],
            [
              -58.985389,
              -27.4394357
            ],
            [
              -58.9854293,
              -27.4393962
            ],
            [
              -58.9855053,
              -27.4394128
            ],
            [
              -58.9855515,
              -27.4394562
            ],
            [
              -58.9855643,
              -27.4395152
            ],
            [
              -58.9855238,
              -27.4395501
            ]
          ]
        ]
      },
      "id": "way/106922589"
    },
    {
      "type": "Feature",
      "properties": {
        "@id": "way/109483986",
        "leisure": "park",
        "name": "Plazoleta del País Vasco - Euskadi"
      },
      "geometry": {
        "type": "Polygon",
        "coordinates": [
          [
            [
              -58.9793922,
              -27.4449958
            ],
            [
              -58.9787566,
              -27.4455668
            ],
            [
              -58.9786796,
              -27.4455808
            ],
            [
              -58.9786273,
              -27.4455463
            ],
            [
              -58.9785935,
              -27.445489
            ],
            [
              -58.9786137,
              -27.4454317
            ],
            [
              -58.9792506,
              -27.4448686
            ],
            [
              -58.9793171,
              -27.4448791
            ],
            [
              -58.9793853,
              -27.4449452
            ],
            [
              -58.9793922,
              -27.4449958
            ]
          ]
        ]
      },
      "id": "way/109483986"
    },
    {
      "type": "Feature",
      "properties": {
        "@id": "way/123114363",
        "leisure": "park",
        "name": "Plazoleta Héroes del Crucero General Manuel Belgrano"
      },
      "geometry": {
        "type": "Polygon",
        "coordinates": [
          [
            [
              -58.9758931,
              -27.4479837
            ],
            [
              -58.9759156,
              -27.4479843
            ],
            [
              -58.9759572,
              -27.4480182
            ],
            [
              -58.9759628,
              -27.4480442
            ],
            [
              -58.9752716,
              -27.4486468
            ],
            [
              -58.975241,
              -27.4486419
            ],
            [
              -58.9752175,
              -27.4486311
            ],
            [
              -58.9752102,
              -27.4486073
            ],
            [
              -58.9752072,
              -27.4485875
            ],
            [
              -58.9758931,
              -27.4479837
            ]
          ]
        ]
      },
      "id": "way/123114363"
    },
    {
      "type": "Feature",
      "properties": {
        "@id": "way/123114364",
        "leisure": "park",
        "name": "Plazoleta Reino de España"
      },
      "geometry": {
        "type": "Polygon",
        "coordinates": [
          [
            [
              -58.9776585,
              -27.4465328
            ],
            [
              -58.976988,
              -27.4471319
            ],
            [
              -58.976961,
              -27.4471262
            ],
            [
              -58.9769315,
              -27.4470929
            ],
            [
              -58.9769325,
              -27.4470713
            ],
            [
              -58.9776123,
              -27.4464758
            ],
            [
              -58.977652,
              -27.4464746
            ],
            [
              -58.9776718,
              -27.4465002
            ],
            [
              -58.9776585,
              -27.4465328
            ]
          ]
        ]
      },
      "id": "way/123114364"
    },
    {
      "type": "Feature",
      "properties": {
        "@id": "way/123120177",
        "internet_access": "wlan",
        "leisure": "park",
        "name": "Plaza 25 de Mayo de 1810"
      },
      "geometry": {
        "type": "Polygon",
        "coordinates": [
          [
            [
              -58.9880964,
              -27.4512337
            ],
            [
              -58.9880552,
              -27.4512678
            ],
            [
              -58.9874809,
              -27.4517552
            ],
            [
              -58.9874614,
              -27.451773
            ],
            [
              -58.9874402,
              -27.4517916
            ],
            [
              -58.987258,
              -27.4519506
            ],
            [
              -58.9872391,
              -27.4519671
            ],
            [
              -58.9872266,
              -27.4519784
            ],
            [
              -58.9866696,
              -27.4524993
            ],
            [
              -58.9866094,
              -27.4525558
            ],
            [
              -58.9865822,
              -27.4525814
            ],
            [
              -58.9865475,
              -27.4525885
            ],
            [
              -58.9865106,
              -27.4525981
            ],
            [
              -58.9864634,
              -27.4525906
            ],
            [
              -58.9864373,
              -27.4525799
            ],
            [
              -58.9863985,
              -27.4525444
            ],
            [
              -58.9858077,
              -27.4520185
            ],
            [
              -58.9857954,
              -27.4520071
            ],
            [
              -58.9857688,
              -27.4519831
            ],
            [
              -58.9856071,
              -27.4518334
            ],
            [
              -58.9855903,
              -27.4518178
            ],
            [
              -58.9855762,
              -27.4518057
            ],
            [
              -58.9855677,
              -27.4517985
            ],
            [
              -58.9850238,
              -27.4512941
            ],
            [
              -58.9849491,
              -27.4512069
            ],
            [
              -58.9849427,
              -27.4511874
            ],
            [
              -58.9849278,
              -27.4511416
            ],
            [
              -58.9849351,
              -27.4511205
            ],
            [
              -58.9849463,
              -27.4510885
            ],
            [
              -58.985009,
              -27.4510273
            ],
            [
              -58.9855875,
              -27.4505112
            ],
            [
              -58.9855949,
              -27.4505047
            ],
            [
              -58.9856102,
              -27.4504914
            ],
            [
              -58.9856846,
              -27.4504255
            ],
            [
              -58.9858001,
              -27.4503249
            ],
            [
              -58.9858194,
              -27.4503076
            ],
            [
              -58.9858513,
              -27.4502787
            ],
            [
              -58.9860277,
              -27.4501156
            ],
            [
              -58.9860468,
              -27.450098
            ],
            [
              -58.9860552,
              -27.4500902
            ],
            [
              -58.986064,
              -27.4500821
            ],
            [
              -58.9860737,
              -27.4500731
            ],
            [
              -58.9860868,
              -27.450061
            ],
            [
              -58.9863591,
              -27.4498094
            ],
            [
              -58.986392,
              -27.449779
            ],
            [
              -58.9864542,
              -27.4497325
            ],
            [
              -58.9865007,
              -27.4497176
            ],
            [
              -58.986534,
              -27.4497138
            ],
            [
              -58.9865752,
              -27.4497214
            ],
            [
              -58.9866169,
              -27.4497418
            ],
            [
              -58.9866701,
              -27.4497872
            ],
            [
              -58.9872188,
              -27.4502562
            ],
            [
              -58.9872451,
              -27.4502776
            ],
            [
              -58.9872713,
              -27.4502995
            ],
            [
              -58.9874555,
              -27.450469
            ],
            [
              -58.9874739,
              -27.4504857
            ],
            [
              -58.987497,
              -27.4505027
            ],
            [
              -58.9880503,
              -27.4510181
            ],
            [
              -58.9881033,
              -27.451081
            ],
            [
              -58.9881194,
              -27.4511143
            ],
            [
              -58.988123,
              -27.4511773
            ],
            [
              -58.9881193,
              -27.4511851
            ],
            [
              -58.9880964,
              -27.4512337
            ]
          ]
        ]
      },
      "id": "way/123120177"
    },
    {
      "type": "Feature",
      "properties": {
        "@id": "way/123120178",
        "leisure": "park",
        "name": "Plaza 9 de Julio"
      },
      "geometry": {
        "type": "Polygon",
        "coordinates": [
          [
            [
              -58.9950804,
              -27.4511911
            ],
            [
              -58.9942839,
              -27.4518617
            ],
            [
              -58.9935136,
              -27.4511768
            ],
            [
              -58.9935277,
              -27.4511293
            ],
            [
              -58.9942812,
              -27.4504637
            ],
            [
              -58.9943416,
              -27.4504705
            ],
            [
              -58.9950841,
              -27.4511553
            ],
            [
              -58.9950804,
              -27.4511911
            ]
          ]
        ]
      },
      "id": "way/123120178"
    },
    {
      "type": "Feature",
      "properties": {
        "@id": "way/140780030",
        "landuse": "grass",
        "leisure": "park",
        "name": "Paseo de los Intendentes"
      },
      "geometry": {
        "type": "Polygon",
        "coordinates": [
          [
            [
              -58.9951319,
              -27.4510257
            ],
            [
              -58.995071,
              -27.4510733
            ],
            [
              -58.9944003,
              -27.4504495
            ],
            [
              -58.9944519,
              -27.4504043
            ],
            [
              -58.9951319,
              -27.4510257
            ]
          ]
        ]
      },
      "id": "way/140780030"
    },
    {
      "type": "Feature",
      "properties": {
        "@id": "way/143624455",
        "leisure": "park",
        "name": "Plaza San Miguel Arcángel"
      },
      "geometry": {
        "type": "Polygon",
        "coordinates": [
          [
            [
              -59.0079683,
              -27.4618211
            ],
            [
              -59.0076281,
              -27.4621349
            ],
            [
              -59.0072986,
              -27.461845
            ],
            [
              -59.007647,
              -27.461536
            ],
            [
              -59.0079683,
              -27.4618211
            ]
          ]
        ]
      },
      "id": "way/143624455"
    },
    {
      "type": "Feature",
      "properties": {
        "@id": "way/144681729",
        "leisure": "park"
      },
      "geometry": {
        "type": "Polygon",
        "coordinates": [
          [
            [
              -58.9875096,
              -27.4520143
            ],
            [
              -58.9881885,
              -27.4526148
            ],
            [
              -58.988189,
              -27.4526277
            ],
            [
              -58.9881688,
              -27.4526441
            ],
            [
              -58.9881526,
              -27.4526433
            ],
            [
              -58.9874692,
              -27.4520458
            ],
            [
              -58.9874691,
              -27.4520291
            ],
            [
              -58.9874887,
              -27.4520123
            ],
            [
              -58.9875096,
              -27.4520143
            ]
          ]
        ]
      },
      "id": "way/144681729"
    },
    {
      "type": "Feature",
      "properties": {
        "@id": "way/144681732",
        "leisure": "park",
        "name": "Plazoleta de la Civilidad",
        "start_date": "2009"
      },
      "geometry": {
        "type": "Polygon",
        "coordinates": [
          [
            [
              -58.9883616,
              -27.4527615
            ],
            [
              -58.9890601,
              -27.4533876
            ],
            [
              -58.9890282,
              -27.4534156
            ],
            [
              -58.9883297,
              -27.4527895
            ],
            [
              -58.9883616,
              -27.4527615
            ]
          ]
        ]
      },
      "id": "way/144681732"
    },
    {
      "type": "Feature",
      "properties": {
        "@id": "way/144681733",
        "leisure": "park"
      },
      "geometry": {
        "type": "Polygon",
        "coordinates": [
          [
            [
              -58.9892135,
              -27.4535256
            ],
            [
              -58.9898886,
              -27.4541342
            ],
            [
              -58.9898597,
              -27.4541584
            ],
            [
              -58.9891867,
              -27.4535505
            ],
            [
              -58.9892135,
              -27.4535256
            ]
          ]
        ]
      },
      "id": "way/144681733"
    },
    {
      "type": "Feature",
      "properties": {
        "@id": "way/145436440",
        "leisure": "park"
      },
      "geometry": {
        "type": "Polygon",
        "coordinates": [
          [
            [
              -58.982304,
              -27.4471382
            ],
            [
              -58.9822852,
              -27.4471399
            ],
            [
              -58.9822617,
              -27.4471203
            ],
            [
              -58.9822661,
              -27.4470953
            ],
            [
              -58.9829358,
              -27.4464956
            ],
            [
              -58.9829551,
              -27.4464931
            ],
            [
              -58.9829852,
              -27.4465186
            ],
            [
              -58.9829812,
              -27.4465349
            ],
            [
              -58.982304,
              -27.4471382
            ]
          ]
        ]
      },
      "id": "way/145436440"
    },
    {
      "type": "Feature",
      "properties": {
        "@id": "way/145436449",
        "leisure": "park"
      },
      "geometry": {
        "type": "Polygon",
        "coordinates": [
          [
            [
              -58.9892448,
              -27.4409149
            ],
            [
              -58.9892678,
              -27.4409266
            ],
            [
              -58.9892748,
              -27.4409493
            ],
            [
              -58.9892616,
              -27.4409697
            ],
            [
              -58.9892361,
              -27.4409758
            ],
            [
              -58.9892131,
              -27.4409642
            ],
            [
              -58.9892062,
              -27.4409415
            ],
            [
              -58.9892193,
              -27.4409211
            ],
            [
              -58.9892448,
              -27.4409149
            ]
          ]
        ]
      },
      "id": "way/145436449"
    },
    {
      "type": "Feature",
      "properties": {
        "@id": "way/145438590",
        "landuse": "grass",
        "leisure": "park"
      },
      "geometry": {
        "type": "Polygon",
        "coordinates": [
          [
            [
              -58.9794596,
              -27.4447668
            ],
            [
              -58.9794856,
              -27.4447709
            ],
            [
              -58.9795309,
              -27.4448147
            ],
            [
              -58.9795384,
              -27.4448385
            ],
            [
              -58.9795247,
              -27.4448601
            ],
            [
              -58.9794978,
              -27.4448667
            ],
            [
              -58.9794735,
              -27.4448545
            ],
            [
              -58.979432,
              -27.4448138
            ],
            [
              -58.9794191,
              -27.444795
            ],
            [
              -58.9794328,
              -27.4447734
            ],
            [
              -58.9794596,
              -27.4447668
            ]
          ]
        ]
      },
      "id": "way/145438590"
    },
    {
      "type": "Feature",
      "properties": {
        "@id": "way/145438596",
        "leisure": "park",
        "name": "Plazoleta República de Brasil"
      },
      "geometry": {
        "type": "Polygon",
        "coordinates": [
          [
            [
              -58.992675,
              -27.4439021
            ],
            [
              -58.9926767,
              -27.4439384
            ],
            [
              -58.9925895,
              -27.4440133
            ],
            [
              -58.9925307,
              -27.4440234
            ],
            [
              -58.9918733,
              -27.4434476
            ],
            [
              -58.9918667,
              -27.4433933
            ],
            [
              -58.9919753,
              -27.443304
            ],
            [
              -58.9920283,
              -27.4433097
            ],
            [
              -58.992675,
              -27.4439021
            ]
          ]
        ]
      },
      "id": "way/145438596"
    },
    {
      "type": "Feature",
      "properties": {
        "@id": "way/145438607",
        "leisure": "park",
        "name": "Plazoleta Unión de Colectividades del Chaco"
      },
      "geometry": {
        "type": "Polygon",
        "coordinates": [
          [
            [
              -58.9874789,
              -27.4392333
            ],
            [
              -58.9874685,
              -27.4392894
            ],
            [
              -58.9874055,
              -27.4393477
            ],
            [
              -58.9873305,
              -27.4393594
            ],
            [
              -58.9865948,
              -27.4387139
            ],
            [
              -58.9866062,
              -27.4386759
            ],
            [
              -58.9866806,
              -27.4386175
            ],
            [
              -58.9867647,
              -27.4385926
            ],
            [
              -58.9874789,
              -27.4392333
            ]
          ]
        ]
      },
      "id": "way/145438607"
    },
    {
      "type": "Feature",
      "properties": {
        "@id": "way/145438609",
        "landuse": "grass",
        "leisure": "park",
        "name": "Plazoleta Adolfo Petraglia"
      },
      "geometry": {
        "type": "Polygon",
        "coordinates": [
          [
            [
              -58.9855651,
              -27.4502226
            ],
            [
              -58.9855627,
              -27.4502401
            ],
            [
              -58.9855402,
              -27.4502573
            ],
            [
              -58.9855156,
              -27.4502607
            ],
            [
              -58.9848368,
              -27.4496615
            ],
            [
              -58.9848346,
              -27.4496475
            ],
            [
              -58.9848644,
              -27.4496217
            ],
            [
              -58.9848875,
              -27.449627
            ],
            [
              -58.9855651,
              -27.4502226
            ]
          ]
        ]
      },
      "id": "way/145438609"
    },
    {
      "type": "Feature",
      "properties": {
        "@id": "way/145438612",
        "leisure": "park",
        "name": "Parterre Cacique Raylef"
      },
      "geometry": {
        "type": "Polygon",
        "coordinates": [
          [
            [
              -58.9846888,
              -27.4416744
            ],
            [
              -58.984656,
              -27.4417004
            ],
            [
              -58.9839821,
              -27.4411051
            ],
            [
              -58.9840253,
              -27.4410663
            ],
            [
              -58.9846888,
              -27.4416744
            ]
          ]
        ]
      },
      "id": "way/145438612"
    },
    {
      "type": "Feature",
      "properties": {
        "@id": "way/145444532",
        "leisure": "park"
      },
      "geometry": {
        "type": "Polygon",
        "coordinates": [
          [
            [
              -58.9785265,
              -27.445741
            ],
            [
              -58.9778624,
              -27.446346
            ],
            [
              -58.9778267,
              -27.4463604
            ],
            [
              -58.9777945,
              -27.4463365
            ],
            [
              -58.9778078,
              -27.4462962
            ],
            [
              -58.9784747,
              -27.4456971
            ],
            [
              -58.9785265,
              -27.445741
            ]
          ]
        ]
      },
      "id": "way/145444532"
    },
    {
      "type": "Feature",
      "properties": {
        "@id": "way/145444535",
        "leisure": "park",
        "name": "Plazoleta Juan Moisés Vizcarra"
      },
      "geometry": {
        "type": "Polygon",
        "coordinates": [
          [
            [
              -58.9803137,
              -27.4533549
            ],
            [
              -58.9803161,
              -27.4533749
            ],
            [
              -58.9802977,
              -27.4533898
            ],
            [
              -58.9802674,
              -27.45339
            ],
            [
              -58.979589,
              -27.4527922
            ],
            [
              -58.9795836,
              -27.4527588
            ],
            [
              -58.979613,
              -27.4527322
            ],
            [
              -58.9796511,
              -27.4527401
            ],
            [
              -58.9803137,
              -27.4533549
            ]
          ]
        ]
      },
      "id": "way/145444535"
    },
    {
      "type": "Feature",
      "properties": {
        "@id": "way/145444537",
        "leisure": "park",
        "name": "Plazoleta Suiza"
      },
      "geometry": {
        "type": "Polygon",
        "coordinates": [
          [
            [
              -58.9768159,
              -27.4472803
            ],
            [
              -58.9761208,
              -27.4478882
            ],
            [
              -58.9760913,
              -27.4478837
            ],
            [
              -58.9760718,
              -27.4478637
            ],
            [
              -58.9760638,
              -27.4478462
            ],
            [
              -58.976744,
              -27.4472253
            ],
            [
              -58.9767871,
              -27.4472209
            ],
            [
              -58.9768155,
              -27.4472434
            ],
            [
              -58.9768159,
              -27.4472803
            ]
          ]
        ]
      },
      "id": "way/145444537"
    },
    {
      "type": "Feature",
      "properties": {
        "@id": "way/145444539",
        "leisure": "park"
      },
      "geometry": {
        "type": "Polygon",
        "coordinates": [
          [
            [
              -58.9759664,
              -27.4494682
            ],
            [
              -58.9759625,
              -27.4494809
            ],
            [
              -58.9759464,
              -27.4494952
            ],
            [
              -58.9759271,
              -27.449498
            ],
            [
              -58.9752302,
              -27.4488625
            ],
            [
              -58.9752323,
              -27.4488477
            ],
            [
              -58.9752511,
              -27.4488317
            ],
            [
              -58.9752686,
              -27.4488387
            ],
            [
              -58.9759664,
              -27.4494682
            ]
          ]
        ]
      },
      "id": "way/145444539"
    },
    {
      "type": "Feature",
      "properties": {
        "@id": "way/145444544",
        "leisure": "park"
      },
      "geometry": {
        "type": "Polygon",
        "coordinates": [
          [
            [
              -58.98204,
              -27.4548813
            ],
            [
              -58.9820367,
              -27.4549005
            ],
            [
              -58.9820092,
              -27.4549261
            ],
            [
              -58.9819835,
              -27.454928
            ],
            [
              -58.9812885,
              -27.4543151
            ],
            [
              -58.9812968,
              -27.4542954
            ],
            [
              -58.9813229,
              -27.4542722
            ],
            [
              -58.9813458,
              -27.454272
            ],
            [
              -58.98204,
              -27.4548813
            ]
          ]
        ]
      },
      "id": "way/145444544"
    },
    {
      "type": "Feature",
      "properties": {
        "@id": "way/145444545",
        "leisure": "park"
      },
      "geometry": {
        "type": "Polygon",
        "coordinates": [
          [
            [
              -58.9768107,
              -27.4502182
            ],
            [
              -58.9768047,
              -27.4502324
            ],
            [
              -58.9767873,
              -27.4502473
            ],
            [
              -58.9767726,
              -27.4502517
            ],
            [
              -58.9760854,
              -27.4496314
            ],
            [
              -58.9760812,
              -27.4496047
            ],
            [
              -58.9760913,
              -27.4495904
            ],
            [
              -58.9761218,
              -27.4495991
            ],
            [
              -58.9768107,
              -27.4502182
            ]
          ]
        ]
      },
      "id": "way/145444545"
    },
    {
      "type": "Feature",
      "properties": {
        "@id": "way/145444546",
        "leisure": "park",
        "name": "Plazoleta María Auxiliadora"
      },
      "geometry": {
        "type": "Polygon",
        "coordinates": [
          [
            [
              -58.9794683,
              -27.4525891
            ],
            [
              -58.9794635,
              -27.4526091
            ],
            [
              -58.9794401,
              -27.4526307
            ],
            [
              -58.97941,
              -27.4526325
            ],
            [
              -58.9790863,
              -27.4523417
            ],
            [
              -58.9791352,
              -27.4522983
            ],
            [
              -58.9794683,
              -27.4525891
            ]
          ]
        ]
      },
      "id": "way/145444546"
    },
    {
      "type": "Feature",
      "properties": {
        "@id": "way/145444552",
        "leisure": "park"
      },
      "geometry": {
        "type": "Polygon",
        "coordinates": [
          [
            [
              -58.9866324,
              -27.4384684
            ],
            [
              -58.9866589,
              -27.4385224
            ],
            [
              -58.9866446,
              -27.43858
            ],
            [
              -58.986595,
              -27.4386191
            ],
            [
              -58.9865288,
              -27.4386248
            ],
            [
              -58.9864716,
              -27.438595
            ],
            [
              -58.986445,
              -27.4385409
            ],
            [
              -58.9864593,
              -27.4384834
            ],
            [
              -58.986509,
              -27.4384442
            ],
            [
              -58.9865751,
              -27.4384385
            ],
            [
              -58.9866324,
              -27.4384684
            ]
          ]
        ]
      },
      "id": "way/145444552"
    },
    {
      "type": "Feature",
      "properties": {
        "@id": "way/145444553",
        "leisure": "park"
      },
      "geometry": {
        "type": "Polygon",
        "coordinates": [
          [
            [
              -58.9804728,
              -27.4535045
            ],
            [
              -58.9804944,
              -27.4535148
            ],
            [
              -58.9805015,
              -27.4535355
            ],
            [
              -58.98049,
              -27.4535547
            ],
            [
              -58.9804666,
              -27.453561
            ],
            [
              -58.980445,
              -27.4535508
            ],
            [
              -58.9804379,
              -27.45353
            ],
            [
              -58.9804494,
              -27.4535108
            ],
            [
              -58.9804728,
              -27.4535045
            ]
          ]
        ]
      },
      "id": "way/145444553"
    },
    {
      "type": "Feature",
      "properties": {
        "@id": "way/145444555",
        "leisure": "park"
      },
      "geometry": {
        "type": "Polygon",
        "coordinates": [
          [
            [
              -58.9751132,
              -27.4487133
            ],
            [
              -58.9751302,
              -27.4487199
            ],
            [
              -58.975137,
              -27.4487352
            ],
            [
              -58.9751296,
              -27.4487503
            ],
            [
              -58.9751123,
              -27.4487564
            ],
            [
              -58.9750953,
              -27.4487498
            ],
            [
              -58.9750885,
              -27.4487344
            ],
            [
              -58.9750959,
              -27.4487193
            ],
            [
              -58.9751132,
              -27.4487133
            ]
          ]
        ]
      },
      "id": "way/145444555"
    },
    {
      "type": "Feature",
      "properties": {
        "@id": "way/145444557",
        "leisure": "park"
      },
      "geometry": {
        "type": "Polygon",
        "coordinates": [
          [
            [
              -58.9811624,
              -27.4541107
            ],
            [
              -58.98118,
              -27.4541172
            ],
            [
              -58.9811873,
              -27.4541329
            ],
            [
              -58.98118,
              -27.4541485
            ],
            [
              -58.9811624,
              -27.454155
            ],
            [
              -58.9811447,
              -27.4541485
            ],
            [
              -58.9811374,
              -27.4541329
            ],
            [
              -58.9811447,
              -27.4541172
            ],
            [
              -58.9811624,
              -27.4541107
            ]
          ]
        ]
      },
      "id": "way/145444557"
    },
    {
      "type": "Feature",
      "properties": {
        "@id": "way/145565105",
        "leisure": "park"
      },
      "geometry": {
        "type": "Polygon",
        "coordinates": [
          [
            [
              -58.9808108,
              -27.4538105
            ],
            [
              -58.9808284,
              -27.453817
            ],
            [
              -58.9808357,
              -27.4538327
            ],
            [
              -58.9808284,
              -27.4538483
            ],
            [
              -58.9808108,
              -27.4538548
            ],
            [
              -58.9807931,
              -27.4538483
            ],
            [
              -58.9807858,
              -27.4538327
            ],
            [
              -58.9807931,
              -27.453817
            ],
            [
              -58.9808108,
              -27.4538105
            ]
          ]
        ]
      },
      "id": "way/145565105"
    },
    {
      "type": "Feature",
      "properties": {
        "@id": "way/145569118",
        "leisure": "park"
      },
      "geometry": {
        "type": "Polygon",
        "coordinates": [
          [
            [
              -58.9829423,
              -27.4557116
            ],
            [
              -58.982943,
              -27.4557384
            ],
            [
              -58.9829182,
              -27.4557568
            ],
            [
              -58.9828902,
              -27.4557573
            ],
            [
              -58.9822335,
              -27.4551527
            ],
            [
              -58.9822262,
              -27.4551291
            ],
            [
              -58.982249,
              -27.4551082
            ],
            [
              -58.9822803,
              -27.4551117
            ],
            [
              -58.9829423,
              -27.4557116
            ]
          ]
        ]
      },
      "id": "way/145569118"
    },
    {
      "type": "Feature",
      "properties": {
        "@id": "way/145569120",
        "leisure": "park"
      },
      "geometry": {
        "type": "Polygon",
        "coordinates": [
          [
            [
              -58.9811588,
              -27.4558903
            ],
            [
              -58.9804778,
              -27.4565088
            ],
            [
              -58.9804569,
              -27.456485
            ],
            [
              -58.9811313,
              -27.45587
            ],
            [
              -58.9811588,
              -27.4558903
            ]
          ]
        ]
      },
      "id": "way/145569120"
    },
    {
      "type": "Feature",
      "properties": {
        "@id": "way/145569123",
        "leisure": "park",
        "name": "Plazoleta Fernando Ortiz"
      },
      "geometry": {
        "type": "Polygon",
        "coordinates": [
          [
            [
              -58.9784882,
              -27.4564609
            ],
            [
              -58.9784784,
              -27.4564988
            ],
            [
              -58.9783832,
              -27.4565809
            ],
            [
              -58.9783312,
              -27.4565798
            ],
            [
              -58.9777188,
              -27.4560242
            ],
            [
              -58.9777167,
              -27.4559799
            ],
            [
              -58.9778106,
              -27.4558919
            ],
            [
              -58.9778623,
              -27.4558947
            ],
            [
              -58.9784882,
              -27.4564609
            ]
          ]
        ]
      },
      "id": "way/145569123"
    },
    {
      "type": "Feature",
      "properties": {
        "@id": "way/145569128",
        "leisure": "park",
        "name": "Plazoleta Raúl Oscar Cerruti"
      },
      "geometry": {
        "type": "Polygon",
        "coordinates": [
          [
            [
              -58.9765709,
              -27.4547468
            ],
            [
              -58.976437,
              -27.4548625
            ],
            [
              -58.9759428,
              -27.4544297
            ],
            [
              -58.9759438,
              -27.45439
            ],
            [
              -58.9760427,
              -27.4543079
            ],
            [
              -58.9761106,
              -27.4543054
            ],
            [
              -58.9765709,
              -27.4547468
            ]
          ]
        ]
      },
      "id": "way/145569128"
    },
    {
      "type": "Feature",
      "properties": {
        "@id": "way/145569129",
        "leisure": "park"
      },
      "geometry": {
        "type": "Polygon",
        "coordinates": [
          [
            [
              -58.9846676,
              -27.4572584
            ],
            [
              -58.984669,
              -27.4572854
            ],
            [
              -58.9846468,
              -27.4573064
            ],
            [
              -58.9846134,
              -27.4572982
            ],
            [
              -58.9839441,
              -27.4566876
            ],
            [
              -58.9839436,
              -27.456666
            ],
            [
              -58.9839662,
              -27.4566428
            ],
            [
              -58.9839942,
              -27.4566443
            ],
            [
              -58.9846676,
              -27.4572584
            ]
          ]
        ]
      },
      "id": "way/145569129"
    },
    {
      "type": "Feature",
      "properties": {
        "@id": "way/145569136",
        "leisure": "park",
        "name": "Parterre central Amanda Encaje y Néstor Vivo"
      },
      "geometry": {
        "type": "Polygon",
        "coordinates": [
          [
            [
              -58.9759569,
              -27.4527548
            ],
            [
              -58.9752512,
              -27.4534002
            ],
            [
              -58.9752323,
              -27.4533987
            ],
            [
              -58.9752068,
              -27.4533797
            ],
            [
              -58.9752086,
              -27.4533604
            ],
            [
              -58.9759177,
              -27.4527228
            ],
            [
              -58.9759371,
              -27.4527251
            ],
            [
              -58.9759518,
              -27.4527358
            ],
            [
              -58.9759569,
              -27.4527548
            ]
          ]
        ]
      },
      "id": "way/145569136"
    },
    {
      "type": "Feature",
      "properties": {
        "@id": "way/145569137",
        "leisure": "park",
        "name": "Plazoleta Rodolfo Cerrutti"
      },
      "geometry": {
        "type": "Polygon",
        "coordinates": [
          [
            [
              -58.9776279,
              -27.4556929
            ],
            [
              -58.9776349,
              -27.4557348
            ],
            [
              -58.9775477,
              -27.455805
            ],
            [
              -58.9774875,
              -27.4558185
            ],
            [
              -58.9768662,
              -27.4552621
            ],
            [
              -58.9768544,
              -27.4552052
            ],
            [
              -58.9768866,
              -27.4551505
            ],
            [
              -58.9769482,
              -27.455116
            ],
            [
              -58.9770011,
              -27.4551318
            ],
            [
              -58.9776279,
              -27.4556929
            ]
          ]
        ]
      },
      "id": "way/145569137"
    },
    {
      "type": "Feature",
      "properties": {
        "@id": "way/145569138",
        "leisure": "park"
      },
      "geometry": {
        "type": "Polygon",
        "coordinates": [
          [
            [
              -58.9837893,
              -27.4564725
            ],
            [
              -58.9838013,
              -27.4564976
            ],
            [
              -58.983776,
              -27.4565206
            ],
            [
              -58.983746,
              -27.4565149
            ],
            [
              -58.983079,
              -27.4559164
            ],
            [
              -58.9830799,
              -27.4558925
            ],
            [
              -58.9831012,
              -27.4558728
            ],
            [
              -58.9831291,
              -27.4558717
            ],
            [
              -58.9837893,
              -27.4564725
            ]
          ]
        ]
      },
      "id": "way/145569138"
    },
    {
      "type": "Feature",
      "properties": {
        "@id": "way/145569142",
        "leisure": "park",
        "name": "Plazoleta Jorge Cura"
      },
      "geometry": {
        "type": "Polygon",
        "coordinates": [
          [
            [
              -58.9820686,
              -27.447352
            ],
            [
              -58.9813478,
              -27.4479705
            ],
            [
              -58.9813231,
              -27.4479658
            ],
            [
              -58.9813001,
              -27.4479409
            ],
            [
              -58.9813018,
              -27.4479203
            ],
            [
              -58.9820159,
              -27.4473089
            ],
            [
              -58.9820311,
              -27.4473098
            ],
            [
              -58.982065,
              -27.447336
            ],
            [
              -58.9820686,
              -27.447352
            ]
          ]
        ]
      },
      "id": "way/145569142"
    },
    {
      "type": "Feature",
      "properties": {
        "@id": "way/145569144",
        "leisure": "park"
      },
      "geometry": {
        "type": "Polygon",
        "coordinates": [
          [
            [
              -58.9820144,
              -27.4551301
            ],
            [
              -58.9813655,
              -27.4557249
            ],
            [
              -58.9813471,
              -27.4557062
            ],
            [
              -58.9819986,
              -27.4551138
            ],
            [
              -58.9820144,
              -27.4551301
            ]
          ]
        ]
      },
      "id": "way/145569144"
    },
    {
      "type": "Feature",
      "properties": {
        "@id": "way/146808436",
        "leisure": "park",
        "natural": "grassland"
      },
      "geometry": {
        "type": "Polygon",
        "coordinates": [
          [
            [
              -58.99979,
              -27.4472173
            ],
            [
              -58.9998409,
              -27.4471613
            ],
            [
              -58.9998074,
              -27.4471351
            ],
            [
              -58.9998202,
              -27.4470639
            ],
            [
              -59.0000018,
              -27.4468555
            ],
            [
              -59.0001936,
              -27.4466805
            ],
            [
              -59.0006086,
              -27.4462843
            ],
            [
              -59.0007953,
              -27.4464461
            ],
            [
              -58.9998003,
              -27.4473471
            ],
            [
              -58.9990175,
              -27.4480039
            ],
            [
              -58.9988847,
              -27.4481206
            ],
            [
              -58.9984238,
              -27.4485621
            ],
            [
              -58.9984314,
              -27.4486561
            ],
            [
              -58.9982699,
              -27.4488075
            ],
            [
              -58.9980963,
              -27.4486657
            ],
            [
              -58.9981128,
              -27.448602
            ],
            [
              -58.9988465,
              -27.4479292
            ],
            [
              -58.9996961,
              -27.4472029
            ],
            [
              -58.99979,
              -27.4472173
            ]
          ]
        ]
      },
      "id": "way/146808436"
    },
    {
      "type": "Feature",
      "properties": {
        "@id": "way/146982215",
        "leisure": "park",
        "name": "Plazoleta Héroes del Crucero General Manuel Belgrano"
      },
      "geometry": {
        "type": "Polygon",
        "coordinates": [
          [
            [
              -58.974096,
              -27.4495694
            ],
            [
              -58.9741346,
              -27.449563
            ],
            [
              -58.9741735,
              -27.4495856
            ],
            [
              -58.9741648,
              -27.4496327
            ],
            [
              -58.973479,
              -27.4502429
            ],
            [
              -58.9734439,
              -27.4502402
            ],
            [
              -58.9734131,
              -27.450214
            ],
            [
              -58.9734035,
              -27.4501927
            ],
            [
              -58.974096,
              -27.4495694
            ]
          ]
        ]
      },
      "id": "way/146982215"
    },
    {
      "type": "Feature",
      "properties": {
        "@id": "way/146982216",
        "leisure": "park",
        "name": "Plazoleta Héroes del Crucero General Manuel Belgrano"
      },
      "geometry": {
        "type": "Polygon",
        "coordinates": [
          [
            [
              -58.9732503,
              -27.4503316
            ],
            [
              -58.9732697,
              -27.4503293
            ],
            [
              -58.9733129,
              -27.4503683
            ],
            [
              -58.9733109,
              -27.4503851
            ],
            [
              -58.9726101,
              -27.4509972
            ],
            [
              -58.9725789,
              -27.4509983
            ],
            [
              -58.9725534,
              -27.4509751
            ],
            [
              -58.9725563,
              -27.4509463
            ],
            [
              -58.9732503,
              -27.4503316
            ]
          ]
        ]
      },
      "id": "way/146982216"
    },
    {
      "type": "Feature",
      "properties": {
        "@id": "way/146982217",
        "leisure": "park",
        "name": "Plazoleta Héroes del Crucero General Manuel Belgrano"
      },
      "geometry": {
        "type": "Polygon",
        "coordinates": [
          [
            [
              -58.9749477,
              -27.4488148
            ],
            [
              -58.9749835,
              -27.4488019
            ],
            [
              -58.9750077,
              -27.4488144
            ],
            [
              -58.9750204,
              -27.4488394
            ],
            [
              -58.9750205,
              -27.4488714
            ],
            [
              -58.9743314,
              -27.4494764
            ],
            [
              -58.9743043,
              -27.4494684
            ],
            [
              -58.9742828,
              -27.4494464
            ],
            [
              -58.9742854,
              -27.4494271
            ],
            [
              -58.9749477,
              -27.4488148
            ]
          ]
        ]
      },
      "id": "way/146982217"
    },
    {
      "type": "Feature",
      "properties": {
        "@id": "way/146982218",
        "leisure": "park"
      },
      "geometry": {
        "type": "Polygon",
        "coordinates": [
          [
            [
              -58.9844984,
              -27.4528837
            ],
            [
              -58.9845209,
              -27.452895
            ],
            [
              -58.9845279,
              -27.4529172
            ],
            [
              -58.9845151,
              -27.4529372
            ],
            [
              -58.9844902,
              -27.4529434
            ],
            [
              -58.9844676,
              -27.4529321
            ],
            [
              -58.9844606,
              -27.4529099
            ],
            [
              -58.9844734,
              -27.4528899
            ],
            [
              -58.9844984,
              -27.4528837
            ]
          ]
        ]
      },
      "id": "way/146982218"
    },
    {
      "type": "Feature",
      "properties": {
        "@id": "way/146982219",
        "leisure": "park"
      },
      "geometry": {
        "type": "Polygon",
        "coordinates": [
          [
            [
              -58.9840387,
              -27.4533116
            ],
            [
              -58.9840613,
              -27.4533229
            ],
            [
              -58.9840682,
              -27.4533451
            ],
            [
              -58.9840555,
              -27.4533651
            ],
            [
              -58.9840305,
              -27.4533713
            ],
            [
              -58.9840079,
              -27.45336
            ],
            [
              -58.984001,
              -27.4533378
            ],
            [
              -58.9840137,
              -27.4533178
            ],
            [
              -58.9840387,
              -27.4533116
            ]
          ]
        ]
      },
      "id": "way/146982219"
    },
    {
      "type": "Feature",
      "properties": {
        "@id": "way/146982220",
        "leisure": "park"
      },
      "geometry": {
        "type": "Polygon",
        "coordinates": [
          [
            [
              -58.9842081,
              -27.453151
            ],
            [
              -58.9842307,
              -27.4531623
            ],
            [
              -58.9842376,
              -27.4531845
            ],
            [
              -58.9842249,
              -27.4532045
            ],
            [
              -58.9841999,
              -27.4532107
            ],
            [
              -58.9841773,
              -27.4531994
            ],
            [
              -58.9841703,
              -27.4531772
            ],
            [
              -58.9841831,
              -27.4531572
            ],
            [
              -58.9842081,
              -27.453151
            ]
          ]
        ]
      },
      "id": "way/146982220"
    },
    {
      "type": "Feature",
      "properties": {
        "@id": "way/146982221",
        "leisure": "park"
      },
      "geometry": {
        "type": "Polygon",
        "coordinates": [
          [
            [
              -58.9833148,
              -27.4539396
            ],
            [
              -58.9833374,
              -27.4539509
            ],
            [
              -58.9833443,
              -27.453973
            ],
            [
              -58.9833316,
              -27.4539931
            ],
            [
              -58.9833066,
              -27.4539992
            ],
            [
              -58.983284,
              -27.4539879
            ],
            [
              -58.9832771,
              -27.4539658
            ],
            [
              -58.9832898,
              -27.4539457
            ],
            [
              -58.9833148,
              -27.4539396
            ]
          ]
        ]
      },
      "id": "way/146982221"
    },
    {
      "type": "Feature",
      "properties": {
        "@id": "way/146982222",
        "leisure": "park"
      },
      "geometry": {
        "type": "Polygon",
        "coordinates": [
          [
            [
              -58.9834471,
              -27.4538222
            ],
            [
              -58.9834696,
              -27.4538335
            ],
            [
              -58.9834766,
              -27.4538557
            ],
            [
              -58.9834638,
              -27.4538757
            ],
            [
              -58.9834389,
              -27.4538819
            ],
            [
              -58.9834163,
              -27.4538706
            ],
            [
              -58.9834093,
              -27.4538484
            ],
            [
              -58.9834221,
              -27.4538284
            ],
            [
              -58.9834471,
              -27.4538222
            ]
          ]
        ]
      },
      "id": "way/146982222"
    },
    {
      "type": "Feature",
      "properties": {
        "@id": "way/146982223",
        "leisure": "park"
      },
      "geometry": {
        "type": "Polygon",
        "coordinates": [
          [
            [
              -58.9843566,
              -27.4530131
            ],
            [
              -58.9843791,
              -27.4530244
            ],
            [
              -58.9843861,
              -27.4530465
            ],
            [
              -58.9843733,
              -27.4530666
            ],
            [
              -58.9843484,
              -27.4530727
            ],
            [
              -58.9843258,
              -27.4530614
            ],
            [
              -58.9843188,
              -27.4530393
            ],
            [
              -58.9843316,
              -27.4530192
            ],
            [
              -58.9843566,
              -27.4530131
            ]
          ]
        ]
      },
      "id": "way/146982223"
    },
    {
      "type": "Feature",
      "properties": {
        "@id": "way/146982224",
        "leisure": "park"
      },
      "geometry": {
        "type": "Polygon",
        "coordinates": [
          [
            [
              -58.9846366,
              -27.4527635
            ],
            [
              -58.9846591,
              -27.4527749
            ],
            [
              -58.9846661,
              -27.452797
            ],
            [
              -58.9846533,
              -27.4528171
            ],
            [
              -58.9846283,
              -27.4528232
            ],
            [
              -58.9846058,
              -27.4528119
            ],
            [
              -58.9845988,
              -27.4527897
            ],
            [
              -58.9846116,
              -27.4527697
            ],
            [
              -58.9846366,
              -27.4527635
            ]
          ]
        ]
      },
      "id": "way/146982224"
    },
    {
      "type": "Feature",
      "properties": {
        "@id": "way/146982225",
        "leisure": "park"
      },
      "geometry": {
        "type": "Polygon",
        "coordinates": [
          [
            [
              -58.9836141,
              -27.4536822
            ],
            [
              -58.9836367,
              -27.4536935
            ],
            [
              -58.9836436,
              -27.4537157
            ],
            [
              -58.9836309,
              -27.4537357
            ],
            [
              -58.9836059,
              -27.4537419
            ],
            [
              -58.9835833,
              -27.4537306
            ],
            [
              -58.9835764,
              -27.4537084
            ],
            [
              -58.9835891,
              -27.4536884
            ],
            [
              -58.9836141,
              -27.4536822
            ]
          ]
        ]
      },
      "id": "way/146982225"
    },
    {
      "type": "Feature",
      "properties": {
        "@id": "way/146982226",
        "leisure": "park"
      },
      "geometry": {
        "type": "Polygon",
        "coordinates": [
          [
            [
              -58.9848925,
              -27.4525272
            ],
            [
              -58.9849151,
              -27.4525385
            ],
            [
              -58.9849221,
              -27.4525606
            ],
            [
              -58.9849093,
              -27.4525807
            ],
            [
              -58.9848843,
              -27.4525868
            ],
            [
              -58.9848617,
              -27.4525755
            ],
            [
              -58.9848548,
              -27.4525534
            ],
            [
              -58.9848675,
              -27.4525333
            ],
            [
              -58.9848925,
              -27.4525272
            ]
          ]
        ]
      },
      "id": "way/146982226"
    },
    {
      "type": "Feature",
      "properties": {
        "@id": "way/146982227",
        "leisure": "park"
      },
      "geometry": {
        "type": "Polygon",
        "coordinates": [
          [
            [
              -58.9837877,
              -27.4535212
            ],
            [
              -58.9838103,
              -27.4535325
            ],
            [
              -58.9838172,
              -27.4535547
            ],
            [
              -58.9838045,
              -27.4535747
            ],
            [
              -58.9837795,
              -27.4535809
            ],
            [
              -58.9837569,
              -27.4535696
            ],
            [
              -58.9837499,
              -27.4535474
            ],
            [
              -58.9837627,
              -27.4535274
            ],
            [
              -58.9837877,
              -27.4535212
            ]
          ]
        ]
      },
      "id": "way/146982227"
    },
    {
      "type": "Feature",
      "properties": {
        "@id": "way/146982228",
        "leisure": "park"
      },
      "geometry": {
        "type": "Polygon",
        "coordinates": [
          [
            [
              -58.9831559,
              -27.4540672
            ],
            [
              -58.9831785,
              -27.4540785
            ],
            [
              -58.9831854,
              -27.4541007
            ],
            [
              -58.9831727,
              -27.4541207
            ],
            [
              -58.9831477,
              -27.4541269
            ],
            [
              -58.9831251,
              -27.4541156
            ],
            [
              -58.9831181,
              -27.4540934
            ],
            [
              -58.9831309,
              -27.4540734
            ],
            [
              -58.9831559,
              -27.4540672
            ]
          ]
        ]
      },
      "id": "way/146982228"
    },
    {
      "type": "Feature",
      "properties": {
        "@id": "way/146982229",
        "leisure": "park"
      },
      "geometry": {
        "type": "Polygon",
        "coordinates": [
          [
            [
              -58.9851904,
              -27.4522896
            ],
            [
              -58.9852129,
              -27.4523009
            ],
            [
              -58.9852199,
              -27.4523231
            ],
            [
              -58.9852071,
              -27.4523431
            ],
            [
              -58.9851822,
              -27.4523493
            ],
            [
              -58.9851596,
              -27.452338
            ],
            [
              -58.9851526,
              -27.4523158
            ],
            [
              -58.9851654,
              -27.4522958
            ],
            [
              -58.9851904,
              -27.4522896
            ]
          ]
        ]
      },
      "id": "way/146982229"
    },
    {
      "type": "Feature",
      "properties": {
        "@id": "way/146982230",
        "leisure": "park"
      },
      "geometry": {
        "type": "Polygon",
        "coordinates": [
          [
            [
              -58.975122,
              -27.4534848
            ],
            [
              -58.9751236,
              -27.4534986
            ],
            [
              -58.9750846,
              -27.4535356
            ],
            [
              -58.975065,
              -27.4535448
            ],
            [
              -58.9750467,
              -27.4535309
            ],
            [
              -58.9750464,
              -27.4535142
            ],
            [
              -58.9750815,
              -27.4534766
            ],
            [
              -58.9750997,
              -27.4534685
            ],
            [
              -58.975122,
              -27.4534848
            ]
          ]
        ]
      },
      "id": "way/146982230"
    },
    {
      "type": "Feature",
      "properties": {
        "@id": "way/146982231",
        "leisure": "park"
      },
      "geometry": {
        "type": "Polygon",
        "coordinates": [
          [
            [
              -58.9854544,
              -27.4520421
            ],
            [
              -58.9855005,
              -27.4520039
            ],
            [
              -58.985515,
              -27.4519919
            ],
            [
              -58.9855631,
              -27.452033
            ],
            [
              -58.9855493,
              -27.4520446
            ],
            [
              -58.9854962,
              -27.4520895
            ],
            [
              -58.9854712,
              -27.4520956
            ],
            [
              -58.9854486,
              -27.4520843
            ],
            [
              -58.9854417,
              -27.4520621
            ],
            [
              -58.9854544,
              -27.4520421
            ]
          ]
        ]
      },
      "id": "way/146982231"
    },
    {
      "type": "Feature",
      "properties": {
        "@id": "way/147380463",
        "leisure": "park",
        "name": "Plaza de la Integración Aldo y Efraín Boglietti"
      },
      "geometry": {
        "type": "Polygon",
        "coordinates": [
          [
            [
              -58.9778915,
              -27.4460826
            ],
            [
              -58.9777943,
              -27.4460223
            ],
            [
              -58.9776198,
              -27.4459755
            ],
            [
              -58.9773076,
              -27.4457688
            ],
            [
              -58.9778249,
              -27.4453634
            ],
            [
              -58.9777766,
              -27.4453232
            ],
            [
              -58.9780542,
              -27.4450647
            ],
            [
              -58.9784765,
              -27.445429
            ],
            [
              -58.9783731,
              -27.4456166
            ],
            [
              -58.9778915,
              -27.4460826
            ]
          ]
        ]
      },
      "id": "way/147380463"
    },
    {
      "type": "Feature",
      "properties": {
        "@id": "way/156261461",
        "leisure": "park"
      },
      "geometry": {
        "type": "Polygon",
        "coordinates": [
          [
            [
              -58.9874047,
              -27.4034073
            ],
            [
              -58.9877453,
              -27.4037229
            ],
            [
              -58.9873961,
              -27.4040199
            ],
            [
              -58.9870555,
              -27.4037044
            ],
            [
              -58.9874047,
              -27.4034073
            ]
          ]
        ]
      },
      "id": "way/156261461"
    },
    {
      "type": "Feature",
      "properties": {
        "@id": "way/156261462",
        "leisure": "park"
      },
      "geometry": {
        "type": "Polygon",
        "coordinates": [
          [
            [
              -58.9888069,
              -27.4046089
            ],
            [
              -58.9887694,
              -27.4045876
            ],
            [
              -58.9886635,
              -27.4044882
            ],
            [
              -58.9886329,
              -27.4045131
            ],
            [
              -58.9884665,
              -27.4043542
            ],
            [
              -58.9884397,
              -27.4043287
            ],
            [
              -58.9885075,
              -27.4042732
            ],
            [
              -58.9884087,
              -27.4041775
            ],
            [
              -58.9883236,
              -27.404101
            ],
            [
              -58.9883166,
              -27.4040924
            ],
            [
              -58.9883356,
              -27.4040732
            ],
            [
              -58.9883121,
              -27.4040536
            ],
            [
              -58.9886962,
              -27.4037315
            ],
            [
              -58.9887728,
              -27.4037816
            ],
            [
              -58.9888924,
              -27.4038352
            ],
            [
              -58.9888706,
              -27.403943
            ],
            [
              -58.9888069,
              -27.4041569
            ],
            [
              -58.9888857,
              -27.4043493
            ],
            [
              -58.9888742,
              -27.40449
            ],
            [
              -58.9888069,
              -27.4046089
            ]
          ]
        ]
      },
      "id": "way/156261462"
    },
    {
      "type": "Feature",
      "properties": {
        "@id": "way/169296233",
        "leisure": "park"
      },
      "geometry": {
        "type": "Polygon",
        "coordinates": [
          [
            [
              -58.9948003,
              -27.4360182
            ],
            [
              -58.994775,
              -27.4359951
            ],
            [
              -58.9955398,
              -27.4353126
            ],
            [
              -58.9955748,
              -27.4353292
            ],
            [
              -58.9948003,
              -27.4360182
            ]
          ]
        ]
      },
      "id": "way/169296233"
    },
    {
      "type": "Feature",
      "properties": {
        "@id": "way/169296236",
        "leisure": "park"
      },
      "geometry": {
        "type": "Polygon",
        "coordinates": [
          [
            [
              -58.9930775,
              -27.4375616
            ],
            [
              -58.9930549,
              -27.4375373
            ],
            [
              -58.9937513,
              -27.4369107
            ],
            [
              -58.9937851,
              -27.4369391
            ],
            [
              -58.9930775,
              -27.4375616
            ]
          ]
        ]
      },
      "id": "way/169296236"
    },
    {
      "type": "Feature",
      "properties": {
        "@id": "way/169296237",
        "leisure": "park"
      },
      "geometry": {
        "type": "Polygon",
        "coordinates": [
          [
            [
              -58.993941,
              -27.4367927
            ],
            [
              -58.9939171,
              -27.4367685
            ],
            [
              -58.9946081,
              -27.4361455
            ],
            [
              -58.9946418,
              -27.436168
            ],
            [
              -58.993941,
              -27.4367927
            ]
          ]
        ]
      },
      "id": "way/169296237"
    },
    {
      "type": "Feature",
      "properties": {
        "@id": "way/205809072",
        "leisure": "park"
      },
      "geometry": {
        "type": "Polygon",
        "coordinates": [
          [
            [
              -58.9856993,
              -27.4041182
            ],
            [
              -58.9860528,
              -27.4044603
            ],
            [
              -58.9855581,
              -27.404883
            ],
            [
              -58.9851864,
              -27.4045319
            ],
            [
              -58.9856993,
              -27.4041182
            ]
          ]
        ]
      },
      "id": "way/205809072"
    },
    {
      "type": "Feature",
      "properties": {
        "@id": "way/218190815",
        "leisure": "park"
      },
      "geometry": {
        "type": "Polygon",
        "coordinates": [
          [
            [
              -58.9778489,
              -27.4461549
            ],
            [
              -58.977444,
              -27.4465093
            ],
            [
              -58.977364,
              -27.4463395
            ],
            [
              -58.977386,
              -27.4461912
            ],
            [
              -58.9774953,
              -27.4460971
            ],
            [
              -58.9776547,
              -27.4460652
            ],
            [
              -58.9777596,
              -27.4460854
            ],
            [
              -58.9778489,
              -27.4461549
            ]
          ]
        ]
      },
      "id": "way/218190815"
    },
    {
      "type": "Feature",
      "properties": {
        "@id": "way/219068076",
        "leisure": "park"
      },
      "geometry": {
        "type": "Polygon",
        "coordinates": [
          [
            [
              -58.9693317,
              -27.4410162
            ],
            [
              -58.9692587,
              -27.4411856
            ],
            [
              -58.9690888,
              -27.441235
            ],
            [
              -58.9693317,
              -27.4410162
            ]
          ]
        ]
      },
      "id": "way/219068076"
    },
    {
      "type": "Feature",
      "properties": {
        "@id": "way/219068079",
        "leisure": "park"
      },
      "geometry": {
        "type": "Polygon",
        "coordinates": [
          [
            [
              -58.9660396,
              -27.4438538
            ],
            [
              -58.9651893,
              -27.4446168
            ],
            [
              -58.9651727,
              -27.4446044
            ],
            [
              -58.9660221,
              -27.4438396
            ],
            [
              -58.9660396,
              -27.4438538
            ]
          ]
        ]
      },
      "id": "way/219068079"
    },
    {
      "type": "Feature",
      "properties": {
        "@id": "way/219068085",
        "leisure": "park"
      },
      "geometry": {
        "type": "Polygon",
        "coordinates": [
          [
            [
              -58.9669211,
              -27.4430638
            ],
            [
              -58.9662095,
              -27.4436887
            ],
            [
              -58.9661879,
              -27.44367
            ],
            [
              -58.9668824,
              -27.4430302
            ],
            [
              -58.9669211,
              -27.4430638
            ]
          ]
        ]
      },
      "id": "way/219068085"
    },
    {
      "type": "Feature",
      "properties": {
        "@id": "way/219068089",
        "leisure": "park"
      },
      "geometry": {
        "type": "Polygon",
        "coordinates": [
          [
            [
              -58.9703265,
              -27.4408149
            ],
            [
              -58.970304,
              -27.4409086
            ],
            [
              -58.970039,
              -27.4408887
            ],
            [
              -58.9697649,
              -27.440799
            ],
            [
              -58.9695717,
              -27.4408149
            ],
            [
              -58.9698503,
              -27.4405697
            ],
            [
              -58.9699154,
              -27.4406315
            ],
            [
              -58.9699042,
              -27.4407013
            ],
            [
              -58.9700098,
              -27.4407691
            ],
            [
              -58.9703265,
              -27.4408149
            ]
          ]
        ]
      },
      "id": "way/219068089"
    },
    {
      "type": "Feature",
      "properties": {
        "@id": "way/220395639",
        "leisure": "park"
      },
      "geometry": {
        "type": "Polygon",
        "coordinates": [
          [
            [
              -58.9851422,
              -27.4628473
            ],
            [
              -58.9849035,
              -27.4630709
            ],
            [
              -58.9845629,
              -27.4630543
            ],
            [
              -58.9841498,
              -27.4626925
            ],
            [
              -58.9845709,
              -27.4623474
            ],
            [
              -58.9851422,
              -27.4628473
            ]
          ]
        ]
      },
      "id": "way/220395639"
    },
    {
      "type": "Feature",
      "properties": {
        "@id": "way/220396623",
        "leisure": "park"
      },
      "geometry": {
        "type": "Polygon",
        "coordinates": [
          [
            [
              -58.9846546,
              -27.4652229
            ],
            [
              -58.9845393,
              -27.4651063
            ],
            [
              -58.9857731,
              -27.4640282
            ],
            [
              -58.9857597,
              -27.4637831
            ],
            [
              -58.9852071,
              -27.4632976
            ],
            [
              -58.9854351,
              -27.4631119
            ],
            [
              -58.9860869,
              -27.4637188
            ],
            [
              -58.9861003,
              -27.4638902
            ],
            [
              -58.9846546,
              -27.4652229
            ]
          ]
        ]
      },
      "id": "way/220396623"
    },
    {
      "type": "Feature",
      "properties": {
        "@id": "way/220396642",
        "leisure": "park"
      },
      "geometry": {
        "type": "Polygon",
        "coordinates": [
          [
            [
              -58.9840484,
              -27.4640115
            ],
            [
              -58.9840404,
              -27.4638354
            ],
            [
              -58.9840216,
              -27.4636236
            ],
            [
              -58.9844454,
              -27.4632928
            ],
            [
              -58.9846439,
              -27.4631952
            ],
            [
              -58.9849309,
              -27.4633547
            ],
            [
              -58.9847136,
              -27.4635499
            ],
            [
              -58.9845849,
              -27.4635284
            ],
            [
              -58.9840484,
              -27.4640115
            ]
          ]
        ]
      },
      "id": "way/220396642"
    },
    {
      "type": "Feature",
      "properties": {
        "@id": "way/220739927",
        "leisure": "park",
        "name": "Plazoleta Codutti"
      },
      "geometry": {
        "type": "Polygon",
        "coordinates": [
          [
            [
              -58.9993478,
              -27.4465912
            ],
            [
              -58.9992167,
              -27.4464786
            ],
            [
              -58.999554,
              -27.4461693
            ],
            [
              -58.9996851,
              -27.4462818
            ],
            [
              -58.9993478,
              -27.4465912
            ]
          ]
        ]
      },
      "id": "way/220739927"
    },
    {
      "type": "Feature",
      "properties": {
        "@id": "way/221542479",
        "leisure": "park"
      },
      "geometry": {
        "type": "Polygon",
        "coordinates": [
          [
            [
              -58.98497,
              -27.4371199
            ],
            [
              -58.9849245,
              -27.4371251
            ],
            [
              -58.9846564,
              -27.4368949
            ],
            [
              -58.9845943,
              -27.4369027
            ],
            [
              -58.9845922,
              -27.4369029
            ],
            [
              -58.9842844,
              -27.4366836
            ],
            [
              -58.9842251,
              -27.4366413
            ],
            [
              -58.9842124,
              -27.4365831
            ],
            [
              -58.9842413,
              -27.436555
            ],
            [
              -58.9843149,
              -27.4365566
            ],
            [
              -58.9843641,
              -27.4365793
            ],
            [
              -58.9845513,
              -27.4366656
            ],
            [
              -58.9847254,
              -27.4367809
            ],
            [
              -58.9847173,
              -27.4368447
            ],
            [
              -58.9849841,
              -27.4370875
            ],
            [
              -58.98497,
              -27.4371199
            ]
          ]
        ]
      },
      "id": "way/221542479"
    },
    {
      "type": "Feature",
      "properties": {
        "@id": "way/221556104",
        "leisure": "park",
        "name": "Parque 2 de Febrero"
      },
      "geometry": {
        "type": "Polygon",
        "coordinates": [
          [
            [
              -58.9857371,
              -27.4389825
            ],
            [
              -58.9853854,
              -27.4387116
            ],
            [
              -58.985137,
              -27.4386332
            ],
            [
              -58.9848773,
              -27.4384479
            ],
            [
              -58.9844057,
              -27.4387351
            ],
            [
              -58.9831575,
              -27.437734
            ],
            [
              -58.9833054,
              -27.4376109
            ],
            [
              -58.9830696,
              -27.4370569
            ],
            [
              -58.9828616,
              -27.4368149
            ],
            [
              -58.9825611,
              -27.4364579
            ],
            [
              -58.9828525,
              -27.436396
            ],
            [
              -58.98332,
              -27.4363671
            ],
            [
              -58.9834595,
              -27.4364177
            ],
            [
              -58.9836057,
              -27.4364707
            ],
            [
              -58.9841368,
              -27.4366495
            ],
            [
              -58.9842567,
              -27.4367194
            ],
            [
              -58.9844127,
              -27.4368105
            ],
            [
              -58.9850794,
              -27.437416
            ],
            [
              -58.9855621,
              -27.437846
            ],
            [
              -58.986288,
              -27.4384927
            ],
            [
              -58.9862972,
              -27.4385387
            ],
            [
              -58.9857371,
              -27.4389825
            ]
          ]
        ]
      },
      "id": "way/221556104"
    },
    {
      "type": "Feature",
      "properties": {
        "@id": "way/221556113",
        "leisure": "park"
      },
      "geometry": {
        "type": "Polygon",
        "coordinates": [
          [
            [
              -58.9852917,
              -27.4372973
            ],
            [
              -58.9852802,
              -27.4373589
            ],
            [
              -58.9852339,
              -27.4373917
            ],
            [
              -58.9851715,
              -27.4373876
            ],
            [
              -58.9850051,
              -27.4372255
            ],
            [
              -58.9850305,
              -27.4371681
            ],
            [
              -58.9850791,
              -27.4371353
            ],
            [
              -58.985123,
              -27.4371435
            ],
            [
              -58.9852917,
              -27.4372973
            ]
          ]
        ]
      },
      "id": "way/221556113"
    },
    {
      "type": "Feature",
      "properties": {
        "@id": "way/222146904",
        "leisure": "park"
      },
      "geometry": {
        "type": "Polygon",
        "coordinates": [
          [
            [
              -58.989216,
              -27.4360398
            ],
            [
              -58.9884165,
              -27.4367622
            ],
            [
              -58.9883877,
              -27.4367372
            ],
            [
              -58.9891873,
              -27.4360148
            ],
            [
              -58.989216,
              -27.4360398
            ]
          ]
        ]
      },
      "id": "way/222146904"
    },
    {
      "type": "Feature",
      "properties": {
        "@id": "way/222146906",
        "leisure": "park"
      },
      "geometry": {
        "type": "Polygon",
        "coordinates": [
          [
            [
              -58.9918849,
              -27.4336624
            ],
            [
              -58.9911283,
              -27.4343484
            ],
            [
              -58.9911135,
              -27.4343356
            ],
            [
              -58.9918701,
              -27.4336496
            ],
            [
              -58.9918849,
              -27.4336624
            ]
          ]
        ]
      },
      "id": "way/222146906"
    },
    {
      "type": "Feature",
      "properties": {
        "@id": "way/222146908",
        "leisure": "park"
      },
      "geometry": {
        "type": "Polygon",
        "coordinates": [
          [
            [
              -58.9873589,
              -27.4376705
            ],
            [
              -58.9866627,
              -27.4382971
            ],
            [
              -58.9866509,
              -27.4382899
            ],
            [
              -58.9873526,
              -27.4376622
            ],
            [
              -58.9873589,
              -27.4376705
            ]
          ]
        ]
      },
      "id": "way/222146908"
    },
    {
      "type": "Feature",
      "properties": {
        "@id": "way/222146909",
        "leisure": "park"
      },
      "geometry": {
        "type": "Polygon",
        "coordinates": [
          [
            [
              -58.9882374,
              -27.4368904
            ],
            [
              -58.987507,
              -27.4375395
            ],
            [
              -58.9874977,
              -27.4375359
            ],
            [
              -58.9882308,
              -27.4368831
            ],
            [
              -58.9882374,
              -27.4368904
            ]
          ]
        ]
      },
      "id": "way/222146909"
    },
    {
      "type": "Feature",
      "properties": {
        "@id": "way/222146913",
        "leisure": "park"
      },
      "geometry": {
        "type": "Polygon",
        "coordinates": [
          [
            [
              -58.9901551,
              -27.4352043
            ],
            [
              -58.9893587,
              -27.4359159
            ],
            [
              -58.9893441,
              -27.4359017
            ],
            [
              -58.9901363,
              -27.435192
            ],
            [
              -58.9901551,
              -27.4352043
            ]
          ]
        ]
      },
      "id": "way/222146913"
    },
    {
      "type": "Feature",
      "properties": {
        "@id": "way/222146914",
        "leisure": "park"
      },
      "geometry": {
        "type": "Polygon",
        "coordinates": [
          [
            [
              -58.9910477,
              -27.4344207
            ],
            [
              -58.9902826,
              -27.4350925
            ],
            [
              -58.990265,
              -27.4350768
            ],
            [
              -58.9910301,
              -27.4344049
            ],
            [
              -58.9910477,
              -27.4344207
            ]
          ]
        ]
      },
      "id": "way/222146914"
    },
    {
      "type": "Feature",
      "properties": {
        "@id": "way/222146915",
        "leisure": "park"
      },
      "geometry": {
        "type": "Polygon",
        "coordinates": [
          [
            [
              -58.9957443,
              -27.4352053
            ],
            [
              -58.9957082,
              -27.4351757
            ],
            [
              -58.9973785,
              -27.4337159
            ],
            [
              -58.9974191,
              -27.4336341
            ],
            [
              -58.9974646,
              -27.4336611
            ],
            [
              -58.9974702,
              -27.4337022
            ],
            [
              -58.9973922,
              -27.4337597
            ],
            [
              -58.9957443,
              -27.4352053
            ]
          ]
        ]
      },
      "id": "way/222146915"
    },
    {
      "type": "Feature",
      "properties": {
        "@id": "way/222146916",
        "leisure": "park",
        "name": "Plazoleta Osvaldo Pérez"
      },
      "geometry": {
        "type": "Polygon",
        "coordinates": [
          [
            [
              -58.9841687,
              -27.4365278
            ],
            [
              -58.9841241,
              -27.4365924
            ],
            [
              -58.9841288,
              -27.4366357
            ],
            [
              -58.9841368,
              -27.4366495
            ],
            [
              -58.9836057,
              -27.4364707
            ],
            [
              -58.9834595,
              -27.4364177
            ],
            [
              -58.9835103,
              -27.4363805
            ],
            [
              -58.9836387,
              -27.4364002
            ],
            [
              -58.9840854,
              -27.4365077
            ],
            [
              -58.9841687,
              -27.4365278
            ]
          ]
        ]
      },
      "id": "way/222146916"
    },
    {
      "type": "Feature",
      "properties": {
        "@id": "way/222777808",
        "leisure": "park",
        "name": "Plazoleta Antonio Sáez Carrique"
      },
      "geometry": {
        "type": "Polygon",
        "coordinates": [
          [
            [
              -58.993848,
              -27.4591716
            ],
            [
              -58.9937574,
              -27.459087
            ],
            [
              -58.9940617,
              -27.4588095
            ],
            [
              -58.9941523,
              -27.4588941
            ],
            [
              -58.993848,
              -27.4591716
            ]
          ]
        ]
      },
      "id": "way/222777808"
    },
    {
      "type": "Feature",
      "properties": {
        "@id": "way/222782042",
        "leisure": "park",
        "name": "Plazoleta Doctor René Favaloro"
      },
      "geometry": {
        "type": "Polygon",
        "coordinates": [
          [
            [
              -58.9796804,
              -27.4342071
            ],
            [
              -58.9796365,
              -27.4342005
            ],
            [
              -58.9796172,
              -27.4337519
            ],
            [
              -58.9800381,
              -27.4336578
            ],
            [
              -58.9800682,
              -27.4337053
            ],
            [
              -58.9796804,
              -27.4342071
            ]
          ]
        ]
      },
      "id": "way/222782042"
    },
    {
      "type": "Feature",
      "properties": {
        "@id": "way/222782051",
        "leisure": "park"
      },
      "geometry": {
        "type": "Polygon",
        "coordinates": [
          [
            [
              -58.982197,
              -27.433616
            ],
            [
              -58.9819761,
              -27.4335107
            ],
            [
              -58.9816162,
              -27.4333417
            ],
            [
              -58.9816596,
              -27.4333
            ],
            [
              -58.9820564,
              -27.4332049
            ],
            [
              -58.9822349,
              -27.4335678
            ],
            [
              -58.982197,
              -27.433616
            ]
          ]
        ]
      },
      "id": "way/222782051"
    },
    {
      "type": "Feature",
      "properties": {
        "@id": "way/223320438",
        "leisure": "park"
      },
      "geometry": {
        "type": "Polygon",
        "coordinates": [
          [
            [
              -58.9976759,
              -27.4367441
            ],
            [
              -58.9975947,
              -27.4368206
            ],
            [
              -58.9974228,
              -27.4366769
            ],
            [
              -58.9975041,
              -27.4366004
            ],
            [
              -58.9976759,
              -27.4367441
            ]
          ]
        ]
      },
      "id": "way/223320438"
    },
    {
      "type": "Feature",
      "properties": {
        "@id": "way/223925484",
        "leisure": "park",
        "name": "Paseo del Divino Niño Jesús"
      },
      "geometry": {
        "type": "Polygon",
        "coordinates": [
          [
            [
              -58.9942429,
              -27.433841
            ],
            [
              -58.9939679,
              -27.4335648
            ],
            [
              -58.9940481,
              -27.4335224
            ],
            [
              -58.9942429,
              -27.433841
            ]
          ]
        ]
      },
      "id": "way/223925484"
    },
    {
      "type": "Feature",
      "properties": {
        "@id": "way/223925485",
        "leisure": "park"
      },
      "geometry": {
        "type": "Polygon",
        "coordinates": [
          [
            [
              -58.9956147,
              -27.4351988
            ],
            [
              -58.9955592,
              -27.4352438
            ],
            [
              -58.9954504,
              -27.435138
            ],
            [
              -58.995506,
              -27.435093
            ],
            [
              -58.9956147,
              -27.4351988
            ]
          ]
        ]
      },
      "id": "way/223925485"
    },
    {
      "type": "Feature",
      "properties": {
        "@id": "way/223926329",
        "leisure": "park"
      },
      "geometry": {
        "type": "Polygon",
        "coordinates": [
          [
            [
              -58.9749071,
              -27.4597805
            ],
            [
              -58.9748739,
              -27.4598107
            ],
            [
              -58.9741071,
              -27.4591444
            ],
            [
              -58.9741403,
              -27.4591143
            ],
            [
              -58.9749071,
              -27.4597805
            ]
          ]
        ]
      },
      "id": "way/223926329"
    },
    {
      "type": "Feature",
      "properties": {
        "@id": "way/223926330",
        "leisure": "park"
      },
      "geometry": {
        "type": "Polygon",
        "coordinates": [
          [
            [
              -58.9757155,
              -27.4604921
            ],
            [
              -58.9756797,
              -27.4605224
            ],
            [
              -58.9749728,
              -27.4599044
            ],
            [
              -58.9750109,
              -27.459871
            ],
            [
              -58.9757155,
              -27.4604921
            ]
          ]
        ]
      },
      "id": "way/223926330"
    },
    {
      "type": "Feature",
      "properties": {
        "@id": "way/223926332",
        "leisure": "park"
      },
      "geometry": {
        "type": "Polygon",
        "coordinates": [
          [
            [
              -58.9723037,
              -27.4574341
            ],
            [
              -58.9722732,
              -27.4574626
            ],
            [
              -58.9715499,
              -27.4568121
            ],
            [
              -58.971584,
              -27.4567828
            ],
            [
              -58.9723037,
              -27.4574341
            ]
          ]
        ]
      },
      "id": "way/223926332"
    },
    {
      "type": "Feature",
      "properties": {
        "@id": "way/223926333",
        "leisure": "park"
      },
      "geometry": {
        "type": "Polygon",
        "coordinates": [
          [
            [
              -58.9728978,
              -27.4579561
            ],
            [
              -58.9728557,
              -27.4579879
            ],
            [
              -58.9723737,
              -27.4575666
            ],
            [
              -58.9724077,
              -27.4575372
            ],
            [
              -58.9728978,
              -27.4579561
            ]
          ]
        ]
      },
      "id": "way/223926333"
    },
    {
      "type": "Feature",
      "properties": {
        "@id": "way/223926334",
        "leisure": "park",
        "name": "Plazoleta Rita Waisman"
      },
      "geometry": {
        "type": "Polygon",
        "coordinates": [
          [
            [
              -58.9731656,
              -27.4582219
            ],
            [
              -58.9731354,
              -27.4582483
            ],
            [
              -58.9729175,
              -27.4580602
            ],
            [
              -58.9729517,
              -27.4580309
            ],
            [
              -58.9731656,
              -27.4582219
            ]
          ]
        ]
      },
      "id": "way/223926334"
    },
    {
      "type": "Feature",
      "properties": {
        "@id": "way/223926336",
        "leisure": "park"
      },
      "geometry": {
        "type": "Polygon",
        "coordinates": [
          [
            [
              -58.9714682,
              -27.4568486
            ],
            [
              -58.9712016,
              -27.4570751
            ],
            [
              -58.9710441,
              -27.4568983
            ],
            [
              -58.9712954,
              -27.4566767
            ],
            [
              -58.9714682,
              -27.4568486
            ]
          ]
        ]
      },
      "id": "way/223926336"
    },
    {
      "type": "Feature",
      "properties": {
        "@id": "way/223926337",
        "leisure": "park",
        "name": "Adelia Beveraggi de Pérez"
      },
      "geometry": {
        "type": "Polygon",
        "coordinates": [
          [
            [
              -58.9740421,
              -27.4590257
            ],
            [
              -58.974008,
              -27.459055
            ],
            [
              -58.9732725,
              -27.458362
            ],
            [
              -58.9733066,
              -27.4583327
            ],
            [
              -58.9740421,
              -27.4590257
            ]
          ]
        ]
      },
      "id": "way/223926337"
    },
    {
      "type": "Feature",
      "properties": {
        "@id": "way/223927993",
        "leisure": "park"
      },
      "geometry": {
        "type": "Polygon",
        "coordinates": [
          [
            [
              -58.9724853,
              -27.4558766
            ],
            [
              -58.9724444,
              -27.4558407
            ],
            [
              -58.9731678,
              -27.4551908
            ],
            [
              -58.9732087,
              -27.4552266
            ],
            [
              -58.9724853,
              -27.4558766
            ]
          ]
        ]
      },
      "id": "way/223927993"
    },
    {
      "type": "Feature",
      "properties": {
        "@id": "way/223927994",
        "leisure": "park"
      },
      "geometry": {
        "type": "Polygon",
        "coordinates": [
          [
            [
              -58.9716148,
              -27.4566321
            ],
            [
              -58.9715962,
              -27.4566276
            ],
            [
              -58.9715807,
              -27.4566146
            ],
            [
              -58.9715784,
              -27.4566002
            ],
            [
              -58.9723333,
              -27.4559216
            ],
            [
              -58.9723742,
              -27.4559574
            ],
            [
              -58.9716148,
              -27.4566321
            ]
          ]
        ]
      },
      "id": "way/223927994"
    },
    {
      "type": "Feature",
      "properties": {
        "@id": "way/223927995",
        "leisure": "park"
      },
      "geometry": {
        "type": "Polygon",
        "coordinates": [
          [
            [
              -58.9733437,
              -27.455103
            ],
            [
              -58.9733028,
              -27.4550671
            ],
            [
              -58.9740263,
              -27.4544172
            ],
            [
              -58.9740672,
              -27.454453
            ],
            [
              -58.9733437,
              -27.455103
            ]
          ]
        ]
      },
      "id": "way/223927995"
    },
    {
      "type": "Feature",
      "properties": {
        "@id": "way/224360767",
        "leisure": "park"
      },
      "geometry": {
        "type": "Polygon",
        "coordinates": [
          [
            [
              -58.9695667,
              -27.4535424
            ],
            [
              -58.969701,
              -27.4536724
            ],
            [
              -58.9689742,
              -27.4542633
            ],
            [
              -58.9688399,
              -27.4541333
            ],
            [
              -58.9695667,
              -27.4535424
            ]
          ]
        ]
      },
      "id": "way/224360767"
    },
    {
      "type": "Feature",
      "properties": {
        "@id": "way/225578417",
        "leisure": "park"
      },
      "geometry": {
        "type": "Polygon",
        "coordinates": [
          [
            [
              -58.9763048,
              -27.4590469
            ],
            [
              -58.9762631,
              -27.4590735
            ],
            [
              -58.9762114,
              -27.459055
            ],
            [
              -58.9761872,
              -27.4590265
            ],
            [
              -58.9761814,
              -27.4589778
            ],
            [
              -58.9762248,
              -27.4589575
            ],
            [
              -58.9762534,
              -27.4589631
            ],
            [
              -58.9762774,
              -27.4589813
            ],
            [
              -58.9762974,
              -27.4590197
            ],
            [
              -58.9763048,
              -27.4590469
            ]
          ]
        ]
      },
      "id": "way/225578417"
    },
    {
      "type": "Feature",
      "properties": {
        "@id": "way/225578422",
        "leisure": "park"
      },
      "geometry": {
        "type": "Polygon",
        "coordinates": [
          [
            [
              -58.9760218,
              -27.4592329
            ],
            [
              -58.9759915,
              -27.4592569
            ],
            [
              -58.9759333,
              -27.4592067
            ],
            [
              -58.9759459,
              -27.4592
            ],
            [
              -58.9760218,
              -27.4592329
            ]
          ]
        ]
      },
      "id": "way/225578422"
    },
    {
      "type": "Feature",
      "properties": {
        "@id": "way/225578426",
        "leisure": "park"
      },
      "geometry": {
        "type": "Polygon",
        "coordinates": [
          [
            [
              -58.9764555,
              -27.4587601
            ],
            [
              -58.9764959,
              -27.4588252
            ],
            [
              -58.9765128,
              -27.4588731
            ],
            [
              -58.9764108,
              -27.4589352
            ],
            [
              -58.9764057,
              -27.4589524
            ],
            [
              -58.9763416,
              -27.4589097
            ],
            [
              -58.9764555,
              -27.4587601
            ]
          ]
        ]
      },
      "id": "way/225578426"
    },
    {
      "type": "Feature",
      "properties": {
        "@id": "way/225578427",
        "leisure": "park"
      },
      "geometry": {
        "type": "Polygon",
        "coordinates": [
          [
            [
              -58.9763534,
              -27.458998
            ],
            [
              -58.976318,
              -27.4589905
            ],
            [
              -58.9762935,
              -27.4589629
            ],
            [
              -58.9763003,
              -27.4589449
            ],
            [
              -58.9763239,
              -27.4589404
            ],
            [
              -58.9763543,
              -27.4589688
            ],
            [
              -58.9763534,
              -27.458998
            ]
          ]
        ]
      },
      "id": "way/225578427"
    },
    {
      "type": "Feature",
      "properties": {
        "@id": "way/225578428",
        "leisure": "park"
      },
      "geometry": {
        "type": "Polygon",
        "coordinates": [
          [
            [
              -58.9762581,
              -27.4591318
            ],
            [
              -58.9761627,
              -27.4591466
            ],
            [
              -58.9760672,
              -27.4591995
            ],
            [
              -58.9759826,
              -27.4591858
            ],
            [
              -58.9761197,
              -27.4591043
            ],
            [
              -58.9761758,
              -27.4591201
            ],
            [
              -58.9762581,
              -27.4591318
            ]
          ]
        ]
      },
      "id": "way/225578428"
    },
    {
      "type": "Feature",
      "properties": {
        "@id": "way/226439821",
        "leisure": "park",
        "name": "Plazoleta de la Democracia"
      },
      "geometry": {
        "type": "Polygon",
        "coordinates": [
          [
            [
              -58.9948192,
              -27.4594271
            ],
            [
              -58.9946693,
              -27.4595596
            ],
            [
              -58.9944895,
              -27.4593995
            ],
            [
              -58.9946395,
              -27.459267
            ],
            [
              -58.9948192,
              -27.4594271
            ]
          ]
        ]
      },
      "id": "way/226439821"
    },
    {
      "type": "Feature",
      "properties": {
        "@id": "way/227160584",
        "leisure": "park",
        "name": "Plazoleta Evita"
      },
      "geometry": {
        "type": "Polygon",
        "coordinates": [
          [
            [
              -59.0017966,
              -27.4547136
            ],
            [
              -59.0016854,
              -27.4547517
            ],
            [
              -59.0016241,
              -27.4547434
            ],
            [
              -59.0016348,
              -27.4546853
            ],
            [
              -59.0017229,
              -27.4545652
            ],
            [
              -59.0018457,
              -27.4545085
            ],
            [
              -59.0019064,
              -27.4545189
            ],
            [
              -59.0018931,
              -27.4546058
            ],
            [
              -59.0017966,
              -27.4547136
            ]
          ]
        ]
      },
      "id": "way/227160584"
    },
    {
      "type": "Feature",
      "properties": {
        "@id": "way/228320837",
        "leisure": "park"
      },
      "geometry": {
        "type": "Polygon",
        "coordinates": [
          [
            [
              -58.9667331,
              -27.433622
            ],
            [
              -58.966622,
              -27.4336198
            ],
            [
              -58.9662284,
              -27.4332426
            ],
            [
              -58.9662139,
              -27.4331461
            ],
            [
              -58.9667331,
              -27.433622
            ]
          ]
        ]
      },
      "id": "way/228320837"
    },
    {
      "type": "Feature",
      "properties": {
        "@id": "way/228320838",
        "leisure": "park"
      },
      "geometry": {
        "type": "Polygon",
        "coordinates": [
          [
            [
              -58.968498,
              -27.4351824
            ],
            [
              -58.9683597,
              -27.4351976
            ],
            [
              -58.9680728,
              -27.434943
            ],
            [
              -58.968066,
              -27.4348035
            ],
            [
              -58.968498,
              -27.4351824
            ]
          ]
        ]
      },
      "id": "way/228320838"
    },
    {
      "type": "Feature",
      "properties": {
        "@id": "way/228320840",
        "leisure": "park"
      },
      "geometry": {
        "type": "Polygon",
        "coordinates": [
          [
            [
              -58.9678922,
              -27.4343872
            ],
            [
              -58.9678951,
              -27.4344049
            ],
            [
              -58.967882,
              -27.4344209
            ],
            [
              -58.9678595,
              -27.4344341
            ],
            [
              -58.967831,
              -27.4344313
            ],
            [
              -58.9678174,
              -27.4344186
            ],
            [
              -58.9651707,
              -27.4320357
            ],
            [
              -58.9651958,
              -27.4320137
            ],
            [
              -58.9652342,
              -27.4319802
            ],
            [
              -58.9661837,
              -27.4328349
            ],
            [
              -58.9678749,
              -27.4343691
            ],
            [
              -58.9678922,
              -27.4343872
            ]
          ]
        ]
      },
      "id": "way/228320840"
    },
    {
      "type": "Feature",
      "properties": {
        "@id": "way/228320841",
        "leisure": "park"
      },
      "geometry": {
        "type": "Polygon",
        "coordinates": [
          [
            [
              -58.9696591,
              -27.4359323
            ],
            [
              -58.9696398,
              -27.4359489
            ],
            [
              -58.9696204,
              -27.4359658
            ],
            [
              -58.9695887,
              -27.4359932
            ],
            [
              -58.9680353,
              -27.4346072
            ],
            [
              -58.9680592,
              -27.4345864
            ],
            [
              -58.9680883,
              -27.4345613
            ],
            [
              -58.9681056,
              -27.4345463
            ],
            [
              -58.9696591,
              -27.4359323
            ]
          ]
        ]
      },
      "id": "way/228320841"
    },
    {
      "type": "Feature",
      "properties": {
        "@id": "way/228320842",
        "leisure": "park"
      },
      "geometry": {
        "type": "Polygon",
        "coordinates": [
          [
            [
              -58.9713955,
              -27.4374866
            ],
            [
              -58.9713702,
              -27.4375085
            ],
            [
              -58.9713404,
              -27.4375343
            ],
            [
              -58.9713251,
              -27.4375475
            ],
            [
              -58.9706348,
              -27.4369276
            ],
            [
              -58.9706092,
              -27.4368929
            ],
            [
              -58.9705959,
              -27.4368733
            ],
            [
              -58.9706113,
              -27.4368563
            ],
            [
              -58.9706294,
              -27.4368402
            ],
            [
              -58.9706548,
              -27.4368459
            ],
            [
              -58.9706987,
              -27.4368696
            ],
            [
              -58.9713955,
              -27.4374866
            ]
          ]
        ]
      },
      "id": "way/228320842"
    },
    {
      "type": "Feature",
      "properties": {
        "@id": "way/228320844",
        "leisure": "park"
      },
      "geometry": {
        "type": "Polygon",
        "coordinates": [
          [
            [
              -58.9704827,
              -27.4366846
            ],
            [
              -58.9704836,
              -27.4367061
            ],
            [
              -58.9704651,
              -27.4367268
            ],
            [
              -58.9704436,
              -27.4367379
            ],
            [
              -58.9704213,
              -27.4367384
            ],
            [
              -58.9697141,
              -27.4361017
            ],
            [
              -58.9697428,
              -27.4360774
            ],
            [
              -58.9697573,
              -27.4360643
            ],
            [
              -58.9697844,
              -27.4360408
            ],
            [
              -58.9704827,
              -27.4366846
            ]
          ]
        ]
      },
      "id": "way/228320844"
    },
    {
      "type": "Feature",
      "properties": {
        "@id": "way/228614048",
        "leisure": "park",
        "name": "Paseo de Dios"
      },
      "geometry": {
        "type": "Polygon",
        "coordinates": [
          [
            [
              -58.9671326,
              -27.4403552
            ],
            [
              -58.9665046,
              -27.4408755
            ],
            [
              -58.9659505,
              -27.4403626
            ],
            [
              -58.9657595,
              -27.440195
            ],
            [
              -58.9657888,
              -27.4401708
            ],
            [
              -58.9658888,
              -27.4400905
            ],
            [
              -58.9659032,
              -27.4402191
            ],
            [
              -58.9659847,
              -27.4401903
            ],
            [
              -58.966487,
              -27.4402891
            ],
            [
              -58.9666131,
              -27.4402788
            ],
            [
              -58.966693,
              -27.4402389
            ],
            [
              -58.9667593,
              -27.4402538
            ],
            [
              -58.9668175,
              -27.4402532
            ],
            [
              -58.9671326,
              -27.4403552
            ]
          ]
        ]
      },
      "id": "way/228614048"
    },
    {
      "type": "Feature",
      "properties": {
        "@id": "way/228614052",
        "leisure": "park"
      },
      "geometry": {
        "type": "Polygon",
        "coordinates": [
          [
            [
              -58.9671104,
              -27.440061
            ],
            [
              -58.9670909,
              -27.4400898
            ],
            [
              -58.9669496,
              -27.440091
            ],
            [
              -58.9668547,
              -27.4401431
            ],
            [
              -58.9667981,
              -27.4401669
            ],
            [
              -58.966773,
              -27.4401569
            ],
            [
              -58.9667537,
              -27.4401377
            ],
            [
              -58.9667604,
              -27.4400871
            ],
            [
              -58.9668196,
              -27.4400498
            ],
            [
              -58.966954,
              -27.4400476
            ],
            [
              -58.9671104,
              -27.440061
            ]
          ]
        ]
      },
      "id": "way/228614052"
    },
    {
      "type": "Feature",
      "properties": {
        "@id": "way/228975530",
        "leisure": "park",
        "name": "Plaza Los Teros"
      },
      "geometry": {
        "type": "Polygon",
        "coordinates": [
          [
            [
              -58.9625035,
              -27.4406203
            ],
            [
              -58.9617229,
              -27.4412956
            ],
            [
              -58.9616127,
              -27.4412095
            ],
            [
              -58.9614682,
              -27.4413454
            ],
            [
              -58.9610931,
              -27.440994
            ],
            [
              -58.9620337,
              -27.4401406
            ],
            [
              -58.9625035,
              -27.4406203
            ]
          ]
        ]
      },
      "id": "way/228975530"
    },
    {
      "type": "Feature",
      "properties": {
        "@id": "way/229117851",
        "leisure": "park"
      },
      "geometry": {
        "type": "Polygon",
        "coordinates": [
          [
            [
              -59.0082537,
              -27.4691463
            ],
            [
              -59.0076944,
              -27.4696964
            ],
            [
              -59.0074804,
              -27.4695252
            ],
            [
              -59.0074021,
              -27.4696021
            ],
            [
              -59.0073157,
              -27.4695329
            ],
            [
              -59.0074101,
              -27.46944
            ],
            [
              -59.0072161,
              -27.4692847
            ],
            [
              -59.0077592,
              -27.4687505
            ],
            [
              -59.0082537,
              -27.4691463
            ]
          ]
        ]
      },
      "id": "way/229117851"
    },
    {
      "type": "Feature",
      "properties": {
        "@id": "way/229167149",
        "leisure": "park",
        "name": "Paseo de los Jóvenes"
      },
      "geometry": {
        "type": "Polygon",
        "coordinates": [
          [
            [
              -58.9973423,
              -27.4293907
            ],
            [
              -58.9972447,
              -27.4293525
            ],
            [
              -58.997106,
              -27.4293543
            ],
            [
              -58.9970181,
              -27.4293265
            ],
            [
              -58.996981,
              -27.4293022
            ],
            [
              -58.9971198,
              -27.429211
            ],
            [
              -58.9973423,
              -27.4293907
            ]
          ]
        ]
      },
      "id": "way/229167149"
    },
    {
      "type": "Feature",
      "properties": {
        "@id": "way/229167182",
        "leisure": "park"
      },
      "geometry": {
        "type": "Polygon",
        "coordinates": [
          [
            [
              -59.009998,
              -27.4322504
            ],
            [
              -59.0096524,
              -27.432301
            ],
            [
              -59.0098074,
              -27.4320717
            ],
            [
              -59.0099588,
              -27.4320606
            ],
            [
              -59.009998,
              -27.4322504
            ]
          ]
        ]
      },
      "id": "way/229167182"
    },
    {
      "type": "Feature",
      "properties": {
        "@id": "way/229167186",
        "leisure": "park"
      },
      "geometry": {
        "type": "Polygon",
        "coordinates": [
          [
            [
              -59.007406,
              -27.4342398
            ],
            [
              -59.0073152,
              -27.434326
            ],
            [
              -59.007285,
              -27.4343069
            ],
            [
              -59.0072636,
              -27.4342454
            ],
            [
              -59.0072724,
              -27.4342108
            ],
            [
              -59.007406,
              -27.4342398
            ]
          ]
        ]
      },
      "id": "way/229167186"
    },
    {
      "type": "Feature",
      "properties": {
        "@id": "way/229167187",
        "leisure": "park"
      },
      "geometry": {
        "type": "Polygon",
        "coordinates": [
          [
            [
              -59.0100248,
              -27.4321761
            ],
            [
              -59.0099963,
              -27.4320306
            ],
            [
              -59.010105,
              -27.4320195
            ],
            [
              -59.010146,
              -27.4322156
            ],
            [
              -59.0101085,
              -27.432233
            ],
            [
              -59.0100248,
              -27.4321761
            ]
          ]
        ]
      },
      "id": "way/229167187"
    },
    {
      "type": "Feature",
      "properties": {
        "@id": "way/229167190",
        "leisure": "park"
      },
      "geometry": {
        "type": "Polygon",
        "coordinates": [
          [
            [
              -59.0094471,
              -27.4324705
            ],
            [
              -59.0093828,
              -27.4324347
            ],
            [
              -59.0096614,
              -27.432004
            ],
            [
              -59.0098449,
              -27.4316526
            ],
            [
              -59.009882,
              -27.4314311
            ],
            [
              -59.0099274,
              -27.4312733
            ],
            [
              -59.0099652,
              -27.4313897
            ],
            [
              -59.0097295,
              -27.4319917
            ],
            [
              -59.0094471,
              -27.4324705
            ]
          ]
        ]
      },
      "id": "way/229167190"
    },
    {
      "type": "Feature",
      "properties": {
        "@id": "way/229443506",
        "leisure": "park"
      },
      "geometry": {
        "type": "Polygon",
        "coordinates": [
          [
            [
              -58.9811131,
              -27.4692673
            ],
            [
              -58.9809583,
              -27.4694037
            ],
            [
              -58.9806844,
              -27.4691589
            ],
            [
              -58.9808392,
              -27.4690225
            ],
            [
              -58.9811131,
              -27.4692673
            ]
          ]
        ]
      },
      "id": "way/229443506"
    },
    {
      "type": "Feature",
      "properties": {
        "@id": "way/229851520",
        "leisure": "park"
      },
      "geometry": {
        "type": "Polygon",
        "coordinates": [
          [
            [
              -59.0134645,
              -27.4623809
            ],
            [
              -59.0131679,
              -27.4621189
            ],
            [
              -59.0138811,
              -27.4614831
            ],
            [
              -59.01371,
              -27.461332
            ],
            [
              -59.0139948,
              -27.461078
            ],
            [
              -59.014192,
              -27.4612521
            ],
            [
              -59.013948,
              -27.4614696
            ],
            [
              -59.0142186,
              -27.4617086
            ],
            [
              -59.0134645,
              -27.4623809
            ]
          ]
        ]
      },
      "id": "way/229851520"
    },
    {
      "type": "Feature",
      "properties": {
        "@id": "way/229851528",
        "leisure": "park"
      },
      "geometry": {
        "type": "Polygon",
        "coordinates": [
          [
            [
              -59.0123339,
              -27.4665184
            ],
            [
              -59.0123137,
              -27.4665004
            ],
            [
              -59.0123376,
              -27.4664792
            ],
            [
              -59.0123578,
              -27.4664972
            ],
            [
              -59.0123339,
              -27.4665184
            ]
          ]
        ]
      },
      "id": "way/229851528"
    },
    {
      "type": "Feature",
      "properties": {
        "@id": "way/229851538",
        "leisure": "park"
      },
      "geometry": {
        "type": "Polygon",
        "coordinates": [
          [
            [
              -59.0120456,
              -27.4664905
            ],
            [
              -59.0114073,
              -27.4670433
            ],
            [
              -59.0107636,
              -27.4664581
            ],
            [
              -59.011402,
              -27.4659053
            ],
            [
              -59.0120456,
              -27.4664905
            ]
          ]
        ]
      },
      "id": "way/229851538"
    },
    {
      "type": "Feature",
      "properties": {
        "@id": "way/229851539",
        "leisure": "park"
      },
      "geometry": {
        "type": "Polygon",
        "coordinates": [
          [
            [
              -59.0143938,
              -27.463173
            ],
            [
              -59.0141474,
              -27.4629554
            ],
            [
              -59.0144406,
              -27.462694
            ],
            [
              -59.014687,
              -27.4629115
            ],
            [
              -59.0143938,
              -27.463173
            ]
          ]
        ]
      },
      "id": "way/229851539"
    },
    {
      "type": "Feature",
      "properties": {
        "@id": "way/229851548",
        "leisure": "park"
      },
      "geometry": {
        "type": "Polygon",
        "coordinates": [
          [
            [
              -59.0124749,
              -27.4609581
            ],
            [
              -59.0121915,
              -27.4612275
            ],
            [
              -59.0118487,
              -27.4609435
            ],
            [
              -59.0121321,
              -27.4606741
            ],
            [
              -59.0124749,
              -27.4609581
            ]
          ]
        ]
      },
      "id": "way/229851548"
    },
    {
      "type": "Feature",
      "properties": {
        "@id": "way/229851551",
        "leisure": "park"
      },
      "geometry": {
        "type": "Polygon",
        "coordinates": [
          [
            [
              -59.0139203,
              -27.4628573
            ],
            [
              -59.0136516,
              -27.4626191
            ],
            [
              -59.014004,
              -27.4623062
            ],
            [
              -59.0142642,
              -27.462537
            ],
            [
              -59.0140855,
              -27.4626956
            ],
            [
              -59.014142,
              -27.4627457
            ],
            [
              -59.0139683,
              -27.4628999
            ],
            [
              -59.0139203,
              -27.4628573
            ]
          ]
        ]
      },
      "id": "way/229851551"
    },
    {
      "type": "Feature",
      "properties": {
        "@id": "way/229927574",
        "leisure": "park"
      },
      "geometry": {
        "type": "Polygon",
        "coordinates": [
          [
            [
              -59.0084569,
              -27.469018
            ],
            [
              -59.0083624,
              -27.4689333
            ],
            [
              -59.0090409,
              -27.4683369
            ],
            [
              -59.0091224,
              -27.4684099
            ],
            [
              -59.0088135,
              -27.4686815
            ],
            [
              -59.0089211,
              -27.4687778
            ],
            [
              -59.008769,
              -27.4689115
            ],
            [
              -59.0086745,
              -27.4688268
            ],
            [
              -59.0084569,
              -27.469018
            ]
          ]
        ]
      },
      "id": "way/229927574"
    },
    {
      "type": "Feature",
      "properties": {
        "@id": "way/230159092",
        "leisure": "park"
      },
      "geometry": {
        "type": "Polygon",
        "coordinates": [
          [
            [
              -59.0015146,
              -27.4342966
            ],
            [
              -59.0013695,
              -27.4343744
            ],
            [
              -59.0012648,
              -27.4343355
            ],
            [
              -59.0012378,
              -27.4342007
            ],
            [
              -59.0010016,
              -27.4340899
            ],
            [
              -59.0008801,
              -27.4339071
            ],
            [
              -59.0006472,
              -27.4338382
            ],
            [
              -59.0008159,
              -27.4336974
            ],
            [
              -59.0015146,
              -27.4342966
            ]
          ]
        ]
      },
      "id": "way/230159092"
    },
    {
      "type": "Feature",
      "properties": {
        "@id": "way/230253360",
        "leisure": "park",
        "name": "Paseo Fabriciano Gómez"
      },
      "geometry": {
        "type": "Polygon",
        "coordinates": [
          [
            [
              -59.0055152,
              -27.4359527
            ],
            [
              -59.0054299,
              -27.4361846
            ],
            [
              -59.0053946,
              -27.4363082
            ],
            [
              -59.0054353,
              -27.4364104
            ],
            [
              -59.0055682,
              -27.4365754
            ],
            [
              -59.0058883,
              -27.4368601
            ],
            [
              -59.0058916,
              -27.436937
            ],
            [
              -59.0051571,
              -27.4362502
            ],
            [
              -59.0055152,
              -27.4359527
            ]
          ]
        ]
      },
      "id": "way/230253360"
    },
    {
      "type": "Feature",
      "properties": {
        "@id": "way/230260409",
        "leisure": "park"
      },
      "geometry": {
        "type": "Polygon",
        "coordinates": [
          [
            [
              -58.9668743,
              -27.4398242
            ],
            [
              -58.9670556,
              -27.4398483
            ],
            [
              -58.9669902,
              -27.4398731
            ],
            [
              -58.9667317,
              -27.4398857
            ],
            [
              -58.9664141,
              -27.4399448
            ],
            [
              -58.9661336,
              -27.4399814
            ],
            [
              -58.9657554,
              -27.4401333
            ],
            [
              -58.9657071,
              -27.4400976
            ],
            [
              -58.9664657,
              -27.4394829
            ],
            [
              -58.9668743,
              -27.4398242
            ]
          ]
        ]
      },
      "id": "way/230260409"
    },
    {
      "type": "Feature",
      "properties": {
        "@id": "way/230889841",
        "leisure": "park"
      },
      "geometry": {
        "type": "Polygon",
        "coordinates": [
          [
            [
              -59.0058844,
              -27.4316691
            ],
            [
              -59.0055874,
              -27.4319091
            ],
            [
              -59.0054587,
              -27.4318027
            ],
            [
              -59.0057664,
              -27.4315705
            ],
            [
              -59.0058844,
              -27.4316691
            ]
          ]
        ]
      },
      "id": "way/230889841"
    },
    {
      "type": "Feature",
      "properties": {
        "@id": "way/230905164",
        "leisure": "park",
        "name": "Plaza Echazarreta"
      },
      "geometry": {
        "type": "Polygon",
        "coordinates": [
          [
            [
              -58.9869668,
              -27.4037732
            ],
            [
              -58.9873058,
              -27.4040945
            ],
            [
              -58.9867304,
              -27.4046026
            ],
            [
              -58.9863914,
              -27.4042813
            ],
            [
              -58.9869668,
              -27.4037732
            ]
          ]
        ]
      },
      "id": "way/230905164"
    },
    {
      "type": "Feature",
      "properties": {
        "@id": "way/230911240",
        "leisure": "park"
      },
      "geometry": {
        "type": "Polygon",
        "coordinates": [
          [
            [
              -59.0148887,
              -27.4519537
            ],
            [
              -59.0148788,
              -27.4519891
            ],
            [
              -59.0145073,
              -27.4519913
            ],
            [
              -59.014435,
              -27.4520621
            ],
            [
              -59.0144051,
              -27.4524514
            ],
            [
              -59.0139963,
              -27.4524514
            ],
            [
              -59.0139041,
              -27.4525466
            ],
            [
              -59.0138891,
              -27.4530244
            ],
            [
              -59.0132933,
              -27.4530244
            ],
            [
              -59.0147043,
              -27.4517856
            ],
            [
              -59.0148887,
              -27.4519537
            ]
          ]
        ]
      },
      "id": "way/230911240"
    },
    {
      "type": "Feature",
      "properties": {
        "@id": "way/230911241",
        "leisure": "park"
      },
      "geometry": {
        "type": "Polygon",
        "coordinates": [
          [
            [
              -59.0130231,
              -27.4535545
            ],
            [
              -59.0130279,
              -27.4540612
            ],
            [
              -59.0135476,
              -27.4540584
            ],
            [
              -59.0135572,
              -27.4544975
            ],
            [
              -59.0136005,
              -27.4545246
            ],
            [
              -59.0140526,
              -27.4545246
            ],
            [
              -59.0140367,
              -27.4549471
            ],
            [
              -59.0140068,
              -27.4549714
            ],
            [
              -59.0125832,
              -27.4536871
            ],
            [
              -59.012727,
              -27.453553
            ],
            [
              -59.0130231,
              -27.4535545
            ]
          ]
        ]
      },
      "id": "way/230911241"
    },
    {
      "type": "Feature",
      "properties": {
        "@id": "way/230911318",
        "leisure": "park"
      },
      "geometry": {
        "type": "Polygon",
        "coordinates": [
          [
            [
              -59.0133537,
              -27.4534871
            ],
            [
              -59.0128377,
              -27.4534871
            ],
            [
              -59.0128252,
              -27.4534385
            ],
            [
              -59.013239,
              -27.4530867
            ],
            [
              -59.0133562,
              -27.4530845
            ],
            [
              -59.0133537,
              -27.4534871
            ]
          ]
        ]
      },
      "id": "way/230911318"
    },
    {
      "type": "Feature",
      "properties": {
        "@id": "way/231157285",
        "leisure": "park"
      },
      "geometry": {
        "type": "Polygon",
        "coordinates": [
          [
            [
              -58.9643509,
              -27.4376077
            ],
            [
              -58.9636022,
              -27.4382596
            ],
            [
              -58.9632036,
              -27.4379103
            ],
            [
              -58.9639484,
              -27.4372471
            ],
            [
              -58.9643509,
              -27.4376077
            ]
          ]
        ]
      },
      "id": "way/231157285"
    },
    {
      "type": "Feature",
      "properties": {
        "@id": "way/231157286",
        "leisure": "park"
      },
      "geometry": {
        "type": "Polygon",
        "coordinates": [
          [
            [
              -58.961447,
              -27.4376183
            ],
            [
              -58.9611679,
              -27.4378892
            ],
            [
              -58.9608223,
              -27.4376088
            ],
            [
              -58.9611015,
              -27.4373378
            ],
            [
              -58.961447,
              -27.4376183
            ]
          ]
        ]
      },
      "id": "way/231157286"
    },
    {
      "type": "Feature",
      "properties": {
        "@id": "way/231215630",
        "leisure": "park",
        "name": "Plazoleta Los Colonizadores"
      },
      "geometry": {
        "type": "Polygon",
        "coordinates": [
          [
            [
              -58.9707048,
              -27.4350257
            ],
            [
              -58.9705719,
              -27.4351342
            ],
            [
              -58.9703283,
              -27.4348989
            ],
            [
              -58.9704612,
              -27.4347905
            ],
            [
              -58.9705759,
              -27.4349013
            ],
            [
              -58.9707048,
              -27.4350257
            ]
          ]
        ]
      },
      "id": "way/231215630"
    },
    {
      "type": "Feature",
      "properties": {
        "@id": "way/231275913",
        "leisure": "park"
      },
      "geometry": {
        "type": "Polygon",
        "coordinates": [
          [
            [
              -58.9874131,
              -27.4716668
            ],
            [
              -58.987786,
              -27.471997
            ],
            [
              -58.98736,
              -27.472368
            ],
            [
              -58.9868099,
              -27.4719375
            ],
            [
              -58.9869105,
              -27.4711565
            ],
            [
              -58.9876723,
              -27.4712379
            ],
            [
              -58.9877594,
              -27.4713263
            ],
            [
              -58.9874131,
              -27.4716668
            ]
          ]
        ]
      },
      "id": "way/231275913"
    },
    {
      "type": "Feature",
      "properties": {
        "@id": "way/231493338",
        "leisure": "park"
      },
      "geometry": {
        "type": "Polygon",
        "coordinates": [
          [
            [
              -58.9801737,
              -27.4705466
            ],
            [
              -58.9800495,
              -27.4706543
            ],
            [
              -58.9799006,
              -27.4705192
            ],
            [
              -58.9800248,
              -27.4704115
            ],
            [
              -58.9801737,
              -27.4705466
            ]
          ]
        ]
      },
      "id": "way/231493338"
    },
    {
      "type": "Feature",
      "properties": {
        "@id": "way/231493339",
        "leisure": "park"
      },
      "geometry": {
        "type": "Polygon",
        "coordinates": [
          [
            [
              -58.9808347,
              -27.471163
            ],
            [
              -58.9807105,
              -27.4712708
            ],
            [
              -58.9805616,
              -27.4711357
            ],
            [
              -58.9806859,
              -27.4710279
            ],
            [
              -58.9808347,
              -27.471163
            ]
          ]
        ]
      },
      "id": "way/231493339"
    },
    {
      "type": "Feature",
      "properties": {
        "@id": "way/231917220",
        "leisure": "park"
      },
      "geometry": {
        "type": "Polygon",
        "coordinates": [
          [
            [
              -58.9643342,
              -27.4461403
            ],
            [
              -58.9639501,
              -27.445782
            ],
            [
              -58.964293,
              -27.4456523
            ],
            [
              -58.9643342,
              -27.4461403
            ]
          ]
        ]
      },
      "id": "way/231917220"
    },
    {
      "type": "Feature",
      "properties": {
        "@id": "way/231917226",
        "leisure": "park"
      },
      "geometry": {
        "type": "Polygon",
        "coordinates": [
          [
            [
              -58.9678101,
              -27.4533444
            ],
            [
              -58.9677859,
              -27.4533659
            ],
            [
              -58.9670721,
              -27.4527325
            ],
            [
              -58.9670963,
              -27.452711
            ],
            [
              -58.9678101,
              -27.4533444
            ]
          ]
        ]
      },
      "id": "way/231917226"
    },
    {
      "type": "Feature",
      "properties": {
        "@id": "way/231917228",
        "leisure": "park"
      },
      "geometry": {
        "type": "Polygon",
        "coordinates": [
          [
            [
              -58.9659384,
              -27.4516669
            ],
            [
              -58.9659142,
              -27.4516883
            ],
            [
              -58.9653541,
              -27.4511963
            ],
            [
              -58.9653783,
              -27.4511748
            ],
            [
              -58.9659384,
              -27.4516669
            ]
          ]
        ]
      },
      "id": "way/231917228"
    },
    {
      "type": "Feature",
      "properties": {
        "@id": "way/231917230",
        "leisure": "park"
      },
      "geometry": {
        "type": "Polygon",
        "coordinates": [
          [
            [
              -58.9686538,
              -27.4541065
            ],
            [
              -58.9686296,
              -27.454128
            ],
            [
              -58.9679159,
              -27.4534946
            ],
            [
              -58.9679401,
              -27.4534731
            ],
            [
              -58.9686538,
              -27.4541065
            ]
          ]
        ]
      },
      "id": "way/231917230"
    },
    {
      "type": "Feature",
      "properties": {
        "@id": "way/231917232",
        "leisure": "park"
      },
      "geometry": {
        "type": "Polygon",
        "coordinates": [
          [
            [
              -58.9652406,
              -27.4510561
            ],
            [
              -58.9652164,
              -27.4510776
            ],
            [
              -58.9646128,
              -27.4505434
            ],
            [
              -58.964637,
              -27.4505219
            ],
            [
              -58.9652406,
              -27.4510561
            ]
          ]
        ]
      },
      "id": "way/231917232"
    },
    {
      "type": "Feature",
      "properties": {
        "@id": "way/231917234",
        "leisure": "park"
      },
      "geometry": {
        "type": "Polygon",
        "coordinates": [
          [
            [
              -58.9669555,
              -27.4525972
            ],
            [
              -58.9669313,
              -27.4526187
            ],
            [
              -58.966483,
              -27.452201
            ],
            [
              -58.9665072,
              -27.4521795
            ],
            [
              -58.9669555,
              -27.4525972
            ]
          ]
        ]
      },
      "id": "way/231917234"
    },
    {
      "type": "Feature",
      "properties": {
        "@id": "way/231917236",
        "leisure": "park"
      },
      "geometry": {
        "type": "Polygon",
        "coordinates": [
          [
            [
              -58.9663813,
              -27.4520748
            ],
            [
              -58.9663571,
              -27.4520962
            ],
            [
              -58.9660066,
              -27.4517753
            ],
            [
              -58.9660308,
              -27.4517538
            ],
            [
              -58.9663813,
              -27.4520748
            ]
          ]
        ]
      },
      "id": "way/231917236"
    },
    {
      "type": "Feature",
      "properties": {
        "@id": "way/232090434",
        "leisure": "park"
      },
      "geometry": {
        "type": "Polygon",
        "coordinates": [
          [
            [
              -58.9631462,
              -27.4583613
            ],
            [
              -58.9628047,
              -27.4586756
            ],
            [
              -58.9626506,
              -27.4585437
            ],
            [
              -58.962992,
              -27.4582294
            ],
            [
              -58.9631462,
              -27.4583613
            ]
          ]
        ]
      },
      "id": "way/232090434"
    },
    {
      "type": "Feature",
      "properties": {
        "@id": "way/232090435",
        "leisure": "park"
      },
      "geometry": {
        "type": "Polygon",
        "coordinates": [
          [
            [
              -58.9609472,
              -27.4533457
            ],
            [
              -58.9605679,
              -27.4533271
            ],
            [
              -58.9601558,
              -27.4529145
            ],
            [
              -58.9602985,
              -27.4527966
            ],
            [
              -58.9609472,
              -27.4533457
            ]
          ]
        ]
      },
      "id": "way/232090435"
    },
    {
      "type": "Feature",
      "properties": {
        "@id": "way/232090437",
        "leisure": "park"
      },
      "geometry": {
        "type": "Polygon",
        "coordinates": [
          [
            [
              -58.9647677,
              -27.4522846
            ],
            [
              -58.9640731,
              -27.4529245
            ],
            [
              -58.9637465,
              -27.4526454
            ],
            [
              -58.9644411,
              -27.4520054
            ],
            [
              -58.9647677,
              -27.4522846
            ]
          ]
        ]
      },
      "id": "way/232090437"
    },
    {
      "type": "Feature",
      "properties": {
        "@id": "way/232092855",
        "leisure": "park",
        "name": "Plazoleta de Villa Prosperidad"
      },
      "geometry": {
        "type": "Polygon",
        "coordinates": [
          [
            [
              -58.9692176,
              -27.4505956
            ],
            [
              -58.9687546,
              -27.4510508
            ],
            [
              -58.9684915,
              -27.4508084
            ],
            [
              -58.9692176,
              -27.4505956
            ]
          ]
        ]
      },
      "id": "way/232092855"
    },
    {
      "type": "Feature",
      "properties": {
        "@id": "way/232482099",
        "leisure": "park",
        "name": "Parque Urbano Laguna Ávalos"
      },
      "geometry": {
        "type": "Polygon",
        "coordinates": [
          [
            [
              -58.9875565,
              -27.4358741
            ],
            [
              -58.9872442,
              -27.4356944
            ],
            [
              -58.9870754,
              -27.4357487
            ],
            [
              -58.9863384,
              -27.4350984
            ],
            [
              -58.9857356,
              -27.4344786
            ],
            [
              -58.9861575,
              -27.4342341
            ],
            [
              -58.9862081,
              -27.4342753
            ],
            [
              -58.9863582,
              -27.4342337
            ],
            [
              -58.9867597,
              -27.4346244
            ],
            [
              -58.9871683,
              -27.4348419
            ],
            [
              -58.9874895,
              -27.4347892
            ],
            [
              -58.9879091,
              -27.434673
            ],
            [
              -58.9882693,
              -27.4341886
            ],
            [
              -58.9885531,
              -27.4336266
            ],
            [
              -58.9885753,
              -27.4329291
            ],
            [
              -58.9888806,
              -27.4317374
            ],
            [
              -58.9891037,
              -27.4313246
            ],
            [
              -58.9891972,
              -27.4312627
            ],
            [
              -58.9893827,
              -27.4313886
            ],
            [
              -58.989481,
              -27.4314274
            ],
            [
              -58.9895574,
              -27.4315727
            ],
            [
              -58.9893873,
              -27.4324336
            ],
            [
              -58.9898219,
              -27.4326053
            ],
            [
              -58.9896824,
              -27.4330112
            ],
            [
              -58.9895299,
              -27.4329264
            ],
            [
              -58.9894498,
              -27.4329791
            ],
            [
              -58.9892948,
              -27.4328736
            ],
            [
              -58.9891098,
              -27.4336848
            ],
            [
              -58.9892302,
              -27.4338953
            ],
            [
              -58.9892718,
              -27.4343352
            ],
            [
              -58.9891326,
              -27.4343278
            ],
            [
              -58.9890697,
              -27.4344096
            ],
            [
              -58.9889472,
              -27.4346514
            ],
            [
              -58.9888667,
              -27.4349757
            ],
            [
              -58.9889089,
              -27.435148
            ],
            [
              -58.9885924,
              -27.4353577
            ],
            [
              -58.9884194,
              -27.4354626
            ],
            [
              -58.9878835,
              -27.4356237
            ],
            [
              -58.9875565,
              -27.4358741
            ]
          ]
        ]
      },
      "id": "way/232482099"
    },
    {
      "type": "Feature",
      "properties": {
        "@id": "way/232482161",
        "leisure": "park"
      },
      "geometry": {
        "type": "Polygon",
        "coordinates": [
          [
            [
              -58.9843381,
              -27.4314716
            ],
            [
              -58.9842769,
              -27.4315259
            ],
            [
              -58.9842579,
              -27.4311401
            ],
            [
              -58.9843149,
              -27.4312525
            ],
            [
              -58.9843381,
              -27.4314716
            ]
          ]
        ]
      },
      "id": "way/232482161"
    },
    {
      "type": "Feature",
      "properties": {
        "@id": "way/232482166",
        "leisure": "park"
      },
      "geometry": {
        "type": "Polygon",
        "coordinates": [
          [
            [
              -58.9837323,
              -27.4295055
            ],
            [
              -58.9835413,
              -27.4296565
            ],
            [
              -58.9833682,
              -27.4293254
            ],
            [
              -58.9833205,
              -27.4291612
            ],
            [
              -58.9834488,
              -27.4291665
            ],
            [
              -58.9837204,
              -27.4294472
            ],
            [
              -58.9837323,
              -27.4295055
            ]
          ]
        ]
      },
      "id": "way/232482166"
    },
    {
      "type": "Feature",
      "properties": {
        "@id": "way/233763386",
        "leisure": "park"
      },
      "geometry": {
        "type": "Polygon",
        "coordinates": [
          [
            [
              -58.9541731,
              -27.4981098
            ],
            [
              -58.9544976,
              -27.4978177
            ],
            [
              -58.9551776,
              -27.4984315
            ],
            [
              -58.9548275,
              -27.4987274
            ],
            [
              -58.9541731,
              -27.4981098
            ]
          ]
        ]
      },
      "id": "way/233763386"
    },
    {
      "type": "Feature",
      "properties": {
        "@id": "way/233763388",
        "leisure": "park"
      },
      "geometry": {
        "type": "Polygon",
        "coordinates": [
          [
            [
              -58.9571978,
              -27.4914672
            ],
            [
              -58.9566715,
              -27.4919362
            ],
            [
              -58.9562454,
              -27.491575
            ],
            [
              -58.9567845,
              -27.4910968
            ],
            [
              -58.9571978,
              -27.4914672
            ]
          ]
        ]
      },
      "id": "way/233763388"
    },
    {
      "type": "Feature",
      "properties": {
        "@id": "way/235523905",
        "leisure": "park",
        "name": "Plazoleta Doctor Favaloro"
      },
      "geometry": {
        "type": "Polygon",
        "coordinates": [
          [
            [
              -58.9631307,
              -27.4117955
            ],
            [
              -58.9624214,
              -27.4124268
            ],
            [
              -58.9620185,
              -27.4120778
            ],
            [
              -58.9627122,
              -27.4114442
            ],
            [
              -58.9631307,
              -27.4117955
            ]
          ]
        ]
      },
      "id": "way/235523905"
    },
    {
      "type": "Feature",
      "properties": {
        "@id": "way/236322208",
        "leisure": "park"
      },
      "geometry": {
        "type": "Polygon",
        "coordinates": [
          [
            [
              -59.009048,
              -27.4680574
            ],
            [
              -59.0088421,
              -27.4678785
            ],
            [
              -59.0091615,
              -27.4675891
            ],
            [
              -59.0096501,
              -27.4680136
            ],
            [
              -59.0093184,
              -27.4683142
            ],
            [
              -59.0092397,
              -27.4682458
            ],
            [
              -59.009368,
              -27.4681296
            ],
            [
              -59.0091639,
              -27.4679523
            ],
            [
              -59.009048,
              -27.4680574
            ]
          ]
        ]
      },
      "id": "way/236322208"
    },
    {
      "type": "Feature",
      "properties": {
        "@id": "way/236322550",
        "leisure": "park"
      },
      "geometry": {
        "type": "Polygon",
        "coordinates": [
          [
            [
              -59.0046511,
              -27.4691251
            ],
            [
              -59.0044294,
              -27.4693218
            ],
            [
              -59.0042812,
              -27.4694533
            ],
            [
              -59.0040996,
              -27.4692923
            ],
            [
              -59.0042521,
              -27.469157
            ],
            [
              -59.0044696,
              -27.468964
            ],
            [
              -59.0046511,
              -27.4691251
            ]
          ]
        ]
      },
      "id": "way/236322550"
    },
    {
      "type": "Feature",
      "properties": {
        "@id": "way/239302425",
        "leisure": "park"
      },
      "geometry": {
        "type": "Polygon",
        "coordinates": [
          [
            [
              -58.9728664,
              -27.4712825
            ],
            [
              -58.9695911,
              -27.4741974
            ],
            [
              -58.969474,
              -27.4740938
            ],
            [
              -58.9727493,
              -27.4711789
            ],
            [
              -58.9728664,
              -27.4712825
            ]
          ]
        ]
      },
      "id": "way/239302425"
    },
    {
      "type": "Feature",
      "properties": {
        "@id": "way/239302426",
        "leisure": "park"
      },
      "geometry": {
        "type": "Polygon",
        "coordinates": [
          [
            [
              -58.9761137,
              -27.4681887
            ],
            [
              -58.9762099,
              -27.4682736
            ],
            [
              -58.9729625,
              -27.47117
            ],
            [
              -58.9728663,
              -27.4710851
            ],
            [
              -58.9761137,
              -27.4681887
            ]
          ]
        ]
      },
      "id": "way/239302426"
    },
    {
      "type": "Feature",
      "properties": {
        "@id": "way/239304457",
        "leisure": "park",
        "name": "Plazoleta Ropoldo Gregorio Domínguez"
      },
      "geometry": {
        "type": "Polygon",
        "coordinates": [
          [
            [
              -58.9721766,
              -27.4732466
            ],
            [
              -58.9719553,
              -27.4732233
            ],
            [
              -58.9722478,
              -27.4729731
            ],
            [
              -58.9721766,
              -27.4732466
            ]
          ]
        ]
      },
      "id": "way/239304457"
    },
    {
      "type": "Feature",
      "properties": {
        "@id": "way/239350597",
        "leisure": "park"
      },
      "geometry": {
        "type": "Polygon",
        "coordinates": [
          [
            [
              -58.9836359,
              -27.4700061
            ],
            [
              -58.9832053,
              -27.469955
            ],
            [
              -58.9832578,
              -27.4696068
            ],
            [
              -58.9836884,
              -27.4696579
            ],
            [
              -58.9836359,
              -27.4700061
            ]
          ]
        ]
      },
      "id": "way/239350597"
    },
    {
      "type": "Feature",
      "properties": {
        "@id": "way/239375216",
        "leisure": "park"
      },
      "geometry": {
        "type": "Polygon",
        "coordinates": [
          [
            [
              -58.9889535,
              -27.4680015
            ],
            [
              -58.9885434,
              -27.4683487
            ],
            [
              -58.9886218,
              -27.467698
            ],
            [
              -58.9889535,
              -27.4680015
            ]
          ]
        ]
      },
      "id": "way/239375216"
    },
    {
      "type": "Feature",
      "properties": {
        "@id": "way/239672634",
        "leisure": "park"
      },
      "geometry": {
        "type": "Polygon",
        "coordinates": [
          [
            [
              -58.9802652,
              -27.4700013
            ],
            [
              -58.9801789,
              -27.4700868
            ],
            [
              -58.9800682,
              -27.4699103
            ],
            [
              -58.9802652,
              -27.4700013
            ]
          ]
        ]
      },
      "id": "way/239672634"
    },
    {
      "type": "Feature",
      "properties": {
        "@id": "way/239672636",
        "leisure": "park"
      },
      "geometry": {
        "type": "Polygon",
        "coordinates": [
          [
            [
              -58.9723128,
              -27.4754246
            ],
            [
              -58.9719566,
              -27.4757396
            ],
            [
              -58.9720255,
              -27.4752685
            ],
            [
              -58.9721461,
              -27.4753041
            ],
            [
              -58.9723128,
              -27.4754246
            ]
          ]
        ]
      },
      "id": "way/239672636"
    },
    {
      "type": "Feature",
      "properties": {
        "@id": "way/239672637",
        "leisure": "park"
      },
      "geometry": {
        "type": "Polygon",
        "coordinates": [
          [
            [
              -58.9719995,
              -27.4745894
            ],
            [
              -58.9719076,
              -27.4744697
            ],
            [
              -58.9719392,
              -27.474266
            ],
            [
              -58.9720109,
              -27.4741718
            ],
            [
              -58.9720798,
              -27.4741514
            ],
            [
              -58.9722319,
              -27.4741795
            ],
            [
              -58.9722348,
              -27.4742126
            ],
            [
              -58.9720597,
              -27.4743628
            ],
            [
              -58.9719995,
              -27.4745894
            ]
          ]
        ]
      },
      "id": "way/239672637"
    },
    {
      "type": "Feature",
      "properties": {
        "@id": "way/239746693",
        "leisure": "park"
      },
      "geometry": {
        "type": "Polygon",
        "coordinates": [
          [
            [
              -58.9837658,
              -27.4685779
            ],
            [
              -58.9834071,
              -27.4685601
            ],
            [
              -58.9834386,
              -27.4683283
            ],
            [
              -58.9837658,
              -27.4685779
            ]
          ]
        ]
      },
      "id": "way/239746693"
    },
    {
      "type": "Feature",
      "properties": {
        "@id": "way/239746694",
        "leisure": "park"
      },
      "geometry": {
        "type": "Polygon",
        "coordinates": [
          [
            [
              -58.9822676,
              -27.4698938
            ],
            [
              -58.9821383,
              -27.470002
            ],
            [
              -58.9820207,
              -27.4698914
            ],
            [
              -58.98215,
              -27.4697832
            ],
            [
              -58.9822676,
              -27.4698938
            ]
          ]
        ]
      },
      "id": "way/239746694"
    },
    {
      "type": "Feature",
      "properties": {
        "@id": "way/240062696",
        "leisure": "park"
      },
      "geometry": {
        "type": "Polygon",
        "coordinates": [
          [
            [
              -58.9845114,
              -27.4690846
            ],
            [
              -58.9844891,
              -27.4692213
            ],
            [
              -58.9843725,
              -27.4692063
            ],
            [
              -58.9843948,
              -27.4690696
            ],
            [
              -58.9845114,
              -27.4690846
            ]
          ]
        ]
      },
      "id": "way/240062696"
    },
    {
      "type": "Feature",
      "properties": {
        "@id": "way/240130861",
        "leisure": "park"
      },
      "geometry": {
        "type": "Polygon",
        "coordinates": [
          [
            [
              -58.9900902,
              -27.4703299
            ],
            [
              -58.9899435,
              -27.470453
            ],
            [
              -58.9898455,
              -27.470361
            ],
            [
              -58.9899922,
              -27.4702379
            ],
            [
              -58.9900902,
              -27.4703299
            ]
          ]
        ]
      },
      "id": "way/240130861"
    },
    {
      "type": "Feature",
      "properties": {
        "@id": "way/240130862",
        "leisure": "park"
      },
      "geometry": {
        "type": "Polygon",
        "coordinates": [
          [
            [
              -58.9893303,
              -27.4710027
            ],
            [
              -58.9892194,
              -27.4710896
            ],
            [
              -58.9891011,
              -27.4709707
            ],
            [
              -58.989212,
              -27.4708839
            ],
            [
              -58.9893303,
              -27.4710027
            ]
          ]
        ]
      },
      "id": "way/240130862"
    },
    {
      "type": "Feature",
      "properties": {
        "@id": "way/240130863",
        "leisure": "park"
      },
      "geometry": {
        "type": "Polygon",
        "coordinates": [
          [
            [
              -58.9890057,
              -27.471332
            ],
            [
              -58.9888603,
              -27.4714574
            ],
            [
              -58.9887149,
              -27.4713247
            ],
            [
              -58.9888603,
              -27.4711993
            ],
            [
              -58.9890057,
              -27.471332
            ]
          ]
        ]
      },
      "id": "way/240130863"
    },
    {
      "type": "Feature",
      "properties": {
        "@id": "way/240130864",
        "leisure": "park"
      },
      "geometry": {
        "type": "Polygon",
        "coordinates": [
          [
            [
              -58.9897222,
              -27.4706925
            ],
            [
              -58.989582,
              -27.4707935
            ],
            [
              -58.9894509,
              -27.4706503
            ],
            [
              -58.9895912,
              -27.4705493
            ],
            [
              -58.9897222,
              -27.4706925
            ]
          ]
        ]
      },
      "id": "way/240130864"
    },
    {
      "type": "Feature",
      "properties": {
        "@id": "way/240130867",
        "leisure": "park"
      },
      "geometry": {
        "type": "Polygon",
        "coordinates": [
          [
            [
              -58.9910495,
              -27.4714594
            ],
            [
              -58.9908912,
              -27.4715904
            ],
            [
              -58.9907763,
              -27.4714811
            ],
            [
              -58.9909345,
              -27.4713501
            ],
            [
              -58.9910495,
              -27.4714594
            ]
          ]
        ]
      },
      "id": "way/240130867"
    },
    {
      "type": "Feature",
      "properties": {
        "@id": "way/240130868",
        "leisure": "park"
      },
      "geometry": {
        "type": "Polygon",
        "coordinates": [
          [
            [
              -58.9883207,
              -27.4719752
            ],
            [
              -58.9881647,
              -27.4721007
            ],
            [
              -58.9880154,
              -27.4719547
            ],
            [
              -58.9881714,
              -27.4718291
            ],
            [
              -58.9883207,
              -27.4719752
            ]
          ]
        ]
      },
      "id": "way/240130868"
    },
    {
      "type": "Feature",
      "properties": {
        "@id": "way/240204535",
        "leisure": "park"
      },
      "geometry": {
        "type": "Polygon",
        "coordinates": [
          [
            [
              -58.9846223,
              -27.4712867
            ],
            [
              -58.9846028,
              -27.4714355
            ],
            [
              -58.9844076,
              -27.4714153
            ],
            [
              -58.9844271,
              -27.4712665
            ],
            [
              -58.9846223,
              -27.4712867
            ]
          ]
        ]
      },
      "id": "way/240204535"
    },
    {
      "type": "Feature",
      "properties": {
        "@id": "way/240204536",
        "leisure": "park"
      },
      "geometry": {
        "type": "Polygon",
        "coordinates": [
          [
            [
              -58.9823782,
              -27.4721929
            ],
            [
              -58.9822186,
              -27.4723291
            ],
            [
              -58.9820609,
              -27.4721836
            ],
            [
              -58.9822205,
              -27.4720474
            ],
            [
              -58.9823782,
              -27.4721929
            ]
          ]
        ]
      },
      "id": "way/240204536"
    },
    {
      "type": "Feature",
      "properties": {
        "@id": "way/240204537",
        "leisure": "park"
      },
      "geometry": {
        "type": "Polygon",
        "coordinates": [
          [
            [
              -58.9848202,
              -27.4719136
            ],
            [
              -58.9847192,
              -27.4719813
            ],
            [
              -58.9846944,
              -27.4719611
            ],
            [
              -58.9847151,
              -27.4718112
            ],
            [
              -58.9848202,
              -27.4719136
            ]
          ]
        ]
      },
      "id": "way/240204537"
    },
    {
      "type": "Feature",
      "properties": {
        "@id": "way/240204538",
        "leisure": "park"
      },
      "geometry": {
        "type": "Polygon",
        "coordinates": [
          [
            [
              -58.9826502,
              -27.4724297
            ],
            [
              -58.9824906,
              -27.4725659
            ],
            [
              -58.9823329,
              -27.4724204
            ],
            [
              -58.9824925,
              -27.4722842
            ],
            [
              -58.9826502,
              -27.4724297
            ]
          ]
        ]
      },
      "id": "way/240204538"
    },
    {
      "type": "Feature",
      "properties": {
        "@id": "way/240204539",
        "leisure": "park"
      },
      "geometry": {
        "type": "Polygon",
        "coordinates": [
          [
            [
              -58.9832885,
              -27.4730146
            ],
            [
              -58.9831289,
              -27.4731508
            ],
            [
              -58.9829712,
              -27.4730053
            ],
            [
              -58.9831308,
              -27.4728691
            ],
            [
              -58.9832885,
              -27.4730146
            ]
          ]
        ]
      },
      "id": "way/240204539"
    },
    {
      "type": "Feature",
      "properties": {
        "@id": "way/240260772",
        "leisure": "park"
      },
      "geometry": {
        "type": "Polygon",
        "coordinates": [
          [
            [
              -58.9835122,
              -27.4711604
            ],
            [
              -58.9834943,
              -27.4712932
            ],
            [
              -58.983303,
              -27.4712729
            ],
            [
              -58.9833209,
              -27.4711401
            ],
            [
              -58.9835122,
              -27.4711604
            ]
          ]
        ]
      },
      "id": "way/240260772"
    },
    {
      "type": "Feature",
      "properties": {
        "@id": "way/240260773",
        "leisure": "park"
      },
      "geometry": {
        "type": "Polygon",
        "coordinates": [
          [
            [
              -58.9856476,
              -27.4702973
            ],
            [
              -58.9856342,
              -27.4704133
            ],
            [
              -58.9854304,
              -27.4703947
            ],
            [
              -58.9854438,
              -27.4702788
            ],
            [
              -58.9856476,
              -27.4702973
            ]
          ]
        ]
      },
      "id": "way/240260773"
    },
    {
      "type": "Feature",
      "properties": {
        "@id": "way/240260774",
        "leisure": "park"
      },
      "geometry": {
        "type": "Polygon",
        "coordinates": [
          [
            [
              -58.9816834,
              -27.4715763
            ],
            [
              -58.9815342,
              -27.4716995
            ],
            [
              -58.9813661,
              -27.4715392
            ],
            [
              -58.9815154,
              -27.471416
            ],
            [
              -58.9816834,
              -27.4715763
            ]
          ]
        ]
      },
      "id": "way/240260774"
    },
    {
      "type": "Feature",
      "properties": {
        "@id": "way/241336126",
        "leisure": "park"
      },
      "geometry": {
        "type": "Polygon",
        "coordinates": [
          [
            [
              -59.0191387,
              -27.4548694
            ],
            [
              -59.0193397,
              -27.4551179
            ],
            [
              -59.0191942,
              -27.4553557
            ],
            [
              -59.0191043,
              -27.4553547
            ],
            [
              -59.0190907,
              -27.4549244
            ],
            [
              -59.0186741,
              -27.4549313
            ],
            [
              -59.0186834,
              -27.4545607
            ],
            [
              -59.0185503,
              -27.4544463
            ],
            [
              -59.0178888,
              -27.4544273
            ],
            [
              -59.0179532,
              -27.4543167
            ],
            [
              -59.0182238,
              -27.454069
            ],
            [
              -59.0191387,
              -27.4548694
            ]
          ]
        ]
      },
      "id": "way/241336126"
    },
    {
      "type": "Feature",
      "properties": {
        "@id": "way/241336136",
        "leisure": "park"
      },
      "geometry": {
        "type": "Polygon",
        "coordinates": [
          [
            [
              -59.0196826,
              -27.4551513
            ],
            [
              -59.0196503,
              -27.4551792
            ],
            [
              -59.0183121,
              -27.4539682
            ],
            [
              -59.0183444,
              -27.4539402
            ],
            [
              -59.0196826,
              -27.4551513
            ]
          ]
        ]
      },
      "id": "way/241336136"
    },
    {
      "type": "Feature",
      "properties": {
        "@id": "way/241336138",
        "leisure": "park"
      },
      "geometry": {
        "type": "Polygon",
        "coordinates": [
          [
            [
              -59.0222975,
              -27.4574826
            ],
            [
              -59.0222632,
              -27.4575233
            ],
            [
              -59.0217494,
              -27.4570709
            ],
            [
              -59.0217935,
              -27.4570344
            ],
            [
              -59.0222975,
              -27.4574826
            ]
          ]
        ]
      },
      "id": "way/241336138"
    },
    {
      "type": "Feature",
      "properties": {
        "@id": "way/241336143",
        "leisure": "park"
      },
      "geometry": {
        "type": "Polygon",
        "coordinates": [
          [
            [
              -59.0216688,
              -27.4569588
            ],
            [
              -59.0216365,
              -27.4569868
            ],
            [
              -59.0210757,
              -27.4564764
            ],
            [
              -59.021108,
              -27.4564485
            ],
            [
              -59.0216688,
              -27.4569588
            ]
          ]
        ]
      },
      "id": "way/241336143"
    },
    {
      "type": "Feature",
      "properties": {
        "@id": "way/241336144",
        "leisure": "park"
      },
      "geometry": {
        "type": "Polygon",
        "coordinates": [
          [
            [
              -59.0210149,
              -27.4563451
            ],
            [
              -59.0209826,
              -27.4563731
            ],
            [
              -59.0198244,
              -27.4553418
            ],
            [
              -59.0198711,
              -27.4553039
            ],
            [
              -59.0210149,
              -27.4563451
            ]
          ]
        ]
      },
      "id": "way/241336144"
    },
    {
      "type": "Feature",
      "properties": {
        "@id": "way/241378223",
        "leisure": "park"
      },
      "geometry": {
        "type": "Polygon",
        "coordinates": [
          [
            [
              -59.0169297,
              -27.4496367
            ],
            [
              -59.0168986,
              -27.449609
            ],
            [
              -59.0171892,
              -27.4493527
            ],
            [
              -59.0172203,
              -27.4493805
            ],
            [
              -59.0169297,
              -27.4496367
            ]
          ]
        ]
      },
      "id": "way/241378223"
    },
    {
      "type": "Feature",
      "properties": {
        "@id": "way/241378224",
        "leisure": "park"
      },
      "geometry": {
        "type": "Polygon",
        "coordinates": [
          [
            [
              -59.017731,
              -27.4489323
            ],
            [
              -59.0176998,
              -27.4489046
            ],
            [
              -59.0187891,
              -27.4479415
            ],
            [
              -59.0188203,
              -27.4479692
            ],
            [
              -59.017731,
              -27.4489323
            ]
          ]
        ]
      },
      "id": "way/241378224"
    },
    {
      "type": "Feature",
      "properties": {
        "@id": "way/241378225",
        "leisure": "park"
      },
      "geometry": {
        "type": "Polygon",
        "coordinates": [
          [
            [
              -59.016109,
              -27.4503588
            ],
            [
              -59.0160779,
              -27.4503311
            ],
            [
              -59.0163685,
              -27.4500748
            ],
            [
              -59.0163996,
              -27.4501026
            ],
            [
              -59.016109,
              -27.4503588
            ]
          ]
        ]
      },
      "id": "way/241378225"
    },
    {
      "type": "Feature",
      "properties": {
        "@id": "way/241378226",
        "leisure": "park"
      },
      "geometry": {
        "type": "Polygon",
        "coordinates": [
          [
            [
              -59.0164872,
              -27.4500312
            ],
            [
              -59.0164561,
              -27.4500035
            ],
            [
              -59.0167467,
              -27.4497472
            ],
            [
              -59.0167778,
              -27.449775
            ],
            [
              -59.0164872,
              -27.4500312
            ]
          ]
        ]
      },
      "id": "way/241378226"
    },
    {
      "type": "Feature",
      "properties": {
        "@id": "way/241378227",
        "leisure": "park"
      },
      "geometry": {
        "type": "Polygon",
        "coordinates": [
          [
            [
              -59.0208317,
              -27.4461779
            ],
            [
              -59.0208007,
              -27.4461502
            ],
            [
              -59.0217426,
              -27.4452989
            ],
            [
              -59.0217737,
              -27.4453267
            ],
            [
              -59.0208317,
              -27.4461779
            ]
          ]
        ]
      },
      "id": "way/241378227"
    },
    {
      "type": "Feature",
      "properties": {
        "@id": "way/241378228",
        "leisure": "park"
      },
      "geometry": {
        "type": "Polygon",
        "coordinates": [
          [
            [
              -59.0199288,
              -27.4469693
            ],
            [
              -59.0198977,
              -27.4469417
            ],
            [
              -59.0206832,
              -27.4462446
            ],
            [
              -59.0207144,
              -27.4462722
            ],
            [
              -59.0199288,
              -27.4469693
            ]
          ]
        ]
      },
      "id": "way/241378228"
    },
    {
      "type": "Feature",
      "properties": {
        "@id": "way/241378229",
        "leisure": "park"
      },
      "geometry": {
        "type": "Polygon",
        "coordinates": [
          [
            [
              -59.017317,
              -27.4492971
            ],
            [
              -59.017286,
              -27.4492694
            ],
            [
              -59.0175766,
              -27.4490132
            ],
            [
              -59.0176076,
              -27.4490409
            ],
            [
              -59.017317,
              -27.4492971
            ]
          ]
        ]
      },
      "id": "way/241378229"
    },
    {
      "type": "Feature",
      "properties": {
        "@id": "way/241378230",
        "leisure": "park"
      },
      "geometry": {
        "type": "Polygon",
        "coordinates": [
          [
            [
              -59.0189047,
              -27.4478723
            ],
            [
              -59.0188738,
              -27.4478444
            ],
            [
              -59.0197578,
              -27.4470669
            ],
            [
              -59.019783,
              -27.4470931
            ],
            [
              -59.0189047,
              -27.4478723
            ]
          ]
        ]
      },
      "id": "way/241378230"
    },
    {
      "type": "Feature",
      "properties": {
        "@id": "way/241380790",
        "leisure": "park"
      },
      "geometry": {
        "type": "Polygon",
        "coordinates": [
          [
            [
              -59.0216259,
              -27.4566621
            ],
            [
              -59.0213231,
              -27.4564065
            ],
            [
              -59.0216288,
              -27.4561196
            ],
            [
              -59.0216259,
              -27.4566621
            ]
          ]
        ]
      },
      "id": "way/241380790"
    },
    {
      "type": "Feature",
      "properties": {
        "@id": "way/241380792",
        "leisure": "park"
      },
      "geometry": {
        "type": "Polygon",
        "coordinates": [
          [
            [
              -59.0220066,
              -27.456447
            ],
            [
              -59.0220154,
              -27.4567756
            ],
            [
              -59.0219537,
              -27.4567756
            ],
            [
              -59.0218802,
              -27.45682
            ],
            [
              -59.021789,
              -27.4567235
            ],
            [
              -59.0217743,
              -27.4564287
            ],
            [
              -59.0220066,
              -27.456447
            ]
          ]
        ]
      },
      "id": "way/241380792"
    },
    {
      "type": "Feature",
      "properties": {
        "@id": "way/241380794",
        "leisure": "park"
      },
      "geometry": {
        "type": "Polygon",
        "coordinates": [
          [
            [
              -59.0226259,
              -27.4565545
            ],
            [
              -59.0225122,
              -27.4567287
            ],
            [
              -59.0220747,
              -27.4567211
            ],
            [
              -59.0220918,
              -27.4564626
            ],
            [
              -59.0221927,
              -27.4564152
            ],
            [
              -59.022186,
              -27.4565461
            ],
            [
              -59.0226259,
              -27.4565545
            ]
          ]
        ]
      },
      "id": "way/241380794"
    },
    {
      "type": "Feature",
      "properties": {
        "@id": "way/241638523",
        "leisure": "park"
      },
      "geometry": {
        "type": "Polygon",
        "coordinates": [
          [
            [
              -59.010189,
              -27.4675737
            ],
            [
              -59.0098878,
              -27.4673175
            ],
            [
              -59.0102557,
              -27.466977
            ],
            [
              -59.0103997,
              -27.4670994
            ],
            [
              -59.0104624,
              -27.4670414
            ],
            [
              -59.0105302,
              -27.467099
            ],
            [
              -59.0108281,
              -27.4668233
            ],
            [
              -59.0109815,
              -27.4669539
            ],
            [
              -59.0107275,
              -27.467189
            ],
            [
              -59.010797,
              -27.4672481
            ],
            [
              -59.0106314,
              -27.4674013
            ],
            [
              -59.0104979,
              -27.4672878
            ],
            [
              -59.010189,
              -27.4675737
            ]
          ]
        ]
      },
      "id": "way/241638523"
    },
    {
      "type": "Feature",
      "properties": {
        "@id": "way/241638553",
        "leisure": "park"
      },
      "geometry": {
        "type": "Polygon",
        "coordinates": [
          [
            [
              -59.0101705,
              -27.4677813
            ],
            [
              -59.0100563,
              -27.4678851
            ],
            [
              -59.0099927,
              -27.46783
            ],
            [
              -59.0097781,
              -27.468025
            ],
            [
              -59.0096441,
              -27.4679089
            ],
            [
              -59.0098551,
              -27.4677172
            ],
            [
              -59.0097667,
              -27.4676406
            ],
            [
              -59.0098845,
              -27.4675335
            ],
            [
              -59.0101705,
              -27.4677813
            ]
          ]
        ]
      },
      "id": "way/241638553"
    },
    {
      "type": "Feature",
      "properties": {
        "@id": "way/241640037",
        "leisure": "park"
      },
      "geometry": {
        "type": "Polygon",
        "coordinates": [
          [
            [
              -59.0177898,
              -27.4417368
            ],
            [
              -59.0176156,
              -27.4417315
            ],
            [
              -59.0176126,
              -27.4415743
            ],
            [
              -59.0177898,
              -27.4417368
            ]
          ]
        ]
      },
      "id": "way/241640037"
    },
    {
      "type": "Feature",
      "properties": {
        "@id": "way/241640038",
        "leisure": "park"
      },
      "geometry": {
        "type": "Polygon",
        "coordinates": [
          [
            [
              -59.0180585,
              -27.4419622
            ],
            [
              -59.0178843,
              -27.4419569
            ],
            [
              -59.0178813,
              -27.4417997
            ],
            [
              -59.0180585,
              -27.4419622
            ]
          ]
        ]
      },
      "id": "way/241640038"
    },
    {
      "type": "Feature",
      "properties": {
        "@id": "way/241870196",
        "leisure": "park"
      },
      "geometry": {
        "type": "Polygon",
        "coordinates": [
          [
            [
              -59.0130672,
              -27.4633908
            ],
            [
              -59.012796,
              -27.4636416
            ],
            [
              -59.012484,
              -27.4633759
            ],
            [
              -59.0127552,
              -27.4631251
            ],
            [
              -59.0130672,
              -27.4633908
            ]
          ]
        ]
      },
      "id": "way/241870196"
    },
    {
      "type": "Feature",
      "properties": {
        "@id": "way/242294400",
        "leisure": "park"
      },
      "geometry": {
        "type": "Polygon",
        "coordinates": [
          [
            [
              -59.0154802,
              -27.4254699
            ],
            [
              -59.0154491,
              -27.4254428
            ],
            [
              -59.0162133,
              -27.4247537
            ],
            [
              -59.0162443,
              -27.4247808
            ],
            [
              -59.0154802,
              -27.4254699
            ]
          ]
        ]
      },
      "id": "way/242294400"
    },
    {
      "type": "Feature",
      "properties": {
        "@id": "way/242294401",
        "leisure": "park"
      },
      "geometry": {
        "type": "Polygon",
        "coordinates": [
          [
            [
              -59.0144869,
              -27.4263519
            ],
            [
              -59.0144559,
              -27.4263247
            ],
            [
              -59.0153371,
              -27.4255341
            ],
            [
              -59.0153681,
              -27.4255613
            ],
            [
              -59.0144869,
              -27.4263519
            ]
          ]
        ]
      },
      "id": "way/242294401"
    },
    {
      "type": "Feature",
      "properties": {
        "@id": "way/242294402",
        "leisure": "park"
      },
      "geometry": {
        "type": "Polygon",
        "coordinates": [
          [
            [
              -59.0109241,
              -27.429488
            ],
            [
              -59.0109169,
              -27.4294922
            ],
            [
              -59.0109065,
              -27.4294906
            ],
            [
              -59.0109035,
              -27.4294828
            ],
            [
              -59.0109072,
              -27.4294758
            ],
            [
              -59.0125376,
              -27.4280204
            ],
            [
              -59.0125503,
              -27.4280171
            ],
            [
              -59.0125638,
              -27.4280232
            ],
            [
              -59.0125689,
              -27.4280331
            ],
            [
              -59.0125632,
              -27.4280451
            ],
            [
              -59.0109241,
              -27.429488
            ]
          ]
        ]
      },
      "id": "way/242294402"
    },
    {
      "type": "Feature",
      "properties": {
        "@id": "way/242294403",
        "leisure": "park"
      },
      "geometry": {
        "type": "Polygon",
        "coordinates": [
          [
            [
              -59.012752,
              -27.4278943
            ],
            [
              -59.0127209,
              -27.4278672
            ],
            [
              -59.013485,
              -27.427178
            ],
            [
              -59.013516,
              -27.4272052
            ],
            [
              -59.012752,
              -27.4278943
            ]
          ]
        ]
      },
      "id": "way/242294403"
    },
    {
      "type": "Feature",
      "properties": {
        "@id": "way/242294404",
        "leisure": "park"
      },
      "geometry": {
        "type": "Polygon",
        "coordinates": [
          [
            [
              -59.0137234,
              -27.4270294
            ],
            [
              -59.0136915,
              -27.4270011
            ],
            [
              -59.0143303,
              -27.4264247
            ],
            [
              -59.01436,
              -27.4264512
            ],
            [
              -59.0137234,
              -27.4270294
            ]
          ]
        ]
      },
      "id": "way/242294404"
    },
    {
      "type": "Feature",
      "properties": {
        "@id": "way/242365165",
        "leisure": "park"
      },
      "geometry": {
        "type": "Polygon",
        "coordinates": [
          [
            [
              -58.9618818,
              -27.4289858
            ],
            [
              -58.9618013,
              -27.429049
            ],
            [
              -58.9611232,
              -27.4284233
            ],
            [
              -58.960863,
              -27.428135
            ],
            [
              -58.9604258,
              -27.4275591
            ],
            [
              -58.9601692,
              -27.427103
            ],
            [
              -58.9599331,
              -27.4264419
            ],
            [
              -58.9594344,
              -27.4250219
            ],
            [
              -58.959184,
              -27.4245213
            ],
            [
              -58.9587706,
              -27.4239542
            ],
            [
              -58.9583924,
              -27.4235377
            ],
            [
              -58.9585256,
              -27.4234138
            ],
            [
              -58.9585862,
              -27.4234218
            ],
            [
              -58.9588728,
              -27.4237189
            ],
            [
              -58.9591237,
              -27.4240289
            ],
            [
              -58.9593771,
              -27.4243975
            ],
            [
              -58.9595733,
              -27.4247839
            ],
            [
              -58.9598062,
              -27.4253617
            ],
            [
              -58.960005,
              -27.4259986
            ],
            [
              -58.9602689,
              -27.4267365
            ],
            [
              -58.9605134,
              -27.4273206
            ],
            [
              -58.9607075,
              -27.4276615
            ],
            [
              -58.9610543,
              -27.428163
            ],
            [
              -58.9613888,
              -27.4285114
            ],
            [
              -58.9618818,
              -27.4289858
            ]
          ]
        ]
      },
      "id": "way/242365165"
    },
    {
      "type": "Feature",
      "properties": {
        "@id": "way/242365167",
        "leisure": "park"
      },
      "geometry": {
        "type": "Polygon",
        "coordinates": [
          [
            [
              -58.9650679,
              -27.4318406
            ],
            [
              -58.9650148,
              -27.4318869
            ],
            [
              -58.9625659,
              -27.4296719
            ],
            [
              -58.9626191,
              -27.4296256
            ],
            [
              -58.9650679,
              -27.4318406
            ]
          ]
        ]
      },
      "id": "way/242365167"
    },
    {
      "type": "Feature",
      "properties": {
        "@id": "way/242365173",
        "leisure": "park"
      },
      "geometry": {
        "type": "Polygon",
        "coordinates": [
          [
            [
              -58.9584116,
              -27.4232671
            ],
            [
              -58.9584104,
              -27.4232942
            ],
            [
              -58.9582737,
              -27.4234004
            ],
            [
              -58.9582257,
              -27.4233986
            ],
            [
              -58.957731,
              -27.4229437
            ],
            [
              -58.9577188,
              -27.4228629
            ],
            [
              -58.9577785,
              -27.4228017
            ],
            [
              -58.9579048,
              -27.422802
            ],
            [
              -58.9584116,
              -27.4232671
            ]
          ]
        ]
      },
      "id": "way/242365173"
    },
    {
      "type": "Feature",
      "properties": {
        "@id": "way/242392242",
        "leisure": "park"
      },
      "geometry": {
        "type": "Polygon",
        "coordinates": [
          [
            [
              -59.0173329,
              -27.4618518
            ],
            [
              -59.0170914,
              -27.4620528
            ],
            [
              -59.0168204,
              -27.4617964
            ],
            [
              -59.017062,
              -27.4615954
            ],
            [
              -59.0173329,
              -27.4618518
            ]
          ]
        ]
      },
      "id": "way/242392242"
    },
    {
      "type": "Feature",
      "properties": {
        "@id": "way/243006528",
        "leisure": "park"
      },
      "geometry": {
        "type": "Polygon",
        "coordinates": [
          [
            [
              -59.0149558,
              -27.4751397
            ],
            [
              -59.0141979,
              -27.4757996
            ],
            [
              -59.0134947,
              -27.475164
            ],
            [
              -59.0142527,
              -27.474504
            ],
            [
              -59.0149558,
              -27.4751397
            ]
          ]
        ]
      },
      "id": "way/243006528"
    },
    {
      "type": "Feature",
      "properties": {
        "@id": "way/243008563",
        "leisure": "park",
        "name": "Ñu Porá"
      },
      "geometry": {
        "type": "Polygon",
        "coordinates": [
          [
            [
              -59.00422,
              -27.4254217
            ],
            [
              -59.0038614,
              -27.4251579
            ],
            [
              -59.003656,
              -27.4245561
            ],
            [
              -59.0044643,
              -27.4228717
            ],
            [
              -59.0047046,
              -27.4223507
            ],
            [
              -59.0059689,
              -27.4212405
            ],
            [
              -59.0062664,
              -27.4230888
            ],
            [
              -59.0070334,
              -27.4250334
            ],
            [
              -59.0069354,
              -27.4254379
            ],
            [
              -59.0065289,
              -27.4256989
            ],
            [
              -59.00422,
              -27.4254217
            ]
          ]
        ]
      },
      "id": "way/243008563"
    },
    {
      "type": "Feature",
      "properties": {
        "@id": "way/243238554",
        "leisure": "park"
      },
      "geometry": {
        "type": "Polygon",
        "coordinates": [
          [
            [
              -58.9638513,
              -27.4300279
            ],
            [
              -58.9638349,
              -27.4300409
            ],
            [
              -58.9638253,
              -27.430043
            ],
            [
              -58.9638024,
              -27.4300369
            ],
            [
              -58.9637922,
              -27.430025
            ],
            [
              -58.9637901,
              -27.43001
            ],
            [
              -58.9638009,
              -27.4299921
            ],
            [
              -58.9638196,
              -27.429985
            ],
            [
              -58.9638422,
              -27.4299906
            ],
            [
              -58.9638533,
              -27.4300038
            ],
            [
              -58.9638513,
              -27.4300279
            ]
          ]
        ]
      },
      "id": "way/243238554"
    },
    {
      "type": "Feature",
      "properties": {
        "@id": "way/243238557",
        "leisure": "park"
      },
      "geometry": {
        "type": "Polygon",
        "coordinates": [
          [
            [
              -58.9652738,
              -27.4317906
            ],
            [
              -58.9652522,
              -27.4317715
            ],
            [
              -58.9653933,
              -27.431641
            ],
            [
              -58.965411,
              -27.4315732
            ],
            [
              -58.965407,
              -27.4315071
            ],
            [
              -58.9653835,
              -27.4314706
            ],
            [
              -58.964627,
              -27.4308026
            ],
            [
              -58.9646212,
              -27.4307817
            ],
            [
              -58.9646505,
              -27.4307696
            ],
            [
              -58.9654129,
              -27.4314514
            ],
            [
              -58.9654443,
              -27.4315088
            ],
            [
              -58.9654443,
              -27.4315819
            ],
            [
              -58.9654286,
              -27.431641
            ],
            [
              -58.9654012,
              -27.4316793
            ],
            [
              -58.9652738,
              -27.4317906
            ]
          ]
        ]
      },
      "id": "way/243238557"
    },
    {
      "type": "Feature",
      "properties": {
        "@id": "way/243238565",
        "leisure": "park"
      },
      "geometry": {
        "type": "Polygon",
        "coordinates": [
          [
            [
              -58.9645799,
              -27.4307
            ],
            [
              -58.9645505,
              -27.4307261
            ],
            [
              -58.963889,
              -27.4301276
            ],
            [
              -58.9639361,
              -27.4300842
            ],
            [
              -58.9645799,
              -27.4307
            ]
          ]
        ]
      },
      "id": "way/243238565"
    },
    {
      "type": "Feature",
      "properties": {
        "@id": "way/243238566",
        "leisure": "park"
      },
      "geometry": {
        "type": "Polygon",
        "coordinates": [
          [
            [
              -58.963948,
              -27.4299604
            ],
            [
              -58.9639051,
              -27.4299223
            ],
            [
              -58.9645689,
              -27.4293354
            ],
            [
              -58.964609,
              -27.4293736
            ],
            [
              -58.963948,
              -27.4299604
            ]
          ]
        ]
      },
      "id": "way/243238566"
    },
    {
      "type": "Feature",
      "properties": {
        "@id": "way/243238568",
        "leisure": "park"
      },
      "geometry": {
        "type": "Polygon",
        "coordinates": [
          [
            [
              -58.9648208,
              -27.4291919
            ],
            [
              -58.9647743,
              -27.4291493
            ],
            [
              -58.9652425,
              -27.4287026
            ],
            [
              -58.965289,
              -27.4287451
            ],
            [
              -58.9648208,
              -27.4291919
            ]
          ]
        ]
      },
      "id": "way/243238568"
    },
    {
      "type": "Feature",
      "properties": {
        "@id": "way/243238576",
        "leisure": "park"
      },
      "geometry": {
        "type": "Polygon",
        "coordinates": [
          [
            [
              -58.9674824,
              -27.4290492
            ],
            [
              -58.9674548,
              -27.4290329
            ],
            [
              -58.9674476,
              -27.429021
            ],
            [
              -58.9674458,
              -27.4289973
            ],
            [
              -58.9674761,
              -27.4289651
            ],
            [
              -58.9675129,
              -27.428965
            ],
            [
              -58.9675334,
              -27.4289782
            ],
            [
              -58.9675442,
              -27.4290117
            ],
            [
              -58.9675294,
              -27.4290381
            ],
            [
              -58.9674824,
              -27.4290492
            ]
          ]
        ]
      },
      "id": "way/243238576"
    },
    {
      "type": "Feature",
      "properties": {
        "@id": "way/243238577",
        "leisure": "park"
      },
      "geometry": {
        "type": "Polygon",
        "coordinates": [
          [
            [
              -58.9657671,
              -27.4298668
            ],
            [
              -58.9657429,
              -27.4298524
            ],
            [
              -58.9657359,
              -27.4298364
            ],
            [
              -58.9657415,
              -27.4298127
            ],
            [
              -58.9657692,
              -27.429796
            ],
            [
              -58.9657928,
              -27.4297986
            ],
            [
              -58.9658132,
              -27.4298166
            ],
            [
              -58.9658139,
              -27.4298451
            ],
            [
              -58.9658011,
              -27.4298602
            ],
            [
              -58.9657671,
              -27.4298668
            ]
          ]
        ]
      },
      "id": "way/243238577"
    },
    {
      "type": "Feature",
      "properties": {
        "@id": "way/243864254",
        "leisure": "park"
      },
      "geometry": {
        "type": "Polygon",
        "coordinates": [
          [
            [
              -59.0138182,
              -27.4424423
            ],
            [
              -59.0138155,
              -27.4427993
            ],
            [
              -59.0135964,
              -27.4426251
            ],
            [
              -59.0138182,
              -27.4424423
            ]
          ]
        ]
      },
      "id": "way/243864254"
    },
    {
      "type": "Feature",
      "properties": {
        "@id": "way/243865139",
        "leisure": "park"
      },
      "geometry": {
        "type": "Polygon",
        "coordinates": [
          [
            [
              -59.0152238,
              -27.4402587
            ],
            [
              -59.0151513,
              -27.4403444
            ],
            [
              -59.0149984,
              -27.4402158
            ],
            [
              -59.0152238,
              -27.4402587
            ]
          ]
        ]
      },
      "id": "way/243865139"
    },
    {
      "type": "Feature",
      "properties": {
        "@id": "way/243866765",
        "leisure": "park"
      },
      "geometry": {
        "type": "Polygon",
        "coordinates": [
          [
            [
              -58.9578953,
              -27.4671271
            ],
            [
              -58.9545816,
              -27.4700331
            ],
            [
              -58.9544979,
              -27.4699506
            ],
            [
              -58.9576124,
              -27.4672322
            ],
            [
              -58.9577901,
              -27.4671417
            ],
            [
              -58.9578953,
              -27.4671271
            ]
          ]
        ]
      },
      "id": "way/243866765"
    },
    {
      "type": "Feature",
      "properties": {
        "@id": "way/244909179",
        "leisure": "park",
        "name": "Plazoleta Las Abuelas"
      },
      "geometry": {
        "type": "Polygon",
        "coordinates": [
          [
            [
              -58.9900139,
              -27.4800704
            ],
            [
              -58.9909444,
              -27.4809081
            ],
            [
              -58.990389,
              -27.4808596
            ],
            [
              -58.9904215,
              -27.4805227
            ],
            [
              -58.9899084,
              -27.48048
            ],
            [
              -58.9900139,
              -27.4800704
            ]
          ]
        ]
      },
      "id": "way/244909179"
    },
    {
      "type": "Feature",
      "properties": {
        "@id": "way/244909180",
        "leisure": "park"
      },
      "geometry": {
        "type": "Polygon",
        "coordinates": [
          [
            [
              -58.9897207,
              -27.4803991
            ],
            [
              -58.9891816,
              -27.4803253
            ],
            [
              -58.9897326,
              -27.4798833
            ],
            [
              -58.9898068,
              -27.4799148
            ],
            [
              -58.9897207,
              -27.4803991
            ]
          ]
        ]
      },
      "id": "way/244909180"
    },
    {
      "type": "Feature",
      "properties": {
        "@id": "way/244910351",
        "leisure": "park"
      },
      "geometry": {
        "type": "Polygon",
        "coordinates": [
          [
            [
              -59.0053434,
              -27.4806559
            ],
            [
              -59.0049628,
              -27.4803182
            ],
            [
              -59.0056111,
              -27.4797431
            ],
            [
              -59.0059916,
              -27.4800807
            ],
            [
              -59.0053434,
              -27.4806559
            ]
          ]
        ]
      },
      "id": "way/244910351"
    },
    {
      "type": "Feature",
      "properties": {
        "@id": "way/247213123",
        "leisure": "park"
      },
      "geometry": {
        "type": "Polygon",
        "coordinates": [
          [
            [
              -59.0136732,
              -27.4555656
            ],
            [
              -59.0135829,
              -27.4554836
            ],
            [
              -59.0137267,
              -27.4553588
            ],
            [
              -59.0138171,
              -27.4554408
            ],
            [
              -59.0136732,
              -27.4555656
            ]
          ]
        ]
      },
      "id": "way/247213123"
    },
    {
      "type": "Feature",
      "properties": {
        "@id": "way/247213127",
        "leisure": "park"
      },
      "geometry": {
        "type": "Polygon",
        "coordinates": [
          [
            [
              -59.0141347,
              -27.4555766
            ],
            [
              -59.01408,
              -27.4556223
            ],
            [
              -59.0140313,
              -27.4555765
            ],
            [
              -59.014086,
              -27.4555308
            ],
            [
              -59.0141347,
              -27.4555766
            ]
          ]
        ]
      },
      "id": "way/247213127"
    },
    {
      "type": "Feature",
      "properties": {
        "@id": "way/247213133",
        "leisure": "park"
      },
      "geometry": {
        "type": "Polygon",
        "coordinates": [
          [
            [
              -59.0145493,
              -27.4560954
            ],
            [
              -59.0144025,
              -27.4562241
            ],
            [
              -59.0141797,
              -27.456024
            ],
            [
              -59.0143266,
              -27.4558953
            ],
            [
              -59.0145493,
              -27.4560954
            ]
          ]
        ]
      },
      "id": "way/247213133"
    },
    {
      "type": "Feature",
      "properties": {
        "@id": "way/247213134",
        "leisure": "park"
      },
      "geometry": {
        "type": "Polygon",
        "coordinates": [
          [
            [
              -59.0143795,
              -27.4556836
            ],
            [
              -59.0145071,
              -27.4555687
            ],
            [
              -59.014565,
              -27.4556193
            ],
            [
              -59.0144374,
              -27.4557342
            ],
            [
              -59.0143795,
              -27.4556836
            ]
          ]
        ]
      },
      "id": "way/247213134"
    },
    {
      "type": "Feature",
      "properties": {
        "@id": "way/247218404",
        "leisure": "park"
      },
      "geometry": {
        "type": "Polygon",
        "coordinates": [
          [
            [
              -59.0149122,
              -27.4563637
            ],
            [
              -59.0148701,
              -27.4563277
            ],
            [
              -59.0149123,
              -27.456289
            ],
            [
              -59.0149543,
              -27.456325
            ],
            [
              -59.0149122,
              -27.4563637
            ]
          ]
        ]
      },
      "id": "way/247218404"
    },
    {
      "type": "Feature",
      "properties": {
        "@id": "way/247219448",
        "leisure": "park"
      },
      "geometry": {
        "type": "Polygon",
        "coordinates": [
          [
            [
              -59.0136007,
              -27.4575583
            ],
            [
              -59.0135378,
              -27.4574994
            ],
            [
              -59.0136743,
              -27.4573847
            ],
            [
              -59.0137372,
              -27.4574436
            ],
            [
              -59.0136007,
              -27.4575583
            ]
          ]
        ]
      },
      "id": "way/247219448"
    },
    {
      "type": "Feature",
      "properties": {
        "@id": "way/247219452",
        "leisure": "park"
      },
      "geometry": {
        "type": "Polygon",
        "coordinates": [
          [
            [
              -59.0132207,
              -27.4572793
            ],
            [
              -59.0130998,
              -27.4573878
            ],
            [
              -59.0128901,
              -27.4572038
            ],
            [
              -59.0130111,
              -27.4570953
            ],
            [
              -59.0132207,
              -27.4572793
            ]
          ]
        ]
      },
      "id": "way/247219452"
    },
    {
      "type": "Feature",
      "properties": {
        "@id": "way/247225562",
        "leisure": "park"
      },
      "geometry": {
        "type": "Polygon",
        "coordinates": [
          [
            [
              -59.0131836,
              -27.455277
            ],
            [
              -59.0130847,
              -27.4553521
            ],
            [
              -59.0130197,
              -27.4553016
            ],
            [
              -59.0131292,
              -27.4552197
            ],
            [
              -59.0131836,
              -27.455277
            ]
          ]
        ]
      },
      "id": "way/247225562"
    },
    {
      "type": "Feature",
      "properties": {
        "@id": "way/248656842",
        "leisure": "park"
      },
      "geometry": {
        "type": "Polygon",
        "coordinates": [
          [
            [
              -59.010214,
              -27.4592674
            ],
            [
              -59.0100718,
              -27.4593939
            ],
            [
              -59.0098954,
              -27.4592349
            ],
            [
              -59.0100344,
              -27.4591185
            ],
            [
              -59.010214,
              -27.4592674
            ]
          ]
        ]
      },
      "id": "way/248656842"
    },
    {
      "type": "Feature",
      "properties": {
        "@id": "way/248656845",
        "leisure": "park"
      },
      "geometry": {
        "type": "Polygon",
        "coordinates": [
          [
            [
              -59.011574,
              -27.4588248
            ],
            [
              -59.0114014,
              -27.4589878
            ],
            [
              -59.0111562,
              -27.4587747
            ],
            [
              -59.0113342,
              -27.4586154
            ],
            [
              -59.011574,
              -27.4588248
            ]
          ]
        ]
      },
      "id": "way/248656845"
    },
    {
      "type": "Feature",
      "properties": {
        "@id": "way/248658143",
        "leisure": "park"
      },
      "geometry": {
        "type": "Polygon",
        "coordinates": [
          [
            [
              -59.0127579,
              -27.4599409
            ],
            [
              -59.0126793,
              -27.4600154
            ],
            [
              -59.0126243,
              -27.4599696
            ],
            [
              -59.0124397,
              -27.4601446
            ],
            [
              -59.0123089,
              -27.4600359
            ],
            [
              -59.0125721,
              -27.4597865
            ],
            [
              -59.0127579,
              -27.4599409
            ]
          ]
        ]
      },
      "id": "way/248658143"
    },
    {
      "type": "Feature",
      "properties": {
        "@id": "way/248659625",
        "leisure": "park"
      },
      "geometry": {
        "type": "Polygon",
        "coordinates": [
          [
            [
              -59.0107633,
              -27.4591164
            ],
            [
              -59.0105577,
              -27.4593056
            ],
            [
              -59.0104948,
              -27.4592517
            ],
            [
              -59.0104318,
              -27.4593096
            ],
            [
              -59.0103402,
              -27.4592312
            ],
            [
              -59.0106088,
              -27.4589841
            ],
            [
              -59.0107633,
              -27.4591164
            ]
          ]
        ]
      },
      "id": "way/248659625"
    },
    {
      "type": "Feature",
      "properties": {
        "@id": "way/248659631",
        "leisure": "park"
      },
      "geometry": {
        "type": "Polygon",
        "coordinates": [
          [
            [
              -59.0116782,
              -27.4583249
            ],
            [
              -59.0114832,
              -27.4584923
            ],
            [
              -59.0112627,
              -27.4582902
            ],
            [
              -59.0112117,
              -27.4583339
            ],
            [
              -59.011112,
              -27.4582425
            ],
            [
              -59.0112974,
              -27.4580832
            ],
            [
              -59.0112403,
              -27.4580309
            ],
            [
              -59.0113009,
              -27.4579789
            ],
            [
              -59.0116782,
              -27.4583249
            ]
          ]
        ]
      },
      "id": "way/248659631"
    },
    {
      "type": "Feature",
      "properties": {
        "@id": "way/248661084",
        "leisure": "park"
      },
      "geometry": {
        "type": "Polygon",
        "coordinates": [
          [
            [
              -59.0123428,
              -27.4583546
            ],
            [
              -59.0121323,
              -27.4585431
            ],
            [
              -59.0119486,
              -27.4583815
            ],
            [
              -59.0121591,
              -27.458193
            ],
            [
              -59.0123428,
              -27.4583546
            ]
          ]
        ]
      },
      "id": "way/248661084"
    },
    {
      "type": "Feature",
      "properties": {
        "@id": "way/248661088",
        "leisure": "park"
      },
      "geometry": {
        "type": "Polygon",
        "coordinates": [
          [
            [
              -59.0128817,
              -27.4578356
            ],
            [
              -59.0128574,
              -27.4578655
            ],
            [
              -59.0128058,
              -27.4578325
            ],
            [
              -59.0126833,
              -27.4579408
            ],
            [
              -59.012563,
              -27.4578336
            ],
            [
              -59.0124836,
              -27.4578978
            ],
            [
              -59.0125725,
              -27.4579848
            ],
            [
              -59.0124568,
              -27.4580876
            ],
            [
              -59.0122097,
              -27.4578687
            ],
            [
              -59.0124649,
              -27.4576419
            ],
            [
              -59.0125233,
              -27.4576958
            ],
            [
              -59.0126284,
              -27.4576058
            ],
            [
              -59.0128817,
              -27.4578356
            ]
          ]
        ]
      },
      "id": "way/248661088"
    },
    {
      "type": "Feature",
      "properties": {
        "@id": "way/248955871",
        "leisure": "park"
      },
      "geometry": {
        "type": "Polygon",
        "coordinates": [
          [
            [
              -59.0154667,
              -27.4562775
            ],
            [
              -59.014601,
              -27.4555016
            ],
            [
              -59.0147419,
              -27.455503
            ],
            [
              -59.0147671,
              -27.4555923
            ],
            [
              -59.0148392,
              -27.4556207
            ],
            [
              -59.0149234,
              -27.4555496
            ],
            [
              -59.0150356,
              -27.4555567
            ],
            [
              -59.0150116,
              -27.4556847
            ],
            [
              -59.0151719,
              -27.4558341
            ],
            [
              -59.0155527,
              -27.4558484
            ],
            [
              -59.0155568,
              -27.4560948
            ],
            [
              -59.0154667,
              -27.4562775
            ]
          ]
        ]
      },
      "id": "way/248955871"
    },
    {
      "type": "Feature",
      "properties": {
        "@id": "way/248955872",
        "leisure": "park"
      },
      "geometry": {
        "type": "Polygon",
        "coordinates": [
          [
            [
              -59.0148373,
              -27.45552
            ],
            [
              -59.0148371,
              -27.4555241
            ],
            [
              -59.0148289,
              -27.4555364
            ],
            [
              -59.014821,
              -27.4555398
            ],
            [
              -59.0148046,
              -27.4555378
            ],
            [
              -59.014796,
              -27.4555295
            ],
            [
              -59.0147947,
              -27.4555158
            ],
            [
              -59.0148056,
              -27.4555041
            ],
            [
              -59.0148209,
              -27.4555025
            ],
            [
              -59.014832,
              -27.4555086
            ],
            [
              -59.0148373,
              -27.45552
            ]
          ]
        ]
      },
      "id": "way/248955872"
    },
    {
      "type": "Feature",
      "properties": {
        "@id": "way/248955919",
        "leisure": "park"
      },
      "geometry": {
        "type": "Polygon",
        "coordinates": [
          [
            [
              -59.0184098,
              -27.4563744
            ],
            [
              -59.018081,
              -27.4566963
            ],
            [
              -59.0180839,
              -27.4563769
            ],
            [
              -59.0184098,
              -27.4563744
            ]
          ]
        ]
      },
      "id": "way/248955919"
    },
    {
      "type": "Feature",
      "properties": {
        "@id": "way/248955920",
        "leisure": "park"
      },
      "geometry": {
        "type": "Polygon",
        "coordinates": [
          [
            [
              -59.0189256,
              -27.4559166
            ],
            [
              -59.0185389,
              -27.4562499
            ],
            [
              -59.0185371,
              -27.4559177
            ],
            [
              -59.0189256,
              -27.4559166
            ]
          ]
        ]
      },
      "id": "way/248955920"
    },
    {
      "type": "Feature",
      "properties": {
        "@id": "way/248955921",
        "leisure": "park"
      },
      "geometry": {
        "type": "Polygon",
        "coordinates": [
          [
            [
              -59.0127572,
              -27.4548679
            ],
            [
              -59.0125168,
              -27.4550681
            ],
            [
              -59.0122564,
              -27.454822
            ],
            [
              -59.0124969,
              -27.4546217
            ],
            [
              -59.0127572,
              -27.4548679
            ]
          ]
        ]
      },
      "id": "way/248955921"
    },
    {
      "type": "Feature",
      "properties": {
        "@id": "way/248955922",
        "leisure": "park"
      },
      "geometry": {
        "type": "Polygon",
        "coordinates": [
          [
            [
              -59.0163793,
              -27.4570074
            ],
            [
              -59.0163085,
              -27.4570175
            ],
            [
              -59.0159089,
              -27.4566553
            ],
            [
              -59.0163878,
              -27.4566704
            ],
            [
              -59.0163793,
              -27.4570074
            ]
          ]
        ]
      },
      "id": "way/248955922"
    },
    {
      "type": "Feature",
      "properties": {
        "@id": "way/248955923",
        "leisure": "park"
      },
      "geometry": {
        "type": "Polygon",
        "coordinates": [
          [
            [
              -59.0194396,
              -27.4554631
            ],
            [
              -59.0190872,
              -27.4557708
            ],
            [
              -59.0190731,
              -27.4554368
            ],
            [
              -59.0193054,
              -27.4554262
            ],
            [
              -59.0194396,
              -27.4554631
            ]
          ]
        ]
      },
      "id": "way/248955923"
    },
    {
      "type": "Feature",
      "properties": {
        "@id": "way/248955924",
        "leisure": "park"
      },
      "geometry": {
        "type": "Polygon",
        "coordinates": [
          [
            [
              -59.0146654,
              -27.4554346
            ],
            [
              -59.0145305,
              -27.4554365
            ],
            [
              -59.0140695,
              -27.4550362
            ],
            [
              -59.0146709,
              -27.4550374
            ],
            [
              -59.0146654,
              -27.4554346
            ]
          ]
        ]
      },
      "id": "way/248955924"
    },
    {
      "type": "Feature",
      "properties": {
        "@id": "way/248955925",
        "leisure": "park"
      },
      "geometry": {
        "type": "Polygon",
        "coordinates": [
          [
            [
              -59.0129818,
              -27.4542794
            ],
            [
              -59.0126965,
              -27.454522
            ],
            [
              -59.0125816,
              -27.4544156
            ],
            [
              -59.0128669,
              -27.454173
            ],
            [
              -59.0129818,
              -27.4542794
            ]
          ]
        ]
      },
      "id": "way/248955925"
    },
    {
      "type": "Feature",
      "properties": {
        "@id": "way/248955926",
        "leisure": "park"
      },
      "geometry": {
        "type": "Polygon",
        "coordinates": [
          [
            [
              -59.0158663,
              -27.4565497
            ],
            [
              -59.0157785,
              -27.4565573
            ],
            [
              -59.0155603,
              -27.4563636
            ],
            [
              -59.0156396,
              -27.4561926
            ],
            [
              -59.0157955,
              -27.4561901
            ],
            [
              -59.0158635,
              -27.4562253
            ],
            [
              -59.0158663,
              -27.4565497
            ]
          ]
        ]
      },
      "id": "way/248955926"
    },
    {
      "type": "Feature",
      "properties": {
        "@id": "way/249095731",
        "leisure": "common"
      },
      "geometry": {
        "type": "Polygon",
        "coordinates": [
          [
            [
              -59.0171704,
              -27.4552372
            ],
            [
              -59.0171744,
              -27.4552493
            ],
            [
              -59.017168,
              -27.455264
            ],
            [
              -59.0171581,
              -27.4552699
            ],
            [
              -59.0171452,
              -27.455271
            ],
            [
              -59.0171329,
              -27.4552658
            ],
            [
              -59.0171245,
              -27.4552503
            ],
            [
              -59.0171262,
              -27.4552411
            ],
            [
              -59.0171382,
              -27.4552294
            ],
            [
              -59.0171514,
              -27.4552271
            ],
            [
              -59.0171704,
              -27.4552372
            ]
          ]
        ]
      },
      "id": "way/249095731"
    },
    {
      "type": "Feature",
      "properties": {
        "@id": "way/249492103",
        "leisure": "park"
      },
      "geometry": {
        "type": "Polygon",
        "coordinates": [
          [
            [
              -58.9639453,
              -27.4727716
            ],
            [
              -58.9637531,
              -27.4725963
            ],
            [
              -58.9636179,
              -27.4724754
            ],
            [
              -58.9636138,
              -27.4724715
            ],
            [
              -58.9637567,
              -27.4723473
            ],
            [
              -58.9640882,
              -27.4726474
            ],
            [
              -58.9639453,
              -27.4727716
            ]
          ]
        ]
      },
      "id": "way/249492103"
    },
    {
      "type": "Feature",
      "properties": {
        "@id": "way/249492104",
        "leisure": "park"
      },
      "geometry": {
        "type": "Polygon",
        "coordinates": [
          [
            [
              -58.9640771,
              -27.4732749
            ],
            [
              -58.9637542,
              -27.4733259
            ],
            [
              -58.9636391,
              -27.4734195
            ],
            [
              -58.9635145,
              -27.4733742
            ],
            [
              -58.9639268,
              -27.4730423
            ],
            [
              -58.9640771,
              -27.4732097
            ],
            [
              -58.9640771,
              -27.4732749
            ]
          ]
        ]
      },
      "id": "way/249492104"
    },
    {
      "type": "Feature",
      "properties": {
        "@id": "way/249660571",
        "leisure": "park"
      },
      "geometry": {
        "type": "Polygon",
        "coordinates": [
          [
            [
              -59.0136401,
              -27.4570908
            ],
            [
              -59.0135213,
              -27.4571933
            ],
            [
              -59.0134444,
              -27.4571231
            ],
            [
              -59.0135633,
              -27.4570206
            ],
            [
              -59.0136401,
              -27.4570908
            ]
          ]
        ]
      },
      "id": "way/249660571"
    },
    {
      "type": "Feature",
      "properties": {
        "@id": "way/249660573",
        "leisure": "park"
      },
      "geometry": {
        "type": "Polygon",
        "coordinates": [
          [
            [
              -59.013439,
              -27.4576951
            ],
            [
              -59.0133536,
              -27.4577696
            ],
            [
              -59.0132884,
              -27.4577107
            ],
            [
              -59.0133739,
              -27.4576362
            ],
            [
              -59.013439,
              -27.4576951
            ]
          ]
        ]
      },
      "id": "way/249660573"
    },
    {
      "type": "Feature",
      "properties": {
        "@id": "way/249660574",
        "leisure": "park"
      },
      "geometry": {
        "type": "Polygon",
        "coordinates": [
          [
            [
              -59.0127239,
              -27.457266
            ],
            [
              -59.0125983,
              -27.4573805
            ],
            [
              -59.0125215,
              -27.4573143
            ],
            [
              -59.0126471,
              -27.4571997
            ],
            [
              -59.0127239,
              -27.457266
            ]
          ]
        ]
      },
      "id": "way/249660574"
    },
    {
      "type": "Feature",
      "properties": {
        "@id": "way/249660575",
        "leisure": "park"
      },
      "geometry": {
        "type": "Polygon",
        "coordinates": [
          [
            [
              -59.0126024,
              -27.4569705
            ],
            [
              -59.0125329,
              -27.4570327
            ],
            [
              -59.0124515,
              -27.4569611
            ],
            [
              -59.012521,
              -27.4568989
            ],
            [
              -59.0126024,
              -27.4569705
            ]
          ]
        ]
      },
      "id": "way/249660575"
    },
    {
      "type": "Feature",
      "properties": {
        "@id": "way/249660576",
        "leisure": "park"
      },
      "geometry": {
        "type": "Polygon",
        "coordinates": [
          [
            [
              -59.0129694,
              -27.4565382
            ],
            [
              -59.0130011,
              -27.4565652
            ],
            [
              -59.012759,
              -27.4567731
            ],
            [
              -59.0126822,
              -27.4567038
            ],
            [
              -59.0129164,
              -27.4564924
            ],
            [
              -59.0129694,
              -27.4565382
            ]
          ]
        ]
      },
      "id": "way/249660576"
    },
    {
      "type": "Feature",
      "properties": {
        "@id": "way/249846840",
        "leisure": "park"
      },
      "geometry": {
        "type": "Polygon",
        "coordinates": [
          [
            [
              -59.0169004,
              -27.4528486
            ],
            [
              -59.0164018,
              -27.4528654
            ],
            [
              -59.0164207,
              -27.4524537
            ],
            [
              -59.0163671,
              -27.4523893
            ],
            [
              -59.0158463,
              -27.4523837
            ],
            [
              -59.0158716,
              -27.452014
            ],
            [
              -59.0157295,
              -27.4518908
            ],
            [
              -59.015152,
              -27.4518852
            ],
            [
              -59.015496,
              -27.4516051
            ],
            [
              -59.016427,
              -27.4524229
            ],
            [
              -59.0169004,
              -27.4528486
            ]
          ]
        ]
      },
      "id": "way/249846840"
    },
    {
      "type": "Feature",
      "properties": {
        "@id": "way/250258381",
        "leisure": "park"
      },
      "geometry": {
        "type": "Polygon",
        "coordinates": [
          [
            [
              -59.0147529,
              -27.452816
            ],
            [
              -59.0147538,
              -27.4529751
            ],
            [
              -59.014378,
              -27.4529767
            ],
            [
              -59.0143771,
              -27.4528176
            ],
            [
              -59.0147529,
              -27.452816
            ]
          ]
        ]
      },
      "id": "way/250258381"
    },
    {
      "type": "Feature",
      "properties": {
        "@id": "way/250258382",
        "leisure": "park"
      },
      "geometry": {
        "type": "Polygon",
        "coordinates": [
          [
            [
              -59.0166144,
              -27.4612431
            ],
            [
              -59.0163783,
              -27.4614514
            ],
            [
              -59.0161303,
              -27.4612301
            ],
            [
              -59.0163664,
              -27.4610218
            ],
            [
              -59.0166144,
              -27.4612431
            ]
          ]
        ]
      },
      "id": "way/250258382"
    },
    {
      "type": "Feature",
      "properties": {
        "@id": "way/250258383",
        "leisure": "park"
      },
      "geometry": {
        "type": "Polygon",
        "coordinates": [
          [
            [
              -59.0169274,
              -27.4532943
            ],
            [
              -59.0169146,
              -27.4529466
            ],
            [
              -59.0171201,
              -27.4531302
            ],
            [
              -59.0171067,
              -27.4532897
            ],
            [
              -59.0169274,
              -27.4532943
            ]
          ]
        ]
      },
      "id": "way/250258383"
    },
    {
      "type": "Feature",
      "properties": {
        "@id": "way/250985450",
        "leisure": "park"
      },
      "geometry": {
        "type": "Polygon",
        "coordinates": [
          [
            [
              -59.0129618,
              -27.4585108
            ],
            [
              -59.0126595,
              -27.4582443
            ],
            [
              -59.0129735,
              -27.4579639
            ],
            [
              -59.0132758,
              -27.4582304
            ],
            [
              -59.0129618,
              -27.4585108
            ]
          ]
        ]
      },
      "id": "way/250985450"
    },
    {
      "type": "Feature",
      "properties": {
        "@id": "way/250985451",
        "leisure": "park"
      },
      "geometry": {
        "type": "Polygon",
        "coordinates": [
          [
            [
              -59.0126805,
              -27.4593206
            ],
            [
              -59.0125195,
              -27.4594629
            ],
            [
              -59.0122408,
              -27.4592145
            ],
            [
              -59.0124019,
              -27.4590722
            ],
            [
              -59.0126805,
              -27.4593206
            ]
          ]
        ]
      },
      "id": "way/250985451"
    },
    {
      "type": "Feature",
      "properties": {
        "@id": "way/250985453",
        "leisure": "park"
      },
      "geometry": {
        "type": "Polygon",
        "coordinates": [
          [
            [
              -59.0129175,
              -27.4597776
            ],
            [
              -59.0127627,
              -27.459642
            ],
            [
              -59.0133017,
              -27.4591724
            ],
            [
              -59.0134545,
              -27.4592976
            ],
            [
              -59.0129175,
              -27.4597776
            ]
          ]
        ]
      },
      "id": "way/250985453"
    },
    {
      "type": "Feature",
      "properties": {
        "@id": "way/250985454",
        "leisure": "park"
      },
      "geometry": {
        "type": "Polygon",
        "coordinates": [
          [
            [
              -59.0139055,
              -27.4588488
            ],
            [
              -59.0136008,
              -27.4591086
            ],
            [
              -59.0133517,
              -27.4588785
            ],
            [
              -59.0136565,
              -27.4586188
            ],
            [
              -59.0139055,
              -27.4588488
            ]
          ]
        ]
      },
      "id": "way/250985454"
    },
    {
      "type": "Feature",
      "properties": {
        "@id": "way/251077273",
        "leisure": "park"
      },
      "geometry": {
        "type": "Polygon",
        "coordinates": [
          [
            [
              -59.0152342,
              -27.4604639
            ],
            [
              -59.0149521,
              -27.4602059
            ],
            [
              -59.0152517,
              -27.4599479
            ],
            [
              -59.0155338,
              -27.4602059
            ],
            [
              -59.0152342,
              -27.4604639
            ]
          ]
        ]
      },
      "id": "way/251077273"
    },
    {
      "type": "Feature",
      "properties": {
        "@id": "way/251077275",
        "leisure": "park"
      },
      "geometry": {
        "type": "Polygon",
        "coordinates": [
          [
            [
              -59.0142004,
              -27.4607219
            ],
            [
              -59.0140409,
              -27.4608615
            ],
            [
              -59.0137417,
              -27.4605924
            ],
            [
              -59.0139011,
              -27.4604528
            ],
            [
              -59.0142004,
              -27.4607219
            ]
          ]
        ]
      },
      "id": "way/251077275"
    },
    {
      "type": "Feature",
      "properties": {
        "@id": "way/251077277",
        "leisure": "park"
      },
      "geometry": {
        "type": "Polygon",
        "coordinates": [
          [
            [
              -59.0151389,
              -27.4598939
            ],
            [
              -59.0148722,
              -27.4601336
            ],
            [
              -59.0146549,
              -27.4599432
            ],
            [
              -59.0149216,
              -27.4597036
            ],
            [
              -59.0151389,
              -27.4598939
            ]
          ]
        ]
      },
      "id": "way/251077277"
    },
    {
      "type": "Feature",
      "properties": {
        "@id": "way/251077279",
        "leisure": "park"
      },
      "geometry": {
        "type": "Polygon",
        "coordinates": [
          [
            [
              -59.0131727,
              -27.4615743
            ],
            [
              -59.012909,
              -27.4618233
            ],
            [
              -59.0126108,
              -27.4615747
            ],
            [
              -59.0128744,
              -27.4613257
            ],
            [
              -59.0131727,
              -27.4615743
            ]
          ]
        ]
      },
      "id": "way/251077279"
    },
    {
      "type": "Feature",
      "properties": {
        "@id": "way/251077281",
        "leisure": "park"
      },
      "geometry": {
        "type": "Polygon",
        "coordinates": [
          [
            [
              -59.0134152,
              -27.4607858
            ],
            [
              -59.013073,
              -27.4604797
            ],
            [
              -59.0132478,
              -27.4603258
            ],
            [
              -59.0135159,
              -27.4605657
            ],
            [
              -59.0134186,
              -27.4606514
            ],
            [
              -59.0134927,
              -27.4607177
            ],
            [
              -59.0134152,
              -27.4607858
            ]
          ]
        ]
      },
      "id": "way/251077281"
    },
    {
      "type": "Feature",
      "properties": {
        "@id": "way/251077283",
        "leisure": "park"
      },
      "geometry": {
        "type": "Polygon",
        "coordinates": [
          [
            [
              -59.0140673,
              -27.45971
            ],
            [
              -59.0144373,
              -27.4593831
            ],
            [
              -59.0146345,
              -27.4595588
            ],
            [
              -59.0139855,
              -27.4601321
            ],
            [
              -59.013696,
              -27.459874
            ],
            [
              -59.0134072,
              -27.4596165
            ],
            [
              -59.0136861,
              -27.4593702
            ],
            [
              -59.0140673,
              -27.45971
            ]
          ]
        ]
      },
      "id": "way/251077283"
    },
    {
      "type": "Feature",
      "properties": {
        "@id": "way/251428163",
        "leisure": "park"
      },
      "geometry": {
        "type": "Polygon",
        "coordinates": [
          [
            [
              -59.0146233,
              -27.4616304
            ],
            [
              -59.0145678,
              -27.4616776
            ],
            [
              -59.0145997,
              -27.4617071
            ],
            [
              -59.014366,
              -27.4619056
            ],
            [
              -59.0142055,
              -27.4617569
            ],
            [
              -59.0144947,
              -27.4615112
            ],
            [
              -59.0146233,
              -27.4616304
            ]
          ]
        ]
      },
      "id": "way/251428163"
    },
    {
      "type": "Feature",
      "properties": {
        "@id": "way/251437403",
        "leisure": "park"
      },
      "geometry": {
        "type": "Polygon",
        "coordinates": [
          [
            [
              -59.0149861,
              -27.4613444
            ],
            [
              -59.0147745,
              -27.4615301
            ],
            [
              -59.0144808,
              -27.4612667
            ],
            [
              -59.0146924,
              -27.4610809
            ],
            [
              -59.0149861,
              -27.4613444
            ]
          ]
        ]
      },
      "id": "way/251437403"
    },
    {
      "type": "Feature",
      "properties": {
        "@id": "way/251437404",
        "leisure": "park"
      },
      "geometry": {
        "type": "Polygon",
        "coordinates": [
          [
            [
              -59.0151225,
              -27.4633136
            ],
            [
              -59.0154297,
              -27.4635992
            ],
            [
              -59.0151304,
              -27.4638526
            ],
            [
              -59.0148232,
              -27.463567
            ],
            [
              -59.0151225,
              -27.4633136
            ]
          ]
        ]
      },
      "id": "way/251437404"
    },
    {
      "type": "Feature",
      "properties": {
        "@id": "way/251437405",
        "leisure": "park"
      },
      "geometry": {
        "type": "Polygon",
        "coordinates": [
          [
            [
              -59.0157351,
              -27.461344
            ],
            [
              -59.0151343,
              -27.4618507
            ],
            [
              -59.0149691,
              -27.4616965
            ],
            [
              -59.0155698,
              -27.4611898
            ],
            [
              -59.0157351,
              -27.461344
            ]
          ]
        ]
      },
      "id": "way/251437405"
    },
    {
      "type": "Feature",
      "properties": {
        "@id": "way/251437406",
        "leisure": "park"
      },
      "geometry": {
        "type": "Polygon",
        "coordinates": [
          [
            [
              -59.0162445,
              -27.4608485
            ],
            [
              -59.0160116,
              -27.4610602
            ],
            [
              -59.015937,
              -27.4609956
            ],
            [
              -59.0158102,
              -27.4611109
            ],
            [
              -59.0155609,
              -27.4608949
            ],
            [
              -59.0159206,
              -27.4605679
            ],
            [
              -59.0162445,
              -27.4608485
            ]
          ]
        ]
      },
      "id": "way/251437406"
    },
    {
      "type": "Feature",
      "properties": {
        "@id": "way/251702596",
        "leisure": "park",
        "name": "Plazoleta 1° de Octubre"
      },
      "geometry": {
        "type": "Polygon",
        "coordinates": [
          [
            [
              -58.9812862,
              -27.4757278
            ],
            [
              -58.9805137,
              -27.4764125
            ],
            [
              -58.98011,
              -27.476054
            ],
            [
              -58.9808825,
              -27.4753693
            ],
            [
              -58.9812862,
              -27.4757278
            ]
          ]
        ]
      },
      "id": "way/251702596"
    },
    {
      "type": "Feature",
      "properties": {
        "@id": "way/252538864",
        "leisure": "park"
      },
      "geometry": {
        "type": "Polygon",
        "coordinates": [
          [
            [
              -59.0164616,
              -27.4594041
            ],
            [
              -59.0162761,
              -27.45956
            ],
            [
              -59.0161305,
              -27.4594235
            ],
            [
              -59.0163159,
              -27.4592676
            ],
            [
              -59.0164616,
              -27.4594041
            ]
          ]
        ]
      },
      "id": "way/252538864"
    },
    {
      "type": "Feature",
      "properties": {
        "@id": "way/252538866",
        "leisure": "park"
      },
      "geometry": {
        "type": "Polygon",
        "coordinates": [
          [
            [
              -59.0167995,
              -27.4597134
            ],
            [
              -59.0166622,
              -27.4598337
            ],
            [
              -59.0164573,
              -27.4596497
            ],
            [
              -59.0165946,
              -27.4595293
            ],
            [
              -59.0167995,
              -27.4597134
            ]
          ]
        ]
      },
      "id": "way/252538866"
    },
    {
      "type": "Feature",
      "properties": {
        "@id": "way/252538868",
        "leisure": "park"
      },
      "geometry": {
        "type": "Polygon",
        "coordinates": [
          [
            [
              -59.0158159,
              -27.4597773
            ],
            [
              -59.0156837,
              -27.4598984
            ],
            [
              -59.0156272,
              -27.4598498
            ],
            [
              -59.0157594,
              -27.4597287
            ],
            [
              -59.0158159,
              -27.4597773
            ]
          ]
        ]
      },
      "id": "way/252538868"
    },
    {
      "type": "Feature",
      "properties": {
        "@id": "way/252538871",
        "leisure": "park"
      },
      "geometry": {
        "type": "Polygon",
        "coordinates": [
          [
            [
              -59.017033,
              -27.4590963
            ],
            [
              -59.0171801,
              -27.4592234
            ],
            [
              -59.0170329,
              -27.4593576
            ],
            [
              -59.0168857,
              -27.4592306
            ],
            [
              -59.017033,
              -27.4590963
            ]
          ]
        ]
      },
      "id": "way/252538871"
    },
    {
      "type": "Feature",
      "properties": {
        "@id": "way/252538875",
        "leisure": "park"
      },
      "geometry": {
        "type": "Polygon",
        "coordinates": [
          [
            [
              -59.0162896,
              -27.4603052
            ],
            [
              -59.0161905,
              -27.4603902
            ],
            [
              -59.0161224,
              -27.4603277
            ],
            [
              -59.0162215,
              -27.4602427
            ],
            [
              -59.0162896,
              -27.4603052
            ]
          ]
        ]
      },
      "id": "way/252538875"
    },
    {
      "type": "Feature",
      "properties": {
        "@id": "way/252538877",
        "leisure": "park"
      },
      "geometry": {
        "type": "Polygon",
        "coordinates": [
          [
            [
              -59.017349,
              -27.4605796
            ],
            [
              -59.0172106,
              -27.4607172
            ],
            [
              -59.0171239,
              -27.4606485
            ],
            [
              -59.0172623,
              -27.4605109
            ],
            [
              -59.017349,
              -27.4605796
            ]
          ]
        ]
      },
      "id": "way/252538877"
    },
    {
      "type": "Feature",
      "properties": {
        "@id": "way/252538880",
        "leisure": "park"
      },
      "geometry": {
        "type": "Polygon",
        "coordinates": [
          [
            [
              -59.0176525,
              -27.4607655
            ],
            [
              -59.0175673,
              -27.4606949
            ],
            [
              -59.0176398,
              -27.4606259
            ],
            [
              -59.0175232,
              -27.4605294
            ],
            [
              -59.0175986,
              -27.4604577
            ],
            [
              -59.0178004,
              -27.4606247
            ],
            [
              -59.0176525,
              -27.4607655
            ]
          ]
        ]
      },
      "id": "way/252538880"
    },
    {
      "type": "Feature",
      "properties": {
        "@id": "way/252538882",
        "leisure": "park"
      },
      "geometry": {
        "type": "Polygon",
        "coordinates": [
          [
            [
              -59.0160944,
              -27.4600152
            ],
            [
              -59.0161729,
              -27.4600896
            ],
            [
              -59.0160111,
              -27.4602239
            ],
            [
              -59.0159327,
              -27.4601494
            ],
            [
              -59.0160944,
              -27.4600152
            ]
          ]
        ]
      },
      "id": "way/252538882"
    },
    {
      "type": "Feature",
      "properties": {
        "@id": "way/252538885",
        "leisure": "park"
      },
      "geometry": {
        "type": "Polygon",
        "coordinates": [
          [
            [
              -59.0172578,
              -27.4609522
            ],
            [
              -59.0173489,
              -27.4610311
            ],
            [
              -59.0171882,
              -27.4611771
            ],
            [
              -59.0170971,
              -27.4610982
            ],
            [
              -59.0172578,
              -27.4609522
            ]
          ]
        ]
      },
      "id": "way/252538885"
    },
    {
      "type": "Feature",
      "properties": {
        "@id": "way/252538891",
        "leisure": "park"
      },
      "geometry": {
        "type": "Polygon",
        "coordinates": [
          [
            [
              -59.0169953,
              -27.4609548
            ],
            [
              -59.0168916,
              -27.4610476
            ],
            [
              -59.0166298,
              -27.4608153
            ],
            [
              -59.0167335,
              -27.4607225
            ],
            [
              -59.0169953,
              -27.4609548
            ]
          ]
        ]
      },
      "id": "way/252538891"
    },
    {
      "type": "Feature",
      "properties": {
        "@id": "way/252538892",
        "leisure": "park"
      },
      "geometry": {
        "type": "Polygon",
        "coordinates": [
          [
            [
              -59.0157917,
              -27.4593386
            ],
            [
              -59.0160545,
              -27.459595
            ],
            [
              -59.0159539,
              -27.4596762
            ],
            [
              -59.0157497,
              -27.4594771
            ],
            [
              -59.0156533,
              -27.4595549
            ],
            [
              -59.0155947,
              -27.4594977
            ],
            [
              -59.0157917,
              -27.4593386
            ]
          ]
        ]
      },
      "id": "way/252538892"
    },
    {
      "type": "Feature",
      "properties": {
        "@id": "way/252538893",
        "leisure": "park"
      },
      "geometry": {
        "type": "Polygon",
        "coordinates": [
          [
            [
              -59.0166227,
              -27.4591445
            ],
            [
              -59.0165555,
              -27.4592018
            ],
            [
              -59.0163225,
              -27.4589866
            ],
            [
              -59.0160286,
              -27.4592373
            ],
            [
              -59.0159616,
              -27.4591755
            ],
            [
              -59.0163227,
              -27.4588676
            ],
            [
              -59.0166227,
              -27.4591445
            ]
          ]
        ]
      },
      "id": "way/252538893"
    },
    {
      "type": "Feature",
      "properties": {
        "@id": "way/252833700",
        "leisure": "park"
      },
      "geometry": {
        "type": "Polygon",
        "coordinates": [
          [
            [
              -59.0182429,
              -27.4602899
            ],
            [
              -59.0181223,
              -27.4603977
            ],
            [
              -59.018103,
              -27.4603808
            ],
            [
              -59.018074,
              -27.4604067
            ],
            [
              -59.0178829,
              -27.4602384
            ],
            [
              -59.017911,
              -27.4602133
            ],
            [
              -59.0179649,
              -27.4602608
            ],
            [
              -59.0180436,
              -27.4601904
            ],
            [
              -59.018004,
              -27.4601555
            ],
            [
              -59.0180468,
              -27.4601172
            ],
            [
              -59.0182429,
              -27.4602899
            ]
          ]
        ]
      },
      "id": "way/252833700"
    },
    {
      "type": "Feature",
      "properties": {
        "@id": "way/252833701",
        "leisure": "park"
      },
      "geometry": {
        "type": "Polygon",
        "coordinates": [
          [
            [
              -59.0174694,
              -27.4603002
            ],
            [
              -59.0172567,
              -27.4601284
            ],
            [
              -59.0173353,
              -27.4600518
            ],
            [
              -59.017548,
              -27.4602237
            ],
            [
              -59.0174694,
              -27.4603002
            ]
          ]
        ]
      },
      "id": "way/252833701"
    },
    {
      "type": "Feature",
      "properties": {
        "@id": "way/252833702",
        "leisure": "park"
      },
      "geometry": {
        "type": "Polygon",
        "coordinates": [
          [
            [
              -59.0177075,
              -27.4585999
            ],
            [
              -59.0175483,
              -27.4584527
            ],
            [
              -59.0177278,
              -27.4583
            ],
            [
              -59.0178869,
              -27.4584472
            ],
            [
              -59.0177075,
              -27.4585999
            ]
          ]
        ]
      },
      "id": "way/252833702"
    },
    {
      "type": "Feature",
      "properties": {
        "@id": "way/252833703",
        "leisure": "park"
      },
      "geometry": {
        "type": "Polygon",
        "coordinates": [
          [
            [
              -59.0180745,
              -27.4609746
            ],
            [
              -59.0182451,
              -27.4611171
            ],
            [
              -59.0181767,
              -27.4611815
            ],
            [
              -59.0180062,
              -27.461039
            ],
            [
              -59.0180745,
              -27.4609746
            ]
          ]
        ]
      },
      "id": "way/252833703"
    },
    {
      "type": "Feature",
      "properties": {
        "@id": "way/252833704",
        "leisure": "park"
      },
      "geometry": {
        "type": "Polygon",
        "coordinates": [
          [
            [
              -59.0169574,
              -27.4605544
            ],
            [
              -59.0168115,
              -27.4606847
            ],
            [
              -59.0167191,
              -27.4606033
            ],
            [
              -59.016865,
              -27.460473
            ],
            [
              -59.0169574,
              -27.4605544
            ]
          ]
        ]
      },
      "id": "way/252833704"
    },
    {
      "type": "Feature",
      "properties": {
        "@id": "way/252833705",
        "leisure": "park"
      },
      "geometry": {
        "type": "Polygon",
        "coordinates": [
          [
            [
              -59.0176022,
              -27.4610058
            ],
            [
              -59.01754,
              -27.4609493
            ],
            [
              -59.0176777,
              -27.4608299
            ],
            [
              -59.0177399,
              -27.4608864
            ],
            [
              -59.0176022,
              -27.4610058
            ]
          ]
        ]
      },
      "id": "way/252833705"
    },
    {
      "type": "Feature",
      "properties": {
        "@id": "way/252833706",
        "leisure": "park"
      },
      "geometry": {
        "type": "Polygon",
        "coordinates": [
          [
            [
              -59.0184005,
              -27.4600564
            ],
            [
              -59.0183508,
              -27.4600985
            ],
            [
              -59.0180701,
              -27.4598374
            ],
            [
              -59.0181198,
              -27.4597954
            ],
            [
              -59.0184005,
              -27.4600564
            ]
          ]
        ]
      },
      "id": "way/252833706"
    },
    {
      "type": "Feature",
      "properties": {
        "@id": "way/252833707",
        "leisure": "park"
      },
      "geometry": {
        "type": "Polygon",
        "coordinates": [
          [
            [
              -59.0178369,
              -27.4579311
            ],
            [
              -59.0177182,
              -27.457821
            ],
            [
              -59.0180993,
              -27.4574977
            ],
            [
              -59.0182179,
              -27.4576078
            ],
            [
              -59.0178369,
              -27.4579311
            ]
          ]
        ]
      },
      "id": "way/252833707"
    },
    {
      "type": "Feature",
      "properties": {
        "@id": "way/252833708",
        "leisure": "park"
      },
      "geometry": {
        "type": "Polygon",
        "coordinates": [
          [
            [
              -59.0178434,
              -27.4609947
            ],
            [
              -59.0178985,
              -27.4610453
            ],
            [
              -59.0175294,
              -27.4613616
            ],
            [
              -59.0177243,
              -27.4615408
            ],
            [
              -59.0174853,
              -27.4617456
            ],
            [
              -59.0172352,
              -27.4615158
            ],
            [
              -59.0178434,
              -27.4609947
            ]
          ]
        ]
      },
      "id": "way/252833708"
    },
    {
      "type": "Feature",
      "properties": {
        "@id": "way/252833709",
        "leisure": "park"
      },
      "geometry": {
        "type": "Polygon",
        "coordinates": [
          [
            [
              -59.0182213,
              -27.4605375
            ],
            [
              -59.0183911,
              -27.4603927
            ],
            [
              -59.0184133,
              -27.4604131
            ],
            [
              -59.0184679,
              -27.4603665
            ],
            [
              -59.0185428,
              -27.4604356
            ],
            [
              -59.0183182,
              -27.4606271
            ],
            [
              -59.0182213,
              -27.4605375
            ]
          ]
        ]
      },
      "id": "way/252833709"
    },
    {
      "type": "Feature",
      "properties": {
        "@id": "way/252833710",
        "leisure": "park"
      },
      "geometry": {
        "type": "Polygon",
        "coordinates": [
          [
            [
              -59.0183814,
              -27.4573597
            ],
            [
              -59.0183329,
              -27.4574004
            ],
            [
              -59.0180934,
              -27.4571757
            ],
            [
              -59.0177395,
              -27.4574727
            ],
            [
              -59.0176724,
              -27.4574097
            ],
            [
              -59.0180244,
              -27.4571143
            ],
            [
              -59.017938,
              -27.4570333
            ],
            [
              -59.0179884,
              -27.456991
            ],
            [
              -59.0181059,
              -27.4571013
            ],
            [
              -59.0183814,
              -27.4573597
            ]
          ]
        ]
      },
      "id": "way/252833710"
    },
    {
      "type": "Feature",
      "properties": {
        "@id": "way/252906923",
        "leisure": "park"
      },
      "geometry": {
        "type": "Polygon",
        "coordinates": [
          [
            [
              -59.0192988,
              -27.4593802
            ],
            [
              -59.0191324,
              -27.4592312
            ],
            [
              -59.0192259,
              -27.4591489
            ],
            [
              -59.0190749,
              -27.4590137
            ],
            [
              -59.0191856,
              -27.4589163
            ],
            [
              -59.019343,
              -27.4590573
            ],
            [
              -59.0194379,
              -27.4589738
            ],
            [
              -59.0195404,
              -27.4590656
            ],
            [
              -59.0194236,
              -27.4591683
            ],
            [
              -59.0194704,
              -27.4592101
            ],
            [
              -59.0195354,
              -27.4592684
            ],
            [
              -59.0194507,
              -27.459343
            ],
            [
              -59.0193964,
              -27.4592944
            ],
            [
              -59.0192988,
              -27.4593802
            ]
          ]
        ]
      },
      "id": "way/252906923"
    },
    {
      "type": "Feature",
      "properties": {
        "@id": "way/252906927",
        "leisure": "park"
      },
      "geometry": {
        "type": "Polygon",
        "coordinates": [
          [
            [
              -59.0209046,
              -27.4580812
            ],
            [
              -59.0207511,
              -27.4582185
            ],
            [
              -59.0206243,
              -27.4581069
            ],
            [
              -59.0207778,
              -27.4579696
            ],
            [
              -59.0209046,
              -27.4580812
            ]
          ]
        ]
      },
      "id": "way/252906927"
    },
    {
      "type": "Feature",
      "properties": {
        "@id": "way/252906928",
        "leisure": "park"
      },
      "geometry": {
        "type": "Polygon",
        "coordinates": [
          [
            [
              -59.0205759,
              -27.4583611
            ],
            [
              -59.0204195,
              -27.4584929
            ],
            [
              -59.0203144,
              -27.4583947
            ],
            [
              -59.0204707,
              -27.4582629
            ],
            [
              -59.0205759,
              -27.4583611
            ]
          ]
        ]
      },
      "id": "way/252906928"
    },
    {
      "type": "Feature",
      "properties": {
        "@id": "way/252906929",
        "leisure": "park"
      },
      "geometry": {
        "type": "Polygon",
        "coordinates": [
          [
            [
              -59.0204533,
              -27.4579118
            ],
            [
              -59.0203199,
              -27.4577847
            ],
            [
              -59.0205004,
              -27.4576355
            ],
            [
              -59.0206338,
              -27.4577626
            ],
            [
              -59.0204533,
              -27.4579118
            ]
          ]
        ]
      },
      "id": "way/252906929"
    },
    {
      "type": "Feature",
      "properties": {
        "@id": "way/252906930",
        "leisure": "park"
      },
      "geometry": {
        "type": "Polygon",
        "coordinates": [
          [
            [
              -59.0202298,
              -27.4590182
            ],
            [
              -59.020084,
              -27.4588869
            ],
            [
              -59.0202365,
              -27.4587536
            ],
            [
              -59.0203823,
              -27.4588849
            ],
            [
              -59.0202298,
              -27.4590182
            ]
          ]
        ]
      },
      "id": "way/252906930"
    },
    {
      "type": "Feature",
      "properties": {
        "@id": "way/252906931",
        "leisure": "park"
      },
      "geometry": {
        "type": "Polygon",
        "coordinates": [
          [
            [
              -59.019547,
              -27.4586769
            ],
            [
              -59.0196363,
              -27.4585983
            ],
            [
              -59.0198395,
              -27.4587804
            ],
            [
              -59.0199832,
              -27.4586541
            ],
            [
              -59.0200128,
              -27.4586806
            ],
            [
              -59.0197797,
              -27.4588854
            ],
            [
              -59.019547,
              -27.4586769
            ]
          ]
        ]
      },
      "id": "way/252906931"
    },
    {
      "type": "Feature",
      "properties": {
        "@id": "way/252906932",
        "leisure": "park"
      },
      "geometry": {
        "type": "Polygon",
        "coordinates": [
          [
            [
              -59.0191132,
              -27.4594699
            ],
            [
              -59.018959,
              -27.4596049
            ],
            [
              -59.0188935,
              -27.459546
            ],
            [
              -59.018954,
              -27.4594931
            ],
            [
              -59.0186866,
              -27.4592526
            ],
            [
              -59.0187803,
              -27.4591705
            ],
            [
              -59.0191132,
              -27.4594699
            ]
          ]
        ]
      },
      "id": "way/252906932"
    },
    {
      "type": "Feature",
      "properties": {
        "@id": "way/252906933",
        "leisure": "park"
      },
      "geometry": {
        "type": "Polygon",
        "coordinates": [
          [
            [
              -59.0201263,
              -27.4581111
            ],
            [
              -59.0200342,
              -27.4581964
            ],
            [
              -59.0201678,
              -27.45831
            ],
            [
              -59.0201193,
              -27.4583549
            ],
            [
              -59.0200643,
              -27.4583081
            ],
            [
              -59.0198931,
              -27.4581625
            ],
            [
              -59.0200337,
              -27.4580323
            ],
            [
              -59.0201263,
              -27.4581111
            ]
          ]
        ]
      },
      "id": "way/252906933"
    },
    {
      "type": "Feature",
      "properties": {
        "@id": "way/253793873",
        "leisure": "park"
      },
      "geometry": {
        "type": "Polygon",
        "coordinates": [
          [
            [
              -59.0202233,
              -27.4564797
            ],
            [
              -59.0201304,
              -27.456392
            ],
            [
              -59.0199447,
              -27.4565467
            ],
            [
              -59.0198478,
              -27.4564551
            ],
            [
              -59.0199948,
              -27.4563326
            ],
            [
              -59.0200591,
              -27.4563933
            ],
            [
              -59.0203501,
              -27.4561509
            ],
            [
              -59.0204111,
              -27.4562086
            ],
            [
              -59.0203246,
              -27.4562807
            ],
            [
              -59.020389,
              -27.4563416
            ],
            [
              -59.0202233,
              -27.4564797
            ]
          ]
        ]
      },
      "id": "way/253793873"
    },
    {
      "type": "Feature",
      "properties": {
        "@id": "way/253793879",
        "leisure": "park"
      },
      "geometry": {
        "type": "Polygon",
        "coordinates": [
          [
            [
              -59.0211279,
              -27.4572315
            ],
            [
              -59.0209723,
              -27.457376
            ],
            [
              -59.0208817,
              -27.4572991
            ],
            [
              -59.0210372,
              -27.4571546
            ],
            [
              -59.0211279,
              -27.4572315
            ]
          ]
        ]
      },
      "id": "way/253793879"
    },
    {
      "type": "Feature",
      "properties": {
        "@id": "way/253793882",
        "leisure": "park"
      },
      "geometry": {
        "type": "Polygon",
        "coordinates": [
          [
            [
              -59.0194654,
              -27.4565547
            ],
            [
              -59.0193415,
              -27.4566646
            ],
            [
              -59.0192006,
              -27.4565396
            ],
            [
              -59.0193245,
              -27.4564296
            ],
            [
              -59.0194654,
              -27.4565547
            ]
          ]
        ]
      },
      "id": "way/253793882"
    },
    {
      "type": "Feature",
      "properties": {
        "@id": "way/253793884",
        "leisure": "park"
      },
      "geometry": {
        "type": "Polygon",
        "coordinates": [
          [
            [
              -59.0214726,
              -27.4575299
            ],
            [
              -59.0213651,
              -27.4574325
            ],
            [
              -59.0215427,
              -27.4572782
            ],
            [
              -59.0216502,
              -27.4573756
            ],
            [
              -59.0214726,
              -27.4575299
            ]
          ]
        ]
      },
      "id": "way/253793884"
    },
    {
      "type": "Feature",
      "properties": {
        "@id": "way/253793886",
        "leisure": "park"
      },
      "geometry": {
        "type": "Polygon",
        "coordinates": [
          [
            [
              -59.0192123,
              -27.4572106
            ],
            [
              -59.0190618,
              -27.4573359
            ],
            [
              -59.0189878,
              -27.457266
            ],
            [
              -59.0191383,
              -27.4571406
            ],
            [
              -59.0192123,
              -27.4572106
            ]
          ]
        ]
      },
      "id": "way/253793886"
    },
    {
      "type": "Feature",
      "properties": {
        "@id": "way/253793888",
        "leisure": "park"
      },
      "geometry": {
        "type": "Polygon",
        "coordinates": [
          [
            [
              -59.0201282,
              -27.4559548
            ],
            [
              -59.0199666,
              -27.4560958
            ],
            [
              -59.0198951,
              -27.4560313
            ],
            [
              -59.0200567,
              -27.4558903
            ],
            [
              -59.0201282,
              -27.4559548
            ]
          ]
        ]
      },
      "id": "way/253793888"
    },
    {
      "type": "Feature",
      "properties": {
        "@id": "way/253793890",
        "leisure": "park"
      },
      "geometry": {
        "type": "Polygon",
        "coordinates": [
          [
            [
              -59.0213104,
              -27.4577123
            ],
            [
              -59.021171,
              -27.4578428
            ],
            [
              -59.0210518,
              -27.4577425
            ],
            [
              -59.0211911,
              -27.457612
            ],
            [
              -59.0213104,
              -27.4577123
            ]
          ]
        ]
      },
      "id": "way/253793890"
    },
    {
      "type": "Feature",
      "properties": {
        "@id": "way/253793892",
        "leisure": "park"
      },
      "geometry": {
        "type": "Polygon",
        "coordinates": [
          [
            [
              -59.0213437,
              -27.4580371
            ],
            [
              -59.0211646,
              -27.4581873
            ],
            [
              -59.0210916,
              -27.4581188
            ],
            [
              -59.0212707,
              -27.4579685
            ],
            [
              -59.0213437,
              -27.4580371
            ]
          ]
        ]
      },
      "id": "way/253793892"
    },
    {
      "type": "Feature",
      "properties": {
        "@id": "way/253793894",
        "leisure": "park"
      },
      "geometry": {
        "type": "Polygon",
        "coordinates": [
          [
            [
              -59.02094,
              -27.4569584
            ],
            [
              -59.0208565,
              -27.4568822
            ],
            [
              -59.020994,
              -27.4567635
            ],
            [
              -59.0210775,
              -27.4568396
            ],
            [
              -59.02094,
              -27.4569584
            ]
          ]
        ]
      },
      "id": "way/253793894"
    },
    {
      "type": "Feature",
      "properties": {
        "@id": "way/253793896",
        "leisure": "park"
      },
      "geometry": {
        "type": "Polygon",
        "coordinates": [
          [
            [
              -59.0208618,
              -27.4583181
            ],
            [
              -59.0209741,
              -27.4584252
            ],
            [
              -59.0208355,
              -27.4585397
            ],
            [
              -59.0207232,
              -27.4584326
            ],
            [
              -59.0208618,
              -27.4583181
            ]
          ]
        ]
      },
      "id": "way/253793896"
    },
    {
      "type": "Feature",
      "properties": {
        "@id": "way/253793898",
        "leisure": "park"
      },
      "geometry": {
        "type": "Polygon",
        "coordinates": [
          [
            [
              -59.0196237,
              -27.4562169
            ],
            [
              -59.0194799,
              -27.4560992
            ],
            [
              -59.0196517,
              -27.4559339
            ],
            [
              -59.0197955,
              -27.4560517
            ],
            [
              -59.0196237,
              -27.4562169
            ]
          ]
        ]
      },
      "id": "way/253793898"
    },
    {
      "type": "Feature",
      "properties": {
        "@id": "way/253888883",
        "leisure": "park"
      },
      "geometry": {
        "type": "Polygon",
        "coordinates": [
          [
            [
              -58.9933505,
              -27.4802591
            ],
            [
              -58.9930937,
              -27.4804692
            ],
            [
              -58.9926184,
              -27.4800298
            ],
            [
              -58.9928777,
              -27.4798046
            ],
            [
              -58.9933505,
              -27.4802591
            ]
          ]
        ]
      },
      "id": "way/253888883"
    },
    {
      "type": "Feature",
      "properties": {
        "@id": "way/255051120",
        "leisure": "park"
      },
      "geometry": {
        "type": "Polygon",
        "coordinates": [
          [
            [
              -59.0149387,
              -27.445245
            ],
            [
              -59.0144132,
              -27.4457302
            ],
            [
              -59.0144106,
              -27.4452262
            ],
            [
              -59.0149387,
              -27.445245
            ]
          ]
        ]
      },
      "id": "way/255051120"
    },
    {
      "type": "Feature",
      "properties": {
        "@id": "way/255051121",
        "leisure": "park"
      },
      "geometry": {
        "type": "Polygon",
        "coordinates": [
          [
            [
              -59.0125457,
              -27.4452541
            ],
            [
              -59.0130367,
              -27.4448396
            ],
            [
              -59.0130049,
              -27.4453106
            ],
            [
              -59.0125457,
              -27.4452541
            ]
          ]
        ]
      },
      "id": "way/255051121"
    },
    {
      "type": "Feature",
      "properties": {
        "@id": "way/255051124",
        "leisure": "park"
      },
      "geometry": {
        "type": "Polygon",
        "coordinates": [
          [
            [
              -59.0124369,
              -27.4459183
            ],
            [
              -59.0120893,
              -27.4456545
            ],
            [
              -59.0124529,
              -27.4453389
            ],
            [
              -59.0124369,
              -27.4459183
            ]
          ]
        ]
      },
      "id": "way/255051124"
    },
    {
      "type": "Feature",
      "properties": {
        "@id": "way/255051125",
        "leisure": "park"
      },
      "geometry": {
        "type": "Polygon",
        "coordinates": [
          [
            [
              -59.012989,
              -27.4464624
            ],
            [
              -59.0125274,
              -27.4460071
            ],
            [
              -59.0130266,
              -27.4459979
            ],
            [
              -59.012989,
              -27.4464624
            ]
          ]
        ]
      },
      "id": "way/255051125"
    },
    {
      "type": "Feature",
      "properties": {
        "@id": "way/255051128",
        "leisure": "park"
      },
      "geometry": {
        "type": "Polygon",
        "coordinates": [
          [
            [
              -59.0143288,
              -27.4451231
            ],
            [
              -59.0139493,
              -27.4451237
            ],
            [
              -59.0139485,
              -27.4447221
            ],
            [
              -59.0143281,
              -27.4447216
            ],
            [
              -59.0143288,
              -27.4451231
            ]
          ]
        ]
      },
      "id": "way/255051128"
    },
    {
      "type": "Feature",
      "properties": {
        "@id": "way/255051129",
        "leisure": "park"
      },
      "geometry": {
        "type": "Polygon",
        "coordinates": [
          [
            [
              -59.0134879,
              -27.4453771
            ],
            [
              -59.0134832,
              -27.4457835
            ],
            [
              -59.0131126,
              -27.4457801
            ],
            [
              -59.0131173,
              -27.4453738
            ],
            [
              -59.0134879,
              -27.4453771
            ]
          ]
        ]
      },
      "id": "way/255051129"
    },
    {
      "type": "Feature",
      "properties": {
        "@id": "way/255051131",
        "leisure": "park"
      },
      "geometry": {
        "type": "Polygon",
        "coordinates": [
          [
            [
              -59.0131677,
              -27.4446856
            ],
            [
              -59.0134923,
              -27.4444208
            ],
            [
              -59.0134867,
              -27.444629
            ],
            [
              -59.0133441,
              -27.444644
            ],
            [
              -59.0133309,
              -27.4447106
            ],
            [
              -59.0131677,
              -27.4446856
            ]
          ]
        ]
      },
      "id": "way/255051131"
    },
    {
      "type": "Feature",
      "properties": {
        "@id": "way/255128028",
        "leisure": "park"
      },
      "geometry": {
        "type": "Polygon",
        "coordinates": [
          [
            [
              -59.0151526,
              -27.4413932
            ],
            [
              -59.0151387,
              -27.4415576
            ],
            [
              -59.0150359,
              -27.4414799
            ],
            [
              -59.0151526,
              -27.4413932
            ]
          ]
        ]
      },
      "id": "way/255128028"
    },
    {
      "type": "Feature",
      "properties": {
        "@id": "way/255128032",
        "leisure": "park"
      },
      "geometry": {
        "type": "Polygon",
        "coordinates": [
          [
            [
              -59.0153835,
              -27.444759
            ],
            [
              -59.015187,
              -27.4445339
            ],
            [
              -59.0154249,
              -27.4445401
            ],
            [
              -59.0153835,
              -27.444759
            ]
          ]
        ]
      },
      "id": "way/255128032"
    },
    {
      "type": "Feature",
      "properties": {
        "@id": "way/255128033",
        "leisure": "park"
      },
      "geometry": {
        "type": "Polygon",
        "coordinates": [
          [
            [
              -59.0155356,
              -27.4412518
            ],
            [
              -59.0152919,
              -27.4412675
            ],
            [
              -59.0155483,
              -27.4410434
            ],
            [
              -59.0155356,
              -27.4412518
            ]
          ]
        ]
      },
      "id": "way/255128033"
    },
    {
      "type": "Feature",
      "properties": {
        "@id": "way/255128034",
        "leisure": "park"
      },
      "geometry": {
        "type": "Polygon",
        "coordinates": [
          [
            [
              -59.0165204,
              -27.4416809
            ],
            [
              -59.0159734,
              -27.4416826
            ],
            [
              -59.0159728,
              -27.4415216
            ],
            [
              -59.0165198,
              -27.4415199
            ],
            [
              -59.0165204,
              -27.4416809
            ]
          ]
        ]
      },
      "id": "way/255128034"
    },
    {
      "type": "Feature",
      "properties": {
        "@id": "way/255128035",
        "leisure": "park"
      },
      "geometry": {
        "type": "Polygon",
        "coordinates": [
          [
            [
              -59.0180634,
              -27.4433483
            ],
            [
              -59.0177435,
              -27.4433504
            ],
            [
              -59.0177422,
              -27.4431894
            ],
            [
              -59.018062,
              -27.4431872
            ],
            [
              -59.0180634,
              -27.4433483
            ]
          ]
        ]
      },
      "id": "way/255128035"
    },
    {
      "type": "Feature",
      "properties": {
        "@id": "way/255128036",
        "leisure": "park"
      },
      "geometry": {
        "type": "Polygon",
        "coordinates": [
          [
            [
              -59.0164989,
              -27.4421116
            ],
            [
              -59.0164953,
              -27.4423983
            ],
            [
              -59.0162669,
              -27.4423961
            ],
            [
              -59.0162705,
              -27.4421094
            ],
            [
              -59.0164989,
              -27.4421116
            ]
          ]
        ]
      },
      "id": "way/255128036"
    },
    {
      "type": "Feature",
      "properties": {
        "@id": "way/255128038",
        "leisure": "park"
      },
      "geometry": {
        "type": "Polygon",
        "coordinates": [
          [
            [
              -59.0171105,
              -27.4423642
            ],
            [
              -59.0168084,
              -27.4423619
            ],
            [
              -59.0168109,
              -27.4421029
            ],
            [
              -59.0171129,
              -27.4421051
            ],
            [
              -59.0171105,
              -27.4423642
            ]
          ]
        ]
      },
      "id": "way/255128038"
    },
    {
      "type": "Feature",
      "properties": {
        "@id": "way/257525277",
        "leisure": "park"
      },
      "geometry": {
        "type": "Polygon",
        "coordinates": [
          [
            [
              -59.0150272,
              -27.4442127
            ],
            [
              -59.0150296,
              -27.4443622
            ],
            [
              -59.0148637,
              -27.4442116
            ],
            [
              -59.0150272,
              -27.4442127
            ]
          ]
        ]
      },
      "id": "way/257525277"
    },
    {
      "type": "Feature",
      "properties": {
        "@id": "way/257525278",
        "leisure": "park"
      },
      "geometry": {
        "type": "Polygon",
        "coordinates": [
          [
            [
              -59.0158331,
              -27.4450905
            ],
            [
              -59.0156957,
              -27.4449733
            ],
            [
              -59.0158366,
              -27.4449825
            ],
            [
              -59.0158331,
              -27.4450905
            ]
          ]
        ]
      },
      "id": "way/257525278"
    },
    {
      "type": "Feature",
      "properties": {
        "@id": "way/257525279",
        "leisure": "park"
      },
      "geometry": {
        "type": "Polygon",
        "coordinates": [
          [
            [
              -59.0145868,
              -27.4438172
            ],
            [
              -59.0145833,
              -27.4439576
            ],
            [
              -59.0144303,
              -27.4438126
            ],
            [
              -59.0145868,
              -27.4438172
            ]
          ]
        ]
      },
      "id": "way/257525279"
    },
    {
      "type": "Feature",
      "properties": {
        "@id": "way/257525282",
        "leisure": "park"
      },
      "geometry": {
        "type": "Polygon",
        "coordinates": [
          [
            [
              -59.0164942,
              -27.4456906
            ],
            [
              -59.0163048,
              -27.4455204
            ],
            [
              -59.0164892,
              -27.4455248
            ],
            [
              -59.0164942,
              -27.4456906
            ]
          ]
        ]
      },
      "id": "way/257525282"
    },
    {
      "type": "Feature",
      "properties": {
        "@id": "way/257525283",
        "leisure": "park"
      },
      "geometry": {
        "type": "Polygon",
        "coordinates": [
          [
            [
              -59.0178946,
              -27.4449982
            ],
            [
              -59.0177889,
              -27.445116
            ],
            [
              -59.0176291,
              -27.4449982
            ],
            [
              -59.0178946,
              -27.4449982
            ]
          ]
        ]
      },
      "id": "way/257525283"
    },
    {
      "type": "Feature",
      "properties": {
        "@id": "way/257525284",
        "leisure": "park"
      },
      "geometry": {
        "type": "Polygon",
        "coordinates": [
          [
            [
              -59.0190205,
              -27.4439891
            ],
            [
              -59.0187752,
              -27.4442252
            ],
            [
              -59.0187863,
              -27.4439579
            ],
            [
              -59.0190205,
              -27.4439891
            ]
          ]
        ]
      },
      "id": "way/257525284"
    },
    {
      "type": "Feature",
      "properties": {
        "@id": "way/257525285",
        "leisure": "park"
      },
      "geometry": {
        "type": "Polygon",
        "coordinates": [
          [
            [
              -59.018129,
              -27.4448085
            ],
            [
              -59.0179864,
              -27.4449489
            ],
            [
              -59.0179934,
              -27.4448054
            ],
            [
              -59.018129,
              -27.4448085
            ]
          ]
        ]
      },
      "id": "way/257525285"
    },
    {
      "type": "Feature",
      "properties": {
        "@id": "way/257525286",
        "leisure": "park"
      },
      "geometry": {
        "type": "Polygon",
        "coordinates": [
          [
            [
              -59.0170356,
              -27.4440461
            ],
            [
              -59.0170336,
              -27.4443122
            ],
            [
              -59.0169397,
              -27.4443117
            ],
            [
              -59.0169417,
              -27.4440456
            ],
            [
              -59.0170356,
              -27.4440461
            ]
          ]
        ]
      },
      "id": "way/257525286"
    },
    {
      "type": "Feature",
      "properties": {
        "@id": "way/257525287",
        "leisure": "park"
      },
      "geometry": {
        "type": "Polygon",
        "coordinates": [
          [
            [
              -59.0157851,
              -27.4437473
            ],
            [
              -59.0157851,
              -27.4439207
            ],
            [
              -59.0154421,
              -27.4439207
            ],
            [
              -59.0154421,
              -27.4437473
            ],
            [
              -59.0157851,
              -27.4437473
            ]
          ]
        ]
      },
      "id": "way/257525287"
    },
    {
      "type": "Feature",
      "properties": {
        "@id": "way/257525289",
        "leisure": "park"
      },
      "geometry": {
        "type": "Polygon",
        "coordinates": [
          [
            [
              -59.0181058,
              -27.4455682
            ],
            [
              -59.0177291,
              -27.4459201
            ],
            [
              -59.0177178,
              -27.4457491
            ],
            [
              -59.0174997,
              -27.4457366
            ],
            [
              -59.0175592,
              -27.4450881
            ],
            [
              -59.0181058,
              -27.4455682
            ]
          ]
        ]
      },
      "id": "way/257525289"
    },
    {
      "type": "Feature",
      "properties": {
        "@id": "way/257979188",
        "leisure": "park"
      },
      "geometry": {
        "type": "Polygon",
        "coordinates": [
          [
            [
              -59.0176059,
              -27.4461548
            ],
            [
              -59.0173066,
              -27.4464145
            ],
            [
              -59.0171544,
              -27.446275
            ],
            [
              -59.0171712,
              -27.4461533
            ],
            [
              -59.0176059,
              -27.4461548
            ]
          ]
        ]
      },
      "id": "way/257979188"
    },
    {
      "type": "Feature",
      "properties": {
        "@id": "way/260126007",
        "landuse": "recreation_ground",
        "name": "Sociedad Rural del Chaco"
      },
      "geometry": {
        "type": "Polygon",
        "coordinates": [
          [
            [
              -59.0096633,
              -27.4434373
            ],
            [
              -59.0120012,
              -27.4455258
            ],
            [
              -59.0107661,
              -27.4466147
            ],
            [
              -59.0106197,
              -27.4464839
            ],
            [
              -59.0104715,
              -27.4466145
            ],
            [
              -59.0105349,
              -27.4466712
            ],
            [
              -59.0104801,
              -27.4467195
            ],
            [
              -59.0103219,
              -27.4465782
            ],
            [
              -59.0086562,
              -27.4450903
            ],
            [
              -59.0082545,
              -27.4447314
            ],
            [
              -59.0082555,
              -27.4446785
            ],
            [
              -59.0088452,
              -27.4441586
            ],
            [
              -59.0096633,
              -27.4434373
            ]
          ]
        ]
      },
      "id": "way/260126007"
    },
    {
      "type": "Feature",
      "properties": {
        "@id": "way/261607033",
        "leisure": "park",
        "name": "Plazoleta San Martìn"
      },
      "geometry": {
        "type": "Polygon",
        "coordinates": [
          [
            [
              -59.0147116,
              -27.4481562
            ],
            [
              -59.0143559,
              -27.4478519
            ],
            [
              -59.0142805,
              -27.4477841
            ],
            [
              -59.014143,
              -27.4476674
            ],
            [
              -59.0143111,
              -27.4475214
            ],
            [
              -59.0144756,
              -27.4475309
            ],
            [
              -59.0146043,
              -27.4475849
            ],
            [
              -59.0154126,
              -27.4475976
            ],
            [
              -59.0155198,
              -27.4475373
            ],
            [
              -59.0156593,
              -27.4475436
            ],
            [
              -59.0160098,
              -27.4476896
            ],
            [
              -59.0165891,
              -27.4481704
            ],
            [
              -59.0164068,
              -27.448318
            ],
            [
              -59.0158717,
              -27.4478699
            ],
            [
              -59.0158255,
              -27.447916
            ],
            [
              -59.0155212,
              -27.4476504
            ],
            [
              -59.0151443,
              -27.4479435
            ],
            [
              -59.0150335,
              -27.4478705
            ],
            [
              -59.0147116,
              -27.4481562
            ]
          ]
        ]
      },
      "id": "way/261607033"
    },
    {
      "type": "Feature",
      "properties": {
        "@id": "way/261607037",
        "leisure": "park"
      },
      "geometry": {
        "type": "Polygon",
        "coordinates": [
          [
            [
              -59.0145337,
              -27.4470323
            ],
            [
              -59.014423,
              -27.4469299
            ],
            [
              -59.0145285,
              -27.4468401
            ],
            [
              -59.0146392,
              -27.4469425
            ],
            [
              -59.0145337,
              -27.4470323
            ]
          ]
        ]
      },
      "id": "way/261607037"
    },
    {
      "type": "Feature",
      "properties": {
        "@id": "way/261607039",
        "leisure": "park"
      },
      "geometry": {
        "type": "Polygon",
        "coordinates": [
          [
            [
              -59.0146215,
              -27.4498232
            ],
            [
              -59.0145345,
              -27.4497424
            ],
            [
              -59.0148974,
              -27.4494347
            ],
            [
              -59.0149844,
              -27.4495156
            ],
            [
              -59.0146215,
              -27.4498232
            ]
          ]
        ]
      },
      "id": "way/261607039"
    },
    {
      "type": "Feature",
      "properties": {
        "@id": "way/261607040",
        "leisure": "park"
      },
      "geometry": {
        "type": "Polygon",
        "coordinates": [
          [
            [
              -59.0150374,
              -27.4471929
            ],
            [
              -59.015066,
              -27.4468041
            ],
            [
              -59.0151804,
              -27.4467406
            ],
            [
              -59.015606,
              -27.4471675
            ],
            [
              -59.0155362,
              -27.4472071
            ],
            [
              -59.0157025,
              -27.4473865
            ],
            [
              -59.0154826,
              -27.4474245
            ],
            [
              -59.0154611,
              -27.4472135
            ],
            [
              -59.0150374,
              -27.4471929
            ]
          ]
        ]
      },
      "id": "way/261607040"
    },
    {
      "type": "Feature",
      "properties": {
        "@id": "way/261744094",
        "leisure": "park"
      },
      "geometry": {
        "type": "Polygon",
        "coordinates": [
          [
            [
              -59.0161211,
              -27.4464543
            ],
            [
              -59.0158052,
              -27.4461723
            ],
            [
              -59.0159212,
              -27.44607
            ],
            [
              -59.0162371,
              -27.446352
            ],
            [
              -59.0161211,
              -27.4464543
            ]
          ]
        ]
      },
      "id": "way/261744094"
    },
    {
      "type": "Feature",
      "properties": {
        "@id": "way/261744095",
        "leisure": "park"
      },
      "geometry": {
        "type": "Polygon",
        "coordinates": [
          [
            [
              -59.016024,
              -27.4466286
            ],
            [
              -59.0157222,
              -27.4468845
            ],
            [
              -59.0156691,
              -27.4468397
            ],
            [
              -59.0159709,
              -27.4465838
            ],
            [
              -59.016024,
              -27.4466286
            ]
          ]
        ]
      },
      "id": "way/261744095"
    },
    {
      "type": "Feature",
      "properties": {
        "@id": "way/262364016",
        "leisure": "park"
      },
      "geometry": {
        "type": "Polygon",
        "coordinates": [
          [
            [
              -59.0212016,
              -27.4559312
            ],
            [
              -59.0210091,
              -27.4557604
            ],
            [
              -59.0212686,
              -27.4555302
            ],
            [
              -59.021461,
              -27.455701
            ],
            [
              -59.0212016,
              -27.4559312
            ]
          ]
        ]
      },
      "id": "way/262364016"
    },
    {
      "type": "Feature",
      "properties": {
        "@id": "way/262364018",
        "leisure": "park"
      },
      "geometry": {
        "type": "Polygon",
        "coordinates": [
          [
            [
              -59.0246315,
              -27.4506077
            ],
            [
              -59.0242671,
              -27.4502945
            ],
            [
              -59.0247151,
              -27.449884
            ],
            [
              -59.0250795,
              -27.4501971
            ],
            [
              -59.0246315,
              -27.4506077
            ]
          ]
        ]
      },
      "id": "way/262364018"
    },
    {
      "type": "Feature",
      "properties": {
        "@id": "way/262364023",
        "leisure": "park"
      },
      "geometry": {
        "type": "Polygon",
        "coordinates": [
          [
            [
              -59.0230351,
              -27.4542751
            ],
            [
              -59.0227858,
              -27.4545008
            ],
            [
              -59.0226021,
              -27.4543409
            ],
            [
              -59.0228514,
              -27.4541153
            ],
            [
              -59.0230351,
              -27.4542751
            ]
          ]
        ]
      },
      "id": "way/262364023"
    },
    {
      "type": "Feature",
      "properties": {
        "@id": "way/262364024",
        "leisure": "park"
      },
      "geometry": {
        "type": "Polygon",
        "coordinates": [
          [
            [
              -59.0223311,
              -27.4536151
            ],
            [
              -59.0220714,
              -27.4538499
            ],
            [
              -59.0218762,
              -27.4536799
            ],
            [
              -59.0221359,
              -27.4534451
            ],
            [
              -59.0223311,
              -27.4536151
            ]
          ]
        ]
      },
      "id": "way/262364024"
    },
    {
      "type": "Feature",
      "properties": {
        "@id": "way/262364027",
        "leisure": "park"
      },
      "geometry": {
        "type": "Polygon",
        "coordinates": [
          [
            [
              -59.0204623,
              -27.4552653
            ],
            [
              -59.0202699,
              -27.4550945
            ],
            [
              -59.0205294,
              -27.4548643
            ],
            [
              -59.0207218,
              -27.4550351
            ],
            [
              -59.0204623,
              -27.4552653
            ]
          ]
        ]
      },
      "id": "way/262364027"
    },
    {
      "type": "Feature",
      "properties": {
        "@id": "way/262364029",
        "leisure": "park"
      },
      "geometry": {
        "type": "Polygon",
        "coordinates": [
          [
            [
              -59.0219601,
              -27.4543599
            ],
            [
              -59.021314,
              -27.4549378
            ],
            [
              -59.0212075,
              -27.4548463
            ],
            [
              -59.0214017,
              -27.4546633
            ],
            [
              -59.0210804,
              -27.4543706
            ],
            [
              -59.021314,
              -27.4541815
            ],
            [
              -59.0216353,
              -27.454459
            ],
            [
              -59.0218501,
              -27.4542685
            ],
            [
              -59.0219601,
              -27.4543599
            ]
          ]
        ]
      },
      "id": "way/262364029"
    },
    {
      "type": "Feature",
      "properties": {
        "@id": "way/262515613",
        "leisure": "park"
      },
      "geometry": {
        "type": "Polygon",
        "coordinates": [
          [
            [
              -59.0173798,
              -27.452837
            ],
            [
              -59.0171877,
              -27.4526653
            ],
            [
              -59.0176403,
              -27.4522666
            ],
            [
              -59.0178324,
              -27.4524384
            ],
            [
              -59.0173798,
              -27.452837
            ]
          ]
        ]
      },
      "id": "way/262515613"
    },
    {
      "type": "Feature",
      "properties": {
        "@id": "way/262529756",
        "leisure": "park"
      },
      "geometry": {
        "type": "Polygon",
        "coordinates": [
          [
            [
              -59.0171965,
              -27.4524162
            ],
            [
              -59.0170379,
              -27.4525536
            ],
            [
              -59.0166209,
              -27.4521744
            ],
            [
              -59.0167796,
              -27.452037
            ],
            [
              -59.0171965,
              -27.4524162
            ]
          ]
        ]
      },
      "id": "way/262529756"
    },
    {
      "type": "Feature",
      "properties": {
        "@id": "way/263276137",
        "leisure": "park"
      },
      "geometry": {
        "type": "Polygon",
        "coordinates": [
          [
            [
              -58.9878413,
              -27.4802379
            ],
            [
              -58.987792,
              -27.4805249
            ],
            [
              -58.9875455,
              -27.4804948
            ],
            [
              -58.9878413,
              -27.4802379
            ]
          ]
        ]
      },
      "id": "way/263276137"
    },
    {
      "type": "Feature",
      "properties": {
        "@id": "way/263276140",
        "leisure": "park"
      },
      "geometry": {
        "type": "Polygon",
        "coordinates": [
          [
            [
              -58.9888446,
              -27.480836
            ],
            [
              -58.9887796,
              -27.4813111
            ],
            [
              -58.9885403,
              -27.4812853
            ],
            [
              -58.9886052,
              -27.4808102
            ],
            [
              -58.9888446,
              -27.480836
            ]
          ]
        ]
      },
      "id": "way/263276140"
    },
    {
      "type": "Feature",
      "properties": {
        "@id": "way/263276151",
        "leisure": "park"
      },
      "geometry": {
        "type": "Polygon",
        "coordinates": [
          [
            [
              -58.9872029,
              -27.4808325
            ],
            [
              -58.9871493,
              -27.48113
            ],
            [
              -58.9872861,
              -27.4811348
            ],
            [
              -58.9872271,
              -27.4814584
            ],
            [
              -58.9870742,
              -27.4814489
            ],
            [
              -58.9866531,
              -27.4813941
            ],
            [
              -58.9866853,
              -27.4812585
            ],
            [
              -58.9872029,
              -27.4808325
            ]
          ]
        ]
      },
      "id": "way/263276151"
    },
    {
      "type": "Feature",
      "properties": {
        "@id": "way/263276158",
        "leisure": "park"
      },
      "geometry": {
        "type": "Polygon",
        "coordinates": [
          [
            [
              -58.9877394,
              -27.4806017
            ],
            [
              -58.9876857,
              -27.4808611
            ],
            [
              -58.9872136,
              -27.4807969
            ],
            [
              -58.9874819,
              -27.4805684
            ],
            [
              -58.9877394,
              -27.4806017
            ]
          ]
        ]
      },
      "id": "way/263276158"
    },
    {
      "type": "Feature",
      "properties": {
        "@id": "way/263283378",
        "leisure": "park"
      },
      "geometry": {
        "type": "Polygon",
        "coordinates": [
          [
            [
              -58.9866015,
              -27.4811215
            ],
            [
              -58.9867023,
              -27.4804236
            ],
            [
              -58.9873424,
              -27.4804842
            ],
            [
              -58.9866563,
              -27.4811181
            ],
            [
              -58.9866015,
              -27.4811215
            ]
          ]
        ]
      },
      "id": "way/263283378"
    },
    {
      "type": "Feature",
      "properties": {
        "@id": "way/263283385",
        "leisure": "park",
        "name": "Plaza Güiraldes"
      },
      "geometry": {
        "type": "Polygon",
        "coordinates": [
          [
            [
              -58.9902513,
              -27.4857825
            ],
            [
              -58.9897482,
              -27.4862165
            ],
            [
              -58.9890967,
              -27.4856407
            ],
            [
              -58.9896878,
              -27.4857092
            ],
            [
              -58.9902513,
              -27.4857825
            ]
          ]
        ]
      },
      "id": "way/263283385"
    },
    {
      "type": "Feature",
      "properties": {
        "@id": "way/264685842",
        "leisure": "park",
        "name": "Plazoleta 20 de Junio"
      },
      "geometry": {
        "type": "Polygon",
        "coordinates": [
          [
            [
              -58.9881658,
              -27.4848041
            ],
            [
              -58.9889532,
              -27.4849149
            ],
            [
              -58.988854,
              -27.4854714
            ],
            [
              -58.9879226,
              -27.4846593
            ],
            [
              -58.9882122,
              -27.484505
            ],
            [
              -58.9881658,
              -27.4848041
            ]
          ]
        ]
      },
      "id": "way/264685842"
    },
    {
      "type": "Feature",
      "properties": {
        "@id": "way/264685843",
        "leisure": "park",
        "name": "Plazoleta Amistad"
      },
      "geometry": {
        "type": "Polygon",
        "coordinates": [
          [
            [
              -58.9871952,
              -27.4839461
            ],
            [
              -58.987256,
              -27.4840142
            ],
            [
              -58.9875761,
              -27.4840739
            ],
            [
              -58.9875825,
              -27.4843039
            ],
            [
              -58.9879834,
              -27.4843394
            ],
            [
              -58.9879942,
              -27.4844513
            ],
            [
              -58.98787,
              -27.4845584
            ],
            [
              -58.9867533,
              -27.48362
            ],
            [
              -58.987224,
              -27.4836962
            ],
            [
              -58.9871952,
              -27.4839461
            ]
          ]
        ]
      },
      "id": "way/264685843"
    },
    {
      "type": "Feature",
      "properties": {
        "@id": "way/264685844",
        "leisure": "park",
        "name": "Plazoleta Cabo Primero Oscar Benítez"
      },
      "geometry": {
        "type": "Polygon",
        "coordinates": [
          [
            [
              -58.9867448,
              -27.4835914
            ],
            [
              -58.9863799,
              -27.4832336
            ],
            [
              -58.9863223,
              -27.4831257
            ],
            [
              -58.9863511,
              -27.4828985
            ],
            [
              -58.9869496,
              -27.4829809
            ],
            [
              -58.986876,
              -27.4833017
            ],
            [
              -58.9868024,
              -27.4833898
            ],
            [
              -58.9867448,
              -27.4835914
            ]
          ]
        ]
      },
      "id": "way/264685844"
    },
    {
      "type": "Feature",
      "properties": {
        "@id": "way/264685845",
        "leisure": "park",
        "name": "Plazoleta Capitán Giachino"
      },
      "geometry": {
        "type": "Polygon",
        "coordinates": [
          [
            [
              -58.9874082,
              -27.4844577
            ],
            [
              -58.9871412,
              -27.4844075
            ],
            [
              -58.9868928,
              -27.4845951
            ],
            [
              -58.9869211,
              -27.4846971
            ],
            [
              -58.9867807,
              -27.4847939
            ],
            [
              -58.9866591,
              -27.4847996
            ],
            [
              -58.9865151,
              -27.4849586
            ],
            [
              -58.9864574,
              -27.484899
            ],
            [
              -58.9866335,
              -27.48474
            ],
            [
              -58.9866015,
              -27.4846406
            ],
            [
              -58.9867135,
              -27.4845185
            ],
            [
              -58.9868799,
              -27.4845043
            ],
            [
              -58.9868639,
              -27.4843822
            ],
            [
              -58.9869941,
              -27.4842689
            ],
            [
              -58.9869239,
              -27.4840902
            ],
            [
              -58.9870235,
              -27.4839959
            ],
            [
              -58.9874829,
              -27.4844235
            ],
            [
              -58.9874082,
              -27.4844577
            ]
          ]
        ]
      },
      "id": "way/264685845"
    },
    {
      "type": "Feature",
      "properties": {
        "@id": "way/264685847",
        "leisure": "park",
        "name": "Plazoleta Juan Manuel de Rosas"
      },
      "geometry": {
        "type": "Polygon",
        "coordinates": [
          [
            [
              -58.9885249,
              -27.4828436
            ],
            [
              -58.9884827,
              -27.4830899
            ],
            [
              -58.9878879,
              -27.4830098
            ],
            [
              -58.98793,
              -27.4827635
            ],
            [
              -58.9885249,
              -27.4828436
            ]
          ]
        ]
      },
      "id": "way/264685847"
    },
    {
      "type": "Feature",
      "properties": {
        "@id": "way/264685848",
        "leisure": "park",
        "name": "Plazoleta Malvinas Argentinas"
      },
      "geometry": {
        "type": "Polygon",
        "coordinates": [
          [
            [
              -58.9876376,
              -27.4858634
            ],
            [
              -58.9873336,
              -27.4855965
            ],
            [
              -58.9876248,
              -27.4853381
            ],
            [
              -58.9876376,
              -27.4858634
            ]
          ]
        ]
      },
      "id": "way/264685848"
    },
    {
      "type": "Feature",
      "properties": {
        "@id": "way/264685849",
        "leisure": "park",
        "name": "Plazoleta Martín Miguel de Güemes"
      },
      "geometry": {
        "type": "Polygon",
        "coordinates": [
          [
            [
              -58.9874424,
              -27.4852785
            ],
            [
              -58.9871991,
              -27.4854971
            ],
            [
              -58.986863,
              -27.4852245
            ],
            [
              -58.9869399,
              -27.4851847
            ],
            [
              -58.9873496,
              -27.485216
            ],
            [
              -58.9874424,
              -27.4852785
            ]
          ]
        ]
      },
      "id": "way/264685849"
    },
    {
      "type": "Feature",
      "properties": {
        "@id": "way/264685938",
        "leisure": "park"
      },
      "geometry": {
        "type": "Polygon",
        "coordinates": [
          [
            [
              -58.9885071,
              -27.4859123
            ],
            [
              -58.9884591,
              -27.4853785
            ],
            [
              -58.988776,
              -27.485671
            ],
            [
              -58.9885071,
              -27.4859123
            ]
          ]
        ]
      },
      "id": "way/264685938"
    },
    {
      "type": "Feature",
      "properties": {
        "@id": "way/264685939",
        "landuse": "grass",
        "leisure": "park"
      },
      "geometry": {
        "type": "Polygon",
        "coordinates": [
          [
            [
              -58.980935,
              -27.4845678
            ],
            [
              -58.981231,
              -27.4848356
            ],
            [
              -58.9812171,
              -27.4848477
            ],
            [
              -58.980921,
              -27.4845799
            ],
            [
              -58.980935,
              -27.4845678
            ]
          ]
        ]
      },
      "id": "way/264685939"
    },
    {
      "type": "Feature",
      "properties": {
        "@id": "way/264685940",
        "landuse": "grass",
        "leisure": "park"
      },
      "geometry": {
        "type": "Polygon",
        "coordinates": [
          [
            [
              -58.98218,
              -27.4856705
            ],
            [
              -58.9825251,
              -27.4859803
            ],
            [
              -58.9825117,
              -27.485992
            ],
            [
              -58.9821665,
              -27.4856822
            ],
            [
              -58.98218,
              -27.4856705
            ]
          ]
        ]
      },
      "id": "way/264685940"
    },
    {
      "type": "Feature",
      "properties": {
        "@id": "way/264685941",
        "landuse": "grass",
        "leisure": "park"
      },
      "geometry": {
        "type": "Polygon",
        "coordinates": [
          [
            [
              -58.982639,
              -27.486114
            ],
            [
              -58.982847,
              -27.4862803
            ],
            [
              -58.9828329,
              -27.4862929
            ],
            [
              -58.9826249,
              -27.4861266
            ],
            [
              -58.982639,
              -27.486114
            ]
          ]
        ]
      },
      "id": "way/264685941"
    },
    {
      "type": "Feature",
      "properties": {
        "@id": "way/264685942",
        "landuse": "grass",
        "leisure": "park"
      },
      "geometry": {
        "type": "Polygon",
        "coordinates": [
          [
            [
              -58.9793308,
              -27.4831186
            ],
            [
              -58.9796927,
              -27.4834387
            ],
            [
              -58.9796771,
              -27.4834523
            ],
            [
              -58.9793152,
              -27.4831322
            ],
            [
              -58.9793308,
              -27.4831186
            ]
          ]
        ]
      },
      "id": "way/264685942"
    },
    {
      "type": "Feature",
      "properties": {
        "@id": "way/264685944",
        "landuse": "grass",
        "leisure": "park"
      },
      "geometry": {
        "type": "Polygon",
        "coordinates": [
          [
            [
              -58.9812922,
              -27.4848906
            ],
            [
              -58.9815861,
              -27.4851537
            ],
            [
              -58.9815743,
              -27.4851639
            ],
            [
              -58.9812805,
              -27.4849009
            ],
            [
              -58.9812922,
              -27.4848906
            ]
          ]
        ]
      },
      "id": "way/264685944"
    },
    {
      "type": "Feature",
      "properties": {
        "@id": "way/264685946",
        "landuse": "grass",
        "leisure": "park"
      },
      "geometry": {
        "type": "Polygon",
        "coordinates": [
          [
            [
              -58.9817136,
              -27.4852653
            ],
            [
              -58.982077,
              -27.4855846
            ],
            [
              -58.982064,
              -27.4855958
            ],
            [
              -58.9817006,
              -27.4852766
            ],
            [
              -58.9817136,
              -27.4852653
            ]
          ]
        ]
      },
      "id": "way/264685946"
    },
    {
      "type": "Feature",
      "properties": {
        "@id": "way/264685947",
        "landuse": "grass",
        "leisure": "park"
      },
      "geometry": {
        "type": "Polygon",
        "coordinates": [
          [
            [
              -58.9797591,
              -27.4835015
            ],
            [
              -58.9800791,
              -27.483792
            ],
            [
              -58.9800632,
              -27.4838057
            ],
            [
              -58.9797432,
              -27.4835152
            ],
            [
              -58.9797591,
              -27.4835015
            ]
          ]
        ]
      },
      "id": "way/264685947"
    },
    {
      "type": "Feature",
      "properties": {
        "@id": "way/264685949",
        "landuse": "grass",
        "leisure": "park"
      },
      "geometry": {
        "type": "Polygon",
        "coordinates": [
          [
            [
              -58.9801802,
              -27.4838689
            ],
            [
              -58.9804888,
              -27.4841543
            ],
            [
              -58.9804742,
              -27.484167
            ],
            [
              -58.9801615,
              -27.4838827
            ],
            [
              -58.9801802,
              -27.4838689
            ]
          ]
        ]
      },
      "id": "way/264685949"
    },
    {
      "type": "Feature",
      "properties": {
        "@id": "way/264685950",
        "landuse": "grass",
        "leisure": "park"
      },
      "geometry": {
        "type": "Polygon",
        "coordinates": [
          [
            [
              -58.9805456,
              -27.484211
            ],
            [
              -58.980872,
              -27.4845044
            ],
            [
              -58.9808571,
              -27.4845175
            ],
            [
              -58.9805307,
              -27.4842241
            ],
            [
              -58.9805456,
              -27.484211
            ]
          ]
        ]
      },
      "id": "way/264685950"
    },
    {
      "type": "Feature",
      "properties": {
        "@id": "way/264685951",
        "leisure": "park"
      },
      "geometry": {
        "type": "Polygon",
        "coordinates": [
          [
            [
              -58.9882229,
              -27.4841307
            ],
            [
              -58.9880213,
              -27.4841073
            ],
            [
              -58.9881142,
              -27.4834767
            ],
            [
              -58.9884737,
              -27.4835184
            ],
            [
              -58.9884341,
              -27.4837875
            ],
            [
              -58.9882762,
              -27.4837692
            ],
            [
              -58.9882229,
              -27.4841307
            ]
          ]
        ]
      },
      "id": "way/264685951"
    },
    {
      "type": "Feature",
      "properties": {
        "@id": "way/264690010",
        "leisure": "park",
        "name": "Plazoleta Sur"
      },
      "geometry": {
        "type": "Polygon",
        "coordinates": [
          [
            [
              -58.989279,
              -27.4868758
            ],
            [
              -58.9890355,
              -27.4870898
            ],
            [
              -58.9886128,
              -27.4867332
            ],
            [
              -58.9888127,
              -27.4867332
            ],
            [
              -58.9890999,
              -27.4867658
            ],
            [
              -58.989279,
              -27.4868758
            ]
          ]
        ]
      },
      "id": "way/264690010"
    },
    {
      "type": "Feature",
      "properties": {
        "@id": "way/264690045",
        "leisure": "park"
      },
      "geometry": {
        "type": "Polygon",
        "coordinates": [
          [
            [
              -58.9903268,
              -27.4857229
            ],
            [
              -58.9903691,
              -27.4854866
            ],
            [
              -58.990551,
              -27.4855096
            ],
            [
              -58.9903268,
              -27.4857229
            ]
          ]
        ]
      },
      "id": "way/264690045"
    },
    {
      "type": "Feature",
      "properties": {
        "@id": "way/264690046",
        "leisure": "park"
      },
      "geometry": {
        "type": "Polygon",
        "coordinates": [
          [
            [
              -58.9902305,
              -27.4846782
            ],
            [
              -58.9900753,
              -27.4846593
            ],
            [
              -58.9901124,
              -27.4844194
            ],
            [
              -58.9902677,
              -27.4844384
            ],
            [
              -58.9902305,
              -27.4846782
            ]
          ]
        ]
      },
      "id": "way/264690046"
    },
    {
      "type": "Feature",
      "properties": {
        "@id": "way/264690047",
        "leisure": "park",
        "name": "Plaza José Hernández"
      },
      "geometry": {
        "type": "Polygon",
        "coordinates": [
          [
            [
              -58.9891604,
              -27.4859951
            ],
            [
              -58.989119,
              -27.4860399
            ],
            [
              -58.9888181,
              -27.486044
            ],
            [
              -58.9887032,
              -27.4859727
            ],
            [
              -58.9889146,
              -27.4857771
            ],
            [
              -58.9891604,
              -27.4859951
            ]
          ]
        ]
      },
      "id": "way/264690047"
    },
    {
      "type": "Feature",
      "properties": {
        "@id": "way/264690048",
        "leisure": "park"
      },
      "geometry": {
        "type": "Polygon",
        "coordinates": [
          [
            [
              -58.9916556,
              -27.4845418
            ],
            [
              -58.9917206,
              -27.4842853
            ],
            [
              -58.991896,
              -27.4843141
            ],
            [
              -58.9919707,
              -27.4842796
            ],
            [
              -58.9920584,
              -27.4839308
            ],
            [
              -58.9922209,
              -27.483951
            ],
            [
              -58.9920747,
              -27.4840951
            ],
            [
              -58.9921234,
              -27.4841758
            ],
            [
              -58.9919415,
              -27.484343
            ],
            [
              -58.9916556,
              -27.4845418
            ]
          ]
        ]
      },
      "id": "way/264690048"
    },
    {
      "type": "Feature",
      "properties": {
        "@id": "way/264981908",
        "leisure": "park"
      },
      "geometry": {
        "type": "Polygon",
        "coordinates": [
          [
            [
              -58.9906049,
              -27.48263
            ],
            [
              -58.9905625,
              -27.4829028
            ],
            [
              -58.9900227,
              -27.4828368
            ],
            [
              -58.9900651,
              -27.4825641
            ],
            [
              -58.9906049,
              -27.48263
            ]
          ]
        ]
      },
      "id": "way/264981908"
    },
    {
      "type": "Feature",
      "properties": {
        "@id": "way/264981909",
        "leisure": "park"
      },
      "geometry": {
        "type": "Polygon",
        "coordinates": [
          [
            [
              -58.9896368,
              -27.481513
            ],
            [
              -58.9895563,
              -27.4820751
            ],
            [
              -58.9895308,
              -27.4820748
            ],
            [
              -58.9896119,
              -27.4815141
            ],
            [
              -58.9896368,
              -27.481513
            ]
          ]
        ]
      },
      "id": "way/264981909"
    },
    {
      "type": "Feature",
      "properties": {
        "@id": "way/264981910",
        "leisure": "park"
      },
      "geometry": {
        "type": "Polygon",
        "coordinates": [
          [
            [
              -58.9894028,
              -27.4829415
            ],
            [
              -58.9893364,
              -27.4834212
            ],
            [
              -58.9893074,
              -27.4834175
            ],
            [
              -58.9893807,
              -27.4829414
            ],
            [
              -58.9894028,
              -27.4829415
            ]
          ]
        ]
      },
      "id": "way/264981910"
    },
    {
      "type": "Feature",
      "properties": {
        "@id": "way/264981911",
        "leisure": "park"
      },
      "geometry": {
        "type": "Polygon",
        "coordinates": [
          [
            [
              -58.9892574,
              -27.4839497
            ],
            [
              -58.988999,
              -27.4854506
            ],
            [
              -58.988979,
              -27.4854516
            ],
            [
              -58.9892298,
              -27.4839431
            ],
            [
              -58.9892574,
              -27.4839497
            ]
          ]
        ]
      },
      "id": "way/264981911"
    },
    {
      "type": "Feature",
      "properties": {
        "@id": "way/264981912",
        "leisure": "park"
      },
      "geometry": {
        "type": "Polygon",
        "coordinates": [
          [
            [
              -58.9898744,
              -27.4799919
            ],
            [
              -58.9896584,
              -27.4814417
            ],
            [
              -58.9896291,
              -27.4814387
            ],
            [
              -58.9898532,
              -27.4799878
            ],
            [
              -58.9898744,
              -27.4799919
            ]
          ]
        ]
      },
      "id": "way/264981912"
    },
    {
      "type": "Feature",
      "properties": {
        "@id": "way/264981913",
        "leisure": "park"
      },
      "geometry": {
        "type": "Polygon",
        "coordinates": [
          [
            [
              -58.9895397,
              -27.482223
            ],
            [
              -58.9894223,
              -27.4828453
            ],
            [
              -58.9893979,
              -27.4828446
            ],
            [
              -58.9895015,
              -27.4822182
            ],
            [
              -58.9895397,
              -27.482223
            ]
          ]
        ]
      },
      "id": "way/264981913"
    },
    {
      "type": "Feature",
      "properties": {
        "@id": "way/264981915",
        "leisure": "park"
      },
      "geometry": {
        "type": "Polygon",
        "coordinates": [
          [
            [
              -58.990819,
              -27.4822054
            ],
            [
              -58.9905736,
              -27.4821738
            ],
            [
              -58.9906188,
              -27.481897
            ],
            [
              -58.9903447,
              -27.4818617
            ],
            [
              -58.9903854,
              -27.4816129
            ],
            [
              -58.9909049,
              -27.4816797
            ],
            [
              -58.990819,
              -27.4822054
            ]
          ]
        ]
      },
      "id": "way/264981915"
    },
    {
      "type": "Feature",
      "properties": {
        "@id": "way/265474894",
        "leisure": "park"
      },
      "geometry": {
        "type": "Polygon",
        "coordinates": [
          [
            [
              -58.9514353,
              -27.4620257
            ],
            [
              -58.9521067,
              -27.4629406
            ],
            [
              -58.9515495,
              -27.4633523
            ],
            [
              -58.9513138,
              -27.463138
            ],
            [
              -58.9516397,
              -27.4627145
            ],
            [
              -58.9514942,
              -27.4626034
            ],
            [
              -58.951436,
              -27.4626318
            ],
            [
              -58.9511913,
              -27.4624101
            ],
            [
              -58.9512922,
              -27.4623341
            ],
            [
              -58.9511239,
              -27.4621959
            ],
            [
              -58.9511615,
              -27.4621651
            ],
            [
              -58.9512148,
              -27.4622006
            ],
            [
              -58.9514353,
              -27.4620257
            ]
          ]
        ]
      },
      "id": "way/265474894"
    },
    {
      "type": "Feature",
      "properties": {
        "@id": "way/265474895",
        "leisure": "park"
      },
      "geometry": {
        "type": "Polygon",
        "coordinates": [
          [
            [
              -58.9507719,
              -27.462687
            ],
            [
              -58.9508837,
              -27.4627926
            ],
            [
              -58.9507337,
              -27.4629176
            ],
            [
              -58.9507707,
              -27.4629526
            ],
            [
              -58.9505401,
              -27.4631446
            ],
            [
              -58.9504889,
              -27.4630962
            ],
            [
              -58.9503132,
              -27.4632426
            ],
            [
              -58.9502288,
              -27.4631628
            ],
            [
              -58.9503626,
              -27.4630514
            ],
            [
              -58.950408,
              -27.4630944
            ],
            [
              -58.9507226,
              -27.4628324
            ],
            [
              -58.9506639,
              -27.4627769
            ],
            [
              -58.9507719,
              -27.462687
            ]
          ]
        ]
      },
      "id": "way/265474895"
    },
    {
      "type": "Feature",
      "properties": {
        "@id": "way/265474905",
        "leisure": "park"
      },
      "geometry": {
        "type": "Polygon",
        "coordinates": [
          [
            [
              -58.9504758,
              -27.4636178
            ],
            [
              -58.9502314,
              -27.4633859
            ],
            [
              -58.9503199,
              -27.4633125
            ],
            [
              -58.9505643,
              -27.4635444
            ],
            [
              -58.9504758,
              -27.4636178
            ]
          ]
        ]
      },
      "id": "way/265474905"
    },
    {
      "type": "Feature",
      "properties": {
        "@id": "way/265474906",
        "leisure": "park"
      },
      "geometry": {
        "type": "Polygon",
        "coordinates": [
          [
            [
              -58.9497363,
              -27.4642509
            ],
            [
              -58.9495637,
              -27.4643992
            ],
            [
              -58.9495032,
              -27.4643438
            ],
            [
              -58.9496757,
              -27.4641955
            ],
            [
              -58.9497363,
              -27.4642509
            ]
          ]
        ]
      },
      "id": "way/265474906"
    },
    {
      "type": "Feature",
      "properties": {
        "@id": "way/265474909",
        "leisure": "park"
      },
      "geometry": {
        "type": "Polygon",
        "coordinates": [
          [
            [
              -58.9495728,
              -27.4639241
            ],
            [
              -58.9494198,
              -27.4640535
            ],
            [
              -58.9493292,
              -27.4639692
            ],
            [
              -58.9494823,
              -27.4638398
            ],
            [
              -58.9495728,
              -27.4639241
            ]
          ]
        ]
      },
      "id": "way/265474909"
    },
    {
      "type": "Feature",
      "properties": {
        "@id": "way/265474910",
        "leisure": "park"
      },
      "geometry": {
        "type": "Polygon",
        "coordinates": [
          [
            [
              -58.9501431,
              -27.4639026
            ],
            [
              -58.950088,
              -27.4639515
            ],
            [
              -58.9498622,
              -27.4637511
            ],
            [
              -58.9499172,
              -27.4637022
            ],
            [
              -58.9501431,
              -27.4639026
            ]
          ]
        ]
      },
      "id": "way/265474910"
    },
    {
      "type": "Feature",
      "properties": {
        "@id": "way/265474911",
        "leisure": "park"
      },
      "geometry": {
        "type": "Polygon",
        "coordinates": [
          [
            [
              -58.9498243,
              -27.4646372
            ],
            [
              -58.9497092,
              -27.464746
            ],
            [
              -58.9494003,
              -27.4644885
            ],
            [
              -58.9495155,
              -27.4643798
            ],
            [
              -58.9498243,
              -27.4646372
            ]
          ]
        ]
      },
      "id": "way/265474911"
    },
    {
      "type": "Feature",
      "properties": {
        "@id": "way/265474912",
        "leisure": "park"
      },
      "geometry": {
        "type": "Polygon",
        "coordinates": [
          [
            [
              -58.9495199,
              -27.4629894
            ],
            [
              -58.9494356,
              -27.4630599
            ],
            [
              -58.9493732,
              -27.4630011
            ],
            [
              -58.9494575,
              -27.4629306
            ],
            [
              -58.9495199,
              -27.4629894
            ]
          ]
        ]
      },
      "id": "way/265474912"
    },
    {
      "type": "Feature",
      "properties": {
        "@id": "way/265474915",
        "leisure": "park"
      },
      "geometry": {
        "type": "Polygon",
        "coordinates": [
          [
            [
              -58.9505663,
              -27.4646216
            ],
            [
              -58.9502988,
              -27.464512
            ],
            [
              -58.9505148,
              -27.4640884
            ],
            [
              -58.9507659,
              -27.4636995
            ],
            [
              -58.9512536,
              -27.4632156
            ],
            [
              -58.9515088,
              -27.4634293
            ],
            [
              -58.9511445,
              -27.46382
            ],
            [
              -58.9505663,
              -27.4646216
            ]
          ]
        ]
      },
      "id": "way/265474915"
    },
    {
      "type": "Feature",
      "properties": {
        "@id": "way/265474916",
        "leisure": "park"
      },
      "geometry": {
        "type": "Polygon",
        "coordinates": [
          [
            [
              -58.9495428,
              -27.4634295
            ],
            [
              -58.9494553,
              -27.4634952
            ],
            [
              -58.9489553,
              -27.4630406
            ],
            [
              -58.9488688,
              -27.4630935
            ],
            [
              -58.9488483,
              -27.4630643
            ],
            [
              -58.9488565,
              -27.4627813
            ],
            [
              -58.9489018,
              -27.4627612
            ],
            [
              -58.9492639,
              -27.4627612
            ],
            [
              -58.9490396,
              -27.4629767
            ],
            [
              -58.9495428,
              -27.4634295
            ]
          ]
        ]
      },
      "id": "way/265474916"
    },
    {
      "type": "Feature",
      "properties": {
        "@id": "way/265502442",
        "leisure": "park"
      },
      "geometry": {
        "type": "Polygon",
        "coordinates": [
          [
            [
              -58.9502011,
              -27.4614106
            ],
            [
              -58.9500319,
              -27.4615803
            ],
            [
              -58.9496121,
              -27.4612188
            ],
            [
              -58.9497201,
              -27.4611358
            ],
            [
              -58.9500512,
              -27.4614202
            ],
            [
              -58.9501364,
              -27.461349
            ],
            [
              -58.9502011,
              -27.4614106
            ]
          ]
        ]
      },
      "id": "way/265502442"
    },
    {
      "type": "Feature",
      "properties": {
        "@id": "way/265502450",
        "leisure": "park"
      },
      "geometry": {
        "type": "Polygon",
        "coordinates": [
          [
            [
              -58.9493916,
              -27.4611084
            ],
            [
              -58.9493229,
              -27.4611669
            ],
            [
              -58.9491102,
              -27.4609703
            ],
            [
              -58.9491789,
              -27.4609118
            ],
            [
              -58.9493916,
              -27.4611084
            ]
          ]
        ]
      },
      "id": "way/265502450"
    },
    {
      "type": "Feature",
      "properties": {
        "@id": "way/265502452",
        "leisure": "park"
      },
      "geometry": {
        "type": "Polygon",
        "coordinates": [
          [
            [
              -58.949117,
              -27.4613893
            ],
            [
              -58.9490224,
              -27.4614623
            ],
            [
              -58.9490594,
              -27.4616194
            ],
            [
              -58.9488796,
              -27.4616256
            ],
            [
              -58.9488744,
              -27.461153
            ],
            [
              -58.949117,
              -27.4613893
            ]
          ]
        ]
      },
      "id": "way/265502452"
    },
    {
      "type": "Feature",
      "properties": {
        "@id": "way/266930369",
        "leisure": "park",
        "name": "Plazoleta Barrio Mercantil"
      },
      "geometry": {
        "type": "Polygon",
        "coordinates": [
          [
            [
              -58.9508711,
              -27.4815727
            ],
            [
              -58.9505484,
              -27.481859
            ],
            [
              -58.9500603,
              -27.481426
            ],
            [
              -58.950383,
              -27.4811397
            ],
            [
              -58.9508711,
              -27.4815727
            ]
          ]
        ]
      },
      "id": "way/266930369"
    },
    {
      "type": "Feature",
      "properties": {
        "@id": "way/266930602",
        "leisure": "park"
      },
      "geometry": {
        "type": "Polygon",
        "coordinates": [
          [
            [
              -58.9504192,
              -27.4827828
            ],
            [
              -58.9504647,
              -27.4828207
            ],
            [
              -58.9504163,
              -27.4828359
            ],
            [
              -58.9504192,
              -27.4827828
            ]
          ]
        ]
      },
      "id": "way/266930602"
    },
    {
      "type": "Feature",
      "properties": {
        "@id": "way/266930609",
        "leisure": "park"
      },
      "geometry": {
        "type": "Polygon",
        "coordinates": [
          [
            [
              -58.9551012,
              -27.4868836
            ],
            [
              -58.9550626,
              -27.4869171
            ],
            [
              -58.954843,
              -27.4867242
            ],
            [
              -58.9548816,
              -27.4866907
            ],
            [
              -58.9551012,
              -27.4868836
            ]
          ]
        ]
      },
      "id": "way/266930609"
    },
    {
      "type": "Feature",
      "properties": {
        "@id": "way/266930613",
        "leisure": "park"
      },
      "geometry": {
        "type": "Polygon",
        "coordinates": [
          [
            [
              -58.9507688,
              -27.4830086
            ],
            [
              -58.9514819,
              -27.4836338
            ],
            [
              -58.9514471,
              -27.4836651
            ],
            [
              -58.950734,
              -27.4830399
            ],
            [
              -58.9507688,
              -27.4830086
            ]
          ]
        ]
      },
      "id": "way/266930613"
    },
    {
      "type": "Feature",
      "properties": {
        "@id": "way/266930615",
        "leisure": "park"
      },
      "geometry": {
        "type": "Polygon",
        "coordinates": [
          [
            [
              -58.9559452,
              -27.4876699
            ],
            [
              -58.9559066,
              -27.4877034
            ],
            [
              -58.9555872,
              -27.4874144
            ],
            [
              -58.9556258,
              -27.4873809
            ],
            [
              -58.9559452,
              -27.4876699
            ]
          ]
        ]
      },
      "id": "way/266930615"
    },
    {
      "type": "Feature",
      "properties": {
        "@id": "way/266930616",
        "leisure": "park"
      },
      "geometry": {
        "type": "Polygon",
        "coordinates": [
          [
            [
              -58.9576579,
              -27.4891943
            ],
            [
              -58.9576193,
              -27.4892278
            ],
            [
              -58.9568735,
              -27.4885555
            ],
            [
              -58.956912,
              -27.488522
            ],
            [
              -58.9576579,
              -27.4891943
            ]
          ]
        ]
      },
      "id": "way/266930616"
    },
    {
      "type": "Feature",
      "properties": {
        "@id": "way/266930617",
        "leisure": "park",
        "name": "Plaza de la Democracia"
      },
      "geometry": {
        "type": "Polygon",
        "coordinates": [
          [
            [
              -58.9515917,
              -27.4836483
            ],
            [
              -58.9508472,
              -27.4829915
            ],
            [
              -58.9508556,
              -27.482891
            ],
            [
              -58.9516278,
              -27.4822049
            ],
            [
              -58.9517249,
              -27.4822258
            ],
            [
              -58.9524355,
              -27.4828834
            ],
            [
              -58.952438,
              -27.4829256
            ],
            [
              -58.9515917,
              -27.4836483
            ]
          ]
        ]
      },
      "id": "way/266930617"
    },
    {
      "type": "Feature",
      "properties": {
        "@id": "way/266930620",
        "leisure": "park"
      },
      "geometry": {
        "type": "Polygon",
        "coordinates": [
          [
            [
              -58.9555176,
              -27.4872638
            ],
            [
              -58.955479,
              -27.4872973
            ],
            [
              -58.9551596,
              -27.4870083
            ],
            [
              -58.9551982,
              -27.4869748
            ],
            [
              -58.9555176,
              -27.4872638
            ]
          ]
        ]
      },
      "id": "way/266930620"
    },
    {
      "type": "Feature",
      "properties": {
        "@id": "way/266930622",
        "leisure": "park"
      },
      "geometry": {
        "type": "Polygon",
        "coordinates": [
          [
            [
              -58.9523325,
              -27.4844125
            ],
            [
              -58.9522939,
              -27.484446
            ],
            [
              -58.9519745,
              -27.484157
            ],
            [
              -58.9520131,
              -27.4841235
            ],
            [
              -58.9523325,
              -27.4844125
            ]
          ]
        ]
      },
      "id": "way/266930622"
    },
    {
      "type": "Feature",
      "properties": {
        "@id": "way/266930623",
        "leisure": "park"
      },
      "geometry": {
        "type": "Polygon",
        "coordinates": [
          [
            [
              -58.9540631,
              -27.4859553
            ],
            [
              -58.9540245,
              -27.4859888
            ],
            [
              -58.9532958,
              -27.4853392
            ],
            [
              -58.9533343,
              -27.4853057
            ],
            [
              -58.9540631,
              -27.4859553
            ]
          ]
        ]
      },
      "id": "way/266930623"
    },
    {
      "type": "Feature",
      "properties": {
        "@id": "way/266930626",
        "leisure": "park"
      },
      "geometry": {
        "type": "Polygon",
        "coordinates": [
          [
            [
              -58.9568008,
              -27.4884239
            ],
            [
              -58.9567623,
              -27.4884574
            ],
            [
              -58.9560279,
              -27.4878116
            ],
            [
              -58.9560664,
              -27.4877781
            ],
            [
              -58.9568008,
              -27.4884239
            ]
          ]
        ]
      },
      "id": "way/266930626"
    },
    {
      "type": "Feature",
      "properties": {
        "@id": "way/266930627",
        "leisure": "park"
      },
      "geometry": {
        "type": "Polygon",
        "coordinates": [
          [
            [
              -58.9519255,
              -27.4840385
            ],
            [
              -58.951887,
              -27.484072
            ],
            [
              -58.9515675,
              -27.483783
            ],
            [
              -58.9516061,
              -27.4837494
            ],
            [
              -58.9519255,
              -27.4840385
            ]
          ]
        ]
      },
      "id": "way/266930627"
    },
    {
      "type": "Feature",
      "properties": {
        "@id": "way/266930628",
        "leisure": "park"
      },
      "geometry": {
        "type": "Polygon",
        "coordinates": [
          [
            [
              -58.9531695,
              -27.4851875
            ],
            [
              -58.953131,
              -27.485221
            ],
            [
              -58.952465,
              -27.4846056
            ],
            [
              -58.9525036,
              -27.4845721
            ],
            [
              -58.9531695,
              -27.4851875
            ]
          ]
        ]
      },
      "id": "way/266930628"
    },
    {
      "type": "Feature",
      "properties": {
        "@id": "way/266930629",
        "leisure": "park"
      },
      "geometry": {
        "type": "Polygon",
        "coordinates": [
          [
            [
              -58.95479,
              -27.4866008
            ],
            [
              -58.9547515,
              -27.4866344
            ],
            [
              -58.9541582,
              -27.4861062
            ],
            [
              -58.9541968,
              -27.4860727
            ],
            [
              -58.95479,
              -27.4866008
            ]
          ]
        ]
      },
      "id": "way/266930629"
    },
    {
      "type": "Feature",
      "properties": {
        "@id": "way/267571690",
        "leisure": "park"
      },
      "geometry": {
        "type": "Polygon",
        "coordinates": [
          [
            [
              -58.9483032,
              -27.4608534
            ],
            [
              -58.9480174,
              -27.4611027
            ],
            [
              -58.9479066,
              -27.4610026
            ],
            [
              -58.9480219,
              -27.460902
            ],
            [
              -58.9479004,
              -27.4607923
            ],
            [
              -58.9479856,
              -27.460718
            ],
            [
              -58.9477076,
              -27.4604671
            ],
            [
              -58.9477853,
              -27.4603994
            ],
            [
              -58.9480088,
              -27.4606012
            ],
            [
              -58.9479561,
              -27.4606472
            ],
            [
              -58.948142,
              -27.460815
            ],
            [
              -58.9482024,
              -27.4607624
            ],
            [
              -58.9483032,
              -27.4608534
            ]
          ]
        ]
      },
      "id": "way/267571690"
    },
    {
      "type": "Feature",
      "properties": {
        "@id": "way/267571702",
        "leisure": "park"
      },
      "geometry": {
        "type": "Polygon",
        "coordinates": [
          [
            [
              -58.9462395,
              -27.4671001
            ],
            [
              -58.9459878,
              -27.4673143
            ],
            [
              -58.9454719,
              -27.4667051
            ],
            [
              -58.9452416,
              -27.4661784
            ],
            [
              -58.9462395,
              -27.4671001
            ]
          ]
        ]
      },
      "id": "way/267571702"
    },
    {
      "type": "Feature",
      "properties": {
        "@id": "way/267571710",
        "leisure": "park"
      },
      "geometry": {
        "type": "Polygon",
        "coordinates": [
          [
            [
              -58.948743,
              -27.4653286
            ],
            [
              -58.9486205,
              -27.4654351
            ],
            [
              -58.9483927,
              -27.4652287
            ],
            [
              -58.9485152,
              -27.4651223
            ],
            [
              -58.948743,
              -27.4653286
            ]
          ]
        ]
      },
      "id": "way/267571710"
    },
    {
      "type": "Feature",
      "properties": {
        "@id": "way/267571713",
        "leisure": "park"
      },
      "geometry": {
        "type": "Polygon",
        "coordinates": [
          [
            [
              -58.9476916,
              -27.4609743
            ],
            [
              -58.9476012,
              -27.4610481
            ],
            [
              -58.9473329,
              -27.4607891
            ],
            [
              -58.9474233,
              -27.4607153
            ],
            [
              -58.9476916,
              -27.4609743
            ]
          ]
        ]
      },
      "id": "way/267571713"
    },
    {
      "type": "Feature",
      "properties": {
        "@id": "way/267571717",
        "leisure": "park"
      },
      "geometry": {
        "type": "Polygon",
        "coordinates": [
          [
            [
              -58.9474821,
              -27.4641028
            ],
            [
              -58.947254,
              -27.4638977
            ],
            [
              -58.9473352,
              -27.4638266
            ],
            [
              -58.9476565,
              -27.4641156
            ],
            [
              -58.9475753,
              -27.4641867
            ],
            [
              -58.9474821,
              -27.4641028
            ]
          ]
        ]
      },
      "id": "way/267571717"
    },
    {
      "type": "Feature",
      "properties": {
        "@id": "way/267888527",
        "leisure": "park"
      },
      "geometry": {
        "type": "Polygon",
        "coordinates": [
          [
            [
              -58.9482656,
              -27.466423
            ],
            [
              -58.9481593,
              -27.4663259
            ],
            [
              -58.9486746,
              -27.4658818
            ],
            [
              -58.9488314,
              -27.466025
            ],
            [
              -58.9487517,
              -27.4660937
            ],
            [
              -58.9487029,
              -27.4660491
            ],
            [
              -58.9486225,
              -27.4661184
            ],
            [
              -58.9485828,
              -27.4660821
            ],
            [
              -58.9484465,
              -27.4661996
            ],
            [
              -58.9484845,
              -27.4662344
            ],
            [
              -58.9482656,
              -27.466423
            ]
          ]
        ]
      },
      "id": "way/267888527"
    },
    {
      "type": "Feature",
      "properties": {
        "@id": "way/267888528",
        "leisure": "park"
      },
      "geometry": {
        "type": "Polygon",
        "coordinates": [
          [
            [
              -58.9471905,
              -27.4668018
            ],
            [
              -58.9471302,
              -27.4668517
            ],
            [
              -58.947477,
              -27.4671811
            ],
            [
              -58.9474036,
              -27.4672419
            ],
            [
              -58.9466273,
              -27.4665044
            ],
            [
              -58.9473957,
              -27.4658676
            ],
            [
              -58.9477319,
              -27.466187
            ],
            [
              -58.9476316,
              -27.4662736
            ],
            [
              -58.9479474,
              -27.4665463
            ],
            [
              -58.9478906,
              -27.4666038
            ],
            [
              -58.9476817,
              -27.4664286
            ],
            [
              -58.9475405,
              -27.4665457
            ],
            [
              -58.9473991,
              -27.4664113
            ],
            [
              -58.9470682,
              -27.4666856
            ],
            [
              -58.9471905,
              -27.4668018
            ]
          ]
        ]
      },
      "id": "way/267888528"
    },
    {
      "type": "Feature",
      "properties": {
        "@id": "way/267888544",
        "leisure": "park"
      },
      "geometry": {
        "type": "Polygon",
        "coordinates": [
          [
            [
              -58.9488533,
              -27.4684075
            ],
            [
              -58.9486946,
              -27.4682589
            ],
            [
              -58.9489855,
              -27.4679878
            ],
            [
              -58.9488533,
              -27.4684075
            ]
          ]
        ]
      },
      "id": "way/267888544"
    },
    {
      "type": "Feature",
      "properties": {
        "@id": "way/267888545",
        "leisure": "park"
      },
      "geometry": {
        "type": "Polygon",
        "coordinates": [
          [
            [
              -58.945533,
              -27.4650142
            ],
            [
              -58.9452393,
              -27.4652423
            ],
            [
              -58.9453582,
              -27.4648526
            ],
            [
              -58.945533,
              -27.4650142
            ]
          ]
        ]
      },
      "id": "way/267888545"
    },
    {
      "type": "Feature",
      "properties": {
        "@id": "way/267888546",
        "leisure": "park"
      },
      "geometry": {
        "type": "Polygon",
        "coordinates": [
          [
            [
              -58.949084,
              -27.467693
            ],
            [
              -58.9487516,
              -27.4674128
            ],
            [
              -58.9493789,
              -27.4668672
            ],
            [
              -58.9491878,
              -27.4673243
            ],
            [
              -58.949084,
              -27.467693
            ]
          ]
        ]
      },
      "id": "way/267888546"
    },
    {
      "type": "Feature",
      "properties": {
        "@id": "way/267888547",
        "leisure": "park"
      },
      "geometry": {
        "type": "Polygon",
        "coordinates": [
          [
            [
              -58.9476255,
              -27.4666816
            ],
            [
              -58.9473464,
              -27.4669134
            ],
            [
              -58.9472625,
              -27.4668339
            ],
            [
              -58.9475416,
              -27.4666021
            ],
            [
              -58.9476255,
              -27.4666816
            ]
          ]
        ]
      },
      "id": "way/267888547"
    },
    {
      "type": "Feature",
      "properties": {
        "@id": "way/267888549",
        "leisure": "park"
      },
      "geometry": {
        "type": "Polygon",
        "coordinates": [
          [
            [
              -58.9486934,
              -27.4671297
            ],
            [
              -58.9484596,
              -27.4669133
            ],
            [
              -58.9486186,
              -27.466778
            ],
            [
              -58.9488525,
              -27.4669944
            ],
            [
              -58.9486934,
              -27.4671297
            ]
          ]
        ]
      },
      "id": "way/267888549"
    },
    {
      "type": "Feature",
      "properties": {
        "@id": "way/267888550",
        "leisure": "park"
      },
      "geometry": {
        "type": "Polygon",
        "coordinates": [
          [
            [
              -58.9490795,
              -27.466477
            ],
            [
              -58.9488407,
              -27.4666845
            ],
            [
              -58.9486809,
              -27.4665397
            ],
            [
              -58.9489197,
              -27.4663322
            ],
            [
              -58.9490795,
              -27.466477
            ]
          ]
        ]
      },
      "id": "way/267888550"
    },
    {
      "type": "Feature",
      "properties": {
        "@id": "way/267888552",
        "leisure": "park"
      },
      "geometry": {
        "type": "Polygon",
        "coordinates": [
          [
            [
              -58.9466746,
              -27.4648313
            ],
            [
              -58.9465439,
              -27.4649468
            ],
            [
              -58.9464818,
              -27.4648915
            ],
            [
              -58.9462237,
              -27.4651195
            ],
            [
              -58.9461423,
              -27.465047
            ],
            [
              -58.9463986,
              -27.4648205
            ],
            [
              -58.9464407,
              -27.4648581
            ],
            [
              -58.9465733,
              -27.464741
            ],
            [
              -58.9466746,
              -27.4648313
            ]
          ]
        ]
      },
      "id": "way/267888552"
    },
    {
      "type": "Feature",
      "properties": {
        "@id": "way/267888553",
        "leisure": "park"
      },
      "geometry": {
        "type": "Polygon",
        "coordinates": [
          [
            [
              -58.9458557,
              -27.464798
            ],
            [
              -58.9457689,
              -27.4647181
            ],
            [
              -58.9460349,
              -27.4644907
            ],
            [
              -58.9460834,
              -27.4645353
            ],
            [
              -58.9462306,
              -27.4644095
            ],
            [
              -58.9463308,
              -27.4645017
            ],
            [
              -58.9461933,
              -27.4646193
            ],
            [
              -58.9461313,
              -27.4645623
            ],
            [
              -58.9458557,
              -27.464798
            ]
          ]
        ]
      },
      "id": "way/267888553"
    },
    {
      "type": "Feature",
      "properties": {
        "@id": "way/267888554",
        "leisure": "park"
      },
      "geometry": {
        "type": "Polygon",
        "coordinates": [
          [
            [
              -58.9484096,
              -27.4678286
            ],
            [
              -58.9483416,
              -27.4677614
            ],
            [
              -58.9485476,
              -27.4675973
            ],
            [
              -58.9484223,
              -27.4674734
            ],
            [
              -58.9485107,
              -27.467403
            ],
            [
              -58.9486283,
              -27.4675192
            ],
            [
              -58.9485798,
              -27.4675577
            ],
            [
              -58.9486556,
              -27.4676326
            ],
            [
              -58.9484096,
              -27.4678286
            ]
          ]
        ]
      },
      "id": "way/267888554"
    },
    {
      "type": "Feature",
      "properties": {
        "@id": "way/269077624",
        "leisure": "park"
      },
      "geometry": {
        "type": "Polygon",
        "coordinates": [
          [
            [
              -58.9765598,
              -27.4835771
            ],
            [
              -58.9763448,
              -27.4833882
            ],
            [
              -58.9766747,
              -27.4830926
            ],
            [
              -58.9768897,
              -27.4832815
            ],
            [
              -58.9765598,
              -27.4835771
            ]
          ]
        ]
      },
      "id": "way/269077624"
    },
    {
      "type": "Feature",
      "properties": {
        "@id": "way/269077626",
        "leisure": "park"
      },
      "geometry": {
        "type": "Polygon",
        "coordinates": [
          [
            [
              -58.974799,
              -27.4822359
            ],
            [
              -58.9746299,
              -27.4823867
            ],
            [
              -58.9742721,
              -27.4820709
            ],
            [
              -58.9744412,
              -27.4819201
            ],
            [
              -58.974799,
              -27.4822359
            ]
          ]
        ]
      },
      "id": "way/269077626"
    },
    {
      "type": "Feature",
      "properties": {
        "@id": "way/269077627",
        "leisure": "park"
      },
      "geometry": {
        "type": "Polygon",
        "coordinates": [
          [
            [
              -58.9789299,
              -27.4827358
            ],
            [
              -58.9791973,
              -27.4829826
            ],
            [
              -58.9791829,
              -27.4829949
            ],
            [
              -58.9789155,
              -27.482748
            ],
            [
              -58.9789299,
              -27.4827358
            ]
          ]
        ]
      },
      "id": "way/269077627"
    },
    {
      "type": "Feature",
      "properties": {
        "@id": "way/269395537",
        "leisure": "park",
        "name": "PLazoleta Gobernador Luzuriaga"
      },
      "geometry": {
        "type": "Polygon",
        "coordinates": [
          [
            [
              -58.9738684,
              -27.480528
            ],
            [
              -58.9735001,
              -27.4808255
            ],
            [
              -58.9731493,
              -27.4805168
            ],
            [
              -58.9735074,
              -27.4802133
            ],
            [
              -58.9738684,
              -27.480528
            ]
          ]
        ]
      },
      "id": "way/269395537"
    },
    {
      "type": "Feature",
      "properties": {
        "@id": "way/276908000",
        "leisure": "park"
      },
      "geometry": {
        "type": "Polygon",
        "coordinates": [
          [
            [
              -59.025391,
              -27.4383804
            ],
            [
              -59.0251807,
              -27.4382987
            ],
            [
              -59.0250549,
              -27.4382237
            ],
            [
              -59.0257271,
              -27.4376388
            ],
            [
              -59.025391,
              -27.4383804
            ]
          ]
        ]
      },
      "id": "way/276908000"
    },
    {
      "type": "Feature",
      "properties": {
        "@id": "way/277013716",
        "leisure": "park"
      },
      "geometry": {
        "type": "Polygon",
        "coordinates": [
          [
            [
              -58.9494963,
              -27.4280985
            ],
            [
              -58.9492083,
              -27.4283709
            ],
            [
              -58.9488845,
              -27.4281011
            ],
            [
              -58.9491725,
              -27.4278288
            ],
            [
              -58.9494963,
              -27.4280985
            ]
          ]
        ]
      },
      "id": "way/277013716"
    },
    {
      "type": "Feature",
      "properties": {
        "@id": "way/281957172",
        "leisure": "park",
        "name": "Plazoleta Geraldi"
      },
      "geometry": {
        "type": "Polygon",
        "coordinates": [
          [
            [
              -59.0097919,
              -27.4190981
            ],
            [
              -59.0096267,
              -27.4192691
            ],
            [
              -59.0093061,
              -27.419025
            ],
            [
              -59.0094713,
              -27.418854
            ],
            [
              -59.0097919,
              -27.4190981
            ]
          ]
        ]
      },
      "id": "way/281957172"
    },
    {
      "type": "Feature",
      "properties": {
        "@id": "way/281957180",
        "leisure": "park"
      },
      "geometry": {
        "type": "Polygon",
        "coordinates": [
          [
            [
              -59.020808,
              -27.4409612
            ],
            [
              -59.0201122,
              -27.4415535
            ],
            [
              -59.0200674,
              -27.4416603
            ],
            [
              -59.0196969,
              -27.4419529
            ],
            [
              -59.0194826,
              -27.4417628
            ],
            [
              -59.0199495,
              -27.4413714
            ],
            [
              -59.0201288,
              -27.4413735
            ],
            [
              -59.0208056,
              -27.4407833
            ],
            [
              -59.0208127,
              -27.4406954
            ],
            [
              -59.021473,
              -27.4401177
            ],
            [
              -59.0216216,
              -27.4401784
            ],
            [
              -59.0216735,
              -27.4403166
            ],
            [
              -59.0210768,
              -27.4408629
            ],
            [
              -59.0209636,
              -27.4408105
            ],
            [
              -59.020808,
              -27.4409612
            ]
          ]
        ]
      },
      "id": "way/281957180"
    },
    {
      "type": "Feature",
      "properties": {
        "@id": "way/281957280",
        "leisure": "park"
      },
      "geometry": {
        "type": "Polygon",
        "coordinates": [
          [
            [
              -59.0221928,
              -27.439557
            ],
            [
              -59.0222857,
              -27.4396428
            ],
            [
              -59.0220354,
              -27.4398561
            ],
            [
              -59.0219426,
              -27.4397703
            ],
            [
              -59.0221928,
              -27.439557
            ]
          ]
        ]
      },
      "id": "way/281957280"
    },
    {
      "type": "Feature",
      "properties": {
        "@id": "way/281957281",
        "leisure": "park"
      },
      "geometry": {
        "type": "Polygon",
        "coordinates": [
          [
            [
              -59.0223714,
              -27.4386376
            ],
            [
              -59.022481,
              -27.4386153
            ],
            [
              -59.0230333,
              -27.4390994
            ],
            [
              -59.0230607,
              -27.4392209
            ],
            [
              -59.0223714,
              -27.4386376
            ]
          ]
        ]
      },
      "id": "way/281957281"
    },
    {
      "type": "Feature",
      "properties": {
        "@id": "way/284929803",
        "leisure": "park"
      },
      "geometry": {
        "type": "Polygon",
        "coordinates": [
          [
            [
              -59.0185447,
              -27.425191
            ],
            [
              -59.0180098,
              -27.4256746
            ],
            [
              -59.0175245,
              -27.4252517
            ],
            [
              -59.0180593,
              -27.4247681
            ],
            [
              -59.0185447,
              -27.425191
            ]
          ]
        ]
      },
      "id": "way/284929803"
    },
    {
      "type": "Feature",
      "properties": {
        "@id": "way/284929804",
        "leisure": "park"
      },
      "geometry": {
        "type": "Polygon",
        "coordinates": [
          [
            [
              -59.0192189,
              -27.4221335
            ],
            [
              -59.019195,
              -27.4221085
            ],
            [
              -59.019891,
              -27.4214869
            ],
            [
              -59.0199154,
              -27.4215087
            ],
            [
              -59.0192189,
              -27.4221335
            ]
          ]
        ]
      },
      "id": "way/284929804"
    },
    {
      "type": "Feature",
      "properties": {
        "@id": "way/284929806",
        "leisure": "park"
      },
      "geometry": {
        "type": "Polygon",
        "coordinates": [
          [
            [
              -59.0173018,
              -27.4238509
            ],
            [
              -59.0172793,
              -27.4238295
            ],
            [
              -59.0180115,
              -27.4231781
            ],
            [
              -59.0180373,
              -27.4232024
            ],
            [
              -59.0173018,
              -27.4238509
            ]
          ]
        ]
      },
      "id": "way/284929806"
    },
    {
      "type": "Feature",
      "properties": {
        "@id": "way/284929807",
        "leisure": "park"
      },
      "geometry": {
        "type": "Polygon",
        "coordinates": [
          [
            [
              -59.0201029,
              -27.4213514
            ],
            [
              -59.0200803,
              -27.4213299
            ],
            [
              -59.0206992,
              -27.4207853
            ],
            [
              -59.0207249,
              -27.4208096
            ],
            [
              -59.0201029,
              -27.4213514
            ]
          ]
        ]
      },
      "id": "way/284929807"
    },
    {
      "type": "Feature",
      "properties": {
        "@id": "way/284929808",
        "leisure": "park"
      },
      "geometry": {
        "type": "Polygon",
        "coordinates": [
          [
            [
              -59.0189708,
              -27.4223316
            ],
            [
              -59.0189493,
              -27.4223129
            ],
            [
              -59.0190062,
              -27.4222613
            ],
            [
              -59.0190278,
              -27.4222801
            ],
            [
              -59.0189708,
              -27.4223316
            ]
          ]
        ]
      },
      "id": "way/284929808"
    },
    {
      "type": "Feature",
      "properties": {
        "@id": "way/284929809",
        "leisure": "park"
      },
      "geometry": {
        "type": "Polygon",
        "coordinates": [
          [
            [
              -59.0181225,
              -27.4230984
            ],
            [
              -59.0180933,
              -27.423077
            ],
            [
              -59.0188444,
              -27.4224149
            ],
            [
              -59.0188668,
              -27.422438
            ],
            [
              -59.0181225,
              -27.4230984
            ]
          ]
        ]
      },
      "id": "way/284929809"
    },
    {
      "type": "Feature",
      "properties": {
        "@id": "way/284929813",
        "leisure": "park"
      },
      "geometry": {
        "type": "Polygon",
        "coordinates": [
          [
            [
              -59.0163973,
              -27.4246456
            ],
            [
              -59.0163748,
              -27.4246242
            ],
            [
              -59.017107,
              -27.4239728
            ],
            [
              -59.0171328,
              -27.4239971
            ],
            [
              -59.0163973,
              -27.4246456
            ]
          ]
        ]
      },
      "id": "way/284929813"
    },
    {
      "type": "Feature",
      "properties": {
        "@id": "way/284929815",
        "leisure": "park"
      },
      "geometry": {
        "type": "Polygon",
        "coordinates": [
          [
            [
              -59.0175235,
              -27.4250536
            ],
            [
              -59.0174182,
              -27.4251487
            ],
            [
              -59.016686,
              -27.4245093
            ],
            [
              -59.0167914,
              -27.4244143
            ],
            [
              -59.0175235,
              -27.4250536
            ]
          ]
        ]
      },
      "id": "way/284929815"
    },
    {
      "type": "Feature",
      "properties": {
        "@id": "way/285344155",
        "leisure": "park"
      },
      "geometry": {
        "type": "Polygon",
        "coordinates": [
          [
            [
              -59.0248486,
              -27.4247129
            ],
            [
              -59.0247472,
              -27.4248084
            ],
            [
              -59.0246206,
              -27.4247024
            ],
            [
              -59.024722,
              -27.4246069
            ],
            [
              -59.0248486,
              -27.4247129
            ]
          ]
        ]
      },
      "id": "way/285344155"
    },
    {
      "type": "Feature",
      "properties": {
        "@id": "way/285344159",
        "leisure": "park"
      },
      "geometry": {
        "type": "Polygon",
        "coordinates": [
          [
            [
              -59.0247497,
              -27.42513
            ],
            [
              -59.0244852,
              -27.4253485
            ],
            [
              -59.0243703,
              -27.425239
            ],
            [
              -59.0246348,
              -27.4250205
            ],
            [
              -59.0247497,
              -27.42513
            ]
          ]
        ]
      },
      "id": "way/285344159"
    },
    {
      "type": "Feature",
      "properties": {
        "@id": "way/285344160",
        "leisure": "park"
      },
      "geometry": {
        "type": "Polygon",
        "coordinates": [
          [
            [
              -59.0245022,
              -27.4242848
            ],
            [
              -59.0244005,
              -27.4241914
            ],
            [
              -59.0244853,
              -27.4241187
            ],
            [
              -59.0245869,
              -27.424212
            ],
            [
              -59.0245022,
              -27.4242848
            ]
          ]
        ]
      },
      "id": "way/285344160"
    },
    {
      "type": "Feature",
      "properties": {
        "@id": "way/285344165",
        "leisure": "park"
      },
      "geometry": {
        "type": "Polygon",
        "coordinates": [
          [
            [
              -59.0249184,
              -27.4244016
            ],
            [
              -59.0248171,
              -27.424308
            ],
            [
              -59.0249268,
              -27.4242144
            ],
            [
              -59.0250281,
              -27.424308
            ],
            [
              -59.0249184,
              -27.4244016
            ]
          ]
        ]
      },
      "id": "way/285344165"
    },
    {
      "type": "Feature",
      "properties": {
        "@id": "way/285344166",
        "leisure": "park"
      },
      "geometry": {
        "type": "Polygon",
        "coordinates": [
          [
            [
              -59.0258916,
              -27.4237585
            ],
            [
              -59.0257864,
              -27.4238506
            ],
            [
              -59.0255716,
              -27.4236574
            ],
            [
              -59.0256767,
              -27.4235653
            ],
            [
              -59.0258916,
              -27.4237585
            ]
          ]
        ]
      },
      "id": "way/285344166"
    },
    {
      "type": "Feature",
      "properties": {
        "@id": "way/285344167",
        "leisure": "park"
      },
      "geometry": {
        "type": "Polygon",
        "coordinates": [
          [
            [
              -59.025219,
              -27.4236755
            ],
            [
              -59.0251059,
              -27.4235706
            ],
            [
              -59.0252314,
              -27.423464
            ],
            [
              -59.0253445,
              -27.423569
            ],
            [
              -59.025219,
              -27.4236755
            ]
          ]
        ]
      },
      "id": "way/285344167"
    },
    {
      "type": "Feature",
      "properties": {
        "@id": "way/285989462",
        "leisure": "park"
      },
      "geometry": {
        "type": "Polygon",
        "coordinates": [
          [
            [
              -59.0250252,
              -27.4604799
            ],
            [
              -59.024823,
              -27.4606753
            ],
            [
              -59.0245436,
              -27.4603722
            ],
            [
              -59.0247228,
              -27.460212
            ],
            [
              -59.0250252,
              -27.4604799
            ]
          ]
        ]
      },
      "id": "way/285989462"
    },
    {
      "type": "Feature",
      "properties": {
        "@id": "way/286351580",
        "leisure": "park"
      },
      "geometry": {
        "type": "Polygon",
        "coordinates": [
          [
            [
              -59.0250662,
              -27.424034
            ],
            [
              -59.024977,
              -27.4239557
            ],
            [
              -59.0250891,
              -27.4238551
            ],
            [
              -59.0251783,
              -27.4239334
            ],
            [
              -59.0250662,
              -27.424034
            ]
          ]
        ]
      },
      "id": "way/286351580"
    },
    {
      "type": "Feature",
      "properties": {
        "@id": "way/286351581",
        "leisure": "park"
      },
      "geometry": {
        "type": "Polygon",
        "coordinates": [
          [
            [
              -59.0259251,
              -27.423234
            ],
            [
              -59.0258055,
              -27.4233472
            ],
            [
              -59.0257134,
              -27.4232706
            ],
            [
              -59.025833,
              -27.4231573
            ],
            [
              -59.0259251,
              -27.423234
            ]
          ]
        ]
      },
      "id": "way/286351581"
    },
    {
      "type": "Feature",
      "properties": {
        "@id": "way/286351582",
        "leisure": "park"
      },
      "geometry": {
        "type": "Polygon",
        "coordinates": [
          [
            [
              -59.0263442,
              -27.4234021
            ],
            [
              -59.0262424,
              -27.4234964
            ],
            [
              -59.0261147,
              -27.4233878
            ],
            [
              -59.0262165,
              -27.4232935
            ],
            [
              -59.0263442,
              -27.4234021
            ]
          ]
        ]
      },
      "id": "way/286351582"
    },
    {
      "type": "Feature",
      "properties": {
        "@id": "way/286351583",
        "leisure": "park"
      },
      "geometry": {
        "type": "Polygon",
        "coordinates": [
          [
            [
              -59.0266255,
              -27.4236451
            ],
            [
              -59.026538,
              -27.4235612
            ],
            [
              -59.0266598,
              -27.4234611
            ],
            [
              -59.0267473,
              -27.423545
            ],
            [
              -59.0266255,
              -27.4236451
            ]
          ]
        ]
      },
      "id": "way/286351583"
    },
    {
      "type": "Feature",
      "properties": {
        "@id": "way/286351585",
        "leisure": "park"
      },
      "geometry": {
        "type": "Polygon",
        "coordinates": [
          [
            [
              -59.0260807,
              -27.4239061
            ],
            [
              -59.0259639,
              -27.4237898
            ],
            [
              -59.0260861,
              -27.4236931
            ],
            [
              -59.026203,
              -27.4238094
            ],
            [
              -59.0260807,
              -27.4239061
            ]
          ]
        ]
      },
      "id": "way/286351585"
    },
    {
      "type": "Feature",
      "properties": {
        "@id": "way/287414929",
        "leisure": "park"
      },
      "geometry": {
        "type": "Polygon",
        "coordinates": [
          [
            [
              -59.0223867,
              -27.4193344
            ],
            [
              -59.0223608,
              -27.4193113
            ],
            [
              -59.0233581,
              -27.4184292
            ],
            [
              -59.023384,
              -27.4184523
            ],
            [
              -59.0223867,
              -27.4193344
            ]
          ]
        ]
      },
      "id": "way/287414929"
    },
    {
      "type": "Feature",
      "properties": {
        "@id": "way/287414930",
        "leisure": "park"
      },
      "geometry": {
        "type": "Polygon",
        "coordinates": [
          [
            [
              -59.0222507,
              -27.4194429
            ],
            [
              -59.0208708,
              -27.4206648
            ],
            [
              -59.0208467,
              -27.4206431
            ],
            [
              -59.0222265,
              -27.4194213
            ],
            [
              -59.0222507,
              -27.4194429
            ]
          ]
        ]
      },
      "id": "way/287414930"
    },
    {
      "type": "Feature",
      "properties": {
        "@id": "way/288836066",
        "leisure": "park"
      },
      "geometry": {
        "type": "Polygon",
        "coordinates": [
          [
            [
              -59.0266195,
              -27.4121441
            ],
            [
              -59.0258456,
              -27.4114471
            ],
            [
              -59.0261623,
              -27.4111699
            ],
            [
              -59.0269363,
              -27.411867
            ],
            [
              -59.0266195,
              -27.4121441
            ]
          ]
        ]
      },
      "id": "way/288836066"
    },
    {
      "type": "Feature",
      "properties": {
        "@id": "way/288836067",
        "leisure": "park"
      },
      "geometry": {
        "type": "Polygon",
        "coordinates": [
          [
            [
              -59.0253878,
              -27.4148402
            ],
            [
              -59.0255261,
              -27.4149862
            ],
            [
              -59.0250216,
              -27.4153478
            ],
            [
              -59.0246927,
              -27.4154838
            ],
            [
              -59.024532,
              -27.4154838
            ],
            [
              -59.0253878,
              -27.4148402
            ]
          ]
        ]
      },
      "id": "way/288836067"
    },
    {
      "type": "Feature",
      "properties": {
        "@id": "way/289469200",
        "leisure": "park",
        "name": "Plazoleta Puerto Argentino"
      },
      "geometry": {
        "type": "Polygon",
        "coordinates": [
          [
            [
              -58.9452451,
              -27.4830352
            ],
            [
              -58.9451323,
              -27.4831255
            ],
            [
              -58.9450212,
              -27.4830237
            ],
            [
              -58.9452451,
              -27.4830352
            ]
          ]
        ]
      },
      "id": "way/289469200"
    },
    {
      "type": "Feature",
      "properties": {
        "@id": "way/289469211",
        "leisure": "park"
      },
      "geometry": {
        "type": "Polygon",
        "coordinates": [
          [
            [
              -58.9362074,
              -27.4829816
            ],
            [
              -58.9361587,
              -27.4829639
            ],
            [
              -58.9361265,
              -27.482927
            ],
            [
              -58.9361195,
              -27.4828807
            ],
            [
              -58.9361394,
              -27.4828375
            ],
            [
              -58.9361811,
              -27.482809
            ],
            [
              -58.9362332,
              -27.4828027
            ],
            [
              -58.9362819,
              -27.4828204
            ],
            [
              -58.9363141,
              -27.4828574
            ],
            [
              -58.9363212,
              -27.4829036
            ],
            [
              -58.9363012,
              -27.4829468
            ],
            [
              -58.9362595,
              -27.4829754
            ],
            [
              -58.9362074,
              -27.4829816
            ]
          ]
        ]
      },
      "id": "way/289469211"
    },
    {
      "type": "Feature",
      "properties": {
        "@id": "way/289469212",
        "leisure": "park"
      },
      "geometry": {
        "type": "Polygon",
        "coordinates": [
          [
            [
              -58.9504843,
              -27.4830944
            ],
            [
              -58.9503954,
              -27.4830962
            ],
            [
              -58.9503359,
              -27.483066
            ],
            [
              -58.9503198,
              -27.4830203
            ],
            [
              -58.9503127,
              -27.4829778
            ],
            [
              -58.9503458,
              -27.4829459
            ],
            [
              -58.950392,
              -27.482927
            ],
            [
              -58.9505505,
              -27.4829186
            ],
            [
              -58.9506004,
              -27.482953
            ],
            [
              -58.9506117,
              -27.483015
            ],
            [
              -58.9505802,
              -27.4830528
            ],
            [
              -58.9504843,
              -27.4830944
            ]
          ]
        ]
      },
      "id": "way/289469212"
    },
    {
      "type": "Feature",
      "properties": {
        "@id": "way/289469397",
        "leisure": "park"
      },
      "geometry": {
        "type": "Polygon",
        "coordinates": [
          [
            [
              -58.9434321,
              -27.4830235
            ],
            [
              -58.9433496,
              -27.4830781
            ],
            [
              -58.943279,
              -27.4830177
            ],
            [
              -58.9434321,
              -27.4830235
            ]
          ]
        ]
      },
      "id": "way/289469397"
    },
    {
      "type": "Feature",
      "properties": {
        "@id": "way/289469399",
        "leisure": "park"
      },
      "geometry": {
        "type": "Polygon",
        "coordinates": [
          [
            [
              -58.9502191,
              -27.4829991
            ],
            [
              -58.9500853,
              -27.4829887
            ],
            [
              -58.949707,
              -27.4829679
            ],
            [
              -58.950234,
              -27.482937
            ],
            [
              -58.9502191,
              -27.4829991
            ]
          ]
        ]
      },
      "id": "way/289469399"
    },
    {
      "type": "Feature",
      "properties": {
        "@id": "way/289469400",
        "leisure": "park"
      },
      "geometry": {
        "type": "Polygon",
        "coordinates": [
          [
            [
              -58.9468768,
              -27.4831237
            ],
            [
              -58.9467821,
              -27.4830627
            ],
            [
              -58.9467895,
              -27.4830276
            ],
            [
              -58.9469491,
              -27.4830257
            ],
            [
              -58.9469676,
              -27.4830542
            ],
            [
              -58.9468768,
              -27.4831237
            ]
          ]
        ]
      },
      "id": "way/289469400"
    },
    {
      "type": "Feature",
      "properties": {
        "@id": "way/289469401",
        "leisure": "park"
      },
      "geometry": {
        "type": "Polygon",
        "coordinates": [
          [
            [
              -58.944816,
              -27.4793615
            ],
            [
              -58.9446913,
              -27.4792438
            ],
            [
              -58.9452545,
              -27.4784745
            ],
            [
              -58.9454376,
              -27.4786423
            ],
            [
              -58.9451459,
              -27.4790367
            ],
            [
              -58.944816,
              -27.4793615
            ]
          ]
        ]
      },
      "id": "way/289469401"
    },
    {
      "type": "Feature",
      "properties": {
        "@id": "way/289469402",
        "leisure": "park"
      },
      "geometry": {
        "type": "Polygon",
        "coordinates": [
          [
            [
              -58.9364179,
              -27.4829672
            ],
            [
              -58.9364259,
              -27.4828487
            ],
            [
              -58.9365971,
              -27.4828861
            ],
            [
              -58.9370658,
              -27.4829121
            ],
            [
              -58.9370658,
              -27.4829304
            ],
            [
              -58.9366787,
              -27.4829349
            ],
            [
              -58.9364179,
              -27.4829672
            ]
          ]
        ]
      },
      "id": "way/289469402"
    },
    {
      "type": "Feature",
      "properties": {
        "@id": "way/290036389",
        "leisure": "park"
      },
      "geometry": {
        "type": "Polygon",
        "coordinates": [
          [
            [
              -58.9805732,
              -27.4905893
            ],
            [
              -58.9801568,
              -27.4909461
            ],
            [
              -58.9795649,
              -27.4904237
            ],
            [
              -58.9799772,
              -27.490059
            ],
            [
              -58.9805732,
              -27.4905893
            ]
          ]
        ]
      },
      "id": "way/290036389"
    },
    {
      "type": "Feature",
      "properties": {
        "@id": "way/291396665",
        "leisure": "park",
        "name": "Arturo Illia",
        "opening_hours": "24/7"
      },
      "geometry": {
        "type": "Polygon",
        "coordinates": [
          [
            [
              -58.9514163,
              -27.4963397
            ],
            [
              -58.9507163,
              -27.4957101
            ],
            [
              -58.9514468,
              -27.4950709
            ],
            [
              -58.9521468,
              -27.4957005
            ],
            [
              -58.9514163,
              -27.4963397
            ]
          ]
        ]
      },
      "id": "way/291396665"
    },
    {
      "type": "Feature",
      "properties": {
        "@id": "way/294105028",
        "leisure": "park",
        "name": "Plazoleta Luis Landriscina"
      },
      "geometry": {
        "type": "Polygon",
        "coordinates": [
          [
            [
              -58.981328,
              -27.4863852
            ],
            [
              -58.9817233,
              -27.4867375
            ],
            [
              -58.981158,
              -27.4872807
            ],
            [
              -58.9807587,
              -27.4869274
            ],
            [
              -58.9807927,
              -27.486898
            ],
            [
              -58.981328,
              -27.4863852
            ]
          ]
        ]
      },
      "id": "way/294105028"
    },
    {
      "type": "Feature",
      "properties": {
        "@id": "way/294105462",
        "leisure": "park"
      },
      "geometry": {
        "type": "Polygon",
        "coordinates": [
          [
            [
              -58.9819394,
              -27.487332
            ],
            [
              -58.9815824,
              -27.4870335
            ],
            [
              -58.9818231,
              -27.4868228
            ],
            [
              -58.9821713,
              -27.4871327
            ],
            [
              -58.9819394,
              -27.487332
            ]
          ]
        ]
      },
      "id": "way/294105462"
    },
    {
      "type": "Feature",
      "properties": {
        "@id": "way/294105464",
        "addr:city": "Resistencia",
        "addr:postcode": "3500",
        "addr:street": "Fortín Alvarado",
        "leisure": "park",
        "name": "Plazoleta Hipólito Irigoyen Oeste"
      },
      "geometry": {
        "type": "Polygon",
        "coordinates": [
          [
            [
              -58.9793492,
              -27.4858368
            ],
            [
              -58.9790698,
              -27.485574
            ],
            [
              -58.9790687,
              -27.4854988
            ],
            [
              -58.9797222,
              -27.4849291
            ],
            [
              -58.9800565,
              -27.4852257
            ],
            [
              -58.9793492,
              -27.4858368
            ]
          ]
        ]
      },
      "id": "way/294105464"
    },
    {
      "type": "Feature",
      "properties": {
        "@id": "way/294105465",
        "leisure": "park"
      },
      "geometry": {
        "type": "Polygon",
        "coordinates": [
          [
            [
              -58.9824669,
              -27.4914143
            ],
            [
              -58.9818809,
              -27.4908885
            ],
            [
              -58.9822059,
              -27.4906036
            ],
            [
              -58.9827918,
              -27.4911294
            ],
            [
              -58.9824669,
              -27.4914143
            ]
          ]
        ]
      },
      "id": "way/294105465"
    },
    {
      "type": "Feature",
      "properties": {
        "@id": "way/294105466",
        "addr:city": "Resistencia",
        "addr:postcode": "3500",
        "addr:street": "Bibiano Meza",
        "leisure": "park",
        "name": "Plazoleta Eva Duerte de Perón"
      },
      "geometry": {
        "type": "Polygon",
        "coordinates": [
          [
            [
              -58.9777554,
              -27.4899148
            ],
            [
              -58.9773984,
              -27.4901961
            ],
            [
              -58.9769403,
              -27.4897779
            ],
            [
              -58.9772754,
              -27.489482
            ],
            [
              -58.9777554,
              -27.4899148
            ]
          ]
        ]
      },
      "id": "way/294105466"
    },
    {
      "type": "Feature",
      "properties": {
        "@id": "way/294869565",
        "leisure": "park",
        "name": "Plazoleta Ecológica"
      },
      "geometry": {
        "type": "Polygon",
        "coordinates": [
          [
            [
              -58.996728,
              -27.4080552
            ],
            [
              -58.9963285,
              -27.4077062
            ],
            [
              -58.9967362,
              -27.4073383
            ],
            [
              -58.9971357,
              -27.4076873
            ],
            [
              -58.996728,
              -27.4080552
            ]
          ]
        ]
      },
      "id": "way/294869565"
    },
    {
      "type": "Feature",
      "properties": {
        "@id": "way/294888844",
        "leisure": "park",
        "name": "Plazoleta Arquitecto Luis Alberto Bontempo"
      },
      "geometry": {
        "type": "Polygon",
        "coordinates": [
          [
            [
              -59.0311158,
              -27.4158715
            ],
            [
              -59.0306015,
              -27.4163374
            ],
            [
              -59.0299991,
              -27.4155525
            ],
            [
              -59.0304289,
              -27.415196
            ],
            [
              -59.0311158,
              -27.4158715
            ]
          ]
        ]
      },
      "id": "way/294888844"
    },
    {
      "type": "Feature",
      "properties": {
        "@id": "way/294888864",
        "leisure": "park"
      },
      "geometry": {
        "type": "Polygon",
        "coordinates": [
          [
            [
              -59.0274342,
              -27.4208845
            ],
            [
              -59.0287743,
              -27.4192439
            ],
            [
              -59.0294847,
              -27.4174644
            ],
            [
              -59.0302638,
              -27.4168648
            ],
            [
              -59.0311207,
              -27.4175856
            ],
            [
              -59.0308616,
              -27.4177935
            ],
            [
              -59.030488,
              -27.4178377
            ],
            [
              -59.0296212,
              -27.4181207
            ],
            [
              -59.0291778,
              -27.4187885
            ],
            [
              -59.0290881,
              -27.4193854
            ],
            [
              -59.0286697,
              -27.419779
            ],
            [
              -59.0275836,
              -27.4208801
            ],
            [
              -59.0274342,
              -27.4208845
            ]
          ]
        ]
      },
      "id": "way/294888864"
    },
    {
      "type": "Feature",
      "properties": {
        "@id": "way/294889053",
        "leisure": "park"
      },
      "geometry": {
        "type": "Polygon",
        "coordinates": [
          [
            [
              -59.0317802,
              -27.4148139
            ],
            [
              -59.0316665,
              -27.4147185
            ],
            [
              -59.0318382,
              -27.4145574
            ],
            [
              -59.0319518,
              -27.4146528
            ],
            [
              -59.0317802,
              -27.4148139
            ]
          ]
        ]
      },
      "id": "way/294889053"
    },
    {
      "type": "Feature",
      "properties": {
        "@id": "way/294889054",
        "leisure": "park"
      },
      "geometry": {
        "type": "Polygon",
        "coordinates": [
          [
            [
              -59.0357789,
              -27.4172778
            ],
            [
              -59.0355376,
              -27.4170551
            ],
            [
              -59.0357414,
              -27.4168812
            ],
            [
              -59.0359826,
              -27.4171038
            ],
            [
              -59.0357789,
              -27.4172778
            ]
          ]
        ]
      },
      "id": "way/294889054"
    },
    {
      "type": "Feature",
      "properties": {
        "@id": "way/296376874",
        "leisure": "park"
      },
      "geometry": {
        "type": "Polygon",
        "coordinates": [
          [
            [
              -59.0306695,
              -27.4266127
            ],
            [
              -59.0299538,
              -27.4269543
            ],
            [
              -59.0305749,
              -27.4264688
            ],
            [
              -59.0306695,
              -27.4266127
            ]
          ]
        ]
      },
      "id": "way/296376874"
    },
    {
      "type": "Feature",
      "properties": {
        "@id": "way/296376878",
        "leisure": "park"
      },
      "geometry": {
        "type": "Polygon",
        "coordinates": [
          [
            [
              -59.0348645,
              -27.4312441
            ],
            [
              -59.0344964,
              -27.4309161
            ],
            [
              -59.0350469,
              -27.4304294
            ],
            [
              -59.035415,
              -27.4307573
            ],
            [
              -59.0348645,
              -27.4312441
            ]
          ]
        ]
      },
      "id": "way/296376878"
    },
    {
      "type": "Feature",
      "properties": {
        "@id": "way/297464866",
        "leisure": "park"
      },
      "geometry": {
        "type": "Polygon",
        "coordinates": [
          [
            [
              -59.0323572,
              -27.446902
            ],
            [
              -59.032235,
              -27.4470097
            ],
            [
              -59.0321042,
              -27.4468928
            ],
            [
              -59.0322264,
              -27.4467851
            ],
            [
              -59.0323572,
              -27.446902
            ]
          ]
        ]
      },
      "id": "way/297464866"
    },
    {
      "type": "Feature",
      "properties": {
        "@id": "way/297464871",
        "leisure": "park"
      },
      "geometry": {
        "type": "Polygon",
        "coordinates": [
          [
            [
              -59.0325147,
              -27.4472718
            ],
            [
              -59.0324207,
              -27.4471872
            ],
            [
              -59.0325774,
              -27.4470502
            ],
            [
              -59.032501,
              -27.4469814
            ],
            [
              -59.0326627,
              -27.44684
            ],
            [
              -59.0327521,
              -27.4469204
            ],
            [
              -59.0325724,
              -27.4470776
            ],
            [
              -59.0326534,
              -27.4471505
            ],
            [
              -59.0325147,
              -27.4472718
            ]
          ]
        ]
      },
      "id": "way/297464871"
    },
    {
      "type": "Feature",
      "properties": {
        "@id": "way/299023744",
        "leisure": "park"
      },
      "geometry": {
        "type": "Polygon",
        "coordinates": [
          [
            [
              -58.9398431,
              -27.4735365
            ],
            [
              -58.9401617,
              -27.4740223
            ],
            [
              -58.9406462,
              -27.4744198
            ],
            [
              -58.9421993,
              -27.4753267
            ],
            [
              -58.942727,
              -27.4756594
            ],
            [
              -58.9425843,
              -27.4756417
            ],
            [
              -58.9413862,
              -27.4749675
            ],
            [
              -58.9404703,
              -27.4744875
            ],
            [
              -58.9396177,
              -27.4737374
            ],
            [
              -58.9398431,
              -27.4735365
            ]
          ]
        ]
      },
      "id": "way/299023744"
    },
    {
      "type": "Feature",
      "properties": {
        "@id": "way/301407075",
        "leisure": "park"
      },
      "geometry": {
        "type": "Polygon",
        "coordinates": [
          [
            [
              -59.0348073,
              -27.4570224
            ],
            [
              -59.0341745,
              -27.4564763
            ],
            [
              -59.0344085,
              -27.456607
            ],
            [
              -59.0348073,
              -27.4570224
            ]
          ]
        ]
      },
      "id": "way/301407075"
    },
    {
      "type": "Feature",
      "properties": {
        "@id": "way/301407096",
        "leisure": "park",
        "name": "Plazoleta Virgen de Itatí"
      },
      "geometry": {
        "type": "Polygon",
        "coordinates": [
          [
            [
              -59.0305216,
              -27.4595391
            ],
            [
              -59.0289623,
              -27.458178
            ],
            [
              -59.0291652,
              -27.4579949
            ],
            [
              -59.029952,
              -27.4586817
            ],
            [
              -59.0307245,
              -27.4593561
            ],
            [
              -59.0305216,
              -27.4595391
            ]
          ]
        ]
      },
      "id": "way/301407096"
    },
    {
      "type": "Feature",
      "properties": {
        "@id": "way/301960236",
        "leisure": "park"
      },
      "geometry": {
        "type": "Polygon",
        "coordinates": [
          [
            [
              -59.0317901,
              -27.4481998
            ],
            [
              -59.0317089,
              -27.4481251
            ],
            [
              -59.0315487,
              -27.4482625
            ],
            [
              -59.0314644,
              -27.4481851
            ],
            [
              -59.0316174,
              -27.4480539
            ],
            [
              -59.0314707,
              -27.4479191
            ],
            [
              -59.0317278,
              -27.4476987
            ],
            [
              -59.0316561,
              -27.4476328
            ],
            [
              -59.0318167,
              -27.4474951
            ],
            [
              -59.0322006,
              -27.4478479
            ],
            [
              -59.0317901,
              -27.4481998
            ]
          ]
        ]
      },
      "id": "way/301960236"
    },
    {
      "type": "Feature",
      "properties": {
        "@id": "way/301960237",
        "leisure": "park"
      },
      "geometry": {
        "type": "Polygon",
        "coordinates": [
          [
            [
              -59.0322711,
              -27.4477113
            ],
            [
              -59.0322283,
              -27.4476719
            ],
            [
              -59.032455,
              -27.4474782
            ],
            [
              -59.0322311,
              -27.4472718
            ],
            [
              -59.032058,
              -27.4474197
            ],
            [
              -59.0319835,
              -27.447351
            ],
            [
              -59.031891,
              -27.4474301
            ],
            [
              -59.0318315,
              -27.4473752
            ],
            [
              -59.0320447,
              -27.4471931
            ],
            [
              -59.0321463,
              -27.4472868
            ],
            [
              -59.0322836,
              -27.4471695
            ],
            [
              -59.0325363,
              -27.4474023
            ],
            [
              -59.0325826,
              -27.4474451
            ],
            [
              -59.0322711,
              -27.4477113
            ]
          ]
        ]
      },
      "id": "way/301960237"
    },
    {
      "type": "Feature",
      "properties": {
        "@id": "way/301960238",
        "leisure": "park"
      },
      "geometry": {
        "type": "Polygon",
        "coordinates": [
          [
            [
              -59.0311047,
              -27.4479338
            ],
            [
              -59.0309786,
              -27.4478072
            ],
            [
              -59.0311332,
              -27.447686
            ],
            [
              -59.0312592,
              -27.4478126
            ],
            [
              -59.0311047,
              -27.4479338
            ]
          ]
        ]
      },
      "id": "way/301960238"
    },
    {
      "type": "Feature",
      "properties": {
        "@id": "way/301960239",
        "leisure": "park"
      },
      "geometry": {
        "type": "Polygon",
        "coordinates": [
          [
            [
              -59.0317746,
              -27.4485352
            ],
            [
              -59.0316449,
              -27.4484121
            ],
            [
              -59.0317889,
              -27.4482927
            ],
            [
              -59.0319186,
              -27.4484157
            ],
            [
              -59.0317746,
              -27.4485352
            ]
          ]
        ]
      },
      "id": "way/301960239"
    },
    {
      "type": "Feature",
      "properties": {
        "@id": "way/301960240",
        "leisure": "park"
      },
      "geometry": {
        "type": "Polygon",
        "coordinates": [
          [
            [
              -59.0317843,
              -27.4468774
            ],
            [
              -59.031684,
              -27.4467871
            ],
            [
              -59.03187,
              -27.4466244
            ],
            [
              -59.0319703,
              -27.4467147
            ],
            [
              -59.0317843,
              -27.4468774
            ]
          ]
        ]
      },
      "id": "way/301960240"
    },
    {
      "type": "Feature",
      "properties": {
        "@id": "way/301960241",
        "leisure": "park"
      },
      "geometry": {
        "type": "Polygon",
        "coordinates": [
          [
            [
              -59.033066,
              -27.4478274
            ],
            [
              -59.0329159,
              -27.4479528
            ],
            [
              -59.0328209,
              -27.4478631
            ],
            [
              -59.0329709,
              -27.4477377
            ],
            [
              -59.033066,
              -27.4478274
            ]
          ]
        ]
      },
      "id": "way/301960241"
    },
    {
      "type": "Feature",
      "properties": {
        "@id": "way/301960242",
        "leisure": "park"
      },
      "geometry": {
        "type": "Polygon",
        "coordinates": [
          [
            [
              -59.0328487,
              -27.4475996
            ],
            [
              -59.0326883,
              -27.4474629
            ],
            [
              -59.0328281,
              -27.4473337
            ],
            [
              -59.0329885,
              -27.4474703
            ],
            [
              -59.0328487,
              -27.4475996
            ]
          ]
        ]
      },
      "id": "way/301960242"
    },
    {
      "type": "Feature",
      "properties": {
        "@id": "way/301960243",
        "leisure": "park"
      },
      "geometry": {
        "type": "Polygon",
        "coordinates": [
          [
            [
              -59.0310487,
              -27.4475569
            ],
            [
              -59.0309464,
              -27.4474639
            ],
            [
              -59.0310997,
              -27.4473311
            ],
            [
              -59.031202,
              -27.4474241
            ],
            [
              -59.0310487,
              -27.4475569
            ]
          ]
        ]
      },
      "id": "way/301960243"
    },
    {
      "type": "Feature",
      "properties": {
        "@id": "way/301960244",
        "leisure": "park"
      },
      "geometry": {
        "type": "Polygon",
        "coordinates": [
          [
            [
              -59.0323631,
              -27.4484874
            ],
            [
              -59.0321999,
              -27.448625
            ],
            [
              -59.0321243,
              -27.4485543
            ],
            [
              -59.0322875,
              -27.4484168
            ],
            [
              -59.0323631,
              -27.4484874
            ]
          ]
        ]
      },
      "id": "way/301960244"
    },
    {
      "type": "Feature",
      "properties": {
        "@id": "way/302510743",
        "leisure": "park"
      },
      "geometry": {
        "type": "Polygon",
        "coordinates": [
          [
            [
              -58.9434903,
              -27.5025311
            ],
            [
              -58.9435186,
              -27.5026105
            ],
            [
              -58.9435159,
              -27.5026617
            ],
            [
              -58.9434958,
              -27.5027211
            ],
            [
              -58.9434421,
              -27.5027937
            ],
            [
              -58.9430559,
              -27.5029507
            ],
            [
              -58.9427944,
              -27.5029888
            ],
            [
              -58.9425972,
              -27.5029424
            ],
            [
              -58.9424202,
              -27.502808
            ],
            [
              -58.9423142,
              -27.5026058
            ],
            [
              -58.9422552,
              -27.5023238
            ],
            [
              -58.9422794,
              -27.502218
            ],
            [
              -58.9423156,
              -27.5021406
            ],
            [
              -58.9424242,
              -27.5020502
            ],
            [
              -58.9425436,
              -27.5020288
            ],
            [
              -58.942645,
              -27.5020422
            ],
            [
              -58.9427152,
              -27.5020586
            ],
            [
              -58.9434274,
              -27.502469
            ],
            [
              -58.9434903,
              -27.5025311
            ]
          ]
        ]
      },
      "id": "way/302510743"
    },
    {
      "type": "Feature",
      "properties": {
        "@id": "way/303695021",
        "leisure": "park",
        "name": "Plazoleta Mercedes de Risso"
      },
      "geometry": {
        "type": "Polygon",
        "coordinates": [
          [
            [
              -59.0011516,
              -27.4030167
            ],
            [
              -59.0007138,
              -27.4026205
            ],
            [
              -59.0010069,
              -27.4023652
            ],
            [
              -59.0014447,
              -27.4027614
            ],
            [
              -59.0011516,
              -27.4030167
            ]
          ]
        ]
      },
      "id": "way/303695021"
    },
    {
      "type": "Feature",
      "properties": {
        "@id": "way/304741842",
        "leisure": "park"
      },
      "geometry": {
        "type": "Polygon",
        "coordinates": [
          [
            [
              -59.035028,
              -27.4137175
            ],
            [
              -59.0346812,
              -27.4133973
            ],
            [
              -59.0357618,
              -27.4124492
            ],
            [
              -59.0361253,
              -27.4127502
            ],
            [
              -59.035028,
              -27.4137175
            ]
          ]
        ]
      },
      "id": "way/304741842"
    },
    {
      "type": "Feature",
      "properties": {
        "@id": "way/305081067",
        "leisure": "park",
        "name": "Plaza de la Amistad"
      },
      "geometry": {
        "type": "Polygon",
        "coordinates": [
          [
            [
              -59.034166,
              -27.4108346
            ],
            [
              -59.0338013,
              -27.4105035
            ],
            [
              -59.034204,
              -27.410154
            ],
            [
              -59.0345686,
              -27.4104851
            ],
            [
              -59.034166,
              -27.4108346
            ]
          ]
        ]
      },
      "id": "way/305081067"
    },
    {
      "type": "Feature",
      "properties": {
        "@id": "way/305645659",
        "leisure": "park",
        "name": "Plazoleta General Manuel Belgrano"
      },
      "geometry": {
        "type": "Polygon",
        "coordinates": [
          [
            [
              -58.9382231,
              -27.4758573
            ],
            [
              -58.9378391,
              -27.4761949
            ],
            [
              -58.9373261,
              -27.4757356
            ],
            [
              -58.93771,
              -27.475398
            ],
            [
              -58.9382231,
              -27.4758573
            ]
          ]
        ]
      },
      "id": "way/305645659"
    },
    {
      "type": "Feature",
      "properties": {
        "@id": "way/307804966",
        "leisure": "park"
      },
      "geometry": {
        "type": "Polygon",
        "coordinates": [
          [
            [
              -58.959214,
              -27.5006098
            ],
            [
              -58.9588301,
              -27.5009894
            ],
            [
              -58.9586706,
              -27.5008625
            ],
            [
              -58.9590546,
              -27.5004829
            ],
            [
              -58.959214,
              -27.5006098
            ]
          ]
        ]
      },
      "id": "way/307804966"
    },
    {
      "type": "Feature",
      "properties": {
        "@id": "way/307804967",
        "leisure": "park"
      },
      "geometry": {
        "type": "Polygon",
        "coordinates": [
          [
            [
              -58.9597859,
              -27.4967689
            ],
            [
              -58.9596066,
              -27.4969259
            ],
            [
              -58.9595725,
              -27.4968952
            ],
            [
              -58.9597518,
              -27.4967382
            ],
            [
              -58.9597859,
              -27.4967689
            ]
          ]
        ]
      },
      "id": "way/307804967"
    },
    {
      "type": "Feature",
      "properties": {
        "@id": "way/307804968",
        "leisure": "park"
      },
      "geometry": {
        "type": "Polygon",
        "coordinates": [
          [
            [
              -58.9615989,
              -27.496526
            ],
            [
              -58.9611824,
              -27.4961601
            ],
            [
              -58.9613518,
              -27.4960084
            ],
            [
              -58.9617683,
              -27.4963743
            ],
            [
              -58.9615989,
              -27.496526
            ]
          ]
        ]
      },
      "id": "way/307804968"
    },
    {
      "type": "Feature",
      "properties": {
        "@id": "way/307804970",
        "leisure": "park"
      },
      "geometry": {
        "type": "Polygon",
        "coordinates": [
          [
            [
              -58.9563444,
              -27.4989194
            ],
            [
              -58.9558562,
              -27.4993524
            ],
            [
              -58.9556203,
              -27.4991432
            ],
            [
              -58.9561085,
              -27.4987102
            ],
            [
              -58.9563444,
              -27.4989194
            ]
          ]
        ]
      },
      "id": "way/307804970"
    },
    {
      "type": "Feature",
      "properties": {
        "@id": "way/307804974",
        "leisure": "park"
      },
      "geometry": {
        "type": "Polygon",
        "coordinates": [
          [
            [
              -58.9574391,
              -27.4997636
            ],
            [
              -58.9571427,
              -27.4995031
            ],
            [
              -58.9572761,
              -27.4993837
            ],
            [
              -58.9575725,
              -27.4996442
            ],
            [
              -58.9574391,
              -27.4997636
            ]
          ]
        ]
      },
      "id": "way/307804974"
    },
    {
      "type": "Feature",
      "properties": {
        "@id": "way/307804976",
        "leisure": "park"
      },
      "geometry": {
        "type": "Polygon",
        "coordinates": [
          [
            [
              -58.9577576,
              -27.4995128
            ],
            [
              -58.9574367,
              -27.4992264
            ],
            [
              -58.9575764,
              -27.4991032
            ],
            [
              -58.9578973,
              -27.4993896
            ],
            [
              -58.9577576,
              -27.4995128
            ]
          ]
        ]
      },
      "id": "way/307804976"
    },
    {
      "type": "Feature",
      "properties": {
        "@id": "way/307804978",
        "leisure": "park"
      },
      "geometry": {
        "type": "Polygon",
        "coordinates": [
          [
            [
              -58.9579418,
              -27.4987613
            ],
            [
              -58.9576953,
              -27.4989699
            ],
            [
              -58.9573675,
              -27.4986652
            ],
            [
              -58.9576141,
              -27.4984566
            ],
            [
              -58.9579418,
              -27.4987613
            ]
          ]
        ]
      },
      "id": "way/307804978"
    },
    {
      "type": "Feature",
      "properties": {
        "@id": "way/308157261",
        "leisure": "park"
      },
      "geometry": {
        "type": "Polygon",
        "coordinates": [
          [
            [
              -58.9584033,
              -27.4949721
            ],
            [
              -58.9581474,
              -27.495206
            ],
            [
              -58.958051,
              -27.495123
            ],
            [
              -58.9583069,
              -27.4948891
            ],
            [
              -58.9584033,
              -27.4949721
            ]
          ]
        ]
      },
      "id": "way/308157261"
    },
    {
      "type": "Feature",
      "properties": {
        "@id": "way/308157262",
        "leisure": "park"
      },
      "geometry": {
        "type": "Polygon",
        "coordinates": [
          [
            [
              -58.9577133,
              -27.4949515
            ],
            [
              -58.957487,
              -27.4951515
            ],
            [
              -58.9570374,
              -27.4947511
            ],
            [
              -58.9572637,
              -27.4945511
            ],
            [
              -58.9577133,
              -27.4949515
            ]
          ]
        ]
      },
      "id": "way/308157262"
    },
    {
      "type": "Feature",
      "properties": {
        "@id": "way/308157263",
        "leisure": "park"
      },
      "geometry": {
        "type": "Polygon",
        "coordinates": [
          [
            [
              -58.9544168,
              -27.4959902
            ],
            [
              -58.9542874,
              -27.4958705
            ],
            [
              -58.9550042,
              -27.4952604
            ],
            [
              -58.9551337,
              -27.4953801
            ],
            [
              -58.9544168,
              -27.4959902
            ]
          ]
        ]
      },
      "id": "way/308157263"
    },
    {
      "type": "Feature",
      "properties": {
        "@id": "way/308157266",
        "leisure": "park"
      },
      "geometry": {
        "type": "Polygon",
        "coordinates": [
          [
            [
              -58.9575462,
              -27.4957658
            ],
            [
              -58.9574382,
              -27.495674
            ],
            [
              -58.957647,
              -27.495481
            ],
            [
              -58.9577549,
              -27.4955728
            ],
            [
              -58.9575462,
              -27.4957658
            ]
          ]
        ]
      },
      "id": "way/308157266"
    },
    {
      "type": "Feature",
      "properties": {
        "@id": "way/308157267",
        "leisure": "park"
      },
      "geometry": {
        "type": "Polygon",
        "coordinates": [
          [
            [
              -58.9559352,
              -27.4972092
            ],
            [
              -58.9562359,
              -27.4974766
            ],
            [
              -58.9557813,
              -27.4978789
            ],
            [
              -58.9554805,
              -27.4976114
            ],
            [
              -58.9559352,
              -27.4972092
            ]
          ]
        ]
      },
      "id": "way/308157267"
    },
    {
      "type": "Feature",
      "properties": {
        "@id": "way/308157269",
        "leisure": "park"
      },
      "geometry": {
        "type": "Polygon",
        "coordinates": [
          [
            [
              -58.9579167,
              -27.4966943
            ],
            [
              -58.9577492,
              -27.4968347
            ],
            [
              -58.9573643,
              -27.4964734
            ],
            [
              -58.957707,
              -27.4961862
            ],
            [
              -58.9578059,
              -27.4962791
            ],
            [
              -58.9576308,
              -27.4964259
            ],
            [
              -58.9579167,
              -27.4966943
            ]
          ]
        ]
      },
      "id": "way/308157269"
    },
    {
      "type": "Feature",
      "properties": {
        "@id": "way/308157272",
        "leisure": "park"
      },
      "geometry": {
        "type": "Polygon",
        "coordinates": [
          [
            [
              -58.9531433,
              -27.4966142
            ],
            [
              -58.9535655,
              -27.4970076
            ],
            [
              -58.9532866,
              -27.4972432
            ],
            [
              -58.9535479,
              -27.4974865
            ],
            [
              -58.9534411,
              -27.4975767
            ],
            [
              -58.9531346,
              -27.4972911
            ],
            [
              -58.9532217,
              -27.4972176
            ],
            [
              -58.9528448,
              -27.4968664
            ],
            [
              -58.9531433,
              -27.4966142
            ]
          ]
        ]
      },
      "id": "way/308157272"
    },
    {
      "type": "Feature",
      "properties": {
        "@id": "way/308985605",
        "leisure": "park"
      },
      "geometry": {
        "type": "Polygon",
        "coordinates": [
          [
            [
              -59.0355785,
              -27.4518377
            ],
            [
              -59.0352718,
              -27.4515673
            ],
            [
              -59.0360232,
              -27.4508962
            ],
            [
              -59.0363299,
              -27.4511667
            ],
            [
              -59.0355785,
              -27.4518377
            ]
          ]
        ]
      },
      "id": "way/308985605"
    },
    {
      "type": "Feature",
      "properties": {
        "@id": "way/308985607",
        "leisure": "park"
      },
      "geometry": {
        "type": "Polygon",
        "coordinates": [
          [
            [
              -59.0358953,
              -27.447236
            ],
            [
              -59.0357149,
              -27.4470672
            ],
            [
              -59.0360443,
              -27.44679
            ],
            [
              -59.0362247,
              -27.4469589
            ],
            [
              -59.0358953,
              -27.447236
            ]
          ]
        ]
      },
      "id": "way/308985607"
    },
    {
      "type": "Feature",
      "properties": {
        "@id": "way/308985608",
        "leisure": "park"
      },
      "geometry": {
        "type": "Polygon",
        "coordinates": [
          [
            [
              -59.0352556,
              -27.4477786
            ],
            [
              -59.0350918,
              -27.4476284
            ],
            [
              -59.0355955,
              -27.447196
            ],
            [
              -59.0357593,
              -27.4473462
            ],
            [
              -59.0352556,
              -27.4477786
            ]
          ]
        ]
      },
      "id": "way/308985608"
    },
    {
      "type": "Feature",
      "properties": {
        "@id": "way/308985609",
        "leisure": "park"
      },
      "geometry": {
        "type": "Polygon",
        "coordinates": [
          [
            [
              -59.0363067,
              -27.446875
            ],
            [
              -59.0361263,
              -27.4467062
            ],
            [
              -59.0364557,
              -27.446429
            ],
            [
              -59.0366361,
              -27.4465979
            ],
            [
              -59.0363067,
              -27.446875
            ]
          ]
        ]
      },
      "id": "way/308985609"
    },
    {
      "type": "Feature",
      "properties": {
        "@id": "way/311038693",
        "leisure": "park"
      },
      "geometry": {
        "type": "Polygon",
        "coordinates": [
          [
            [
              -59.0422468,
              -27.4509489
            ],
            [
              -59.0419795,
              -27.4511788
            ],
            [
              -59.0413003,
              -27.4505567
            ],
            [
              -59.0415676,
              -27.4503269
            ],
            [
              -59.0422468,
              -27.4509489
            ]
          ]
        ]
      },
      "id": "way/311038693"
    },
    {
      "type": "Feature",
      "properties": {
        "@id": "way/311187292",
        "leisure": "park"
      },
      "geometry": {
        "type": "Polygon",
        "coordinates": [
          [
            [
              -58.976286,
              -27.4956184
            ],
            [
              -58.9761146,
              -27.495772
            ],
            [
              -58.9755373,
              -27.495265
            ],
            [
              -58.9757087,
              -27.4951114
            ],
            [
              -58.976286,
              -27.4956184
            ]
          ]
        ]
      },
      "id": "way/311187292"
    },
    {
      "type": "Feature",
      "properties": {
        "@id": "way/311187293",
        "leisure": "park"
      },
      "geometry": {
        "type": "Polygon",
        "coordinates": [
          [
            [
              -58.9728649,
              -27.4998615
            ],
            [
              -58.9726249,
              -27.5000635
            ],
            [
              -58.9723955,
              -27.4998489
            ],
            [
              -58.9726355,
              -27.499647
            ],
            [
              -58.9728649,
              -27.4998615
            ]
          ]
        ]
      },
      "id": "way/311187293"
    },
    {
      "type": "Feature",
      "properties": {
        "@id": "way/311187294",
        "leisure": "park"
      },
      "geometry": {
        "type": "Polygon",
        "coordinates": [
          [
            [
              -58.9738526,
              -27.496476
            ],
            [
              -58.9741591,
              -27.4967384
            ],
            [
              -58.9739659,
              -27.496916
            ],
            [
              -58.9736594,
              -27.4966535
            ],
            [
              -58.9738526,
              -27.496476
            ]
          ]
        ]
      },
      "id": "way/311187294"
    },
    {
      "type": "Feature",
      "properties": {
        "@id": "way/311187296",
        "leisure": "park"
      },
      "geometry": {
        "type": "Polygon",
        "coordinates": [
          [
            [
              -58.974297,
              -27.4958793
            ],
            [
              -58.9741634,
              -27.4960017
            ],
            [
              -58.9740648,
              -27.4959171
            ],
            [
              -58.9740186,
              -27.4959594
            ],
            [
              -58.9737515,
              -27.49573
            ],
            [
              -58.9739314,
              -27.4955652
            ],
            [
              -58.974297,
              -27.4958793
            ]
          ]
        ]
      },
      "id": "way/311187296"
    },
    {
      "type": "Feature",
      "properties": {
        "@id": "way/311671175",
        "leisure": "park"
      },
      "geometry": {
        "type": "Polygon",
        "coordinates": [
          [
            [
              -59.0368324,
              -27.4670652
            ],
            [
              -59.0375868,
              -27.4677505
            ],
            [
              -59.037126,
              -27.4681498
            ],
            [
              -59.0363716,
              -27.4674645
            ],
            [
              -59.0368324,
              -27.4670652
            ]
          ]
        ]
      },
      "id": "way/311671175"
    },
    {
      "type": "Feature",
      "properties": {
        "@id": "way/311671177",
        "leisure": "park"
      },
      "geometry": {
        "type": "Polygon",
        "coordinates": [
          [
            [
              -59.0334916,
              -27.4617618
            ],
            [
              -59.0328413,
              -27.4611371
            ],
            [
              -59.0334108,
              -27.4606703
            ],
            [
              -59.0340611,
              -27.4612949
            ],
            [
              -59.0334916,
              -27.4617618
            ]
          ]
        ]
      },
      "id": "way/311671177"
    },
    {
      "type": "Feature",
      "properties": {
        "@id": "way/312073649",
        "leisure": "park",
        "name": "Plazoleta Jacinto Amaro Sampayo"
      },
      "geometry": {
        "type": "Polygon",
        "coordinates": [
          [
            [
              -59.0499835,
              -27.4565698
            ],
            [
              -59.0494209,
              -27.4570503
            ],
            [
              -59.0492216,
              -27.4568618
            ],
            [
              -59.0490491,
              -27.4569991
            ],
            [
              -59.0486453,
              -27.4566566
            ],
            [
              -59.0493642,
              -27.4560341
            ],
            [
              -59.0499835,
              -27.4565698
            ]
          ]
        ]
      },
      "id": "way/312073649"
    },
    {
      "type": "Feature",
      "properties": {
        "@id": "way/312336794",
        "leisure": "park"
      },
      "geometry": {
        "type": "Polygon",
        "coordinates": [
          [
            [
              -58.9906164,
              -27.3976691
            ],
            [
              -58.9908624,
              -27.3977237
            ],
            [
              -58.9908214,
              -27.397885
            ],
            [
              -58.9906134,
              -27.3983089
            ],
            [
              -58.9904289,
              -27.3984233
            ],
            [
              -58.9902151,
              -27.3985689
            ],
            [
              -58.9906164,
              -27.3976691
            ]
          ]
        ]
      },
      "id": "way/312336794"
    },
    {
      "type": "Feature",
      "properties": {
        "@id": "way/312336805",
        "leisure": "park",
        "name": "Ecoplaza Barrio Don Santiago"
      },
      "geometry": {
        "type": "Polygon",
        "coordinates": [
          [
            [
              -58.9903314,
              -27.3996421
            ],
            [
              -58.9906243,
              -27.3996473
            ],
            [
              -58.9906799,
              -27.3999048
            ],
            [
              -58.9903343,
              -27.399923
            ],
            [
              -58.9903314,
              -27.3996421
            ]
          ]
        ]
      },
      "id": "way/312336805"
    },
    {
      "type": "Feature",
      "properties": {
        "@id": "way/312680841",
        "leisure": "park"
      },
      "geometry": {
        "type": "Polygon",
        "coordinates": [
          [
            [
              -58.9311575,
              -27.4845217
            ],
            [
              -58.9308187,
              -27.4842412
            ],
            [
              -58.9311258,
              -27.4839527
            ],
            [
              -58.931284,
              -27.484153
            ],
            [
              -58.9313111,
              -27.4844015
            ],
            [
              -58.9311575,
              -27.4845217
            ]
          ]
        ]
      },
      "id": "way/312680841"
    },
    {
      "type": "Feature",
      "properties": {
        "@id": "way/313306674",
        "leisure": "park"
      },
      "geometry": {
        "type": "Polygon",
        "coordinates": [
          [
            [
              -58.9773446,
              -27.4006098
            ],
            [
              -58.9771474,
              -27.4004178
            ],
            [
              -58.9782819,
              -27.3994462
            ],
            [
              -58.9784791,
              -27.3996382
            ],
            [
              -58.9773446,
              -27.4006098
            ]
          ]
        ]
      },
      "id": "way/313306674"
    },
    {
      "type": "Feature",
      "properties": {
        "@id": "way/313306675",
        "leisure": "park"
      },
      "geometry": {
        "type": "Polygon",
        "coordinates": [
          [
            [
              -59.0426898,
              -27.4076947
            ],
            [
              -59.0423378,
              -27.4073807
            ],
            [
              -59.0432268,
              -27.4065804
            ],
            [
              -59.0435977,
              -27.4069051
            ],
            [
              -59.0426898,
              -27.4076947
            ]
          ]
        ]
      },
      "id": "way/313306675"
    },
    {
      "type": "Feature",
      "properties": {
        "@id": "way/314931684",
        "leisure": "park"
      },
      "geometry": {
        "type": "Polygon",
        "coordinates": [
          [
            [
              -59.0411269,
              -27.4178462
            ],
            [
              -59.0412378,
              -27.4179784
            ],
            [
              -59.0414565,
              -27.4180797
            ],
            [
              -59.041241,
              -27.418316
            ],
            [
              -59.0405374,
              -27.4176493
            ],
            [
              -59.0408385,
              -27.4174861
            ],
            [
              -59.0411269,
              -27.4178462
            ]
          ]
        ]
      },
      "id": "way/314931684"
    },
    {
      "type": "Feature",
      "properties": {
        "@id": "way/323555962",
        "leisure": "park"
      },
      "geometry": {
        "type": "Polygon",
        "coordinates": [
          [
            [
              -59.0528183,
              -27.4161107
            ],
            [
              -59.052008,
              -27.4154037
            ],
            [
              -59.0523663,
              -27.4150801
            ],
            [
              -59.0531699,
              -27.4157966
            ],
            [
              -59.0528183,
              -27.4161107
            ]
          ]
        ]
      },
      "id": "way/323555962"
    },
    {
      "type": "Feature",
      "properties": {
        "@id": "way/324538103",
        "leisure": "park"
      },
      "geometry": {
        "type": "Polygon",
        "coordinates": [
          [
            [
              -58.9217543,
              -27.4816691
            ],
            [
              -58.9212183,
              -27.4820807
            ],
            [
              -58.9211269,
              -27.4819506
            ],
            [
              -58.9216245,
              -27.481539
            ],
            [
              -58.9217543,
              -27.4816691
            ]
          ]
        ]
      },
      "id": "way/324538103"
    },
    {
      "type": "Feature",
      "properties": {
        "@id": "way/324538106",
        "leisure": "park"
      },
      "geometry": {
        "type": "Polygon",
        "coordinates": [
          [
            [
              -58.9263637,
              -27.4893021
            ],
            [
              -58.9262677,
              -27.4893182
            ],
            [
              -58.9259196,
              -27.4888646
            ],
            [
              -58.9256654,
              -27.4884727
            ],
            [
              -58.9258367,
              -27.4884682
            ],
            [
              -58.9259541,
              -27.4888508
            ],
            [
              -58.9263187,
              -27.4888501
            ],
            [
              -58.9263637,
              -27.4893021
            ]
          ]
        ]
      },
      "id": "way/324538106"
    },
    {
      "type": "Feature",
      "properties": {
        "@id": "way/324579949",
        "leisure": "park",
        "name": "Parque Urbano Güemes"
      },
      "geometry": {
        "type": "Polygon",
        "coordinates": [
          [
            [
              -58.9420142,
              -27.5107701
            ],
            [
              -58.9419956,
              -27.5112828
            ],
            [
              -58.9414657,
              -27.510849
            ],
            [
              -58.9417955,
              -27.5105762
            ],
            [
              -58.9420142,
              -27.5107701
            ]
          ]
        ]
      },
      "id": "way/324579949"
    },
    {
      "type": "Feature",
      "properties": {
        "@id": "way/324922936",
        "leisure": "park"
      },
      "geometry": {
        "type": "Polygon",
        "coordinates": [
          [
            [
              -59.0336805,
              -27.4170546
            ],
            [
              -59.033226,
              -27.4166433
            ],
            [
              -59.0335633,
              -27.4163497
            ],
            [
              -59.0340099,
              -27.416755
            ],
            [
              -59.0336805,
              -27.4170546
            ]
          ]
        ]
      },
      "id": "way/324922936"
    },
    {
      "type": "Feature",
      "properties": {
        "@id": "way/324944713",
        "leisure": "park"
      },
      "geometry": {
        "type": "Polygon",
        "coordinates": [
          [
            [
              -59.0334819,
              -27.4180019
            ],
            [
              -59.0332441,
              -27.4182078
            ],
            [
              -59.0329308,
              -27.4179226
            ],
            [
              -59.0331686,
              -27.4177167
            ],
            [
              -59.0334819,
              -27.4180019
            ]
          ]
        ]
      },
      "id": "way/324944713"
    },
    {
      "type": "Feature",
      "properties": {
        "@id": "way/325086317",
        "leisure": "park"
      },
      "geometry": {
        "type": "Polygon",
        "coordinates": [
          [
            [
              -58.9430951,
              -27.508759
            ],
            [
              -58.9427932,
              -27.5090221
            ],
            [
              -58.9423584,
              -27.508639
            ],
            [
              -58.9423691,
              -27.5085156
            ],
            [
              -58.9425393,
              -27.5083503
            ],
            [
              -58.942627,
              -27.5083324
            ],
            [
              -58.9430951,
              -27.508759
            ]
          ]
        ]
      },
      "id": "way/325086317"
    },
    {
      "type": "Feature",
      "properties": {
        "@id": "way/325330019",
        "leisure": "park"
      },
      "geometry": {
        "type": "Polygon",
        "coordinates": [
          [
            [
              -58.9612911,
              -27.510089
            ],
            [
              -58.960934,
              -27.5104057
            ],
            [
              -58.960298,
              -27.5098415
            ],
            [
              -58.9606551,
              -27.5095248
            ],
            [
              -58.9612911,
              -27.510089
            ]
          ]
        ]
      },
      "id": "way/325330019"
    },
    {
      "type": "Feature",
      "properties": {
        "@id": "way/325550310",
        "leisure": "park"
      },
      "geometry": {
        "type": "Polygon",
        "coordinates": [
          [
            [
              -59.0515668,
              -27.4196582
            ],
            [
              -59.0511989,
              -27.4199928
            ],
            [
              -59.0509767,
              -27.4197898
            ],
            [
              -59.0513822,
              -27.4194611
            ],
            [
              -59.05157,
              -27.4196168
            ],
            [
              -59.0515668,
              -27.4196582
            ]
          ]
        ]
      },
      "id": "way/325550310"
    },
    {
      "type": "Feature",
      "properties": {
        "@id": "way/329073896",
        "leisure": "park"
      },
      "geometry": {
        "type": "Polygon",
        "coordinates": [
          [
            [
              -58.9159259,
              -27.4746541
            ],
            [
              -58.9157701,
              -27.4745143
            ],
            [
              -58.9160936,
              -27.4742307
            ],
            [
              -58.9162493,
              -27.4743705
            ],
            [
              -58.9159259,
              -27.4746541
            ]
          ]
        ]
      },
      "id": "way/329073896"
    },
    {
      "type": "Feature",
      "properties": {
        "@id": "way/329073899",
        "leisure": "park"
      },
      "geometry": {
        "type": "Polygon",
        "coordinates": [
          [
            [
              -58.9125826,
              -27.4660959
            ],
            [
              -58.9116671,
              -27.4669031
            ],
            [
              -58.9115155,
              -27.4667762
            ],
            [
              -58.9124743,
              -27.4659854
            ],
            [
              -58.9125826,
              -27.4660959
            ]
          ]
        ]
      },
      "id": "way/329073899"
    },
    {
      "type": "Feature",
      "properties": {
        "@id": "way/329073901",
        "leisure": "park"
      },
      "geometry": {
        "type": "Polygon",
        "coordinates": [
          [
            [
              -58.9405439,
              -27.517293
            ],
            [
              -58.9404996,
              -27.5172874
            ],
            [
              -58.9404384,
              -27.5172519
            ],
            [
              -58.940449,
              -27.5170423
            ],
            [
              -58.9405228,
              -27.517003
            ],
            [
              -58.9406916,
              -27.5170124
            ],
            [
              -58.9407507,
              -27.517046
            ],
            [
              -58.9407507,
              -27.5171153
            ],
            [
              -58.9405439,
              -27.517293
            ]
          ]
        ]
      },
      "id": "way/329073901"
    },
    {
      "type": "Feature",
      "properties": {
        "@id": "way/333505318",
        "leisure": "park"
      },
      "geometry": {
        "type": "Polygon",
        "coordinates": [
          [
            [
              -58.9614274,
              -27.5060481
            ],
            [
              -58.960976,
              -27.5064732
            ],
            [
              -58.9606472,
              -27.5061986
            ],
            [
              -58.9610986,
              -27.5057734
            ],
            [
              -58.9614274,
              -27.5060481
            ]
          ]
        ]
      },
      "id": "way/333505318"
    },
    {
      "type": "Feature",
      "properties": {
        "@id": "way/334679008",
        "leisure": "park"
      },
      "geometry": {
        "type": "Polygon",
        "coordinates": [
          [
            [
              -58.9452138,
              -27.517406
            ],
            [
              -58.9448758,
              -27.5176954
            ],
            [
              -58.9445352,
              -27.5173826
            ],
            [
              -58.9448732,
              -27.5170931
            ],
            [
              -58.9452138,
              -27.517406
            ]
          ]
        ]
      },
      "id": "way/334679008"
    },
    {
      "type": "Feature",
      "properties": {
        "@id": "way/334679010",
        "leisure": "park"
      },
      "geometry": {
        "type": "Polygon",
        "coordinates": [
          [
            [
              -58.9405451,
              -27.5204495
            ],
            [
              -58.9402907,
              -27.5202144
            ],
            [
              -58.9405117,
              -27.5200468
            ],
            [
              -58.9406953,
              -27.5202049
            ],
            [
              -58.9405451,
              -27.5204495
            ]
          ]
        ]
      },
      "id": "way/334679010"
    },
    {
      "type": "Feature",
      "properties": {
        "@id": "way/334679011",
        "leisure": "park"
      },
      "geometry": {
        "type": "Polygon",
        "coordinates": [
          [
            [
              -58.94448,
              -27.5167987
            ],
            [
              -58.9442182,
              -27.5170211
            ],
            [
              -58.9440511,
              -27.5168664
            ],
            [
              -58.9443129,
              -27.516644
            ],
            [
              -58.94448,
              -27.5167987
            ]
          ]
        ]
      },
      "id": "way/334679011"
    },
    {
      "type": "Feature",
      "properties": {
        "@id": "way/338729949",
        "leisure": "park",
        "name": "Parque Urbano Laguna Prosperidad"
      },
      "geometry": {
        "type": "Polygon",
        "coordinates": [
          [
            [
              -58.9658681,
              -27.4581137
            ],
            [
              -58.966126,
              -27.4582794
            ],
            [
              -58.966375,
              -27.4585714
            ],
            [
              -58.9664239,
              -27.4587095
            ],
            [
              -58.9664639,
              -27.458962
            ],
            [
              -58.9663928,
              -27.4590291
            ],
            [
              -58.9654456,
              -27.4595934
            ],
            [
              -58.9651432,
              -27.4599327
            ],
            [
              -58.9647742,
              -27.4600432
            ],
            [
              -58.9645073,
              -27.4602247
            ],
            [
              -58.9640182,
              -27.4604259
            ],
            [
              -58.9637514,
              -27.460564
            ],
            [
              -58.9635132,
              -27.4606868
            ],
            [
              -58.9633378,
              -27.4611086
            ],
            [
              -58.9631911,
              -27.461152
            ],
            [
              -58.9629999,
              -27.4616057
            ],
            [
              -58.9629412,
              -27.4621418
            ],
            [
              -58.9625366,
              -27.4617564
            ],
            [
              -58.9629776,
              -27.4613769
            ],
            [
              -58.9631265,
              -27.461215
            ],
            [
              -58.9632178,
              -27.4610533
            ],
            [
              -58.9636797,
              -27.4601016
            ],
            [
              -58.9658681,
              -27.4581137
            ]
          ]
        ]
      },
      "id": "way/338729949"
    },
    {
      "type": "Feature",
      "properties": {
        "@id": "way/355445254",
        "leisure": "park",
        "name": "Parque de la Democracia y la Juventud"
      },
      "geometry": {
        "type": "Polygon",
        "coordinates": [
          [
            [
              -58.9680894,
              -27.4343999
            ],
            [
              -58.9659541,
              -27.4324568
            ],
            [
              -58.9664788,
              -27.4319581
            ],
            [
              -58.9666595,
              -27.431871
            ],
            [
              -58.9672429,
              -27.4317289
            ],
            [
              -58.9681155,
              -27.4317381
            ],
            [
              -58.968449,
              -27.4317455
            ],
            [
              -58.9703768,
              -27.4317885
            ],
            [
              -58.9706976,
              -27.4317338
            ],
            [
              -58.9707916,
              -27.4317178
            ],
            [
              -58.9710222,
              -27.4316785
            ],
            [
              -58.972411,
              -27.4310324
            ],
            [
              -58.9728499,
              -27.4314723
            ],
            [
              -58.9733662,
              -27.4318527
            ],
            [
              -58.9737389,
              -27.4322751
            ],
            [
              -58.9739572,
              -27.433077
            ],
            [
              -58.9734155,
              -27.4334254
            ],
            [
              -58.9732351,
              -27.4332119
            ],
            [
              -58.9730671,
              -27.4333444
            ],
            [
              -58.9729779,
              -27.4332377
            ],
            [
              -58.9728104,
              -27.433312
            ],
            [
              -58.969295,
              -27.4334085
            ],
            [
              -58.9680894,
              -27.4343999
            ]
          ]
        ]
      },
      "id": "way/355445254"
    },
    {
      "type": "Feature",
      "properties": {
        "@id": "way/365544352",
        "leisure": "park"
      },
      "geometry": {
        "type": "Polygon",
        "coordinates": [
          [
            [
              -59.0240425,
              -27.4461371
            ],
            [
              -59.0234072,
              -27.4455673
            ],
            [
              -59.0227995,
              -27.4450223
            ],
            [
              -59.0228376,
              -27.4449617
            ],
            [
              -59.0228851,
              -27.444901
            ],
            [
              -59.0229357,
              -27.4448561
            ],
            [
              -59.0229952,
              -27.4448131
            ],
            [
              -59.0230808,
              -27.444761
            ],
            [
              -59.023176,
              -27.4447117
            ],
            [
              -59.0233121,
              -27.4446556
            ],
            [
              -59.0234886,
              -27.4445887
            ],
            [
              -59.0245019,
              -27.4443879
            ],
            [
              -59.0246084,
              -27.4444085
            ],
            [
              -59.0246539,
              -27.4445072
            ],
            [
              -59.0246518,
              -27.4445573
            ],
            [
              -59.0246337,
              -27.4446087
            ],
            [
              -59.0245974,
              -27.4446975
            ],
            [
              -59.0245633,
              -27.4448013
            ],
            [
              -59.0245396,
              -27.4449326
            ],
            [
              -59.0244502,
              -27.4455453
            ],
            [
              -59.0244247,
              -27.4456648
            ],
            [
              -59.0243943,
              -27.4457702
            ],
            [
              -59.0243432,
              -27.4458791
            ],
            [
              -59.0242974,
              -27.4459542
            ],
            [
              -59.0242325,
              -27.4460266
            ],
            [
              -59.0241601,
              -27.4460806
            ],
            [
              -59.0240425,
              -27.4461371
            ]
          ]
        ]
      },
      "id": "way/365544352"
    },
    {
      "type": "Feature",
      "properties": {
        "@id": "way/387562793",
        "landuse": "recreation_ground",
        "name": "Camping UPCP"
      },
      "geometry": {
        "type": "Polygon",
        "coordinates": [
          [
            [
              -59.0146544,
              -27.4014211
            ],
            [
              -59.0168252,
              -27.4034677
            ],
            [
              -59.0163848,
              -27.403447
            ],
            [
              -59.0162426,
              -27.4034482
            ],
            [
              -59.0161367,
              -27.4034529
            ],
            [
              -59.0160522,
              -27.4034708
            ],
            [
              -59.0159586,
              -27.4034997
            ],
            [
              -59.0142443,
              -27.4017865
            ],
            [
              -59.0145422,
              -27.4015207
            ],
            [
              -59.0146544,
              -27.4014211
            ]
          ]
        ]
      },
      "id": "way/387562793"
    },
    {
      "type": "Feature",
      "properties": {
        "@id": "way/519742258",
        "leisure": "park",
        "lit": "yes",
        "name": "Plaza Paseo Sur",
        "start_date": "2017-07"
      },
      "geometry": {
        "type": "Polygon",
        "coordinates": [
          [
            [
              -59.00652,
              -27.4614451
            ],
            [
              -59.0057985,
              -27.4620928
            ],
            [
              -59.005256,
              -27.46161
            ],
            [
              -59.0060127,
              -27.4609638
            ],
            [
              -59.00652,
              -27.4614451
            ]
          ]
        ]
      },
      "id": "way/519742258"
    },
    {
      "type": "Feature",
      "properties": {
        "@id": "way/536058712",
        "leisure": "park"
      },
      "geometry": {
        "type": "Polygon",
        "coordinates": [
          [
            [
              -58.9852429,
              -27.4686834
            ],
            [
              -58.985254,
              -27.4686504
            ],
            [
              -58.9867491,
              -27.4688413
            ],
            [
              -58.986847,
              -27.4688377
            ],
            [
              -58.9868533,
              -27.4688673
            ],
            [
              -58.9867528,
              -27.4688698
            ],
            [
              -58.9852429,
              -27.4686834
            ]
          ]
        ]
      },
      "id": "way/536058712"
    },
    {
      "type": "Feature",
      "properties": {
        "@id": "way/536058714",
        "leisure": "park"
      },
      "geometry": {
        "type": "Polygon",
        "coordinates": [
          [
            [
              -58.9826785,
              -27.467418
            ],
            [
              -58.9833275,
              -27.467997
            ],
            [
              -58.9832958,
              -27.4680222
            ],
            [
              -58.9826458,
              -27.4674467
            ],
            [
              -58.9826785,
              -27.467418
            ]
          ]
        ]
      },
      "id": "way/536058714"
    },
    {
      "type": "Feature",
      "properties": {
        "@id": "way/536059121",
        "leisure": "park"
      },
      "geometry": {
        "type": "Polygon",
        "coordinates": [
          [
            [
              -58.9839632,
              -27.468492
            ],
            [
              -58.9843957,
              -27.4685458
            ],
            [
              -58.9843809,
              -27.4685734
            ],
            [
              -58.9839514,
              -27.4685214
            ],
            [
              -58.9839632,
              -27.468492
            ]
          ]
        ]
      },
      "id": "way/536059121"
    },
    {
      "type": "Feature",
      "properties": {
        "@id": "way/536059122",
        "leisure": "park"
      },
      "geometry": {
        "type": "Polygon",
        "coordinates": [
          [
            [
              -58.9834982,
              -27.4681604
            ],
            [
              -58.9838566,
              -27.4684681
            ],
            [
              -58.9838361,
              -27.468487
            ],
            [
              -58.9834707,
              -27.4681883
            ],
            [
              -58.9834982,
              -27.4681604
            ]
          ]
        ]
      },
      "id": "way/536059122"
    },
    {
      "type": "Feature",
      "properties": {
        "@id": "way/536060328",
        "leisure": "park"
      },
      "geometry": {
        "type": "Polygon",
        "coordinates": [
          [
            [
              -58.9844937,
              -27.4685926
            ],
            [
              -58.9844967,
              -27.4685578
            ],
            [
              -58.9850299,
              -27.468619
            ],
            [
              -58.9850399,
              -27.4686513
            ],
            [
              -58.9844937,
              -27.4685926
            ]
          ]
        ]
      },
      "id": "way/536060328"
    },
    {
      "type": "Feature",
      "properties": {
        "@id": "way/576735642",
        "leisure": "park",
        "name": "Marisol"
      },
      "geometry": {
        "type": "Polygon",
        "coordinates": [
          [
            [
              -58.8682494,
              -27.4608964
            ],
            [
              -58.868038,
              -27.4609307
            ],
            [
              -58.8682099,
              -27.4608032
            ],
            [
              -58.8682494,
              -27.4608964
            ]
          ]
        ]
      },
      "id": "way/576735642"
    },
    {
      "type": "Feature",
      "properties": {
        "@id": "way/598158000",
        "leisure": "park",
        "name": "Espacio verde"
      },
      "geometry": {
        "type": "Polygon",
        "coordinates": [
          [
            [
              -59.0080609,
              -27.4478359
            ],
            [
              -59.007949,
              -27.4477425
            ],
            [
              -59.0080789,
              -27.4476199
            ],
            [
              -59.0081908,
              -27.4477133
            ],
            [
              -59.0080609,
              -27.4478359
            ]
          ]
        ]
      },
      "id": "way/598158000"
    },
    {
      "type": "Feature",
      "properties": {
        "@id": "way/625052877",
        "leisure": "park"
      },
      "geometry": {
        "type": "Polygon",
        "coordinates": [
          [
            [
              -58.955722,
              -27.4116715
            ],
            [
              -58.9553793,
              -27.4119816
            ],
            [
              -58.9550259,
              -27.4116738
            ],
            [
              -58.9553685,
              -27.4113637
            ],
            [
              -58.955722,
              -27.4116715
            ]
          ]
        ]
      },
      "id": "way/625052877"
    },
    {
      "type": "Feature",
      "properties": {
        "@id": "way/651859237",
        "leisure": "park",
        "name": "Plazoleta República de Grecia"
      },
      "geometry": {
        "type": "Polygon",
        "coordinates": [
          [
            [
              -58.963042,
              -27.4362812
            ],
            [
              -58.9626331,
              -27.4359203
            ],
            [
              -58.9631059,
              -27.4354983
            ],
            [
              -58.9635148,
              -27.4358592
            ],
            [
              -58.963042,
              -27.4362812
            ]
          ]
        ]
      },
      "id": "way/651859237"
    },
    {
      "type": "Feature",
      "properties": {
        "@id": "way/683463947",
        "addr:city": "Resistencia",
        "addr:postcode": "3500",
        "addr:street": "Fortín Las Chuñas",
        "leisure": "park",
        "name": "Corredor Recreativo 17 de Octubre"
      },
      "geometry": {
        "type": "Polygon",
        "coordinates": [
          [
            [
              -58.9777433,
              -27.4853152
            ],
            [
              -58.9778515,
              -27.485419
            ],
            [
              -58.977893,
              -27.4854561
            ],
            [
              -58.9780158,
              -27.4855679
            ],
            [
              -58.9779629,
              -27.4856143
            ],
            [
              -58.97769,
              -27.485363
            ],
            [
              -58.9777433,
              -27.4853152
            ]
          ]
        ]
      },
      "id": "way/683463947"
    },
    {
      "type": "Feature",
      "properties": {
        "@id": "way/683463970",
        "addr:city": "Resistencia",
        "addr:postcode": "3500",
        "addr:street": "Fortín Las Chuñas",
        "leisure": "park",
        "name": "Segundo Corredor Recreativo 17 de Octubre"
      },
      "geometry": {
        "type": "Polygon",
        "coordinates": [
          [
            [
              -58.9794023,
              -27.4843501
            ],
            [
              -58.9793331,
              -27.4844044
            ],
            [
              -58.9790238,
              -27.4841229
            ],
            [
              -58.9790892,
              -27.4840649
            ],
            [
              -58.9792538,
              -27.4842164
            ],
            [
              -58.9794023,
              -27.4843501
            ]
          ]
        ]
      },
      "id": "way/683463970"
    },
    {
      "type": "Feature",
      "properties": {
        "@id": "way/683617787",
        "addr:city": "Resistencia",
        "addr:postcode": "3500",
        "addr:street": "José Mármol",
        "leisure": "park",
        "name": "Espacio Recreativo La Rubita"
      },
      "geometry": {
        "type": "Polygon",
        "coordinates": [
          [
            [
              -58.9687823,
              -27.4843942
            ],
            [
              -58.9685452,
              -27.484592
            ],
            [
              -58.9684603,
              -27.4845135
            ],
            [
              -58.9686974,
              -27.4843189
            ],
            [
              -58.9687823,
              -27.4843942
            ]
          ]
        ]
      },
      "id": "way/683617787"
    },
    {
      "type": "Feature",
      "properties": {
        "@id": "way/683617788",
        "addr:city": "Resistencia",
        "addr:postcode": "3500",
        "addr:street": "Carlos Dodero",
        "leisure": "park",
        "name": "ESpacio verde recreativo"
      },
      "geometry": {
        "type": "Polygon",
        "coordinates": [
          [
            [
              -58.9698328,
              -27.4848836
            ],
            [
              -58.9696803,
              -27.4850111
            ],
            [
              -58.9694973,
              -27.4848643
            ],
            [
              -58.9696454,
              -27.4847328
            ],
            [
              -58.9698328,
              -27.4848836
            ]
          ]
        ]
      },
      "id": "way/683617788"
    },
    {
      "type": "Feature",
      "properties": {
        "@id": "way/683617789",
        "addr:city": "Resistencia",
        "addr:postcode": "3500",
        "addr:street": "Avenida Arribálzaga",
        "leisure": "park"
      },
      "geometry": {
        "type": "Polygon",
        "coordinates": [
          [
            [
              -58.9720941,
              -27.48967
            ],
            [
              -58.9726951,
              -27.4901973
            ],
            [
              -58.9723715,
              -27.4904609
            ],
            [
              -58.9717771,
              -27.4899395
            ],
            [
              -58.9720941,
              -27.48967
            ]
          ]
        ]
      },
      "id": "way/683617789"
    },
    {
      "type": "Feature",
      "properties": {
        "@id": "way/683617790",
        "addr:city": "Resistencia",
        "addr:postcode": "3500",
        "addr:street": "Fortín Piris",
        "leisure": "park",
        "name": "PLazoleta Hipólito Irigoyen Este"
      },
      "geometry": {
        "type": "Polygon",
        "coordinates": [
          [
            [
              -58.9791885,
              -27.4858999
            ],
            [
              -58.9789862,
              -27.4860789
            ],
            [
              -58.9787978,
              -27.4859114
            ],
            [
              -58.9784491,
              -27.4862198
            ],
            [
              -58.9783941,
              -27.4861708
            ],
            [
              -58.978945,
              -27.4856834
            ],
            [
              -58.9791885,
              -27.4858999
            ]
          ]
        ]
      },
      "id": "way/683617790"
    },
    {
      "type": "Feature",
      "properties": {
        "@id": "way/683623120",
        "leisure": "park"
      },
      "geometry": {
        "type": "Polygon",
        "coordinates": [
          [
            [
              -58.9735905,
              -27.4898703
            ],
            [
              -58.9732237,
              -27.4901957
            ],
            [
              -58.9733039,
              -27.4898169
            ],
            [
              -58.9735905,
              -27.4898703
            ]
          ]
        ]
      },
      "id": "way/683623120"
    },
    {
      "type": "Feature",
      "properties": {
        "@id": "way/839539167",
        "leisure": "park",
        "name": "Plaza Don Ramón"
      },
      "geometry": {
        "type": "Polygon",
        "coordinates": [
          [
            [
              -59.0541848,
              -27.4080828
            ],
            [
              -59.053645,
              -27.4085843
            ],
            [
              -59.0533416,
              -27.4083197
            ],
            [
              -59.0538673,
              -27.4078149
            ],
            [
              -59.0541848,
              -27.4080828
            ]
          ]
        ]
      },
      "id": "way/839539167"
    },
    {
      "type": "Feature",
      "properties": {
        "@id": "way/839539779",
        "leisure": "park",
        "name": "Parque Isabel Cena"
      },
      "geometry": {
        "type": "Polygon",
        "coordinates": [
          [
            [
              -59.0543764,
              -27.4077274
            ],
            [
              -59.0538365,
              -27.4077188
            ],
            [
              -59.0535894,
              -27.4076708
            ],
            [
              -59.0533215,
              -27.4076188
            ],
            [
              -59.0531319,
              -27.4077907
            ],
            [
              -59.0526604,
              -27.4074244
            ],
            [
              -59.0524941,
              -27.4074006
            ],
            [
              -59.0522366,
              -27.4073006
            ],
            [
              -59.0518718,
              -27.407191
            ],
            [
              -59.051591,
              -27.4070657
            ],
            [
              -59.0516097,
              -27.4069196
            ],
            [
              -59.0516449,
              -27.4066458
            ],
            [
              -59.0516623,
              -27.4065581
            ],
            [
              -59.0522674,
              -27.4067473
            ],
            [
              -59.0526825,
              -27.4068941
            ],
            [
              -59.0532464,
              -27.4071497
            ],
            [
              -59.0538391,
              -27.4074355
            ],
            [
              -59.0543729,
              -27.4076164
            ],
            [
              -59.054625,
              -27.4076545
            ],
            [
              -59.0543764,
              -27.4077274
            ]
          ]
        ]
      },
      "id": "way/839539779"
    },
    {
      "type": "Feature",
      "properties": {
        "@id": "way/924565545",
        "leisure": "park",
        "name": "Plaza Nuestra Señora de Fátima"
      },
      "geometry": {
        "type": "Polygon",
        "coordinates": [
          [
            [
              -58.9657326,
              -27.4056765
            ],
            [
              -58.965137,
              -27.4062106
            ],
            [
              -58.9648496,
              -27.4059422
            ],
            [
              -58.9654331,
              -27.4054152
            ],
            [
              -58.9657326,
              -27.4056765
            ]
          ]
        ]
      },
      "id": "way/924565545"
    },
    {
      "type": "Feature",
      "properties": {
        "@id": "way/969812888",
        "addr:city": "Puerto Tirol",
        "addr:postcode": "3505",
        "addr:street": "Avenida San Martin",
        "leisure": "park",
        "name": "Espacio Publico",
        "operator": "Municipalidad de Puerto Tirol"
      },
      "geometry": {
        "type": "Polygon",
        "coordinates": [
          [
            [
              -59.0447624,
              -27.3815739
            ],
            [
              -59.0440144,
              -27.3822381
            ],
            [
              -59.0439062,
              -27.3823342
            ],
            [
              -59.0430266,
              -27.3815434
            ],
            [
              -59.0438774,
              -27.3807942
            ],
            [
              -59.0447624,
              -27.3815739
            ]
          ]
        ]
      },
      "id": "way/969812888"
    },
    {
      "type": "Feature",
      "properties": {
        "@id": "way/970061234",
        "addr:city": "Puerto Tirol",
        "addr:postcode": "3505",
        "addr:street": "Candido Carrio",
        "leisure": "park",
        "name": "Espacio Publico",
        "operator": "Municipalidad de Puerto Tirol"
      },
      "geometry": {
        "type": "Polygon",
        "coordinates": [
          [
            [
              -59.0458653,
              -27.3805278
            ],
            [
              -59.045501,
              -27.3808637
            ],
            [
              -59.0451228,
              -27.3805361
            ],
            [
              -59.045501,
              -27.3802044
            ],
            [
              -59.0458653,
              -27.3805278
            ]
          ]
        ]
      },
      "id": "way/970061234"
    },
    {
      "type": "Feature",
      "properties": {
        "@id": "way/970063863",
        "addr:city": "Puerto Tirol",
        "addr:postcode": "3505",
        "addr:street": "Candido Carrio",
        "leisure": "park",
        "name": "Espacio Publico",
        "operator": "Municipalidad de Puerto Tirol"
      },
      "geometry": {
        "type": "Polygon",
        "coordinates": [
          [
            [
              -59.0462378,
              -27.3801613
            ],
            [
              -59.0459133,
              -27.3804599
            ],
            [
              -59.0455654,
              -27.3801696
            ],
            [
              -59.0459133,
              -27.3798689
            ],
            [
              -59.0462378,
              -27.3801613
            ]
          ]
        ]
      },
      "id": "way/970063863"
    },
    {
      "type": "Feature",
      "properties": {
        "@id": "way/1049085262",
        "leisure": "park"
      },
      "geometry": {
        "type": "Polygon",
        "coordinates": [
          [
            [
              -59.0244241,
              -27.4239117
            ],
            [
              -59.024033,
              -27.4235803
            ],
            [
              -59.0248151,
              -27.4228876
            ],
            [
              -59.0251832,
              -27.4232222
            ],
            [
              -59.0244241,
              -27.4239117
            ]
          ]
        ]
      },
      "id": "way/1049085262"
    },
    {
      "type": "Feature",
      "properties": {
        "@id": "way/1049204025",
        "leisure": "park"
      },
      "geometry": {
        "type": "Polygon",
        "coordinates": [
          [
            [
              -59.0235938,
              -27.4419952
            ],
            [
              -59.0233429,
              -27.4422166
            ],
            [
              -59.0230974,
              -27.4419975
            ],
            [
              -59.0233483,
              -27.4417761
            ],
            [
              -59.0235938,
              -27.4419952
            ]
          ]
        ]
      },
      "id": "way/1049204025"
    },
    {
      "type": "Feature",
      "properties": {
        "@id": "way/1049496818",
        "leisure": "park"
      },
      "geometry": {
        "type": "Polygon",
        "coordinates": [
          [
            [
              -58.9737783,
              -27.4080473
            ],
            [
              -58.9743996,
              -27.4074824
            ],
            [
              -58.974665,
              -27.4077126
            ],
            [
              -58.974671,
              -27.4077581
            ],
            [
              -58.974098,
              -27.4082535
            ],
            [
              -58.9740317,
              -27.4082695
            ],
            [
              -58.9737783,
              -27.4080473
            ]
          ]
        ]
      },
      "id": "way/1049496818"
    },
    {
      "type": "Feature",
      "properties": {
        "@id": "way/1049496820",
        "leisure": "park"
      },
      "geometry": {
        "type": "Polygon",
        "coordinates": [
          [
            [
              -58.955041,
              -27.4188059
            ],
            [
              -58.9550445,
              -27.4192487
            ],
            [
              -58.9550064,
              -27.4192979
            ],
            [
              -58.9545006,
              -27.4193041
            ],
            [
              -58.9544625,
              -27.419261
            ],
            [
              -58.9544382,
              -27.4188551
            ],
            [
              -58.9549752,
              -27.4187721
            ],
            [
              -58.955041,
              -27.4188059
            ]
          ]
        ]
      },
      "id": "way/1049496820"
    },
    {
      "type": "Feature",
      "properties": {
        "@id": "way/1068348444",
        "leisure": "park"
      },
      "geometry": {
        "type": "Polygon",
        "coordinates": [
          [
            [
              -58.9622683,
              -27.4398984
            ],
            [
              -58.9621596,
              -27.4400477
            ],
            [
              -58.9619437,
              -27.4398655
            ],
            [
              -58.9618269,
              -27.4399
            ],
            [
              -58.9616145,
              -27.4400194
            ],
            [
              -58.9616181,
              -27.4401136
            ],
            [
              -58.961434,
              -27.4402236
            ],
            [
              -58.9611544,
              -27.4404874
            ],
            [
              -58.9609527,
              -27.4403649
            ],
            [
              -58.9607297,
              -27.4401827
            ],
            [
              -58.960528,
              -27.440032
            ],
            [
              -58.9603829,
              -27.4399157
            ],
            [
              -58.9602236,
              -27.4400351
            ],
            [
              -58.960075,
              -27.4400162
            ],
            [
              -58.9595016,
              -27.4394917
            ],
            [
              -58.959537,
              -27.4394666
            ],
            [
              -58.9596715,
              -27.4395702
            ],
            [
              -58.9598095,
              -27.4396707
            ],
            [
              -58.9600856,
              -27.4397995
            ],
            [
              -58.9603121,
              -27.4397712
            ],
            [
              -58.9605563,
              -27.4397838
            ],
            [
              -58.960843,
              -27.4398372
            ],
            [
              -58.9610235,
              -27.4398718
            ],
            [
              -58.9612252,
              -27.4400571
            ],
            [
              -58.9615225,
              -27.4399691
            ],
            [
              -58.9616252,
              -27.4398529
            ],
            [
              -58.9617384,
              -27.4397901
            ],
            [
              -58.961834,
              -27.4397775
            ],
            [
              -58.9622683,
              -27.4398984
            ]
          ]
        ]
      },
      "id": "way/1068348444"
    },
    {
      "type": "Feature",
      "properties": {
        "@id": "way/1111600036",
        "leisure": "park"
      },
      "geometry": {
        "type": "Polygon",
        "coordinates": [
          [
            [
              -58.9632634,
              -27.4959757
            ],
            [
              -58.9633264,
              -27.4959798
            ],
            [
              -58.9638051,
              -27.4964313
            ],
            [
              -58.9638098,
              -27.4964935
            ],
            [
              -58.9627217,
              -27.4973945
            ],
            [
              -58.9626213,
              -27.49738
            ],
            [
              -58.9621846,
              -27.4969947
            ],
            [
              -58.9621893,
              -27.4969305
            ],
            [
              -58.9632634,
              -27.4959757
            ]
          ]
        ]
      },
      "id": "way/1111600036"
    },
    {
      "type": "Feature",
      "properties": {
        "@id": "way/1212411033",
        "leisure": "park"
      },
      "geometry": {
        "type": "Polygon",
        "coordinates": [
          [
            [
              -58.9538749,
              -27.4098008
            ],
            [
              -58.9541513,
              -27.4101653
            ],
            [
              -58.9541798,
              -27.410288
            ],
            [
              -58.9541839,
              -27.4103566
            ],
            [
              -58.9540782,
              -27.410602
            ],
            [
              -58.9534968,
              -27.4100895
            ],
            [
              -58.953509,
              -27.4100209
            ],
            [
              -58.9536106,
              -27.4098874
            ],
            [
              -58.9536879,
              -27.4098296
            ],
            [
              -58.9537692,
              -27.4097972
            ],
            [
              -58.9538749,
              -27.4098008
            ]
          ]
        ]
      },
      "id": "way/1212411033"
    },
    {
      "type": "Feature",
      "properties": {
        "@id": "way/1238829486",
        "leisure": "park"
      },
      "geometry": {
        "type": "Polygon",
        "coordinates": [
          [
            [
              -59.0072077,
              -27.4343378
            ],
            [
              -59.007173,
              -27.434375
            ],
            [
              -59.0069206,
              -27.4344185
            ],
            [
              -59.0069114,
              -27.4343823
            ],
            [
              -59.0069257,
              -27.4343469
            ],
            [
              -59.0069757,
              -27.434307
            ],
            [
              -59.0071065,
              -27.434268
            ],
            [
              -59.0071658,
              -27.4342743
            ],
            [
              -59.0072077,
              -27.4343378
            ]
          ]
        ]
      },
      "id": "way/1238829486"
    },
    {
      "type": "Feature",
      "properties": {
        "@id": "way/1239104784",
        "leisure": "park"
      },
      "geometry": {
        "type": "Polygon",
        "coordinates": [
          [
            [
              -59.030283,
              -27.442544
            ],
            [
              -59.0300775,
              -27.4423702
            ],
            [
              -59.0305277,
              -27.4422295
            ],
            [
              -59.0306099,
              -27.4422139
            ],
            [
              -59.0306628,
              -27.4422295
            ],
            [
              -59.030283,
              -27.442544
            ]
          ]
        ]
      },
      "id": "way/1239104784"
    },
    {
      "type": "Feature",
      "properties": {
        "@id": "way/1255998937",
        "leisure": "park"
      },
      "geometry": {
        "type": "Polygon",
        "coordinates": [
          [
            [
              -59.0126558,
              -27.4688087
            ],
            [
              -59.0122171,
              -27.4691962
            ],
            [
              -59.0120734,
              -27.4690682
            ],
            [
              -59.0121577,
              -27.4689937
            ],
            [
              -59.0119981,
              -27.4688514
            ],
            [
              -59.0123526,
              -27.4685384
            ],
            [
              -59.0126558,
              -27.4688087
            ]
          ]
        ]
      },
      "id": "way/1255998937"
    },
    {
      "type": "Feature",
      "properties": {
        "@id": "way/1257453042",
        "leisure": "park"
      },
      "geometry": {
        "type": "Polygon",
        "coordinates": [
          [
            [
              -58.9504054,
              -27.4615953
            ],
            [
              -58.9504332,
              -27.461626
            ],
            [
              -58.9505773,
              -27.4615037
            ],
            [
              -58.9507625,
              -27.4616662
            ],
            [
              -58.9505176,
              -27.4618871
            ],
            [
              -58.9503509,
              -27.4617702
            ],
            [
              -58.9502192,
              -27.4618816
            ],
            [
              -58.9501543,
              -27.4617947
            ],
            [
              -58.9501301,
              -27.4616261
            ],
            [
              -58.9504054,
              -27.4615953
            ]
          ]
        ]
      },
      "id": "way/1257453042"
    },
    {
      "type": "Feature",
      "properties": {
        "@id": "way/1258736505",
        "leisure": "park"
      },
      "geometry": {
        "type": "Polygon",
        "coordinates": [
          [
            [
              -58.9361154,
              -27.4830653
            ],
            [
              -58.9355814,
              -27.4834275
            ],
            [
              -58.9360441,
              -27.4830004
            ],
            [
              -58.9361154,
              -27.4830653
            ]
          ]
        ]
      },
      "id": "way/1258736505"
    },
    {
      "type": "Feature",
      "properties": {
        "@id": "way/1258887687",
        "landuse": "grass",
        "leisure": "park"
      },
      "geometry": {
        "type": "Polygon",
        "coordinates": [
          [
            [
              -58.9829432,
              -27.486346
            ],
            [
              -58.9829993,
              -27.4864006
            ],
            [
              -58.9829794,
              -27.4864166
            ],
            [
              -58.9829234,
              -27.486362
            ],
            [
              -58.9829432,
              -27.486346
            ]
          ]
        ]
      },
      "id": "way/1258887687"
    },
    {
      "type": "Feature",
      "properties": {
        "@id": "way/1260592187",
        "leisure": "park"
      },
      "geometry": {
        "type": "Polygon",
        "coordinates": [
          [
            [
              -58.9600107,
              -27.4965727
            ],
            [
              -58.9598314,
              -27.4967297
            ],
            [
              -58.9597973,
              -27.496699
            ],
            [
              -58.9599766,
              -27.496542
            ],
            [
              -58.9600107,
              -27.4965727
            ]
          ]
        ]
      },
      "id": "way/1260592187"
    },
    {
      "type": "Feature",
      "properties": {
        "@id": "way/1314686204",
        "leisure": "park"
      },
      "geometry": {
        "type": "Polygon",
        "coordinates": [
          [
            [
              -58.9782119,
              -27.4513228
            ],
            [
              -58.9781247,
              -27.451246
            ],
            [
              -58.9782363,
              -27.4511466
            ],
            [
              -58.9783258,
              -27.4512197
            ],
            [
              -58.9782119,
              -27.4513228
            ]
          ]
        ]
      },
      "id": "way/1314686204"
    },
    {
      "type": "Feature",
      "properties": {
        "@id": "way/1322886463",
        "leisure": "park",
        "name": "Plazoleta Paykín"
      },
      "geometry": {
        "type": "Polygon",
        "coordinates": [
          [
            [
              -58.9768981,
              -27.4417854
            ],
            [
              -58.9766871,
              -27.4419711
            ],
            [
              -58.9765764,
              -27.4420661
            ],
            [
              -58.9760031,
              -27.4415465
            ],
            [
              -58.9760511,
              -27.4415048
            ],
            [
              -58.976138,
              -27.4414293
            ],
            [
              -58.9762188,
              -27.4415025
            ],
            [
              -58.9763167,
              -27.4415912
            ],
            [
              -58.9765041,
              -27.4414284
            ],
            [
              -58.9768981,
              -27.4417854
            ]
          ]
        ]
      },
      "id": "way/1322886463"
    },
    {
      "type": "Feature",
      "properties": {
        "@id": "way/1382333880",
        "leisure": "park",
        "name": "Plazoleta La Alegría"
      },
      "geometry": {
        "type": "Polygon",
        "coordinates": [
          [
            [
              -58.9657554,
              -27.4066933
            ],
            [
              -58.9654317,
              -27.4064092
            ],
            [
              -58.9658225,
              -27.4060584
            ],
            [
              -58.9661461,
              -27.4063425
            ],
            [
              -58.9657554,
              -27.4066933
            ]
          ]
        ]
      },
      "id": "way/1382333880"
    },
    {
      "type": "Feature",
      "properties": {
        "@id": "node/6403100586",
        "leisure": "park"
      },
      "geometry": {
        "type": "Point",
        "coordinates": [
          -58.9773437,
          -27.4897951
        ]
      },
      "id": "node/6403100586"
    }
  ]
}